,Latency,PWM Value,Angle
0,0.0,0.0,0.0
1,0.0006799697875976562,0.0,0.0
2,0.0014209747314453125,0.0,0.0
3,0.0010128021240234375,0.0,0.0
4,0.0007078647613525391,0.0,0.0
5,0.001239776611328125,0.0,0.0
6,0.0007774829864501953,0.0,0.0
7,0.0007507801055908203,0.0,0.0
8,0.0011708736419677734,0.0,0.0
9,0.0005133152008056641,0.0,0.0
10,0.0023038387298583984,0.0,0.0
11,0.00042557716369628906,0.0,0.0
12,0.00041961669921875,0.0,0.0
13,0.0005247592926025391,0.0,0.0
14,0.0009179115295410156,0.0,0.0
15,0.0005905628204345703,0.0,0.0
16,0.0014934539794921875,0.0,0.0
17,0.00044989585876464844,0.0,0.0
18,0.00044417381286621094,0.0,0.0
19,0.00044989585876464844,0.0,0.0
20,0.00015926361083984375,0.0,0.0
21,0.00016164779663085938,0.0,0.0
22,0.00028252601623535156,0.0,0.0
23,0.0001461505889892578,0.0,0.0
24,0.00014472007751464844,0.0,0.0
25,0.00035452842712402344,0.0,0.0
26,0.0002052783966064453,0.0,0.0
27,0.00014495849609375,0.0,0.0
28,0.0001838207244873047,0.0,0.0
29,0.0002834796905517578,0.0,0.0
30,0.0002033710479736328,0.0,0.0
31,0.00032806396484375,0.0,0.0
32,0.00026988983154296875,0.0,0.0
33,0.0004413127899169922,0.0,0.0
34,0.0002110004425048828,0.0,0.0
35,0.00029277801513671875,0.0,0.0
36,0.0001671314239501953,0.0,0.0
37,0.0001456737518310547,0.0,0.0
38,0.0001571178436279297,0.0,0.0
39,0.0002963542938232422,0.0,0.0
40,0.0002295970916748047,0.0,0.0
41,0.00014400482177734375,0.0,0.0
42,0.0004394054412841797,0.0,0.0
43,0.0005002021789550781,0.0,0.0
44,0.0004432201385498047,0.0,0.0
45,0.00034332275390625,0.0,0.0
46,0.00035500526428222656,0.0,0.0
47,0.00021457672119140625,0.0,0.0
48,0.0002892017364501953,0.0,0.0
49,0.0003535747528076172,0.0,0.0
50,0.0002052783966064453,0.0,0.0
51,0.0002052783966064453,0.0,0.0
52,0.0004584789276123047,0.0,0.0
53,0.00044465065002441406,0.0,0.0
54,0.00047087669372558594,0.0,0.0
55,0.00042176246643066406,0.0,0.0
56,0.00021600723266601562,0.0,0.0
57,0.0004513263702392578,0.0,0.0
58,0.0004329681396484375,0.0,0.0
59,0.0002772808074951172,0.0,0.0
60,0.00019311904907226562,0.0,0.0
61,0.0003199577331542969,0.0,0.0
62,0.0004642009735107422,0.0,0.0
63,0.00029397010803222656,0.0,0.0
64,0.00025343894958496094,0.0,0.0
65,0.0002961158752441406,0.0,0.0
66,0.0003497600555419922,0.0,0.0
67,0.0004584789276123047,0.0,0.0
68,0.0005762577056884766,0.0,0.0
69,0.00045561790466308594,0.0,0.0
70,0.0004470348358154297,0.0,0.0
71,0.0002701282501220703,0.0,0.0
72,0.00042366981506347656,0.0,0.0
73,0.0004494190216064453,0.0,0.0
74,0.0004761219024658203,0.0,0.0
75,0.00043463706970214844,0.0,0.0
76,0.00023603439331054688,0.0,0.0
77,0.0005011558532714844,0.0,0.0
78,0.0004754066467285156,0.0,0.0
79,0.0004718303680419922,0.0,0.0
80,0.0002880096435546875,0.0,0.0
81,0.0005102157592773438,0.0,0.0
82,0.00045871734619140625,0.0,0.0
83,0.0004527568817138672,0.0,0.0
84,0.00045561790466308594,0.0,0.0
85,0.0003235340118408203,0.0,0.0
86,0.00036835670471191406,0.0,0.0
87,0.0004982948303222656,0.0,0.0
88,0.00046372413635253906,0.0,0.0
89,0.0004703998565673828,0.0,0.0
90,0.00025153160095214844,0.0,0.0
91,0.00045609474182128906,0.0,0.0
92,0.0004680156707763672,0.0,0.0
93,0.00043892860412597656,0.0,0.0
94,0.0005118846893310547,0.0,0.0
95,0.00018835067749023438,0.0,0.0
96,0.00014209747314453125,0.0,0.0
97,0.00017976760864257812,0.0,0.0
98,0.00015664100646972656,0.0,0.0
99,0.0002143383026123047,0.0,0.0
100,0.00014781951904296875,0.0,0.0
101,0.00046563148498535156,0.0,0.0
102,0.00021123886108398438,0.0,0.0
103,0.0002658367156982422,0.0,0.0
104,0.0002815723419189453,0.0,0.0
105,0.0003066062927246094,0.0,0.0
106,0.0002562999725341797,0.0,0.0
107,0.00014495849609375,0.0,0.0
108,0.0002894401550292969,0.0,0.0
109,0.00031185150146484375,0.0,0.0
110,0.00015211105346679688,0.0,0.0
111,0.0001766681671142578,0.0,0.0
112,0.0001633167266845703,0.0,0.0
113,0.00018906593322753906,0.0,0.0
114,0.00018739700317382812,0.0,0.0
115,0.0001761913299560547,0.0,0.0
116,0.00018668174743652344,0.0,0.0
117,0.00018525123596191406,0.0,0.0
118,0.00023889541625976562,0.0,0.0
119,0.00032639503479003906,0.0,0.0
120,0.0001857280731201172,0.0,0.0
121,0.0004999637603759766,0.0,0.0
122,0.0002884864807128906,0.0,0.0
123,0.00027823448181152344,0.0,0.0
124,0.00023984909057617188,0.0,0.0
125,0.0003383159637451172,0.0,0.0
126,0.0003402233123779297,0.0,0.0
127,0.00011730194091796875,0.0,0.0
128,0.0005474090576171875,0.0,0.0
129,0.000438690185546875,0.0,0.0
130,0.0004279613494873047,0.0,0.0
131,0.00047469139099121094,0.0,0.0
132,0.0004646778106689453,0.0,0.0
133,0.0004646778106689453,0.0,0.0
134,0.0009341239929199219,0.0,0.0
135,0.00043392181396484375,0.002,0.0
136,0.0004432201385498047,0.002,0.0
137,0.0004425048828125,0.002,0.0
138,0.0003561973571777344,0.002,0.0
139,0.0006945133209228516,0.002,0.0
140,0.0004391670227050781,0.004,0.0
141,0.0004687309265136719,0.004,0.0
142,0.0004916191101074219,0.009000000000000001,0.0
143,0.0004627704620361328,0.009000000000000001,0.0
144,0.00046515464782714844,0.011,0.0
145,0.0004444122314453125,0.011,0.0
146,0.0004515647888183594,0.011,0.0
147,0.00032520294189453125,0.011,0.0
148,0.00037670135498046875,0.013,0.0
149,0.0004911422729492188,0.015,0.0
150,0.0004918575286865234,0.015,0.0
151,0.00036716461181640625,0.015,0.0
152,0.0001518726348876953,0.015,0.0
153,0.0006017684936523438,0.015,0.0
154,0.0005056858062744141,0.015,0.0
155,0.00033354759216308594,0.015,0.0
156,0.0004634857177734375,0.017,0.0
157,0.00046706199645996094,0.017,0.0
158,0.00014543533325195312,0.017,0.0
159,0.0004565715789794922,0.017,0.0
160,0.00046753883361816406,0.019,0.0
161,0.0004661083221435547,0.019,0.0
162,0.0006251335144042969,0.019,0.0
163,0.0004074573516845703,0.019,0.0
164,0.0006229877471923828,0.019,0.0
165,0.0005180835723876953,0.022,0.0
166,0.0004253387451171875,0.022,0.0
167,0.00043892860412597656,0.022,0.0
168,0.0004439353942871094,0.022,0.0
169,0.0004546642303466797,0.022,0.0
170,0.0009641647338867188,0.022,0.0
171,0.00042057037353515625,0.022,0.0
172,0.00041985511779785156,0.022,0.0
173,0.000339508056640625,0.022,0.0
174,0.00043964385986328125,0.022,0.0
175,0.0004515647888183594,0.022,0.0
176,0.0004258155822753906,0.022,0.0
177,0.00043272972106933594,0.022,0.0
178,0.00043010711669921875,0.022,0.0
179,0.0004649162292480469,0.022,0.0
180,0.0004172325134277344,0.024,0.4
181,0.0005843639373779297,0.024,0.4
182,0.0004093647003173828,0.024,0.4
183,0.0004799365997314453,0.024,0.4
184,0.0005061626434326172,0.026,0.4
185,0.00042510032653808594,0.027999999999999997,0.4
186,0.0004291534423828125,0.027999999999999997,0.4
187,0.0004253387451171875,0.027999999999999997,0.4
188,0.00044155120849609375,0.027999999999999997,0.4
189,0.0004451274871826172,0.027999999999999997,0.4
190,0.0004210472106933594,0.03,0.4
191,0.0004520416259765625,0.03,0.4
192,0.0004792213439941406,0.03,0.4
193,0.00045371055603027344,0.03,0.4
194,0.0006222724914550781,0.03,0.4
195,0.000461578369140625,0.03,0.4
196,0.00030231475830078125,0.032,0.4
197,0.0005054473876953125,0.032,0.4
198,0.0004820823669433594,0.032,0.4
199,0.0005044937133789062,0.032,0.4
200,0.0005376338958740234,0.032,0.4
201,0.0006389617919921875,0.032,0.8
202,0.0006389617919921875,0.032,0.8
203,0.0003523826599121094,0.032,0.8
204,0.0004956722259521484,0.034,0.8
205,0.0003292560577392578,0.034,0.8
206,0.00015306472778320312,0.034,0.8
207,0.0004215240478515625,0.034,0.8
208,0.00020694732666015625,0.034,1.2000000000000002
209,0.0001163482666015625,0.037000000000000005,1.2000000000000002
210,0.0002231597900390625,0.037000000000000005,1.2000000000000002
211,0.0004467964172363281,0.037000000000000005,1.6
212,0.00018167495727539062,0.037000000000000005,1.6
213,0.00014972686767578125,0.039,2.0
214,0.00038933753967285156,0.039,2.0
215,0.0001583099365234375,0.039,2.4000000000000004
216,0.0003228187561035156,0.039,2.4000000000000004
217,0.0006079673767089844,0.039,2.8000000000000003
218,0.0001723766326904297,0.039,2.8000000000000003
219,0.0001423358917236328,0.040999999999999995,3.2
220,0.00014543533325195312,0.040999999999999995,3.2
221,0.00022983551025390625,0.043,3.6
222,0.0004131793975830078,0.043,3.6
223,0.00014495849609375,0.043,4.0
224,0.00016832351684570312,0.043,4.4
225,0.0001404285430908203,0.045,4.4
226,0.0001583099365234375,0.045,4.800000000000001
227,0.00016808509826660156,0.047,4.800000000000001
228,0.0003371238708496094,0.047,5.2
229,0.00023221969604492188,0.047,5.2
230,0.00018835067749023438,0.047,5.6000000000000005
231,0.00020241737365722656,0.047,5.6000000000000005
232,0.00018286705017089844,0.047,5.6000000000000005
233,0.0001437664031982422,0.047,6.0
234,0.0001399517059326172,0.05,6.0
235,0.00014591217041015625,0.052000000000000005,6.4
236,0.00014710426330566406,0.052000000000000005,6.4
237,0.0001614093780517578,0.052000000000000005,6.4
238,0.00017571449279785156,0.052000000000000005,6.800000000000001
239,0.00022673606872558594,0.054000000000000006,6.800000000000001
240,0.00024366378784179688,0.06,6.800000000000001
241,0.0003018379211425781,0.06,6.800000000000001
242,0.00029659271240234375,0.065,6.800000000000001
243,0.0003097057342529297,0.065,7.2
244,0.0003192424774169922,0.067,7.2
245,0.0002961158752441406,0.067,7.2
246,0.0003485679626464844,0.067,7.2
247,0.00028443336486816406,0.069,7.2
248,0.00041937828063964844,0.071,7.2
249,0.0003972053527832031,0.071,7.2
250,0.00042247772216796875,0.071,7.2
251,0.00042319297790527344,0.071,7.6000000000000005
252,0.0004172325134277344,0.071,7.6000000000000005
253,0.00042057037353515625,0.071,7.6000000000000005
254,0.0004546642303466797,0.073,7.6000000000000005
255,0.0005035400390625,0.073,7.6000000000000005
256,0.0005443096160888672,0.075,8.0
257,0.0003504753112792969,0.075,8.0
258,0.00019502639770507812,0.08,8.0
259,0.0003483295440673828,0.08199999999999999,8.4
260,0.0004744529724121094,0.08199999999999999,8.4
261,0.00045108795166015625,0.08199999999999999,8.4
262,0.0004734992980957031,0.08199999999999999,8.8
263,0.00036644935607910156,0.084,8.8
264,0.0004451274871826172,0.084,8.8
265,0.0004627704620361328,0.084,9.200000000000001
266,0.00035452842712402344,0.08800000000000001,9.200000000000001
267,0.00033974647521972656,0.08800000000000001,9.600000000000001
268,0.00044846534729003906,0.08800000000000001,10.0
269,0.00045418739318847656,0.08800000000000001,10.0
270,0.00043845176696777344,0.091,10.4
271,0.00044345855712890625,0.091,10.4
272,0.0004456043243408203,0.091,10.8
273,0.0006177425384521484,0.093,11.200000000000001
274,0.0004642009735107422,0.093,11.200000000000001
275,0.00015282630920410156,0.093,11.600000000000001
276,0.0002467632293701172,0.093,12.0
277,0.00016021728515625,0.093,12.4
278,0.0001461505889892578,0.095,12.4
279,0.00013494491577148438,0.095,12.8
280,0.00013971328735351562,0.095,13.200000000000001
281,0.00016498565673828125,0.095,13.600000000000001
282,0.0001728534698486328,0.099,13.600000000000001
283,0.0001399517059326172,0.099,14.0
284,0.00015497207641601562,0.099,14.4
285,0.00031447410583496094,0.099,14.8
286,0.00013566017150878906,0.101,14.8
287,0.0003046989440917969,0.101,15.200000000000001
288,0.00018978118896484375,0.101,15.600000000000001
289,0.0006885528564453125,0.101,15.600000000000001
290,0.00014925003051757812,0.101,16.0
291,0.0001552104949951172,0.101,16.0
292,0.00029277801513671875,0.101,16.400000000000002
293,0.0002772808074951172,0.103,16.8
294,0.00040340423583984375,0.103,16.8
295,0.00015354156494140625,0.103,16.8
296,0.00011897087097167969,0.106,17.2
297,0.00015664100646972656,0.106,17.2
298,0.00020241737365722656,0.106,17.6
299,0.0002205371856689453,0.108,17.6
300,0.000316619873046875,0.108,17.6
301,0.00025725364685058594,0.108,18.0
302,0.0001823902130126953,0.108,18.0
303,0.00014257431030273438,0.11,18.0
304,0.0003428459167480469,0.11,18.0
305,0.00015282630920410156,0.11,18.0
306,0.0009887218475341797,0.11,18.0
307,0.0003795623779296875,0.11,18.0
308,0.0017802715301513672,0.11,18.0
309,0.0003662109375,0.11,17.6
310,0.0008721351623535156,0.112,17.6
311,0.0009009838104248047,0.112,17.6
312,0.0006084442138671875,0.112,17.6
313,0.001931905746459961,0.112,17.6
314,0.0004124641418457031,0.114,17.2
315,0.0016155242919921875,0.114,17.2
316,0.0012471675872802734,0.114,17.2
317,0.0004730224609375,0.116,17.2
318,0.0006000995635986328,0.116,16.8
319,0.00013446807861328125,0.116,16.8
320,0.0003037452697753906,0.116,16.8
321,0.0001373291015625,0.119,16.8
322,0.00014448165893554688,0.119,16.8
323,0.000148773193359375,0.119,16.8
324,0.0001633167266845703,0.123,16.8
325,0.00013756752014160156,0.123,16.400000000000002
326,0.00014638900756835938,0.123,16.400000000000002
327,0.00013947486877441406,0.123,16.400000000000002
328,0.00015878677368164062,0.125,16.8
329,0.00021409988403320312,0.125,16.8
330,0.00014972686767578125,0.127,16.8
331,0.00015783309936523438,0.127,16.8
332,0.00031280517578125,0.127,16.8
333,0.0005438327789306641,0.129,17.2
334,0.00039505958557128906,0.129,17.2
335,0.0005638599395751953,0.129,17.2
336,0.0005297660827636719,0.134,17.6
337,0.00035262107849121094,0.136,18.0
338,0.000507354736328125,0.138,18.0
339,0.0004899501800537109,0.14,18.400000000000002
340,0.0004291534423828125,0.14,18.400000000000002
341,0.0004315376281738281,0.14,18.8
342,0.0004813671112060547,0.14,19.200000000000003
343,0.0006031990051269531,0.142,19.6
344,0.0006628036499023438,0.14400000000000002,20.0
345,0.0004558563232421875,0.14400000000000002,20.400000000000002
346,0.0010523796081542969,0.147,20.400000000000002
347,0.0004856586456298828,0.147,20.8
348,0.0004856586456298828,0.149,20.8
349,0.0004932880401611328,0.151,21.200000000000003
350,0.0005011558532714844,0.151,22.0
351,0.0012974739074707031,0.153,22.400000000000002
352,0.0005559921264648438,0.155,22.8
353,0.0005006790161132812,0.155,23.200000000000003
354,0.0007622241973876953,0.155,23.6
355,0.00047516822814941406,0.155,24.0
356,0.0003592967987060547,0.155,24.8
357,0.00044536590576171875,0.155,25.200000000000003
358,0.0004451274871826172,0.155,25.6
359,0.0007660388946533203,0.155,26.0
360,0.0004444122314453125,0.155,26.8
361,0.00043320655822753906,0.155,27.200000000000003
362,0.0004398822784423828,0.155,27.6
363,0.00042629241943359375,0.155,28.400000000000002
364,0.0004146099090576172,0.155,28.8
365,0.00041294097900390625,0.155,29.200000000000003
366,0.0004062652587890625,0.155,29.6
367,0.00042057037353515625,0.157,30.0
368,0.00048828125,0.159,30.400000000000002
369,0.00042700767517089844,0.159,30.8
370,0.00045490264892578125,0.162,31.200000000000003
371,0.00046563148498535156,0.162,31.6
372,0.00042629241943359375,0.16399999999999998,32.0
373,0.00043487548828125,0.16399999999999998,32.4
374,0.00041794776916503906,0.166,32.4
375,0.00127410888671875,0.166,32.800000000000004
376,0.0005152225494384766,0.168,32.800000000000004
377,0.0014750957489013672,0.168,33.2
378,0.0016465187072753906,0.168,33.2
379,0.0006225109100341797,0.17,33.2
380,0.0015869140625,0.17,33.6
381,0.0006539821624755859,0.172,33.6
382,0.001706838607788086,0.172,33.6
383,0.0014874935150146484,0.177,33.6
384,0.0005986690521240234,0.177,33.6
385,0.001455545425415039,0.177,33.6
386,0.0005941390991210938,0.179,33.6
387,0.0016667842864990234,0.183,33.6
388,0.0004794597625732422,0.183,33.6
389,0.0017101764678955078,0.183,33.6
390,0.00045943260192871094,0.183,33.6
391,0.0013332366943359375,0.185,33.6
392,0.0005743503570556641,0.185,33.6
393,0.0016298294067382812,0.185,33.6
394,0.000453948974609375,0.185,33.6
395,0.0010478496551513672,0.185,33.6
396,0.0006241798400878906,0.185,33.6
397,0.0012280941009521484,0.185,33.6
398,0.0004889965057373047,0.185,33.6
399,0.00043392181396484375,0.185,33.6
400,0.00042724609375,0.185,34.0
401,0.0004172325134277344,0.185,34.0
402,0.0005173683166503906,0.185,34.0
403,0.0006067752838134766,0.185,34.4
404,0.0004913806915283203,0.185,34.4
405,0.00036716461181640625,0.185,34.800000000000004
406,0.00027370452880859375,0.185,34.800000000000004
407,0.00031566619873046875,0.185,35.2
408,0.00048279762268066406,0.188,35.6
409,0.00046539306640625,0.19,35.6
410,0.0004494190216064453,0.192,36.0
411,0.0004241466522216797,0.194,36.0
412,0.0004885196685791016,0.196,36.4
413,0.00046181678771972656,0.2,36.800000000000004
414,0.00044083595275878906,0.2,36.800000000000004
415,0.0004363059997558594,0.2,37.2
416,0.000499725341796875,0.2,37.6
417,0.0004267692565917969,0.2,38.0
418,0.00047397613525390625,0.2,38.0
419,0.0004975795745849609,0.2,38.400000000000006
420,0.00043892860412597656,0.203,38.800000000000004
421,0.0005614757537841797,0.203,39.2
422,0.0004181861877441406,0.203,39.6
423,0.0006632804870605469,0.203,40.0
424,0.0004413127899169922,0.203,40.400000000000006
425,0.0005393028259277344,0.203,40.800000000000004
426,0.0004229545593261719,0.205,41.2
427,0.0004551410675048828,0.205,41.6
428,0.00020933151245117188,0.205,42.0
429,0.0002777576446533203,0.205,42.400000000000006
430,0.00014019012451171875,0.209,42.800000000000004
431,0.0005097389221191406,0.209,43.2
432,0.00017523765563964844,0.209,44.0
433,0.00027251243591308594,0.209,44.400000000000006
434,0.0003669261932373047,0.209,44.800000000000004
435,0.0004265308380126953,0.211,45.2
436,0.0002391338348388672,0.211,45.6
437,0.00033092498779296875,0.211,46.0
438,0.00027680397033691406,0.213,46.400000000000006
439,0.00044465065002441406,0.213,46.800000000000004
440,0.00041747093200683594,0.21600000000000005,47.2
441,0.0004074573516845703,0.21600000000000005,48.0
442,0.0004208087921142578,0.218,48.400000000000006
443,0.0004088878631591797,0.218,48.800000000000004
444,0.0004329681396484375,0.218,49.2
445,0.00043320655822753906,0.218,49.2
446,0.0008821487426757812,0.218,49.6
447,0.0004439353942871094,0.218,50.0
448,0.0004811286926269531,0.22,50.400000000000006
449,0.0004436969757080078,0.22,50.800000000000004
450,0.0004222393035888672,0.22,51.2
451,0.00042247772216796875,0.22,51.6
452,0.0002765655517578125,0.22,52.0
453,0.0003209114074707031,0.22,52.0
454,0.0009007453918457031,0.22,52.400000000000006
455,0.0003120899200439453,0.222,52.800000000000004
456,0.00037670135498046875,0.222,53.2
457,0.0005071163177490234,0.222,53.2
458,0.0006468296051025391,0.222,53.6
459,0.0004458427429199219,0.224,54.0
460,0.0006275177001953125,0.224,54.0
461,0.0004203319549560547,0.224,54.400000000000006
462,0.0005240440368652344,0.226,54.400000000000006
463,0.0005285739898681641,0.226,54.800000000000004
464,0.0003056526184082031,0.228,54.800000000000004
465,0.0004296302795410156,0.228,54.800000000000004
466,0.0005424022674560547,0.228,55.2
467,9.655952453613281e-05,0.228,55.2
468,0.0004150867462158203,0.228,55.2
469,0.00044345855712890625,0.228,55.2
470,0.00042247772216796875,0.231,55.6
471,0.0004277229309082031,0.231,55.6
472,0.0004229545593261719,0.231,55.6
473,0.00046515464782714844,0.231,55.6
474,0.0004298686981201172,0.233,55.6
475,0.0004260540008544922,0.233,55.6
476,0.0008046627044677734,0.233,56.0
477,0.0005235671997070312,0.233,56.0
478,0.0006487369537353516,0.233,56.0
479,0.0004892349243164062,0.233,56.0
480,0.00034308433532714844,0.233,56.0
481,0.00043487548828125,0.233,56.0
482,0.0004277229309082031,0.233,56.0
483,0.0004298686981201172,0.233,56.0
484,0.0004558563232421875,0.233,56.400000000000006
485,0.0010523796081542969,0.233,56.400000000000006
486,0.00043582916259765625,0.233,56.400000000000006
487,0.00046253204345703125,0.233,56.400000000000006
488,0.0004513263702392578,0.233,56.400000000000006
489,0.00041961669921875,0.233,56.400000000000006
490,0.0005743503570556641,0.233,56.400000000000006
491,0.0005743503570556641,0.233,56.400000000000006
492,9.226799011230469e-05,0.233,56.400000000000006
493,0.0004630088806152344,0.233,56.400000000000006
494,0.00045108795166015625,0.233,56.400000000000006
495,0.00034356117248535156,0.233,56.800000000000004
496,0.0012464523315429688,0.233,56.800000000000004
497,0.0003070831298828125,0.233,56.400000000000006
498,0.0004336833953857422,0.233,56.400000000000006
499,0.0004668235778808594,0.233,56.400000000000006
500,0.0012042522430419922,0.233,56.400000000000006
501,0.0004291534423828125,0.233,56.0
502,0.00043082237243652344,0.233,56.0
503,0.0004165172576904297,0.233,56.0
504,0.0004367828369140625,0.233,55.6
505,0.0004439353942871094,0.233,55.6
506,0.000415802001953125,0.233,55.6
507,0.0004169940948486328,0.233,55.6
508,0.0004177093505859375,0.233,55.2
509,0.0004203319549560547,0.233,55.2
510,0.0004286766052246094,0.233,55.2
511,0.0004162788391113281,0.233,55.2
512,0.00042247772216796875,0.233,54.800000000000004
513,0.0004131793975830078,0.233,54.800000000000004
514,0.00042510032653808594,0.233,54.800000000000004
515,0.0004150867462158203,0.233,54.800000000000004
516,0.00042366981506347656,0.233,54.800000000000004
517,0.00044226646423339844,0.233,54.800000000000004
518,0.0010387897491455078,0.233,54.800000000000004
519,0.00042629241943359375,0.233,54.800000000000004
520,0.000438690185546875,0.233,54.800000000000004
521,0.0004286766052246094,0.233,54.800000000000004
522,0.0004570484161376953,0.233,54.800000000000004
523,0.001129150390625,0.233,54.800000000000004
524,0.0010521411895751953,0.233,54.800000000000004
525,0.0003020763397216797,0.233,54.800000000000004
526,0.00029206275939941406,0.233,54.800000000000004
527,0.00013685226440429688,0.233,54.800000000000004
528,0.0003383159637451172,0.233,55.2
529,0.00023293495178222656,0.233,55.2
530,0.00020647048950195312,0.235,55.2
531,0.0004711151123046875,0.235,55.2
532,0.0003063678741455078,0.235,55.2
533,0.0003879070281982422,0.235,55.6
534,0.0006749629974365234,0.235,55.6
535,0.0011789798736572266,0.235,55.6
536,0.0002853870391845703,0.235,55.6
537,0.0004496574401855469,0.235,56.0
538,0.000316619873046875,0.235,56.0
539,0.00011181831359863281,0.235,56.0
540,0.00034308433532714844,0.235,56.0
541,0.0004494190216064453,0.235,56.0
542,0.0002944469451904297,0.235,56.400000000000006
543,0.00010395050048828125,0.237,56.400000000000006
544,0.0004305839538574219,0.237,56.400000000000006
545,0.0004222393035888672,0.237,56.800000000000004
546,0.00043010711669921875,0.237,56.800000000000004
547,0.0002956390380859375,0.237,56.800000000000004
548,0.0004210472106933594,0.239,56.800000000000004
549,0.0004372596740722656,0.239,57.2
550,0.0005862712860107422,0.239,57.2
551,0.0003228187561035156,0.239,57.2
552,0.00043773651123046875,0.239,57.2
553,0.0003032684326171875,0.239,57.2
554,0.00022912025451660156,0.239,57.6
555,0.0006284713745117188,0.239,57.6
556,0.0003056526184082031,0.239,57.6
557,0.0002970695495605469,0.239,57.6
558,0.000316619873046875,0.239,57.6
559,0.0002951622009277344,0.239,58.0
560,0.00014853477478027344,0.239,58.0
561,0.00015163421630859375,0.239,58.0
562,0.00014925003051757812,0.239,58.0
563,0.00031757354736328125,0.239,58.0
564,0.0005829334259033203,0.239,58.400000000000006
565,0.0003027915954589844,0.239,58.400000000000006
566,0.00020074844360351562,0.239,58.400000000000006
567,0.0002846717834472656,0.239,58.400000000000006
568,0.0003151893615722656,0.239,58.400000000000006
569,0.0006339550018310547,0.239,58.400000000000006
570,0.0002090930938720703,0.239,58.800000000000004
571,0.0003266334533691406,0.239,58.800000000000004
572,0.0003135204315185547,0.239,58.800000000000004
573,0.0004057884216308594,0.239,58.800000000000004
574,0.0003414154052734375,0.239,58.800000000000004
575,0.0003216266632080078,0.239,58.800000000000004
576,0.0003063678741455078,0.239,58.800000000000004
577,0.0006222724914550781,0.239,58.800000000000004
578,0.00029921531677246094,0.239,58.800000000000004
579,0.00033974647521972656,0.241,58.800000000000004
580,0.0003266334533691406,0.241,58.800000000000004
581,0.0003101825714111328,0.241,58.800000000000004
582,0.0003077983856201172,0.241,58.800000000000004
583,0.00029969215393066406,0.241,58.800000000000004
584,0.00035691261291503906,0.241,58.800000000000004
585,0.000263214111328125,0.241,58.800000000000004
586,0.0001876354217529297,0.241,58.800000000000004
587,0.00022840499877929688,0.241,58.800000000000004
588,0.0002620220184326172,0.241,58.800000000000004
589,0.0002989768981933594,0.241,58.800000000000004
590,0.0002689361572265625,0.244,58.800000000000004
591,0.00020432472229003906,0.244,58.800000000000004
592,0.00024127960205078125,0.244,58.800000000000004
593,0.0003070831298828125,0.244,58.800000000000004
594,0.0004241466522216797,0.244,58.800000000000004
595,0.00029468536376953125,0.244,58.800000000000004
596,0.0004582405090332031,0.244,58.800000000000004
597,0.0004253387451171875,0.244,59.2
598,0.00031304359436035156,0.244,59.2
599,0.0001251697540283203,0.244,59.2
600,0.000301361083984375,0.246,59.2
601,0.0003247261047363281,0.246,59.2
602,0.0003592967987060547,0.246,59.2
603,0.00033354759216308594,0.246,59.2
604,0.00030803680419921875,0.246,59.2
605,0.0007903575897216797,0.246,59.2
606,0.00021266937255859375,0.246,59.6
607,0.000152587890625,0.246,59.6
608,0.0001277923583984375,0.246,59.6
609,0.0001308917999267578,0.248,59.6
610,0.00030541419982910156,0.248,59.6
611,0.00031304359436035156,0.248,60.0
612,0.0002543926239013672,0.248,60.0
613,0.00023865699768066406,0.248,60.0
614,0.00022912025451660156,0.248,60.0
615,0.0002090930938720703,0.248,60.400000000000006
616,0.0002999305725097656,0.248,60.400000000000006
617,0.0002872943878173828,0.248,60.400000000000006
618,0.0002694129943847656,0.248,60.400000000000006
619,0.00031280517578125,0.248,60.800000000000004
620,0.00030493736267089844,0.248,60.800000000000004
621,0.0003032684326171875,0.25,60.800000000000004
622,0.0003719329833984375,0.25,61.2
623,0.00020194053649902344,0.25,61.2
624,0.00030684471130371094,0.25,61.6
625,0.0006656646728515625,0.25,61.6
626,0.0004944801330566406,0.25,61.6
627,0.0003669261932373047,0.25,62.0
628,0.0003159046173095703,0.25,62.0
629,0.0003025531768798828,0.25,62.400000000000006
630,0.0005381107330322266,0.25,62.400000000000006
631,0.0003066062927246094,0.25,62.400000000000006
632,0.0003066062927246094,0.25,62.400000000000006
633,0.0004131793975830078,0.25,62.800000000000004
634,0.0014188289642333984,0.25,62.800000000000004
635,0.0005176067352294922,0.25,63.2
636,0.0003120899200439453,0.25,63.2
637,0.0003113746643066406,0.25,63.6
638,0.00022721290588378906,0.25,63.6
639,0.0004634857177734375,0.25,64.0
640,0.00029850006103515625,0.25,64.0
641,0.0002875328063964844,0.25,64.4
642,0.0002319812774658203,0.25,64.4
643,0.0004506111145019531,0.25,64.4
644,0.00017952919006347656,0.25,64.8
645,0.00013875961303710938,0.25,64.8
646,0.00042176246643066406,0.25,65.2
647,0.0003323554992675781,0.25,65.2
648,0.0001392364501953125,0.25,65.2
649,0.00016832351684570312,0.25,65.60000000000001
650,0.00014400482177734375,0.25,65.60000000000001
651,0.0004723072052001953,0.25,65.60000000000001
652,0.0003235340118408203,0.25,65.60000000000001
653,0.0006732940673828125,0.25,66.0
654,0.0013175010681152344,0.25,66.0
655,0.0003561973571777344,0.25,66.0
656,0.0007009506225585938,0.25,66.0
657,0.0003063678741455078,0.25,66.4
658,0.00030922889709472656,0.25,66.4
659,0.0003027915954589844,0.25,66.4
660,0.0002989768981933594,0.25,66.4
661,0.00057220458984375,0.25,66.4
662,0.0004589557647705078,0.248,66.4
663,0.0005514621734619141,0.246,66.4
664,0.00042557716369628906,0.246,66.4
665,0.0003254413604736328,0.246,66.4
666,0.00042748451232910156,0.246,66.4
667,0.0005619525909423828,0.246,66.4
668,0.0005183219909667969,0.246,66.4
669,0.0005218982696533203,0.246,66.4
670,0.00046253204345703125,0.246,66.4
671,0.0004086494445800781,0.246,66.4
672,0.00037598609924316406,0.246,66.4
673,0.000598907470703125,0.244,66.0
674,0.0004563331604003906,0.244,66.0
675,0.0003020763397216797,0.244,66.0
676,0.0008814334869384766,0.244,65.60000000000001
677,0.00046706199645996094,0.244,65.60000000000001
678,0.0004248619079589844,0.244,65.2
679,0.0005476474761962891,0.244,65.2
680,0.0003535747528076172,0.244,64.8
681,0.0004515647888183594,0.244,64.8
682,0.00043582916259765625,0.244,64.4
683,0.0006351470947265625,0.244,64.4
684,0.0004239082336425781,0.244,64.0
685,0.00045037269592285156,0.244,63.6
686,0.0003006458282470703,0.244,63.6
687,0.00035381317138671875,0.244,63.2
688,0.0004382133483886719,0.244,62.800000000000004
689,0.0002429485321044922,0.244,62.400000000000006
690,0.0002593994140625,0.244,62.0
691,0.00047850608825683594,0.244,62.0
692,0.00027108192443847656,0.244,61.6
693,0.00045871734619140625,0.244,61.2
694,0.00038933753967285156,0.244,60.800000000000004
695,0.00031280517578125,0.244,60.400000000000006
696,0.0003986358642578125,0.244,60.0
697,0.0003025531768798828,0.244,59.6
698,0.0003018379211425781,0.244,59.6
699,0.000453948974609375,0.244,59.2
700,0.000438690185546875,0.244,58.800000000000004
701,0.0005424022674560547,0.244,58.400000000000006
702,0.0004382133483886719,0.244,58.0
703,0.0004572868347167969,0.244,58.0
704,0.00044465065002441406,0.244,57.6
705,0.0004165172576904297,0.244,57.2
706,0.00030231475830078125,0.244,56.800000000000004
707,0.0004563331604003906,0.244,56.800000000000004
708,0.00046753883361816406,0.244,56.400000000000006
709,0.0004820823669433594,0.244,56.400000000000006
710,0.0004200935363769531,0.244,56.0
711,0.0006096363067626953,0.244,56.0
712,0.0004436969757080078,0.244,55.6
713,0.0004410743713378906,0.244,55.6
714,0.000457763671875,0.244,55.2
715,0.00043320655822753906,0.244,55.2
716,0.0004994869232177734,0.244,55.2
717,0.0004227161407470703,0.244,55.2
718,0.0004398822784423828,0.244,55.2
719,0.0004451274871826172,0.244,55.2
720,0.0005147457122802734,0.244,55.2
721,0.00046944618225097656,0.244,55.2
722,0.0001246929168701172,0.244,55.2
723,0.00043392181396484375,0.244,55.2
724,0.0005605220794677734,0.244,55.2
725,0.00043487548828125,0.244,55.2
726,0.0004570484161376953,0.244,55.6
727,0.0004172325134277344,0.244,55.6
728,0.0004987716674804688,0.244,55.6
729,0.0002999305725097656,0.244,56.0
730,0.0004956722259521484,0.244,56.0
731,0.0003218650817871094,0.244,56.400000000000006
732,0.0004589557647705078,0.244,56.400000000000006
733,0.0003249645233154297,0.244,56.800000000000004
734,0.0009145736694335938,0.244,56.800000000000004
735,0.0003752708435058594,0.244,57.2
736,8.96453857421875e-05,0.244,57.2
737,0.0005075931549072266,0.244,57.6
738,0.00029969215393066406,0.244,58.0
739,0.0003440380096435547,0.244,58.0
740,0.0001232624053955078,0.244,58.400000000000006
741,0.0004019737243652344,0.244,58.800000000000004
742,0.00029754638671875,0.244,58.800000000000004
743,0.0004863739013671875,0.241,59.2
744,0.0004596710205078125,0.241,59.2
745,0.00047659873962402344,0.237,59.6
746,0.0009920597076416016,0.235,60.0
747,0.0005433559417724609,0.235,60.0
748,0.0004801750183105469,0.233,60.400000000000006
749,9.608268737792969e-05,0.233,60.400000000000006
750,0.0003497600555419922,0.233,60.800000000000004
751,0.0004892349243164062,0.233,60.800000000000004
752,0.0005075931549072266,0.233,61.2
753,0.0005581378936767578,0.231,61.2
754,0.0002143383026123047,0.231,61.6
755,0.0003452301025390625,0.231,61.6
756,0.00045013427734375,0.231,61.6
757,0.0002694129943847656,0.231,61.6
758,0.00032806396484375,0.231,61.6
759,0.0004127025604248047,0.231,61.6
760,0.0002396106719970703,0.231,61.6
761,0.0004260540008544922,0.231,61.6
762,0.0004405975341796875,0.231,61.2
763,0.00031685829162597656,0.231,61.2
764,0.000339508056640625,0.231,61.2
765,0.00010061264038085938,0.231,60.800000000000004
766,0.0004267692565917969,0.231,60.800000000000004
767,0.0005700588226318359,0.231,60.400000000000006
768,0.0004401206970214844,0.231,60.0
769,0.0005595684051513672,0.231,60.0
770,0.0004324913024902344,0.231,59.6
771,0.0003845691680908203,0.231,59.2
772,0.00023746490478515625,0.231,58.800000000000004
773,0.0004572868347167969,0.231,58.400000000000006
774,0.0003974437713623047,0.231,58.0
775,0.0003495216369628906,0.231,57.6
776,0.0005714893341064453,0.231,57.2
777,0.0005519390106201172,0.231,56.800000000000004
778,0.0005435943603515625,0.231,56.400000000000006
779,0.0004532337188720703,0.231,56.0
780,0.0005364418029785156,0.231,55.6
781,0.0005364418029785156,0.231,55.6
782,0.0004794597625732422,0.231,55.2
783,0.0003714561462402344,0.231,54.800000000000004
784,0.0005853176116943359,0.231,54.400000000000006
785,0.0004944801330566406,0.231,54.0
786,0.0006511211395263672,0.231,53.6
787,0.00034332275390625,0.231,53.2
788,0.0004563331604003906,0.231,52.800000000000004
789,0.0004405975341796875,0.231,52.400000000000006
790,0.0004706382751464844,0.231,52.0
791,0.0006079673767089844,0.231,51.6
792,0.0005469322204589844,0.231,51.2
793,0.0004432201385498047,0.231,51.2
794,0.0005970001220703125,0.231,50.800000000000004
795,0.0001270771026611328,0.231,50.400000000000006
796,0.0004572868347167969,0.231,50.400000000000006
797,0.00042438507080078125,0.231,50.0
798,0.0005774497985839844,0.231,49.6
799,0.0005176067352294922,0.231,49.6
800,0.0004322528839111328,0.231,49.2
801,0.00034928321838378906,0.231,49.2
802,0.0003211498260498047,0.231,49.2
803,0.0005395412445068359,0.231,48.800000000000004
804,0.0006084442138671875,0.231,48.800000000000004
805,0.0004780292510986328,0.231,48.800000000000004
806,0.0002124309539794922,0.231,48.800000000000004
807,0.00026345252990722656,0.231,48.800000000000004
808,0.0002999305725097656,0.231,48.800000000000004
809,0.0002727508544921875,0.231,48.800000000000004
810,0.0003592967987060547,0.231,48.800000000000004
811,0.0003497600555419922,0.231,49.2
812,0.0004496574401855469,0.231,49.2
813,0.0005948543548583984,0.231,49.2
814,0.0004343986511230469,0.231,49.6
815,0.0004603862762451172,0.231,49.6
816,0.00043010711669921875,0.231,50.0
817,0.0004475116729736328,0.231,50.400000000000006
818,0.0003399848937988281,0.231,50.400000000000006
819,0.0009989738464355469,0.231,50.800000000000004
820,0.0005340576171875,0.231,51.2
821,0.0005447864532470703,0.231,51.2
822,0.0006849765777587891,0.231,51.6
823,0.0006203651428222656,0.231,52.0
824,0.00048470497131347656,0.231,52.400000000000006
825,0.0005640983581542969,0.231,52.800000000000004
826,0.0003790855407714844,0.231,53.2
827,0.0011670589447021484,0.231,53.2
828,0.0004987716674804688,0.231,53.6
829,0.0003516674041748047,0.231,54.0
830,0.0003299713134765625,0.231,54.400000000000006
831,0.00030350685119628906,0.231,54.800000000000004
832,0.00010776519775390625,0.231,55.2
833,0.0005676746368408203,0.231,55.2
834,0.00040435791015625,0.231,55.6
835,0.0006284713745117188,0.231,56.0
836,0.00045800209045410156,0.231,56.400000000000006
837,0.0004999637603759766,0.231,56.400000000000006
838,0.0004508495330810547,0.231,56.800000000000004
839,0.00047969818115234375,0.231,56.800000000000004
840,0.00048089027404785156,0.231,57.2
841,0.0004744529724121094,0.231,57.2
842,0.0009372234344482422,0.231,57.6
843,0.0008542537689208984,0.231,57.6
844,0.0003299713134765625,0.231,58.0
845,0.0002315044403076172,0.231,58.0
846,0.00030922889709472656,0.231,58.0
847,0.0003991127014160156,0.231,58.400000000000006
848,0.00037360191345214844,0.231,58.400000000000006
849,0.0005161762237548828,0.231,58.400000000000006
850,0.00040912628173828125,0.231,58.400000000000006
851,0.0033698081970214844,0.231,58.400000000000006
852,0.0004913806915283203,0.231,58.400000000000006
853,0.00044608116149902344,0.231,58.400000000000006
854,0.0005087852478027344,0.231,58.0
855,0.0004363059997558594,0.231,58.0
856,0.0004436969757080078,0.231,58.0
857,0.0003781318664550781,0.231,58.0
858,0.0005786418914794922,0.231,57.6
859,0.00045037269592285156,0.231,57.6
860,0.0004994869232177734,0.231,57.2
861,0.0004506111145019531,0.231,57.2
862,0.0005853176116943359,0.231,56.800000000000004
863,0.0003726482391357422,0.231,56.800000000000004
864,0.00033473968505859375,0.231,56.400000000000006
865,0.0004475116729736328,0.231,56.400000000000006
866,0.0006227493286132812,0.231,56.0
867,0.0003132820129394531,0.231,56.0
868,0.00027632713317871094,0.231,55.6
869,0.0002467632293701172,0.231,55.2
870,0.000431060791015625,0.231,55.2
871,0.00042891502380371094,0.231,54.800000000000004
872,0.0005929470062255859,0.231,54.400000000000006
873,0.0004799365997314453,0.231,54.0
874,0.0004544258117675781,0.231,54.0
875,0.0004260540008544922,0.231,53.6
876,0.0004334449768066406,0.231,53.2
877,0.00041937828063964844,0.231,53.2
878,0.0004305839538574219,0.231,52.800000000000004
879,0.0004904270172119141,0.231,52.400000000000006
880,0.00034928321838378906,0.231,52.400000000000006
881,0.00044155120849609375,0.231,52.0
882,0.0007963180541992188,0.231,52.0
883,0.0003085136413574219,0.231,51.6
884,0.0003514289855957031,0.231,51.6
885,0.0004398822784423828,0.231,51.2
886,0.0004336833953857422,0.231,51.2
887,0.0014159679412841797,0.231,50.800000000000004
888,0.0004177093505859375,0.231,50.800000000000004
889,0.00042700767517089844,0.231,50.800000000000004
890,0.0004324913024902344,0.231,50.400000000000006
891,0.00032782554626464844,0.231,50.400000000000006
892,0.00044155120849609375,0.231,50.400000000000006
893,0.0004220008850097656,0.231,50.400000000000006
894,0.00043010711669921875,0.231,50.400000000000006
895,0.00042819976806640625,0.231,50.400000000000006
896,0.000415802001953125,0.231,50.400000000000006
897,0.00042891502380371094,0.231,50.400000000000006
898,0.000415802001953125,0.231,50.400000000000006
899,0.0004284381866455078,0.231,50.400000000000006
900,0.00042128562927246094,0.231,50.400000000000006
901,0.000377655029296875,0.231,50.800000000000004
902,0.0009629726409912109,0.231,50.800000000000004
903,0.00044655799865722656,0.231,50.800000000000004
904,0.0004589557647705078,0.231,51.2
905,0.0004582405090332031,0.231,51.2
906,0.0003714561462402344,0.231,51.2
907,0.0005164146423339844,0.231,51.6
908,0.00045680999755859375,0.231,51.6
909,0.0004105567932128906,0.231,52.0
910,0.0004703998565673828,0.231,52.0
911,0.0004513263702392578,0.231,52.400000000000006
912,0.0004360675811767578,0.231,52.400000000000006
913,0.0004601478576660156,0.233,52.800000000000004
914,0.00043463706970214844,0.233,53.2
915,0.0004968643188476562,0.233,53.2
916,0.0004830360412597656,0.233,53.6
917,0.00044035911560058594,0.233,53.6
918,0.0003287792205810547,0.233,54.0
919,0.0004706382751464844,0.233,54.0
920,0.00043129920959472656,0.233,54.400000000000006
921,0.0003113746643066406,0.233,54.800000000000004
922,0.00041985511779785156,0.233,54.800000000000004
923,0.0004241466522216797,0.233,55.2
924,0.0004620552062988281,0.233,55.2
925,0.0004565715789794922,0.233,55.6
926,0.00044083595275878906,0.233,55.6
927,0.0004513263702392578,0.233,56.0
928,0.0004467964172363281,0.233,56.0
929,0.0004467964172363281,0.233,56.0
930,0.00032210350036621094,0.233,56.0
931,0.00043964385986328125,0.233,56.400000000000006
932,0.0012664794921875,0.233,56.400000000000006
933,0.00029754638671875,0.233,56.400000000000006
934,0.0004241466522216797,0.233,56.800000000000004
935,0.0004279613494873047,0.233,56.800000000000004
936,0.0004253387451171875,0.233,56.800000000000004
937,0.0002868175506591797,0.233,56.800000000000004
938,0.00045561790466308594,0.233,56.800000000000004
939,0.0004317760467529297,0.233,57.2
940,8.869171142578125e-05,0.233,57.2
941,0.0004153251647949219,0.233,57.2
942,0.0004296302795410156,0.233,57.2
943,0.00042510032653808594,0.233,57.2
944,0.00034928321838378906,0.233,57.2
945,0.0002593994140625,0.233,57.2
946,0.00044798851013183594,0.233,57.2
947,0.0006475448608398438,0.233,57.2
948,0.0007658004760742188,0.233,57.2
949,0.00033164024353027344,0.233,57.2
950,0.0004515647888183594,0.233,57.2
951,0.0005016326904296875,0.233,57.2
952,0.0011463165283203125,0.233,57.2
953,0.00043964385986328125,0.231,57.2
954,0.00036787986755371094,0.231,57.2
955,0.0004241466522216797,0.231,56.800000000000004
956,0.00043487548828125,0.231,56.800000000000004
957,0.0008678436279296875,0.231,56.800000000000004
958,0.00030493736267089844,0.231,56.800000000000004
959,0.0001251697540283203,0.231,56.400000000000006
960,0.00046133995056152344,0.231,56.400000000000006
961,0.00043964385986328125,0.231,56.400000000000006
962,0.0004303455352783203,0.231,56.0
963,0.0004336833953857422,0.231,56.0
964,0.0004286766052246094,0.231,56.0
965,0.0003082752227783203,0.231,55.6
966,0.0005688667297363281,0.231,55.6
967,0.0004246234893798828,0.231,55.2
968,0.00043964385986328125,0.231,55.2
969,0.00043702125549316406,0.231,54.800000000000004
970,0.0004260540008544922,0.231,54.800000000000004
971,0.0004315376281738281,0.231,54.400000000000006
972,9.5367431640625e-05,0.231,54.400000000000006
973,0.0003826618194580078,0.231,54.0
974,0.000453948974609375,0.231,54.0
975,0.0010623931884765625,0.231,53.6
976,0.0002932548522949219,0.231,53.6
977,0.0003006458282470703,0.231,53.6
978,0.00041604042053222656,0.231,53.2
979,0.0004253387451171875,0.231,53.2
980,0.0014367103576660156,0.231,52.800000000000004
981,0.00042128562927246094,0.231,52.800000000000004
982,0.0010132789611816406,0.231,52.800000000000004
983,0.0008039474487304688,0.231,52.400000000000006
984,0.00021719932556152344,0.231,52.400000000000006
985,0.00047397613525390625,0.231,52.400000000000006
986,0.0004563331604003906,0.233,52.0
987,0.0009768009185791016,0.233,52.0
988,0.0003077983856201172,0.233,52.0
989,0.0002923011779785156,0.233,52.0
990,0.0003426074981689453,0.233,51.6
991,0.0009107589721679688,0.233,51.6
992,0.00045800209045410156,0.233,51.6
993,0.0005435943603515625,0.233,51.6
994,0.0004291534423828125,0.233,51.6
995,0.00044226646423339844,0.233,51.6
996,0.0004191398620605469,0.233,51.6
997,0.00043773651123046875,0.233,51.6
998,0.0004322528839111328,0.235,52.0
999,0.0004963874816894531,0.235,52.0
1000,0.0004658699035644531,0.235,52.0
1001,0.0004372596740722656,0.235,52.0
1002,0.0013511180877685547,0.235,52.0
1003,0.00010275840759277344,0.235,52.400000000000006
1004,0.00030541419982910156,0.235,52.400000000000006
1005,0.00043010711669921875,0.235,52.400000000000006
1006,0.0004668235778808594,0.235,52.800000000000004
1007,0.0004146099090576172,0.237,52.800000000000004
1008,0.00029754638671875,0.237,53.2
1009,0.00011563301086425781,0.237,53.2
1010,0.0004341602325439453,0.237,53.2
1011,0.00042819976806640625,0.237,53.6
1012,0.00030803680419921875,0.237,53.6
1013,0.0003414154052734375,0.237,54.0
1014,0.000316619873046875,0.239,54.0
1015,0.00014662742614746094,0.239,54.400000000000006
1016,0.0002932548522949219,0.239,54.400000000000006
1017,0.0002384185791015625,0.239,54.800000000000004
1018,0.00033593177795410156,0.239,54.800000000000004
1019,0.0004448890686035156,0.239,55.2
1020,0.0006949901580810547,0.239,55.6
1021,0.0002415180206298828,0.239,55.6
1022,0.00030350685119628906,0.239,56.0
1023,0.00017118453979492188,0.239,56.0
1024,0.0003192424774169922,0.239,56.400000000000006
1025,0.0010304450988769531,0.239,56.400000000000006
1026,9.417533874511719e-05,0.239,56.800000000000004
1027,0.0003113746643066406,0.239,57.2
1028,0.0004253387451171875,0.239,57.2
1029,0.0003006458282470703,0.239,57.6
1030,0.00034546852111816406,0.239,57.6
1031,0.0005540847778320312,0.239,58.0
1032,0.00030684471130371094,0.239,58.400000000000006
1033,0.0004253387451171875,0.239,58.400000000000006
1034,0.0003046989440917969,0.239,58.800000000000004
1035,0.00031280517578125,0.239,58.800000000000004
1036,0.0003032684326171875,0.239,59.2
1037,0.0005400180816650391,0.239,59.2
1038,8.487701416015625e-05,0.239,59.2
1039,0.00030994415283203125,0.239,59.6
1040,0.00030493736267089844,0.239,59.6
1041,0.0002961158752441406,0.239,60.0
1042,0.0002951622009277344,0.239,60.0
1043,0.00014662742614746094,0.239,60.0
1044,0.0003514289855957031,0.239,60.0
1045,0.00040721893310546875,0.239,60.0
1046,0.0003211498260498047,0.239,60.0
1047,0.00030493736267089844,0.239,60.400000000000006
1048,0.0003364086151123047,0.239,60.400000000000006
1049,0.0003631114959716797,0.239,60.400000000000006
1050,0.0002758502960205078,0.239,60.400000000000006
1051,0.0002505779266357422,0.239,60.400000000000006
1052,0.0003097057342529297,0.239,60.400000000000006
1053,0.00031113624572753906,0.239,60.0
1054,0.0003027915954589844,0.239,60.0
1055,0.00029397010803222656,0.239,60.0
1056,0.00032901763916015625,0.239,60.0
1057,0.00017213821411132812,0.239,60.0
1058,0.0007336139678955078,0.239,60.0
1059,0.0003180503845214844,0.239,59.6
1060,0.00043463706970214844,0.239,59.6
1061,0.000164031982421875,0.239,59.6
1062,0.0004572868347167969,0.239,59.2
1063,0.0002505779266357422,0.239,59.2
1064,0.0003147125244140625,0.239,59.2
1065,0.0003230571746826172,0.239,58.800000000000004
1066,0.00019741058349609375,0.239,58.800000000000004
1067,0.00019741058349609375,0.239,58.800000000000004
1068,0.00015497207641601562,0.239,58.800000000000004
1069,0.00012969970703125,0.239,58.400000000000006
1070,0.00019431114196777344,0.237,58.400000000000006
1071,0.0002484321594238281,0.237,58.0
1072,0.00023555755615234375,0.237,58.0
1073,0.00010704994201660156,0.237,58.0
1074,0.00017404556274414062,0.235,57.6
1075,0.00033545494079589844,0.235,57.6
1076,0.0006124973297119141,0.235,57.6
1077,0.0004303455352783203,0.235,57.2
1078,0.0003597736358642578,0.235,57.2
1079,0.00034427642822265625,0.235,56.800000000000004
1080,0.00033545494079589844,0.235,56.400000000000006
1081,0.0004086494445800781,0.231,56.400000000000006
1082,0.00043582916259765625,0.231,56.0
1083,0.0002753734588623047,0.231,55.6
1084,0.00047779083251953125,0.231,55.6
1085,0.0005059242248535156,0.231,55.2
1086,0.00048351287841796875,0.231,54.800000000000004
1087,0.0002422332763671875,0.231,54.800000000000004
1088,0.0006611347198486328,0.231,54.400000000000006
1089,0.0005009174346923828,0.228,54.0
1090,0.0005292892456054688,0.228,53.6
1091,0.0004754066467285156,0.228,53.6
1092,0.0005626678466796875,0.228,53.2
1093,0.0002810955047607422,0.228,52.800000000000004
1094,0.0003325939178466797,0.228,52.800000000000004
1095,0.00047206878662109375,0.228,52.400000000000006
1096,0.00042819976806640625,0.228,52.0
1097,0.0003752708435058594,0.228,52.0
1098,0.0005698204040527344,0.228,51.6
1099,0.00035572052001953125,0.226,51.6
1100,0.0004820823669433594,0.226,51.2
1101,0.00044846534729003906,0.226,50.800000000000004
1102,0.00034236907958984375,0.226,50.800000000000004
1103,0.0004892349243164062,0.226,50.400000000000006
1104,0.0004582405090332031,0.226,50.400000000000006
1105,0.0004868507385253906,0.226,50.0
1106,0.0004115104675292969,0.226,50.0
1107,0.0003769397735595703,0.226,50.0
1108,0.0004818439483642578,0.226,49.6
1109,0.0004620552062988281,0.226,49.6
1110,0.0005826950073242188,0.226,49.6
1111,0.00046634674072265625,0.226,49.2
1112,0.0004165172576904297,0.226,49.2
1113,0.00028705596923828125,0.226,49.2
1114,0.00025081634521484375,0.226,49.2
1115,0.00034117698669433594,0.226,49.2
1116,0.0002827644348144531,0.226,49.2
1117,0.0003857612609863281,0.226,49.2
1118,0.00045680999755859375,0.226,49.2
1119,0.00037288665771484375,0.226,49.2
1120,0.00038933753967285156,0.226,49.2
1121,0.0004603862762451172,0.226,49.2
1122,0.00042319297790527344,0.226,49.2
1123,0.00041556358337402344,0.226,49.2
1124,0.00041413307189941406,0.226,49.2
1125,0.00041556358337402344,0.226,49.6
1126,0.00041294097900390625,0.226,49.6
1127,0.0008406639099121094,0.226,49.6
1128,0.00045490264892578125,0.226,49.6
1129,0.0015482902526855469,0.226,50.0
1130,0.0004506111145019531,0.226,50.0
1131,0.001497507095336914,0.226,50.0
1132,0.00043392181396484375,0.226,50.400000000000006
1133,0.0003132820129394531,0.226,50.400000000000006
1134,0.0005147457122802734,0.226,50.800000000000004
1135,0.00045752525329589844,0.226,50.800000000000004
1136,0.0004317760467529297,0.226,50.800000000000004
1137,0.00041484832763671875,0.226,51.2
1138,0.0004038810729980469,0.226,51.2
1139,0.0004050731658935547,0.228,51.6
1140,0.0004036426544189453,0.228,51.6
1141,0.00039768218994140625,0.228,52.0
1142,0.000400543212890625,0.228,52.0
1143,0.0006642341613769531,0.228,52.400000000000006
1144,0.0004582405090332031,0.228,52.400000000000006
1145,0.0014324188232421875,0.231,52.800000000000004
1146,0.00043082237243652344,0.231,52.800000000000004
1147,0.0015826225280761719,0.231,52.800000000000004
1148,0.0004203319549560547,0.231,53.2
1149,0.0011985301971435547,0.231,53.2
1150,0.0004203319549560547,0.231,53.6
1151,0.0014340877532958984,0.231,53.6
1152,0.00042319297790527344,0.231,53.6
1153,0.001623392105102539,0.231,54.0
1154,0.0004584789276123047,0.231,54.0
1155,0.0015156269073486328,0.231,54.400000000000006
1156,0.0004215240478515625,0.231,54.400000000000006
1157,0.0014400482177734375,0.231,54.800000000000004
1158,0.0004203319549560547,0.231,54.800000000000004
1159,0.0014443397521972656,0.233,54.800000000000004
1160,0.000453948974609375,0.233,55.2
1161,0.0011794567108154297,0.233,55.2
1162,0.00041794776916503906,0.233,55.6
1163,0.0011792182922363281,0.233,55.6
1164,0.0004367828369140625,0.233,55.6
1165,0.0003502368927001953,0.235,56.0
1166,0.0004527568817138672,0.235,56.0
1167,0.0004451274871826172,0.235,56.0
1168,0.0005655288696289062,0.235,56.400000000000006
1169,0.00045418739318847656,0.235,56.400000000000006
1170,0.0008924007415771484,0.235,56.400000000000006
1171,0.0004284381866455078,0.235,56.400000000000006
1172,0.0005404949188232422,0.235,56.800000000000004
1173,0.0006463527679443359,0.237,56.800000000000004
1174,0.0004787445068359375,0.237,56.800000000000004
1175,0.0004267692565917969,0.237,56.800000000000004
1176,0.0004115104675292969,0.237,57.2
1177,0.0004088878631591797,0.237,57.2
1178,0.00041365623474121094,0.237,57.2
1179,0.0004260540008544922,0.237,57.2
1180,0.00040984153747558594,0.237,57.6
1181,0.0011773109436035156,0.237,57.6
1182,0.0004267692565917969,0.237,57.6
1183,0.0014574527740478516,0.237,57.6
1184,0.00046944618225097656,0.237,57.6
1185,0.0007474422454833984,0.237,57.6
1186,0.0005412101745605469,0.237,58.0
1187,0.00042629241943359375,0.237,58.0
1188,0.0005819797515869141,0.239,58.0
1189,0.0004181861877441406,0.239,58.0
1190,0.0004448890686035156,0.239,58.0
1191,0.0004291534423828125,0.239,58.0
1192,0.0005178451538085938,0.239,58.0
1193,0.0004177093505859375,0.239,58.0
1194,0.000186920166015625,0.239,58.0
1195,0.00024962425231933594,0.239,58.0
1196,0.00021529197692871094,0.241,58.0
1197,9.775161743164062e-05,0.241,58.400000000000006
1198,0.0003695487976074219,0.241,58.400000000000006
1199,0.0004608631134033203,0.241,58.400000000000006
1200,0.0004305839538574219,0.241,58.400000000000006
1201,0.00041413307189941406,0.241,58.400000000000006
1202,0.00042057037353515625,0.241,58.400000000000006
1203,0.00016999244689941406,0.241,58.400000000000006
1204,0.000331878662109375,0.241,58.400000000000006
1205,0.000530242919921875,0.241,58.400000000000006
1206,0.0002796649932861328,0.241,58.400000000000006
1207,0.0003864765167236328,0.241,58.400000000000006
1208,0.00015163421630859375,0.241,58.400000000000006
1209,0.0004265308380126953,0.241,58.400000000000006
1210,0.00014066696166992188,0.241,58.800000000000004
1211,0.00014066696166992188,0.241,58.800000000000004
1212,0.00027251243591308594,0.241,58.800000000000004
1213,0.000217437744140625,0.241,58.800000000000004
1214,0.00039196014404296875,0.241,58.800000000000004
1215,0.0007114410400390625,0.241,58.800000000000004
1216,0.0003876686096191406,0.241,58.800000000000004
1217,0.00041174888610839844,0.241,58.800000000000004
1218,0.0004839897155761719,0.244,58.800000000000004
1219,0.0005810260772705078,0.244,59.2
1220,0.00028443336486816406,0.246,59.2
1221,0.00036597251892089844,0.246,59.2
1222,0.00044465065002441406,0.246,59.2
1223,0.0004477500915527344,0.246,59.2
1224,0.0004067420959472656,0.248,59.2
1225,0.0004353523254394531,0.248,59.6
1226,0.00040721893310546875,0.248,59.6
1227,0.0005259513854980469,0.25,59.6
1228,0.001298666000366211,0.25,59.6
1229,0.0004398822784423828,0.25,59.6
1230,0.0016813278198242188,0.25,59.6
1231,0.0004298686981201172,0.25,60.0
1232,0.0014674663543701172,0.25,60.0
1233,0.00047206878662109375,0.25,60.0
1234,0.0014057159423828125,0.25,60.400000000000006
1235,0.0004899501800537109,0.25,60.400000000000006
1236,0.0015113353729248047,0.25,60.400000000000006
1237,0.0005095005035400391,0.25,60.800000000000004
1238,0.0003516674041748047,0.25,60.800000000000004
1239,0.0002467632293701172,0.25,60.800000000000004
1240,0.0002532005310058594,0.25,61.2
1241,0.00030422210693359375,0.25,61.2
1242,0.00042128562927246094,0.25,61.6
1243,0.0004494190216064453,0.25,61.6
1244,0.0005443096160888672,0.25,62.0
1245,0.0003459453582763672,0.25,62.0
1246,0.00044918060302734375,0.25,62.400000000000006
1247,0.0003542900085449219,0.25,62.400000000000006
1248,0.00046324729919433594,0.25,62.800000000000004
1249,0.0004305839538574219,0.25,63.2
1250,0.0004124641418457031,0.25,63.2
1251,0.0004169940948486328,0.25,63.6
1252,0.0004439353942871094,0.25,63.6
1253,0.0004203319549560547,0.25,64.0
1254,0.0004611015319824219,0.25,64.4
1255,0.0009737014770507812,0.25,64.4
1256,0.00045680999755859375,0.25,64.8
1257,0.0016613006591796875,0.25,64.8
1258,0.000446319580078125,0.25,65.2
1259,0.0015158653259277344,0.25,65.2
1260,0.00048470497131347656,0.25,65.60000000000001
1261,0.0006160736083984375,0.25,65.60000000000001
1262,0.0005631446838378906,0.25,66.0
1263,0.0005080699920654297,0.25,66.0
1264,0.000461578369140625,0.25,66.0
1265,0.00042057037353515625,0.25,66.4
1266,0.0010650157928466797,0.25,66.4
1267,0.00044918060302734375,0.25,66.4
1268,0.0005350112915039062,0.25,66.8
1269,0.0004322528839111328,0.25,66.8
1270,0.00044608116149902344,0.25,66.8
1271,0.00041031837463378906,0.25,66.8
1272,0.00045228004455566406,0.25,66.8
1273,0.00042176246643066406,0.25,66.8
1274,0.0003981590270996094,0.25,66.8
1275,0.0004341602325439453,0.25,66.8
1276,0.0004050731658935547,0.25,66.8
1277,0.0012819766998291016,0.25,66.8
1278,0.00042319297790527344,0.25,66.8
1279,0.0013854503631591797,0.25,66.8
1280,0.00042366981506347656,0.25,66.8
1281,0.0015130043029785156,0.25,66.8
1282,0.00042057037353515625,0.25,66.8
1283,0.001482248306274414,0.25,66.4
1284,0.0004565715789794922,0.25,66.4
1285,0.0016484260559082031,0.25,66.4
1286,0.00045228004455566406,0.25,66.0
1287,0.0016260147094726562,0.25,66.0
1288,0.0004227161407470703,0.25,66.0
1289,0.001344919204711914,0.25,65.60000000000001
1290,0.00042438507080078125,0.25,65.60000000000001
1291,0.0014944076538085938,0.25,65.60000000000001
1292,0.0004267692565917969,0.25,65.2
1293,0.0014688968658447266,0.25,65.2
1294,0.00044798851013183594,0.25,64.8
1295,0.0014376640319824219,0.25,64.8
1296,0.00044727325439453125,0.25,64.4
1297,0.0017306804656982422,0.25,64.4
1298,0.000415802001953125,0.25,64.4
1299,0.0016036033630371094,0.25,64.0
1300,0.00042510032653808594,0.25,64.0
1301,0.0014598369598388672,0.25,63.6
1302,0.0004241466522216797,0.25,63.6
1303,0.0014772415161132812,0.25,63.2
1304,0.0004291534423828125,0.25,63.2
1305,0.0018966197967529297,0.25,62.800000000000004
1306,0.00041794776916503906,0.25,62.800000000000004
1307,0.0015256404876708984,0.25,62.400000000000006
1308,0.00041794776916503906,0.25,62.400000000000006
1309,0.0013835430145263672,0.25,62.400000000000006
1310,0.00045871734619140625,0.25,62.0
1311,0.001641988754272461,0.25,62.0
1312,0.0005311965942382812,0.25,62.0
1313,0.00033783912658691406,0.25,61.6
1314,0.0005698204040527344,0.25,61.6
1315,0.0004451274871826172,0.25,61.6
1316,0.0004658699035644531,0.25,61.2
1317,0.00046634674072265625,0.25,61.2
1318,0.0005872249603271484,0.25,61.2
1319,0.00044345855712890625,0.25,61.2
1320,0.00042366981506347656,0.25,61.2
1321,0.0004150867462158203,0.25,61.2
1322,0.0004086494445800781,0.25,61.2
1323,0.0004208087921142578,0.25,61.2
1324,0.0004038810729980469,0.25,61.2
1325,0.0004506111145019531,0.25,61.2
1326,0.0016875267028808594,0.25,61.2
1327,0.0005571842193603516,0.25,61.2
1328,0.0006558895111083984,0.25,61.2
1329,0.00046515464782714844,0.25,61.2
1330,0.0004773139953613281,0.25,61.2
1331,0.0004932880401611328,0.25,61.2
1332,0.00035452842712402344,0.25,61.2
1333,0.0008203983306884766,0.25,61.2
1334,0.0005087852478027344,0.25,61.2
1335,0.00045371055603027344,0.25,61.6
1336,0.00040602684020996094,0.25,61.6
1337,0.0004782676696777344,0.25,61.6
1338,0.0004742145538330078,0.25,61.6
1339,0.0004506111145019531,0.25,61.6
1340,0.0004169940948486328,0.25,62.0
1341,0.0004639625549316406,0.25,62.0
1342,0.0004703998565673828,0.25,62.0
1343,0.0006639957427978516,0.25,62.400000000000006
1344,0.0004622936248779297,0.25,62.400000000000006
1345,0.0004696846008300781,0.25,62.400000000000006
1346,0.0005891323089599609,0.25,62.800000000000004
1347,0.0005402565002441406,0.25,62.800000000000004
1348,0.0003249645233154297,0.25,62.800000000000004
1349,0.0004487037658691406,0.25,63.2
1350,0.0004334449768066406,0.25,63.2
1351,0.0004112720489501953,0.25,63.2
1352,0.0004107952117919922,0.25,63.2
1353,0.0004253387451171875,0.25,63.6
1354,0.00037860870361328125,0.246,63.6
1355,0.000507354736328125,0.246,63.6
1356,0.0004582405090332031,0.244,64.0
1357,0.0004432201385498047,0.244,64.0
1358,0.00043201446533203125,0.244,64.0
1359,0.0004096031188964844,0.241,64.0
1360,0.0004963874816894531,0.239,64.0
1361,0.00042724609375,0.239,64.4
1362,0.00047469139099121094,0.239,64.4
1363,0.0004391670227050781,0.239,64.4
1364,0.0005366802215576172,0.239,64.4
1365,0.00047016143798828125,0.237,64.4
1366,0.00047016143798828125,0.237,64.4
1367,0.001153707504272461,0.235,64.4
1368,0.0005958080291748047,0.235,64.4
1369,0.00043129920959472656,0.233,64.0
1370,0.0005006790161132812,0.231,64.0
1371,0.00047326087951660156,0.224,64.0
1372,0.0004680156707763672,0.224,63.6
1373,0.0005512237548828125,0.224,63.6
1374,0.0004508495330810547,0.224,63.2
1375,0.0005104541778564453,0.222,63.2
1376,0.0004429817199707031,0.222,62.800000000000004
1377,0.00048232078552246094,0.222,62.400000000000006
1378,0.0005207061767578125,0.222,62.0
1379,0.0004391670227050781,0.222,61.6
1380,0.00045943260192871094,0.222,61.2
1381,0.0002932548522949219,0.222,60.800000000000004
1382,0.0003910064697265625,0.222,60.400000000000006
1383,0.0004382133483886719,0.222,59.6
1384,0.0004482269287109375,0.222,59.2
1385,0.000438690185546875,0.222,58.400000000000006
1386,0.0005216598510742188,0.222,57.6
1387,0.0004754066467285156,0.222,57.2
1388,0.00044345855712890625,0.222,56.400000000000006
1389,0.0004949569702148438,0.222,55.6
1390,0.0004892349243164062,0.222,54.800000000000004
1391,0.0004353523254394531,0.222,54.0
1392,0.0004420280456542969,0.222,53.2
1393,0.00044655799865722656,0.222,52.400000000000006
1394,0.0004737377166748047,0.222,51.6
1395,0.00048613548278808594,0.222,50.800000000000004
1396,0.0005385875701904297,0.222,50.0
1397,0.0007581710815429688,0.222,49.2
1398,0.00046753883361816406,0.222,48.400000000000006
1399,0.00029659271240234375,0.222,47.6
1400,0.0005075931549072266,0.222,46.800000000000004
1401,0.0004417896270751953,0.222,46.400000000000006
1402,0.0004923343658447266,0.222,45.6
1403,0.0006926059722900391,0.222,44.800000000000004
1404,0.0009381771087646484,0.222,44.400000000000006
1405,0.00040435791015625,0.222,43.6
1406,0.00047707557678222656,0.222,43.2
1407,0.0005359649658203125,0.222,42.800000000000004
1408,0.0004343986511230469,0.222,42.400000000000006
1409,0.0006473064422607422,0.222,42.0
1410,0.0003497600555419922,0.222,41.6
1411,0.0005228519439697266,0.222,41.2
1412,0.0005164146423339844,0.222,40.800000000000004
1413,0.0005679130554199219,0.222,40.800000000000004
1414,0.0004787445068359375,0.222,40.800000000000004
1415,0.0003082752227783203,0.222,40.800000000000004
1416,0.0005586147308349609,0.222,40.800000000000004
1417,0.00035262107849121094,0.222,40.800000000000004
1418,0.0005559921264648438,0.222,40.800000000000004
1419,0.0003490447998046875,0.222,40.800000000000004
1420,0.0005536079406738281,0.222,41.2
1421,0.0002751350402832031,0.224,41.6
1422,0.0004792213439941406,0.224,41.6
1423,0.0005679130554199219,0.224,42.0
1424,0.00034928321838378906,0.224,42.400000000000006
1425,0.00047707557678222656,0.224,42.800000000000004
1426,0.0016198158264160156,0.224,43.2
1427,0.0003948211669921875,0.224,43.6
1428,0.0005888938903808594,0.224,44.400000000000006
1429,0.0004715919494628906,0.224,44.800000000000004
1430,0.00045871734619140625,0.224,45.2
1431,0.00043463706970214844,0.224,46.0
1432,0.00043582916259765625,0.224,46.400000000000006
1433,0.00046253204345703125,0.224,47.2
1434,0.0010383129119873047,0.224,47.6
1435,0.0003437995910644531,0.224,48.400000000000006
1436,0.0008094310760498047,0.224,49.2
1437,0.0004336833953857422,0.224,49.6
1438,0.0005648136138916016,0.224,50.400000000000006
1439,0.0005583763122558594,0.224,50.800000000000004
1440,0.00043010711669921875,0.226,51.6
1441,0.0005087852478027344,0.226,52.400000000000006
1442,0.0004241466522216797,0.226,52.800000000000004
1443,0.0005877017974853516,0.226,53.6
1444,0.0004532337188720703,0.226,54.0
1445,0.0004611015319824219,0.226,54.800000000000004
1446,0.0005941390991210938,0.226,55.2
1447,0.00042366981506347656,0.226,55.6
1448,0.0005397796630859375,0.226,56.400000000000006
1449,0.0004558563232421875,0.226,56.800000000000004
1450,0.0005369186401367188,0.226,57.2
1451,0.00042748451232910156,0.226,57.6
1452,0.0004544258117675781,0.226,58.0
1453,0.0008962154388427734,0.226,58.400000000000006
1454,0.0005309581756591797,0.226,58.800000000000004
1455,0.00044083595275878906,0.226,59.2
1456,0.0001342296600341797,0.226,59.2
1457,0.0002295970916748047,0.226,59.6
1458,0.0005526542663574219,0.226,59.6
1459,0.0003287792205810547,0.226,60.0
1460,0.0007338523864746094,0.224,60.0
1461,0.0005364418029785156,0.224,60.0
1462,0.00042724609375,0.224,60.0
1463,0.0005271434783935547,0.224,60.0
1464,0.0004775524139404297,0.21600000000000005,60.0
1465,0.00046634674072265625,0.209,60.0
1466,0.000396728515625,0.203,60.0
1467,0.0003123283386230469,0.203,59.6
1468,0.0005972385406494141,0.203,59.6
1469,0.0008325576782226562,0.203,59.2
1470,0.0003077983856201172,0.203,59.2
1471,0.0003056526184082031,0.203,58.800000000000004
1472,0.0006346702575683594,0.203,58.400000000000006
1473,0.0004189014434814453,0.203,58.0
1474,0.0003142356872558594,0.203,57.2
1475,0.0003974437713623047,0.203,56.800000000000004
1476,0.00045418739318847656,0.207,56.0
1477,0.0002911090850830078,0.209,55.2
1478,0.00014853477478027344,0.211,54.400000000000006
1479,0.00017690658569335938,0.211,53.6
1480,0.00013518333435058594,0.211,52.800000000000004
1481,0.000164031982421875,0.211,52.0
1482,0.00016498565673828125,0.211,50.800000000000004
1483,0.00019049644470214844,0.211,50.0
1484,0.0002765655517578125,0.211,48.800000000000004
1485,0.0003173351287841797,0.211,48.0
1486,0.00032448768615722656,0.211,46.800000000000004
1487,0.00036907196044921875,0.211,45.6
1488,0.000244140625,0.211,44.800000000000004
1489,0.0002541542053222656,0.213,43.6
1490,0.00013685226440429688,0.21600000000000005,42.800000000000004
1491,0.0002498626708984375,0.22,41.6
1492,0.00023937225341796875,0.224,40.800000000000004
1493,0.00026679039001464844,0.228,40.0
1494,0.0002429485321044922,0.231,38.800000000000004
1495,0.0003020763397216797,0.233,38.0
1496,0.0004057884216308594,0.235,37.2
1497,0.00030112266540527344,0.235,36.800000000000004
1498,0.00017976760864257812,0.235,36.0
1499,0.00015926361083984375,0.239,35.6
1500,0.00029540061950683594,0.244,35.2
1501,0.00024008750915527344,0.248,34.800000000000004
1502,0.0003814697265625,0.25,34.4
1503,0.0003829002380371094,0.25,34.4
1504,0.00048542022705078125,0.25,34.4
1505,0.000431060791015625,0.25,34.4
1506,0.0003745555877685547,0.25,34.800000000000004
1507,0.0004439353942871094,0.25,35.2
1508,0.0006389617919921875,0.25,35.6
1509,0.00042629241943359375,0.25,36.4
1510,0.0004355907440185547,0.25,37.2
1511,0.0005209445953369141,0.25,38.0
1512,0.0005209445953369141,0.25,38.0
1513,0.0004477500915527344,0.25,38.800000000000004
1514,0.0004329681396484375,0.25,40.0
1515,0.0004916191101074219,0.25,41.2
1516,0.0018177032470703125,0.25,42.400000000000006
1517,0.0005040168762207031,0.25,43.6
1518,0.0017113685607910156,0.25,45.2
1519,0.00048351287841796875,0.25,46.800000000000004
1520,0.00142669677734375,0.25,48.0
1521,0.001644134521484375,0.25,49.6
1522,0.00045180320739746094,0.25,51.6
1523,0.0013763904571533203,0.25,53.2
1524,0.0004444122314453125,0.25,54.800000000000004
1525,0.0005388259887695312,0.25,56.400000000000006
1526,0.00045013427734375,0.25,58.400000000000006
1527,0.00043392181396484375,0.25,60.0
1528,0.0007801055908203125,0.25,61.6
1529,0.0005421638488769531,0.25,63.6
1530,0.00045228004455566406,0.25,65.2
1531,0.0004303455352783203,0.25,66.8
1532,0.0004591941833496094,0.25,68.4
1533,0.0004229545593261719,0.25,70.4
1534,0.00045490264892578125,0.25,72.0
1535,0.00016427040100097656,0.25,73.2
1536,0.0004165172576904297,0.25,74.8
1537,0.0006771087646484375,0.25,76.4
1538,0.0005011558532714844,0.25,77.60000000000001
1539,0.0006048679351806641,0.25,80.4
1540,0.0004534721374511719,0.25,81.60000000000001
1541,0.000431060791015625,0.25,82.80000000000001
1542,0.0004227161407470703,0.25,84.0
1543,0.00042319297790527344,0.25,85.2
1544,0.00041484832763671875,0.25,86.4
1545,0.0004069805145263672,0.25,87.2
1546,0.0004076957702636719,0.25,88.0
1547,0.0004069805145263672,0.25,89.2
1548,0.0004093647003173828,0.25,90.0
1549,0.0008625984191894531,0.25,90.80000000000001
1550,0.0007770061492919922,0.25,91.60000000000001
1551,0.0004360675811767578,0.25,92.0
1552,0.0007810592651367188,0.25,92.80000000000001
1553,0.0004761219024658203,0.25,93.2
1554,0.0009522438049316406,0.25,94.0
1555,0.00044274330139160156,0.25,94.4
1556,0.0014815330505371094,0.25,94.80000000000001
1557,0.0004341602325439453,0.25,95.2
1558,0.0014560222625732422,0.25,95.60000000000001
1559,0.00044155120849609375,0.25,95.60000000000001
1560,0.0016148090362548828,0.25,96.0
1561,0.0004367828369140625,0.25,96.0
1562,0.0013163089752197266,0.25,96.4
1563,0.0014376640319824219,0.25,96.4
1564,0.0004265308380126953,0.25,96.4
1565,0.0015244483947753906,0.25,96.4
1566,0.000438690185546875,0.25,96.4
1567,0.0014853477478027344,0.25,96.4
1568,0.0004756450653076172,0.25,96.4
1569,0.0014524459838867188,0.25,96.0
1570,0.0013401508331298828,0.25,96.0
1571,0.0004620552062988281,0.25,95.60000000000001
1572,0.0015230178833007812,0.25,95.60000000000001
1573,0.0013585090637207031,0.25,95.2
1574,0.00044846534729003906,0.25,94.80000000000001
1575,0.0015108585357666016,0.25,94.4
1576,0.0004456043243408203,0.25,94.0
1577,0.0014410018920898438,0.25,93.60000000000001
1578,0.00047326087951660156,0.25,92.80000000000001
1579,0.0011453628540039062,0.25,92.4
1580,0.00045800209045410156,0.25,92.0
1581,0.0011970996856689453,0.25,91.2
1582,0.00045871734619140625,0.25,90.4
1583,0.0014252662658691406,0.25,90.0
1584,0.0004220008850097656,0.25,89.2
1585,0.0015397071838378906,0.25,88.4
1586,0.0004374980926513672,0.25,87.60000000000001
1587,0.001537322998046875,0.25,86.4
1588,0.00044345855712890625,0.25,85.60000000000001
1589,0.0015134811401367188,0.25,84.80000000000001
1590,0.0014734268188476562,0.25,83.60000000000001
1591,0.00046515464782714844,0.25,82.80000000000001
1592,0.0015361309051513672,0.25,81.60000000000001
1593,0.00045013427734375,0.25,80.80000000000001
1594,0.0004210472106933594,0.25,79.60000000000001
1595,0.0004572868347167969,0.25,78.4
1596,0.0004074573516845703,0.25,77.2
1597,0.0007040500640869141,0.25,76.0
1598,0.0004792213439941406,0.25,74.8
1599,0.0007638931274414062,0.25,73.60000000000001
1600,0.000461578369140625,0.25,72.4
1601,0.00042724609375,0.25,71.2
1602,0.0012362003326416016,0.25,69.60000000000001
1603,0.001424551010131836,0.25,68.4
1604,0.0004343986511230469,0.25,67.2
1605,0.0014162063598632812,0.25,66.0
1606,0.0014872550964355469,0.25,64.4
1607,0.00043773651123046875,0.25,63.2
1608,0.0014162063598632812,0.25,62.0
1609,0.00042748451232910156,0.25,60.800000000000004
1610,0.0014085769653320312,0.25,59.2
1611,0.0004208087921142578,0.25,58.0
1612,0.0013720989227294922,0.25,56.800000000000004
1613,0.00047016143798828125,0.25,55.6
1614,0.001434326171875,0.25,54.400000000000006
1615,0.0015263557434082031,0.25,53.6
1616,0.00048089027404785156,0.25,52.400000000000006
1617,0.0016083717346191406,0.25,51.2
1618,0.0004470348358154297,0.25,50.400000000000006
1619,0.0014486312866210938,0.25,49.6
1620,0.00046539306640625,0.25,48.800000000000004
1621,0.0014693737030029297,0.25,48.0
1622,0.0004591941833496094,0.25,47.2
1623,0.0014867782592773438,0.25,46.800000000000004
1624,0.0004456043243408203,0.25,46.0
1625,0.0015344619750976562,0.25,45.6
1626,0.001285552978515625,0.25,45.2
1627,0.001402139663696289,0.25,45.2
1628,0.0014815330505371094,0.25,44.800000000000004
1629,0.0004322528839111328,0.25,44.800000000000004
1630,0.0015697479248046875,0.25,44.800000000000004
1631,0.0013954639434814453,0.25,44.800000000000004
1632,0.0004353523254394531,0.25,44.800000000000004
1633,0.0014796257019042969,0.25,45.2
1634,0.00042629241943359375,0.25,45.6
1635,0.0013353824615478516,0.25,45.6
1636,0.00042128562927246094,0.25,46.400000000000006
1637,0.0011637210845947266,0.25,46.800000000000004
1638,0.0004298686981201172,0.25,47.2
1639,0.0011548995971679688,0.25,48.0
1640,0.0004210472106933594,0.25,48.800000000000004
1641,0.0011379718780517578,0.25,49.6
1642,0.0004220008850097656,0.25,50.400000000000006
1643,0.0018169879913330078,0.25,51.2
1644,0.0004241466522216797,0.25,52.0
1645,0.0015299320220947266,0.25,52.800000000000004
1646,0.0004131793975830078,0.25,54.0
1647,0.0017275810241699219,0.25,54.800000000000004
1648,0.00046944618225097656,0.25,56.0
1649,0.001617431640625,0.25,56.800000000000004
1650,0.0004210472106933594,0.25,58.0
1651,0.0013935565948486328,0.25,59.2
1652,0.00042247772216796875,0.25,60.0
1653,0.0013980865478515625,0.25,61.2
1654,0.00046181678771972656,0.25,62.0
1655,0.0016644001007080078,0.25,63.2
1656,0.0004611015319824219,0.25,64.4
1657,0.001344442367553711,0.25,65.2
1658,0.000461578369140625,0.25,66.4
1659,0.0011539459228515625,0.25,67.2
1660,0.00043129920959472656,0.25,68.4
1661,0.001422882080078125,0.25,69.2
1662,0.001422882080078125,0.25,69.2
1663,0.0013194084167480469,0.25,70.0
1664,0.0004298686981201172,0.25,70.8
1665,0.0016443729400634766,0.25,71.60000000000001
1666,0.0004563331604003906,0.25,72.8
1667,0.0014240741729736328,0.25,73.2
1668,0.0004525184631347656,0.25,74.0
1669,0.0012230873107910156,0.25,74.8
1670,0.0004456043243408203,0.25,75.60000000000001
1671,0.0015091896057128906,0.25,76.0
1672,0.00043201446533203125,0.25,76.80000000000001
1673,0.0014064311981201172,0.25,77.2
1674,0.0014913082122802734,0.25,77.60000000000001
1675,0.0004398822784423828,0.25,78.0
1676,0.0013041496276855469,0.25,78.4
1677,0.0004723072052001953,0.25,78.80000000000001
1678,0.0014345645904541016,0.25,79.2
1679,0.0004315376281738281,0.25,79.60000000000001
1680,0.0013134479522705078,0.25,79.60000000000001
1681,0.00042128562927246094,0.25,80.0
1682,0.0011446475982666016,0.25,80.0
1683,0.00043010711669921875,0.25,80.0
1684,0.0011284351348876953,0.25,80.0
1685,0.0004546642303466797,0.25,80.0
1686,0.0014328956604003906,0.25,80.0
1687,0.0014238357543945312,0.25,79.60000000000001
1688,0.00042319297790527344,0.25,79.60000000000001
1689,0.0014486312866210938,0.25,79.2
1690,0.0004165172576904297,0.25,79.2
1691,0.0016300678253173828,0.25,78.80000000000001
1692,0.0004525184631347656,0.25,78.4
1693,0.0011239051818847656,0.25,78.0
1694,0.0009450912475585938,0.25,77.60000000000001
1695,0.0004811286926269531,0.25,77.2
1696,0.0015435218811035156,0.25,76.80000000000001
1697,0.001409769058227539,0.25,76.4
1698,0.0005762577056884766,0.25,75.60000000000001
1699,0.0016739368438720703,0.25,75.2
1700,0.0005595684051513672,0.25,74.8
1701,0.001672983169555664,0.25,74.0
1702,0.0005805492401123047,0.25,73.2
1703,0.00222015380859375,0.25,72.8
1704,0.0005979537963867188,0.25,72.0
1705,0.0016646385192871094,0.25,71.2
1706,0.0005819797515869141,0.25,70.4
1707,0.0015838146209716797,0.25,69.60000000000001
1708,0.0004818439483642578,0.25,68.8
1709,0.001829385757446289,0.25,68.0
1710,0.0004980564117431641,0.25,67.2
1711,0.0021543502807617188,0.25,66.4
1712,0.0011262893676757812,0.25,65.60000000000001
1713,0.0005304813385009766,0.25,64.8
1714,0.0018732547760009766,0.25,64.0
1715,0.0006339550018310547,0.25,63.2
1716,0.0016849040985107422,0.25,62.400000000000006
1717,0.0019488334655761719,0.25,61.6
1718,0.0011744499206542969,0.25,60.800000000000004
1719,0.0008053779602050781,0.25,60.0
1720,0.002198934555053711,0.25,59.6
1721,0.0008034706115722656,0.25,58.800000000000004
1722,0.0017597675323486328,0.25,58.0
1723,0.0016067028045654297,0.25,57.2
1724,0.0018429756164550781,0.25,56.800000000000004
1725,0.0014123916625976562,0.25,56.0
1726,0.0017018318176269531,0.25,55.6
1727,0.0005202293395996094,0.25,54.800000000000004
1728,0.0016841888427734375,0.25,54.400000000000006
1729,0.001203298568725586,0.25,54.0
1730,0.0007867813110351562,0.25,53.6
1731,0.0016207695007324219,0.25,53.2
1732,0.0006492137908935547,0.25,52.800000000000004
1733,0.0011477470397949219,0.25,52.400000000000006
1734,0.0016410350799560547,0.25,52.400000000000006
1735,0.0016598701477050781,0.25,52.0
1736,0.001695871353149414,0.25,52.0
1737,0.0013890266418457031,0.25,52.0
1738,0.0011544227600097656,0.25,52.0
1739,0.001768350601196289,0.25,51.6
1740,0.0014843940734863281,0.25,52.0
1741,0.0022406578063964844,0.25,52.0
1742,0.0011911392211914062,0.25,52.0
1743,0.0008859634399414062,0.25,52.400000000000006
1744,0.002168416976928711,0.25,52.400000000000006
1745,0.0007817745208740234,0.25,52.800000000000004
1746,0.0017058849334716797,0.25,53.2
1747,0.0016224384307861328,0.25,53.6
1748,0.0015134811401367188,0.25,53.6
1749,0.0019986629486083984,0.25,54.400000000000006
1750,0.0008053779602050781,0.25,54.800000000000004
1751,0.001833200454711914,0.25,55.2
1752,0.0007627010345458984,0.25,55.6
1753,0.001216888427734375,0.25,56.0
1754,0.0006067752838134766,0.25,56.800000000000004
1755,0.0006783008575439453,0.25,57.2
1756,0.0003216266632080078,0.25,58.0
1757,0.0004482269287109375,0.25,58.400000000000006
1758,0.0008058547973632812,0.25,59.2
1759,0.0004677772521972656,0.25,59.6
1760,0.0005140304565429688,0.25,60.400000000000006
1761,0.00016570091247558594,0.25,60.800000000000004
1762,0.0001475811004638672,0.25,61.6
1763,0.0003273487091064453,0.25,62.0
1764,0.000240325927734375,0.25,62.800000000000004
1765,0.0003390312194824219,0.25,63.2
1766,0.00042939186096191406,0.25,64.0
1767,0.00041556358337402344,0.25,64.4
1768,0.0005311965942382812,0.25,65.2
1769,0.0003497600555419922,0.25,65.60000000000001
1770,0.0005383491516113281,0.25,66.0
1771,0.0008754730224609375,0.25,66.8
1772,0.0006499290466308594,0.25,67.2
1773,0.0018384456634521484,0.25,67.60000000000001
1774,0.0009112358093261719,0.25,68.0
1775,0.0004563331604003906,0.25,68.8
1776,0.000446319580078125,0.25,69.2
1777,0.0004935264587402344,0.25,69.60000000000001
1778,0.0011143684387207031,0.25,70.0
1779,0.0009951591491699219,0.25,70.4
1780,0.0007045269012451172,0.25,70.4
1781,0.0024678707122802734,0.25,70.8
1782,0.0005829334259033203,0.25,71.2
1783,0.001688241958618164,0.25,71.60000000000001
1784,0.0005676746368408203,0.25,71.60000000000001
1785,0.0016973018646240234,0.25,72.0
1786,0.0014896392822265625,0.25,72.0
1787,0.0021266937255859375,0.25,72.4
1788,0.0015039443969726562,0.25,72.4
1789,0.002129793167114258,0.25,72.4
1790,0.00035834312438964844,0.25,72.8
1791,0.0012135505676269531,0.25,72.8
1792,0.00015926361083984375,0.25,72.8
1793,0.0010046958923339844,0.25,72.8
1794,0.00020241737365722656,0.25,72.8
1795,0.0002961158752441406,0.25,72.8
1796,0.0003676414489746094,0.25,72.8
1797,0.0003676414489746094,0.25,72.8
1798,0.0003590583801269531,0.25,72.4
1799,0.0002951622009277344,0.25,72.4
1800,0.00048732757568359375,0.25,72.4
1801,0.0004050731658935547,0.25,72.0
1802,0.0009589195251464844,0.25,72.0
1803,0.00042438507080078125,0.25,71.60000000000001
1804,0.001844167709350586,0.25,71.60000000000001
1805,0.0007026195526123047,0.25,71.2
1806,0.0013098716735839844,0.25,70.8
1807,0.0005004405975341797,0.25,70.8
1808,0.00027370452880859375,0.25,70.4
1809,0.0001533031463623047,0.25,70.0
1810,0.00014734268188476562,0.25,69.60000000000001
1811,0.0005686283111572266,0.25,69.2
1812,0.00018835067749023438,0.25,68.8
1813,0.00022554397583007812,0.25,68.4
1814,0.00029659271240234375,0.25,68.0
1815,0.00041985511779785156,0.25,68.0
1816,0.00042247772216796875,0.25,67.60000000000001
1817,0.0004680156707763672,0.25,67.2
1818,0.0011129379272460938,0.25,66.8
1819,0.0011703968048095703,0.25,66.4
1820,0.001134634017944336,0.25,66.0
1821,0.0021800994873046875,0.25,65.60000000000001
1822,0.0007283687591552734,0.25,65.2
1823,0.0012569427490234375,0.25,64.8
1824,0.0009589195251464844,0.25,64.8
1825,0.0013642311096191406,0.25,64.4
1826,0.00031685829162597656,0.25,64.0
1827,0.00032019615173339844,0.25,63.6
1828,0.00045180320739746094,0.25,63.2
1829,0.0005757808685302734,0.25,62.800000000000004
1830,0.000766754150390625,0.25,62.400000000000006
1831,0.0004680156707763672,0.25,62.0
1832,0.0016345977783203125,0.25,61.6
1833,0.0008881092071533203,0.25,61.2
1834,0.0019214153289794922,0.25,60.800000000000004
1835,0.0006263256072998047,0.25,60.400000000000006
1836,0.0023391246795654297,0.25,60.400000000000006
1837,0.0006160736083984375,0.25,60.0
1838,0.001669168472290039,0.25,59.6
1839,0.0003025531768798828,0.25,59.2
1840,0.0008802413940429688,0.25,59.2
1841,0.0006213188171386719,0.25,58.800000000000004
1842,0.0005385875701904297,0.25,58.800000000000004
1843,0.0005710124969482422,0.25,58.400000000000006
1844,0.0007174015045166016,0.25,58.400000000000006
1845,0.0012140274047851562,0.25,58.0
1846,0.001943826675415039,0.25,58.0
1847,0.0024077892303466797,0.25,58.0
1848,0.001827239990234375,0.25,57.6
1849,0.0022363662719726562,0.25,57.6
1850,0.0020046234130859375,0.25,57.6
1851,0.0021381378173828125,0.25,57.6
1852,0.0019838809967041016,0.25,57.6
1853,0.0008745193481445312,0.25,57.6
1854,0.0006587505340576172,0.25,57.6
1855,0.002330303192138672,0.25,57.6
1856,0.0006563663482666016,0.25,57.6
1857,0.0022428035736083984,0.25,57.6
1858,0.0006906986236572266,0.25,58.0
1859,0.0018391609191894531,0.25,58.0
1860,0.0006375312805175781,0.25,58.0
1861,0.0017740726470947266,0.25,58.400000000000006
1862,0.0005879402160644531,0.25,58.400000000000006
1863,0.0016558170318603516,0.25,58.800000000000004
1864,0.0006804466247558594,0.25,58.800000000000004
1865,0.0019288063049316406,0.25,59.2
1866,0.0005919933319091797,0.25,59.2
1867,0.0015397071838378906,0.25,59.6
1868,0.0005846023559570312,0.25,59.6
1869,0.0013704299926757812,0.25,60.0
1870,0.0003688335418701172,0.25,60.0
1871,0.00034308433532714844,0.25,60.400000000000006
1872,0.0003533363342285156,0.25,60.800000000000004
1873,0.0004925727844238281,0.25,60.800000000000004
1874,0.0019121170043945312,0.25,61.2
1875,0.0009448528289794922,0.25,61.6
1876,0.0007414817810058594,0.25,61.6
1877,0.0019638538360595703,0.25,62.0
1878,0.0007042884826660156,0.25,62.0
1879,0.0019989013671875,0.25,62.400000000000006
1880,0.0022902488708496094,0.25,62.800000000000004
1881,0.002521038055419922,0.25,62.800000000000004
1882,0.0009374618530273438,0.25,63.2
1883,0.002262592315673828,0.25,63.2
1884,0.0006120204925537109,0.25,63.6
1885,0.0019392967224121094,0.25,63.6
1886,0.0006275177001953125,0.25,64.0
1887,0.0015540122985839844,0.25,64.0
1888,0.0005838871002197266,0.25,64.0
1889,0.001863241195678711,0.25,64.4
1890,0.002965688705444336,0.25,64.4
1891,0.0005698204040527344,0.25,64.8
1892,0.0007343292236328125,0.25,64.8
1893,0.00049591064453125,0.25,64.8
1894,0.00032138824462890625,0.25,64.8
1895,0.00019812583923339844,0.25,65.2
1896,0.00047588348388671875,0.25,65.2
1897,0.0001735687255859375,0.25,65.2
1898,0.0004553794860839844,0.25,65.2
1899,0.00017213821411132812,0.25,65.2
1900,0.00015163421630859375,0.25,65.2
1901,0.0008776187896728516,0.25,65.60000000000001
1902,0.0008318424224853516,0.25,65.60000000000001
1903,0.0003037452697753906,0.25,65.60000000000001
1904,0.0019698143005371094,0.25,65.60000000000001
1905,0.0004677772521972656,0.25,65.2
1906,0.0004513263702392578,0.25,65.2
1907,0.0004451274871826172,0.248,65.2
1908,0.0003228187561035156,0.248,65.2
1909,0.00031828880310058594,0.248,65.2
1910,0.00042700767517089844,0.248,65.2
1911,0.0005223751068115234,0.246,65.2
1912,0.0004162788391113281,0.246,64.8
1913,0.0004329681396484375,0.246,64.8
1914,0.00040435791015625,0.246,64.8
1915,0.0004172325134277344,0.246,64.8
1916,0.0005593299865722656,0.246,64.4
1917,0.0005810260772705078,0.246,64.4
1918,0.001123189926147461,0.246,64.4
1919,0.0004367828369140625,0.244,64.0
1920,0.002110719680786133,0.244,64.0
1921,0.000728607177734375,0.244,63.6
1922,0.0011715888977050781,0.244,63.6
1923,0.0005893707275390625,0.244,63.2
1924,0.0017037391662597656,0.244,63.2
1925,0.0006208419799804688,0.244,62.800000000000004
1926,0.0016245841979980469,0.244,62.800000000000004
1927,0.0005633831024169922,0.244,62.400000000000006
1928,0.0015985965728759766,0.241,62.0
1929,0.0006074905395507812,0.239,62.0
1930,0.001870870590209961,0.239,61.6
1931,0.0018930435180664062,0.239,61.2
1932,0.0022323131561279297,0.239,61.2
1933,0.002021312713623047,0.239,60.800000000000004
1934,0.0023009777069091797,0.239,60.400000000000006
1935,0.0015053749084472656,0.239,60.400000000000006
1936,0.0023763179779052734,0.239,60.0
1937,0.0002884864807128906,0.239,59.6
1938,0.0005505084991455078,0.239,59.2
1939,0.0006337165832519531,0.239,59.2
1940,0.0006363391876220703,0.239,58.800000000000004
1941,0.0004622936248779297,0.239,58.400000000000006
1942,0.0006744861602783203,0.239,58.0
1943,0.0008182525634765625,0.239,58.0
1944,0.0005159378051757812,0.239,57.6
1945,0.0018892288208007812,0.239,57.2
1946,0.0020198822021484375,0.237,56.800000000000004
1947,0.0006222724914550781,0.237,56.400000000000006
1948,0.0016598701477050781,0.237,56.400000000000006
1949,0.0019268989562988281,0.237,56.0
1950,0.0017528533935546875,0.237,55.6
1951,0.0017380714416503906,0.237,55.2
1952,0.0017464160919189453,0.237,54.800000000000004
1953,0.0006406307220458984,0.237,54.800000000000004
1954,0.0019383430480957031,0.237,54.400000000000006
1955,0.0005083084106445312,0.237,54.0
1956,0.002073049545288086,0.237,54.0
1957,0.0019121170043945312,0.237,53.6
1958,0.0006628036499023438,0.237,53.6
1959,0.0018515586853027344,0.237,53.2
1960,0.0006351470947265625,0.237,53.2
1961,0.0016541481018066406,0.237,52.800000000000004
1962,0.0006403923034667969,0.237,52.800000000000004
1963,0.0006403923034667969,0.237,52.800000000000004
1964,0.001905679702758789,0.237,52.400000000000006
1965,0.0006079673767089844,0.237,52.400000000000006
1966,0.0016832351684570312,0.237,52.400000000000006
1967,0.0006291866302490234,0.237,52.400000000000006
1968,0.0003383159637451172,0.237,52.0
1969,0.0006756782531738281,0.237,52.0
1970,0.00035881996154785156,0.237,52.0
1971,0.0007555484771728516,0.237,52.0
1972,0.0006005764007568359,0.237,52.0
1973,0.00054931640625,0.239,52.0
1974,0.0009205341339111328,0.239,52.0
1975,0.0015850067138671875,0.239,52.0
1976,0.0014524459838867188,0.239,52.0
1977,0.0020635128021240234,0.244,52.0
1978,0.000705718994140625,0.244,52.400000000000006
1979,0.002126455307006836,0.244,52.400000000000006
1980,0.0006527900695800781,0.244,52.400000000000006
1981,0.001573801040649414,0.244,52.400000000000006
1982,0.0020771026611328125,0.246,52.800000000000004
1983,0.0015103816986083984,0.248,52.800000000000004
1984,0.002051830291748047,0.248,53.2
1985,0.0013282299041748047,0.248,53.2
1986,0.000640869140625,0.248,53.6
1987,0.0019161701202392578,0.248,53.6
1988,0.0006830692291259766,0.248,54.0
1989,0.0022225379943847656,0.248,54.400000000000006
1990,0.0019040107727050781,0.248,54.800000000000004
1991,0.0022737979888916016,0.248,55.2
1992,0.0018734931945800781,0.248,55.6
1993,0.00141143798828125,0.248,55.6
1994,0.0016760826110839844,0.248,56.400000000000006
1995,0.002109527587890625,0.248,56.800000000000004
1996,0.0014498233795166016,0.248,57.2
1997,0.0006108283996582031,0.248,57.6
1998,0.0005819797515869141,0.248,58.0
1999,0.0010578632354736328,0.248,58.400000000000006
2000,0.00046181678771972656,0.248,58.800000000000004
2001,0.00038123130798339844,0.248,59.6
2002,0.0004191398620605469,0.248,60.0
2003,0.002712249755859375,0.248,60.400000000000006
2004,0.0010824203491210938,0.248,60.800000000000004
2005,0.00047516822814941406,0.248,61.6
2006,0.0016963481903076172,0.248,62.0
2007,0.000667572021484375,0.248,62.400000000000006
2008,0.0015349388122558594,0.248,62.800000000000004
2009,0.0006098747253417969,0.248,63.2
2010,0.0018715858459472656,0.248,64.0
2011,0.0005886554718017578,0.248,64.4
2012,0.0018608570098876953,0.248,64.8
2013,0.0006742477416992188,0.248,65.2
2014,0.001775979995727539,0.248,65.60000000000001
2015,0.0005681514739990234,0.248,66.0
2016,0.0019974708557128906,0.248,66.4
2017,0.0006206035614013672,0.248,66.4
2018,0.00183868408203125,0.248,66.8
2019,0.0005850791931152344,0.248,67.2
2020,0.0018115043640136719,0.248,67.60000000000001
2021,0.0006771087646484375,0.248,67.60000000000001
2022,0.0018546581268310547,0.248,68.0
2023,0.0019040107727050781,0.248,68.0
2024,0.001577615737915039,0.248,68.4
2025,0.0017027854919433594,0.246,68.4
2026,0.0007278919219970703,0.246,68.4
2027,0.0007574558258056641,0.244,68.8
2028,0.00033855438232421875,0.241,68.8
2029,0.0010709762573242188,0.241,68.8
2030,0.0010619163513183594,0.239,68.8
2031,0.0006177425384521484,0.239,68.8
2032,0.0012562274932861328,0.239,68.8
2033,0.0006287097930908203,0.239,68.8
2034,0.0019614696502685547,0.239,68.4
2035,0.0017600059509277344,0.237,68.4
2036,0.0006494522094726562,0.237,68.4
2037,0.0018444061279296875,0.237,68.0
2038,0.0005986690521240234,0.237,68.0
2039,0.0017294883728027344,0.233,67.60000000000001
2040,0.0022177696228027344,0.233,67.2
2041,0.0020499229431152344,0.233,66.8
2042,0.0014376640319824219,0.231,66.4
2043,0.0020465850830078125,0.231,66.0
2044,0.0006024837493896484,0.231,65.60000000000001
2045,0.0016949176788330078,0.231,65.2
2046,0.001407623291015625,0.231,64.4
2047,0.0006537437438964844,0.231,64.0
2048,0.0018508434295654297,0.231,63.2
2049,0.0014274120330810547,0.231,62.800000000000004
2050,0.0017375946044921875,0.231,62.0
2051,0.0016825199127197266,0.231,61.2
2052,0.0007333755493164062,0.231,60.800000000000004
2053,0.0026717185974121094,0.231,60.0
2054,0.0006074905395507812,0.231,59.2
2055,0.0003364086151123047,0.231,58.400000000000006
2056,0.0009615421295166016,0.231,57.6
2057,0.0005309581756591797,0.231,56.800000000000004
2058,0.00044727325439453125,0.231,55.6
2059,0.00044226646423339844,0.231,54.800000000000004
2060,0.0004394054412841797,0.231,54.0
2061,0.0004341602325439453,0.231,53.2
2062,0.0004086494445800781,0.231,52.400000000000006
2063,0.0004203319549560547,0.231,51.6
2064,0.000408172607421875,0.231,50.800000000000004
2065,0.0007643699645996094,0.231,50.0
2066,0.00044226646423339844,0.231,49.2
2067,0.00091552734375,0.231,48.400000000000006
2068,0.000606536865234375,0.231,47.6
2069,0.0017442703247070312,0.231,47.2
2070,0.0006525516510009766,0.231,46.400000000000006
2071,0.0006895065307617188,0.231,46.0
2072,0.0004353523254394531,0.233,45.2
2073,0.00030732154846191406,0.233,44.800000000000004
2074,0.0005612373352050781,0.233,44.400000000000006
2075,0.0005834102630615234,0.235,44.0
2076,0.0008451938629150391,0.235,43.6
2077,0.001239776611328125,0.235,43.2
2078,0.0005202293395996094,0.235,43.2
2079,0.0012516975402832031,0.235,42.800000000000004
2080,0.0008344650268554688,0.235,42.800000000000004
2081,0.0004839897155761719,0.235,42.800000000000004
2082,0.0003108978271484375,0.235,42.800000000000004
2083,0.0008559226989746094,0.235,42.800000000000004
2084,0.0008552074432373047,0.237,43.2
2085,0.0005338191986083984,0.237,43.2
2086,0.002002239227294922,0.237,43.6
2087,0.0012717247009277344,0.237,44.0
2088,0.0005207061767578125,0.237,44.400000000000006
2089,0.001688241958618164,0.237,44.800000000000004
2090,0.001371145248413086,0.239,45.2
2091,0.00064849853515625,0.239,45.6
2092,0.0016689300537109375,0.244,46.400000000000006
2093,0.0005877017974853516,0.244,47.2
2094,0.0016236305236816406,0.244,47.6
2095,0.0005691051483154297,0.244,48.400000000000006
2096,0.0019304752349853516,0.244,49.2
2097,0.0013506412506103516,0.244,50.0
2098,0.0022165775299072266,0.244,50.800000000000004
2099,0.0014073848724365234,0.244,51.6
2100,0.0005979537963867188,0.244,52.400000000000006
2101,0.0019271373748779297,0.246,53.6
2102,0.002024412155151367,0.246,54.400000000000006
2103,0.0019106864929199219,0.246,55.2
2104,0.0006473064422607422,0.246,56.400000000000006
2105,0.0022323131561279297,0.246,57.2
2106,0.0017807483673095703,0.246,58.0
2107,0.000896453857421875,0.246,59.2
2108,0.0017323493957519531,0.246,60.0
2109,0.0006451606750488281,0.246,61.2
2110,0.001806020736694336,0.246,62.0
2111,0.0005953311920166016,0.246,62.800000000000004
2112,0.001897573471069336,0.246,63.6
2113,0.0016324520111083984,0.246,64.8
2114,0.0016324520111083984,0.246,64.8
2115,0.001870870590209961,0.246,65.60000000000001
2116,0.0005598068237304688,0.246,66.4
2117,0.0018570423126220703,0.246,67.2
2118,0.0005660057067871094,0.246,68.0
2119,0.0019257068634033203,0.246,68.8
2120,0.0005660057067871094,0.246,69.2
2121,0.00177764892578125,0.246,70.0
2122,0.0010325908660888672,0.246,70.8
2123,0.00019931793212890625,0.246,71.60000000000001
2124,0.0011875629425048828,0.246,72.0
2125,0.0004191398620605469,0.246,72.8
2126,0.0006601810455322266,0.246,73.2
2127,0.0005519390106201172,0.246,74.0
2128,0.0005521774291992188,0.246,74.4
2129,0.0009019374847412109,0.246,75.2
2130,0.0006043910980224609,0.246,75.60000000000001
2131,0.0018830299377441406,0.246,76.0
2132,0.0018777847290039062,0.246,76.4
2133,0.0006511211395263672,0.246,76.80000000000001
2134,0.0024361610412597656,0.246,77.2
2135,0.0021843910217285156,0.246,77.60000000000001
2136,0.0018274784088134766,0.246,77.60000000000001
2137,0.0018482208251953125,0.246,78.0
2138,0.0014717578887939453,0.246,78.0
2139,0.0017352104187011719,0.246,78.0
2140,0.0017070770263671875,0.246,78.0
2141,0.00090789794921875,0.246,78.0
2142,0.0004987716674804688,0.246,78.0
2143,0.0007345676422119141,0.246,78.0
2144,0.0005238056182861328,0.246,77.60000000000001
2145,0.0006518363952636719,0.246,77.60000000000001
2146,0.0005342960357666016,0.246,77.2
2147,0.0004360675811767578,0.244,77.2
2148,0.00046515464782714844,0.244,76.80000000000001
2149,0.00042629241943359375,0.244,76.4
2150,0.0004444122314453125,0.244,76.0
2151,0.0004458427429199219,0.244,75.60000000000001
2152,0.0004928112030029297,0.244,75.2
2153,0.0004353523254394531,0.244,74.8
2154,0.0003628730773925781,0.244,74.0
2155,0.00047469139099121094,0.241,73.60000000000001
2156,0.00044417381286621094,0.241,72.8
2157,0.0003581047058105469,0.241,72.0
2158,0.0005178451538085938,0.239,71.60000000000001
2159,0.0004374980926513672,0.239,70.8
2160,0.0004646778106689453,0.239,70.0
2161,0.00045490264892578125,0.239,69.2
2162,0.00045990943908691406,0.239,68.4
2163,0.000453948974609375,0.239,67.60000000000001
2164,0.0004515647888183594,0.239,66.4
2165,0.000469207763671875,0.239,65.60000000000001
2166,0.0003380775451660156,0.239,64.4
2167,0.00045371055603027344,0.239,63.6
2168,0.0004475116729736328,0.239,62.800000000000004
2169,0.0004467964172363281,0.239,61.6
2170,0.00042629241943359375,0.239,60.400000000000006
2171,0.00042700767517089844,0.239,59.6
2172,0.0004432201385498047,0.237,58.400000000000006
2173,0.00043082237243652344,0.237,57.6
2174,0.00045990943908691406,0.237,56.400000000000006
2175,0.0011429786682128906,0.237,55.2
2176,0.00045180320739746094,0.237,54.400000000000006
2177,0.0010616779327392578,0.237,53.2
2178,0.0012576580047607422,0.237,52.400000000000006
2179,0.0009758472442626953,0.237,51.2
2180,0.0004954338073730469,0.237,50.400000000000006
2181,0.0004839897155761719,0.237,49.6
2182,0.0004563331604003906,0.237,48.800000000000004
2183,0.00046372413635253906,0.237,48.0
2184,0.0008101463317871094,0.237,47.2
2185,0.00045371055603027344,0.237,46.400000000000006
2186,0.0017170906066894531,0.237,46.0
2187,0.0005867481231689453,0.237,45.2
2188,0.0020096302032470703,0.237,44.800000000000004
2189,0.0005331039428710938,0.237,44.400000000000006
2190,0.00033593177795410156,0.237,44.0
2191,0.0004868507385253906,0.237,43.6
2192,0.0004642009735107422,0.237,43.2
2193,0.0006160736083984375,0.237,43.2
2194,0.00044918060302734375,0.237,42.800000000000004
2195,0.001356363296508789,0.237,42.800000000000004
2196,0.0010678768157958984,0.237,42.800000000000004
2197,0.0004811286926269531,0.237,42.800000000000004
2198,0.0009212493896484375,0.237,43.2
2199,0.00044846534729003906,0.237,43.2
2200,0.0005667209625244141,0.237,43.6
2201,0.00047898292541503906,0.237,44.0
2202,0.0005776882171630859,0.237,44.400000000000006
2203,0.00045180320739746094,0.237,44.800000000000004
2204,0.0005371570587158203,0.237,45.2
2205,0.00046706199645996094,0.237,45.6
2206,0.00047397613525390625,0.237,46.400000000000006
2207,0.00044226646423339844,0.237,47.2
2208,0.00046944618225097656,0.237,47.6
2209,0.0004572868347167969,0.237,48.400000000000006
2210,0.0004284381866455078,0.237,49.2
2211,0.0004191398620605469,0.237,50.0
2212,0.0004239082336425781,0.237,50.800000000000004
2213,0.00048542022705078125,0.237,51.6
2214,0.0004029273986816406,0.237,52.400000000000006
2215,0.0005629062652587891,0.237,53.6
2216,0.0004630088806152344,0.237,54.400000000000006
2217,0.00044655799865722656,0.237,55.2
2218,0.00043201446533203125,0.237,56.0
2219,0.0011444091796875,0.237,56.800000000000004
2220,0.00044727325439453125,0.239,57.6
2221,0.0004172325134277344,0.239,58.400000000000006
2222,0.0004954338073730469,0.239,59.2
2223,0.0005092620849609375,0.239,60.0
2224,0.0004360675811767578,0.239,60.800000000000004
2225,0.0005059242248535156,0.239,61.6
2226,0.0004394054412841797,0.241,62.400000000000006
2227,0.00043320655822753906,0.241,63.2
2228,0.0004494190216064453,0.241,64.0
2229,0.0004241466522216797,0.241,64.4
2230,0.0004229545593261719,0.241,65.2
2231,0.00040721893310546875,0.244,65.60000000000001
2232,0.0008275508880615234,0.244,66.4
2233,0.0005006790161132812,0.244,66.8
2234,0.0009553432464599609,0.244,67.2
2235,0.0007410049438476562,0.244,67.60000000000001
2236,0.0014061927795410156,0.244,68.4
2237,0.0004725456237792969,0.244,68.8
2238,0.0022432804107666016,0.244,68.8
2239,0.0006914138793945312,0.244,69.2
2240,0.0005028247833251953,0.244,69.60000000000001
2241,0.00047898292541503906,0.244,70.0
2242,0.0008251667022705078,0.244,70.0
2243,0.0005977153778076172,0.246,70.4
2244,0.0010979175567626953,0.246,70.4
2245,0.0007007122039794922,0.246,70.4
2246,0.0009510517120361328,0.246,70.8
2247,0.0009510517120361328,0.248,70.8
2248,0.0006499290466308594,0.248,70.8
2249,0.0005528926849365234,0.248,70.8
2250,0.00043845176696777344,0.248,70.8
2251,0.0011162757873535156,0.248,70.8
2252,0.0004699230194091797,0.248,70.4
2253,0.0020852088928222656,0.248,70.4
2254,0.0006473064422607422,0.248,70.4
2255,0.0027816295623779297,0.248,70.0
2256,0.0007026195526123047,0.248,70.0
2257,0.0003654956817626953,0.248,69.60000000000001
2258,0.0003027915954589844,0.248,69.60000000000001
2259,0.001110076904296875,0.248,69.2
2260,0.0004417896270751953,0.248,68.8
2261,0.0004417896270751953,0.248,68.4
2262,0.00044083595275878906,0.248,68.4
2263,0.0004305839538574219,0.248,68.0
2264,0.000423431396484375,0.248,67.60000000000001
2265,0.0005538463592529297,0.248,67.2
2266,0.00046753883361816406,0.248,66.8
2267,0.0004429817199707031,0.248,66.0
2268,0.0004737377166748047,0.248,65.60000000000001
2269,0.0004811286926269531,0.241,65.2
2270,0.0010540485382080078,0.241,64.8
2271,0.00047516822814941406,0.241,64.4
2272,0.0009748935699462891,0.239,64.0
2273,0.000736236572265625,0.239,63.2
2274,0.0004372596740722656,0.239,62.800000000000004
2275,0.000476837158203125,0.237,62.400000000000006
2276,0.0004355907440185547,0.237,62.0
2277,0.0004601478576660156,0.233,61.2
2278,0.00043654441833496094,0.233,60.800000000000004
2279,0.0004875659942626953,0.233,60.0
2280,0.0011546611785888672,0.233,59.6
2281,0.00043463706970214844,0.233,59.2
2282,0.0012054443359375,0.233,58.400000000000006
2283,0.0019690990447998047,0.233,58.0
2284,0.0006401538848876953,0.233,57.2
2285,0.0018544197082519531,0.233,56.400000000000006
2286,0.0004897117614746094,0.233,56.0
2287,0.0009365081787109375,0.233,55.2
2288,0.0007829666137695312,0.233,54.800000000000004
2289,0.001375436782836914,0.233,54.0
2290,0.0005700588226318359,0.233,53.6
2291,0.000446319580078125,0.233,52.800000000000004
2292,0.000537872314453125,0.233,52.400000000000006
2293,0.000457763671875,0.233,51.6
2294,0.0004439353942871094,0.233,51.2
2295,0.0004968643188476562,0.233,50.400000000000006
2296,0.0013630390167236328,0.233,50.0
2297,0.002568960189819336,0.233,49.6
2298,0.0006086826324462891,0.233,49.2
2299,0.002086639404296875,0.233,48.400000000000006
2300,0.0015802383422851562,0.233,48.0
2301,0.0006191730499267578,0.233,47.6
2302,0.0018398761749267578,0.233,47.6
2303,0.0005757808685302734,0.233,47.2
2304,0.001981973648071289,0.233,46.800000000000004
2305,0.0006394386291503906,0.233,46.800000000000004
2306,0.0007750988006591797,0.233,46.400000000000006
2307,0.0006575584411621094,0.233,46.400000000000006
2308,0.0016376972198486328,0.233,46.0
2309,0.00044274330139160156,0.233,46.0
2310,0.001201629638671875,0.233,46.0
2311,0.0006036758422851562,0.233,46.0
2312,0.0017459392547607422,0.233,46.0
2313,0.0005719661712646484,0.233,46.400000000000006
2314,0.0028884410858154297,0.233,46.400000000000006
2315,0.00026297569274902344,0.235,46.400000000000006
2316,0.00033473968505859375,0.237,46.800000000000004
2317,0.0005247592926025391,0.237,47.2
2318,0.00044417381286621094,0.237,47.2
2319,0.0006351470947265625,0.237,47.6
2320,0.00019502639770507812,0.237,48.0
2321,0.0001747608184814453,0.237,48.400000000000006
2322,0.0006284713745117188,0.237,48.800000000000004
2323,0.00035452842712402344,0.239,49.2
2324,0.0004546642303466797,0.239,49.6
2325,0.00029969215393066406,0.239,50.400000000000006
2326,0.0003573894500732422,0.241,50.800000000000004
2327,0.0005648136138916016,0.241,51.2
2328,0.0004067420959472656,0.241,52.0
2329,0.0004887580871582031,0.241,52.400000000000006
2330,0.0003783702850341797,0.241,53.2
2331,0.0004305839538574219,0.244,53.6
2332,0.0004074573516845703,0.246,54.400000000000006
2333,0.0004017353057861328,0.246,54.800000000000004
2334,0.0004949569702148438,0.246,55.6
2335,0.00047278404235839844,0.246,56.0
2336,0.0004525184631347656,0.246,56.800000000000004
2337,0.00043487548828125,0.246,57.6
2338,0.0008742809295654297,0.246,58.0
2339,0.00045299530029296875,0.246,58.800000000000004
2340,0.0005505084991455078,0.246,59.2
2341,0.0011415481567382812,0.246,60.0
2342,0.0004799365997314453,0.246,60.800000000000004
2343,0.0004506111145019531,0.246,61.2
2344,0.00045108795166015625,0.246,62.0
2345,0.0004260540008544922,0.246,62.400000000000006
2346,0.00030231475830078125,0.246,62.800000000000004
2347,0.0005877017974853516,0.246,63.6
2348,0.00029730796813964844,0.246,64.0
2349,0.0004153251647949219,0.246,64.8
2350,0.0004398822784423828,0.248,65.2
2351,0.00048041343688964844,0.248,65.60000000000001
2352,0.0004699230194091797,0.248,66.0
2353,0.0004677772521972656,0.248,66.4
2354,0.0004341602325439453,0.248,66.8
2355,0.0006289482116699219,0.248,67.2
2356,0.0004456043243408203,0.248,67.60000000000001
2357,0.0011205673217773438,0.248,68.0
2358,0.0004642009735107422,0.248,68.0
2359,0.0014560222625732422,0.248,68.4
2360,0.0006997585296630859,0.248,68.4
2361,0.0014500617980957031,0.248,68.8
2362,0.0014019012451171875,0.248,68.8
2363,0.0005602836608886719,0.248,69.2
2364,0.0015974044799804688,0.248,69.2
2365,0.0005152225494384766,0.248,69.2
2366,0.001435995101928711,0.248,69.2
2367,0.0005936622619628906,0.248,69.2
2368,0.001352548599243164,0.248,69.2
2369,0.0006031990051269531,0.248,69.2
2370,0.0017817020416259766,0.248,69.2
2371,0.0004684925079345703,0.248,68.8
2372,0.0015931129455566406,0.248,68.8
2373,0.0007386207580566406,0.248,68.8
2374,0.0017664432525634766,0.248,68.4
2375,0.0005235671997070312,0.248,68.0
2376,0.0005176067352294922,0.248,68.0
2377,0.0003387928009033203,0.248,67.60000000000001
2378,0.000385284423828125,0.248,67.2
2379,0.0004379749298095703,0.248,66.8
2380,0.0005571842193603516,0.248,66.8
2381,0.0005118846893310547,0.248,66.4
2382,0.0011875629425048828,0.248,66.0
2383,0.0005099773406982422,0.248,65.60000000000001
2384,0.0016412734985351562,0.248,65.2
2385,0.0005340576171875,0.248,64.8
2386,0.00168609619140625,0.248,64.0
2387,0.0005106925964355469,0.248,63.6
2388,0.0016391277313232422,0.248,63.2
2389,0.0005042552947998047,0.248,62.800000000000004
2390,0.0014641284942626953,0.248,62.400000000000006
2391,0.0006153583526611328,0.248,62.0
2392,0.001451253890991211,0.248,61.6
2393,0.0004975795745849609,0.248,60.800000000000004
2394,0.0014336109161376953,0.248,60.400000000000006
2395,0.0006058216094970703,0.248,60.0
2396,0.0015079975128173828,0.248,59.6
2397,0.0013086795806884766,0.248,58.800000000000004
2398,0.0006253719329833984,0.248,58.400000000000006
2399,0.0013890266418457031,0.248,58.0
2400,0.0014314651489257812,0.248,57.6
2401,0.0014314651489257812,0.248,57.6
2402,0.0013959407806396484,0.248,57.2
2403,0.0006957054138183594,0.248,56.800000000000004
2404,0.0005586147308349609,0.248,56.400000000000006
2405,0.0017850399017333984,0.248,56.0
2406,0.0009033679962158203,0.248,55.6
2407,0.0002791881561279297,0.248,55.2
2408,0.0006847381591796875,0.248,54.800000000000004
2409,0.0004858970642089844,0.248,54.800000000000004
2410,0.0005631446838378906,0.248,54.400000000000006
2411,0.0007772445678710938,0.248,54.0
2412,0.0005035400390625,0.248,54.0
2413,0.001592874526977539,0.248,53.6
2414,0.0006434917449951172,0.248,53.6
2415,0.0016276836395263672,0.248,53.2
2416,0.00047397613525390625,0.248,53.2
2417,0.00035190582275390625,0.248,53.2
2418,0.00045752525329589844,0.248,53.2
2419,0.0013093948364257812,0.248,53.2
2420,0.00044345855712890625,0.248,53.2
2421,0.00028967857360839844,0.248,53.2
2422,0.00030517578125,0.248,53.2
2423,0.000698089599609375,0.248,53.6
2424,0.00044035911560058594,0.248,53.6
2425,0.0004525184631347656,0.248,53.6
2426,0.0004420280456542969,0.248,54.0
2427,0.0012898445129394531,0.248,54.0
2428,0.0005204677581787109,0.248,54.400000000000006
2429,0.001077890396118164,0.248,54.800000000000004
2430,0.0003924369812011719,0.248,55.2
2431,0.00035071372985839844,0.248,55.2
2432,0.0009133815765380859,0.248,55.6
2433,0.0004508495330810547,0.248,56.0
2434,0.0004329681396484375,0.248,56.400000000000006
2435,0.00043845176696777344,0.248,56.800000000000004
2436,0.00035953521728515625,0.248,57.2
2437,0.00025963783264160156,0.248,57.6
2438,0.0005328655242919922,0.248,58.0
2439,0.00045037269592285156,0.244,58.400000000000006
2440,0.00043582916259765625,0.239,58.800000000000004
2441,0.0004887580871582031,0.239,59.6
2442,0.0004410743713378906,0.237,60.0
2443,0.0006134510040283203,0.235,60.400000000000006
2444,0.0012850761413574219,0.233,60.800000000000004
2445,0.0003230571746826172,0.231,61.2
2446,0.0004627704620361328,0.228,61.6
2447,0.00033211708068847656,0.228,62.0
2448,0.0005745887756347656,0.228,62.400000000000006
2449,0.0007376670837402344,0.224,62.800000000000004
2450,0.00039649009704589844,0.224,62.800000000000004
2451,0.0004916191101074219,0.222,63.2
2452,0.000743865966796875,0.222,63.6
2453,0.0008535385131835938,0.22,63.6
2454,0.0005867481231689453,0.22,63.6
2455,0.0017120838165283203,0.22,64.0
2456,0.0005459785461425781,0.22,64.0
2457,0.0015001296997070312,0.22,63.6
2458,0.0005383491516113281,0.22,63.6
2459,0.0013227462768554688,0.22,63.6
2460,0.0006380081176757812,0.22,63.2
2461,0.0016751289367675781,0.22,62.800000000000004
2462,0.0005004405975341797,0.22,62.400000000000006
2463,0.0014371871948242188,0.22,62.0
2464,0.00047707557678222656,0.22,61.6
2465,0.0014469623565673828,0.22,61.2
2466,0.000640869140625,0.22,60.400000000000006
2467,0.0014834403991699219,0.22,60.0
2468,0.0005733966827392578,0.22,59.2
2469,0.0005462169647216797,0.22,58.400000000000006
2470,0.0006747245788574219,0.22,57.6
2471,0.0004000663757324219,0.22,56.800000000000004
2472,0.0004456043243408203,0.22,56.0
2473,0.0002837181091308594,0.22,55.2
2474,0.0004520416259765625,0.22,54.0
2475,0.00047659873962402344,0.22,53.2
2476,0.00061798095703125,0.22,52.400000000000006
2477,0.0006134510040283203,0.222,51.2
2478,0.001094818115234375,0.222,50.400000000000006
2479,0.0004954338073730469,0.222,49.2
2480,0.0015633106231689453,0.222,48.400000000000006
2481,0.0004780292510986328,0.222,47.2
2482,0.001575469970703125,0.222,46.400000000000006
2483,0.0005066394805908203,0.222,45.2
2484,0.0015492439270019531,0.222,44.400000000000006
2485,0.0005085468292236328,0.224,43.6
2486,0.0015413761138916016,0.224,42.800000000000004
2487,0.0006456375122070312,0.224,42.0
2488,0.00165557861328125,0.224,41.2
2489,0.001251220703125,0.224,40.400000000000006
2490,0.0004661083221435547,0.226,39.6
2491,0.001683950424194336,0.226,39.2
2492,0.0004608631134033203,0.228,38.400000000000006
2493,0.001802206039428711,0.228,38.0
2494,0.0004999637603759766,0.228,37.6
2495,0.00029468536376953125,0.228,37.2
2496,0.000469207763671875,0.228,37.2
2497,0.0004374980926513672,0.228,36.800000000000004
2498,0.0004436969757080078,0.228,36.800000000000004
2499,0.0006182193756103516,0.228,36.800000000000004
2500,0.0004811286926269531,0.231,36.800000000000004
2501,0.0003147125244140625,0.231,37.2
2502,0.0002789497375488281,0.231,37.2
2503,0.00043845176696777344,0.231,37.6
2504,0.0005395412445068359,0.231,38.0
2505,0.000396728515625,0.231,38.400000000000006
2506,0.0008311271667480469,0.231,38.800000000000004
2507,0.0005152225494384766,0.231,39.6
2508,0.0014433860778808594,0.231,40.400000000000006
2509,0.0014102458953857422,0.231,40.800000000000004
2510,0.0005393028259277344,0.233,41.6
2511,0.0014562606811523438,0.233,42.400000000000006
2512,0.0005176067352294922,0.233,43.6
2513,0.001432657241821289,0.233,44.400000000000006
2514,0.0004775524139404297,0.233,45.6
2515,0.001416921615600586,0.233,46.400000000000006
2516,0.00048732757568359375,0.233,47.6
2517,0.0013723373413085938,0.233,48.400000000000006
2518,0.0005848407745361328,0.233,49.6
2519,0.001689910888671875,0.235,50.800000000000004
2520,0.0004932880401611328,0.235,52.0
2521,0.0014650821685791016,0.235,52.800000000000004
2522,0.0007021427154541016,0.235,54.0
2523,0.0014100074768066406,0.235,55.2
2524,0.0006630420684814453,0.235,56.400000000000006
2525,0.001336812973022461,0.235,57.6
2526,0.0014307498931884766,0.235,58.400000000000006
2527,0.0005297660827636719,0.235,59.6
2528,0.0014777183532714844,0.235,60.400000000000006
2529,0.0005071163177490234,0.235,61.6
2530,0.0015990734100341797,0.235,62.400000000000006
2531,0.0004267692565917969,0.235,63.6
2532,0.0004267692565917969,0.235,63.6
2533,0.0004315376281738281,0.235,64.4
2534,0.00044846534729003906,0.235,65.2
2535,0.00074005126953125,0.235,66.0
2536,0.00047659873962402344,0.235,66.8
2537,0.0009086132049560547,0.235,67.60000000000001
2538,0.0004742145538330078,0.235,68.4
2539,0.001644134521484375,0.235,69.2
2540,0.0004963874816894531,0.235,69.60000000000001
2541,0.0015761852264404297,0.235,70.4
2542,0.0004825592041015625,0.235,70.8
2543,0.001562356948852539,0.235,71.2
2544,0.0005016326904296875,0.235,71.60000000000001
2545,0.001562356948852539,0.235,72.0
2546,0.0005555152893066406,0.235,72.4
2547,0.0014233589172363281,0.235,72.4
2548,0.0005929470062255859,0.235,72.8
2549,0.0015506744384765625,0.235,72.8
2550,0.0005869865417480469,0.235,72.8
2551,0.0017871856689453125,0.235,72.8
2552,0.000713348388671875,0.235,72.8
2553,0.0017528533935546875,0.235,72.8
2554,0.0014781951904296875,0.235,72.8
2555,0.002293825149536133,0.235,72.4
2556,0.0007309913635253906,0.235,72.4
2557,0.0019638538360595703,0.235,72.0
2558,0.0007560253143310547,0.235,71.60000000000001
2559,0.0019023418426513672,0.235,71.2
2560,0.0005886554718017578,0.235,70.8
2561,0.0004839897155761719,0.235,70.0
2562,0.0006203651428222656,0.235,69.60000000000001
2563,0.001745462417602539,0.235,69.2
2564,0.0006098747253417969,0.235,68.4
2565,0.0004665851593017578,0.235,67.60000000000001
2566,0.001711130142211914,0.235,67.2
2567,0.0008759498596191406,0.235,66.4
2568,0.00046443939208984375,0.235,65.60000000000001
2569,0.0012464523315429688,0.235,64.8
2570,0.0007042884826660156,0.233,64.0
2571,0.002003192901611328,0.233,63.2
2572,0.0010960102081298828,0.233,62.0
2573,0.002346515655517578,0.233,61.2
2574,0.000698089599609375,0.233,60.400000000000006
2575,0.0023033618927001953,0.233,59.6
2576,0.0005829334259033203,0.233,58.400000000000006
2577,0.0017385482788085938,0.233,57.6
2578,0.002017974853515625,0.233,56.400000000000006
2579,0.0007410049438476562,0.233,55.6
2580,0.0021305084228515625,0.233,54.800000000000004
2581,0.0006222724914550781,0.233,53.6
2582,0.002428293228149414,0.233,52.800000000000004
2583,0.0006296634674072266,0.233,51.6
2584,0.0016934871673583984,0.233,50.800000000000004
2585,0.0005848407745361328,0.233,50.0
2586,0.0024051666259765625,0.233,49.2
2587,0.0015883445739746094,0.233,48.400000000000006
2588,0.000598907470703125,0.233,47.6
2589,0.0014510154724121094,0.233,46.800000000000004
2590,0.0005602836608886719,0.233,46.0
2591,0.0017538070678710938,0.233,45.2
2592,0.0008180141448974609,0.233,44.800000000000004
2593,0.0004000663757324219,0.233,44.400000000000006
2594,0.0004723072052001953,0.233,43.6
2595,0.0004367828369140625,0.233,43.2
2596,0.0005733966827392578,0.233,42.800000000000004
2597,0.0013430118560791016,0.233,42.400000000000006
2598,0.0004992485046386719,0.233,42.400000000000006
2599,0.0011591911315917969,0.233,42.0
2600,0.0015361309051513672,0.233,42.0
2601,0.0006673336029052734,0.233,42.0
2602,0.0017681121826171875,0.233,42.0
2603,0.0001888275146484375,0.233,42.0
2604,0.0019865036010742188,0.233,42.400000000000006
2605,0.0018126964569091797,0.233,42.800000000000004
2606,0.0022590160369873047,0.233,43.2
2607,0.0014684200286865234,0.233,43.6
2608,0.0022077560424804688,0.233,44.0
2609,0.002068758010864258,0.233,44.400000000000006
2610,0.0016999244689941406,0.233,44.800000000000004
2611,0.002046346664428711,0.233,45.6
2612,0.0008363723754882812,0.233,46.0
2613,0.0014820098876953125,0.233,46.800000000000004
2614,0.0006139278411865234,0.235,47.6
2615,0.0018191337585449219,0.237,48.400000000000006
2616,0.0005838871002197266,0.237,48.800000000000004
2617,0.0015475749969482422,0.239,49.6
2618,0.0006473064422607422,0.239,50.400000000000006
2619,0.0018131732940673828,0.241,51.2
2620,0.0006170272827148438,0.244,52.0
2621,0.0008761882781982422,0.244,52.800000000000004
2622,0.0006554126739501953,0.244,53.6
2623,0.00040149688720703125,0.248,54.800000000000004
2624,0.0006053447723388672,0.248,55.6
2625,0.00067138671875,0.248,56.400000000000006
2626,0.00048470497131347656,0.248,57.2
2627,0.0009644031524658203,0.248,58.0
2628,0.0005125999450683594,0.248,58.800000000000004
2629,0.0014204978942871094,0.248,59.6
2630,0.0007123947143554688,0.248,60.800000000000004
2631,0.0011577606201171875,0.248,61.6
2632,0.0006346702575683594,0.248,62.400000000000006
2633,0.0016617774963378906,0.248,63.2
2634,0.0012602806091308594,0.248,64.0
2635,0.0015795230865478516,0.248,64.8
2636,0.0016970634460449219,0.248,65.60000000000001
2637,0.0015964508056640625,0.248,66.4
2638,0.002133607864379883,0.248,67.2
2639,0.0007407665252685547,0.248,68.0
2640,0.0015397071838378906,0.248,68.8
2641,0.0006709098815917969,0.248,69.2
2642,0.001789093017578125,0.248,70.0
2643,0.0017042160034179688,0.248,70.4
2644,0.0005800724029541016,0.248,71.2
2645,0.00151824951171875,0.248,71.60000000000001
2646,0.002186298370361328,0.248,72.4
2647,0.0014269351959228516,0.248,72.8
2648,0.0016865730285644531,0.248,73.2
2649,0.0015368461608886719,0.248,73.60000000000001
2650,0.0007300376892089844,0.248,74.0
2651,0.0009183883666992188,0.248,74.4
2652,0.0005640983581542969,0.248,74.8
2653,0.00034236907958984375,0.248,74.8
2654,0.0006566047668457031,0.248,75.2
2655,0.00046753883361816406,0.248,75.2
2656,0.0004456043243408203,0.248,75.60000000000001
2657,0.0004527568817138672,0.248,75.60000000000001
2658,0.0005209445953369141,0.248,75.60000000000001
2659,0.0004432201385498047,0.248,75.60000000000001
2660,0.0004448890686035156,0.248,75.60000000000001
2661,0.00045990943908691406,0.248,75.60000000000001
2662,0.0004241466522216797,0.248,75.60000000000001
2663,0.0004284381866455078,0.248,75.2
2664,0.0004215240478515625,0.248,75.2
2665,0.0011107921600341797,0.248,74.8
2666,0.0005125999450683594,0.248,74.8
2667,0.0016143321990966797,0.248,74.4
2668,0.00044417381286621094,0.248,74.0
2669,0.00030732154846191406,0.248,73.60000000000001
2670,0.0004470348358154297,0.248,73.2
2671,0.00041866302490234375,0.248,72.8
2672,0.0005125999450683594,0.248,72.4
2673,0.002212047576904297,0.248,72.0
2674,0.0003159046173095703,0.248,71.60000000000001
2675,0.00046062469482421875,0.248,70.8
2676,0.0004215240478515625,0.248,70.4
2677,0.0004928112030029297,0.248,69.60000000000001
2678,0.0004928112030029297,0.248,69.60000000000001
2679,0.0005154609680175781,0.248,69.2
2680,0.0010976791381835938,0.239,68.4
2681,0.0008308887481689453,0.235,67.60000000000001
2682,0.00018644332885742188,0.235,67.2
2683,0.0003485679626464844,0.235,66.4
2684,0.0006835460662841797,0.231,65.60000000000001
2685,0.00044417381286621094,0.231,64.8
2686,0.0005528926849365234,0.226,64.0
2687,0.00045371055603027344,0.224,63.2
2688,0.0014491081237792969,0.222,62.400000000000006
2689,0.00045037269592285156,0.218,61.6
2690,0.0005130767822265625,0.21600000000000005,60.800000000000004
2691,0.0004913806915283203,0.213,60.0
2692,0.0005013942718505859,0.213,59.2
2693,0.00028133392333984375,0.213,58.400000000000006
2694,0.0005400180816650391,0.213,57.6
2695,0.0004444122314453125,0.211,56.400000000000006
2696,0.00042366981506347656,0.211,55.6
2697,0.00042176246643066406,0.211,54.400000000000006
2698,0.00043272972106933594,0.211,53.6
2699,0.0004203319549560547,0.211,52.400000000000006
2700,0.0004527568817138672,0.211,51.2
2701,0.0009191036224365234,0.211,50.0
2702,0.00046944618225097656,0.211,48.800000000000004
2703,0.0011298656463623047,0.211,47.6
2704,0.0010445117950439453,0.211,46.800000000000004
2705,0.00047707557678222656,0.211,45.6
2706,0.002038717269897461,0.211,44.400000000000006
2707,0.0018277168273925781,0.211,43.2
2708,0.0005757808685302734,0.211,42.0
2709,0.0009500980377197266,0.209,40.800000000000004
2710,0.0002720355987548828,0.209,39.6
2711,0.0004563331604003906,0.207,38.400000000000006
2712,0.0005307197570800781,0.207,37.6
2713,0.0004436969757080078,0.207,36.4
2714,0.00054168701171875,0.207,35.6
2715,0.0004355907440185547,0.207,34.800000000000004
2716,0.0005481243133544922,0.207,34.0
2717,0.0008652210235595703,0.207,33.2
2718,0.00040793418884277344,0.207,32.4
2719,0.0006015300750732422,0.207,32.0
2720,0.0005888938903808594,0.207,31.200000000000003
2721,0.0004436969757080078,0.207,30.8
2722,0.0004756450653076172,0.207,30.400000000000002
2723,0.0006513595581054688,0.207,30.400000000000002
2724,0.0005083084106445312,0.207,30.0
2725,0.0011951923370361328,0.207,30.0
2726,0.0009119510650634766,0.207,30.0
2727,0.0005021095275878906,0.207,30.0
2728,0.0018742084503173828,0.207,30.0
2729,0.001049041748046875,0.207,30.400000000000002
2730,0.0006475448608398438,0.207,30.400000000000002
2731,0.0025014877319335938,0.207,30.8
2732,0.0016536712646484375,0.207,31.200000000000003
2733,0.0005953311920166016,0.207,32.0
2734,0.001985311508178711,0.207,32.4
2735,0.0006153583526611328,0.207,33.2
2736,0.002042531967163086,0.207,34.0
2737,0.0006575584411621094,0.207,34.800000000000004
2738,0.0018000602722167969,0.207,35.6
2739,0.0006096363067626953,0.207,36.4
2740,0.0016508102416992188,0.207,37.2
2741,0.0005965232849121094,0.209,38.400000000000006
2742,0.0010352134704589844,0.209,39.2
2743,0.0001652240753173828,0.209,40.400000000000006
2744,0.0006477832794189453,0.209,41.2
2745,0.00015664100646972656,0.209,42.400000000000006
2746,0.00047469139099121094,0.209,43.2
2747,0.0005199909210205078,0.209,44.400000000000006
2748,0.0005233287811279297,0.209,45.2
2749,0.0004563331604003906,0.209,46.400000000000006
2750,0.0004260540008544922,0.209,47.2
2751,0.0005507469177246094,0.209,48.400000000000006
2752,0.000514984130859375,0.209,49.2
2753,0.00047588348388671875,0.209,50.0
2754,0.0006380081176757812,0.209,50.800000000000004
2755,0.002010345458984375,0.209,52.0
2756,0.0017261505126953125,0.209,52.400000000000006
2757,0.0006139278411865234,0.209,53.2
2758,0.0019023418426513672,0.209,54.0
2759,0.002065896987915039,0.209,54.400000000000006
2760,0.0015251636505126953,0.209,55.2
2761,0.0017600059509277344,0.209,55.6
2762,0.0005779266357421875,0.209,56.0
2763,0.0016374588012695312,0.209,56.400000000000006
2764,0.0005514621734619141,0.209,56.800000000000004
2765,0.003305196762084961,0.209,56.800000000000004
2766,0.0005626678466796875,0.209,57.2
2767,0.0015273094177246094,0.209,57.2
2768,0.0005488395690917969,0.209,57.2
2769,0.0017802715301513672,0.209,57.2
2770,0.0015976428985595703,0.209,57.2
2771,0.000560760498046875,0.209,56.800000000000004
2772,0.00119781494140625,0.209,56.800000000000004
2773,0.0007278919219970703,0.209,56.400000000000006
2774,0.0015370845794677734,0.209,56.0
2775,0.0005588531494140625,0.209,55.6
2776,0.0005228519439697266,0.209,55.2
2777,0.0004379749298095703,0.209,54.800000000000004
2778,0.0005819797515869141,0.209,54.400000000000006
2779,0.0004379749298095703,0.213,53.6
2780,0.00036907196044921875,0.213,53.2
2781,0.00043511390686035156,0.213,52.400000000000006
2782,0.00045800209045410156,0.21600000000000005,51.6
2783,0.0004715919494628906,0.21600000000000005,50.800000000000004
2784,0.0007550716400146484,0.21600000000000005,50.0
2785,0.0005726814270019531,0.21600000000000005,49.6
2786,0.00047898292541503906,0.21600000000000005,48.800000000000004
2787,0.0004661083221435547,0.21600000000000005,48.0
2788,0.00044083595275878906,0.218,46.800000000000004
2789,0.0005068778991699219,0.218,46.0
2790,0.0004343986511230469,0.218,45.2
2791,0.0018339157104492188,0.218,44.800000000000004
2792,0.00048828125,0.218,44.0
2793,0.001703023910522461,0.218,43.2
2794,0.0005939006805419922,0.218,42.400000000000006
2795,0.0016188621520996094,0.218,41.6
2796,0.0005981922149658203,0.218,41.2
2797,0.000873565673828125,0.218,40.400000000000006
2798,0.001062631607055664,0.218,40.0
2799,0.0004794597625732422,0.218,39.6
2800,0.0004775524139404297,0.218,39.2
2801,0.0003457069396972656,0.218,38.800000000000004
2802,0.0004913806915283203,0.218,38.400000000000006
2803,0.00045418739318847656,0.218,38.0
2804,0.0004248619079589844,0.218,38.0
2805,0.0005784034729003906,0.218,37.6
2806,0.0004413127899169922,0.218,37.6
2807,0.0008578300476074219,0.22,37.6
2808,0.0005557537078857422,0.22,37.6
2809,0.0012497901916503906,0.22,38.0
2810,0.0006940364837646484,0.22,38.0
2811,0.0015304088592529297,0.22,38.400000000000006
2812,0.0018613338470458984,0.22,38.400000000000006
2813,0.0017805099487304688,0.22,38.800000000000004
2814,0.0022275447845458984,0.22,39.2
2815,0.0015137195587158203,0.22,39.6
2816,0.0006029605865478516,0.22,40.0
2817,0.0016508102416992188,0.22,40.800000000000004
2818,0.0005435943603515625,0.22,41.2
2819,0.0019023418426513672,0.22,41.6
2820,0.0005533695220947266,0.22,42.400000000000006
2821,0.0019254684448242188,0.22,43.2
2822,0.0005650520324707031,0.22,43.6
2823,0.002049684524536133,0.22,44.400000000000006
2824,0.0007388591766357422,0.222,45.2
2825,0.001718759536743164,0.222,45.6
2826,0.0006105899810791016,0.222,46.400000000000006
2827,0.0015501976013183594,0.222,47.2
2828,0.0005724430084228516,0.224,48.0
2829,0.0025975704193115234,0.224,48.800000000000004
2830,0.0018832683563232422,0.224,49.2
2831,0.0006344318389892578,0.224,50.0
2832,0.0016858577728271484,0.224,50.800000000000004
2833,0.0015053749084472656,0.224,51.2
2834,0.0005052089691162109,0.226,52.0
2835,0.000537872314453125,0.226,52.800000000000004
2836,0.000537872314453125,0.226,52.800000000000004
2837,0.0010340213775634766,0.226,53.2
2838,0.0005295276641845703,0.226,54.0
2839,0.000606536865234375,0.226,54.400000000000006
2840,0.0006139278411865234,0.226,55.2
2841,0.00045037269592285156,0.226,55.6
2842,0.0004525184631347656,0.226,56.0
2843,0.0005066394805908203,0.226,56.400000000000006
2844,0.00043201446533203125,0.226,56.800000000000004
2845,0.0004315376281738281,0.226,57.2
2846,0.0004146099090576172,0.226,57.6
2847,0.00042700767517089844,0.226,58.0
2848,0.00019598007202148438,0.226,58.400000000000006
2849,0.00014519691467285156,0.226,58.800000000000004
2850,0.00017023086547851562,0.226,58.800000000000004
2851,0.0004315376281738281,0.226,59.2
2852,0.0004241466522216797,0.226,59.2
2853,0.0005865097045898438,0.226,59.2
2854,0.00043487548828125,0.226,59.2
2855,0.0004324913024902344,0.226,59.2
2856,0.0004355907440185547,0.226,59.2
2857,0.00043320655822753906,0.226,59.2
2858,0.0004477500915527344,0.226,59.2
2859,0.0010290145874023438,0.226,58.800000000000004
2860,0.0005252361297607422,0.226,58.800000000000004
2861,0.0005521774291992188,0.226,58.400000000000006
2862,0.0004591941833496094,0.226,58.400000000000006
2863,0.00044035911560058594,0.226,58.0
2864,0.0006043910980224609,0.226,57.6
2865,0.00043892860412597656,0.226,57.6
2866,0.0009388923645019531,0.226,57.2
2867,0.0015790462493896484,0.226,56.800000000000004
2868,0.0007178783416748047,0.226,56.400000000000006
2869,0.0006911754608154297,0.226,56.0
2870,0.0010128021240234375,0.226,55.6
2871,0.00045299530029296875,0.226,54.800000000000004
2872,0.00044417381286621094,0.226,54.400000000000006
2873,0.0002627372741699219,0.226,54.0
2874,0.0004391670227050781,0.226,53.6
2875,0.0005517005920410156,0.226,53.2
2876,0.0007293224334716797,0.226,52.400000000000006
2877,0.0004994869232177734,0.226,52.0
2878,0.0007727146148681641,0.226,51.6
2879,0.0005404949188232422,0.226,50.800000000000004
2880,0.0005578994750976562,0.226,50.400000000000006
2881,0.0004856586456298828,0.226,50.0
2882,0.0022716522216796875,0.226,49.6
2883,0.0006110668182373047,0.226,49.2
2884,0.002115488052368164,0.226,48.400000000000006
2885,0.0004413127899169922,0.226,48.0
2886,0.0008134841918945312,0.226,47.6
2887,0.0004429817199707031,0.226,47.2
2888,0.0004241466522216797,0.226,46.800000000000004
2889,0.0006098747253417969,0.226,46.800000000000004
2890,0.00041961669921875,0.226,46.400000000000006
2891,0.0005917549133300781,0.226,46.0
2892,0.0004258155822753906,0.226,45.6
2893,0.0004177093505859375,0.226,45.6
2894,0.0004105567932128906,0.226,45.2
2895,0.0004203319549560547,0.226,45.2
2896,0.0004916191101074219,0.226,44.800000000000004
2897,0.0004971027374267578,0.226,44.800000000000004
2898,0.00045013427734375,0.226,44.800000000000004
2899,0.0005972385406494141,0.226,44.800000000000004
2900,0.00042510032653808594,0.226,44.800000000000004
2901,0.0004241466522216797,0.226,44.800000000000004
2902,0.0004553794860839844,0.226,44.800000000000004
2903,0.0013134479522705078,0.226,44.800000000000004
2904,0.00047969818115234375,0.226,44.800000000000004
2905,0.0004622936248779297,0.226,45.2
2906,0.0004448890686035156,0.226,45.2
2907,0.0005517005920410156,0.226,45.6
2908,0.0004477500915527344,0.226,45.6
2909,0.0005404949188232422,0.226,46.0
2910,0.0004372596740722656,0.226,46.400000000000006
2911,0.0005400180816650391,0.226,46.800000000000004
2912,0.0004286766052246094,0.226,46.800000000000004
2913,0.0004611015319824219,0.226,47.2
2914,0.0004200935363769531,0.226,47.6
2915,0.0004165172576904297,0.226,48.0
2916,0.0004382133483886719,0.226,48.400000000000006
2917,0.002361774444580078,0.226,48.800000000000004
2918,0.0007724761962890625,0.226,49.2
2919,0.0019364356994628906,0.226,49.6
2920,0.0005540847778320312,0.226,50.0
2921,0.0007214546203613281,0.226,50.400000000000006
2922,0.0005550384521484375,0.226,50.800000000000004
2923,0.0003769397735595703,0.226,51.2
2924,0.00047779083251953125,0.228,51.6
2925,0.0004391670227050781,0.228,52.0
2926,0.0005061626434326172,0.228,52.400000000000006
2927,0.0020246505737304688,0.231,52.800000000000004
2928,0.0005087852478027344,0.231,53.2
2929,0.0019648075103759766,0.231,53.2
2930,0.0005686283111572266,0.231,53.6
2931,0.0017621517181396484,0.231,54.0
2932,0.000659942626953125,0.231,54.400000000000006
2933,0.001901388168334961,0.231,54.800000000000004
2934,0.0005478858947753906,0.231,54.800000000000004
2935,0.001310110092163086,0.231,55.2
2936,0.0005671977996826172,0.231,55.6
2937,0.0003707408905029297,0.231,55.6
2938,0.0005826950073242188,0.233,56.0
2939,0.00038695335388183594,0.233,56.0
2940,0.00046634674072265625,0.233,56.400000000000006
2941,0.0004584789276123047,0.233,56.400000000000006
2942,0.00042247772216796875,0.233,56.800000000000004
2943,0.0011255741119384766,0.233,56.800000000000004
2944,0.0004937648773193359,0.233,57.2
2945,0.001779794692993164,0.233,57.2
2946,0.0005922317504882812,0.233,57.2
2947,0.0016765594482421875,0.233,57.2
2948,0.0006628036499023438,0.233,57.6
2949,0.0003418922424316406,0.233,57.6
2950,0.0004630088806152344,0.233,57.6
2951,0.00043511390686035156,0.235,57.6
2952,0.00045371055603027344,0.237,57.6
2953,0.0005357265472412109,0.237,57.6
2954,0.0004773139953613281,0.237,57.6
2955,0.0007491111755371094,0.237,57.6
2956,0.0005166530609130859,0.237,57.6
2957,0.0013012886047363281,0.237,57.6
2958,0.0007789134979248047,0.237,57.6
2959,0.0015742778778076172,0.239,57.6
2960,0.00048542022705078125,0.239,57.2
2961,0.0005307197570800781,0.239,57.2
2962,0.0004591941833496094,0.239,57.2
2963,0.0004227161407470703,0.239,57.2
2964,0.0004258155822753906,0.239,57.2
2965,0.0005345344543457031,0.241,56.800000000000004
2966,0.0006866455078125,0.241,56.800000000000004
2967,0.0002396106719970703,0.241,56.800000000000004
2968,0.0002396106719970703,0.241,56.800000000000004
2969,0.0005831718444824219,0.241,56.800000000000004
2970,0.0004680156707763672,0.241,56.400000000000006
2971,0.0008177757263183594,0.241,56.400000000000006
2972,0.0005636215209960938,0.241,56.400000000000006
2973,0.0006201267242431641,0.241,56.400000000000006
2974,0.00029850006103515625,0.241,56.0
2975,0.0004558563232421875,0.241,56.0
2976,0.0002884864807128906,0.241,56.0
2977,0.00045561790466308594,0.241,56.0
2978,0.00043845176696777344,0.241,56.0
2979,0.0002944469451904297,0.241,56.0
2980,0.0002987384796142578,0.241,56.0
2981,0.0003440380096435547,0.241,55.6
2982,0.00043129920959472656,0.241,55.6
2983,0.00048279762268066406,0.241,55.6
2984,0.0005517005920410156,0.241,55.6
2985,0.0004994869232177734,0.241,55.6
2986,0.0005068778991699219,0.241,55.2
2987,0.0004341602325439453,0.241,55.2
2988,0.0008075237274169922,0.241,55.2
2989,0.0004813671112060547,0.241,55.2
2990,0.001031637191772461,0.241,55.2
2991,0.0008809566497802734,0.241,55.2
2992,0.0015769004821777344,0.241,55.2
2993,0.0006191730499267578,0.241,55.2
2994,0.0018513202667236328,0.241,55.2
2995,0.0016143321990966797,0.241,55.2
2996,0.0009298324584960938,0.241,55.2
2997,0.0022003650665283203,0.241,55.2
2998,0.0008447170257568359,0.241,55.6
2999,0.0016293525695800781,0.241,55.6
3000,0.0006024837493896484,0.241,55.6
3001,0.0009665489196777344,0.241,55.6
3002,0.00044918060302734375,0.241,55.6
3003,0.0004105567932128906,0.241,56.0
3004,0.00044417381286621094,0.241,56.0
3005,0.00042724609375,0.241,56.0
3006,0.0005326271057128906,0.241,56.0
3007,0.0002703666687011719,0.241,56.400000000000006
3008,0.0008296966552734375,0.241,56.400000000000006
3009,0.00047206878662109375,0.241,56.400000000000006
3010,0.0005903244018554688,0.241,56.800000000000004
3011,0.0017719268798828125,0.241,56.800000000000004
3012,0.0007581710815429688,0.241,56.800000000000004
3013,0.0022051334381103516,0.241,57.2
3014,0.0022058486938476562,0.241,57.2
3015,0.0023119449615478516,0.241,57.2
3016,0.0025975704193115234,0.241,57.6
3017,0.00030303001403808594,0.241,57.6
3018,0.0005872249603271484,0.241,58.0
3019,0.00037789344787597656,0.241,58.0
3020,0.0005102157592773438,0.241,58.0
3021,0.0005376338958740234,0.241,58.400000000000006
3022,0.0004343986511230469,0.241,58.400000000000006
3023,0.0006356239318847656,0.241,58.400000000000006
3024,0.00045680999755859375,0.241,58.400000000000006
3025,0.00043201446533203125,0.241,58.800000000000004
3026,0.0006067752838134766,0.241,58.800000000000004
3027,0.00032782554626464844,0.241,58.800000000000004
3028,0.00047898292541503906,0.241,59.2
3029,0.0004799365997314453,0.241,59.2
3030,0.00044155120849609375,0.241,59.2
3031,0.0005469322204589844,0.246,59.2
3032,0.0004115104675292969,0.248,59.2
3033,0.0005121231079101562,0.248,59.2
3034,0.0003745555877685547,0.248,59.2
3035,0.001096963882446289,0.248,59.6
3036,0.00029587745666503906,0.248,59.6
3037,0.0004563331604003906,0.25,59.6
3038,0.0004429817199707031,0.25,59.6
3039,0.0003199577331542969,0.25,59.6
3040,0.0005409717559814453,0.25,59.6
3041,0.0004315376281738281,0.25,59.6
3042,0.0004742145538330078,0.25,59.6
3043,0.0004277229309082031,0.25,60.0
3044,0.0004467964172363281,0.25,60.0
3045,0.0002694129943847656,0.25,60.0
3046,0.00034809112548828125,0.25,60.400000000000006
3047,0.0004706382751464844,0.25,60.400000000000006
3048,0.0002925395965576172,0.25,60.400000000000006
3049,0.0005571842193603516,0.25,60.800000000000004
3050,0.00048732757568359375,0.25,60.800000000000004
3051,0.0005736351013183594,0.25,60.800000000000004
3052,0.0004642009735107422,0.25,61.2
3053,0.0006225109100341797,0.25,61.2
3054,0.0003917217254638672,0.25,61.6
3055,0.0010135173797607422,0.25,61.6
3056,0.0005350112915039062,0.25,61.6
3057,0.0005543231964111328,0.25,62.0
3058,0.0006275177001953125,0.25,62.0
3059,0.0004699230194091797,0.25,62.400000000000006
3060,0.00047278404235839844,0.25,62.400000000000006
3061,0.0004642009735107422,0.25,62.800000000000004
3062,0.0007410049438476562,0.25,62.800000000000004
3063,0.0004630088806152344,0.25,62.800000000000004
3064,0.0011005401611328125,0.25,63.2
3065,0.0005140304565429688,0.25,63.2
3066,0.0015385150909423828,0.25,63.6
3067,0.0006947517395019531,0.25,63.6
3068,0.0017633438110351562,0.25,64.0
3069,0.0005221366882324219,0.25,64.0
3070,0.0013194084167480469,0.25,64.0
3071,0.0006201267242431641,0.25,64.4
3072,0.0013687610626220703,0.25,64.4
3073,0.0007276535034179688,0.25,64.4
3074,0.0016138553619384766,0.25,64.8
3075,0.0007097721099853516,0.25,64.8
3076,0.0013201236724853516,0.25,64.8
3077,0.000453948974609375,0.25,64.8
3078,0.0004532337188720703,0.25,64.8
3079,0.0006129741668701172,0.25,65.2
3080,0.0001499652862548828,0.25,65.2
3081,0.000576019287109375,0.25,65.2
3082,0.00015664100646972656,0.25,65.2
3083,0.0006082057952880859,0.25,65.2
3084,0.00014495849609375,0.25,65.2
3085,0.00017333030700683594,0.25,65.2
3086,0.00010418891906738281,0.248,65.2
3087,9.34600830078125e-05,0.248,65.2
3088,0.00017452239990234375,0.246,65.2
3089,0.0016026496887207031,0.246,65.2
3090,0.0003452301025390625,0.246,65.2
3091,0.0017325878143310547,0.246,65.2
3092,0.0007543563842773438,0.246,65.2
3093,0.0003235340118408203,0.246,65.2
3094,0.0003650188446044922,0.244,65.2
3095,0.0003113746643066406,0.244,64.8
3096,0.00041222572326660156,0.244,64.8
3097,0.0003108978271484375,0.244,64.8
3098,0.0005939006805419922,0.241,64.8
3099,0.0002689361572265625,0.241,64.4
3100,0.0004665851593017578,0.239,64.4
3101,0.0005252361297607422,0.239,64.0
3102,0.0007197856903076172,0.237,64.0
3103,0.0011172294616699219,0.237,64.0
3104,0.00026106834411621094,0.237,63.6
3105,0.0005562305450439453,0.237,63.6
3106,0.0004241466522216797,0.237,63.2
3107,0.0004305839538574219,0.237,62.800000000000004
3108,0.0004303455352783203,0.237,62.800000000000004
3109,0.0011494159698486328,0.237,62.400000000000006
3110,0.00029540061950683594,0.237,62.0
3111,0.00037670135498046875,0.237,61.6
3112,0.00037407875061035156,0.237,61.2
3113,0.0009818077087402344,0.237,60.800000000000004
3114,0.0009818077087402344,0.237,60.800000000000004
3115,0.0006825923919677734,0.237,60.400000000000006
3116,0.0023546218872070312,0.237,60.0
3117,0.0004673004150390625,0.237,59.6
3118,0.0005588531494140625,0.237,59.2
3119,0.00036907196044921875,0.237,58.800000000000004
3120,0.00041365623474121094,0.237,58.400000000000006
3121,0.00045561790466308594,0.237,58.0
3122,0.0003533363342285156,0.237,57.2
3123,0.000461578369140625,0.237,56.800000000000004
3124,0.0008780956268310547,0.237,56.400000000000006
3125,0.001209259033203125,0.237,56.0
3126,0.0004343986511230469,0.237,55.2
3127,0.0009596347808837891,0.237,54.800000000000004
3128,0.0003871917724609375,0.237,54.400000000000006
3129,0.0003223419189453125,0.237,54.0
3130,0.0005278587341308594,0.239,53.6
3131,0.0002989768981933594,0.239,53.2
3132,0.00040650367736816406,0.239,52.800000000000004
3133,0.0005018711090087891,0.239,52.400000000000006
3134,0.0004582405090332031,0.244,52.0
3135,0.00042176246643066406,0.244,51.6
3136,0.00044798851013183594,0.246,51.2
3137,0.0010726451873779297,0.248,50.800000000000004
3138,0.0004734992980957031,0.248,50.400000000000006
3139,0.0014843940734863281,0.248,50.400000000000006
3140,0.0005412101745605469,0.248,50.0
3141,0.0014142990112304688,0.248,50.0
3142,0.0006084442138671875,0.248,50.0
3143,0.0021746158599853516,0.248,50.0
3144,0.00058746337890625,0.248,50.0
3145,0.0016138553619384766,0.248,50.0
3146,0.0005104541778564453,0.248,50.0
3147,0.0016925334930419922,0.248,50.400000000000006
3148,0.0006897449493408203,0.248,50.400000000000006
3149,0.0018439292907714844,0.248,50.800000000000004
3150,0.0004782676696777344,0.248,50.800000000000004
3151,0.0013668537139892578,0.248,51.2
3152,0.0013103485107421875,0.248,51.6
3153,0.00017309188842773438,0.248,52.0
3154,0.001422882080078125,0.248,52.400000000000006
3155,0.0006544589996337891,0.248,53.2
3156,0.00127410888671875,0.248,53.6
3157,0.0007359981536865234,0.248,54.0
3158,0.0003535747528076172,0.248,54.800000000000004
3159,0.00079345703125,0.248,55.2
3160,0.0004734992980957031,0.248,56.0
3161,0.0008020401000976562,0.248,56.400000000000006
3162,0.0004715919494628906,0.248,57.2
3163,0.0009572505950927734,0.248,57.6
3164,0.0004467964172363281,0.248,58.400000000000006
3165,0.00164031982421875,0.248,59.2
3166,0.0014309883117675781,0.248,60.0
3167,0.0006775856018066406,0.248,60.400000000000006
3168,0.0015532970428466797,0.248,61.2
3169,0.0004971027374267578,0.248,62.0
3170,0.0016484260559082031,0.248,62.800000000000004
3171,0.0005085468292236328,0.248,63.2
3172,0.001539468765258789,0.248,64.0
3173,0.0005152225494384766,0.248,64.8
3174,0.0016036033630371094,0.248,65.2
3175,0.0005519390106201172,0.248,66.0
3176,0.0016279220581054688,0.246,66.4
3177,0.0004944801330566406,0.246,67.2
3178,0.0016148090362548828,0.244,67.60000000000001
3179,0.0005197525024414062,0.244,68.0
3180,0.0015969276428222656,0.244,68.4
3181,0.0004942417144775391,0.241,69.2
3182,0.001569986343383789,0.241,69.60000000000001
3183,0.0005285739898681641,0.241,70.0
3184,0.001631021499633789,0.239,70.0
3185,0.0004901885986328125,0.239,70.4
3186,0.0008909702301025391,0.235,70.8
3187,0.0004296302795410156,0.235,71.2
3188,0.0003325939178466797,0.235,71.2
3189,0.0004990100860595703,0.235,71.2
3190,0.0003654956817626953,0.235,71.60000000000001
3191,0.0005142688751220703,0.235,71.60000000000001
3192,0.0008699893951416016,0.235,71.60000000000001
3193,0.0005288124084472656,0.235,71.60000000000001
3194,0.0013172626495361328,0.235,71.2
3195,0.0005192756652832031,0.231,71.2
3196,0.0016858577728271484,0.231,70.8
3197,0.0005283355712890625,0.231,70.8
3198,0.0016460418701171875,0.231,70.4
3199,0.0014562606811523438,0.231,70.0
3200,0.0005369186401367188,0.231,69.60000000000001
3201,0.0014567375183105469,0.228,69.2
3202,0.0016355514526367188,0.228,68.4
3203,0.0005505084991455078,0.228,68.0
3204,0.0015664100646972656,0.228,67.2
3205,0.0006418228149414062,0.228,66.4
3206,0.0003573894500732422,0.228,66.0
3207,0.00019168853759765625,0.228,65.2
3208,0.0005457401275634766,0.228,64.0
3209,0.0004787445068359375,0.228,63.2
3210,0.0015664100646972656,0.228,62.400000000000006
3211,0.0007016658782958984,0.228,61.6
3212,0.0014529228210449219,0.228,60.400000000000006
3213,0.0006623268127441406,0.228,59.6
3214,0.001506805419921875,0.228,58.400000000000006
3215,0.0005052089691162109,0.228,57.2
3216,0.001073598861694336,0.228,56.0
3217,0.00017070770263671875,0.228,55.2
3218,0.0006475448608398438,0.228,54.0
3219,0.0004918575286865234,0.228,52.800000000000004
3220,0.0001823902130126953,0.228,52.0
3221,0.0012044906616210938,0.228,50.800000000000004
3222,0.0014710426330566406,0.228,49.6
3223,0.001489877700805664,0.228,48.800000000000004
3224,0.001537322998046875,0.228,47.6
3225,0.0007483959197998047,0.228,46.800000000000004
3226,0.0009610652923583984,0.228,45.6
3227,0.0005898475646972656,0.228,44.800000000000004
3228,0.0015866756439208984,0.228,44.0
3229,0.0005106925964355469,0.228,43.2
3230,0.0015480518341064453,0.228,42.400000000000006
3231,0.0004830360412597656,0.228,41.6
3232,0.0016503334045410156,0.233,41.2
3233,0.001596212387084961,0.233,40.400000000000006
3234,0.0004889965057373047,0.233,40.0
3235,0.0016651153564453125,0.233,39.6
3236,0.0006241798400878906,0.233,39.2
3237,0.0022521018981933594,0.235,39.2
3238,0.0005900859832763672,0.235,38.800000000000004
3239,0.0020051002502441406,0.237,38.800000000000004
3240,0.0005490779876708984,0.237,38.800000000000004
3241,0.002248525619506836,0.237,38.800000000000004
3242,0.0004818439483642578,0.239,39.2
3243,0.0029430389404296875,0.239,39.2
3244,0.00047588348388671875,0.239,39.6
3245,0.0009624958038330078,0.239,40.0
3246,0.00043487548828125,0.239,40.800000000000004
3247,0.00043582916259765625,0.239,41.2
3248,0.0004305839538574219,0.239,42.0
3249,0.0004189014434814453,0.239,42.800000000000004
3250,0.0005085468292236328,0.239,43.6
3251,0.00045418739318847656,0.239,44.400000000000006
3252,0.00046515464782714844,0.239,45.2
3253,0.0018503665924072266,0.239,46.0
3254,0.0005009174346923828,0.239,47.2
3255,0.0013141632080078125,0.239,48.400000000000006
3256,0.0006632804870605469,0.239,49.2
3257,0.0020554065704345703,0.239,50.400000000000006
3258,0.0006134510040283203,0.239,51.6
3259,0.0005261898040771484,0.239,52.800000000000004
3260,0.0012674331665039062,0.239,54.0
3261,0.0006406307220458984,0.239,55.2
3262,0.002279996871948242,0.239,56.400000000000006
3263,0.0012996196746826172,0.239,57.6
3264,0.0007944107055664062,0.239,58.800000000000004
3265,0.0015933513641357422,0.239,59.6
3266,0.0026044845581054688,0.239,60.800000000000004
3267,0.0007081031799316406,0.239,62.0
3268,0.0012333393096923828,0.239,62.800000000000004
3269,0.00035452842712402344,0.239,64.0
3270,0.00035452842712402344,0.239,64.0
3271,0.00033974647521972656,0.239,64.8
3272,0.0003421306610107422,0.239,66.0
3273,0.0005807876586914062,0.239,66.8
3274,0.00022602081298828125,0.239,67.60000000000001
3275,0.00044083595275878906,0.239,68.4
3276,0.0004227161407470703,0.239,69.2
3277,0.0004172325134277344,0.239,69.60000000000001
3278,0.0005757808685302734,0.239,70.4
3279,0.0004372596740722656,0.239,70.8
3280,0.0007581710815429688,0.239,71.60000000000001
3281,0.0004508495330810547,0.239,72.0
3282,0.0017311573028564453,0.239,72.4
3283,0.0007677078247070312,0.239,72.8
3284,0.0018672943115234375,0.239,73.2
3285,0.0007116794586181641,0.239,73.2
3286,0.0017199516296386719,0.239,73.60000000000001
3287,0.0008318424224853516,0.239,73.60000000000001
3288,0.0017020702362060547,0.239,73.60000000000001
3289,0.0005805492401123047,0.239,74.0
3290,0.0015802383422851562,0.239,73.60000000000001
3291,0.0017578601837158203,0.239,73.60000000000001
3292,0.0005750656127929688,0.239,73.60000000000001
3293,0.001989126205444336,0.239,73.2
3294,0.0010223388671875,0.239,73.2
3295,0.0005309581756591797,0.239,72.8
3296,0.0009546279907226562,0.239,72.4
3297,0.0030193328857421875,0.239,72.0
3298,0.0006303787231445312,0.239,71.60000000000001
3299,0.0010602474212646484,0.239,71.2
3300,0.0003104209899902344,0.239,70.8
3301,0.0003871917724609375,0.239,70.0
3302,0.0015583038330078125,0.239,69.60000000000001
3303,0.0006506443023681641,0.239,68.8
3304,0.0013766288757324219,0.239,68.0
3305,0.0005040168762207031,0.239,67.2
3306,0.0011401176452636719,0.239,66.8
3307,0.00110626220703125,0.239,66.0
3308,0.0008649826049804688,0.239,64.8
3309,0.0013108253479003906,0.239,64.0
3310,0.0006673336029052734,0.239,63.2
3311,0.0018422603607177734,0.239,62.400000000000006
3312,0.0007464885711669922,0.239,61.2
3313,0.0018169879913330078,0.239,60.400000000000006
3314,0.0005741119384765625,0.239,59.6
3315,0.0019495487213134766,0.239,58.400000000000006
3316,0.0005829334259033203,0.239,57.6
3317,0.0015206336975097656,0.237,56.400000000000006
3318,0.0005860328674316406,0.237,55.6
3319,0.0017728805541992188,0.237,54.800000000000004
3320,0.0005393028259277344,0.235,53.6
3321,0.0005648136138916016,0.235,52.800000000000004
3322,0.00024628639221191406,0.233,52.0
3323,0.0004584789276123047,0.233,51.2
3324,0.0004773139953613281,0.233,50.0
3325,0.0005424022674560547,0.233,49.2
3326,0.000453948974609375,0.233,48.400000000000006
3327,0.0004990100860595703,0.231,47.6
3328,0.0005292892456054688,0.231,47.2
3329,0.00015020370483398438,0.231,46.400000000000006
3330,0.0003948211669921875,0.231,45.6
3331,0.0002815723419189453,0.228,45.2
3332,0.00015354156494140625,0.228,44.800000000000004
3333,0.0003113746643066406,0.228,44.0
3334,0.0002703666687011719,0.228,43.6
3335,0.0002923011779785156,0.228,43.2
3336,0.0011775493621826172,0.226,42.800000000000004
3337,0.0008213520050048828,0.226,42.800000000000004
3338,0.0015790462493896484,0.226,42.400000000000006
3339,0.0007135868072509766,0.226,42.400000000000006
3340,0.0007851123809814453,0.226,42.0
3341,0.0005655288696289062,0.226,42.0
3342,0.001123666763305664,0.226,42.0
3343,0.0005080699920654297,0.226,42.0
3344,0.0017216205596923828,0.226,42.0
3345,0.0006518363952636719,0.226,42.400000000000006
3346,0.0003845691680908203,0.226,42.400000000000006
3347,0.0004229545593261719,0.226,42.800000000000004
3348,0.0004520416259765625,0.226,43.2
3349,0.0004496574401855469,0.226,43.2
3350,0.00024580955505371094,0.226,43.6
3351,0.0004215240478515625,0.226,44.0
3352,0.0005240440368652344,0.226,44.400000000000006
3353,0.0006258487701416016,0.226,44.800000000000004
3354,0.0004782676696777344,0.226,45.2
3355,0.00043487548828125,0.226,46.0
3356,0.0004477500915527344,0.226,46.400000000000006
3357,0.0014336109161376953,0.226,46.800000000000004
3358,0.0005724430084228516,0.228,47.6
3359,0.002112865447998047,0.228,48.0
3360,0.00260162353515625,0.228,48.800000000000004
3361,0.0022852420806884766,0.228,49.2
3362,0.0006020069122314453,0.228,50.0
3363,0.0019292831420898438,0.228,50.400000000000006
3364,0.0005557537078857422,0.228,51.2
3365,0.0016789436340332031,0.231,51.6
3366,0.0006434917449951172,0.231,52.400000000000006
3367,0.0017800331115722656,0.231,52.800000000000004
3368,0.0005314350128173828,0.231,53.6
3369,0.0016417503356933594,0.231,54.0
3370,0.0005331039428710938,0.233,54.400000000000006
3371,0.001726388931274414,0.233,55.2
3372,0.0005700588226318359,0.233,55.6
3373,0.0015325546264648438,0.233,56.0
3374,0.0006656646728515625,0.235,56.400000000000006
3375,0.0017862319946289062,0.235,57.2
3376,0.0006632804870605469,0.235,57.6
3377,0.001667022705078125,0.235,58.0
3378,0.0005774497985839844,0.235,58.400000000000006
3379,0.0016260147094726562,0.235,58.800000000000004
3380,0.0005559921264648438,0.237,58.800000000000004
3381,0.0017998218536376953,0.237,59.2
3382,0.0007395744323730469,0.237,59.6
3383,0.0018086433410644531,0.237,60.0
3384,0.0007236003875732422,0.237,60.0
3385,0.0024793148040771484,0.237,60.400000000000006
3386,0.0006415843963623047,0.237,60.400000000000006
3387,0.002041339874267578,0.237,60.800000000000004
3388,0.0010764598846435547,0.237,60.800000000000004
3389,0.002054452896118164,0.237,61.2
3390,0.0022225379943847656,0.237,61.2
3391,0.002065420150756836,0.237,61.2
3392,0.0006215572357177734,0.237,61.6
3393,0.0016438961029052734,0.237,61.6
3394,0.0017118453979492188,0.237,61.6
3395,0.0005946159362792969,0.237,61.6
3396,0.0004088878631591797,0.237,61.6
3397,0.0003719329833984375,0.237,61.6
3398,0.00046753883361816406,0.237,61.6
3399,0.0006482601165771484,0.237,61.6
3400,0.0007243156433105469,0.237,61.2
3401,0.0008146762847900391,0.237,61.2
3402,0.0015740394592285156,0.237,61.2
3403,0.0006055831909179688,0.237,60.800000000000004
3404,0.0011169910430908203,0.237,60.800000000000004
3405,0.0005762577056884766,0.237,60.400000000000006
3406,0.0017135143280029297,0.237,60.400000000000006
3407,0.001394033432006836,0.237,60.0
3408,0.0021886825561523438,0.237,60.0
3409,0.002104520797729492,0.237,59.6
3410,0.0016772747039794922,0.239,59.2
3411,0.002506256103515625,0.239,58.800000000000004
3412,0.0017664432525634766,0.239,58.400000000000006
3413,0.0024971961975097656,0.239,58.400000000000006
3414,0.0005700588226318359,0.239,58.0
3415,0.0007474422454833984,0.239,57.6
3416,0.0008182525634765625,0.239,57.2
3417,0.0008182525634765625,0.239,57.2
3418,0.0004520416259765625,0.239,56.800000000000004
3419,0.0006656646728515625,0.239,56.400000000000006
3420,0.0004813671112060547,0.239,56.0
3421,0.00047469139099121094,0.239,55.6
3422,0.00048089027404785156,0.239,55.2
3423,0.0005342960357666016,0.239,54.800000000000004
3424,0.0004227161407470703,0.239,54.400000000000006
3425,0.00047659873962402344,0.239,54.0
3426,0.00044345855712890625,0.237,53.6
3427,0.0004398822784423828,0.237,53.2
3428,0.0004279613494873047,0.237,53.2
3429,0.0004444122314453125,0.237,52.800000000000004
3430,0.00041556358337402344,0.233,52.400000000000006
3431,0.0004189014434814453,0.233,52.0
3432,0.00043129920959472656,0.233,52.0
3433,0.0004260540008544922,0.233,51.6
3434,0.0005471706390380859,0.233,51.6
3435,0.0004229545593261719,0.233,51.2
3436,0.0004601478576660156,0.231,51.2
3437,0.00046372413635253906,0.231,50.800000000000004
3438,0.0004971027374267578,0.228,50.800000000000004
3439,0.00048804283142089844,0.226,50.800000000000004
3440,0.001980304718017578,0.226,50.400000000000006
3441,0.0012407302856445312,0.226,50.400000000000006
3442,0.0005285739898681641,0.226,50.400000000000006
3443,0.0006427764892578125,0.226,50.400000000000006
3444,0.0004355907440185547,0.226,50.400000000000006
3445,0.0005822181701660156,0.226,50.0
3446,0.0004115104675292969,0.226,50.0
3447,0.0004241466522216797,0.226,50.0
3448,0.0004265308380126953,0.226,50.0
3449,0.0004189014434814453,0.226,50.0
3450,0.0004162788391113281,0.226,50.0
3451,0.00040602684020996094,0.226,50.0
3452,0.0003504753112792969,0.226,50.0
3453,0.0008356571197509766,0.226,50.0
3454,0.0004222393035888672,0.226,50.0
3455,0.0004153251647949219,0.226,50.0
3456,0.0004451274871826172,0.226,50.0
3457,0.00043129920959472656,0.226,50.0
3458,0.00043845176696777344,0.226,50.0
3459,0.00041604042053222656,0.226,50.400000000000006
3460,0.00041174888610839844,0.226,50.400000000000006
3461,0.0004134178161621094,0.226,50.400000000000006
3462,0.0004596710205078125,0.226,50.400000000000006
3463,0.0006940364837646484,0.226,50.400000000000006
3464,0.0006265640258789062,0.226,50.400000000000006
3465,0.0016124248504638672,0.226,50.400000000000006
3466,0.0005886554718017578,0.226,50.400000000000006
3467,0.00113677978515625,0.226,50.800000000000004
3468,0.0004165172576904297,0.226,50.800000000000004
3469,0.0007343292236328125,0.226,50.800000000000004
3470,0.0004620552062988281,0.226,50.800000000000004
3471,0.0004942417144775391,0.226,50.800000000000004
3472,0.00044655799865722656,0.228,50.800000000000004
3473,0.00044035911560058594,0.228,50.800000000000004
3474,0.00044417381286621094,0.231,51.2
3475,0.0013649463653564453,0.231,51.2
3476,0.0005066394805908203,0.231,51.2
3477,0.0019702911376953125,0.231,51.2
3478,0.0006673336029052734,0.231,51.2
3479,0.0018982887268066406,0.231,51.2
3480,0.0006241798400878906,0.231,51.2
3481,0.0017385482788085938,0.231,51.6
3482,0.0016841888427734375,0.231,51.6
3483,0.00043463706970214844,0.231,51.6
3484,0.0004420280456542969,0.231,51.6
3485,0.00040411949157714844,0.231,51.6
3486,0.0004742145538330078,0.231,52.0
3487,0.0004296302795410156,0.233,52.0
3488,0.0004334449768066406,0.233,52.0
3489,0.00041866302490234375,0.233,52.0
3490,0.0008230209350585938,0.233,52.400000000000006
3491,0.0005033016204833984,0.233,52.400000000000006
3492,0.0006079673767089844,0.235,52.400000000000006
3493,0.0005388259887695312,0.235,52.800000000000004
3494,0.0006234645843505859,0.237,52.800000000000004
3495,0.00021791458129882812,0.237,52.800000000000004
3496,0.0003743171691894531,0.239,53.2
3497,0.0007104873657226562,0.239,53.2
3498,0.00047016143798828125,0.241,53.2
3499,0.0005681514739990234,0.241,53.6
3500,0.0004019737243652344,0.241,53.6
3501,0.0008714199066162109,0.244,53.6
3502,0.0006105899810791016,0.244,54.0
3503,0.0029001235961914062,0.244,54.0
3504,0.00140380859375,0.244,54.400000000000006
3505,0.000698089599609375,0.244,54.400000000000006
3506,0.0028874874114990234,0.244,54.800000000000004
3507,0.0007472038269042969,0.244,54.800000000000004
3508,0.0015747547149658203,0.244,55.2
3509,0.0016505718231201172,0.244,55.2
3510,0.0006189346313476562,0.244,55.6
3511,0.0018925666809082031,0.244,56.0
3512,0.0005724430084228516,0.244,56.0
3513,0.000385284423828125,0.244,56.400000000000006
3514,0.000423431396484375,0.244,56.800000000000004
3515,0.0004298686981201172,0.244,57.2
3516,0.0005297660827636719,0.244,57.2
3517,0.00043082237243652344,0.244,57.6
3518,0.0004286766052246094,0.244,58.0
3519,0.0004210472106933594,0.244,58.400000000000006
3520,0.00040459632873535156,0.244,58.800000000000004
3521,0.00046062469482421875,0.241,58.800000000000004
3522,0.0008060932159423828,0.241,59.2
3523,0.0004863739013671875,0.241,59.6
3524,0.0004832744598388672,0.239,60.0
3525,0.0013053417205810547,0.239,60.400000000000006
3526,0.0005519390106201172,0.239,60.400000000000006
3527,0.0007669925689697266,0.239,60.800000000000004
3528,0.0005247592926025391,0.239,61.2
3529,0.0038802623748779297,0.239,61.2
3530,0.0004286766052246094,0.239,61.6
3531,0.0004286766052246094,0.239,62.0
3532,0.00043773651123046875,0.239,62.0
3533,0.0004546642303466797,0.235,62.400000000000006
3534,0.00054931640625,0.235,62.400000000000006
3535,0.0004336833953857422,0.233,62.400000000000006
3536,0.0004284381866455078,0.233,62.800000000000004
3537,0.0004343986511230469,0.233,62.800000000000004
3538,0.0004329681396484375,0.233,62.800000000000004
3539,0.00041031837463378906,0.233,63.2
3540,0.0004277229309082031,0.233,63.2
3541,0.00041556358337402344,0.233,63.2
3542,0.0004169940948486328,0.233,63.2
3543,0.0004107952117919922,0.233,62.800000000000004
3544,0.0005862712860107422,0.233,62.800000000000004
3545,0.00042629241943359375,0.233,62.800000000000004
3546,0.00042057037353515625,0.233,62.800000000000004
3547,0.0004172325134277344,0.233,62.400000000000006
3548,0.0004181861877441406,0.233,62.400000000000006
3549,0.0004048347473144531,0.233,62.0
3550,0.0009465217590332031,0.233,61.6
3551,0.0004401206970214844,0.233,61.6
3552,0.001748800277709961,0.233,61.2
3553,0.0018086433410644531,0.233,60.800000000000004
3554,0.0005784034729003906,0.233,60.400000000000006
3555,0.0018398761749267578,0.233,60.0
3556,0.0005486011505126953,0.233,59.6
3557,0.0019526481628417969,0.233,59.2
3558,0.0005502700805664062,0.233,58.800000000000004
3559,0.002602100372314453,0.233,58.400000000000006
3560,0.0005469322204589844,0.233,58.0
3561,0.001611471176147461,0.233,57.6
3562,0.0005958080291748047,0.233,57.2
3563,0.0027742385864257812,0.233,56.400000000000006
3564,0.0005474090576171875,0.233,56.0
3565,0.0011129379272460938,0.233,55.6
3566,0.00043320655822753906,0.233,55.2
3567,0.00043320655822753906,0.233,55.2
3568,0.0004439353942871094,0.233,54.400000000000006
3569,0.0006210803985595703,0.233,54.0
3570,0.0004210472106933594,0.235,53.6
3571,0.0004260540008544922,0.237,53.2
3572,0.0004127025604248047,0.237,52.400000000000006
3573,0.00041556358337402344,0.237,52.0
3574,0.00043010711669921875,0.237,51.6
3575,0.0005636215209960938,0.237,51.2
3576,0.0004322528839111328,0.237,50.800000000000004
3577,0.0011730194091796875,0.237,50.400000000000006
3578,0.0007596015930175781,0.237,50.0
3579,0.0012090206146240234,0.237,49.6
3580,0.0013897418975830078,0.237,49.2
3581,0.0007162094116210938,0.237,48.800000000000004
3582,0.0023348331451416016,0.241,48.800000000000004
3583,0.0015103816986083984,0.241,48.400000000000006
3584,0.0006351470947265625,0.244,48.400000000000006
3585,0.002538919448852539,0.244,48.400000000000006
3586,0.0005762577056884766,0.246,48.0
3587,0.0012180805206298828,0.246,48.0
3588,0.000698089599609375,0.246,48.0
3589,0.0006120204925537109,0.248,48.400000000000006
3590,0.0004489421844482422,0.248,48.400000000000006
3591,0.0003848075866699219,0.248,48.400000000000006
3592,0.0004668235778808594,0.248,48.800000000000004
3593,0.0003159046173095703,0.248,48.800000000000004
3594,0.0004456043243408203,0.248,49.2
3595,0.0003440380096435547,0.25,49.6
3596,0.0005600452423095703,0.25,50.0
3597,0.00042128562927246094,0.25,50.400000000000006
3598,0.0003743171691894531,0.25,51.2
3599,0.00030541419982910156,0.25,51.6
3600,0.0004413127899169922,0.25,52.400000000000006
3601,0.0004315376281738281,0.25,52.800000000000004
3602,0.0004220008850097656,0.25,53.6
3603,0.0004298686981201172,0.25,54.400000000000006
3604,0.0005617141723632812,0.25,55.2
3605,0.0004773139953613281,0.25,55.6
3606,0.00043272972106933594,0.25,56.400000000000006
3607,0.0005805492401123047,0.25,57.2
3608,0.0007894039154052734,0.25,58.400000000000006
3609,0.0004067420959472656,0.25,59.2
3610,0.0004928112030029297,0.25,60.0
3611,0.00045609474182128906,0.25,60.800000000000004
3612,0.00042819976806640625,0.25,61.6
3613,0.00046372413635253906,0.25,62.400000000000006
3614,0.00042629241943359375,0.25,63.2
3615,0.00042510032653808594,0.25,64.0
3616,0.0006554126739501953,0.25,64.8
3617,0.00047516822814941406,0.25,65.60000000000001
3618,0.0011751651763916016,0.25,66.4
3619,0.0006160736083984375,0.25,67.2
3620,0.0015544891357421875,0.25,68.0
3621,0.0005779266357421875,0.25,68.8
3622,0.0006341934204101562,0.25,69.60000000000001
3623,0.0005300045013427734,0.246,70.0
3624,0.00045990943908691406,0.246,70.8
3625,0.0004961490631103516,0.244,71.60000000000001
3626,0.0008242130279541016,0.244,72.0
3627,0.0005016326904296875,0.244,72.4
3628,0.00047779083251953125,0.241,73.2
3629,0.0011301040649414062,0.237,73.60000000000001
3630,0.0005388259887695312,0.237,74.0
3631,0.0012409687042236328,0.237,74.4
3632,0.0007543563842773438,0.235,74.8
3633,0.001957416534423828,0.233,74.8
3634,0.0005972385406494141,0.233,75.2
3635,0.0018568038940429688,0.233,75.60000000000001
3636,0.0005564689636230469,0.233,75.60000000000001
3637,0.0018165111541748047,0.233,75.60000000000001
3638,0.001825094223022461,0.233,75.60000000000001
3639,0.0005986690521240234,0.233,75.60000000000001
3640,0.0023086071014404297,0.233,75.2
3641,0.0004315376281738281,0.233,75.2
3642,0.00042366981506347656,0.233,74.8
3643,0.0004718303680419922,0.233,74.4
3644,0.0004520416259765625,0.233,74.0
3645,0.0004553794860839844,0.233,73.60000000000001
3646,0.0004646778106689453,0.233,73.2
3647,0.00045490264892578125,0.233,72.4
3648,0.0004506111145019531,0.233,71.60000000000001
3649,0.0005786418914794922,0.233,71.2
3650,0.00043272972106933594,0.233,70.4
3651,0.0004227161407470703,0.233,69.60000000000001
3652,0.0004470348358154297,0.233,68.4
3653,0.0005776882171630859,0.233,67.60000000000001
3654,0.0004425048828125,0.233,66.8
3655,0.0007076263427734375,0.233,65.60000000000001
3656,0.0004241466522216797,0.233,64.4
3657,0.0004582405090332031,0.233,63.6
3658,0.0005016326904296875,0.233,62.400000000000006
3659,0.00044608116149902344,0.233,61.2
3660,0.0004706382751464844,0.233,60.0
3661,0.0003952980041503906,0.233,58.800000000000004
3662,0.0004208087921142578,0.233,56.400000000000006
3663,0.0004227161407470703,0.233,55.2
3664,0.0005426406860351562,0.233,53.6
3665,0.0004420280456542969,0.233,52.400000000000006
3666,0.0009407997131347656,0.233,51.2
3667,0.0004534721374511719,0.233,50.0
3668,0.0018143653869628906,0.233,49.2
3669,0.0005910396575927734,0.233,48.0
3670,0.0024421215057373047,0.233,46.800000000000004
3671,0.0006186962127685547,0.233,45.6
3672,0.0003883838653564453,0.233,44.800000000000004
3673,0.0004780292510986328,0.233,44.0
3674,0.00042700767517089844,0.233,42.800000000000004
3675,0.00043129920959472656,0.233,42.0
3676,0.00043845176696777344,0.233,41.6
3677,0.00046896934509277344,0.233,40.800000000000004
3678,0.00042557716369628906,0.233,40.0
3679,0.0004153251647949219,0.233,39.6
3680,0.0006878376007080078,0.233,39.2
3681,0.0005080699920654297,0.233,38.800000000000004
3682,0.0004506111145019531,0.233,38.800000000000004
3683,0.00043010711669921875,0.235,38.400000000000006
3684,0.0004487037658691406,0.237,38.400000000000006
3685,0.0004439353942871094,0.237,38.400000000000006
3686,0.0004189014434814453,0.237,38.400000000000006
3687,0.0006763935089111328,0.239,38.800000000000004
3688,0.0010919570922851562,0.239,39.2
3689,0.00045609474182128906,0.239,39.2
3690,0.00041556358337402344,0.239,39.6
3691,0.0005555152893066406,0.239,40.400000000000006
3692,0.0004394054412841797,0.239,40.800000000000004
3693,0.00042057037353515625,0.239,41.6
3694,0.0004096031188964844,0.239,42.400000000000006
3695,0.0005872249603271484,0.241,43.2
3696,0.00045371055603027344,0.241,44.0
3697,0.0004124641418457031,0.246,44.800000000000004
3698,0.0004286766052246094,0.248,45.6
3699,0.00046062469482421875,0.25,46.800000000000004
3700,0.000423431396484375,0.25,47.6
3701,0.0004200935363769531,0.25,48.800000000000004
3702,0.0005319118499755859,0.25,50.0
3703,0.0006577968597412109,0.25,51.2
3704,0.0006577968597412109,0.25,51.2
3705,0.0004303455352783203,0.25,52.0
3706,0.0011377334594726562,0.25,53.2
3707,0.0006902217864990234,0.25,54.400000000000006
3708,0.0015649795532226562,0.25,55.6
3709,0.001767873764038086,0.25,57.2
3710,0.0004329681396484375,0.25,58.400000000000006
3711,0.00040650367736816406,0.25,59.6
3712,0.0011496543884277344,0.25,60.800000000000004
3713,0.0004203319549560547,0.25,62.0
3714,0.0004630088806152344,0.25,63.2
3715,0.00040841102600097656,0.25,64.4
3716,0.00043082237243652344,0.25,65.60000000000001
3717,0.0004100799560546875,0.25,66.8
3718,0.0004258155822753906,0.25,67.60000000000001
3719,0.00042128562927246094,0.25,68.8
3720,0.0004227161407470703,0.25,70.0
3721,0.00045561790466308594,0.25,70.8
3722,0.00041222572326660156,0.25,72.0
3723,0.0004172325134277344,0.25,72.8
3724,0.00042247772216796875,0.25,73.60000000000001
3725,0.00044035911560058594,0.25,74.4
3726,0.00043201446533203125,0.25,75.2
3727,0.0004181861877441406,0.25,76.0
3728,0.00042438507080078125,0.25,76.80000000000001
3729,0.0004608631134033203,0.25,77.60000000000001
3730,0.00041794776916503906,0.25,78.0
3731,0.0004220008850097656,0.25,78.4
3732,0.0006372928619384766,0.25,79.2
3733,0.00046253204345703125,0.25,79.60000000000001
3734,0.0004239082336425781,0.25,80.0
3735,0.0004096031188964844,0.25,80.4
3736,0.000400543212890625,0.25,80.4
3737,0.00042128562927246094,0.25,80.80000000000001
3738,0.00042057037353515625,0.25,81.2
3739,0.0004096031188964844,0.25,81.2
3740,0.00044846534729003906,0.25,81.2
3741,0.0008096694946289062,0.25,81.2
3742,0.0005910396575927734,0.25,81.2
3743,0.0004208087921142578,0.25,81.2
3744,0.00045108795166015625,0.25,81.2
3745,0.0004360675811767578,0.25,81.2
3746,0.00041484832763671875,0.25,80.80000000000001
3747,0.0005769729614257812,0.25,80.80000000000001
3748,0.0004401206970214844,0.25,80.4
3749,0.0004756450653076172,0.25,80.0
3750,0.00046539306640625,0.25,80.0
3751,0.0003876686096191406,0.25,79.60000000000001
3752,0.0005338191986083984,0.25,79.2
3753,0.0004553794860839844,0.25,78.4
3754,0.0004508495330810547,0.25,78.0
3755,0.0015747547149658203,0.25,77.60000000000001
3756,0.0017893314361572266,0.25,76.80000000000001
3757,0.0004420280456542969,0.25,76.4
3758,0.0013470649719238281,0.25,75.60000000000001
3759,0.0007984638214111328,0.25,74.8
3760,0.001622915267944336,0.25,74.4
3761,0.0029296875,0.25,73.60000000000001
3762,0.0006051063537597656,0.25,72.8
3763,0.0006532669067382812,0.25,72.0
3764,0.0009262561798095703,0.25,71.2
3765,0.00047206878662109375,0.25,70.4
3766,0.0004699230194091797,0.25,69.2
3767,0.00043463706970214844,0.25,68.4
3768,0.0006396770477294922,0.25,67.60000000000001
3769,0.0004379749298095703,0.25,66.4
3770,0.0004379749298095703,0.25,65.60000000000001
3771,0.0004031658172607422,0.25,64.8
3772,0.0004382133483886719,0.25,63.6
3773,0.0007863044738769531,0.25,62.800000000000004
3774,0.00034928321838378906,0.25,62.0
3775,0.0004930496215820312,0.25,60.800000000000004
3776,0.0004305839538574219,0.25,60.0
3777,0.0004329681396484375,0.25,59.2
3778,0.0004425048828125,0.25,58.0
3779,0.0004303455352783203,0.25,57.2
3780,0.0011272430419921875,0.25,56.400000000000006
3781,0.001768350601196289,0.25,55.6
3782,0.0005991458892822266,0.25,54.800000000000004
3783,0.001859903335571289,0.25,54.0
3784,0.0005497932434082031,0.25,53.2
3785,0.0018458366394042969,0.248,52.400000000000006
3786,0.0005340576171875,0.248,52.0
3787,0.0018620491027832031,0.248,51.2
3788,0.0005443096160888672,0.248,50.800000000000004
3789,0.0018310546875,0.248,50.400000000000006
3790,0.0017385482788085938,0.248,50.0
3791,0.0005629062652587891,0.248,49.6
3792,0.0019469261169433594,0.248,49.2
3793,0.0005860328674316406,0.248,49.2
3794,0.0016481876373291016,0.248,48.800000000000004
3795,0.0006067752838134766,0.248,48.800000000000004
3796,0.002060413360595703,0.248,48.800000000000004
3797,0.0005528926849365234,0.248,48.800000000000004
3798,0.0007913112640380859,0.248,48.800000000000004
3799,0.0012135505676269531,0.248,48.800000000000004
3800,0.001226663589477539,0.248,49.2
3801,0.0004639625549316406,0.248,49.2
3802,0.0007183551788330078,0.248,49.6
3803,0.0002980232238769531,0.248,50.0
3804,0.0005469322204589844,0.248,50.400000000000006
3805,0.0016274452209472656,0.248,50.800000000000004
3806,0.0004980564117431641,0.248,51.2
3807,0.0007698535919189453,0.248,51.6
3808,0.0004684925079345703,0.248,52.400000000000006
3809,0.0007483959197998047,0.248,52.800000000000004
3810,0.0004773139953613281,0.248,53.6
3811,0.0019016265869140625,0.248,54.400000000000006
3812,0.0006113052368164062,0.248,54.800000000000004
3813,0.0018193721771240234,0.248,55.6
3814,0.0005507469177246094,0.248,56.400000000000006
3815,0.0019161701202392578,0.248,57.2
3816,0.0018646717071533203,0.248,58.0
3817,0.0017406940460205078,0.248,58.800000000000004
3818,0.0004878044128417969,0.248,59.6
3819,0.002268075942993164,0.248,60.400000000000006
3820,0.001766204833984375,0.248,61.2
3821,0.0020046234130859375,0.248,62.0
3822,0.002070903778076172,0.25,62.800000000000004
3823,0.0007066726684570312,0.25,63.6
3824,0.002875089645385742,0.25,64.8
3825,0.001987457275390625,0.25,65.60000000000001
3826,0.0027751922607421875,0.25,66.4
3827,0.0015287399291992188,0.25,67.2
3828,0.0028455257415771484,0.25,67.60000000000001
3829,0.0008089542388916016,0.25,68.4
3830,0.0018901824951171875,0.25,69.2
3831,0.0007398128509521484,0.25,70.0
3832,0.0009708404541015625,0.25,70.8
3833,0.00032806396484375,0.25,71.2
3834,0.0008742809295654297,0.25,72.0
3835,0.00043892860412597656,0.25,72.4
3836,0.00043082237243652344,0.25,73.2
3837,0.0004177093505859375,0.25,73.60000000000001
3838,0.0009412765502929688,0.25,74.0
3839,0.0010759830474853516,0.25,74.8
3840,0.001130819320678711,0.25,75.2
3841,0.0005838871002197266,0.25,75.60000000000001
3842,0.001928567886352539,0.25,76.0
3843,0.00070953369140625,0.25,76.0
3844,0.0017588138580322266,0.25,76.4
3845,0.0005898475646972656,0.25,76.80000000000001
3846,0.0019156932830810547,0.25,76.80000000000001
3847,0.0005669593811035156,0.25,77.2
3848,0.002316713333129883,0.25,77.2
3849,0.0006165504455566406,0.25,77.60000000000001
3850,0.0014011859893798828,0.25,77.60000000000001
3851,0.0005769729614257812,0.25,77.60000000000001
3852,0.002443075180053711,0.25,77.60000000000001
3853,0.0006589889526367188,0.25,77.60000000000001
3854,0.0018811225891113281,0.25,77.60000000000001
3855,0.0006330013275146484,0.25,77.2
3856,0.001901388168334961,0.25,77.2
3857,0.0016279220581054688,0.25,77.2
3858,0.0020170211791992188,0.25,76.80000000000001
3859,0.0016582012176513672,0.25,76.80000000000001
3860,0.0017213821411132812,0.25,76.4
3861,0.0014410018920898438,0.25,76.0
3862,0.003847360610961914,0.25,75.60000000000001
3863,0.0007965564727783203,0.25,75.60000000000001
3864,0.0007965564727783203,0.25,75.60000000000001
3865,0.00047707557678222656,0.25,75.2
3866,0.0017275810241699219,0.25,74.8
3867,0.0005705356597900391,0.25,74.4
3868,0.0005669593811035156,0.25,73.60000000000001
3869,0.0005235671997070312,0.25,73.2
3870,0.0013155937194824219,0.25,72.8
3871,0.0026540756225585938,0.25,72.4
3872,0.0016727447509765625,0.25,71.60000000000001
3873,0.0006799697875976562,0.25,71.2
3874,0.0023336410522460938,0.25,70.8
3875,0.0016393661499023438,0.25,70.0
3876,0.0026578903198242188,0.25,69.60000000000001
3877,0.0016160011291503906,0.25,68.8
3878,0.0016846656799316406,0.25,68.0
3879,0.0014581680297851562,0.25,67.60000000000001
3880,0.001138925552368164,0.25,66.8
3881,0.002928495407104492,0.25,66.0
3882,0.0014448165893554688,0.25,65.60000000000001
3883,0.0013782978057861328,0.25,64.8
3884,0.0008406639099121094,0.25,64.0
3885,0.0032644271850585938,0.25,63.6
3886,0.0006859302520751953,0.25,62.800000000000004
3887,0.0027489662170410156,0.25,62.0
3888,0.0006461143493652344,0.25,61.6
3889,0.0020492076873779297,0.25,60.800000000000004
3890,0.0006091594696044922,0.25,60.400000000000006
3891,0.002211332321166992,0.25,59.6
3892,0.0006771087646484375,0.25,59.2
3893,0.0018453598022460938,0.25,58.800000000000004
3894,0.00017380714416503906,0.25,58.0
3895,0.000782012939453125,0.25,57.6
3896,0.00027251243591308594,0.25,57.2
3897,0.0014734268188476562,0.25,56.800000000000004
3898,0.0004858970642089844,0.25,56.400000000000006
3899,0.002209186553955078,0.25,56.0
3900,0.0006260871887207031,0.25,55.6
3901,0.0016775131225585938,0.25,55.2
3902,0.0006577968597412109,0.25,55.2
3903,0.0017294883728027344,0.25,54.800000000000004
3904,0.002779245376586914,0.25,54.800000000000004
3905,0.0015292167663574219,0.25,54.800000000000004
3906,0.0013060569763183594,0.25,54.400000000000006
3907,0.0017480850219726562,0.25,54.400000000000006
3908,0.0014896392822265625,0.25,54.400000000000006
3909,0.0009074211120605469,0.25,54.400000000000006
3910,0.0023190975189208984,0.25,54.400000000000006
3911,0.0008311271667480469,0.25,54.800000000000004
3912,0.0019888877868652344,0.25,54.800000000000004
3913,0.0006656646728515625,0.25,54.800000000000004
3914,0.0016739368438720703,0.25,55.2
3915,0.0015642642974853516,0.25,55.2
3916,0.0007035732269287109,0.25,55.6
3917,0.0032918453216552734,0.25,56.0
3918,0.0009169578552246094,0.25,56.400000000000006
3919,0.0014958381652832031,0.25,56.800000000000004
3920,0.0015931129455566406,0.25,57.2
3921,0.0014996528625488281,0.25,57.6
3922,0.003073453903198242,0.25,58.0
3923,0.0010826587677001953,0.25,58.400000000000006
3924,0.00018072128295898438,0.25,58.800000000000004
3925,0.0008442401885986328,0.25,59.2
3926,0.0035409927368164062,0.25,59.6
3927,0.002547740936279297,0.25,60.400000000000006
3928,0.0013308525085449219,0.25,60.800000000000004
3929,0.0020761489868164062,0.25,61.2
3930,0.0033197402954101562,0.25,61.6
3931,0.0011382102966308594,0.25,62.400000000000006
3932,0.002747058868408203,0.25,62.800000000000004
3933,0.0019371509552001953,0.25,63.2
3934,0.0012938976287841797,0.25,63.6
3935,0.0009176731109619141,0.25,64.4
3936,0.0014252662658691406,0.25,64.8
3937,0.0005166530609130859,0.25,65.2
3938,0.002206087112426758,0.25,65.60000000000001
3939,0.0008032321929931641,0.25,66.0
3940,0.0016002655029296875,0.25,66.4
3941,0.0008084774017333984,0.25,67.2
3942,0.0018961429595947266,0.25,67.60000000000001
3943,0.0006880760192871094,0.25,68.0
3944,0.002959012985229492,0.25,68.4
3945,0.0005831718444824219,0.25,68.8
3946,0.0018486976623535156,0.25,69.2
3947,0.0006103515625,0.25,69.2
3948,0.002389192581176758,0.25,69.60000000000001
3949,0.0006470680236816406,0.25,70.0
3950,0.0018057823181152344,0.25,70.4
3951,0.0005731582641601562,0.25,70.8
3952,0.0019044876098632812,0.25,70.8
3953,0.00025773048400878906,0.25,71.2
3954,0.0004100799560546875,0.25,71.2
3955,0.0002276897430419922,0.25,71.60000000000001
3956,0.0008625984191894531,0.25,71.60000000000001
3957,0.000637054443359375,0.25,72.0
3958,0.0004937648773193359,0.25,72.0
3959,0.0008697509765625,0.25,72.0
3960,0.0006213188171386719,0.25,72.0
3961,0.0016834735870361328,0.25,72.4
3962,0.0005128383636474609,0.25,72.4
3963,0.0007302761077880859,0.25,72.4
3964,0.0008969306945800781,0.25,72.4
3965,0.0007882118225097656,0.25,72.0
3966,0.0006520748138427734,0.25,72.0
3967,0.0005159378051757812,0.25,72.0
3968,0.0006396770477294922,0.25,72.0
3969,0.0006127357482910156,0.25,71.60000000000001
3970,0.00048160552978515625,0.25,71.60000000000001
3971,0.0006177425384521484,0.25,71.60000000000001
3972,0.0004715919494628906,0.25,71.2
3973,0.0010793209075927734,0.25,71.2
3974,0.0008313655853271484,0.25,70.8
3975,0.0017883777618408203,0.25,70.8
3976,0.0006039142608642578,0.25,70.4
3977,0.001275777816772461,0.25,70.0
3978,0.0013222694396972656,0.25,69.60000000000001
3979,0.0005154609680175781,0.25,69.60000000000001
3980,0.0007443428039550781,0.25,69.2
3981,0.0003921985626220703,0.25,68.8
3982,0.00112152099609375,0.25,68.4
3983,0.0002853870391845703,0.25,68.0
3984,0.0011806488037109375,0.25,67.60000000000001
3985,0.0001888275146484375,0.248,67.2
3986,0.0033020973205566406,0.241,66.8
3987,0.00033783912658691406,0.241,66.4
3988,0.00036263465881347656,0.241,66.0
3989,0.0007386207580566406,0.241,65.60000000000001
3990,0.00048232078552246094,0.241,65.2
3991,0.0006093978881835938,0.241,64.4
3992,0.0008258819580078125,0.241,64.0
3993,0.0009493827819824219,0.241,63.6
3994,0.0005319118499755859,0.241,63.2
3995,0.0005245208740234375,0.241,62.800000000000004
3996,0.0005235671997070312,0.239,62.0
3997,0.0006966590881347656,0.239,61.6
3998,0.0006966590881347656,0.239,61.6
3999,0.00042057037353515625,0.239,61.2
4000,0.0004067420959472656,0.239,60.400000000000006
4001,0.0004057884216308594,0.239,60.0
4002,0.0004229545593261719,0.239,59.2
4003,0.0004596710205078125,0.239,58.800000000000004
4004,0.0004715919494628906,0.239,58.400000000000006
4005,0.0008120536804199219,0.239,57.6
4006,0.001039266586303711,0.239,57.2
4007,0.0008969306945800781,0.239,56.800000000000004
4008,0.0017414093017578125,0.239,56.400000000000006
4009,0.0005340576171875,0.239,55.6
4010,0.00036597251892089844,0.239,55.2
4011,0.0017037391662597656,0.239,54.800000000000004
4012,0.0006365776062011719,0.239,54.400000000000006
4013,0.0019469261169433594,0.239,54.0
4014,0.0008237361907958984,0.239,53.6
4015,0.0008738040924072266,0.239,53.2
4016,0.0004839897155761719,0.239,52.800000000000004
4017,0.0006341934204101562,0.239,52.400000000000006
4018,0.0005137920379638672,0.239,52.0
4019,0.0006251335144042969,0.239,51.6
4020,0.0004725456237792969,0.239,51.6
4021,0.0010466575622558594,0.239,51.2
4022,0.0008614063262939453,0.237,51.2
4023,0.0004954338073730469,0.237,50.800000000000004
4024,0.0009741783142089844,0.237,50.800000000000004
4025,0.0004634857177734375,0.239,50.800000000000004
4026,0.0004858970642089844,0.239,50.800000000000004
4027,0.0004913806915283203,0.239,50.400000000000006
4028,0.0005371570587158203,0.239,50.400000000000006
4029,0.0004475116729736328,0.239,50.400000000000006
4030,0.0004355907440185547,0.239,50.400000000000006
4031,0.0004191398620605469,0.239,50.800000000000004
4032,0.0004222393035888672,0.239,50.800000000000004
4033,0.0005924701690673828,0.239,50.800000000000004
4034,0.0004172325134277344,0.239,50.800000000000004
4035,0.00041103363037109375,0.239,51.2
4036,0.00038814544677734375,0.239,51.2
4037,0.0004546642303466797,0.239,51.6
4038,0.0005037784576416016,0.239,51.6
4039,0.00042700767517089844,0.239,52.0
4040,0.0005860328674316406,0.241,52.400000000000006
4041,0.0004215240478515625,0.241,52.400000000000006
4042,0.0004220008850097656,0.241,52.800000000000004
4043,0.000423431396484375,0.244,53.2
4044,0.00090789794921875,0.246,53.6
4045,0.0004515647888183594,0.246,53.6
4046,0.001756429672241211,0.246,54.0
4047,0.0013604164123535156,0.248,54.400000000000006
4048,0.0008897781372070312,0.248,54.800000000000004
4049,0.0013282299041748047,0.25,55.2
4050,0.0010349750518798828,0.25,55.6
4051,0.0018913745880126953,0.25,56.0
4052,0.0025801658630371094,0.25,56.400000000000006
4053,0.0009458065032958984,0.25,57.2
4054,0.0027780532836914062,0.25,57.6
4055,0.0021665096282958984,0.25,58.0
4056,0.0009071826934814453,0.25,58.400000000000006
4057,0.0018360614776611328,0.25,58.800000000000004
4058,0.000705718994140625,0.25,59.6
4059,0.001984834671020508,0.25,60.0
4060,0.0008611679077148438,0.25,60.400000000000006
4061,0.0027735233306884766,0.25,61.2
4062,0.000995635986328125,0.25,61.6
4063,0.0025072097778320312,0.25,62.400000000000006
4064,0.0006976127624511719,0.25,62.800000000000004
4065,0.0007038116455078125,0.25,63.2
4066,0.000675201416015625,0.25,64.0
4067,0.0007786750793457031,0.25,64.4
4068,0.00045990943908691406,0.25,64.8
4069,0.0005667209625244141,0.25,65.60000000000001
4070,0.0003809928894042969,0.25,66.0
4071,0.0005221366882324219,0.25,66.4
4072,0.00047087669372558594,0.25,66.8
4073,0.0006775856018066406,0.25,67.2
4074,0.0004584789276123047,0.25,67.60000000000001
4075,0.0005016326904296875,0.25,68.0
4076,0.0005593299865722656,0.25,68.4
4077,0.001142263412475586,0.25,68.8
4078,0.0008420944213867188,0.25,69.2
4079,0.0006682872772216797,0.25,69.60000000000001
4080,0.0004763603210449219,0.25,69.60000000000001
4081,0.0009069442749023438,0.25,70.0
4082,0.0005142688751220703,0.25,70.0
4083,0.0017015933990478516,0.25,70.4
4084,0.0006463527679443359,0.25,70.4
4085,0.0006110668182373047,0.25,70.8
4086,0.0030243396759033203,0.25,70.8
4087,0.0006680488586425781,0.25,70.8
4088,0.0010099411010742188,0.25,70.8
4089,0.00040411949157714844,0.25,70.8
4090,0.0021343231201171875,0.25,70.8
4091,0.002267599105834961,0.25,70.8
4092,0.0013194084167480469,0.25,70.8
4093,0.0007801055908203125,0.25,70.8
4094,0.0010790824890136719,0.248,70.8
4095,0.001821756362915039,0.248,70.8
4096,0.00017309188842773438,0.248,70.4
4097,0.0008490085601806641,0.246,70.4
4098,0.0003323554992675781,0.246,70.0
4099,0.001753091812133789,0.246,70.0
4100,0.0009348392486572266,0.244,69.60000000000001
4101,0.002521038055419922,0.244,69.60000000000001
4102,0.0007064342498779297,0.241,69.2
4103,0.001972198486328125,0.239,68.8
4104,0.0019311904907226562,0.237,68.4
4105,0.0006611347198486328,0.237,68.4
4106,0.0018625259399414062,0.237,68.0
4107,0.000637054443359375,0.237,67.60000000000001
4108,0.002042055130004883,0.237,67.2
4109,0.0005590915679931641,0.237,66.4
4110,0.0008361339569091797,0.237,66.0
4111,0.0005505084991455078,0.237,65.60000000000001
4112,0.00042819976806640625,0.235,65.2
4113,0.003069639205932617,0.235,64.4
4114,0.0004649162292480469,0.235,64.0
4115,0.0007164478302001953,0.235,63.2
4116,0.0004603862762451172,0.235,62.400000000000006
4117,0.0005218982696533203,0.235,62.0
4118,0.0023565292358398438,0.235,61.2
4119,0.0004451274871826172,0.235,60.400000000000006
4120,0.0019192695617675781,0.235,59.6
4121,0.000560760498046875,0.235,58.800000000000004
4122,0.0017130374908447266,0.235,58.400000000000006
4123,0.0005764961242675781,0.235,57.6
4124,0.0019338130950927734,0.235,56.800000000000004
4125,0.0005793571472167969,0.235,56.0
4126,0.0008602142333984375,0.235,55.2
4127,0.00037741661071777344,0.235,54.400000000000006
4128,0.0003521442413330078,0.235,53.6
4129,0.0007460117340087891,0.235,52.800000000000004
4130,0.0004487037658691406,0.235,52.0
4131,0.0004642009735107422,0.235,51.2
4132,0.0018353462219238281,0.235,50.800000000000004
4133,0.0008955001831054688,0.235,50.0
4134,0.0006415843963623047,0.235,49.2
4135,0.001882791519165039,0.235,48.800000000000004
4136,0.0022046566009521484,0.235,48.0
4137,0.0005552768707275391,0.235,47.6
4138,0.0002830028533935547,0.235,47.2
4139,0.0002830028533935547,0.235,47.2
4140,0.000308990478515625,0.235,46.400000000000006
4141,0.0003364086151123047,0.235,46.0
4142,0.0001468658447265625,0.235,45.6
4143,0.00016427040100097656,0.235,45.6
4144,0.00041174888610839844,0.235,45.2
4145,0.0002760887145996094,0.235,44.800000000000004
4146,0.0003325939178466797,0.235,44.800000000000004
4147,0.0005211830139160156,0.235,44.800000000000004
4148,0.0014820098876953125,0.235,44.400000000000006
4149,0.0004973411560058594,0.235,44.400000000000006
4150,0.002101898193359375,0.235,44.800000000000004
4151,0.0005640983581542969,0.237,44.800000000000004
4152,0.001980304718017578,0.237,44.800000000000004
4153,0.0005965232849121094,0.237,45.2
4154,0.0008075237274169922,0.239,45.2
4155,0.0004525184631347656,0.239,45.6
4156,0.0003948211669921875,0.239,46.0
4157,0.0005581378936767578,0.239,46.400000000000006
4158,0.0006275177001953125,0.239,46.800000000000004
4159,0.00044155120849609375,0.239,47.2
4160,0.0004222393035888672,0.239,47.6
4161,0.0013442039489746094,0.239,48.0
4162,0.0005738735198974609,0.239,48.800000000000004
4163,0.0005388259887695312,0.239,49.2
4164,0.0005106925964355469,0.239,50.0
4165,0.00043272972106933594,0.239,50.400000000000006
4166,0.00049591064453125,0.239,51.2
4167,0.0018546581268310547,0.239,52.0
4168,0.0007963180541992188,0.239,52.800000000000004
4169,0.0023233890533447266,0.239,53.2
4170,0.002160787582397461,0.239,54.0
4171,0.0005962848663330078,0.239,54.800000000000004
4172,0.0019376277923583984,0.239,55.6
4173,0.0005950927734375,0.239,56.400000000000006
4174,0.002164602279663086,0.239,56.800000000000004
4175,0.0006442070007324219,0.239,57.6
4176,0.0017490386962890625,0.239,58.400000000000006
4177,0.0018510818481445312,0.239,59.2
4178,0.002916097640991211,0.239,59.6
4179,0.0015299320220947266,0.239,60.400000000000006
4180,0.0026869773864746094,0.239,61.2
4181,0.0006082057952880859,0.239,61.6
4182,0.0019483566284179688,0.239,62.400000000000006
4183,0.0018451213836669922,0.239,62.800000000000004
4184,0.0006148815155029297,0.239,63.2
4185,0.004053831100463867,0.239,64.0
4186,0.0006988048553466797,0.239,64.4
4187,0.0003287792205810547,0.239,64.8
4188,0.0003452301025390625,0.239,65.2
4189,0.0005397796630859375,0.239,65.60000000000001
4190,0.00027871131896972656,0.239,66.0
4191,0.0004773139953613281,0.239,66.0
4192,0.0003514289855957031,0.239,66.4
4193,0.0005860328674316406,0.239,66.8
4194,0.0004558563232421875,0.239,66.8
4195,0.0004885196685791016,0.239,66.8
4196,0.00047659873962402344,0.239,67.2
4197,0.000453948974609375,0.239,67.2
4198,0.0003948211669921875,0.239,67.2
4199,0.00033092498779296875,0.239,67.2
4200,0.0004608631134033203,0.239,67.2
4201,0.00043773651123046875,0.239,66.8
4202,0.0004405975341796875,0.239,66.8
4203,0.0004649162292480469,0.239,66.8
4204,0.0004305839538574219,0.239,66.4
4205,0.00041961669921875,0.239,66.0
4206,0.0004315376281738281,0.239,66.0
4207,0.00033092498779296875,0.239,65.60000000000001
4208,0.00037479400634765625,0.239,65.2
4209,0.0006642341613769531,0.239,64.8
4210,0.0004413127899169922,0.239,64.4
4211,0.00044035911560058594,0.239,64.0
4212,0.00041556358337402344,0.239,63.6
4213,0.00043272972106933594,0.239,63.2
4214,0.0004096031188964844,0.239,62.400000000000006
4215,0.00041103363037109375,0.239,62.0
4216,0.0004105567932128906,0.239,61.6
4217,0.00041484832763671875,0.237,60.800000000000004
4218,0.0008561611175537109,0.237,60.400000000000006
4219,0.0003936290740966797,0.237,59.6
4220,0.0006649494171142578,0.237,59.2
4221,0.0006101131439208984,0.237,58.400000000000006
4222,0.0004324913024902344,0.235,58.0
4223,0.0006203651428222656,0.235,57.2
4224,0.0004169940948486328,0.235,56.800000000000004
4225,0.00042939186096191406,0.235,56.0
4226,0.000431060791015625,0.235,55.6
4227,0.0004904270172119141,0.233,54.800000000000004
4228,0.0011582374572753906,0.233,54.400000000000006
4229,0.0009615421295166016,0.233,53.6
4230,0.0005106925964355469,0.233,53.2
4231,0.0005698204040527344,0.233,52.400000000000006
4232,0.0009138584136962891,0.233,52.0
4233,0.0006134510040283203,0.233,51.6
4234,0.0006806850433349609,0.233,50.800000000000004
4235,0.0004673004150390625,0.233,50.400000000000006
4236,0.0007612705230712891,0.233,50.0
4237,0.0011277198791503906,0.233,49.2
4238,0.0011539459228515625,0.233,48.800000000000004
4239,0.0008149147033691406,0.233,48.400000000000006
4240,0.0005152225494384766,0.231,48.0
4241,0.0012316703796386719,0.228,47.6
4242,0.0009067058563232422,0.228,47.6
4243,0.0005605220794677734,0.228,47.2
4244,0.0009799003601074219,0.228,46.800000000000004
4245,0.0005936622619628906,0.228,46.800000000000004
4246,0.0007452964782714844,0.228,46.400000000000006
4247,0.0005123615264892578,0.228,46.400000000000006
4248,0.0004620552062988281,0.228,46.0
4249,0.0009882450103759766,0.228,46.0
4250,0.0007565021514892578,0.228,46.0
4251,0.0005071163177490234,0.228,46.0
4252,0.00044465065002441406,0.228,46.0
4253,0.0005099773406982422,0.228,46.0
4254,0.0006546974182128906,0.228,46.400000000000006
4255,0.0011508464813232422,0.228,46.400000000000006
4256,0.00047326087951660156,0.228,46.400000000000006
4257,0.000457763671875,0.228,46.800000000000004
4258,0.0005338191986083984,0.228,46.800000000000004
4259,0.0004458427429199219,0.228,47.2
4260,0.0006525516510009766,0.228,47.6
4261,0.0004589557647705078,0.228,47.6
4262,0.0004291534423828125,0.231,48.0
4263,0.0016171932220458984,0.231,48.400000000000006
4264,0.00045037269592285156,0.235,48.800000000000004
4265,0.0012662410736083984,0.235,49.2
4266,0.0016055107116699219,0.235,49.6
4267,0.0017719268798828125,0.235,50.0
4268,0.0012717247009277344,0.237,50.400000000000006
4269,0.00042748451232910156,0.237,50.800000000000004
4270,0.002551555633544922,0.239,51.2
4271,0.0006995201110839844,0.241,51.6
4272,0.001886606216430664,0.241,52.0
4273,0.0018346309661865234,0.241,52.400000000000006
4274,0.0006654262542724609,0.241,52.800000000000004
4275,0.002526521682739258,0.241,53.6
4276,0.0005905628204345703,0.241,54.0
4277,0.0021572113037109375,0.241,54.400000000000006
4278,0.0005385875701904297,0.241,55.2
4279,0.0003616809844970703,0.241,55.6
4280,0.00042319297790527344,0.241,56.0
4281,0.0004341602325439453,0.241,56.800000000000004
4282,0.00032329559326171875,0.241,57.2
4283,0.0004916191101074219,0.241,58.0
4284,0.0005273818969726562,0.241,58.400000000000006
4285,0.0006964206695556641,0.241,58.800000000000004
4286,0.0007166862487792969,0.241,59.6
4287,0.002103567123413086,0.241,60.0
4288,0.0007929801940917969,0.241,60.800000000000004
4289,0.001993894577026367,0.241,61.2
4290,0.0004780292510986328,0.241,61.6
4291,0.0010607242584228516,0.241,62.0
4292,0.0004951953887939453,0.241,62.800000000000004
4293,0.0006721019744873047,0.241,63.2
4294,0.0008449554443359375,0.241,63.6
4295,0.0008449554443359375,0.241,63.6
4296,0.002293109893798828,0.241,64.0
4297,0.001407623291015625,0.241,64.4
4298,0.0009877681732177734,0.241,64.8
4299,0.0004489421844482422,0.241,65.2
4300,0.0013134479522705078,0.241,65.60000000000001
4301,0.0009341239929199219,0.241,65.60000000000001
4302,0.0005424022674560547,0.241,66.0
4303,0.0004322528839111328,0.241,66.4
4304,0.0003643035888671875,0.241,66.4
4305,0.0010178089141845703,0.241,66.8
4306,0.0003418922424316406,0.241,66.8
4307,0.0007483959197998047,0.241,67.2
4308,0.0004439353942871094,0.241,67.2
4309,0.0005462169647216797,0.241,67.60000000000001
4310,0.0001823902130126953,0.241,68.0
4311,0.0004596710205078125,0.241,68.0
4312,0.0004143714904785156,0.241,68.4
4313,0.0010867118835449219,0.241,68.4
4314,0.0005509853363037109,0.241,68.4
4315,0.0012555122375488281,0.241,68.8
4316,0.0005934238433837891,0.241,68.8
4317,0.002376556396484375,0.241,68.8
4318,0.0005350112915039062,0.241,68.8
4319,0.0018122196197509766,0.241,68.8
4320,0.0005879402160644531,0.241,68.8
4321,0.002042055130004883,0.241,68.8
4322,0.002534627914428711,0.241,68.8
4323,0.0013518333435058594,0.241,68.4
4324,0.001753091812133789,0.241,68.4
4325,0.000614166259765625,0.241,68.0
4326,0.0022737979888916016,0.241,68.0
4327,0.002325296401977539,0.241,67.60000000000001
4328,0.0012011528015136719,0.241,67.2
4329,0.003192901611328125,0.241,66.8
4330,0.0010216236114501953,0.241,66.8
4331,0.0009634494781494141,0.241,66.4
4332,0.0008401870727539062,0.241,66.0
4333,0.0005958080291748047,0.241,65.60000000000001
4334,0.0005838871002197266,0.241,65.2
4335,0.0003325939178466797,0.241,64.8
4336,0.0003151893615722656,0.241,64.0
4337,0.0006437301635742188,0.241,63.6
4338,0.0004553794860839844,0.241,63.2
4339,0.00044465065002441406,0.241,62.800000000000004
4340,0.0006613731384277344,0.241,62.0
4341,0.00046896934509277344,0.241,61.6
4342,0.0007441043853759766,0.241,61.2
4343,0.0007777214050292969,0.241,60.800000000000004
4344,0.0005404949188232422,0.241,60.0
4345,0.0022602081298828125,0.241,59.6
4346,0.0016443729400634766,0.241,59.2
4347,0.0005884170532226562,0.241,58.400000000000006
4348,0.00304412841796875,0.241,58.0
4349,0.0006444454193115234,0.241,57.6
4350,0.0015358924865722656,0.241,57.2
4351,0.0005824565887451172,0.241,56.800000000000004
4352,0.0016913414001464844,0.241,56.0
4353,0.0006248950958251953,0.241,55.6
4354,0.0012652873992919922,0.241,55.2
4355,0.0005755424499511719,0.241,54.800000000000004
4356,0.0016551017761230469,0.241,54.400000000000006
4357,0.0012025833129882812,0.241,54.0
4358,0.0005085468292236328,0.241,53.6
4359,0.0021657943725585938,0.241,53.6
4360,0.001767873764038086,0.241,53.2
4361,0.0006184577941894531,0.241,52.800000000000004
4362,0.0012860298156738281,0.241,52.800000000000004
4363,0.0005261898040771484,0.241,52.400000000000006
4364,0.00033593177795410156,0.241,52.400000000000006
4365,0.0004429817199707031,0.241,52.0
4366,0.00032830238342285156,0.241,52.0
4367,0.00030112266540527344,0.241,52.0
4368,0.0004248619079589844,0.241,51.6
4369,0.0005283355712890625,0.241,51.6
4370,0.0005640983581542969,0.244,51.6
4371,0.0008358955383300781,0.244,51.6
4372,0.0018041133880615234,0.244,52.0
4373,0.0006737709045410156,0.244,52.0
4374,0.0017476081848144531,0.244,52.0
4375,0.0016601085662841797,0.244,52.0
4376,0.0006694793701171875,0.244,52.400000000000006
4377,0.0014526844024658203,0.246,52.400000000000006
4378,0.0006275177001953125,0.246,52.800000000000004
4379,0.0018534660339355469,0.246,53.2
4380,0.0006353855133056641,0.246,53.6
4381,0.001878976821899414,0.246,53.6
4382,0.0006344318389892578,0.246,54.0
4383,0.0028460025787353516,0.248,54.400000000000006
4384,0.00058746337890625,0.248,54.800000000000004
4385,0.0019519329071044922,0.248,55.2
4386,0.0020482540130615234,0.248,56.0
4387,0.0022864341735839844,0.248,56.400000000000006
4388,0.002065420150756836,0.248,56.800000000000004
4389,0.0018320083618164062,0.248,57.2
4390,0.0018334388732910156,0.248,57.6
4391,0.0009722709655761719,0.248,58.400000000000006
4392,0.0007975101470947266,0.248,58.800000000000004
4393,0.001936197280883789,0.248,59.2
4394,0.0007498264312744141,0.248,60.0
4395,0.0011036396026611328,0.248,60.400000000000006
4396,0.00016760826110839844,0.248,60.800000000000004
4397,0.001772165298461914,0.248,61.6
4398,0.000446319580078125,0.248,62.0
4399,0.0017642974853515625,0.248,62.400000000000006
4400,0.0009093284606933594,0.248,63.2
4401,0.0019030570983886719,0.25,63.6
4402,0.0006268024444580078,0.25,64.0
4403,0.0025320053100585938,0.25,64.4
4404,0.0005967617034912109,0.25,64.8
4405,0.0018362998962402344,0.25,65.2
4406,0.0005953311920166016,0.25,65.60000000000001
4407,0.0005097389221191406,0.25,66.0
4408,0.00044035911560058594,0.25,66.4
4409,0.0006127357482910156,0.25,66.8
4410,0.001386880874633789,0.25,67.2
4411,0.0025157928466796875,0.25,67.60000000000001
4412,0.0007321834564208984,0.25,68.0
4413,0.002644062042236328,0.25,68.4
4414,0.0006170272827148438,0.25,68.4
4415,0.0018455982208251953,0.25,68.8
4416,0.0019686222076416016,0.25,69.2
4417,0.0007257461547851562,0.25,69.2
4418,0.002267599105834961,0.25,69.60000000000001
4419,0.0018301010131835938,0.25,69.60000000000001
4420,0.0019459724426269531,0.25,69.60000000000001
4421,0.0017540454864501953,0.25,70.0
4422,0.0006737709045410156,0.25,70.0
4423,0.0021462440490722656,0.25,70.0
4424,0.0016798973083496094,0.248,70.0
4425,0.0009431838989257812,0.246,70.0
4426,0.0003743171691894531,0.244,70.0
4427,0.0003216266632080078,0.241,70.0
4428,0.00035119056701660156,0.239,70.0
4429,0.0004782676696777344,0.239,69.60000000000001
4430,0.0006170272827148438,0.235,69.60000000000001
4431,0.0019991397857666016,0.235,69.60000000000001
4432,0.0021965503692626953,0.235,69.2
4433,0.002300739288330078,0.235,69.2
4434,0.0016012191772460938,0.233,68.8
4435,0.0008809566497802734,0.233,68.8
4436,0.0018644332885742188,0.233,68.4
4437,0.002198934555053711,0.233,68.0
4438,0.001783132553100586,0.233,67.60000000000001
4439,0.002502918243408203,0.233,67.2
4440,0.0007457733154296875,0.233,66.8
4441,0.0015821456909179688,0.233,66.4
4442,0.0006265640258789062,0.233,65.60000000000001
4443,0.0022034645080566406,0.233,65.2
4444,0.0005543231964111328,0.233,64.4
4445,0.001924753189086914,0.233,64.0
4446,0.0005941390991210938,0.233,63.2
4447,0.0016269683837890625,0.233,62.400000000000006
4448,0.0005853176116943359,0.233,61.6
4449,0.00185394287109375,0.233,60.800000000000004
4450,0.0006003379821777344,0.233,60.0
4451,0.002308368682861328,0.233,59.2
4452,0.0006613731384277344,0.233,58.400000000000006
4453,0.0020542144775390625,0.233,57.6
4454,0.0007989406585693359,0.233,56.400000000000006
4455,0.0007989406585693359,0.233,56.400000000000006
4456,0.0004246234893798828,0.233,55.6
4457,0.0003008842468261719,0.233,54.800000000000004
4458,0.0006260871887207031,0.235,54.0
4459,0.0003612041473388672,0.235,52.800000000000004
4460,0.0004825592041015625,0.237,52.0
4461,0.0006024837493896484,0.237,51.2
4462,0.0007059574127197266,0.237,50.400000000000006
4463,0.00046825408935546875,0.237,49.6
4464,0.0019817352294921875,0.237,48.800000000000004
4465,0.0006582736968994141,0.237,48.400000000000006
4466,0.0018970966339111328,0.239,47.6
4467,0.0022318363189697266,0.239,47.2
4468,0.0015263557434082031,0.239,46.400000000000006
4469,0.0006306171417236328,0.239,46.0
4470,0.002307415008544922,0.239,45.6
4471,0.0006043910980224609,0.241,45.2
4472,0.00247955322265625,0.241,44.800000000000004
4473,0.0026900768280029297,0.241,44.800000000000004
4474,0.0006628036499023438,0.241,44.400000000000006
4475,0.0016112327575683594,0.244,44.400000000000006
4476,0.0006310939788818359,0.244,44.400000000000006
4477,0.0029227733612060547,0.244,44.400000000000006
4478,0.002496480941772461,0.244,44.400000000000006
4479,0.0031414031982421875,0.244,44.400000000000006
4480,0.0006520748138427734,0.244,44.800000000000004
4481,0.0016093254089355469,0.244,44.800000000000004
4482,0.0017440319061279297,0.244,45.2
4483,0.0017986297607421875,0.244,45.6
4484,0.002225160598754883,0.244,46.0
4485,0.0004067420959472656,0.244,46.400000000000006
4486,0.0003910064697265625,0.244,47.2
4487,0.0005078315734863281,0.244,47.6
4488,0.0004951953887939453,0.244,48.400000000000006
4489,0.0004343986511230469,0.244,49.2
4490,0.0005080699920654297,0.244,50.0
4491,0.000446319580078125,0.244,50.800000000000004
4492,0.0012280941009521484,0.244,51.6
4493,0.00048661231994628906,0.244,52.400000000000006
4494,0.0018587112426757812,0.244,53.2
4495,0.0006539821624755859,0.244,54.0
4496,0.0015082359313964844,0.244,54.800000000000004
4497,0.0006265640258789062,0.244,55.6
4498,0.0023450851440429688,0.244,56.800000000000004
4499,0.0005872249603271484,0.244,57.6
4500,0.0013949871063232422,0.244,58.400000000000006
4501,0.002732515335083008,0.244,59.2
4502,0.0004642009735107422,0.244,60.400000000000006
4503,0.00032258033752441406,0.244,61.2
4504,0.0009500980377197266,0.244,62.0
4505,0.0005207061767578125,0.244,62.800000000000004
4506,0.0005180835723876953,0.244,63.6
4507,0.0003905296325683594,0.244,64.4
4508,0.00045680999755859375,0.244,65.2
4509,0.00046706199645996094,0.244,66.0
4510,0.0004227161407470703,0.244,66.8
4511,0.00042724609375,0.244,67.2
4512,0.0013267993927001953,0.244,68.0
4513,0.0005009174346923828,0.244,68.4
4514,0.0015149116516113281,0.244,69.2
4515,0.0023899078369140625,0.244,69.60000000000001
4516,0.0019567012786865234,0.244,70.0
4517,0.002980470657348633,0.244,70.4
4518,0.0014917850494384766,0.244,70.8
4519,0.0006809234619140625,0.244,71.2
4520,0.0020809173583984375,0.244,71.60000000000001
4521,0.0006070137023925781,0.244,72.0
4522,0.0023114681243896484,0.244,72.0
4523,0.0005908012390136719,0.244,72.4
4524,0.0016689300537109375,0.244,72.4
4525,0.0021941661834716797,0.244,72.4
4526,0.0016438961029052734,0.244,72.4
4527,0.002238750457763672,0.244,72.4
4528,0.0017273426055908203,0.244,72.4
4529,0.0006639957427978516,0.244,72.4
4530,0.0006968975067138672,0.244,72.4
4531,0.002208232879638672,0.244,72.0
4532,0.0019240379333496094,0.244,72.0
4533,0.0021462440490722656,0.244,71.60000000000001
4534,0.0009844303131103516,0.241,71.60000000000001
4535,0.0002703666687011719,0.241,71.2
4536,0.0002989768981933594,0.237,70.8
4537,0.0005927085876464844,0.235,70.4
4538,0.0007410049438476562,0.233,70.0
4539,0.0005230903625488281,0.233,69.60000000000001
4540,0.0005657672882080078,0.233,68.8
4541,0.0011088848114013672,0.228,68.4
4542,0.0005342960357666016,0.226,68.0
4543,0.001913309097290039,0.226,67.2
4544,0.0006055831909179688,0.226,66.8
4545,0.0018916130065917969,0.226,66.0
4546,0.0005979537963867188,0.222,65.2
4547,0.0024118423461914062,0.222,64.4
4548,0.0006153583526611328,0.222,63.6
4549,0.0005500316619873047,0.222,62.800000000000004
4550,0.0005822181701660156,0.222,62.0
4551,0.0010933876037597656,0.222,60.800000000000004
4552,0.0023131370544433594,0.222,60.0
4553,0.0007812976837158203,0.222,58.800000000000004
4554,0.0019698143005371094,0.222,57.6
4555,0.0027616024017333984,0.222,56.800000000000004
4556,0.0007185935974121094,0.222,55.6
4557,0.0020835399627685547,0.22,54.400000000000006
4558,0.0006530284881591797,0.22,53.2
4559,0.0027375221252441406,0.22,52.0
4560,0.0005807876586914062,0.22,50.800000000000004
4561,0.0018851757049560547,0.22,49.6
4562,0.0005724430084228516,0.22,48.400000000000006
4563,0.001842498779296875,0.22,47.2
4564,0.0002732276916503906,0.22,46.0
4565,0.0011720657348632812,0.22,45.2
4566,0.0001842975616455078,0.22,44.0
4567,0.0022783279418945312,0.22,42.800000000000004
4568,0.002424478530883789,0.22,42.0
4569,0.0012733936309814453,0.222,40.800000000000004
4570,0.0008738040924072266,0.222,40.0
4571,0.0026581287384033203,0.231,39.2
4572,0.0008101463317871094,0.231,38.400000000000006
4573,0.0025742053985595703,0.237,37.6
4574,0.0020966529846191406,0.241,36.800000000000004
4575,0.0007114410400390625,0.244,36.4
4576,0.0021028518676757812,0.244,36.0
4577,0.0006880760192871094,0.244,35.6
4578,0.002393007278442383,0.244,35.2
4579,0.0007903575897216797,0.246,35.2
4580,0.0017440319061279297,0.246,34.800000000000004
4581,0.0017724037170410156,0.246,35.2
4582,0.0017673969268798828,0.246,35.2
4583,0.0028634071350097656,0.246,35.6
4584,0.0006663799285888672,0.246,36.0
4585,0.0016045570373535156,0.246,36.4
4586,0.0028464794158935547,0.248,37.2
4587,0.002646207809448242,0.248,38.0
4588,0.0016362667083740234,0.248,38.800000000000004
4589,0.0027663707733154297,0.248,39.6
4590,0.0006482601165771484,0.248,40.800000000000004
4591,0.002957582473754883,0.248,42.0
4592,0.002022981643676758,0.248,43.2
4593,0.0020847320556640625,0.25,44.400000000000006
4594,0.001226186752319336,0.25,46.0
4595,0.0009708404541015625,0.25,47.2
4596,0.0009708404541015625,0.25,47.2
4597,0.0003485679626464844,0.25,48.800000000000004
4598,0.0005481243133544922,0.25,50.400000000000006
4599,0.00043487548828125,0.25,52.0
4600,0.0008320808410644531,0.25,53.6
4601,0.0015399456024169922,0.25,55.2
4602,0.00047850608825683594,0.25,56.800000000000004
4603,0.0009191036224365234,0.25,58.400000000000006
4604,0.0006392002105712891,0.25,60.0
4605,0.0024590492248535156,0.25,61.6
4606,0.0019943714141845703,0.25,63.2
4607,0.002084016799926758,0.25,64.8
4608,0.0027472972869873047,0.25,66.4
4609,0.0018627643585205078,0.25,68.0
4610,0.0022873878479003906,0.25,69.60000000000001
4611,0.0006561279296875,0.25,70.8
4612,0.0023429393768310547,0.248,72.4
4613,0.0006132125854492188,0.244,73.60000000000001
4614,0.0023832321166992188,0.239,75.2
4615,0.0006210803985595703,0.233,76.4
4616,0.0016682147979736328,0.224,77.60000000000001
4617,0.0030841827392578125,0.22,78.80000000000001
4618,0.0005784034729003906,0.218,80.0
4619,0.0018646717071533203,0.218,81.2
4620,0.0005927085876464844,0.218,82.0
4621,0.0019254684448242188,0.218,82.80000000000001
4622,0.0005826950073242188,0.218,83.60000000000001
4623,0.0019025802612304688,0.218,84.4
4624,0.0003960132598876953,0.218,85.2
4625,0.00030493736267089844,0.218,85.60000000000001
4626,0.00044608116149902344,0.218,86.0
4627,0.00047588348388671875,0.218,86.0
4628,0.0005869865417480469,0.218,86.4
4629,0.0005300045013427734,0.218,86.4
4630,0.0007774829864501953,0.218,86.4
4631,0.0008587837219238281,0.218,86.0
4632,0.003346681594848633,0.218,86.0
4633,0.0019311904907226562,0.218,85.60000000000001
4634,0.0008680820465087891,0.218,84.80000000000001
4635,0.0005271434783935547,0.218,84.4
4636,0.0005311965942382812,0.218,83.60000000000001
4637,0.0005190372467041016,0.218,82.80000000000001
4638,0.0004756450653076172,0.218,81.60000000000001
4639,0.00043964385986328125,0.21600000000000005,80.4
4640,0.0005114078521728516,0.21600000000000005,79.2
4641,0.0004742145538330078,0.21600000000000005,78.0
4642,0.0004277229309082031,0.21600000000000005,76.80000000000001
4643,0.000431060791015625,0.21600000000000005,75.2
4644,0.0004162788391113281,0.21600000000000005,73.60000000000001
4645,0.00044989585876464844,0.21600000000000005,72.0
4646,0.0004642009735107422,0.21600000000000005,70.0
4647,0.00041866302490234375,0.21600000000000005,68.4
4648,0.00041556358337402344,0.21600000000000005,66.4
4649,0.000423431396484375,0.21600000000000005,64.4
4650,0.0004286766052246094,0.21600000000000005,62.400000000000006
4651,0.00042438507080078125,0.21600000000000005,60.0
4652,0.0004096031188964844,0.21600000000000005,58.0
4653,0.00041556358337402344,0.21600000000000005,55.6
4654,0.00043964385986328125,0.21600000000000005,53.6
4655,0.0005362033843994141,0.21600000000000005,51.2
4656,0.0005280971527099609,0.21600000000000005,48.800000000000004
4657,0.00042557716369628906,0.21600000000000005,46.800000000000004
4658,0.0004391670227050781,0.21600000000000005,44.400000000000006
4659,0.00040793418884277344,0.21600000000000005,42.400000000000006
4660,0.0006933212280273438,0.21600000000000005,40.0
4661,0.0004982948303222656,0.21600000000000005,38.0
4662,0.0005638599395751953,0.21600000000000005,36.0
4663,0.00047278404235839844,0.21600000000000005,34.0
4664,0.0014390945434570312,0.21600000000000005,32.0
4665,0.0005354881286621094,0.21600000000000005,30.400000000000002
4666,0.0003452301025390625,0.21600000000000005,28.8
4667,0.0004999637603759766,0.21600000000000005,27.200000000000003
4668,0.0009121894836425781,0.21600000000000005,25.6
4669,0.0004792213439941406,0.21600000000000005,24.400000000000002
4670,0.0008869171142578125,0.21600000000000005,23.200000000000003
4671,0.0027589797973632812,0.21600000000000005,22.400000000000002
4672,0.0004742145538330078,0.21600000000000005,21.6
4673,0.0005173683166503906,0.21600000000000005,21.200000000000003
4674,0.00043082237243652344,0.21600000000000005,20.8
4675,0.0004291534423828125,0.21600000000000005,20.400000000000002
4676,0.0004334449768066406,0.21600000000000005,20.400000000000002
4677,0.0006384849548339844,0.21600000000000005,20.400000000000002
4678,0.0004367828369140625,0.21600000000000005,20.8
4679,0.0006306171417236328,0.21600000000000005,21.200000000000003
4680,0.0004429817199707031,0.21600000000000005,22.0
4681,0.0008077621459960938,0.21600000000000005,22.8
4682,0.0011212825775146484,0.21600000000000005,23.6
4683,0.0018177032470703125,0.21600000000000005,24.8
4684,0.00046634674072265625,0.21600000000000005,26.0
4685,0.0009102821350097656,0.21600000000000005,27.200000000000003
4686,0.0003349781036376953,0.21600000000000005,28.400000000000002
4687,0.0005629062652587891,0.21600000000000005,30.0
4688,0.0006036758422851562,0.21600000000000005,31.6
4689,0.00043702125549316406,0.21600000000000005,33.6
4690,0.0004184246063232422,0.21600000000000005,35.2
4691,0.0005061626434326172,0.21600000000000005,36.800000000000004
4692,0.0004913806915283203,0.21600000000000005,38.800000000000004
4693,0.00037217140197753906,0.21600000000000005,40.800000000000004
4694,0.0003235340118408203,0.21600000000000005,42.800000000000004
4695,0.0004966259002685547,0.21600000000000005,44.800000000000004
4696,0.0002872943878173828,0.21600000000000005,46.400000000000006
4697,0.0005221366882324219,0.21600000000000005,48.400000000000006
4698,0.0006318092346191406,0.21600000000000005,50.400000000000006
4699,0.0004515647888183594,0.21600000000000005,52.400000000000006
4700,0.0004329681396484375,0.21600000000000005,54.0
4701,0.0005125999450683594,0.21600000000000005,56.0
4702,0.00042629241943359375,0.21600000000000005,57.6
4703,0.002216815948486328,0.21600000000000005,59.2
4704,0.0007956027984619141,0.21600000000000005,60.800000000000004
4705,0.0024971961975097656,0.21600000000000005,62.400000000000006
4706,0.0006306171417236328,0.21600000000000005,64.0
4707,0.0024101734161376953,0.213,65.2
4708,0.0007200241088867188,0.213,66.4
4709,0.0004875659942626953,0.213,67.60000000000001
4710,0.0005085468292236328,0.213,68.8
4711,0.0013897418975830078,0.211,69.60000000000001
4712,0.0005671977996826172,0.211,70.4
4713,0.0005316734313964844,0.211,71.2
4714,0.0019245147705078125,0.211,72.0
4715,0.0022039413452148438,0.211,72.4
4716,0.0005490779876708984,0.211,72.8
4717,0.0008466243743896484,0.211,73.2
4718,0.0005202293395996094,0.211,73.60000000000001
4719,0.0005483627319335938,0.211,73.60000000000001
4720,0.0005609989166259766,0.211,73.60000000000001
4721,0.0006568431854248047,0.211,73.60000000000001
4722,0.0006394386291503906,0.211,73.2
4723,0.0005521774291992188,0.211,72.8
4724,0.0009455680847167969,0.211,72.0
4725,0.0004572868347167969,0.211,71.2
4726,0.0004572868347167969,0.211,71.2
4727,0.0004591941833496094,0.211,70.4
4728,0.00031065940856933594,0.211,69.60000000000001
4729,0.0006129741668701172,0.211,68.8
4730,0.0004239082336425781,0.211,67.60000000000001
4731,0.0004906654357910156,0.211,66.4
4732,0.0013201236724853516,0.211,65.2
4733,0.0005297660827636719,0.211,64.0
4734,0.0004718303680419922,0.211,62.800000000000004
4735,0.0012128353118896484,0.211,61.2
4736,0.0006666183471679688,0.211,59.6
4737,0.0011496543884277344,0.211,58.0
4738,0.0005338191986083984,0.211,56.400000000000006
4739,0.0017025470733642578,0.211,54.800000000000004
4740,0.00033402442932128906,0.211,53.2
4741,0.0005621910095214844,0.211,51.6
4742,0.0005595684051513672,0.211,49.6
4743,0.00032210350036621094,0.211,48.0
4744,0.000293731689453125,0.211,46.400000000000006
4745,0.0008921623229980469,0.211,44.400000000000006
4746,0.0014357566833496094,0.211,42.800000000000004
4747,0.0013172626495361328,0.211,41.2
4748,0.0005259513854980469,0.211,39.6
4749,0.0016987323760986328,0.211,38.0
4750,0.0008215904235839844,0.211,36.4
4751,0.0019063949584960938,0.211,34.800000000000004
4752,0.0006911754608154297,0.211,33.2
4753,0.0007605552673339844,0.211,32.0
4754,0.0006465911865234375,0.211,30.8
4755,0.0005276203155517578,0.211,29.6
4756,0.002080202102661133,0.207,28.8
4757,0.0007321834564208984,0.207,27.6
4758,0.0019347667694091797,0.207,26.8
4759,0.0006356239318847656,0.207,26.400000000000002
4760,0.0004649162292480469,0.207,25.6
4761,0.0031709671020507812,0.207,25.200000000000003
4762,0.0007290840148925781,0.207,24.8
4763,0.0019474029541015625,0.207,24.8
4764,0.00045418739318847656,0.207,24.8
4765,0.0003597736358642578,0.207,24.8
4766,0.0005309581756591797,0.207,25.200000000000003
4767,0.00032520294189453125,0.207,25.200000000000003
4768,0.0006871223449707031,0.207,25.6
4769,0.0005354881286621094,0.207,26.400000000000002
4770,0.0016088485717773438,0.207,26.8
4771,0.0004971027374267578,0.207,27.6
4772,0.0018239021301269531,0.207,28.400000000000002
4773,0.0019211769104003906,0.207,29.6
4774,0.0006361007690429688,0.207,30.400000000000002
4775,0.0018951892852783203,0.207,31.6
4776,0.0006306171417236328,0.207,32.800000000000004
4777,0.001928567886352539,0.207,34.0
4778,0.001672983169555664,0.207,35.2
4779,0.0006830692291259766,0.207,36.4
4780,0.0019915103912353516,0.207,38.0
4781,0.0007770061492919922,0.207,39.2
4782,0.0019147396087646484,0.207,40.800000000000004
4783,0.0006871223449707031,0.207,42.0
4784,0.0019032955169677734,0.207,43.6
4785,0.0017790794372558594,0.207,45.2
4786,0.0017910003662109375,0.207,46.400000000000006
4787,0.002269744873046875,0.207,47.6
4788,0.0015461444854736328,0.207,49.2
4789,0.0006427764892578125,0.207,50.400000000000006
4790,0.0012359619140625,0.207,51.6
4791,0.00037741661071777344,0.207,52.800000000000004
4792,0.0011949539184570312,0.207,54.0
4793,0.0007505416870117188,0.207,55.2
4794,0.0006220340728759766,0.207,56.0
4795,0.0003924369812011719,0.207,57.2
4796,0.0002970695495605469,0.207,58.0
4797,0.00047659873962402344,0.207,58.800000000000004
4798,0.00045013427734375,0.207,59.2
4799,0.0004544258117675781,0.207,60.0
4800,0.0004305839538574219,0.207,60.400000000000006
4801,0.00042366981506347656,0.207,61.2
4802,0.00042057037353515625,0.207,61.6
4803,0.0004367828369140625,0.207,61.6
4804,0.00036525726318359375,0.207,62.0
4805,0.00043392181396484375,0.207,62.0
4806,0.0004277229309082031,0.207,62.0
4807,0.00042319297790527344,0.207,62.0
4808,0.00042057037353515625,0.207,62.0
4809,0.0004169940948486328,0.207,61.6
4810,0.00041174888610839844,0.207,61.2
4811,0.00041794776916503906,0.207,60.800000000000004
4812,0.0005967617034912109,0.207,60.400000000000006
4813,0.0004963874816894531,0.207,60.0
4814,0.0004744529724121094,0.207,59.2
4815,0.0004329681396484375,0.207,58.400000000000006
4816,0.00042939186096191406,0.207,57.6
4817,0.0004363059997558594,0.207,56.800000000000004
4818,0.00044035911560058594,0.207,56.0
4819,0.0004124641418457031,0.207,55.2
4820,0.0004062652587890625,0.207,54.0
4821,0.0008428096771240234,0.207,52.800000000000004
4822,0.00043845176696777344,0.207,52.0
4823,0.0004379749298095703,0.207,50.800000000000004
4824,0.0004744529724121094,0.207,49.6
4825,0.0005102157592773438,0.207,48.400000000000006
4826,0.0003705024719238281,0.207,47.2
4827,0.0005040168762207031,0.207,46.0
4828,0.0004570484161376953,0.207,44.800000000000004
4829,0.0004591941833496094,0.207,43.6
4830,0.0018699169158935547,0.207,42.400000000000006
4831,0.0008733272552490234,0.207,41.2
4832,0.001905679702758789,0.207,40.0
4833,0.0006146430969238281,0.207,39.2
4834,0.0018773078918457031,0.207,38.0
4835,0.0005824565887451172,0.207,36.800000000000004
4836,0.0030291080474853516,0.207,36.0
4837,0.0004494190216064453,0.207,35.2
4838,0.00033736228942871094,0.207,34.0
4839,0.0006663799285888672,0.207,33.2
4840,0.0003483295440673828,0.207,32.800000000000004
4841,0.00047898292541503906,0.209,32.0
4842,0.0006885528564453125,0.209,31.6
4843,0.0005407333374023438,0.213,30.8
4844,0.00043654441833496094,0.213,30.400000000000002
4845,0.0005202293395996094,0.213,30.400000000000002
4846,0.0005092620849609375,0.218,30.0
4847,0.0006530284881591797,0.218,30.0
4848,0.0005192756652832031,0.218,30.0
4849,0.0004398822784423828,0.218,30.0
4850,0.000843048095703125,0.218,30.0
4851,0.0004527568817138672,0.218,30.400000000000002
4852,0.00041794776916503906,0.22,30.8
4853,0.0004336833953857422,0.22,31.200000000000003
4854,0.00045228004455566406,0.22,32.0
4855,0.0004420280456542969,0.22,32.4
4856,0.000423431396484375,0.22,33.2
4857,0.0004887580871582031,0.22,34.0
4858,0.00046706199645996094,0.22,35.2
4859,0.0004889965057373047,0.22,36.0
4860,0.00051116943359375,0.22,37.2
4861,0.00047898292541503906,0.22,38.400000000000006
4862,0.0009267330169677734,0.22,39.6
4863,0.0004932880401611328,0.22,40.800000000000004
4864,0.0027666091918945312,0.22,42.0
4865,0.000461578369140625,0.22,43.2
4866,0.0010094642639160156,0.22,44.800000000000004
4867,0.00048041343688964844,0.22,46.0
4868,0.0004367828369140625,0.22,47.2
4869,0.0013778209686279297,0.22,48.800000000000004
4870,0.0019402503967285156,0.22,50.0
4871,0.0006272792816162109,0.22,51.2
4872,0.0022971630096435547,0.22,52.800000000000004
4873,0.0004425048828125,0.218,54.0
4874,0.0021257400512695312,0.218,55.2
4875,0.00051116943359375,0.218,56.400000000000006
4876,0.0018537044525146484,0.218,57.6
4877,0.0004906654357910156,0.218,58.800000000000004
4878,0.0004906654357910156,0.213,58.800000000000004
4879,0.0004901885986328125,0.213,60.0
4880,0.0004513263702392578,0.213,60.800000000000004
4881,0.0005702972412109375,0.213,62.0
4882,0.0005173683166503906,0.213,62.800000000000004
4883,0.0009758472442626953,0.211,63.6
4884,0.0005021095275878906,0.211,64.4
4885,0.0018227100372314453,0.211,64.8
4886,0.0004801750183105469,0.209,65.60000000000001
4887,0.0022935867309570312,0.207,66.0
4888,0.0006053447723388672,0.205,66.4
4889,0.0018627643585205078,0.205,66.8
4890,0.0004544258117675781,0.205,66.8
4891,0.0020415782928466797,0.205,66.8
4892,0.0024230480194091797,0.205,66.8
4893,0.0006537437438964844,0.205,66.8
4894,0.0016319751739501953,0.205,66.8
4895,0.0006773471832275391,0.205,66.4
4896,0.0019216537475585938,0.205,66.0
4897,0.0006060600280761719,0.205,65.60000000000001
4898,0.001999378204345703,0.205,64.8
4899,0.0030012130737304688,0.205,64.0
4900,0.0005958080291748047,0.205,63.2
4901,0.0015788078308105469,0.205,62.400000000000006
4902,0.000675201416015625,0.205,61.2
4903,0.0014815330505371094,0.205,60.400000000000006
4904,0.0007739067077636719,0.205,59.2
4905,0.002380847930908203,0.205,58.0
4906,0.0004878044128417969,0.205,56.800000000000004
4907,0.0009524822235107422,0.205,55.2
4908,0.0006613731384277344,0.205,54.0
4909,0.0003066062927246094,0.205,52.400000000000006
4910,0.0008296966552734375,0.205,50.800000000000004
4911,0.0005164146423339844,0.205,49.2
4912,0.0013790130615234375,0.205,47.6
4913,0.0004944801330566406,0.205,46.0
4914,0.002473592758178711,0.207,44.400000000000006
4915,0.0007319450378417969,0.207,42.800000000000004
4916,0.0005998611450195312,0.211,41.2
4917,0.0019288063049316406,0.21600000000000005,39.6
4918,0.0004546642303466797,0.21600000000000005,38.0
4919,0.0004649162292480469,0.21600000000000005,36.800000000000004
4920,0.00047397613525390625,0.21600000000000005,35.2
4921,0.0007901191711425781,0.21600000000000005,34.0
4922,0.0005214214324951172,0.21600000000000005,32.4
4923,0.0012726783752441406,0.21600000000000005,31.200000000000003
4924,0.0006394386291503906,0.21600000000000005,30.0
4925,0.0005941390991210938,0.21600000000000005,29.200000000000003
4926,0.0004634857177734375,0.21600000000000005,28.400000000000002
4927,0.0004608631134033203,0.21600000000000005,27.6
4928,0.00044727325439453125,0.21600000000000005,26.8
4929,0.0011410713195800781,0.21600000000000005,26.400000000000002
4930,0.0005047321319580078,0.21600000000000005,26.0
4931,0.0006792545318603516,0.21600000000000005,26.0
4932,0.00043392181396484375,0.21600000000000005,25.6
4933,0.0004489421844482422,0.21600000000000005,26.0
4934,0.0004520416259765625,0.21600000000000005,26.0
4935,0.0004210472106933594,0.21600000000000005,26.400000000000002
4936,0.0004367828369140625,0.21600000000000005,26.8
4937,0.0009853839874267578,0.21600000000000005,27.6
4938,0.00015354156494140625,0.21600000000000005,28.0
4939,0.0006377696990966797,0.21600000000000005,28.8
4940,0.0010478496551513672,0.21600000000000005,30.0
4941,0.00019741058349609375,0.21600000000000005,30.8
4942,0.00020003318786621094,0.211,32.0
4943,0.00034356117248535156,0.211,33.2
4944,0.00019168853759765625,0.211,34.4
4945,0.0001418590545654297,0.209,36.0
4946,0.00017690658569335938,0.209,37.2
4947,0.00021386146545410156,0.205,38.800000000000004
4948,0.00015664100646972656,0.2,40.0
4949,0.00015020370483398438,0.2,41.6
4950,0.0003142356872558594,0.198,43.2
4951,0.00030517578125,0.198,44.400000000000006
4952,0.00031685829162597656,0.198,46.0
4953,0.0002434253692626953,0.198,47.6
4954,0.00044035911560058594,0.198,48.800000000000004
4955,0.0006034374237060547,0.198,50.400000000000006
4956,0.00039839744567871094,0.198,51.6
4957,0.0004699230194091797,0.198,52.800000000000004
4958,0.0005033016204833984,0.198,54.0
4959,0.0004279613494873047,0.198,55.2
4960,0.0003554821014404297,0.198,56.0
4961,0.00044155120849609375,0.198,56.800000000000004
4962,0.00043582916259765625,0.198,57.6
4963,0.00044274330139160156,0.198,58.400000000000006
4964,0.0004482269287109375,0.198,58.800000000000004
4965,0.0003173351287841797,0.198,59.2
4966,0.00044536590576171875,0.198,59.6
4967,0.00036787986755371094,0.198,60.0
4968,0.0003261566162109375,0.198,60.0
4969,0.0004506111145019531,0.198,60.0
4970,0.0005846023559570312,0.198,60.0
4971,0.00030541419982910156,0.198,60.0
4972,0.0003714561462402344,0.198,59.6
4973,0.00045800209045410156,0.198,59.2
4974,0.0004200935363769531,0.198,58.800000000000004
4975,0.00037598609924316406,0.198,58.0
4976,0.0004341602325439453,0.198,57.6
4977,0.0005633831024169922,0.198,56.800000000000004
4978,0.0005269050598144531,0.198,56.0
4979,0.0005590915679931641,0.198,54.800000000000004
4980,0.0003554821014404297,0.198,54.0
4981,0.00046634674072265625,0.198,52.800000000000004
4982,0.0004401206970214844,0.198,51.6
4983,0.00045180320739746094,0.198,50.400000000000006
4984,0.0005233287811279297,0.198,49.2
4985,0.0005159378051757812,0.198,48.0
4986,0.0005040168762207031,0.198,46.400000000000006
4987,8.487701416015625e-05,0.198,45.2
4988,0.0004322528839111328,0.198,44.0
4989,0.0004239082336425781,0.198,42.400000000000006
4990,0.00041985511779785156,0.2,41.2
4991,0.00042819976806640625,0.205,39.6
4992,0.00041937828063964844,0.205,38.400000000000006
4993,0.00044846534729003906,0.205,36.800000000000004
4994,0.0005595684051513672,0.209,35.6
4995,0.0005369186401367188,0.209,34.4
4996,0.000457763671875,0.209,32.800000000000004
4997,0.0005421638488769531,0.211,31.6
4998,0.0002722740173339844,0.211,30.8
4999,0.00046133995056152344,0.211,29.6
5000,0.0007305145263671875,0.21600000000000005,28.8
5001,0.00031256675720214844,0.21600000000000005,27.6
5002,0.00047969818115234375,0.21600000000000005,27.200000000000003
5003,0.0006515979766845703,0.21600000000000005,26.400000000000002
5004,0.00036716461181640625,0.218,26.0
5005,0.0004899501800537109,0.218,25.6
5006,0.0004928112030029297,0.218,25.200000000000003
5007,0.0008232593536376953,0.218,25.200000000000003
5008,0.0006620883941650391,0.22,25.200000000000003
5009,0.0018191337585449219,0.22,25.6
5010,0.0018305778503417969,0.222,26.0
5011,0.0005145072937011719,0.222,26.400000000000002
5012,0.0018069744110107422,0.222,26.8
5013,0.0005180835723876953,0.222,27.6
5014,0.0016779899597167969,0.222,28.400000000000002
5015,0.0004913806915283203,0.222,29.200000000000003
5016,0.0016503334045410156,0.222,30.400000000000002
5017,0.001470327377319336,0.222,31.6
5018,0.00047898292541503906,0.222,32.800000000000004
5019,0.0019059181213378906,0.222,34.4
5020,0.0004749298095703125,0.222,35.6
5021,0.0013682842254638672,0.222,37.2
5022,0.00048089027404785156,0.222,38.800000000000004
5023,0.00044345855712890625,0.222,40.400000000000006
5024,0.0011606216430664062,0.222,42.0
5025,0.00019860267639160156,0.222,43.6
5026,0.00019860267639160156,0.222,43.6
5027,0.0002894401550292969,0.21600000000000005,45.6
5028,0.00020956993103027344,0.211,47.2
5029,0.00029015541076660156,0.2,48.800000000000004
5030,0.0003426074981689453,0.192,50.400000000000006
5031,0.0004801750183105469,0.181,52.400000000000006
5032,0.002026796340942383,0.17,54.0
5033,0.00045680999755859375,0.16399999999999998,55.6
5034,0.00033283233642578125,0.162,57.2
5035,0.0006439685821533203,0.162,58.400000000000006
5036,0.0004467964172363281,0.162,60.0
5037,0.0004875659942626953,0.162,61.2
5038,0.00045180320739746094,0.162,62.0
5039,0.001596212387084961,0.162,62.800000000000004
5040,0.000640869140625,0.162,63.6
5041,0.0015482902526855469,0.162,64.0
5042,0.0006234645843505859,0.162,64.4
5043,0.0021102428436279297,0.162,64.8
5044,0.0004932880401611328,0.162,64.8
5045,0.0015501976013183594,0.162,64.4
5046,0.0016503334045410156,0.162,64.0
5047,0.00048041343688964844,0.162,63.2
5048,0.001771688461303711,0.162,62.400000000000006
5049,0.00046324729919433594,0.162,61.6
5050,0.0015327930450439453,0.162,60.400000000000006
5051,0.000457763671875,0.162,58.800000000000004
5052,0.0007660388946533203,0.162,57.6
5053,0.00055694580078125,0.17,55.6
5054,0.0016341209411621094,0.172,54.0
5055,0.0001938343048095703,0.177,52.0
5056,0.00040340423583984375,0.177,50.0
5057,0.0003249645233154297,0.179,47.6
5058,0.0004761219024658203,0.181,45.2
5059,0.0010750293731689453,0.188,42.800000000000004
5060,0.0005090236663818359,0.19,40.400000000000006
5061,0.0008478164672851562,0.194,38.0
5062,0.0008194446563720703,0.196,35.6
5063,0.0009768009185791016,0.198,32.800000000000004
5064,0.0006024837493896484,0.198,30.400000000000002
5065,0.001756906509399414,0.198,28.0
5066,0.0005383491516113281,0.198,25.6
5067,0.0016987323760986328,0.198,23.200000000000003
5068,0.0005025863647460938,0.2,21.200000000000003
5069,0.0020978450775146484,0.203,18.8
5070,0.000530242919921875,0.203,17.2
5071,0.0017211437225341797,0.203,15.200000000000001
5072,0.0006513595581054688,0.203,13.600000000000001
5073,0.0014743804931640625,0.203,12.4
5074,0.0006597042083740234,0.203,11.200000000000001
5075,0.0014810562133789062,0.203,10.4
5076,0.0006604194641113281,0.203,9.600000000000001
5077,0.002020597457885742,0.203,8.8
5078,0.0005035400390625,0.203,8.8
5079,0.0017786026000976562,0.203,8.8
5080,0.001264333724975586,0.203,8.8
5081,0.0006887912750244141,0.203,9.600000000000001
5082,0.0020799636840820312,0.203,10.0
5083,0.0005738735198974609,0.203,11.200000000000001
5084,0.0015552043914794922,0.203,12.4
5085,0.0006303787231445312,0.203,13.600000000000001
5086,0.0005884170532226562,0.203,15.200000000000001
5087,0.00044918060302734375,0.203,16.8
5088,0.0005762577056884766,0.203,18.8
5089,0.0003097057342529297,0.203,20.8
5090,0.0003314018249511719,0.203,22.8
5091,0.00043773651123046875,0.203,25.200000000000003
5092,0.00043702125549316406,0.203,27.6
5093,0.0005595684051513672,0.203,30.0
5094,0.00033664703369140625,0.203,32.800000000000004
5095,0.0004470348358154297,0.203,35.2
5096,0.0004627704620361328,0.203,38.0
5097,0.0004506111145019531,0.203,40.400000000000006
5098,0.0014832019805908203,0.203,42.800000000000004
5099,0.0004699230194091797,0.203,45.6
5100,0.0014882087707519531,0.203,48.0
5101,0.001421213150024414,0.203,50.400000000000006
5102,0.0006608963012695312,0.203,52.800000000000004
5103,0.0018606185913085938,0.203,55.2
5104,0.0018045902252197266,0.203,57.6
5105,0.0005211830139160156,0.203,59.6
5106,0.0016641616821289062,0.203,61.6
5107,0.0006525516510009766,0.203,63.6
5108,0.001811981201171875,0.203,65.60000000000001
5109,0.00048089027404785156,0.203,67.2
5110,0.0016138553619384766,0.203,68.8
5111,0.0016868114471435547,0.203,70.4
5112,0.0004940032958984375,0.203,71.60000000000001
5113,0.0018582344055175781,0.203,72.8
5114,0.00048542022705078125,0.203,74.0
5115,0.0018448829650878906,0.203,74.8
5116,0.0004711151123046875,0.203,75.60000000000001
5117,0.0017139911651611328,0.203,76.4
5118,0.0006008148193359375,0.203,76.80000000000001
5119,0.0003139972686767578,0.203,77.2
5120,0.0005979537963867188,0.203,77.2
5121,0.0004279613494873047,0.203,77.60000000000001
5122,0.0004947185516357422,0.203,77.60000000000001
5123,0.0004451274871826172,0.203,77.2
5124,0.0005204677581787109,0.203,76.80000000000001
5125,0.0004355907440185547,0.203,76.4
5126,0.00041866302490234375,0.203,76.0
5127,0.0004372596740722656,0.203,75.2
5128,0.0006589889526367188,0.203,74.4
5129,0.0005328655242919922,0.203,73.60000000000001
5130,0.00046443939208984375,0.203,72.4
5131,0.0010764598846435547,0.203,71.2
5132,0.00048279762268066406,0.203,70.0
5133,0.0004820823669433594,0.203,68.8
5134,0.0004706382751464844,0.203,67.2
5135,0.0004639625549316406,0.203,65.60000000000001
5136,0.00041294097900390625,0.203,64.0
5137,0.0004305839538574219,0.203,62.0
5138,0.0004239082336425781,0.203,60.400000000000006
5139,0.0004241466522216797,0.203,58.400000000000006
5140,0.00042128562927246094,0.203,56.400000000000006
5141,0.0004203319549560547,0.203,54.400000000000006
5142,0.0004525184631347656,0.203,52.400000000000006
5143,0.000415802001953125,0.203,50.400000000000006
5144,0.0008177757263183594,0.203,48.0
5145,0.00048279762268066406,0.203,46.0
5146,0.0008840560913085938,0.203,43.6
5147,0.0012879371643066406,0.203,41.6
5148,0.0008678436279296875,0.203,39.6
5149,0.0006277561187744141,0.203,37.6
5150,0.0005016326904296875,0.203,35.6
5151,0.0004324913024902344,0.203,33.6
5152,0.0004208087921142578,0.203,31.6
5153,0.0004210472106933594,0.203,30.0
5154,0.0004265308380126953,0.203,28.400000000000002
5155,0.0004203319549560547,0.198,26.8
5156,0.00043845176696777344,0.194,25.200000000000003
5157,0.0014979839324951172,0.192,24.0
5158,0.0005066394805908203,0.19,22.8
5159,0.0017671585083007812,0.188,21.6
5160,0.000530242919921875,0.185,20.8
5161,0.0017495155334472656,0.185,20.0
5162,0.0006268024444580078,0.183,19.6
5163,0.001374959945678711,0.183,18.8
5164,0.0008380413055419922,0.183,18.8
5165,0.00116729736328125,0.179,18.400000000000002
5166,0.0005159378051757812,0.179,18.400000000000002
5167,0.0008955001831054688,0.179,18.400000000000002
5168,0.0008230209350585938,0.179,18.8
5169,0.0018684864044189453,0.179,19.200000000000003
5170,0.0006010532379150391,0.179,19.6
5171,0.0017752647399902344,0.179,20.0
5172,0.0006201267242431641,0.179,20.8
5173,0.0006182193756103516,0.179,21.6
5174,0.0006182193756103516,0.179,21.6
5175,0.0007548332214355469,0.179,22.400000000000002
5176,0.0004990100860595703,0.179,23.200000000000003
5177,0.00044274330139160156,0.179,24.400000000000002
5178,0.0010769367218017578,0.179,25.6
5179,0.0006551742553710938,0.179,26.8
5180,0.0003230571746826172,0.179,27.6
5181,0.0006198883056640625,0.179,29.200000000000003
5182,0.0005185604095458984,0.179,30.400000000000002
5183,0.0005633831024169922,0.179,31.6
5184,0.0003650188446044922,0.179,32.800000000000004
5185,0.00035858154296875,0.179,34.0
5186,0.0004639625549316406,0.179,35.2
5187,0.00034165382385253906,0.179,36.800000000000004
5188,0.0005781650543212891,0.179,38.0
5189,0.0005118846893310547,0.179,39.2
5190,0.0004417896270751953,0.179,40.400000000000006
5191,0.000453948974609375,0.179,41.2
5192,0.0005335807800292969,0.179,42.400000000000006
5193,0.0004563331604003906,0.181,43.2
5194,0.00043272972106933594,0.185,44.400000000000006
5195,0.001058340072631836,0.188,45.2
5196,0.0005471706390380859,0.19,46.0
5197,0.0004379749298095703,0.192,46.800000000000004
5198,0.0004215240478515625,0.194,47.2
5199,0.0005440711975097656,0.194,48.0
5200,0.0006160736083984375,0.194,48.400000000000006
5201,0.00042724609375,0.194,48.800000000000004
5202,0.0005276203155517578,0.194,49.2
5203,0.00042724609375,0.194,49.2
5204,0.00043845176696777344,0.196,49.6
5205,0.0004267692565917969,0.198,49.6
5206,0.0005238056182861328,0.198,49.6
5207,0.00042438507080078125,0.2,49.6
5208,0.00036406517028808594,0.203,49.6
5209,0.00054931640625,0.203,49.6
5210,0.00034999847412109375,0.203,49.2
5211,0.00046634674072265625,0.203,49.2
5212,0.00031304359436035156,0.203,48.800000000000004
5213,0.00016450881958007812,0.203,48.400000000000006
5214,0.0003323554992675781,0.203,48.0
5215,0.00020503997802734375,0.203,47.6
5216,0.0003170967102050781,0.203,47.2
5217,0.00021719932556152344,0.203,46.800000000000004
5218,0.00022363662719726562,0.203,46.400000000000006
5219,0.0002512931823730469,0.203,45.6
5220,0.00037550926208496094,0.203,45.2
5221,0.00029659271240234375,0.203,44.800000000000004
5222,0.0004401206970214844,0.203,44.0
5223,0.0007786750793457031,0.203,43.6
5224,0.00029969215393066406,0.203,42.800000000000004
5225,0.00039315223693847656,0.203,42.400000000000006
5226,0.00029754638671875,0.203,41.6
5227,0.0002689361572265625,0.203,41.2
5228,0.0003180503845214844,0.203,40.800000000000004
5229,0.0005381107330322266,0.203,40.0
5230,0.00032258033752441406,0.203,39.6
5231,0.0003731250762939453,0.203,39.2
5232,0.0003571510314941406,0.203,38.800000000000004
5233,0.00021791458129882812,0.203,38.400000000000006
5234,0.0005047321319580078,0.203,38.0
5235,0.00043773651123046875,0.203,37.6
5236,0.0004858970642089844,0.203,37.2
5237,0.00042700767517089844,0.203,36.800000000000004
5238,0.0008041858673095703,0.203,36.800000000000004
5239,0.0004608631134033203,0.203,36.4
5240,0.00118255615234375,0.203,36.4
5241,0.00048661231994628906,0.203,36.0
5242,0.001676321029663086,0.203,36.0
5243,0.0005116462707519531,0.203,36.0
5244,0.0017766952514648438,0.203,36.0
5245,0.0014553070068359375,0.203,36.0
5246,0.000492095947265625,0.203,36.0
5247,0.002374887466430664,0.203,36.0
5248,0.0005950927734375,0.203,36.4
5249,0.0017211437225341797,0.203,36.4
5250,0.00047469139099121094,0.203,36.800000000000004
5251,0.0017971992492675781,0.203,36.800000000000004
5252,0.0015134811401367188,0.203,37.2
5253,0.0007598400115966797,0.203,37.6
5254,0.001722097396850586,0.203,38.0
5255,0.0006661415100097656,0.203,38.400000000000006
5256,0.0016276836395263672,0.203,38.800000000000004
5257,0.0005064010620117188,0.203,39.2
5258,0.001672506332397461,0.203,39.6
5259,0.00048661231994628906,0.203,40.0
5260,0.0003647804260253906,0.203,40.800000000000004
5261,0.0005691051483154297,0.203,41.2
5262,0.0016150474548339844,0.203,41.6
5263,0.0004680156707763672,0.203,42.0
5264,0.0005354881286621094,0.203,42.400000000000006
5265,0.000568389892578125,0.203,43.2
5266,0.0005016326904296875,0.203,43.6
5267,0.00047016143798828125,0.203,44.0
5268,0.00049591064453125,0.203,44.400000000000006
5269,0.0004436969757080078,0.203,44.800000000000004
5270,0.00048613548278808594,0.203,45.6
5271,0.0004520416259765625,0.203,46.0
5272,0.0017499923706054688,0.203,46.400000000000006
5273,0.0005388259887695312,0.203,46.800000000000004
5274,0.0005578994750976562,0.203,47.2
5275,0.0004918575286865234,0.203,47.2
5276,0.0013980865478515625,0.203,47.6
5277,0.0005037784576416016,0.203,48.0
5278,0.0007958412170410156,0.203,48.400000000000006
5279,0.0005631446838378906,0.203,48.400000000000006
5280,0.001692056655883789,0.203,48.800000000000004
5281,0.0007321834564208984,0.2,48.800000000000004
5282,0.0018398761749267578,0.2,48.800000000000004
5283,0.000675201416015625,0.2,49.2
5284,0.0005960464477539062,0.2,49.2
5285,0.0005335807800292969,0.2,49.2
5286,0.0016138553619384766,0.2,49.2
5287,0.0006165504455566406,0.198,49.2
5288,0.0018489360809326172,0.198,49.2
5289,0.0006482601165771484,0.198,49.2
5290,0.0016963481903076172,0.198,48.800000000000004
5291,0.0004868507385253906,0.198,48.800000000000004
5292,0.0017979145050048828,0.198,48.400000000000006
5293,0.0004968643188476562,0.198,48.0
5294,0.0006434917449951172,0.198,48.0
5295,0.0005269050598144531,0.198,47.6
5296,0.0004076957702636719,0.198,47.2
5297,0.0004787445068359375,0.198,46.800000000000004
5298,0.00045943260192871094,0.196,46.400000000000006
5299,0.0005269050598144531,0.196,46.0
5300,0.0011963844299316406,0.196,45.6
5301,0.00045299530029296875,0.196,44.800000000000004
5302,0.0019078254699707031,0.196,44.400000000000006
5303,0.0005068778991699219,0.196,44.0
5304,0.0017788410186767578,0.196,43.2
5305,0.0007326602935791016,0.196,42.800000000000004
5306,0.0006985664367675781,0.196,42.400000000000006
5307,0.0004799365997314453,0.196,41.6
5308,0.00045609474182128906,0.196,41.2
5309,0.0005345344543457031,0.196,40.400000000000006
5310,0.00044345855712890625,0.196,40.0
5311,0.0004324913024902344,0.196,39.2
5312,0.0005657672882080078,0.196,38.800000000000004
5313,0.00042700767517089844,0.196,38.0
5314,0.0003609657287597656,0.196,37.6
5315,0.0007145404815673828,0.196,36.800000000000004
5316,0.0006594657897949219,0.196,36.4
5317,0.00032448768615722656,0.196,36.0
5318,0.0005459785461425781,0.196,35.6
5319,0.0005459785461425781,0.196,35.6
5320,0.0004284381866455078,0.194,34.800000000000004
5321,0.0004506111145019531,0.194,34.4
5322,0.0003616809844970703,0.194,34.0
5323,0.0002484321594238281,0.194,34.0
5324,0.0009706020355224609,0.194,33.6
5325,0.0003542900085449219,0.192,33.2
5326,0.00043773651123046875,0.192,33.2
5327,0.0006163120269775391,0.192,32.800000000000004
5328,0.0004456043243408203,0.192,32.800000000000004
5329,0.00045371055603027344,0.19,32.800000000000004
5330,0.0004405975341796875,0.19,32.800000000000004
5331,0.0003826618194580078,0.19,32.800000000000004
5332,0.0003058910369873047,0.19,32.800000000000004
5333,0.0005586147308349609,0.19,32.800000000000004
5334,0.0005445480346679688,0.19,32.800000000000004
5335,0.0001423358917236328,0.188,32.800000000000004
5336,0.0002639293670654297,0.188,33.2
5337,0.000438690185546875,0.188,33.2
5338,0.0007658004760742188,0.188,33.6
5339,0.0005195140838623047,0.188,33.6
5340,0.0004343986511230469,0.188,34.0
5341,0.001154184341430664,0.188,34.0
5342,0.00041985511779785156,0.188,34.4
5343,0.0004315376281738281,0.188,34.800000000000004
5344,0.00041937828063964844,0.188,35.2
5345,0.0005860328674316406,0.188,35.2
5346,0.0004341602325439453,0.188,35.6
5347,0.000339508056640625,0.188,36.0
5348,0.0004305839538574219,0.188,36.4
5349,0.0004208087921142578,0.185,36.800000000000004
5350,0.0004260540008544922,0.185,36.800000000000004
5351,0.00041937828063964844,0.185,37.2
5352,0.0004246234893798828,0.183,37.6
5353,0.00041604042053222656,0.183,38.0
5354,0.00041937828063964844,0.183,38.400000000000006
5355,0.0004200935363769531,0.183,38.400000000000006
5356,0.00046539306640625,0.183,38.800000000000004
5357,0.0003809928894042969,0.183,38.800000000000004
5358,0.0004744529724121094,0.183,39.2
5359,0.00045299530029296875,0.183,39.2
5360,0.0006318092346191406,0.183,39.6
5361,0.0005013942718505859,0.183,39.6
5362,0.0009548664093017578,0.183,39.6
5363,0.0005252361297607422,0.183,39.6
5364,0.0016934871673583984,0.183,39.6
5365,0.0005056858062744141,0.183,39.6
5366,0.002001047134399414,0.183,39.6
5367,0.00047087669372558594,0.183,39.6
5368,0.0010409355163574219,0.183,39.6
5369,0.0004341602325439453,0.183,39.2
5370,0.0004916191101074219,0.183,39.2
5371,0.00042724609375,0.183,38.800000000000004
5372,0.0004639625549316406,0.183,38.800000000000004
5373,0.0004401206970214844,0.183,38.400000000000006
5374,0.0004210472106933594,0.183,38.400000000000006
5375,0.0004143714904785156,0.183,38.0
5376,0.0014851093292236328,0.183,37.6
5377,0.001043081283569336,0.183,37.2
5378,0.00043892860412597656,0.183,36.800000000000004
5379,0.0005359649658203125,0.183,36.800000000000004
5380,0.00044226646423339844,0.183,36.4
5381,0.0006365776062011719,0.183,36.0
5382,0.0005517005920410156,0.179,35.6
5383,0.0005435943603515625,0.179,35.2
5384,0.0007243156433105469,0.177,34.800000000000004
5385,0.0004956722259521484,0.177,34.4
5386,0.0018773078918457031,0.175,34.0
5387,0.0005216598510742188,0.175,33.6
5388,0.0020134449005126953,0.172,33.6
5389,0.0015692710876464844,0.17,33.2
5390,0.0006706714630126953,0.17,32.800000000000004
5391,0.0017442703247070312,0.168,32.4
5392,0.0006511211395263672,0.168,32.0
5393,0.0015413761138916016,0.168,32.0
5394,0.0004909038543701172,0.166,31.6
5395,0.001988649368286133,0.166,31.200000000000003
5396,0.0012676715850830078,0.166,30.8
5397,0.0012161731719970703,0.166,30.400000000000002
5398,0.0003304481506347656,0.166,30.400000000000002
5399,0.0003025531768798828,0.166,30.0
5400,0.00044608116149902344,0.166,29.6
5401,0.0005033016204833984,0.166,29.6
5402,0.00045013427734375,0.166,29.200000000000003
5403,0.0012044906616210938,0.166,28.8
5404,0.0004444122314453125,0.166,28.8
5405,0.0017886161804199219,0.166,28.400000000000002
5406,0.000476837158203125,0.166,28.0
5407,0.0017468929290771484,0.166,28.0
5408,0.0007336139678955078,0.16399999999999998,27.6
5409,0.0016205310821533203,0.16399999999999998,27.6
5410,0.0006554126739501953,0.16399999999999998,27.200000000000003
5411,0.00041365623474121094,0.16399999999999998,27.200000000000003
5412,0.0003650188446044922,0.162,27.200000000000003
5413,0.0005352497100830078,0.162,27.200000000000003
5414,0.00042510032653808594,0.162,26.8
5415,0.0012254714965820312,0.162,26.8
5416,0.00023412704467773438,0.162,26.8
5417,0.0009598731994628906,0.162,26.8
5418,0.0004458427429199219,0.162,26.8
5419,0.0003113746643066406,0.162,26.8
5420,0.0006010532379150391,0.162,26.8
5421,0.0005733966827392578,0.159,26.8
5422,0.0004687309265136719,0.159,26.8
5423,0.0005934238433837891,0.159,26.8
5424,0.0007493495941162109,0.159,26.8
5425,0.00043654441833496094,0.159,26.8
5426,0.0005738735198974609,0.157,26.8
5427,0.0003714561462402344,0.157,26.8
5428,0.00024509429931640625,0.157,26.8
5429,0.0006136894226074219,0.157,27.200000000000003
5430,0.00031948089599609375,0.155,27.200000000000003
5431,0.0004379749298095703,0.155,27.200000000000003
5432,0.00024700164794921875,0.155,27.200000000000003
5433,0.0005269050598144531,0.153,27.6
5434,0.00017118453979492188,0.153,27.6
5435,0.00036835670471191406,0.153,27.6
5436,0.0004227161407470703,0.153,27.6
5437,0.00034809112548828125,0.153,27.6
5438,0.00030159950256347656,0.153,27.6
5439,0.00037670135498046875,0.153,28.0
5440,0.000415802001953125,0.153,28.0
5441,0.0002644062042236328,0.149,28.0
5442,0.0003116130828857422,0.149,28.0
5443,0.00037026405334472656,0.149,28.0
5444,0.0004336833953857422,0.149,28.0
5445,0.0008084774017333984,0.147,28.0
5446,0.0004382133483886719,0.147,27.6
5447,0.0012516975402832031,0.147,27.6
5448,0.0004954338073730469,0.147,27.6
5449,0.0015988349914550781,0.14400000000000002,27.6
5450,0.0018601417541503906,0.14400000000000002,27.6
5451,0.0005118846893310547,0.14400000000000002,27.200000000000003
5452,0.0015408992767333984,0.14400000000000002,27.200000000000003
5453,0.0017788410186767578,0.14400000000000002,26.8
5454,0.0004742145538330078,0.14400000000000002,26.8
5455,0.001664876937866211,0.14,26.400000000000002
5456,0.0006144046783447266,0.14,26.400000000000002
5457,0.0014801025390625,0.14,26.0
5458,0.000690460205078125,0.14,26.0
5459,0.0018281936645507812,0.14,25.6
5460,0.002218961715698242,0.14,25.200000000000003
5461,0.0005083084106445312,0.14,24.8
5462,0.0015254020690917969,0.138,24.8
5463,0.0006210803985595703,0.136,24.400000000000002
5464,0.0019609928131103516,0.136,24.0
5465,0.000518798828125,0.136,23.6
5466,0.0015676021575927734,0.136,23.200000000000003
5467,0.0006392002105712891,0.136,22.8
5468,0.0017366409301757812,0.136,22.400000000000002
5469,0.0008068084716796875,0.136,22.0
5470,0.0015363693237304688,0.134,22.0
5471,0.0015363693237304688,0.134,22.0
5472,0.0002644062042236328,0.131,21.6
5473,0.00046324729919433594,0.129,21.200000000000003
5474,0.00034427642822265625,0.129,20.8
5475,0.002241373062133789,0.129,20.400000000000002
5476,0.0005691051483154297,0.127,20.0
5477,0.0006380081176757812,0.127,20.0
5478,0.0013632774353027344,0.125,19.6
5479,0.00046753883361816406,0.125,19.200000000000003
5480,0.0005471706390380859,0.125,18.8
5481,0.0006606578826904297,0.125,18.8
5482,0.0007634162902832031,0.125,18.400000000000002
5483,0.0004820823669433594,0.125,18.400000000000002
5484,0.0011827945709228516,0.125,18.0
5485,0.0005207061767578125,0.125,17.6
5486,0.0019550323486328125,0.125,17.6
5487,0.0005664825439453125,0.123,17.6
5488,0.0018205642700195312,0.119,17.2
5489,0.0005230903625488281,0.114,17.2
5490,0.0017197132110595703,0.114,16.8
5491,0.0006315708160400391,0.114,16.8
5492,0.0016994476318359375,0.114,16.8
5493,0.0012116432189941406,0.114,16.8
5494,0.0002918243408203125,0.114,16.8
5495,0.0006959438323974609,0.114,16.8
5496,0.0004677772521972656,0.114,16.400000000000002
5497,0.00043082237243652344,0.114,16.400000000000002
5498,0.0005300045013427734,0.114,16.400000000000002
5499,0.0004253387451171875,0.114,16.400000000000002
5500,0.00019669532775878906,0.114,16.400000000000002
5501,0.0003256797790527344,0.114,16.400000000000002
5502,0.0005488395690917969,0.114,16.400000000000002
5503,0.0004572868347167969,0.114,16.400000000000002
5504,0.0005767345428466797,0.114,16.400000000000002
5505,0.00042939186096191406,0.114,16.400000000000002
5506,0.0004334449768066406,0.114,16.400000000000002
5507,0.0004279613494873047,0.114,16.400000000000002
5508,0.0004105567932128906,0.114,16.400000000000002
5509,0.0004162788391113281,0.114,16.400000000000002
5510,0.0004935264587402344,0.114,16.8
5511,0.0004687309265136719,0.114,16.8
5512,0.0005977153778076172,0.114,16.8
5513,0.00046515464782714844,0.112,16.8
5514,0.00045418739318847656,0.112,16.8
5515,0.0006551742553710938,0.11,16.8
5516,0.0005502700805664062,0.11,16.8
5517,0.00041556358337402344,0.11,16.8
5518,0.0004553794860839844,0.11,16.8
5519,0.00041866302490234375,0.11,16.8
5520,0.0010223388671875,0.11,16.8
5521,0.00044798851013183594,0.11,16.8
5522,0.0011026859283447266,0.11,16.8
5523,0.0006961822509765625,0.11,16.8
5524,0.002458333969116211,0.11,16.8
5525,0.0005085468292236328,0.11,16.8
5526,0.0015354156494140625,0.11,16.8
5527,0.0006678104400634766,0.11,16.8
5528,0.0019774436950683594,0.108,16.8
5529,0.0006451606750488281,0.108,16.8
5530,0.0013608932495117188,0.108,16.8
5531,0.0014643669128417969,0.108,16.8
5532,0.0005526542663574219,0.108,16.400000000000002
5533,0.00034165382385253906,0.106,16.400000000000002
5534,0.0005712509155273438,0.106,16.400000000000002
5535,0.0004458427429199219,0.103,16.400000000000002
5536,0.0005314350128173828,0.103,16.400000000000002
5537,0.00045752525329589844,0.103,16.400000000000002
5538,0.0002999305725097656,0.103,16.0
5539,0.0005908012390136719,0.103,16.0
5540,0.0018694400787353516,0.101,16.0
5541,0.0005609989166259766,0.101,16.0
5542,0.0004398822784423828,0.101,15.600000000000001
5543,0.00030231475830078125,0.101,15.600000000000001
5544,0.0005838871002197266,0.101,15.600000000000001
5545,0.0004706382751464844,0.099,15.600000000000001
5546,0.0004894733428955078,0.099,15.200000000000001
5547,0.0004248619079589844,0.099,15.200000000000001
5548,0.0004417896270751953,0.099,15.200000000000001
5549,0.0002956390380859375,0.099,14.8
5550,0.0009198188781738281,0.099,14.8
5551,0.00042438507080078125,0.099,14.8
5552,0.0005235671997070312,0.099,14.4
5553,0.0004239082336425781,0.099,14.4
5554,0.00042366981506347656,0.097,14.0
5555,0.00041294097900390625,0.097,14.0
5556,0.00040912628173828125,0.097,14.0
5557,0.00041794776916503906,0.097,13.600000000000001
5558,0.0004115104675292969,0.095,13.600000000000001
5559,0.0004203319549560547,0.095,13.600000000000001
5560,0.0004794597625732422,0.093,13.600000000000001
5561,0.0003383159637451172,0.093,13.200000000000001
5562,0.0004878044128417969,0.091,13.200000000000001
5563,0.0004868507385253906,0.08800000000000001,13.200000000000001
5564,0.0004456043243408203,0.086,13.200000000000001
5565,0.0005528926849365234,0.086,12.8
5566,0.00045013427734375,0.084,12.8
5567,0.0008995532989501953,0.084,12.8
5568,0.0004780292510986328,0.084,12.8
5569,0.001241445541381836,0.084,12.8
5570,0.0006289482116699219,0.084,12.8
5571,0.0014357566833496094,0.084,12.8
5572,0.0006954669952392578,0.08199999999999999,12.4
5573,0.00034308433532714844,0.08199999999999999,12.4
5574,0.00026702880859375,0.08199999999999999,12.4
5575,0.0004343986511230469,0.08199999999999999,12.4
5576,0.0002593994140625,0.08199999999999999,12.0
5577,0.0003006458282470703,0.08,12.0
5578,0.0004723072052001953,0.08,12.0
5579,0.0007994174957275391,0.08,11.600000000000001
5580,0.00047588348388671875,0.08,11.600000000000001
5581,0.0005331039428710938,0.075,11.600000000000001
5582,0.0006034374237060547,0.075,11.200000000000001
5583,0.0004291534423828125,0.075,11.200000000000001
5584,0.0005328655242919922,0.075,11.200000000000001
5585,0.00045680999755859375,0.075,10.8
5586,0.0005538463592529297,0.075,10.8
5587,0.00031757354736328125,0.075,10.4
5588,0.00030303001403808594,0.073,10.4
5589,0.0003509521484375,0.073,10.4
5590,0.00043392181396484375,0.073,10.0
5591,0.0004611015319824219,0.073,10.0
5592,0.0003180503845214844,0.073,9.600000000000001
5593,0.0003170967102050781,0.073,9.600000000000001
5594,0.0002493858337402344,0.073,9.200000000000001
5595,0.00031185150146484375,0.073,9.200000000000001
5596,0.00044608116149902344,0.073,9.200000000000001
5597,0.0005710124969482422,0.073,8.8
5598,0.0005269050598144531,0.073,8.8
5599,0.0006535053253173828,0.073,8.4
5600,0.00044035911560058594,0.073,8.4
5601,0.0003573894500732422,0.073,8.4
5602,0.0004661083221435547,0.073,8.4
5603,0.00037360191345214844,0.071,8.0
5604,0.00045180320739746094,0.071,8.0
5605,0.0004849433898925781,0.071,8.0
5606,0.0004849433898925781,0.071,8.0
5607,0.0005085468292236328,0.069,8.0
5608,0.0003848075866699219,0.069,8.0
5609,0.00030422210693359375,0.069,8.0
5610,0.0002758502960205078,0.069,8.0
5611,0.00038051605224609375,0.069,8.0
5612,0.00025534629821777344,0.069,8.0
5613,0.0003142356872558594,0.069,8.0
5614,0.0006787776947021484,0.067,8.0
5615,0.0003788471221923828,0.067,8.0
5616,0.00030303001403808594,0.065,8.0
5617,0.0002961158752441406,0.063,8.0
5618,0.0006432533264160156,0.063,8.0
5619,0.00046539306640625,0.063,8.0
5620,0.00032401084899902344,0.063,8.0
5621,0.0003104209899902344,0.063,8.0
5622,0.0005419254302978516,0.063,8.0
5623,0.0004220008850097656,0.063,8.0
5624,0.0006256103515625,0.063,8.0
5625,0.0004706382751464844,0.063,8.0
5626,0.00044846534729003906,0.06,8.0
5627,0.000308990478515625,0.06,8.0
5628,0.0003135204315185547,0.06,8.0
5629,0.0005366802215576172,0.06,8.0
5630,0.00029349327087402344,0.06,8.0
5631,0.00043582916259765625,0.058,8.0
5632,0.00047087669372558594,0.058,8.0
5633,0.0004284381866455078,0.058,8.0
5634,0.0002446174621582031,0.058,8.0
5635,0.0003921985626220703,0.055999999999999994,8.0
5636,0.00044846534729003906,0.055999999999999994,7.6000000000000005
5637,0.0007877349853515625,0.055999999999999994,7.6000000000000005
5638,0.0007505416870117188,0.054000000000000006,7.6000000000000005
5639,0.0004734992980957031,0.054000000000000006,7.6000000000000005
5640,0.0017077922821044922,0.054000000000000006,7.6000000000000005
5641,0.0004904270172119141,0.054000000000000006,7.6000000000000005
5642,0.0017156600952148438,0.054000000000000006,7.6000000000000005
5643,0.0005245208740234375,0.054000000000000006,7.2
5644,0.0018477439880371094,0.052000000000000005,7.2
5645,0.0016138553619384766,0.052000000000000005,7.2
5646,0.0005030632019042969,0.052000000000000005,7.2
5647,0.0017480850219726562,0.052000000000000005,6.800000000000001
5648,0.0006272792816162109,0.052000000000000005,6.800000000000001
5649,0.0016705989837646484,0.052000000000000005,6.800000000000001
5650,0.0005481243133544922,0.047,6.4
5651,0.0017969608306884766,0.047,6.4
5652,0.0005097389221191406,0.045,6.4
5653,0.0015194416046142578,0.043,6.0
5654,0.0005142688751220703,0.040999999999999995,6.0
5655,0.002138853073120117,0.040999999999999995,5.6000000000000005
5656,0.0012853145599365234,0.040999999999999995,5.6000000000000005
5657,0.0006773471832275391,0.039,5.6000000000000005
5658,0.0006277561187744141,0.039,5.2
5659,0.0004341602325439453,0.039,5.2
5660,0.0004620552062988281,0.039,4.800000000000001
5661,0.00138092041015625,0.039,4.800000000000001
5662,0.000469207763671875,0.034,4.4
5663,0.0017156600952148438,0.034,4.4
5664,0.0005309581756591797,0.034,4.0
5665,0.0017631053924560547,0.034,4.0
5666,0.0004851818084716797,0.034,3.6
5667,0.0017192363739013672,0.034,3.6
5668,0.0004773139953613281,0.034,3.2
5669,0.0018818378448486328,0.034,3.2
5670,0.0005049705505371094,0.032,2.8000000000000003
5671,0.002078533172607422,0.032,2.8000000000000003
5672,0.00048732757568359375,0.032,2.4000000000000004
5673,0.0011718273162841797,0.03,2.4000000000000004
5674,0.0005660057067871094,0.03,2.0
5675,0.0003528594970703125,0.03,2.0
5676,0.0005974769592285156,0.027999999999999997,1.6
5677,0.001049041748046875,0.026,1.6
5678,0.0003101825714111328,0.026,1.2000000000000002
5679,0.000431060791015625,0.026,1.2000000000000002
5680,0.00041556358337402344,0.026,1.2000000000000002
5681,0.0006301403045654297,0.026,0.8
5682,0.0004899501800537109,0.022,0.8
5683,0.001543283462524414,0.022,0.8
5684,0.00046634674072265625,0.022,0.8
5685,0.0015976428985595703,0.022,0.4
5686,0.0004966259002685547,0.019,0.4
5687,0.0016939640045166016,0.019,0.4
5688,0.00048351287841796875,0.017,0.4
5689,0.001722574234008789,0.017,0.4
5690,0.0005168914794921875,0.015,0.4
5691,0.0011539459228515625,0.015,0.4
5692,0.00049591064453125,0.013,0.4
5693,0.0013735294342041016,0.013,0.4
5694,0.0006155967712402344,0.009000000000000001,0.4
5695,0.0018401145935058594,0.009000000000000001,0.4
5696,0.0016803741455078125,0.009000000000000001,0.4
5697,0.0013282299041748047,0.009000000000000001,0.4
5698,0.003284454345703125,0.009000000000000001,0.4
5699,0.0013782978057861328,0.009000000000000001,0.4
5700,0.0013570785522460938,0.009000000000000001,0.4
5701,0.0005965232849121094,0.009000000000000001,0.4
5702,0.0018339157104492188,0.009000000000000001,0.4
5703,0.0007147789001464844,0.009000000000000001,0.4
5704,0.001399993896484375,0.009000000000000001,0.4
5705,0.0006711483001708984,0.009000000000000001,0.4
5706,0.0014641284942626953,0.009000000000000001,0.4
5707,0.0008280277252197266,0.009000000000000001,0.4
5708,0.0002789497375488281,0.009000000000000001,0.4
5709,0.0004169940948486328,0.009000000000000001,0.4
5710,0.0006134510040283203,0.009000000000000001,0.4
5711,0.0005931854248046875,0.009000000000000001,0.4
5712,0.000751495361328125,0.009000000000000001,0.4
5713,0.0005617141723632812,0.009000000000000001,0.4
5714,0.0021555423736572266,0.009000000000000001,0.4
5715,0.0005011558532714844,0.009000000000000001,0.4
5716,0.0018465518951416016,0.009000000000000001,0.4
5717,0.0006229877471923828,0.009000000000000001,0.4
5718,0.0018754005432128906,0.009000000000000001,0.4
5719,0.0006465911865234375,0.009000000000000001,0.4
5720,0.001377105712890625,0.009000000000000001,0.4
5721,0.0005333423614501953,0.009000000000000001,0.4
5722,0.0016207695007324219,0.009000000000000001,0.4
5723,0.0005214214324951172,0.009000000000000001,0.0
5724,0.0018029212951660156,0.009000000000000001,0.0
5725,0.0004916191101074219,0.009000000000000001,0.0
5726,0.001371622085571289,0.009000000000000001,0.0
5727,0.0006480216979980469,0.009000000000000001,0.0
5728,0.0016062259674072266,0.009000000000000001,0.0
5729,0.0006606578826904297,0.009000000000000001,0.0
5730,0.001417398452758789,0.009000000000000001,0.0
5731,0.0006899833679199219,0.009000000000000001,0.0
5732,0.0016446113586425781,0.009000000000000001,0.0
5733,0.0013418197631835938,0.009000000000000001,0.0
5734,0.0003647804260253906,0.009000000000000001,0.0
5735,0.00033473968505859375,0.009000000000000001,0.0
5736,0.0003120899200439453,0.009000000000000001,0.0
5737,0.0003490447998046875,0.009000000000000001,0.0
5738,0.00016498565673828125,0.009000000000000001,0.0
5739,0.00015592575073242188,0.009000000000000001,0.0
5740,0.00039649009704589844,0.009000000000000001,0.0
5741,0.0001971721649169922,0.009000000000000001,0.0
5742,0.00018525123596191406,0.009000000000000001,0.4
5743,0.00030612945556640625,0.009000000000000001,0.4
5744,0.00016951560974121094,0.009000000000000001,0.4
5745,0.00017881393432617188,0.009000000000000001,0.4
5746,0.00031113624572753906,0.009000000000000001,0.4
5747,0.00030803680419921875,0.009000000000000001,0.4
5748,0.0003345012664794922,0.009000000000000001,0.4
5749,0.0005142688751220703,0.009000000000000001,0.4
5750,0.0005908012390136719,0.009000000000000001,0.4
5751,0.0004947185516357422,0.009000000000000001,0.4
5752,0.0011246204376220703,0.009000000000000001,0.4
5753,0.0005407333374023438,0.009000000000000001,0.4
5754,0.0014333724975585938,0.009000000000000001,0.4
5755,0.0006799697875976562,0.009000000000000001,0.4
5756,0.0015096664428710938,0.009000000000000001,0.4
5757,0.00032830238342285156,0.009000000000000001,0.0
5758,0.00032830238342285156,0.009000000000000001,0.0
5759,0.0003952980041503906,0.009000000000000001,0.0
5760,0.0005261898040771484,0.009000000000000001,0.0
5761,0.0003998279571533203,0.009000000000000001,0.0
5762,0.00021409988403320312,0.009000000000000001,0.0
5763,0.0005686283111572266,0.009000000000000001,0.0
5764,0.0003304481506347656,0.009000000000000001,0.0
5765,0.0003399848937988281,0.009000000000000001,0.0
5766,0.0005307197570800781,0.009000000000000001,0.0
5767,0.0004410743713378906,0.009000000000000001,0.0
5768,0.000324249267578125,0.009000000000000001,0.0
5769,0.0004487037658691406,0.009000000000000001,0.0
5770,0.0007460117340087891,0.009000000000000001,0.0
5771,0.0006403923034667969,0.009000000000000001,0.0
5772,0.00035381317138671875,0.009000000000000001,0.0
5773,0.000156402587890625,0.009000000000000001,0.0
5774,0.0002772808074951172,0.009000000000000001,0.0
5775,0.00021839141845703125,0.009000000000000001,0.0
5776,0.00024318695068359375,0.009000000000000001,0.0
5777,0.0003464221954345703,0.009000000000000001,0.0
5778,0.0004260540008544922,0.009000000000000001,0.0
5779,0.0002722740173339844,0.009000000000000001,0.0
5780,0.0002999305725097656,0.009000000000000001,0.0
5781,0.0003371238708496094,0.009000000000000001,0.0
5782,0.0004470348358154297,0.009000000000000001,0.0
5783,0.0002002716064453125,0.009000000000000001,0.0
5784,0.00038242340087890625,0.009000000000000001,0.0
5785,0.0002086162567138672,0.009000000000000001,0.0
5786,0.0003972053527832031,0.009000000000000001,0.0
5787,0.0008900165557861328,0.009000000000000001,0.4
5788,0.0002982616424560547,0.009000000000000001,0.4
5789,0.0008733272552490234,0.006,0.4
5790,0.0003745555877685547,0.004,0.4
5791,0.0005691051483154297,0.004,0.4
5792,0.00046372413635253906,0.004,0.4
5793,0.00030350685119628906,0.004,0.4
5794,0.0002231597900390625,0.004,0.4
5795,0.00048279762268066406,0.004,0.4
5796,0.00042700767517089844,0.004,0.4
5797,0.0005528926849365234,0.002,0.0
5798,0.0002770423889160156,0.0,0.0
5799,0.0004391670227050781,0.0,0.0
5800,0.0005147457122802734,0.0,0.0
5801,0.0005819797515869141,0.0,0.0
5802,0.0005083084106445312,0.0,0.0
5803,0.0004763603210449219,0.0,0.0
5804,0.0014641284942626953,0.0,0.0
5805,0.0017118453979492188,0.0,0.0
5806,0.0005633831024169922,0.0,0.0
5807,0.0014867782592773438,0.0,0.0
5808,0.0016751289367675781,0.0,0.0
5809,0.0007016658782958984,0.0,0.0
5810,0.0014181137084960938,0.0,0.0
5811,0.0006535053253173828,0.0,0.0
5812,0.0012798309326171875,0.0,0.0
5813,0.0006906986236572266,0.0,0.0
5814,0.0015888214111328125,0.0,0.0
5815,0.0007586479187011719,0.0,0.0
5816,0.001428842544555664,0.0,0.0
5817,0.0007479190826416016,0.0,0.0
5818,0.001856088638305664,0.0,0.0
5819,0.0013895034790039062,0.0,0.0
5820,0.0006988048553466797,0.0,0.0
5821,0.001569509506225586,0.0,0.0
5822,0.0002932548522949219,0.0,0.0
5823,0.0005841255187988281,0.0,0.0
5824,0.00028133392333984375,0.0,0.0
5825,0.00041961669921875,0.0,0.0
5826,0.0003101825714111328,0.0,0.0
5827,0.00042557716369628906,0.0,0.0
5828,0.0003261566162109375,0.0,0.0
5829,0.00021386146545410156,0.0,0.0
5830,0.00018262863159179688,0.0,0.0
5831,0.0002956390380859375,0.0,0.0
5832,0.000148773193359375,0.0,0.0
5833,0.00017333030700683594,0.0,0.0
5834,0.00019598007202148438,0.0,0.0
5835,0.0003476142883300781,0.0,0.0
5836,0.0001666545867919922,0.0,0.0
5837,0.0001575946807861328,0.0,0.0
5838,0.00014781951904296875,0.0,0.0
5839,0.0001862049102783203,0.0,0.0
5840,0.00015282630920410156,0.0,0.0
5841,0.00019288063049316406,0.0,0.0
5842,0.00018286705017089844,0.0,0.0
5843,0.00037407875061035156,0.0,0.0
5844,0.00035381317138671875,0.0,0.0
5845,0.00028824806213378906,0.0,0.0
5846,0.00023412704467773438,0.0,0.0
5847,0.0004425048828125,0.0,0.0
5848,0.00030994415283203125,0.0,0.0
5849,0.00042939186096191406,0.0,0.0
5850,0.0004010200500488281,0.0,0.0
5851,0.00030732154846191406,0.0,0.0
5852,0.0003752708435058594,0.0,0.0
5853,0.0003376007080078125,0.0,0.0
5854,0.0006327629089355469,0.0,0.0
5855,0.00015735626220703125,0.0,0.0
5856,0.00015091896057128906,0.0,0.0
5857,0.0001544952392578125,0.0,0.0
5858,0.00029397010803222656,0.0,0.0
5859,0.00018358230590820312,0.0,0.0
5860,0.00019812583923339844,0.0,0.0
5861,0.00019049644470214844,0.0,0.0
5862,0.00019979476928710938,0.0,0.0
5863,0.00015783309936523438,0.0,0.0
5864,0.00015091896057128906,0.0,0.0
5865,0.00027370452880859375,0.0,0.0
5866,0.00017547607421875,0.0,0.0
5867,0.00012254714965820312,0.0,0.0
5868,0.00018286705017089844,0.0,0.0
5869,0.00020384788513183594,0.0,0.0
5870,0.0002942085266113281,0.0,0.0
5871,0.00028395652770996094,0.0,0.0
5872,0.0003142356872558594,0.0,0.0
5873,0.0003159046173095703,0.0,0.0
5874,0.00039505958557128906,0.0,0.0
5875,0.0002148151397705078,0.0,0.0
5876,0.00023746490478515625,0.0,0.0
5877,0.00025463104248046875,0.0,0.0
5878,0.00022935867309570312,0.0,0.0
5879,0.000133514404296875,0.0,0.0
5880,0.0001876354217529297,0.0,0.0
5881,0.00015664100646972656,0.0,0.0
5882,0.00022220611572265625,0.0,0.0
5883,0.0002186298370361328,0.0,0.0
5884,0.00023984909057617188,0.0,0.0
5885,0.00020194053649902344,0.0,0.0
5886,0.0003237724304199219,0.0,0.0
5887,0.00034356117248535156,0.0,0.0
5888,0.00025844573974609375,0.0,0.0
5889,0.0003216266632080078,0.0,0.0
5890,0.0009622573852539062,0.0,0.0
5891,0.0003044605255126953,0.0,0.0
5892,0.0003368854522705078,0.0,0.0
5893,0.00046753883361816406,0.0,0.0
5894,0.0003345012664794922,0.0,0.0
5895,0.0007450580596923828,0.0,0.0
5896,0.0014691352844238281,0.0,0.0
5897,0.0004684925079345703,0.0,0.0
5898,0.0004684925079345703,0.0,0.0
5899,0.0003647804260253906,0.0,0.0
5900,0.00039958953857421875,0.0,0.0
5901,0.00031876564025878906,0.0,0.0
5902,0.00029349327087402344,0.0,0.0
5903,0.00038814544677734375,0.0,0.0
5904,0.0003306865692138672,0.0,0.0
5905,0.0004634857177734375,0.0,0.0
5906,0.00044989585876464844,0.0,0.0
5907,0.0003674030303955078,0.0,0.0
5908,0.00030517578125,0.0,0.0
5909,0.0003783702850341797,0.0,0.0
5910,0.0003387928009033203,0.0,0.0
5911,0.0005614757537841797,0.0,0.0
5912,0.0003516674041748047,0.0,0.0
5913,0.00026988983154296875,0.0,0.0
5914,0.00029659271240234375,0.0,0.0
5915,0.0003254413604736328,0.0,0.0
5916,0.0003361701965332031,0.0,0.0
5917,0.00030875205993652344,0.0,0.0
5918,0.00046181678771972656,0.0,0.0
5919,0.0004303455352783203,0.0,0.0
5920,0.00043392181396484375,0.0,0.0
5921,0.001003265380859375,0.0,0.0
5922,0.0003497600555419922,0.0,0.0
5923,0.0003173351287841797,0.0,0.0
5924,0.0003058910369873047,0.0,0.0
5925,0.000316619873046875,0.0,0.0
5926,0.0008327960968017578,0.0,0.0
5927,0.0003101825714111328,0.0,0.0
5928,0.0004622936248779297,0.0,0.0
5929,0.00044345855712890625,0.0,0.0
5930,0.00031375885009765625,0.0,0.0
5931,0.0003154277801513672,0.0,0.0
5932,0.00110626220703125,0.0,0.0
5933,0.0002009868621826172,0.0,0.0
5934,0.00032329559326171875,0.0,0.0
5935,0.000377655029296875,0.0,0.0
5936,0.000396728515625,0.0,0.0
5937,0.0004379749298095703,0.0,0.0
5938,0.00047206878662109375,0.0,0.0
5939,0.0004169940948486328,0.0,0.0
5940,0.0004341602325439453,0.0,0.0
5941,0.001340627670288086,0.0,0.0
5942,0.0004734992980957031,0.0,0.0
5943,0.0013294219970703125,0.0,0.0
5944,0.0006647109985351562,0.0,0.0
5945,0.0014810562133789062,0.0,0.0
5946,0.000675201416015625,0.0,0.0
5947,0.0010416507720947266,0.0,0.0
5948,0.00047659873962402344,0.0,0.0
5949,0.0003457069396972656,0.0,0.0
5950,0.0004210472106933594,0.0,0.0
5951,0.0004200935363769531,0.0,0.0
5952,0.00040841102600097656,0.0,0.0
5953,0.0004699230194091797,0.0,0.0
5954,0.0004687309265136719,0.0,0.0
5955,0.0004703998565673828,0.0,0.0
5956,0.0006721019744873047,0.0,0.0
5957,0.0005159378051757812,0.0,0.0
5958,0.0006830692291259766,0.0,0.0
5959,0.0007350444793701172,0.0,0.0
5960,0.0005095005035400391,0.0,0.0
5961,0.001802206039428711,0.0,0.0
5962,0.0005724430084228516,0.0,0.0
5963,0.00015020370483398438,0.0,0.0
5964,0.0010170936584472656,0.0,0.0
5965,0.0002968311309814453,0.0,0.0
5966,0.0004706382751464844,0.0,0.0
5967,0.00036525726318359375,0.0,0.0
5968,0.0017960071563720703,0.0,0.0
5969,0.0005595684051513672,0.0,0.0
5970,0.0003380775451660156,0.0,0.0
5971,0.00045871734619140625,0.0,0.0
5972,0.00041937828063964844,0.0,0.0
5973,0.0004363059997558594,0.0,0.0
5974,0.0004336833953857422,0.0,0.0
5975,0.00042128562927246094,0.0,0.0
5976,0.0004177093505859375,0.0,0.0
5977,0.00042438507080078125,0.0,0.0
5978,0.0004246234893798828,0.0,0.0
5979,0.0004115104675292969,0.0,0.0
5980,0.00048422813415527344,0.0,0.0
5981,0.0004303455352783203,0.0,0.0
5982,0.0005548000335693359,0.0,0.0
5983,0.0004754066467285156,0.0,0.0
5984,0.00041961669921875,0.0,0.0
5985,0.0004191398620605469,0.0,0.0
5986,0.00044035911560058594,0.0,0.0
5987,0.0004355907440185547,0.0,0.0
5988,0.00042891502380371094,0.0,0.0
5989,0.0004367828369140625,0.0,0.0
5990,0.000415802001953125,0.0,0.0
5991,0.00041961669921875,0.0,0.0
5992,0.00043582916259765625,0.0,0.0
5993,0.0004317760467529297,0.0,0.0
5994,0.0005691051483154297,0.0,0.0
5995,0.00047135353088378906,0.0,0.0
5996,0.0004622936248779297,0.0,0.0
5997,0.00044035911560058594,0.0,0.0
5998,0.0004973411560058594,0.0,0.0
5999,0.0004241466522216797,0.0,0.0
6000,0.0004355907440185547,0.0,0.0
6001,0.00041961669921875,0.0,0.0
6002,0.0004298686981201172,0.0,0.0
6003,0.0004298686981201172,0.0,0.0
6004,0.0005719661712646484,0.0,0.0
6005,0.0004420280456542969,0.0,0.0
6006,0.00045990943908691406,0.0,0.0
6007,0.0004737377166748047,0.0,0.0
6008,0.00046515464782714844,0.0,0.0
6009,0.00046825408935546875,0.0,0.0
6010,0.0004811286926269531,0.0,0.0
6011,0.0003681182861328125,0.0,0.0
6012,0.00045680999755859375,0.0,0.0
6013,0.0005059242248535156,0.0,0.0
6014,0.0004634857177734375,0.0,0.0
6015,0.00021195411682128906,0.0,0.0
6016,0.0004699230194091797,0.0,0.0
6017,0.0004832744598388672,0.0,0.0
6018,0.00027632713317871094,0.0,0.0
6019,0.0004975795745849609,0.0,0.0
6020,0.0004620552062988281,0.0,0.0
6021,0.0005185604095458984,0.0,0.0
6022,0.0005915164947509766,0.0,0.0
6023,0.0004451274871826172,0.0,0.0
6024,0.0005297660827636719,0.0,0.0
6025,0.0004665851593017578,0.0,0.0
6026,0.00043964385986328125,0.0,0.0
6027,0.0004329681396484375,0.0,0.0
6028,0.000423431396484375,0.0,0.0
6029,0.0002789497375488281,0.0,0.0
6030,0.0002846717834472656,0.0,0.0
6031,0.0002853870391845703,0.0,0.0
6032,0.00036025047302246094,0.0,0.0
6033,0.0003638267517089844,0.0,0.0
6034,0.0002624988555908203,0.0,0.0
6035,0.0003154277801513672,0.0,0.0
6036,0.00044918060302734375,0.0,0.0
6037,0.00042629241943359375,0.0,0.0
6038,0.0003654956817626953,0.0,0.0
6039,0.0005371570587158203,0.0,0.0
6040,0.0004508495330810547,0.0,0.0
6041,0.0004832744598388672,0.0,0.0
6042,0.00046443939208984375,0.0,0.0
6043,0.0004646778106689453,0.0,0.0
6044,0.0004892349243164062,0.0,0.0
6045,0.00046706199645996094,0.0,0.0
6046,0.00046706199645996094,0.0,0.0
6047,0.0004801750183105469,0.0,0.0
6048,0.0005137920379638672,0.0,0.0
6049,0.0004487037658691406,0.0,0.0
6050,0.0004343986511230469,0.0,0.0
6051,0.00042510032653808594,0.0,0.0
6052,0.00041985511779785156,0.0,0.0
6053,0.0004229545593261719,0.0,0.0
6054,0.00044536590576171875,0.0,0.0
6055,0.00047516822814941406,0.0,0.0
6056,0.000431060791015625,0.0,0.0
6057,0.0004467964172363281,0.0,0.0
6058,0.00044608116149902344,0.0,0.0
6059,0.00033402442932128906,0.0,0.0
6060,0.0004572868347167969,0.0,0.0
6061,0.0004930496215820312,0.0,0.0
6062,0.0004534721374511719,0.0,0.0
6063,0.0004260540008544922,0.0,0.0
6064,0.0004284381866455078,0.0,0.0
6065,0.0004296302795410156,0.0,0.0
6066,0.0004220008850097656,0.0,0.0
6067,0.0004227161407470703,0.0,0.0
6068,0.000476837158203125,0.0,0.0
6069,0.00041604042053222656,0.0,0.0
6070,0.00034356117248535156,0.0,0.0
6071,0.0004711151123046875,0.0,0.0
6072,0.0004382133483886719,0.0,0.0
6073,0.000431060791015625,0.0,0.0
6074,0.00042629241943359375,0.0,0.0
6075,0.00041747093200683594,0.0,0.0
6076,0.0004608631134033203,0.0,0.0
6077,0.00041103363037109375,0.0,0.0
6078,0.00041675567626953125,0.0,0.0
6079,0.0004131793975830078,0.0,0.0
6080,0.00041365623474121094,0.0,0.0
6081,0.000415802001953125,0.0,0.0
6082,0.0004458427429199219,0.0,0.0
6083,0.0006053447723388672,0.0,0.0
6084,0.001173257827758789,0.0,0.0
6085,0.0005047321319580078,0.0,0.0
6086,0.0013494491577148438,0.0,0.0
6087,0.0005390644073486328,0.0,0.0
6088,0.0007059574127197266,0.0,0.0
6089,0.0003173351287841797,0.0,0.0
6090,0.0004382133483886719,0.0,0.0
6091,0.0004458427429199219,0.0,0.0
6092,0.0004296302795410156,0.0,0.0
6093,0.00047850608825683594,0.0,0.0
6094,0.0004200935363769531,0.0,0.0
6095,0.00043129920959472656,0.0,0.0
6096,0.0004265308380126953,0.0,0.0
6097,0.0008144378662109375,0.0,0.0
6098,0.0010099411010742188,0.0,0.0
6099,0.0004837512969970703,0.0,0.0
6100,0.0016715526580810547,0.0,0.0
6101,0.0004868507385253906,0.0,0.0
6102,0.0005204677581787109,0.0,0.0
6103,0.0004813671112060547,0.0,0.0
6104,0.0005483627319335938,0.0,0.0
6105,0.00033020973205566406,0.0,0.0
6106,0.00047588348388671875,0.0,0.0
6107,0.0005505084991455078,0.0,0.0
6108,0.0013108253479003906,0.0,0.0
6109,0.0003581047058105469,0.0,0.0
6110,0.0009520053863525391,0.0,0.0
6111,0.0001583099365234375,0.0,0.0
6112,0.001071929931640625,0.0,0.0
6113,0.0003495216369628906,0.0,0.0
6114,0.0003762245178222656,0.0,0.0
6115,0.0004627704620361328,0.0,0.0
6116,0.0004658699035644531,0.0,0.0
6117,0.0006341934204101562,0.0,0.0
6118,0.0012760162353515625,0.0,0.0
