,Latency,PWM Value,Angle
0,0.0,0.0,0.0
1,0.0007045269012451172,0.0,0.0
2,0.0005769729614257812,0.0,0.0
3,0.0005316734313964844,0.0,0.0
4,0.0005102157592773438,0.0,0.0
5,0.001922607421875,0.0,0.0
6,0.0005047321319580078,0.0,0.0
7,0.002216339111328125,0.0,0.0
8,0.0007932186126708984,0.0,0.0
9,0.0004971027374267578,0.0,0.0
10,0.00044846534729003906,0.0,0.0
11,0.0017840862274169922,0.0,0.0
12,0.0021393299102783203,0.0,0.0
13,0.0017812252044677734,0.0,0.0
14,0.0010483264923095703,0.0,0.0
15,0.0016870498657226562,0.0,0.0
16,0.0006797313690185547,0.0,0.0
17,0.0014646053314208984,0.0,0.0
18,0.0005948543548583984,0.0,0.0
19,0.002365589141845703,0.0,0.0
20,0.0015642642974853516,0.0,0.0
21,0.0006237030029296875,0.0,0.0
22,0.001994609832763672,0.0,0.0
23,0.0006036758422851562,0.0,0.0
24,0.0022351741790771484,0.0,0.0
25,0.000621795654296875,0.0,0.0
26,0.001630544662475586,0.0,0.0
27,0.0008425712585449219,0.0,0.0
28,0.0014827251434326172,0.0,0.0
29,0.0006282329559326172,0.0,0.0
30,0.0023186206817626953,0.0,0.0
31,0.001615285873413086,0.0,0.0
32,0.0014777183532714844,0.0,0.0
33,0.0020322799682617188,0.0,0.0
34,0.0019767284393310547,0.0,0.0
35,0.0020499229431152344,0.0,0.0
36,0.002031564712524414,0.0,0.0
37,0.0020966529846191406,0.0,0.0
38,0.002443552017211914,0.0,0.0
39,0.0004932880401611328,0.0,0.0
40,0.0011518001556396484,0.0,0.0
41,0.0021848678588867188,0.0,0.0
42,0.0019011497497558594,0.0,0.0
43,0.002020120620727539,0.0,0.0
44,0.0022051334381103516,0.0,0.0
45,0.0008184909820556641,0.0,0.0
46,0.002362966537475586,0.0,0.0
47,0.0018262863159179688,0.0,0.0
48,0.0020699501037597656,0.0,0.0
49,0.0021538734436035156,0.0,0.0
50,0.0020728111267089844,0.0,0.0
51,0.0008003711700439453,0.0,0.0
52,0.002147674560546875,0.0,0.0
53,0.0022089481353759766,0.0,0.0
54,0.0006272792816162109,0.0,0.0
55,0.001998424530029297,0.0,0.0
56,0.0006382465362548828,0.0,0.0
57,0.002508878707885742,0.0,0.0
58,0.0006041526794433594,0.0,0.0
59,0.0015609264373779297,0.0,0.0
60,0.0005936622619628906,0.0,0.0
61,0.0018260478973388672,0.0,0.0
62,0.0013339519500732422,0.0,0.0
63,0.002279043197631836,0.0,0.0
64,0.002069234848022461,0.0,0.0
65,0.000675201416015625,0.0,0.0
66,0.0022454261779785156,0.0,0.0
67,0.0007572174072265625,0.0,0.0
68,0.0019156932830810547,0.0,0.0
69,0.0005741119384765625,0.0,0.0
70,0.003057718276977539,0.0,0.0
71,0.002216339111328125,0.0,0.0
72,0.0010395050048828125,0.0,0.0
73,0.0014634132385253906,0.0,0.0
74,0.0008423328399658203,0.0,0.0
75,0.0013985633850097656,0.0,0.0
76,0.0007154941558837891,0.0,0.0
77,0.0016188621520996094,0.0,0.0
78,0.0006384849548339844,0.0,0.0
79,0.0020284652709960938,0.0,0.0
80,0.0006163120269775391,0.0,0.0
81,0.0021085739135742188,0.0,0.0
82,0.0007708072662353516,0.0,0.0
83,0.0020494461059570312,0.0,0.0
84,0.0006461143493652344,0.0,0.0
85,0.0028641223907470703,0.0,0.0
86,0.0008847713470458984,0.0,0.0
87,0.0019571781158447266,0.0,0.0
88,0.0006282329559326172,0.0,0.0
89,0.002241373062133789,0.0,0.0
90,0.00217437744140625,0.0,0.0
91,0.001981019973754883,0.0,0.0
92,0.00188446044921875,0.0,0.0
93,0.0018296241760253906,0.0,0.0
94,0.0006737709045410156,0.0,0.0
95,0.002374887466430664,0.0,0.0
96,0.002087116241455078,0.0,0.0
97,0.0012502670288085938,0.0,0.0
98,0.0019047260284423828,0.0,0.0
99,0.0008323192596435547,0.0,0.0
100,0.0006244182586669922,0.0,0.0
101,0.002234220504760742,0.0,0.0
102,0.0016303062438964844,0.0,0.0
103,0.0007266998291015625,0.0,0.0
104,0.002088308334350586,0.0,0.0
105,0.001963376998901367,0.0,0.0
106,0.001987934112548828,0.0,0.0
107,0.000728607177734375,0.0,0.0
108,0.0021047592163085938,0.0,0.0
109,0.002123594284057617,0.0,0.0
110,0.0006973743438720703,0.0,0.0
111,0.0016205310821533203,0.0,0.0
112,0.0006310939788818359,0.0,0.0
113,0.0021750926971435547,0.0,0.0
114,0.0014581680297851562,0.0,0.0
115,0.0020704269409179688,0.0,0.0
116,0.0020456314086914062,0.0,0.0
117,0.0020563602447509766,0.0,0.0
118,0.0007388591766357422,0.0,0.0
119,0.002048969268798828,0.0,0.0
120,0.0006148815155029297,0.0,0.0
121,0.0020821094512939453,0.0,0.0
122,0.0016961097717285156,0.0,0.0
123,0.0006113052368164062,0.0,0.0
124,0.0023195743560791016,0.0,0.0
125,0.0005896091461181641,0.0,0.0
126,0.002321958541870117,0.0,0.0
127,0.0005807876586914062,0.0,0.0
128,0.0018906593322753906,0.0,0.0
129,0.0012309551239013672,0.0,0.0
130,0.0017344951629638672,0.0,0.0
131,0.0014019012451171875,0.0,0.0
132,0.0020279884338378906,0.0,0.0
133,0.0010592937469482422,0.0,0.0
134,0.0021123886108398438,0.0,0.0
135,0.0007760524749755859,0.002,0.0
136,0.0017507076263427734,0.002,0.0
137,0.0016794204711914062,0.002,0.0
138,0.0018205642700195312,0.002,0.0
139,0.0020112991333007812,0.002,0.0
140,0.0019078254699707031,0.004,0.0
141,0.001940011978149414,0.004,0.0
142,0.0009462833404541016,0.009000000000000001,0.0
143,0.0017168521881103516,0.009000000000000001,0.0
144,0.0017168521881103516,0.011000000000000001,0.0
145,0.001932382583618164,0.011000000000000001,0.0
146,0.0018649101257324219,0.011000000000000001,0.0
147,0.0019681453704833984,0.011000000000000001,0.0
148,0.0024237632751464844,0.013000000000000001,0.0
149,0.0007874965667724609,0.015,0.0
150,0.001657724380493164,0.015,0.0
151,0.002093791961669922,0.015,0.0
152,0.0006921291351318359,0.015,0.0
153,0.002026081085205078,0.015,0.0
154,0.0006260871887207031,0.015,0.0
155,0.0023200511932373047,0.015,0.0
156,0.0019719600677490234,0.017,0.0
157,0.002249002456665039,0.017,0.0
158,0.001898050308227539,0.017,0.0
159,0.0010292530059814453,0.017,0.0
160,0.0012180805206298828,0.019,0.0
161,0.0014348030090332031,0.019,0.0
162,0.0019516944885253906,0.019,0.0
163,0.00080108642578125,0.019,0.0
164,0.0017845630645751953,0.019,0.0
165,0.0018689632415771484,0.022000000000000002,0.0
166,0.0019335746765136719,0.022000000000000002,0.0
167,0.0007698535919189453,0.022000000000000002,0.0
168,0.002140522003173828,0.022000000000000002,0.0
169,0.000682830810546875,0.022000000000000002,0.0
170,0.0018754005432128906,0.022000000000000002,0.0
171,0.0006592273712158203,0.022000000000000002,0.0
172,0.0016989707946777344,0.022000000000000002,0.0
173,0.0006089210510253906,0.022000000000000002,0.0
174,0.002019643783569336,0.022000000000000002,0.0
175,0.0005705356597900391,0.022000000000000002,0.0
176,0.0017385482788085938,0.022000000000000002,0.0
177,0.0006344318389892578,0.022000000000000002,0.0
178,0.001969575881958008,0.022000000000000002,0.0
179,0.0005586147308349609,0.022000000000000002,0.0
180,0.001589059829711914,0.024,0.0
181,0.0005474090576171875,0.024,0.0
182,0.001619577407836914,0.024,0.0
183,0.0021181106567382812,0.024,0.0
184,0.0005853176116943359,0.026000000000000002,0.0
185,0.0015904903411865234,0.027999999999999997,0.0
186,0.0006275177001953125,0.027999999999999997,0.0
187,0.0022864341735839844,0.027999999999999997,0.0
188,0.0006067752838134766,0.027999999999999997,0.0
189,0.00201416015625,0.027999999999999997,0.0
190,0.0007102489471435547,0.03,0.0
191,0.002349376678466797,0.03,0.0
192,0.0018584728240966797,0.03,0.0
193,0.0013179779052734375,0.03,0.0
194,0.0015635490417480469,0.03,0.0
195,0.0007867813110351562,0.03,0.0
196,0.0020453929901123047,0.032,0.0
197,0.0018503665924072266,0.032,0.0
198,0.0016264915466308594,0.032,0.0
199,0.0018246173858642578,0.032,0.0
200,0.002318859100341797,0.032,0.0
201,0.0022313594818115234,0.032,0.0
202,0.002256155014038086,0.032,0.4
203,0.0009069442749023438,0.032,0.4
204,0.0020182132720947266,0.034,0.4
205,0.0009326934814453125,0.034,0.4
206,0.0015151500701904297,0.034,0.4
207,0.0007097721099853516,0.034,0.4
208,0.0016529560089111328,0.034,0.8
209,0.0006117820739746094,0.037000000000000005,0.8
210,0.0018792152404785156,0.037000000000000005,0.8
211,0.0006055831909179688,0.037000000000000005,1.2000000000000002
212,0.0019898414611816406,0.037000000000000005,1.2000000000000002
213,0.0019097328186035156,0.039,1.6
214,0.0006935596466064453,0.039,1.6
215,0.0016872882843017578,0.039,2.0
216,0.001950979232788086,0.039,2.0
217,0.0018372535705566406,0.039,2.4000000000000004
218,0.0023114681243896484,0.039,2.8000000000000003
219,0.0011696815490722656,0.040999999999999995,2.8000000000000003
220,0.001918792724609375,0.040999999999999995,3.2
221,0.0013883113861083984,0.043,3.2
222,0.0021131038665771484,0.043,3.6
223,0.0010292530059814453,0.043,4.0
224,0.00168609619140625,0.043,4.0
225,0.0006849765777587891,0.045,4.4
226,0.001661062240600586,0.045,4.4
227,0.0008256435394287109,0.047,4.800000000000001
228,0.002134561538696289,0.047,5.2
229,0.0005908012390136719,0.047,5.2
230,0.0023310184478759766,0.047,5.6000000000000005
231,0.0005571842193603516,0.047,5.6000000000000005
232,0.002340555191040039,0.047,6.0
233,0.0005877017974853516,0.047,6.0
234,0.0022056102752685547,0.05,6.4
235,0.0006897449493408203,0.052000000000000005,6.4
236,0.001705169677734375,0.052000000000000005,6.4
237,0.0016582012176513672,0.052000000000000005,6.800000000000001
238,0.0006055831909179688,0.052000000000000005,6.800000000000001
239,0.0015230178833007812,0.054000000000000006,6.800000000000001
240,0.001961946487426758,0.06,7.2
241,0.00063323974609375,0.06,7.2
242,0.001710653305053711,0.065,7.2
243,0.0015211105346679688,0.065,7.2
244,0.0015020370483398438,0.067,7.2
245,0.0006747245788574219,0.067,7.6000000000000005
246,0.002689838409423828,0.067,7.6000000000000005
247,0.0013604164123535156,0.069,7.6000000000000005
248,0.0008096694946289062,0.071,7.6000000000000005
249,0.001636505126953125,0.071,7.6000000000000005
250,0.001247406005859375,0.071,7.6000000000000005
251,0.001653432846069336,0.071,7.6000000000000005
252,0.0018763542175292969,0.071,7.6000000000000005
253,0.001834869384765625,0.071,7.6000000000000005
254,0.002124309539794922,0.073,7.6000000000000005
255,0.0016438961029052734,0.073,7.6000000000000005
256,0.0019028186798095703,0.075,8.0
257,0.0018503665924072266,0.075,8.0
258,0.0012476444244384766,0.08,8.0
259,0.001990079879760742,0.08199999999999999,8.0
260,0.0014481544494628906,0.08199999999999999,8.4
261,0.0019292831420898438,0.08199999999999999,8.4
262,0.0015289783477783203,0.08199999999999999,8.4
263,0.001895904541015625,0.084,8.4
264,0.0008392333984375,0.084,8.8
265,0.001931905746459961,0.084,8.8
266,0.0011780261993408203,0.08800000000000001,9.200000000000001
267,0.0017628669738769531,0.08800000000000001,9.200000000000001
268,0.0009062290191650391,0.08800000000000001,9.600000000000001
269,0.0020563602447509766,0.08800000000000001,9.600000000000001
270,0.0006759166717529297,0.091,10.0
271,0.002409219741821289,0.091,10.0
272,0.0005819797515869141,0.091,10.4
273,0.0023865699768066406,0.09300000000000001,10.8
274,0.0005695819854736328,0.09300000000000001,11.200000000000001
275,0.0022530555725097656,0.09300000000000001,11.200000000000001
276,0.0005853176116943359,0.09300000000000001,11.600000000000001
277,0.002052783966064453,0.09300000000000001,12.0
278,0.0005750656127929688,0.095,12.4
279,0.00203704833984375,0.095,12.4
280,0.0006093978881835938,0.095,12.8
281,0.0023767948150634766,0.095,13.200000000000001
282,0.0005614757537841797,0.099,13.600000000000001
283,0.0020241737365722656,0.099,14.0
284,0.0006031990051269531,0.099,14.0
285,0.0018687248229980469,0.099,14.4
286,0.0019655227661132812,0.10099999999999999,14.8
287,0.0008778572082519531,0.10099999999999999,15.200000000000001
288,0.0024106502532958984,0.10099999999999999,15.200000000000001
289,0.002026796340942383,0.10099999999999999,15.600000000000001
290,0.002026796340942383,0.10099999999999999,15.600000000000001
291,0.0023987293243408203,0.10099999999999999,16.0
292,0.0008831024169921875,0.10099999999999999,16.400000000000002
293,0.0018322467803955078,0.10300000000000001,16.400000000000002
294,0.0006024837493896484,0.10300000000000001,16.8
295,0.002484560012817383,0.10300000000000001,16.8
296,0.001932382583618164,0.106,17.2
297,0.001678466796875,0.106,17.2
298,0.0019326210021972656,0.106,17.6
299,0.0023086071014404297,0.10800000000000001,17.6
300,0.0021142959594726562,0.10800000000000001,18.0
301,0.002143383026123047,0.10800000000000001,18.0
302,0.0008690357208251953,0.10800000000000001,18.0
303,0.0019571781158447266,0.11,18.0
304,0.0017294883728027344,0.11,18.0
305,0.0015451908111572266,0.11,18.0
306,0.0020837783813476562,0.11,18.0
307,0.0020165443420410156,0.11,18.0
308,0.0018324851989746094,0.11,18.0
309,0.0007250308990478516,0.11,18.0
310,0.0022809505462646484,0.11199999999999999,18.0
311,0.0006055831909179688,0.11199999999999999,18.0
312,0.0014994144439697266,0.11199999999999999,18.0
313,0.002150297164916992,0.11199999999999999,18.0
314,0.0006957054138183594,0.114,17.6
315,0.0017695426940917969,0.114,17.6
316,0.0018641948699951172,0.114,17.6
317,0.0020661354064941406,0.11599999999999999,17.6
318,0.001931905746459961,0.11599999999999999,17.2
319,0.0006930828094482422,0.11599999999999999,17.2
320,0.0016057491302490234,0.11599999999999999,17.2
321,0.0006103515625,0.11900000000000001,17.2
322,0.0020647048950195312,0.11900000000000001,16.8
323,0.0006067752838134766,0.11900000000000001,16.8
324,0.0019533634185791016,0.12300000000000001,16.8
325,0.0005710124969482422,0.12300000000000001,16.8
326,0.0024182796478271484,0.12300000000000001,16.8
327,0.0006539821624755859,0.12300000000000001,16.8
328,0.0019354820251464844,0.125,16.8
329,0.0006237030029296875,0.125,16.8
330,0.0025544166564941406,0.127,16.8
331,0.0005929470062255859,0.127,16.8
332,0.001739501953125,0.127,16.8
333,0.0005638599395751953,0.129,16.8
334,0.0021092891693115234,0.129,16.8
335,0.0023593902587890625,0.129,17.2
336,0.0005908012390136719,0.134,17.2
337,0.0014081001281738281,0.136,17.2
338,0.0005939006805419922,0.138,17.6
339,0.0020058155059814453,0.14,17.6
340,0.0018584728240966797,0.14,18.0
341,0.0006363391876220703,0.14,18.400000000000002
342,0.0023453235626220703,0.14,18.400000000000002
343,0.0019123554229736328,0.142,18.8
344,0.0005733966827392578,0.14400000000000002,19.200000000000003
345,0.0022826194763183594,0.14400000000000002,19.6
346,0.0006525516510009766,0.147,20.0
347,0.0019345283508300781,0.147,20.400000000000002
348,0.001924276351928711,0.149,20.8
349,0.0005908012390136719,0.151,21.200000000000003
350,0.0023145675659179688,0.151,21.6
351,0.0016393661499023438,0.153,22.0
352,0.0017764568328857422,0.155,22.400000000000002
353,0.0022804737091064453,0.155,22.8
354,0.0006296634674072266,0.155,23.200000000000003
355,0.0021698474884033203,0.155,24.0
356,0.0018525123596191406,0.155,24.400000000000002
357,0.0022847652435302734,0.155,24.8
358,0.0017163753509521484,0.155,25.6
359,0.00063323974609375,0.155,26.0
360,0.002597332000732422,0.155,26.400000000000002
361,0.0006325244903564453,0.155,27.200000000000003
362,0.002284526824951172,0.155,27.6
363,0.0006582736968994141,0.155,28.0
364,0.0026102066040039062,0.155,28.8
365,0.0005612373352050781,0.155,29.200000000000003
366,0.001978635787963867,0.155,29.6
367,0.0007479190826416016,0.157,30.400000000000002
368,0.0006530284881591797,0.159,30.8
369,0.0012960433959960938,0.159,31.200000000000003
370,0.0016033649444580078,0.162,31.6
371,0.0010418891906738281,0.162,32.0
372,0.0015027523040771484,0.16399999999999998,32.4
373,0.0006411075592041016,0.16399999999999998,32.4
374,0.0022182464599609375,0.166,32.800000000000004
375,0.0006704330444335938,0.166,33.2
376,0.0018544197082519531,0.168,33.2
377,0.0006635189056396484,0.168,33.6
378,0.0025904178619384766,0.168,33.6
379,0.0006182193756103516,0.17,33.6
380,0.0020182132720947266,0.17,33.6
381,0.0005891323089599609,0.172,34.0
382,0.0022208690643310547,0.172,34.0
383,0.0005741119384765625,0.177,34.0
384,0.002088308334350586,0.177,34.0
385,0.0006289482116699219,0.177,34.0
386,0.0017516613006591797,0.179,34.0
387,0.0015690326690673828,0.183,33.6
388,0.0006613731384277344,0.183,33.6
389,0.0019698143005371094,0.183,33.6
390,0.0006170272827148438,0.183,33.6
391,0.002216815948486328,0.185,33.6
392,0.0021724700927734375,0.185,33.2
393,0.0006549358367919922,0.185,33.2
394,0.0018892288208007812,0.185,33.2
395,0.0006134510040283203,0.185,33.2
396,0.0020308494567871094,0.185,33.2
397,0.0013854503631591797,0.185,33.2
398,0.0007688999176025391,0.185,33.2
399,0.002084493637084961,0.185,33.2
400,0.0006589889526367188,0.185,33.6
401,0.0017077922821044922,0.185,33.6
402,0.0006761550903320312,0.185,33.6
403,0.002525806427001953,0.185,33.6
404,0.0016467571258544922,0.185,34.0
405,0.001661062240600586,0.185,34.0
406,0.0022003650665283203,0.185,34.0
407,0.0022270679473876953,0.185,34.4
408,0.0020384788513183594,0.188,34.4
409,0.000705718994140625,0.19,34.800000000000004
410,0.0019483566284179688,0.192,34.800000000000004
411,0.000667572021484375,0.19399999999999998,35.2
412,0.002048492431640625,0.196,35.2
413,0.001711130142211914,0.2,35.6
414,0.0018877983093261719,0.2,36.0
415,0.0018987655639648438,0.2,36.0
416,0.0007603168487548828,0.2,36.4
417,0.002369403839111328,0.2,36.800000000000004
418,0.0006859302520751953,0.2,36.800000000000004
419,0.001977205276489258,0.2,37.2
420,0.0006380081176757812,0.203,37.6
421,0.0023839473724365234,0.203,38.0
422,0.0005838871002197266,0.203,38.400000000000006
423,0.0022804737091064453,0.203,38.800000000000004
424,0.0005204677581787109,0.203,39.2
425,0.0004830360412597656,0.203,39.6
426,0.0023293495178222656,0.205,40.0
427,0.0005698204040527344,0.205,40.400000000000006
428,0.0021386146545410156,0.205,40.800000000000004
429,0.0006172657012939453,0.205,41.2
430,0.002233743667602539,0.209,41.6
431,0.0020639896392822266,0.209,42.400000000000006
432,0.0008974075317382812,0.209,42.800000000000004
433,0.0020914077758789062,0.209,43.2
434,0.0021834373474121094,0.209,43.6
435,0.002061605453491211,0.21100000000000002,44.0
436,0.0006251335144042969,0.21100000000000002,44.400000000000006
437,0.0022897720336914062,0.21100000000000002,44.800000000000004
438,0.0022897720336914062,0.213,44.800000000000004
439,0.0022051334381103516,0.213,45.6
440,0.002008676528930664,0.21600000000000003,46.0
441,0.0005850791931152344,0.21600000000000003,46.400000000000006
442,0.002099275588989258,0.218,46.800000000000004
443,0.0021696090698242188,0.218,47.2
444,0.0020334720611572266,0.218,47.6
445,0.0005781650543212891,0.218,48.0
446,0.002203702926635742,0.218,48.400000000000006
447,0.0009484291076660156,0.218,48.800000000000004
448,0.0019106864929199219,0.22,49.2
449,0.0014495849609375,0.22,49.6
450,0.0006549358367919922,0.22,50.0
451,0.0022737979888916016,0.22,50.400000000000006
452,0.0007846355438232422,0.22,50.800000000000004
453,0.0018734931945800781,0.22,51.2
454,0.0005996227264404297,0.22,51.2
455,0.002087831497192383,0.222,51.6
456,0.0006051063537597656,0.222,52.0
457,0.0005345344543457031,0.222,52.400000000000006
458,0.0023956298828125,0.222,52.800000000000004
459,0.0019855499267578125,0.22399999999999998,52.800000000000004
460,0.002009868621826172,0.22399999999999998,53.2
461,0.0022313594818115234,0.22399999999999998,53.6
462,0.002105712890625,0.226,53.6
463,0.002256631851196289,0.226,54.0
464,0.001882791519165039,0.228,54.0
465,0.0021004676818847656,0.228,54.400000000000006
466,0.002183675765991211,0.228,54.400000000000006
467,0.0018200874328613281,0.228,54.800000000000004
468,0.0007450580596923828,0.228,54.800000000000004
469,0.0015218257904052734,0.228,55.2
470,0.0006780624389648438,0.231,55.2
471,0.0020804405212402344,0.231,55.2
472,0.0006692409515380859,0.231,55.2
473,0.0020623207092285156,0.231,55.6
474,0.0006086826324462891,0.233,55.6
475,0.0016188621520996094,0.233,55.6
476,0.0005838871002197266,0.233,55.6
477,0.002033233642578125,0.233,55.6
478,0.0020513534545898438,0.233,55.6
479,0.0006227493286132812,0.233,56.0
480,0.0018868446350097656,0.233,56.0
481,0.0006020069122314453,0.233,56.0
482,0.002219676971435547,0.233,56.0
483,0.0005984306335449219,0.233,56.0
484,0.0015690326690673828,0.233,56.0
485,0.0005667209625244141,0.233,56.400000000000006
486,0.0019505023956298828,0.233,56.400000000000006
487,0.0006341934204101562,0.233,56.400000000000006
488,0.0025970935821533203,0.233,56.400000000000006
489,0.0019516944885253906,0.233,56.400000000000006
490,0.0006015300750732422,0.233,56.400000000000006
491,0.002042531967163086,0.233,56.800000000000004
492,0.0007762908935546875,0.233,56.800000000000004
493,0.0023300647735595703,0.233,56.800000000000004
494,0.0017900466918945312,0.233,56.800000000000004
495,0.0005908012390136719,0.233,56.800000000000004
496,0.002009868621826172,0.233,56.800000000000004
497,0.0017294883728027344,0.233,57.2
498,0.0018534660339355469,0.233,57.2
499,0.0019996166229248047,0.233,57.2
500,0.0007395744323730469,0.233,57.2
501,0.0021677017211914062,0.233,57.2
502,0.0020189285278320312,0.233,57.2
503,0.0007138252258300781,0.233,57.2
504,0.002151966094970703,0.233,57.2
505,0.0006144046783447266,0.233,57.2
506,0.0015146732330322266,0.233,57.6
507,0.0008363723754882812,0.233,57.6
508,0.0023627281188964844,0.233,57.6
509,0.0009069442749023438,0.233,57.6
510,0.0018970966339111328,0.233,57.6
511,0.0006098747253417969,0.233,57.6
512,0.0024690628051757812,0.233,57.2
513,0.0020427703857421875,0.233,57.2
514,0.0020780563354492188,0.233,57.2
515,0.001954317092895508,0.233,57.2
516,0.002504110336303711,0.233,57.2
517,0.001840353012084961,0.233,57.2
518,0.0007393360137939453,0.233,57.2
519,0.0016047954559326172,0.233,57.2
520,0.0006470680236816406,0.233,57.2
521,0.00240325927734375,0.233,57.2
522,0.0006735324859619141,0.233,56.800000000000004
523,0.0019526481628417969,0.233,56.800000000000004
524,0.0005757808685302734,0.233,56.800000000000004
525,0.001950979232788086,0.233,56.800000000000004
526,0.0005652904510498047,0.233,56.400000000000006
527,0.0020208358764648438,0.233,56.400000000000006
528,0.0005772113800048828,0.233,56.400000000000006
529,0.0020706653594970703,0.233,56.400000000000006
530,0.0006053447723388672,0.235,56.0
531,0.002068758010864258,0.235,56.0
532,0.0006401538848876953,0.235,56.0
533,0.0022728443145751953,0.235,55.6
534,0.0005986690521240234,0.235,55.6
535,0.002194643020629883,0.235,55.6
536,0.002098560333251953,0.235,55.6
537,0.0005857944488525391,0.235,55.2
538,0.0019829273223876953,0.235,55.2
539,0.0005681514739990234,0.235,55.2
540,0.0022165775299072266,0.235,55.2
541,0.0005822181701660156,0.235,54.800000000000004
542,0.0019762516021728516,0.235,54.800000000000004
543,0.0006105899810791016,0.237,54.800000000000004
544,0.002457141876220703,0.237,54.800000000000004
545,0.0009241104125976562,0.237,54.800000000000004
546,0.0021219253540039062,0.237,54.800000000000004
547,0.001766204833984375,0.237,54.800000000000004
548,0.001895904541015625,0.239,54.400000000000006
549,0.0005426406860351562,0.239,54.400000000000006
550,0.00041413307189941406,0.239,54.400000000000006
551,0.0010976791381835938,0.239,54.800000000000004
552,0.001405954360961914,0.239,54.800000000000004
553,0.0009212493896484375,0.239,54.800000000000004
554,0.0008502006530761719,0.239,54.800000000000004
555,0.0025119781494140625,0.239,54.800000000000004
556,0.0006871223449707031,0.239,54.800000000000004
557,0.0018131732940673828,0.239,54.800000000000004
558,0.0008804798126220703,0.239,55.2
559,0.0020558834075927734,0.239,55.2
560,0.0020008087158203125,0.239,55.2
561,0.0006265640258789062,0.239,55.6
562,0.0020339488983154297,0.239,55.6
563,0.0006449222564697266,0.239,55.6
564,0.0015239715576171875,0.239,56.0
565,0.001859426498413086,0.239,56.0
566,0.0006420612335205078,0.239,56.400000000000006
567,0.0022292137145996094,0.239,56.400000000000006
568,0.002053499221801758,0.239,56.800000000000004
569,0.0019431114196777344,0.239,56.800000000000004
570,0.0004987716674804688,0.239,57.2
571,0.0016202926635742188,0.239,57.2
572,0.0008511543273925781,0.239,57.6
573,0.001207113265991211,0.239,57.6
574,0.0005574226379394531,0.239,58.0
575,0.0022933483123779297,0.239,58.0
576,0.0006840229034423828,0.239,58.400000000000006
577,0.0016243457794189453,0.239,58.400000000000006
578,0.0005173683166503906,0.239,58.800000000000004
579,0.0021169185638427734,0.24100000000000002,58.800000000000004
580,0.0006046295166015625,0.24100000000000002,58.800000000000004
581,0.0019860267639160156,0.24100000000000002,59.2
582,0.0019860267639160156,0.24100000000000002,59.2
583,0.001367330551147461,0.24100000000000002,59.2
584,0.0006563663482666016,0.24100000000000002,59.6
585,0.0022478103637695312,0.24100000000000002,59.6
586,0.0019354820251464844,0.24100000000000002,59.6
587,0.0007784366607666016,0.24100000000000002,60.0
588,0.002287149429321289,0.24100000000000002,60.0
589,0.0021245479583740234,0.24100000000000002,60.400000000000006
590,0.000629425048828125,0.244,60.400000000000006
591,0.0022430419921875,0.244,60.800000000000004
592,0.0017931461334228516,0.244,60.800000000000004
593,0.0006775856018066406,0.244,60.800000000000004
594,0.0016295909881591797,0.244,61.2
595,0.0005705356597900391,0.244,61.2
596,0.0019636154174804688,0.244,61.2
597,0.0018172264099121094,0.244,61.6
598,0.0007534027099609375,0.244,61.6
599,0.0022432804107666016,0.244,61.6
600,0.0007297992706298828,0.24600000000000002,62.0
601,0.0022373199462890625,0.24600000000000002,62.0
602,0.0012423992156982422,0.24600000000000002,62.0
603,0.0004849433898925781,0.24600000000000002,62.0
604,0.0022335052490234375,0.24600000000000002,62.400000000000006
605,0.0023996829986572266,0.24600000000000002,62.400000000000006
606,0.000640869140625,0.24600000000000002,62.400000000000006
607,0.002044677734375,0.24600000000000002,62.400000000000006
608,0.0005006790161132812,0.24600000000000002,62.800000000000004
609,0.0022125244140625,0.248,62.800000000000004
610,0.0005791187286376953,0.248,62.800000000000004
611,0.002012014389038086,0.248,62.800000000000004
612,0.0006625652313232422,0.248,62.800000000000004
613,0.002068042755126953,0.248,62.800000000000004
614,0.0007550716400146484,0.248,63.2
615,0.001972675323486328,0.248,63.2
616,0.0018339157104492188,0.248,63.2
617,0.0008616447448730469,0.248,63.2
618,0.0022335052490234375,0.248,63.2
619,0.0006384849548339844,0.248,63.2
620,0.0021414756774902344,0.248,63.2
621,0.0018281936645507812,0.25,63.2
622,0.0019829273223876953,0.25,63.6
623,0.001957416534423828,0.25,63.6
624,0.0020639896392822266,0.25,63.6
625,0.0015575885772705078,0.25,63.6
626,0.002228975296020508,0.25,63.6
627,0.0017671585083007812,0.25,63.6
628,0.0007271766662597656,0.25,63.6
629,0.0020570755004882812,0.25,63.6
630,0.0007023811340332031,0.25,63.6
631,0.002522706985473633,0.25,63.6
632,0.0007863044738769531,0.25,63.6
633,0.002099752426147461,0.25,63.6
634,0.0005929470062255859,0.25,63.6
635,0.0019593238830566406,0.25,63.6
636,0.001451730728149414,0.25,64.0
637,0.0010616779327392578,0.25,64.0
638,0.0019881725311279297,0.25,64.0
639,0.0017571449279785156,0.25,64.0
640,0.0006577968597412109,0.25,64.0
641,0.00250244140625,0.25,64.0
642,0.001775979995727539,0.25,64.0
643,0.0005953311920166016,0.25,64.0
644,0.0019481182098388672,0.25,64.0
645,0.0005767345428466797,0.25,64.0
646,0.0019969940185546875,0.25,64.0
647,0.0018491744995117188,0.25,64.0
648,0.0006885528564453125,0.25,64.0
649,0.0020101070404052734,0.25,64.0
650,0.000629425048828125,0.25,64.4
651,0.001971006393432617,0.25,64.4
652,0.0006849765777587891,0.25,64.4
653,0.0018894672393798828,0.25,64.4
654,0.0015249252319335938,0.25,64.4
655,0.00048160552978515625,0.25,64.4
656,0.0005357265472412109,0.25,64.4
657,0.0001513957977294922,0.25,64.4
658,0.00016236305236816406,0.25,64.4
659,0.0001666545867919922,0.25,64.4
660,0.00016117095947265625,0.25,64.4
661,0.0001747608184814453,0.25,64.4
662,0.00040602684020996094,0.248,64.4
663,0.00045680999755859375,0.24600000000000002,64.4
664,0.00044846534729003906,0.24600000000000002,64.4
665,0.0006439685821533203,0.24600000000000002,64.4
666,0.00048613548278808594,0.24600000000000002,64.4
667,0.0010118484497070312,0.24600000000000002,64.4
668,0.0005481243133544922,0.24600000000000002,64.0
669,0.0022554397583007812,0.24600000000000002,64.0
670,0.0007429122924804688,0.24600000000000002,64.0
671,0.0020880699157714844,0.24600000000000002,64.0
672,0.0015020370483398438,0.24600000000000002,64.0
673,0.0017762184143066406,0.244,64.0
674,0.001825094223022461,0.244,64.0
675,0.0006763935089111328,0.244,63.6
676,0.0022192001342773438,0.244,63.6
677,0.0005059242248535156,0.244,63.6
678,0.0015633106231689453,0.244,63.6
679,0.0008349418640136719,0.244,63.2
680,0.0021495819091796875,0.244,63.2
681,0.0006155967712402344,0.244,63.2
682,0.002001523971557617,0.244,62.800000000000004
683,0.001729726791381836,0.244,62.800000000000004
684,0.0006268024444580078,0.244,62.400000000000006
685,0.0014843940734863281,0.244,62.400000000000006
686,0.0005812644958496094,0.244,62.0
687,0.001934051513671875,0.244,62.0
688,0.000606536865234375,0.244,61.6
689,0.0019407272338867188,0.244,61.6
690,0.0005967617034912109,0.244,61.2
691,0.0020623207092285156,0.244,61.2
692,0.0007326602935791016,0.244,60.800000000000004
693,0.0016350746154785156,0.244,60.800000000000004
694,0.0006313323974609375,0.244,60.400000000000006
695,0.002376079559326172,0.244,60.400000000000006
696,0.0005958080291748047,0.244,60.0
697,0.002000570297241211,0.244,60.0
698,0.0009381771087646484,0.244,59.6
699,0.0023648738861083984,0.244,59.6
700,0.001836538314819336,0.244,59.2
701,0.002268552780151367,0.244,59.2
702,0.002023935317993164,0.244,58.800000000000004
703,0.0006768703460693359,0.244,58.800000000000004
704,0.0015633106231689453,0.244,58.400000000000006
705,0.0006475448608398438,0.244,58.400000000000006
706,0.0023980140686035156,0.244,58.0
707,0.0017497539520263672,0.244,58.0
708,0.0006327629089355469,0.244,58.0
709,0.0023927688598632812,0.244,57.6
710,0.0022575855255126953,0.244,57.6
711,0.0006330013275146484,0.244,57.6
712,0.001957416534423828,0.244,57.6
713,0.0006089210510253906,0.244,57.6
714,0.0019042491912841797,0.244,57.2
715,0.0020971298217773438,0.244,57.2
716,0.0018384456634521484,0.244,57.2
717,0.0016050338745117188,0.244,57.2
718,0.0020360946655273438,0.244,57.2
719,0.0006616115570068359,0.244,57.2
720,0.002043008804321289,0.244,57.2
721,0.0006146430969238281,0.244,57.2
722,0.002415180206298828,0.244,57.2
723,0.0006005764007568359,0.244,57.2
724,0.0020973682403564453,0.244,57.2
725,0.0006043910980224609,0.244,57.2
726,0.0019664764404296875,0.244,57.2
727,0.0019664764404296875,0.244,57.2
728,0.002362489700317383,0.244,57.6
729,0.0005621910095214844,0.244,57.6
730,0.0019893646240234375,0.244,57.6
731,0.002057790756225586,0.244,57.6
732,0.0006062984466552734,0.244,57.6
733,0.002287626266479492,0.244,58.0
734,0.0022592544555664062,0.244,58.0
735,0.0006213188171386719,0.244,58.0
736,0.001993417739868164,0.244,58.400000000000006
737,0.0005409717559814453,0.244,58.400000000000006
738,0.0020835399627685547,0.244,58.400000000000006
739,0.002129793167114258,0.244,58.800000000000004
740,0.0006451606750488281,0.244,58.800000000000004
741,0.0020189285278320312,0.244,58.800000000000004
742,0.0018529891967773438,0.244,59.2
743,0.0006427764892578125,0.24100000000000002,59.2
744,0.0017271041870117188,0.24100000000000002,59.6
745,0.0005755424499511719,0.237,59.6
746,0.0020439624786376953,0.235,59.6
747,0.001834869384765625,0.235,60.0
748,0.0006337165832519531,0.233,60.0
749,0.0018308162689208984,0.233,60.400000000000006
750,0.0019915103912353516,0.233,60.400000000000006
751,0.0008687973022460938,0.233,60.400000000000006
752,0.0020401477813720703,0.233,60.400000000000006
753,0.0018754005432128906,0.231,60.800000000000004
754,0.0006110668182373047,0.231,60.800000000000004
755,0.0024919509887695312,0.231,60.800000000000004
756,0.0008406639099121094,0.231,60.800000000000004
757,0.0022783279418945312,0.231,60.800000000000004
758,0.0006086826324462891,0.231,60.800000000000004
759,0.0017838478088378906,0.231,60.800000000000004
760,0.0006012916564941406,0.231,60.400000000000006
761,0.0022826194763183594,0.231,60.400000000000006
762,0.0006451606750488281,0.231,60.400000000000006
763,0.002156496047973633,0.231,60.0
764,0.001447916030883789,0.231,60.0
765,0.0020265579223632812,0.231,59.6
766,0.002161264419555664,0.231,59.6
767,0.0019714832305908203,0.231,59.2
768,0.0022013187408447266,0.231,58.800000000000004
769,0.0006413459777832031,0.231,58.800000000000004
770,0.0020093917846679688,0.231,58.400000000000006
771,0.0006067752838134766,0.231,58.0
772,0.0021593570709228516,0.231,57.6
773,0.000568389892578125,0.231,57.2
774,0.0019800662994384766,0.231,56.800000000000004
775,0.001986980438232422,0.231,56.400000000000006
776,0.0022623538970947266,0.231,56.0
777,0.0006406307220458984,0.231,55.6
778,0.0013997554779052734,0.231,55.2
779,0.0005817413330078125,0.231,54.800000000000004
780,0.0019974708557128906,0.231,54.400000000000006
781,0.0005788803100585938,0.231,54.0
782,0.0021860599517822266,0.231,53.6
783,0.0017459392547607422,0.231,53.2
784,0.0005872249603271484,0.231,52.800000000000004
785,0.002334117889404297,0.231,52.400000000000006
786,0.0005586147308349609,0.231,52.0
787,0.0021505355834960938,0.231,51.6
788,0.0005559921264648438,0.231,51.2
789,0.002069711685180664,0.231,50.800000000000004
790,0.0018110275268554688,0.231,50.800000000000004
791,0.0005908012390136719,0.231,50.400000000000006
792,0.001634359359741211,0.231,50.0
793,0.0015385150909423828,0.231,49.6
794,0.000629425048828125,0.231,49.6
795,0.0016131401062011719,0.231,49.2
796,0.0006229877471923828,0.231,49.2
797,0.0018849372863769531,0.231,48.800000000000004
798,0.0006616115570068359,0.231,48.800000000000004
799,0.0014405250549316406,0.231,48.400000000000006
800,0.0018033981323242188,0.231,48.400000000000006
801,0.001875162124633789,0.231,48.400000000000006
802,0.001857757568359375,0.231,48.400000000000006
803,0.002162933349609375,0.231,48.400000000000006
804,0.0006971359252929688,0.231,48.400000000000006
805,0.0022153854370117188,0.231,48.400000000000006
806,0.0005748271942138672,0.231,48.400000000000006
807,0.002344369888305664,0.231,48.400000000000006
808,0.0005724430084228516,0.231,48.800000000000004
809,0.001963376998901367,0.231,48.800000000000004
810,0.001981973648071289,0.231,48.800000000000004
811,0.00237274169921875,0.231,49.2
812,0.0020287036895751953,0.231,49.2
813,0.002001047134399414,0.231,49.6
814,0.0006899833679199219,0.231,50.0
815,0.0021524429321289062,0.231,50.0
816,0.0022106170654296875,0.231,50.400000000000006
817,0.0006663799285888672,0.231,50.800000000000004
818,0.0020232200622558594,0.231,50.800000000000004
819,0.0006241798400878906,0.231,51.2
820,0.001955270767211914,0.231,51.6
821,0.0022950172424316406,0.231,52.0
822,0.0020880699157714844,0.231,52.400000000000006
823,0.0022039413452148438,0.231,52.400000000000006
824,0.0006189346313476562,0.231,52.800000000000004
825,0.001987457275390625,0.231,53.2
826,0.0018193721771240234,0.231,53.6
827,0.0006587505340576172,0.231,54.0
828,0.0019643306732177734,0.231,54.400000000000006
829,0.0005710124969482422,0.231,54.800000000000004
830,0.0019488334655761719,0.231,54.800000000000004
831,0.0005457401275634766,0.231,55.2
832,0.0025167465209960938,0.231,55.6
833,0.0005829334259033203,0.231,56.0
834,0.002009868621826172,0.231,56.0
835,0.0005788803100585938,0.231,56.400000000000006
836,0.0025551319122314453,0.231,56.800000000000004
837,0.0005581378936767578,0.231,56.800000000000004
838,0.0016827583312988281,0.231,57.2
839,0.0018062591552734375,0.231,57.2
840,0.0005741119384765625,0.231,57.6
841,0.0023698806762695312,0.231,57.6
842,0.0006082057952880859,0.231,58.0
843,0.002545595169067383,0.231,58.0
844,0.0005977153778076172,0.231,58.0
845,0.001630544662475586,0.231,58.0
846,0.0020008087158203125,0.231,58.400000000000006
847,0.002027273178100586,0.231,58.400000000000006
848,0.0021529197692871094,0.231,58.400000000000006
849,0.0007135868072509766,0.231,58.400000000000006
850,0.002445697784423828,0.231,58.400000000000006
851,0.0006232261657714844,0.231,58.400000000000006
852,0.0022430419921875,0.231,58.400000000000006
853,0.0005457401275634766,0.231,58.400000000000006
854,0.002485990524291992,0.231,58.400000000000006
855,0.0005970001220703125,0.231,58.0
856,0.0015883445739746094,0.231,58.0
857,0.0017366409301757812,0.231,58.0
858,0.0005881786346435547,0.231,58.0
859,0.001504659652709961,0.231,57.6
860,0.0020208358764648438,0.231,57.6
861,0.0006086826324462891,0.231,57.2
862,0.0019075870513916016,0.231,57.2
863,0.002216815948486328,0.231,56.800000000000004
864,0.001901388168334961,0.231,56.800000000000004
865,0.002072572708129883,0.231,56.400000000000006
866,0.0022962093353271484,0.231,56.400000000000006
867,0.0018932819366455078,0.231,56.0
868,0.0009317398071289062,0.231,56.0
869,0.0023720264434814453,0.231,55.6
870,0.0017430782318115234,0.231,55.2
871,0.0007917881011962891,0.231,55.2
872,0.002216339111328125,0.231,54.800000000000004
873,0.002216339111328125,0.231,54.800000000000004
874,0.002145528793334961,0.231,54.800000000000004
875,0.0006189346313476562,0.231,54.400000000000006
876,0.0020570755004882812,0.231,54.0
877,0.002403736114501953,0.231,54.0
878,0.0015816688537597656,0.231,53.6
879,0.0006325244903564453,0.231,53.6
880,0.002180814743041992,0.231,53.2
881,0.0005965232849121094,0.231,53.2
882,0.0015294551849365234,0.231,53.2
883,0.0005886554718017578,0.231,52.800000000000004
884,0.0018889904022216797,0.231,52.800000000000004
885,0.0006253719329833984,0.231,52.800000000000004
886,0.0020322799682617188,0.231,52.400000000000006
887,0.0006422996520996094,0.231,52.400000000000006
888,0.0020685195922851562,0.231,52.400000000000006
889,0.0005521774291992188,0.231,52.400000000000006
890,0.0023658275604248047,0.231,52.400000000000006
891,0.0005598068237304688,0.231,52.400000000000006
892,0.0016429424285888672,0.231,52.400000000000006
893,0.0005774497985839844,0.231,52.400000000000006
894,0.0022695064544677734,0.231,52.400000000000006
895,0.0019729137420654297,0.231,52.800000000000004
896,0.0006129741668701172,0.231,52.800000000000004
897,0.0016264915466308594,0.231,52.800000000000004
898,0.0007517337799072266,0.231,52.800000000000004
899,0.0019445419311523438,0.231,53.2
900,0.0024089813232421875,0.231,53.2
901,0.0006372928619384766,0.231,53.2
902,0.001734018325805664,0.231,53.2
903,0.0018568038940429688,0.231,53.6
904,0.0019261837005615234,0.231,53.6
905,0.0006315708160400391,0.231,54.0
906,0.0019257068634033203,0.231,54.0
907,0.002072572708129883,0.231,54.400000000000006
908,0.0006363391876220703,0.231,54.400000000000006
909,0.0015876293182373047,0.231,54.800000000000004
910,0.0005903244018554688,0.231,54.800000000000004
911,0.0019426345825195312,0.231,55.2
912,0.0019307136535644531,0.231,55.2
913,0.002230405807495117,0.233,55.6
914,0.001966238021850586,0.233,55.6
915,0.0006847381591796875,0.233,56.0
916,0.0018687248229980469,0.233,56.0
917,0.0012996196746826172,0.233,56.400000000000006
918,0.0019927024841308594,0.233,56.400000000000006
919,0.002092123031616211,0.233,56.800000000000004
920,0.001821279525756836,0.233,56.800000000000004
921,0.002915620803833008,0.233,56.800000000000004
922,0.002741575241088867,0.233,57.2
923,0.0008635520935058594,0.233,57.2
924,0.0022156238555908203,0.233,57.6
925,0.0006494522094726562,0.233,57.6
926,0.0023267269134521484,0.233,57.6
927,0.0005991458892822266,0.233,58.0
928,0.0022296905517578125,0.233,58.0
929,0.0019297599792480469,0.233,58.0
930,0.0018146038055419922,0.233,58.400000000000006
931,0.0006318092346191406,0.233,58.400000000000006
932,0.002406597137451172,0.233,58.400000000000006
933,0.000621795654296875,0.233,58.400000000000006
934,0.0015659332275390625,0.233,58.400000000000006
935,0.0006268024444580078,0.233,58.800000000000004
936,0.0005121231079101562,0.233,58.800000000000004
937,0.0006334781646728516,0.233,58.800000000000004
938,0.001968860626220703,0.233,58.800000000000004
939,0.0006539821624755859,0.233,58.800000000000004
940,0.0018811225891113281,0.233,58.800000000000004
941,0.0005705356597900391,0.233,58.800000000000004
942,0.0023508071899414062,0.233,58.800000000000004
943,0.0018031597137451172,0.233,58.800000000000004
944,0.0006191730499267578,0.233,58.800000000000004
945,0.002090930938720703,0.233,58.800000000000004
946,0.0020456314086914062,0.233,58.800000000000004
947,0.0006251335144042969,0.233,58.800000000000004
948,0.0023849010467529297,0.233,58.800000000000004
949,0.0020294189453125,0.233,58.800000000000004
950,0.002184629440307617,0.233,58.800000000000004
951,0.001500844955444336,0.233,58.800000000000004
952,0.0007932186126708984,0.233,58.400000000000006
953,0.002004384994506836,0.231,58.400000000000006
954,0.0006430149078369141,0.231,58.400000000000006
955,0.002058267593383789,0.231,58.400000000000006
956,0.0005860328674316406,0.231,58.0
957,0.002155780792236328,0.231,58.0
958,0.0006172657012939453,0.231,58.0
959,0.0024766921997070312,0.231,58.0
960,0.0006101131439208984,0.231,57.6
961,0.0020761489868164062,0.231,57.6
962,0.0006337165832519531,0.231,57.2
963,0.0017223358154296875,0.231,57.2
964,0.0005815029144287109,0.231,57.2
965,0.002056598663330078,0.231,56.800000000000004
966,0.0021162033081054688,0.231,56.800000000000004
967,0.00211334228515625,0.231,56.400000000000006
968,0.00212860107421875,0.231,56.400000000000006
969,0.0006833076477050781,0.231,56.400000000000006
970,0.0019474029541015625,0.231,56.0
971,0.002106189727783203,0.231,56.0
972,0.0006372928619384766,0.231,55.6
973,0.0019855499267578125,0.231,55.6
974,0.0020596981048583984,0.231,55.6
975,0.0021648406982421875,0.231,55.2
976,0.0019261837005615234,0.231,55.2
977,0.0006260871887207031,0.231,54.800000000000004
978,0.002261638641357422,0.231,54.800000000000004
979,0.0005793571472167969,0.231,54.800000000000004
980,0.002389669418334961,0.231,54.400000000000006
981,0.0015943050384521484,0.231,54.400000000000006
982,0.0022704601287841797,0.231,54.400000000000006
983,0.0020246505737304688,0.231,54.0
984,0.0006072521209716797,0.231,54.0
985,0.002015352249145508,0.231,54.0
986,0.0006015300750732422,0.233,54.0
987,0.002323150634765625,0.233,53.6
988,0.0005519390106201172,0.233,53.6
989,0.002020597457885742,0.233,53.6
990,0.0005974769592285156,0.233,53.6
991,0.0019638538360595703,0.233,53.6
992,0.0005946159362792969,0.233,53.6
993,0.0020198822021484375,0.233,53.6
994,0.0006051063537597656,0.233,53.6
995,0.0019330978393554688,0.233,53.6
996,0.0006330013275146484,0.233,53.6
997,0.0020983219146728516,0.233,53.6
998,0.0007011890411376953,0.235,53.6
999,0.0020411014556884766,0.235,53.6
1000,0.0005970001220703125,0.235,53.6
1001,0.0020284652709960938,0.235,54.0
1002,0.0017099380493164062,0.235,54.0
1003,0.0018744468688964844,0.235,54.0
1004,0.0006210803985595703,0.235,54.400000000000006
1005,0.0020933151245117188,0.235,54.400000000000006
1006,0.0020711421966552734,0.235,54.400000000000006
1007,0.0005996227264404297,0.237,54.800000000000004
1008,0.0022940635681152344,0.237,54.800000000000004
1009,0.0006000995635986328,0.237,55.2
1010,0.0019745826721191406,0.237,55.2
1011,0.0005991458892822266,0.237,55.6
1012,0.0020112991333007812,0.237,55.6
1013,0.0005838871002197266,0.237,56.0
1014,0.002015352249145508,0.239,56.0
1015,0.0006022453308105469,0.239,56.400000000000006
1016,0.0019693374633789062,0.239,56.400000000000006
1017,0.0008091926574707031,0.239,56.800000000000004
1018,0.00191497802734375,0.239,56.800000000000004
1019,0.0018334388732910156,0.239,57.2
1020,0.0021848678588867188,0.239,57.6
1021,0.002143383026123047,0.239,57.6
1022,0.002143383026123047,0.239,57.6
1023,0.0022232532501220703,0.239,58.0
1024,0.0020291805267333984,0.239,58.400000000000006
1025,0.002377748489379883,0.239,58.400000000000006
1026,0.0019173622131347656,0.239,58.800000000000004
1027,0.0020656585693359375,0.239,59.2
1028,0.002163410186767578,0.239,59.2
1029,0.0006604194641113281,0.239,59.6
1030,0.002082347869873047,0.239,59.6
1031,0.0006101131439208984,0.239,60.0
1032,0.0015892982482910156,0.239,60.400000000000006
1033,0.0005612373352050781,0.239,60.400000000000006
1034,0.0021855831146240234,0.239,60.800000000000004
1035,0.002135038375854492,0.239,60.800000000000004
1036,0.0005736351013183594,0.239,61.2
1037,0.002250194549560547,0.239,61.2
1038,0.0005979537963867188,0.239,61.6
1039,0.0018138885498046875,0.239,61.6
1040,0.0020499229431152344,0.239,61.6
1041,0.001538991928100586,0.239,62.0
1042,0.0019366741180419922,0.239,62.0
1043,0.0022439956665039062,0.239,62.0
1044,0.0006465911865234375,0.239,62.0
1045,0.0022575855255126953,0.239,62.0
1046,0.0006513595581054688,0.239,62.400000000000006
1047,0.0019295215606689453,0.239,62.400000000000006
1048,0.0006568431854248047,0.239,62.400000000000006
1049,0.0019576549530029297,0.239,62.400000000000006
1050,0.0017516613006591797,0.239,62.400000000000006
1051,0.0020074844360351562,0.239,62.400000000000006
1052,0.0018503665924072266,0.239,62.400000000000006
1053,0.0006499290466308594,0.239,62.400000000000006
1054,0.0018961429595947266,0.239,62.400000000000006
1055,0.000682830810546875,0.239,62.400000000000006
1056,0.00189971923828125,0.239,62.0
1057,0.002488374710083008,0.239,62.0
1058,0.0006341934204101562,0.239,62.0
1059,0.0015196800231933594,0.239,62.0
1060,0.001875162124633789,0.239,61.6
1061,0.0015883445739746094,0.239,61.6
1062,0.0008456707000732422,0.239,61.6
1063,0.0023174285888671875,0.239,61.6
1064,0.0009183883666992188,0.239,61.2
1065,0.002346038818359375,0.239,61.2
1066,0.0014913082122802734,0.239,60.800000000000004
1067,0.0006611347198486328,0.239,60.800000000000004
1068,0.0023775100708007812,0.239,60.800000000000004
1069,0.0006325244903564453,0.239,60.400000000000006
1070,0.0022835731506347656,0.237,60.400000000000006
1071,0.0006108283996582031,0.237,60.0
1072,0.002363920211791992,0.237,60.0
1073,0.0006299018859863281,0.237,59.6
1074,0.00215911865234375,0.235,59.6
1075,0.00060272216796875,0.235,59.2
1076,0.002207040786743164,0.235,59.2
1077,0.0006287097930908203,0.235,59.2
1078,0.002056598663330078,0.235,58.800000000000004
1079,0.0005872249603271484,0.235,58.800000000000004
1080,0.0020780563354492188,0.235,58.400000000000006
1081,0.000736236572265625,0.231,58.400000000000006
1082,0.0020258426666259766,0.231,58.0
1083,0.0005979537963867188,0.231,58.0
1084,0.001984119415283203,0.231,57.6
1085,0.0019259452819824219,0.231,57.6
1086,0.0005817413330078125,0.231,57.6
1087,0.002129077911376953,0.231,57.2
1088,0.0006096363067626953,0.231,57.2
1089,0.001972198486328125,0.228,56.800000000000004
1090,0.0005710124969482422,0.228,56.800000000000004
1091,0.002054929733276367,0.228,56.400000000000006
1092,0.0006620883941650391,0.228,56.400000000000006
1093,0.0019402503967285156,0.228,56.0
1094,0.000598907470703125,0.228,56.0
1095,0.002463102340698242,0.228,55.6
1096,0.0005915164947509766,0.228,55.6
1097,0.002211332321166992,0.228,55.2
1098,0.0005753040313720703,0.228,55.2
1099,0.002426624298095703,0.226,54.800000000000004
1100,0.0017817020416259766,0.226,54.800000000000004
1101,0.0006837844848632812,0.226,54.400000000000006
1102,0.001970052719116211,0.226,54.400000000000006
1103,0.0006363391876220703,0.226,54.0
1104,0.0021238327026367188,0.226,54.0
1105,0.000621795654296875,0.226,53.6
1106,0.0019464492797851562,0.226,53.6
1107,0.0018041133880615234,0.226,53.2
1108,0.0006320476531982422,0.226,53.2
1109,0.0021758079528808594,0.226,52.800000000000004
1110,0.0006041526794433594,0.226,52.800000000000004
1111,0.0019230842590332031,0.226,52.400000000000006
1112,0.0005714893341064453,0.226,52.0
1113,0.0020852088928222656,0.226,52.0
1114,0.0006947517395019531,0.226,51.6
1115,0.002004861831665039,0.226,51.6
1116,0.0018892288208007812,0.226,51.2
1117,0.0006620883941650391,0.226,51.2
1118,0.0026273727416992188,0.226,51.2
1119,0.0006191730499267578,0.226,50.800000000000004
1120,0.0017266273498535156,0.226,50.800000000000004
1121,0.0006425380706787109,0.226,50.400000000000006
1122,0.002017498016357422,0.226,50.400000000000006
1123,0.0018200874328613281,0.226,50.400000000000006
1124,0.0005967617034912109,0.226,50.0
1125,0.002338886260986328,0.226,50.0
1126,0.0005981922149658203,0.226,50.0
1127,0.002074003219604492,0.226,50.0
1128,0.0005927085876464844,0.226,50.0
1129,0.0024275779724121094,0.226,50.0
1130,0.0006036758422851562,0.226,50.0
1131,0.001871347427368164,0.226,50.0
1132,0.0020759105682373047,0.226,50.0
1133,0.000568389892578125,0.226,50.0
1134,0.001958608627319336,0.226,50.0
1135,0.0005726814270019531,0.226,50.0
1136,0.002037525177001953,0.226,50.0
1137,0.0005810260772705078,0.226,50.0
1138,0.0023527145385742188,0.226,50.400000000000006
1139,0.0005970001220703125,0.228,50.400000000000006
1140,0.0020384788513183594,0.228,50.400000000000006
1141,0.0005924701690673828,0.228,50.800000000000004
1142,0.002061605453491211,0.228,50.800000000000004
1143,0.0006341934204101562,0.228,50.800000000000004
1144,0.001997232437133789,0.228,51.2
1145,0.00200653076171875,0.231,51.2
1146,0.0005784034729003906,0.231,51.2
1147,0.0020170211791992188,0.231,51.6
1148,0.0005903244018554688,0.231,51.6
1149,0.0022716522216796875,0.231,52.0
1150,0.0007090568542480469,0.231,52.0
1151,0.0019948482513427734,0.231,52.400000000000006
1152,0.0006246566772460938,0.231,52.400000000000006
1153,0.002258777618408203,0.231,52.800000000000004
1154,0.0005609989166259766,0.231,52.800000000000004
1155,0.0019605159759521484,0.231,53.2
1156,0.0005953311920166016,0.231,53.2
1157,0.0020585060119628906,0.231,53.6
1158,0.0006086826324462891,0.231,53.6
1159,0.001981973648071289,0.233,54.0
1160,0.0006005764007568359,0.233,54.0
1161,0.002287626266479492,0.233,54.400000000000006
1162,0.002026081085205078,0.233,54.800000000000004
1163,0.001873016357421875,0.233,54.800000000000004
1164,0.001873016357421875,0.233,54.800000000000004
1165,0.0005681514739990234,0.235,55.2
1166,0.0006392002105712891,0.235,55.2
1167,0.0015308856964111328,0.235,55.6
1168,0.0006039142608642578,0.235,55.6
1169,0.0023336410522460938,0.235,56.0
1170,0.0006034374237060547,0.235,56.0
1171,0.0023317337036132812,0.235,56.400000000000006
1172,0.0006690025329589844,0.235,56.400000000000006
1173,0.002044200897216797,0.237,56.800000000000004
1174,0.0005776882171630859,0.237,56.800000000000004
1175,0.0017294883728027344,0.237,57.2
1176,0.0005788803100585938,0.237,57.2
1177,0.001592874526977539,0.237,57.6
1178,0.0006136894226074219,0.237,57.6
1179,0.0020775794982910156,0.237,58.0
1180,0.0018813610076904297,0.237,58.0
1181,0.0005619525909423828,0.237,58.0
1182,0.001931905746459961,0.237,58.400000000000006
1183,0.0005919933319091797,0.237,58.400000000000006
1184,0.0024900436401367188,0.237,58.800000000000004
1185,0.000583648681640625,0.237,58.800000000000004
1186,0.0022079944610595703,0.237,58.800000000000004
1187,0.0005919933319091797,0.237,59.2
1188,0.0021669864654541016,0.239,59.2
1189,0.0005781650543212891,0.239,59.2
1190,0.002106189727783203,0.239,59.2
1191,0.0005533695220947266,0.239,59.2
1192,0.001974821090698242,0.239,59.6
1193,0.0006661415100097656,0.239,59.6
1194,0.002290487289428711,0.239,59.6
1195,0.0006527900695800781,0.239,59.6
1196,0.001901865005493164,0.24100000000000002,59.6
1197,0.0019989013671875,0.24100000000000002,59.6
1198,0.0005769729614257812,0.24100000000000002,59.6
1199,0.002513408660888672,0.24100000000000002,59.6
1200,0.0004620552062988281,0.24100000000000002,59.6
1201,0.002113819122314453,0.24100000000000002,59.6
1202,0.0005939006805419922,0.24100000000000002,59.6
1203,0.002015352249145508,0.24100000000000002,59.6
1204,0.0006198883056640625,0.24100000000000002,59.6
1205,0.002426624298095703,0.24100000000000002,59.6
1206,0.0022096633911132812,0.24100000000000002,59.6
1207,0.0017936229705810547,0.24100000000000002,59.6
1208,0.001878499984741211,0.24100000000000002,59.6
1209,0.002133607864379883,0.24100000000000002,59.6
1210,0.0005903244018554688,0.24100000000000002,59.6
1211,0.001912832260131836,0.24100000000000002,59.6
1212,0.0005662441253662109,0.24100000000000002,59.6
1213,0.002150297164916992,0.24100000000000002,59.6
1214,0.0006463527679443359,0.24100000000000002,59.6
1215,0.0021834373474121094,0.24100000000000002,59.6
1216,0.0018095970153808594,0.24100000000000002,59.6
1217,0.001569509506225586,0.24100000000000002,59.6
1218,0.002217531204223633,0.244,59.6
1219,0.0021538734436035156,0.244,59.6
1220,0.0005862712860107422,0.24600000000000002,59.6
1221,0.0021071434020996094,0.24600000000000002,59.2
1222,0.00064849853515625,0.24600000000000002,59.2
1223,0.002403736114501953,0.24600000000000002,59.2
1224,0.0005970001220703125,0.248,59.2
1225,0.001985788345336914,0.248,59.2
1226,0.0005753040313720703,0.248,59.2
1227,0.0018508434295654297,0.25,59.2
1228,0.0005791187286376953,0.25,59.2
1229,0.0019774436950683594,0.25,59.2
1230,0.0021834373474121094,0.25,59.2
1231,0.0006036758422851562,0.25,59.2
1232,0.0023572444915771484,0.25,59.2
1233,0.0020635128021240234,0.25,59.6
1234,0.0021414756774902344,0.25,59.6
1235,0.0023179054260253906,0.25,59.6
1236,0.0006177425384521484,0.25,59.6
1237,0.0022923946380615234,0.25,60.0
1238,0.0006229877471923828,0.25,60.0
1239,0.002420186996459961,0.25,60.0
1240,0.0006184577941894531,0.25,60.400000000000006
1241,0.0021059513092041016,0.25,60.400000000000006
1242,0.0006642341613769531,0.25,60.800000000000004
1243,0.002067089080810547,0.25,60.800000000000004
1244,0.0006036758422851562,0.25,61.2
1245,0.0019948482513427734,0.25,61.2
1246,0.0006022453308105469,0.25,61.6
1247,0.0022840499877929688,0.25,61.6
1248,0.0006017684936523438,0.25,62.0
1249,0.002002716064453125,0.25,62.400000000000006
1250,0.0019464492797851562,0.25,62.400000000000006
1251,0.0023450851440429688,0.25,62.800000000000004
1252,0.002052783966064453,0.25,62.800000000000004
1253,0.001617431640625,0.25,63.2
1254,0.0007112026214599609,0.25,63.6
1255,0.002118825912475586,0.25,63.6
1256,0.0006406307220458984,0.25,64.0
1257,0.002413034439086914,0.25,64.0
1258,0.0005929470062255859,0.25,64.4
1259,0.0019466876983642578,0.25,64.4
1260,0.0005946159362792969,0.25,64.8
1261,0.002022981643676758,0.25,64.8
1262,0.0006260871887207031,0.25,65.2
1263,0.0025048255920410156,0.25,65.2
1264,0.0006444454193115234,0.25,65.60000000000001
1265,0.002052783966064453,0.25,65.60000000000001
1266,0.002301931381225586,0.25,66.0
1267,0.002210378646850586,0.25,66.0
1268,0.002397298812866211,0.25,66.4
1269,0.0014195442199707031,0.25,66.4
1270,0.000667572021484375,0.25,66.4
1271,0.002252340316772461,0.25,66.4
1272,0.0006940364837646484,0.25,66.8
1273,0.002325296401977539,0.25,66.8
1274,0.0006020069122314453,0.25,66.8
1275,0.0020465850830078125,0.25,66.8
1276,0.0006272792816162109,0.25,66.8
1277,0.0021257400512695312,0.25,67.2
1278,0.000576019287109375,0.25,67.2
1279,0.002398252487182617,0.25,67.2
1280,0.0005657672882080078,0.25,67.2
1281,0.0019712448120117188,0.25,67.2
1282,0.0005903244018554688,0.25,67.2
1283,0.002130746841430664,0.25,67.2
1284,0.0005829334259033203,0.25,67.2
1285,0.0024797916412353516,0.25,67.2
1286,0.0022678375244140625,0.25,66.8
1287,0.0007824897766113281,0.25,66.8
1288,0.0023581981658935547,0.25,66.8
1289,0.0018994808197021484,0.25,66.8
1290,0.0006062984466552734,0.25,66.8
1291,0.0021774768829345703,0.25,66.4
1292,0.0018913745880126953,0.25,66.4
1293,0.0005934238433837891,0.25,66.4
1294,0.0020589828491210938,0.25,66.0
1295,0.0006101131439208984,0.25,66.0
1296,0.002226591110229492,0.25,66.0
1297,0.0006358623504638672,0.25,65.60000000000001
1298,0.0022301673889160156,0.25,65.60000000000001
1299,0.0006430149078369141,0.25,65.2
1300,0.002397775650024414,0.25,65.2
1301,0.0006053447723388672,0.25,64.8
1302,0.0022673606872558594,0.25,64.8
1303,0.0018830299377441406,0.25,64.4
1304,0.0006561279296875,0.25,64.4
1305,0.0026264190673828125,0.25,64.0
1306,0.0006430149078369141,0.25,64.0
1307,0.002821683883666992,0.25,63.6
1308,0.0006403923034667969,0.25,63.6
1309,0.002901792526245117,0.25,63.2
1310,0.0013186931610107422,0.25,63.2
1311,0.000762939453125,0.25,62.800000000000004
1312,0.002363920211791992,0.25,62.800000000000004
1313,0.002363920211791992,0.25,62.800000000000004
1314,0.0017795562744140625,0.25,62.400000000000006
1315,0.002156972885131836,0.25,62.400000000000006
1316,0.0025022029876708984,0.25,62.400000000000006
1317,0.0022847652435302734,0.25,62.0
1318,0.0006487369537353516,0.25,62.0
1319,0.0020847320556640625,0.25,61.6
1320,0.0006234645843505859,0.25,61.6
1321,0.0022203922271728516,0.25,61.6
1322,0.0006463527679443359,0.25,61.2
1323,0.0021982192993164062,0.25,61.2
1324,0.0006315708160400391,0.25,61.2
1325,0.001893758773803711,0.25,60.800000000000004
1326,0.0006165504455566406,0.25,60.800000000000004
1327,0.0023276805877685547,0.25,60.800000000000004
1328,0.0005998611450195312,0.25,60.800000000000004
1329,0.0023016929626464844,0.25,60.800000000000004
1330,0.0005757808685302734,0.25,60.800000000000004
1331,0.0021200180053710938,0.25,60.800000000000004
1332,0.002277851104736328,0.25,60.800000000000004
1333,0.001953601837158203,0.25,60.800000000000004
1334,0.0005991458892822266,0.25,60.800000000000004
1335,0.002152681350708008,0.25,60.800000000000004
1336,0.0006067752838134766,0.25,60.800000000000004
1337,0.0018923282623291016,0.25,60.800000000000004
1338,0.0005927085876464844,0.25,60.800000000000004
1339,0.0020105838775634766,0.25,60.800000000000004
1340,0.0005855560302734375,0.25,60.800000000000004
1341,0.0023345947265625,0.25,60.800000000000004
1342,0.0006117820739746094,0.25,61.2
1343,0.0032739639282226562,0.25,61.2
1344,0.0026276111602783203,0.25,61.2
1345,0.0018129348754882812,0.25,61.6
1346,0.0019121170043945312,0.25,61.6
1347,0.0023293495178222656,0.25,61.6
1348,0.0019235610961914062,0.25,62.0
1349,0.0006732940673828125,0.25,62.0
1350,0.0019414424896240234,0.25,62.0
1351,0.0006062984466552734,0.25,62.400000000000006
1352,0.0015702247619628906,0.25,62.400000000000006
1353,0.0006270408630371094,0.25,62.400000000000006
1354,0.0020492076873779297,0.24600000000000002,62.800000000000004
1355,0.0006225109100341797,0.24600000000000002,62.800000000000004
1356,0.0022406578063964844,0.244,62.800000000000004
1357,0.0005977153778076172,0.244,63.2
1358,0.002167940139770508,0.244,63.2
1359,0.0005979537963867188,0.24100000000000002,63.2
1360,0.002275705337524414,0.239,63.6
1361,0.0023207664489746094,0.239,63.6
1362,0.0018291473388671875,0.239,63.6
1363,0.0024628639221191406,0.239,63.6
1364,0.0020918846130371094,0.239,64.0
1365,0.0018444061279296875,0.237,64.0
1366,0.0019061565399169922,0.237,64.0
1367,0.002008676528930664,0.235,64.0
1368,0.002137899398803711,0.235,64.0
1369,0.00043845176696777344,0.233,64.0
1370,0.0007534027099609375,0.231,63.6
1371,0.0005216598510742188,0.22399999999999998,63.6
1372,0.0010211467742919922,0.22399999999999998,63.6
1373,0.0006835460662841797,0.22399999999999998,63.2
1374,0.0023446083068847656,0.22399999999999998,63.2
1375,0.0006475448608398438,0.222,62.800000000000004
1376,0.002407550811767578,0.222,62.400000000000006
1377,0.0006299018859863281,0.222,62.400000000000006
1378,0.0021691322326660156,0.222,62.0
1379,0.000598907470703125,0.222,61.6
1380,0.0019991397857666016,0.222,61.2
1381,0.001447916030883789,0.222,60.800000000000004
1382,0.0006241798400878906,0.222,60.0
1383,0.0023064613342285156,0.222,59.6
1384,0.002022981643676758,0.222,58.800000000000004
1385,0.0019550323486328125,0.222,58.400000000000006
1386,0.0013890266418457031,0.222,57.6
1387,0.0006551742553710938,0.222,57.2
1388,0.0021800994873046875,0.222,56.400000000000006
1389,0.0023031234741210938,0.222,55.6
1390,0.0005872249603271484,0.222,54.800000000000004
1391,0.0021216869354248047,0.222,54.0
1392,0.0007119178771972656,0.222,53.2
1393,0.0018270015716552734,0.222,52.400000000000006
1394,0.001939535140991211,0.222,51.6
1395,0.002271890640258789,0.222,50.800000000000004
1396,0.0006062984466552734,0.222,50.0
1397,0.002460002899169922,0.222,49.2
1398,0.0005767345428466797,0.222,48.400000000000006
1399,0.00197601318359375,0.222,47.6
1400,0.0017943382263183594,0.222,46.800000000000004
1401,0.0021924972534179688,0.222,46.0
1402,0.0021812915802001953,0.222,45.6
1403,0.002093791961669922,0.222,44.800000000000004
1404,0.001886129379272461,0.222,44.0
1405,0.0006923675537109375,0.222,43.6
1406,0.002024412155151367,0.222,42.800000000000004
1407,0.0006954669952392578,0.222,42.400000000000006
1408,0.002527475357055664,0.222,42.0
1409,0.0021691322326660156,0.222,41.6
1410,0.0007102489471435547,0.222,41.2
1411,0.0022950172424316406,0.222,40.800000000000004
1412,0.0008709430694580078,0.222,40.400000000000006
1413,0.0023386478424072266,0.222,40.400000000000006
1414,0.0006818771362304688,0.222,40.0
1415,0.002367258071899414,0.222,40.0
1416,0.002118349075317383,0.222,40.0
1417,0.002171039581298828,0.222,40.0
1418,0.0020813941955566406,0.222,40.0
1419,0.0018229484558105469,0.222,40.400000000000006
1420,0.002129077911376953,0.222,40.400000000000006
1421,0.0007257461547851562,0.22399999999999998,40.800000000000004
1422,0.0022389888763427734,0.22399999999999998,40.800000000000004
1423,0.0006287097930908203,0.22399999999999998,41.2
1424,0.002079486846923828,0.22399999999999998,41.6
1425,0.0018086433410644531,0.22399999999999998,42.0
1426,0.0019845962524414062,0.22399999999999998,42.400000000000006
1427,0.0021407604217529297,0.22399999999999998,43.2
1428,0.0006086826324462891,0.22399999999999998,43.6
1429,0.0025424957275390625,0.22399999999999998,44.0
1430,0.0006177425384521484,0.22399999999999998,44.800000000000004
1431,0.0020008087158203125,0.22399999999999998,45.2
1432,0.0006394386291503906,0.22399999999999998,46.0
1433,0.002372264862060547,0.22399999999999998,46.800000000000004
1434,0.0019524097442626953,0.22399999999999998,47.2
1435,0.0005898475646972656,0.22399999999999998,48.0
1436,0.002156496047973633,0.22399999999999998,48.800000000000004
1437,0.0005707740783691406,0.22399999999999998,49.6
1438,0.0021588802337646484,0.22399999999999998,50.400000000000006
1439,0.0019884109497070312,0.22399999999999998,50.800000000000004
1440,0.0019116401672363281,0.226,51.6
1441,0.002091646194458008,0.226,52.400000000000006
1442,0.0006608963012695312,0.226,53.2
1443,0.0024063587188720703,0.226,53.6
1444,0.0006704330444335938,0.226,54.400000000000006
1445,0.0020165443420410156,0.226,55.2
1446,0.0015273094177246094,0.226,55.6
1447,0.0006291866302490234,0.226,56.400000000000006
1448,0.0020711421966552734,0.226,56.800000000000004
1449,0.0006165504455566406,0.226,57.6
1450,0.0020973682403564453,0.226,58.0
1451,0.0006814002990722656,0.226,58.400000000000006
1452,0.002042531967163086,0.226,59.2
1453,0.0006146430969238281,0.226,59.6
1454,0.0022940635681152344,0.226,60.0
1455,0.0007963180541992188,0.226,60.400000000000006
1456,0.0021009445190429688,0.226,60.800000000000004
1457,0.0021009445190429688,0.226,60.800000000000004
1458,0.0018825531005859375,0.226,60.800000000000004
1459,0.0008003711700439453,0.226,61.2
1460,0.0019555091857910156,0.22399999999999998,61.6
1461,0.0006194114685058594,0.22399999999999998,61.6
1462,0.0017998218536376953,0.22399999999999998,61.6
1463,0.0008230209350585938,0.22399999999999998,62.0
1464,0.002435445785522461,0.21600000000000003,62.0
1465,0.001976490020751953,0.209,62.0
1466,0.00213623046875,0.203,62.0
1467,0.0021867752075195312,0.203,61.6
1468,0.0021352767944335938,0.203,61.6
1469,0.00069427490234375,0.203,61.6
1470,0.002367258071899414,0.203,61.2
1471,0.0006668567657470703,0.203,60.800000000000004
1472,0.002382040023803711,0.203,60.400000000000006
1473,0.0023255348205566406,0.203,60.0
1474,0.0018916130065917969,0.203,59.6
1475,0.0020296573638916016,0.203,59.2
1476,0.0020580291748046875,0.207,58.400000000000006
1477,0.002223968505859375,0.209,57.6
1478,0.0006830692291259766,0.21100000000000002,56.800000000000004
1479,0.0017414093017578125,0.21100000000000002,56.0
1480,0.0006532669067382812,0.21100000000000002,55.2
1481,0.0024335384368896484,0.21100000000000002,54.0
1482,0.0007910728454589844,0.21100000000000002,53.2
1483,0.0022940635681152344,0.21100000000000002,52.0
1484,0.0006134510040283203,0.21100000000000002,51.2
1485,0.0021865367889404297,0.21100000000000002,50.0
1486,0.0005967617034912109,0.21100000000000002,48.800000000000004
1487,0.0021958351135253906,0.21100000000000002,47.6
1488,0.0019075870513916016,0.21100000000000002,46.400000000000006
1489,0.0021610260009765625,0.213,45.6
1490,0.0020895004272460938,0.21600000000000003,44.400000000000006
1491,0.002173185348510742,0.22,43.2
1492,0.0006392002105712891,0.22399999999999998,42.0
1493,0.0023267269134521484,0.228,41.2
1494,0.0006685256958007812,0.231,40.0
1495,0.0021893978118896484,0.233,39.2
1496,0.0006284713745117188,0.235,38.0
1497,0.00197601318359375,0.235,37.2
1498,0.0017185211181640625,0.235,36.4
1499,0.0006120204925537109,0.239,36.0
1500,0.002142190933227539,0.244,35.2
1501,0.0018379688262939453,0.248,34.800000000000004
1502,0.0025479793548583984,0.25,34.4
1503,0.0020093917846679688,0.25,34.4
1504,0.0022268295288085938,0.25,34.0
1505,0.0006968975067138672,0.25,34.0
1506,0.0021753311157226562,0.25,34.4
1507,0.0006840229034423828,0.25,34.4
1508,0.001969575881958008,0.25,34.800000000000004
1509,0.0005843639373779297,0.25,35.6
1510,0.002183675765991211,0.25,36.0
1511,0.0015730857849121094,0.25,36.800000000000004
1512,0.0005903244018554688,0.25,38.0
1513,0.0026786327362060547,0.25,38.800000000000004
1514,0.0006470680236816406,0.25,40.0
1515,0.0024051666259765625,0.25,41.2
1516,0.0018398761749267578,0.25,42.800000000000004
1517,0.001959562301635742,0.25,44.0
1518,0.0018215179443359375,0.25,45.6
1519,0.0006496906280517578,0.25,47.2
1520,0.0022687911987304688,0.25,48.800000000000004
1521,0.0005943775177001953,0.25,50.800000000000004
1522,0.002274751663208008,0.25,52.400000000000006
1523,0.0005803108215332031,0.25,54.0
1524,0.002240896224975586,0.25,56.0
1525,0.0005462169647216797,0.25,58.0
1526,0.002244710922241211,0.25,59.6
1527,0.000591278076171875,0.25,61.6
1528,0.0020971298217773438,0.25,63.2
1529,0.0006058216094970703,0.25,65.2
1530,0.002311229705810547,0.25,66.8
1531,0.0018401145935058594,0.25,68.8
1532,0.0021033287048339844,0.25,70.4
1533,0.0021924972534179688,0.25,72.4
1534,0.0006034374237060547,0.25,74.0
1535,0.0022563934326171875,0.25,75.60000000000001
1536,0.0005753040313720703,0.25,77.2
1537,0.002062559127807617,0.25,78.80000000000001
1538,0.0005970001220703125,0.25,80.0
1539,0.002137899398803711,0.25,81.60000000000001
1540,0.0005855560302734375,0.25,82.80000000000001
1541,0.0024046897888183594,0.25,84.0
1542,0.0006899833679199219,0.25,85.60000000000001
1543,0.0016105175018310547,0.25,86.80000000000001
1544,0.0006265640258789062,0.25,87.60000000000001
1545,0.002193927764892578,0.25,88.80000000000001
1546,0.0014028549194335938,0.25,90.0
1547,0.0021131038665771484,0.25,90.80000000000001
1548,0.0021436214447021484,0.25,92.0
1549,0.0018062591552734375,0.25,92.80000000000001
1550,0.000743865966796875,0.25,93.60000000000001
1551,0.0022954940795898438,0.25,94.4
1552,0.0007312297821044922,0.25,94.80000000000001
1553,0.002450704574584961,0.25,95.60000000000001
1554,0.0006346702575683594,0.25,96.0
1555,0.0016384124755859375,0.25,96.80000000000001
1556,0.0007312297821044922,0.25,97.2
1557,0.001986265182495117,0.25,97.60000000000001
1558,0.0005848407745361328,0.25,98.0
1559,0.0019829273223876953,0.25,98.4
1560,0.0005931854248046875,0.25,98.80000000000001
1561,0.002226114273071289,0.25,99.2
1562,0.0015439987182617188,0.25,99.2
1563,0.0006346702575683594,0.25,99.60000000000001
1564,0.0005204677581787109,0.25,99.60000000000001
1565,0.0025310516357421875,0.25,99.60000000000001
1566,0.0005495548248291016,0.25,100.0
1567,0.0024726390838623047,0.25,100.0
1568,0.0006122589111328125,0.25,100.0
1569,0.0019474029541015625,0.25,100.0
1570,0.0006449222564697266,0.25,99.60000000000001
1571,0.0022525787353515625,0.25,99.60000000000001
1572,0.0006046295166015625,0.25,99.60000000000001
1573,0.002394437789916992,0.25,99.2
1574,0.0005805492401123047,0.25,99.2
1575,0.0014545917510986328,0.25,98.80000000000001
1576,0.0005886554718017578,0.25,98.4
1577,0.0023679733276367188,0.25,98.0
1578,0.0021820068359375,0.25,97.60000000000001
1579,0.0017926692962646484,0.25,97.2
1580,0.000553131103515625,0.25,96.80000000000001
1581,0.0021834373474121094,0.25,96.4
1582,0.0005922317504882812,0.25,95.60000000000001
1583,0.0021910667419433594,0.25,95.2
1584,0.0005359649658203125,0.25,94.4
1585,0.0022640228271484375,0.25,94.0
1586,0.0005552768707275391,0.25,93.2
1587,0.0023484230041503906,0.25,92.4
1588,0.0005800724029541016,0.25,91.60000000000001
1589,0.0022058486938476562,0.25,90.80000000000001
1590,0.0005350112915039062,0.25,90.0
1591,0.002174854278564453,0.25,88.80000000000001
1592,0.0013501644134521484,0.25,88.0
1593,0.0006153583526611328,0.25,86.80000000000001
1594,0.0020284652709960938,0.25,86.0
1595,0.0005960464477539062,0.25,84.80000000000001
1596,0.0021011829376220703,0.25,83.60000000000001
1597,0.0006077289581298828,0.25,82.4
1598,0.0019106864929199219,0.25,81.60000000000001
1599,0.0023887157440185547,0.25,80.4
1600,0.0020933151245117188,0.25,78.80000000000001
1601,0.0022344589233398438,0.25,77.60000000000001
1602,0.0022742748260498047,0.25,76.4
1603,0.0022742748260498047,0.25,76.4
1604,0.0023076534271240234,0.25,75.2
1605,0.0008149147033691406,0.25,73.60000000000001
1606,0.0023217201232910156,0.25,72.4
1607,0.0006122589111328125,0.25,70.8
1608,0.002220630645751953,0.25,69.60000000000001
1609,0.0005943775177001953,0.25,68.0
1610,0.00213623046875,0.25,66.4
1611,0.0005526542663574219,0.25,65.2
1612,0.0021505355834960938,0.25,63.6
1613,0.0005838871002197266,0.25,62.400000000000006
1614,0.0017633438110351562,0.25,60.800000000000004
1615,0.0019407272338867188,0.25,59.2
1616,0.002101898193359375,0.25,58.0
1617,0.0021588802337646484,0.25,56.400000000000006
1618,0.002151012420654297,0.25,54.800000000000004
1619,0.0005917549133300781,0.25,53.6
1620,0.002300739288330078,0.25,52.0
1621,0.0006222724914550781,0.25,50.800000000000004
1622,0.0016219615936279297,0.25,49.6
1623,0.0005831718444824219,0.25,48.400000000000006
1624,0.0022134780883789062,0.25,47.2
1625,0.0005643367767333984,0.25,46.0
1626,0.002049684524536133,0.25,44.800000000000004
1627,0.0019421577453613281,0.25,44.0
1628,0.0005867481231689453,0.25,43.2
1629,0.0020453929901123047,0.25,42.400000000000006
1630,0.0005738735198974609,0.25,42.0
1631,0.0022797584533691406,0.25,41.6
1632,0.0005571842193603516,0.25,41.2
1633,0.0019996166229248047,0.25,40.800000000000004
1634,0.000583648681640625,0.25,40.800000000000004
1635,0.001995563507080078,0.25,40.800000000000004
1636,0.0005755424499511719,0.25,40.800000000000004
1637,0.0019588470458984375,0.25,40.800000000000004
1638,0.0016980171203613281,0.25,41.2
1639,0.0005824565887451172,0.25,41.6
1640,0.001983165740966797,0.25,42.0
1641,0.0005469322204589844,0.25,42.400000000000006
1642,0.002113819122314453,0.25,43.2
1643,0.0021431446075439453,0.25,44.0
1644,0.002330303192138672,0.25,44.800000000000004
1645,0.0020754337310791016,0.25,45.6
1646,0.0023245811462402344,0.25,46.800000000000004
1647,0.0006346702575683594,0.25,47.6
1648,0.002335786819458008,0.25,48.800000000000004
1649,0.00055694580078125,0.25,50.0
1650,0.0019199848175048828,0.25,51.2
1651,0.0006906986236572266,0.25,52.400000000000006
1652,0.0015099048614501953,0.25,53.6
1653,0.0006029605865478516,0.25,54.800000000000004
1654,0.0022308826446533203,0.25,56.0
1655,0.0006210803985595703,0.25,57.6
1656,0.0019273757934570312,0.25,58.800000000000004
1657,0.002154827117919922,0.25,60.0
1658,0.0005948543548583984,0.25,61.6
1659,0.0019910335540771484,0.25,62.800000000000004
1660,0.0006225109100341797,0.25,64.0
1661,0.002069711685180664,0.25,65.2
1662,0.0022394657135009766,0.25,66.8
1663,0.002164125442504883,0.25,68.0
1664,0.002173185348510742,0.25,69.2
1665,0.0019342899322509766,0.25,70.4
1666,0.0019109249114990234,0.25,71.2
1667,0.0007481575012207031,0.25,72.4
1668,0.0015308856964111328,0.25,73.60000000000001
1669,0.0006570816040039062,0.25,74.4
1670,0.001940011978149414,0.25,75.60000000000001
1671,0.0018625259399414062,0.25,76.4
1672,0.0006449222564697266,0.25,77.2
1673,0.0019712448120117188,0.25,78.4
1674,0.0006363391876220703,0.25,79.2
1675,0.0018527507781982422,0.25,80.0
1676,0.0006144046783447266,0.25,80.4
1677,0.0015571117401123047,0.25,81.2
1678,0.0016307830810546875,0.25,82.0
1679,0.0005917549133300781,0.25,82.4
1680,0.0021941661834716797,0.25,82.80000000000001
1681,0.0005705356597900391,0.25,83.2
1682,0.0021877288818359375,0.25,83.60000000000001
1683,0.0006186962127685547,0.25,84.0
1684,0.002187013626098633,0.25,84.4
1685,0.002056121826171875,0.25,84.80000000000001
1686,0.0020804405212402344,0.25,84.80000000000001
1687,0.0020017623901367188,0.25,84.80000000000001
1688,0.0021305084228515625,0.25,85.2
1689,0.0005848407745361328,0.25,85.2
1690,0.0021619796752929688,0.25,85.2
1691,0.0018150806427001953,0.25,85.2
1692,0.0005714893341064453,0.25,84.80000000000001
1693,0.002394437789916992,0.25,84.80000000000001
1694,0.0006608963012695312,0.25,84.80000000000001
1695,0.00225830078125,0.25,84.4
1696,0.0022156238555908203,0.25,84.0
1697,0.0006051063537597656,0.25,83.60000000000001
1698,0.002076864242553711,0.25,83.2
1699,0.0020623207092285156,0.25,82.80000000000001
1700,0.0006558895111083984,0.25,82.4
1701,0.001995563507080078,0.25,82.0
1702,0.0020890235900878906,0.25,81.60000000000001
1703,0.0021042823791503906,0.25,80.80000000000001
1704,0.002262115478515625,0.25,80.0
1705,0.0018153190612792969,0.25,79.60000000000001
1706,0.0006871223449707031,0.25,78.80000000000001
1707,0.0023310184478759766,0.25,78.0
1708,0.0006456375122070312,0.25,77.2
1709,0.0021049976348876953,0.25,76.4
1710,0.001890420913696289,0.25,75.60000000000001
1711,0.0005927085876464844,0.25,74.8
1712,0.001973390579223633,0.25,74.0
1713,0.0006618499755859375,0.25,72.8
1714,0.002313375473022461,0.25,72.0
1715,0.0006589889526367188,0.25,71.2
1716,0.0021209716796875,0.25,70.0
1717,0.0018727779388427734,0.25,69.2
1718,0.0018734931945800781,0.25,68.0
1719,0.00060272216796875,0.25,66.8
1720,0.001986980438232422,0.25,66.0
1721,0.0019927024841308594,0.25,64.8
1722,0.0006225109100341797,0.25,64.0
1723,0.002450704574584961,0.25,62.800000000000004
1724,0.0021140575408935547,0.25,62.0
1725,0.0018782615661621094,0.25,60.800000000000004
1726,0.002103567123413086,0.25,60.0
1727,0.0009183883666992188,0.25,58.800000000000004
1728,0.0021822452545166016,0.25,58.0
1729,0.002056598663330078,0.25,57.2
1730,0.0006639957427978516,0.25,56.0
1731,0.002168416976928711,0.25,55.2
1732,0.0006270408630371094,0.25,54.400000000000006
1733,0.002277851104736328,0.25,53.6
1734,0.0005900859832763672,0.25,52.800000000000004
1735,0.0020380020141601562,0.25,52.400000000000006
1736,0.0005726814270019531,0.25,51.6
1737,0.0021352767944335938,0.25,51.2
1738,0.0005500316619873047,0.25,50.400000000000006
1739,0.002201557159423828,0.25,50.0
1740,0.00057220458984375,0.25,49.6
1741,0.0021209716796875,0.25,49.2
1742,0.0022323131561279297,0.25,49.2
1743,0.0006284713745117188,0.25,48.800000000000004
1744,0.0021331310272216797,0.25,48.800000000000004
1745,0.001962900161743164,0.25,48.800000000000004
1746,0.0019614696502685547,0.25,48.800000000000004
1747,0.0019614696502685547,0.25,48.800000000000004
1748,0.0015914440155029297,0.25,48.800000000000004
1749,0.0006206035614013672,0.25,48.800000000000004
1750,0.002070188522338867,0.25,49.2
1751,0.0019071102142333984,0.25,49.6
1752,0.0006721019744873047,0.25,49.6
1753,0.002038240432739258,0.25,50.0
1754,0.0006117820739746094,0.25,50.400000000000006
1755,0.001962423324584961,0.25,51.2
1756,0.0005705356597900391,0.25,51.6
1757,0.002042055130004883,0.25,52.400000000000006
1758,0.0005855560302734375,0.25,52.800000000000004
1759,0.0022115707397460938,0.25,53.6
1760,0.0006418228149414062,0.25,54.400000000000006
1761,0.0024595260620117188,0.25,54.800000000000004
1762,0.002082347869873047,0.25,55.6
1763,0.0006134510040283203,0.25,56.400000000000006
1764,0.0021791458129882812,0.25,57.2
1765,0.0005967617034912109,0.25,58.0
1766,0.002382516860961914,0.25,59.2
1767,0.0005762577056884766,0.25,60.0
1768,0.0016927719116210938,0.25,60.800000000000004
1769,0.000598907470703125,0.25,61.6
1770,0.002086162567138672,0.25,62.400000000000006
1771,0.0005869865417480469,0.25,63.2
1772,0.002061128616333008,0.25,64.0
1773,0.001987457275390625,0.25,65.2
1774,0.0005953311920166016,0.25,66.0
1775,0.001981973648071289,0.25,66.8
1776,0.0005841255187988281,0.25,67.60000000000001
1777,0.002302408218383789,0.25,68.4
1778,0.0006220340728759766,0.25,68.8
1779,0.0023238658905029297,0.25,69.60000000000001
1780,0.001977682113647461,0.25,70.4
1781,0.0021855831146240234,0.25,71.2
1782,0.0018453598022460938,0.25,71.60000000000001
1783,0.002373933792114258,0.25,72.4
1784,0.0006108283996582031,0.25,72.8
1785,0.0021851062774658203,0.25,73.60000000000001
1786,0.0006339550018310547,0.25,74.0
1787,0.0021088123321533203,0.25,74.4
1788,0.0005819797515869141,0.25,74.8
1789,0.0022797584533691406,0.25,75.2
1790,0.001417398452758789,0.25,75.60000000000001
1791,0.0006129741668701172,0.25,76.0
1792,0.002267122268676758,0.25,76.4
1793,0.001996278762817383,0.25,76.4
1794,0.001922607421875,0.25,76.80000000000001
1795,0.003101348876953125,0.25,76.80000000000001
1796,0.0019431114196777344,0.25,77.2
1797,0.0007326602935791016,0.25,77.2
1798,0.0022754669189453125,0.25,77.2
1799,0.0006091594696044922,0.25,77.2
1800,0.0021839141845703125,0.25,77.2
1801,0.000705718994140625,0.25,77.2
1802,0.0019404888153076172,0.25,77.2
1803,0.0006263256072998047,0.25,77.2
1804,0.0015425682067871094,0.25,76.80000000000001
1805,0.0006380081176757812,0.25,76.80000000000001
1806,0.0022089481353759766,0.25,76.4
1807,0.002251863479614258,0.25,76.4
1808,0.0006470680236816406,0.25,76.0
1809,0.0023314952850341797,0.25,75.60000000000001
1810,0.0006809234619140625,0.25,75.2
1811,0.0020966529846191406,0.25,74.8
1812,0.0005927085876464844,0.25,74.4
1813,0.0023162364959716797,0.25,74.0
1814,0.0019981861114501953,0.25,73.60000000000001
1815,0.002016305923461914,0.25,73.2
1816,0.0021567344665527344,0.25,72.4
1817,0.0018885135650634766,0.25,72.0
1818,0.0019354820251464844,0.25,71.60000000000001
1819,0.0006434917449951172,0.25,70.8
1820,0.0020029544830322266,0.25,70.4
1821,0.0005898475646972656,0.25,69.60000000000001
1822,0.0021414756774902344,0.25,69.2
1823,0.0005755424499511719,0.25,68.4
1824,0.0020003318786621094,0.25,67.60000000000001
1825,0.000614166259765625,0.25,67.2
1826,0.0020837783813476562,0.25,66.4
1827,0.0013968944549560547,0.25,65.60000000000001
1828,0.0005788803100585938,0.25,65.2
1829,0.0016014575958251953,0.25,64.4
1830,0.0005753040313720703,0.25,63.6
1831,0.0023276805877685547,0.25,62.800000000000004
1832,0.0021042823791503906,0.25,62.400000000000006
1833,0.0005996227264404297,0.25,61.6
1834,0.0023660659790039062,0.25,61.2
1835,0.0024001598358154297,0.25,60.400000000000006
1836,0.002102375030517578,0.25,59.6
1837,0.002107381820678711,0.25,59.2
1838,0.0017306804656982422,0.25,58.400000000000006
1839,0.00063323974609375,0.25,58.0
1840,0.00228118896484375,0.25,57.6
1841,0.0023097991943359375,0.25,57.2
1842,0.0006623268127441406,0.25,56.400000000000006
1843,0.002212047576904297,0.25,56.0
1844,0.0018525123596191406,0.25,55.6
1845,0.0006694793701171875,0.25,55.2
1846,0.0022592544555664062,0.25,54.800000000000004
1847,0.0006775856018066406,0.25,54.800000000000004
1848,0.002313375473022461,0.25,54.400000000000006
1849,0.0005824565887451172,0.25,54.0
1850,0.002461671829223633,0.25,54.0
1851,0.000843048095703125,0.25,54.0
1852,0.001976490020751953,0.25,53.6
1853,0.0006315708160400391,0.25,53.6
1854,0.0023696422576904297,0.25,53.6
1855,0.0005717277526855469,0.25,53.6
1856,0.002309560775756836,0.25,53.6
1857,0.0006000995635986328,0.25,53.6
1858,0.0019888877868652344,0.25,53.6
1859,0.0005733966827392578,0.25,54.0
1860,0.0021791458129882812,0.25,54.0
1861,0.0005483627319335938,0.25,54.400000000000006
1862,0.0022852420806884766,0.25,54.400000000000006
1863,0.0006415843963623047,0.25,54.800000000000004
1864,0.002050161361694336,0.25,55.2
1865,0.0016787052154541016,0.25,55.6
1866,0.0021071434020996094,0.25,56.0
1867,0.0007205009460449219,0.25,56.400000000000006
1868,0.0016436576843261719,0.25,56.800000000000004
1869,0.0021343231201171875,0.25,57.2
1870,0.0007388591766357422,0.25,57.6
1871,0.0022995471954345703,0.25,58.400000000000006
1872,0.0006592273712158203,0.25,58.800000000000004
1873,0.0022821426391601562,0.25,59.2
1874,0.002085447311401367,0.25,59.6
1875,0.0013720989227294922,0.25,60.400000000000006
1876,0.00202178955078125,0.25,60.800000000000004
1877,0.0007050037384033203,0.25,61.2
1878,0.0020656585693359375,0.25,62.0
1879,0.0005824565887451172,0.25,62.400000000000006
1880,0.0019812583923339844,0.25,62.800000000000004
1881,0.0005602836608886719,0.25,63.6
1882,0.0023956298828125,0.25,64.0
1883,0.002084016799926758,0.25,64.4
1884,0.0006382465362548828,0.25,65.2
1885,0.0017251968383789062,0.25,65.60000000000001
1886,0.001493692398071289,0.25,66.0
1887,0.0006144046783447266,0.25,66.4
1888,0.0018754005432128906,0.25,67.2
1889,0.0005941390991210938,0.25,67.60000000000001
1890,0.002153635025024414,0.25,68.0
1891,0.0005853176116943359,0.25,68.4
1892,0.00201416015625,0.25,68.8
1893,0.0006129741668701172,0.25,69.2
1894,0.0019779205322265625,0.25,69.60000000000001
1895,0.0006134510040283203,0.25,69.60000000000001
1896,0.0019040107727050781,0.25,70.0
1897,0.0018563270568847656,0.25,70.4
1898,0.0018563270568847656,0.25,70.4
1899,0.0018253326416015625,0.25,70.4
1900,0.0007863044738769531,0.25,70.8
1901,0.0019998550415039062,0.25,70.8
1902,0.0009210109710693359,0.25,71.2
1903,0.002149820327758789,0.25,71.2
1904,0.0006711483001708984,0.25,71.2
1905,0.002420186996459961,0.25,71.2
1906,0.0006515979766845703,0.25,71.2
1907,0.0022339820861816406,0.248,71.2
1908,0.0006473064422607422,0.248,71.2
1909,0.0022873878479003906,0.248,71.2
1910,0.0006005764007568359,0.248,71.2
1911,0.002354860305786133,0.24600000000000002,71.2
1912,0.0005702972412109375,0.24600000000000002,70.8
1913,0.0024156570434570312,0.24600000000000002,70.8
1914,0.0006532669067382812,0.24600000000000002,70.4
1915,0.0019989013671875,0.24600000000000002,70.4
1916,0.0018224716186523438,0.24600000000000002,70.0
1917,0.0022912025451660156,0.24600000000000002,69.60000000000001
1918,0.0019087791442871094,0.24600000000000002,69.60000000000001
1919,0.0021352767944335938,0.244,69.2
1920,0.000629425048828125,0.244,68.8
1921,0.001990079879760742,0.244,68.4
1922,0.0006220340728759766,0.244,68.0
1923,0.0024318695068359375,0.244,67.60000000000001
1924,0.0022161006927490234,0.244,67.2
1925,0.0007202625274658203,0.244,66.4
1926,0.002291440963745117,0.244,66.0
1927,0.0019121170043945312,0.244,65.60000000000001
1928,0.0019953250885009766,0.24100000000000002,64.8
1929,0.0021665096282958984,0.239,64.4
1930,0.0006341934204101562,0.239,64.0
1931,0.0023009777069091797,0.239,63.2
1932,0.0006468296051025391,0.239,62.800000000000004
1933,0.0025773048400878906,0.239,62.0
1934,0.0015435218811035156,0.239,61.6
1935,0.0006389617919921875,0.239,60.800000000000004
1936,0.0020112991333007812,0.239,60.0
1937,0.0021409988403320312,0.239,59.6
1938,0.0005648136138916016,0.239,58.800000000000004
1939,0.0022628307342529297,0.239,58.400000000000006
1940,0.0005664825439453125,0.239,57.6
1941,0.0020821094512939453,0.239,56.800000000000004
1942,0.0019538402557373047,0.239,56.400000000000006
1943,0.0006303787231445312,0.239,55.6
1944,0.0016312599182128906,0.239,54.800000000000004
1945,0.0019800662994384766,0.239,54.400000000000006
1946,0.0020558834075927734,0.237,53.6
1947,0.0022263526916503906,0.237,53.2
1948,0.001950979232788086,0.237,52.400000000000006
1949,0.001817941665649414,0.237,52.0
1950,0.0021164417266845703,0.237,51.6
1951,0.0007390975952148438,0.237,50.800000000000004
1952,0.0019617080688476562,0.237,50.400000000000006
1953,0.0006282329559326172,0.237,50.0
1954,0.002257823944091797,0.237,49.6
1955,0.0006079673767089844,0.237,49.2
1956,0.002296924591064453,0.237,48.800000000000004
1957,0.0008823871612548828,0.237,48.400000000000006
1958,0.002262592315673828,0.237,48.400000000000006
1959,0.0005960464477539062,0.237,48.0
1960,0.002259492874145508,0.237,48.0
1961,0.0006361007690429688,0.237,47.6
1962,0.0022275447845458984,0.237,47.6
1963,0.0006117820739746094,0.237,47.6
1964,0.0023076534271240234,0.237,47.6
1965,0.0006320476531982422,0.237,47.6
1966,0.0021681785583496094,0.237,47.6
1967,0.0019068717956542969,0.237,47.6
1968,0.0006666183471679688,0.237,48.0
1969,0.002518177032470703,0.237,48.0
1970,0.0006721019744873047,0.237,48.400000000000006
1971,0.0016601085662841797,0.237,48.400000000000006
1972,0.0006227493286132812,0.237,48.800000000000004
1973,0.0022878646850585938,0.239,49.2
1974,0.0005698204040527344,0.239,49.6
1975,0.002113819122314453,0.239,50.0
1976,0.0017969608306884766,0.239,50.400000000000006
1977,0.0016078948974609375,0.244,50.800000000000004
1978,0.0007915496826171875,0.244,51.2
1979,0.0016551017761230469,0.244,51.6
1980,0.0007112026214599609,0.244,52.0
1981,0.0019435882568359375,0.244,52.800000000000004
1982,0.0006227493286132812,0.24600000000000002,53.2
1983,0.001987457275390625,0.248,53.6
1984,0.0011219978332519531,0.248,54.400000000000006
1985,0.002296924591064453,0.248,54.800000000000004
1986,0.000720977783203125,0.248,55.6
1987,0.0022292137145996094,0.248,56.0
1988,0.0006711483001708984,0.248,56.800000000000004
1989,0.002321481704711914,0.248,57.2
1990,0.0006330013275146484,0.248,58.0
1991,0.0019903182983398438,0.248,58.800000000000004
1992,0.0015747547149658203,0.248,59.2
1993,0.000652313232421875,0.248,60.0
1994,0.0019159317016601562,0.248,60.800000000000004
1995,0.001714468002319336,0.248,61.2
1996,0.000675201416015625,0.248,62.0
1997,0.002105712890625,0.248,62.800000000000004
1998,0.0019714832305908203,0.248,63.2
1999,0.0019376277923583984,0.248,64.0
2000,0.0018200874328613281,0.248,64.4
2001,0.002103567123413086,0.248,65.2
2002,0.0007035732269287109,0.248,65.60000000000001
2003,0.0021104812622070312,0.248,66.4
2004,0.0006797313690185547,0.248,66.8
2005,0.002404451370239258,0.248,67.60000000000001
2006,0.0006401538848876953,0.248,68.0
2007,0.0021903514862060547,0.248,68.4
2008,0.0006463527679443359,0.248,68.8
2009,0.00235748291015625,0.248,69.2
2010,0.0006144046783447266,0.248,70.0
2011,0.0022530555725097656,0.248,70.0
2012,0.0006177425384521484,0.248,70.4
2013,0.0025577545166015625,0.248,70.8
2014,0.0020689964294433594,0.248,71.2
2015,0.0006008148193359375,0.248,71.2
2016,0.002214193344116211,0.248,71.60000000000001
2017,0.0006198883056640625,0.248,71.60000000000001
2018,0.002457857131958008,0.248,72.0
2019,0.0006377696990966797,0.248,72.0
2020,0.00214385986328125,0.248,72.0
2021,0.0006103515625,0.248,72.0
2022,0.002309083938598633,0.248,72.0
2023,0.0022013187408447266,0.248,72.0
2024,0.002122640609741211,0.248,72.0
2025,0.002169370651245117,0.24600000000000002,72.0
2026,0.0006518363952636719,0.24600000000000002,71.60000000000001
2027,0.0021975040435791016,0.244,71.60000000000001
2028,0.0006802082061767578,0.24100000000000002,71.2
2029,0.0021028518676757812,0.24100000000000002,71.2
2030,0.002084016799926758,0.239,70.8
2031,0.002232789993286133,0.239,70.4
2032,0.002160310745239258,0.239,70.0
2033,0.0019459724426269531,0.239,70.0
2034,0.0014948844909667969,0.239,69.60000000000001
2035,0.0021276473999023438,0.237,68.8
2036,0.0022253990173339844,0.237,68.4
2037,0.0020864009857177734,0.237,68.0
2038,0.0006954669952392578,0.237,67.60000000000001
2039,0.002022981643676758,0.233,66.8
2040,0.0006430149078369141,0.233,66.0
2041,0.002147674560546875,0.233,65.60000000000001
2042,0.0006542205810546875,0.231,64.8
2043,0.002222299575805664,0.231,64.0
2044,0.002222299575805664,0.231,64.0
2045,0.0025107860565185547,0.231,63.2
2046,0.0006806850433349609,0.231,62.800000000000004
2047,0.002112150192260742,0.231,62.0
2048,0.0007674694061279297,0.231,61.2
2049,0.001466512680053711,0.231,60.0
2050,0.0022597312927246094,0.231,59.2
2051,0.002178668975830078,0.231,58.400000000000006
2052,0.0019040107727050781,0.231,57.6
2053,0.002058744430541992,0.231,56.800000000000004
2054,0.0006978511810302734,0.231,55.6
2055,0.0022401809692382812,0.231,54.800000000000004
2056,0.0006861686706542969,0.231,53.6
2057,0.0023488998413085938,0.231,52.800000000000004
2058,0.0006363391876220703,0.231,51.6
2059,0.001976490020751953,0.231,50.800000000000004
2060,0.0005915164947509766,0.231,50.0
2061,0.002332925796508789,0.231,48.800000000000004
2062,0.0006387233734130859,0.231,48.0
2063,0.002597332000732422,0.231,46.800000000000004
2064,0.002168416976928711,0.231,46.0
2065,0.0013949871063232422,0.231,45.2
2066,0.0007445812225341797,0.231,44.400000000000006
2067,0.0020651817321777344,0.231,43.6
2068,0.0006718635559082031,0.231,43.2
2069,0.0015802383422851562,0.231,42.400000000000006
2070,0.0006139278411865234,0.231,42.0
2071,0.0020966529846191406,0.231,41.2
2072,0.0008192062377929688,0.233,40.800000000000004
2073,0.002118825912475586,0.233,40.400000000000006
2074,0.002187967300415039,0.233,40.400000000000006
2075,0.0014524459838867188,0.235,40.0
2076,0.0006225109100341797,0.235,40.0
2077,0.002318859100341797,0.235,40.0
2078,0.0019354820251464844,0.235,40.0
2079,0.0017518997192382812,0.235,40.0
2080,0.0006582736968994141,0.235,40.0
2081,0.0023136138916015625,0.235,40.400000000000006
2082,0.0014195442199707031,0.235,40.800000000000004
2083,0.002202272415161133,0.235,41.2
2084,0.0020635128021240234,0.237,41.6
2085,0.002140045166015625,0.237,42.0
2086,0.002273082733154297,0.237,42.800000000000004
2087,0.002138853073120117,0.237,43.2
2088,0.0021696090698242188,0.237,44.0
2089,0.0019009113311767578,0.237,44.800000000000004
2090,0.0007276535034179688,0.239,45.6
2091,0.002329111099243164,0.239,46.400000000000006
2092,0.0020020008087158203,0.244,47.2
2093,0.002077817916870117,0.244,48.400000000000006
2094,0.0007064342498779297,0.244,49.2
2095,0.002214193344116211,0.244,50.400000000000006
2096,0.002120494842529297,0.244,51.2
2097,0.0006804466247558594,0.244,52.400000000000006
2098,0.0019707679748535156,0.244,53.2
2099,0.0019116401672363281,0.244,54.400000000000006
2100,0.001443624496459961,0.244,55.6
2101,0.002251863479614258,0.24600000000000002,56.800000000000004
2102,0.0022306442260742188,0.24600000000000002,57.6
2103,0.002008199691772461,0.24600000000000002,58.800000000000004
2104,0.0007565021514892578,0.24600000000000002,60.0
2105,0.0015723705291748047,0.24600000000000002,60.800000000000004
2106,0.0006878376007080078,0.24600000000000002,62.0
2107,0.0019388198852539062,0.24600000000000002,63.2
2108,0.0006084442138671875,0.24600000000000002,64.0
2109,0.002027273178100586,0.24600000000000002,65.2
2110,0.0006389617919921875,0.24600000000000002,66.0
2111,0.0024280548095703125,0.24600000000000002,67.2
2112,0.0005917549133300781,0.24600000000000002,68.0
2113,0.0024666786193847656,0.24600000000000002,68.8
2114,0.0006165504455566406,0.24600000000000002,70.0
2115,0.0016582012176513672,0.24600000000000002,70.8
2116,0.0018935203552246094,0.24600000000000002,71.60000000000001
2117,0.0006432533264160156,0.24600000000000002,72.4
2118,0.0023088455200195312,0.24600000000000002,72.8
2119,0.0018312931060791016,0.24600000000000002,73.60000000000001
2120,0.0006046295166015625,0.24600000000000002,74.4
2121,0.0020558834075927734,0.24600000000000002,74.8
2122,0.0006654262542724609,0.24600000000000002,75.2
2123,0.0021038055419921875,0.24600000000000002,76.0
2124,0.001916646957397461,0.24600000000000002,76.4
2125,0.000598907470703125,0.24600000000000002,76.80000000000001
2126,0.001989603042602539,0.24600000000000002,76.80000000000001
2127,0.00180816650390625,0.24600000000000002,77.2
2128,0.0006313323974609375,0.24600000000000002,77.60000000000001
2129,0.002301931381225586,0.24600000000000002,77.60000000000001
2130,0.0020689964294433594,0.24600000000000002,78.0
2131,0.0019805431365966797,0.24600000000000002,78.0
2132,0.002480030059814453,0.24600000000000002,78.0
2133,0.0021953582763671875,0.24600000000000002,78.0
2134,0.0006070137023925781,0.24600000000000002,78.0
2135,0.0023276805877685547,0.24600000000000002,78.0
2136,0.0019419193267822266,0.24600000000000002,77.60000000000001
2137,0.0006237030029296875,0.24600000000000002,77.60000000000001
2138,0.002359151840209961,0.24600000000000002,77.2
2139,0.0006072521209716797,0.24600000000000002,76.80000000000001
2140,0.0022296905517578125,0.24600000000000002,76.80000000000001
2141,0.002223968505859375,0.24600000000000002,76.4
2142,0.0019845962524414062,0.24600000000000002,76.0
2143,0.0013010501861572266,0.24600000000000002,75.60000000000001
2144,0.0014851093292236328,0.24600000000000002,74.8
2145,0.0006482601165771484,0.24600000000000002,74.4
2146,0.0022406578063964844,0.24600000000000002,74.0
2147,0.0006330013275146484,0.244,73.2
2148,0.0022220611572265625,0.244,72.8
2149,0.0020036697387695312,0.244,72.0
2150,0.0022029876708984375,0.244,71.2
2151,0.001695871353149414,0.244,70.4
2152,0.0017397403717041016,0.244,70.0
2153,0.000743865966796875,0.244,69.2
2154,0.0021393299102783203,0.244,68.4
2155,0.0006160736083984375,0.24100000000000002,67.60000000000001
2156,0.001954793930053711,0.24100000000000002,66.4
2157,0.0006268024444580078,0.24100000000000002,65.60000000000001
2158,0.0020301342010498047,0.239,64.8
2159,0.0005898475646972656,0.239,64.0
2160,0.002307415008544922,0.239,62.800000000000004
2161,0.0005991458892822266,0.239,62.0
2162,0.0023021697998046875,0.239,61.2
2163,0.0005955696105957031,0.239,60.0
2164,0.0022993087768554688,0.239,59.2
2165,0.0006008148193359375,0.239,58.400000000000006
2166,0.0022652149200439453,0.239,57.2
2167,0.0005893707275390625,0.239,56.400000000000006
2168,0.002015352249145508,0.239,55.6
2169,0.0006198883056640625,0.239,54.400000000000006
2170,0.0021164417266845703,0.239,53.6
2171,0.0005888938903808594,0.239,52.800000000000004
2172,0.0017583370208740234,0.237,52.0
2173,0.0006122589111328125,0.237,51.2
2174,0.0016512870788574219,0.237,50.400000000000006
2175,0.0014295578002929688,0.237,50.0
2176,0.0020771026611328125,0.237,49.2
2177,0.002474069595336914,0.237,48.400000000000006
2178,0.0015721321105957031,0.237,48.0
2179,0.0017964839935302734,0.237,47.6
2180,0.0005824565887451172,0.237,46.800000000000004
2181,0.0019183158874511719,0.237,46.400000000000006
2182,0.0006396770477294922,0.237,46.400000000000006
2183,0.002301454544067383,0.237,46.0
2184,0.0020589828491210938,0.237,45.6
2185,0.0006089210510253906,0.237,45.6
2186,0.002135038375854492,0.237,45.6
2187,0.0006361007690429688,0.237,45.2
2188,0.0016510486602783203,0.237,45.2
2189,0.0016510486602783203,0.237,45.2
2190,0.002543210983276367,0.237,45.6
2191,0.0017852783203125,0.237,45.6
2192,0.002194643020629883,0.237,45.6
2193,0.0019235610961914062,0.237,46.0
2194,0.0018315315246582031,0.237,46.400000000000006
2195,0.0023000240325927734,0.237,46.800000000000004
2196,0.001974821090698242,0.237,47.2
2197,0.0006568431854248047,0.237,47.6
2198,0.002065896987915039,0.237,48.0
2199,0.0006353855133056641,0.237,48.400000000000006
2200,0.0022940635681152344,0.237,48.800000000000004
2201,0.0018157958984375,0.237,50.0
2202,0.002145051956176758,0.237,50.800000000000004
2203,0.0019998550415039062,0.237,51.2
2204,0.0018432140350341797,0.237,52.0
2205,0.0021724700927734375,0.237,52.800000000000004
2206,0.0021507740020751953,0.237,53.2
2207,0.0007996559143066406,0.237,54.0
2208,0.0023956298828125,0.237,54.800000000000004
2209,0.0006172657012939453,0.237,55.6
2210,0.002129077911376953,0.237,56.0
2211,0.0006403923034667969,0.237,56.800000000000004
2212,0.0023267269134521484,0.237,57.6
2213,0.0005905628204345703,0.237,58.400000000000006
2214,0.0017600059509277344,0.237,58.800000000000004
2215,0.0006387233734130859,0.237,59.6
2216,0.0014367103576660156,0.237,60.400000000000006
2217,0.00101470947265625,0.237,60.800000000000004
2218,0.0017821788787841797,0.237,61.6
2219,0.0020837783813476562,0.237,62.0
2220,0.0012004375457763672,0.239,62.800000000000004
2221,0.002355813980102539,0.239,63.2
2222,0.0007915496826171875,0.239,63.6
2223,0.0016427040100097656,0.239,64.0
2224,0.0019240379333496094,0.239,64.4
2225,0.0007293224334716797,0.239,64.8
2226,0.0024313926696777344,0.24100000000000002,65.2
2227,0.0013477802276611328,0.24100000000000002,65.60000000000001
2228,0.0006885528564453125,0.24100000000000002,66.0
2229,0.002192258834838867,0.24100000000000002,66.4
2230,0.0006647109985351562,0.24100000000000002,66.4
2231,0.002304553985595703,0.244,66.8
2232,0.0006418228149414062,0.244,66.8
2233,0.0022614002227783203,0.244,66.8
2234,0.0005993843078613281,0.244,67.2
2235,0.0016093254089355469,0.244,67.2
2236,0.0014472007751464844,0.244,67.2
2237,0.002012968063354492,0.244,67.2
2238,0.0020406246185302734,0.244,67.2
2239,0.0006403923034667969,0.244,67.2
2240,0.002076864242553711,0.244,67.2
2241,0.0005979537963867188,0.244,66.8
2242,0.002012968063354492,0.244,66.8
2243,0.0013887882232666016,0.24600000000000002,66.8
2244,0.0009462833404541016,0.24600000000000002,66.4
2245,0.002240896224975586,0.24600000000000002,66.4
2246,0.0013930797576904297,0.24600000000000002,66.0
2247,0.0008039474487304688,0.248,66.0
2248,0.0022351741790771484,0.248,65.60000000000001
2249,0.0006766319274902344,0.248,65.2
2250,0.0021448135375976562,0.248,64.8
2251,0.0019686222076416016,0.248,64.8
2252,0.0008294582366943359,0.248,64.4
2253,0.0021600723266601562,0.248,64.0
2254,0.0020508766174316406,0.248,63.6
2255,0.0007109642028808594,0.248,63.2
2256,0.0021009445190429688,0.248,62.800000000000004
2257,0.0006871223449707031,0.248,62.400000000000006
2258,0.002324819564819336,0.248,62.0
2259,0.0020122528076171875,0.248,61.6
2260,0.000644683837890625,0.248,61.2
2261,0.0019297599792480469,0.248,60.800000000000004
2262,0.0017731189727783203,0.248,60.400000000000006
2263,0.0006859302520751953,0.248,60.0
2264,0.001130819320678711,0.248,59.6
2265,0.002076387405395508,0.248,59.2
2266,0.0006692409515380859,0.248,58.800000000000004
2267,0.0023818016052246094,0.248,58.400000000000006
2268,0.0006787776947021484,0.248,58.0
2269,0.0023429393768310547,0.24100000000000002,57.6
2270,0.0006098747253417969,0.24100000000000002,57.2
2271,0.0022764205932617188,0.24100000000000002,57.2
2272,0.0006577968597412109,0.239,56.800000000000004
2273,0.0022573471069335938,0.239,56.400000000000006
2274,0.0006000995635986328,0.239,56.0
2275,0.002209901809692383,0.237,56.0
2276,0.0021409988403320312,0.237,55.6
2277,0.0006227493286132812,0.233,55.2
2278,0.0020885467529296875,0.233,55.2
2279,0.0017507076263427734,0.233,54.800000000000004
2280,0.0020706653594970703,0.233,54.400000000000006
2281,0.0021352767944335938,0.233,54.400000000000006
2282,0.002084016799926758,0.233,54.0
2283,0.001996278762817383,0.233,54.0
2284,0.0007426738739013672,0.233,53.6
2285,0.0017249584197998047,0.233,53.2
2286,0.002107381820678711,0.233,53.2
2287,0.0022623538970947266,0.233,52.800000000000004
2288,0.0020761489868164062,0.233,52.800000000000004
2289,0.0023353099822998047,0.233,52.400000000000006
2290,0.0006771087646484375,0.233,52.400000000000006
2291,0.0021505355834960938,0.233,52.0
2292,0.0019903182983398438,0.233,52.0
2293,0.0006163120269775391,0.233,52.0
2294,0.002012014389038086,0.233,51.6
2295,0.0023012161254882812,0.233,51.6
2296,0.0021572113037109375,0.233,51.2
2297,0.001298666000366211,0.233,51.2
2298,0.0019690990447998047,0.233,51.2
2299,0.001990795135498047,0.233,51.2
2300,0.0006806850433349609,0.233,50.800000000000004
2301,0.002328634262084961,0.233,50.800000000000004
2302,0.002063274383544922,0.233,50.800000000000004
2303,0.0007288455963134766,0.233,50.800000000000004
2304,0.001689910888671875,0.233,50.800000000000004
2305,0.001979351043701172,0.233,50.800000000000004
2306,0.002249479293823242,0.233,50.800000000000004
2307,0.0022754669189453125,0.233,50.800000000000004
2308,0.0016825199127197266,0.233,50.800000000000004
2309,0.0007026195526123047,0.233,50.800000000000004
2310,0.002174854278564453,0.233,50.800000000000004
2311,0.0006036758422851562,0.233,50.800000000000004
2312,0.0019609928131103516,0.233,50.800000000000004
2313,0.00060272216796875,0.233,50.800000000000004
2314,0.002361774444580078,0.233,50.800000000000004
2315,0.0006821155548095703,0.235,51.2
2316,0.0016036033630371094,0.237,51.2
2317,0.0006654262542724609,0.237,51.2
2318,0.0021991729736328125,0.237,51.6
2319,0.0006489753723144531,0.237,51.6
2320,0.0015964508056640625,0.237,51.6
2321,0.0006082057952880859,0.237,52.0
2322,0.0020494461059570312,0.237,52.0
2323,0.000614166259765625,0.239,52.0
2324,0.0016541481018066406,0.239,52.400000000000006
2325,0.0019011497497558594,0.239,52.400000000000006
2326,0.0006728172302246094,0.24100000000000002,52.800000000000004
2327,0.002458333969116211,0.24100000000000002,52.800000000000004
2328,0.0006406307220458984,0.24100000000000002,53.2
2329,0.0023126602172851562,0.24100000000000002,53.2
2330,0.00222015380859375,0.24100000000000002,53.6
2331,0.0018818378448486328,0.244,53.6
2332,0.0006401538848876953,0.24600000000000002,54.0
2333,0.0023572444915771484,0.24600000000000002,54.400000000000006
2334,0.0017185211181640625,0.24600000000000002,54.400000000000006
2335,0.0007905960083007812,0.24600000000000002,54.800000000000004
2336,0.0016999244689941406,0.24600000000000002,54.800000000000004
2337,0.0016999244689941406,0.24600000000000002,54.800000000000004
2338,0.0022590160369873047,0.24600000000000002,55.2
2339,0.0006344318389892578,0.24600000000000002,55.6
2340,0.002259969711303711,0.24600000000000002,56.0
2341,0.0016870498657226562,0.24600000000000002,56.0
2342,0.0022194385528564453,0.24600000000000002,56.400000000000006
2343,0.0015366077423095703,0.24600000000000002,56.800000000000004
2344,0.0022296905517578125,0.24600000000000002,57.2
2345,0.0022368431091308594,0.24600000000000002,57.2
2346,0.0019044876098632812,0.24600000000000002,57.6
2347,0.002115488052368164,0.24600000000000002,58.0
2348,0.002270221710205078,0.24600000000000002,58.400000000000006
2349,0.0006496906280517578,0.24600000000000002,58.800000000000004
2350,0.002262115478515625,0.248,59.2
2351,0.001878976821899414,0.248,59.6
2352,0.002201557159423828,0.248,60.0
2353,0.0023527145385742188,0.248,60.400000000000006
2354,0.001909494400024414,0.248,60.800000000000004
2355,0.0019350051879882812,0.248,61.2
2356,0.0018956661224365234,0.248,61.2
2357,0.0019078254699707031,0.248,61.6
2358,0.0007145404815673828,0.248,62.0
2359,0.0021729469299316406,0.248,62.400000000000006
2360,0.00063323974609375,0.248,62.800000000000004
2361,0.0023136138916015625,0.248,63.2
2362,0.0006546974182128906,0.248,63.6
2363,0.0024061203002929688,0.248,64.0
2364,0.0005819797515869141,0.248,64.0
2365,0.0018045902252197266,0.248,64.4
2366,0.0016374588012695312,0.248,64.8
2367,0.0006041526794433594,0.248,64.8
2368,0.002048015594482422,0.248,65.2
2369,0.0005867481231689453,0.248,65.2
2370,0.0019693374633789062,0.248,65.60000000000001
2371,0.0007867813110351562,0.248,65.60000000000001
2372,0.0011875629425048828,0.248,66.0
2373,0.0011451244354248047,0.248,66.0
2374,0.002201557159423828,0.248,66.0
2375,0.0007870197296142578,0.248,66.0
2376,0.0021119117736816406,0.248,66.0
2377,0.0007960796356201172,0.248,66.4
2378,0.002020597457885742,0.248,66.4
2379,0.00061798095703125,0.248,66.4
2380,0.0020449161529541016,0.248,66.4
2381,0.001775979995727539,0.248,66.0
2382,0.0006961822509765625,0.248,66.0
2383,0.001964092254638672,0.248,66.0
2384,0.0014884471893310547,0.248,66.0
2385,0.0007100105285644531,0.248,66.0
2386,0.0017993450164794922,0.248,65.60000000000001
2387,0.0014736652374267578,0.248,65.60000000000001
2388,0.00208282470703125,0.248,65.60000000000001
2389,0.0021576881408691406,0.248,65.2
2390,0.0015721321105957031,0.248,65.2
2391,0.0021619796752929688,0.248,64.8
2392,0.0020394325256347656,0.248,64.8
2393,0.0016858577728271484,0.248,64.4
2394,0.0007495880126953125,0.248,64.4
2395,0.0022804737091064453,0.248,64.0
2396,0.0013926029205322266,0.248,63.6
2397,0.0006909370422363281,0.248,63.6
2398,0.0020036697387695312,0.248,63.2
2399,0.001577138900756836,0.248,63.2
2400,0.0006351470947265625,0.248,62.800000000000004
2401,0.0021920204162597656,0.248,62.400000000000006
2402,0.0023736953735351562,0.248,62.400000000000006
2403,0.0018875598907470703,0.248,62.0
2404,0.001895904541015625,0.248,61.6
2405,0.0016388893127441406,0.248,61.2
2406,0.0007650852203369141,0.248,61.2
2407,0.0022211074829101562,0.248,60.800000000000004
2408,0.001522064208984375,0.248,60.400000000000006
2409,0.0019693374633789062,0.248,60.0
2410,0.0022788047790527344,0.248,60.0
2411,0.0006933212280273438,0.248,59.6
2412,0.002177000045776367,0.248,59.2
2413,0.0006442070007324219,0.248,58.800000000000004
2414,0.0016765594482421875,0.248,58.800000000000004
2415,0.0006072521209716797,0.248,58.400000000000006
2416,0.002292156219482422,0.248,58.0
2417,0.0006167888641357422,0.248,57.6
2418,0.0022001266479492188,0.248,57.6
2419,0.0005993843078613281,0.248,57.2
2420,0.0023505687713623047,0.248,57.2
2421,0.0020546913146972656,0.248,56.800000000000004
2422,0.0006046295166015625,0.248,56.800000000000004
2423,0.0017249584197998047,0.248,56.400000000000006
2424,0.0006051063537597656,0.248,56.400000000000006
2425,0.002233266830444336,0.248,56.0
2426,0.0005905628204345703,0.248,56.0
2427,0.0015947818756103516,0.248,56.0
2428,0.0006184577941894531,0.248,55.6
2429,0.0016841888427734375,0.248,55.6
2430,0.0005755424499511719,0.248,55.6
2431,0.0021200180053710938,0.248,55.6
2432,0.0005681514739990234,0.248,55.6
2433,0.0023000240325927734,0.248,55.6
2434,0.0005941390991210938,0.248,55.6
2435,0.0022666454315185547,0.248,55.6
2436,0.0020062923431396484,0.248,55.6
2437,0.0006291866302490234,0.248,55.6
2438,0.002178668975830078,0.248,55.6
2439,0.0014879703521728516,0.244,56.0
2440,0.002176046371459961,0.239,56.0
2441,0.0019190311431884766,0.239,56.0
2442,0.001752614974975586,0.237,56.0
2443,0.0020651817321777344,0.235,56.400000000000006
2444,0.000667572021484375,0.233,56.400000000000006
2445,0.0025544166564941406,0.231,56.800000000000004
2446,0.0023746490478515625,0.228,56.800000000000004
2447,0.0022475719451904297,0.228,56.800000000000004
2448,0.002125263214111328,0.228,57.2
2449,0.0006761550903320312,0.22399999999999998,57.2
2450,0.001634359359741211,0.22399999999999998,57.2
2451,0.0018210411071777344,0.222,57.2
2452,0.0006139278411865234,0.222,57.6
2453,0.0016677379608154297,0.22,57.6
2454,0.0023474693298339844,0.22,57.6
2455,0.002124309539794922,0.22,57.6
2456,0.002412557601928711,0.22,57.6
2457,0.001253366470336914,0.22,57.6
2458,0.0019338130950927734,0.22,57.2
2459,0.0007414817810058594,0.22,57.2
2460,0.002126932144165039,0.22,56.800000000000004
2461,0.0006532669067382812,0.22,56.800000000000004
2462,0.0018906593322753906,0.22,56.400000000000006
2463,0.002408742904663086,0.22,56.400000000000006
2464,0.0006835460662841797,0.22,56.0
2465,0.0017213821411132812,0.22,55.6
2466,0.0006711483001708984,0.22,55.2
2467,0.0020945072174072266,0.22,54.800000000000004
2468,0.0006625652313232422,0.22,54.400000000000006
2469,0.0016596317291259766,0.22,54.0
2470,0.0006573200225830078,0.22,53.2
2471,0.002175569534301758,0.22,52.800000000000004
2472,0.0004858970642089844,0.22,52.400000000000006
2473,0.0013458728790283203,0.22,52.0
2474,0.0006513595581054688,0.22,51.2
2475,0.0021436214447021484,0.22,50.800000000000004
2476,0.0018405914306640625,0.22,50.0
2477,0.0008256435394287109,0.222,49.6
2478,0.0020041465759277344,0.222,48.800000000000004
2479,0.002207040786743164,0.222,48.400000000000006
2480,0.002195596694946289,0.222,48.0
2481,0.002195596694946289,0.222,48.0
2482,0.00197601318359375,0.222,47.2
2483,0.0005829334259033203,0.222,46.800000000000004
2484,0.0019440650939941406,0.222,46.0
2485,0.0005905628204345703,0.22399999999999998,45.6
2486,0.002077341079711914,0.22399999999999998,45.2
2487,0.0005660057067871094,0.22399999999999998,44.800000000000004
2488,0.0022139549255371094,0.22399999999999998,44.400000000000006
2489,0.0020112991333007812,0.22399999999999998,43.6
2490,0.0005540847778320312,0.226,43.6
2491,0.002157926559448242,0.226,43.2
2492,0.0006377696990966797,0.228,42.800000000000004
2493,0.001718282699584961,0.228,42.400000000000006
2494,0.0016429424285888672,0.228,42.400000000000006
2495,0.0014853477478027344,0.228,42.0
2496,0.0016415119171142578,0.228,42.0
2497,0.0006389617919921875,0.228,42.0
2498,0.002344846725463867,0.228,42.0
2499,0.0005986690521240234,0.228,42.0
2500,0.002134561538696289,0.231,42.0
2501,0.0005655288696289062,0.231,42.0
2502,0.002070188522338867,0.231,42.400000000000006
2503,0.0019834041595458984,0.231,42.400000000000006
2504,0.0019207000732421875,0.231,42.800000000000004
2505,0.0006780624389648438,0.231,43.2
2506,0.0008130073547363281,0.231,43.6
2507,0.002153158187866211,0.231,44.0
2508,0.0023632049560546875,0.231,44.400000000000006
2509,0.0015094280242919922,0.231,44.800000000000004
2510,0.0011126995086669922,0.233,45.6
2511,0.0011725425720214844,0.233,46.0
2512,0.0020363330841064453,0.233,46.800000000000004
2513,0.0007228851318359375,0.233,47.2
2514,0.001712799072265625,0.233,48.0
2515,0.0007266998291015625,0.233,48.800000000000004
2516,0.002185344696044922,0.233,49.2
2517,0.0020372867584228516,0.233,50.0
2518,0.0006864070892333984,0.233,50.800000000000004
2519,0.0016481876373291016,0.235,51.6
2520,0.0006034374237060547,0.235,52.400000000000006
2521,0.001981019973754883,0.235,52.800000000000004
2522,0.0006875991821289062,0.235,53.6
2523,0.002104043960571289,0.235,54.400000000000006
2524,0.001294851303100586,0.235,55.2
2525,0.0006365776062011719,0.235,56.0
2526,0.0021753311157226562,0.235,56.400000000000006
2527,0.00063323974609375,0.235,57.2
2528,0.002288818359375,0.235,58.0
2529,0.0005972385406494141,0.235,58.400000000000006
2530,0.002341032028198242,0.235,59.2
2531,0.0019490718841552734,0.235,59.6
2532,0.0006396770477294922,0.235,60.400000000000006
2533,0.0022182464599609375,0.235,60.800000000000004
2534,0.0005888938903808594,0.235,61.2
2535,0.0019450187683105469,0.235,62.0
2536,0.0005753040313720703,0.235,62.400000000000006
2537,0.002306222915649414,0.235,62.800000000000004
2538,0.0005691051483154297,0.235,63.2
2539,0.001965045928955078,0.235,63.6
2540,0.0006067752838134766,0.235,63.6
2541,0.0018801689147949219,0.235,64.0
2542,0.002076864242553711,0.235,64.4
2543,0.0005784034729003906,0.235,64.4
2544,0.0022182464599609375,0.235,64.4
2545,0.0006284713745117188,0.235,64.4
2546,0.002146482467651367,0.235,64.8
2547,0.00061798095703125,0.235,64.8
2548,0.002080678939819336,0.235,64.4
2549,0.0018601417541503906,0.235,64.4
2550,0.0023610591888427734,0.235,64.4
2551,0.0006515979766845703,0.235,64.4
2552,0.002309560775756836,0.235,64.0
2553,0.0007228851318359375,0.235,64.0
2554,0.0023474693298339844,0.235,63.6
2555,0.0006704330444335938,0.235,63.2
2556,0.0021605491638183594,0.235,62.800000000000004
2557,0.002039670944213867,0.235,62.400000000000006
2558,0.001934051513671875,0.235,62.0
2559,0.0006344318389892578,0.235,61.6
2560,0.0019752979278564453,0.235,61.2
2561,0.0006220340728759766,0.235,60.800000000000004
2562,0.0020487308502197266,0.235,60.400000000000006
2563,0.0005767345428466797,0.235,60.0
2564,0.001817464828491211,0.235,59.2
2565,0.0015764236450195312,0.235,58.800000000000004
2566,0.0019812583923339844,0.235,58.400000000000006
2567,0.0006995201110839844,0.235,57.6
2568,0.001682281494140625,0.235,57.2
2569,0.0006604194641113281,0.235,56.800000000000004
2570,0.001856088638305664,0.233,56.0
2571,0.0005919933319091797,0.233,55.6
2572,0.0016036033630371094,0.233,54.800000000000004
2573,0.0014431476593017578,0.233,54.400000000000006
2574,0.0018808841705322266,0.233,53.6
2575,0.0014984607696533203,0.233,53.2
2576,0.0006630420684814453,0.233,52.800000000000004
2577,0.002009868621826172,0.233,52.0
2578,0.0006244182586669922,0.233,51.6
2579,0.0023245811462402344,0.233,51.2
2580,0.000614166259765625,0.233,50.800000000000004
2581,0.0020914077758789062,0.233,50.0
2582,0.0006127357482910156,0.233,49.6
2583,0.0021886825561523438,0.233,49.2
2584,0.0005869865417480469,0.233,49.2
2585,0.0023686885833740234,0.233,48.800000000000004
2586,0.00038695335388183594,0.233,48.400000000000006
2587,0.0005676746368408203,0.233,48.0
2588,0.001524209976196289,0.233,48.0
2589,0.0013756752014160156,0.233,47.6
2590,0.0010020732879638672,0.233,47.6
2591,0.002397298812866211,0.233,47.2
2592,0.002031087875366211,0.233,47.2
2593,0.0016324520111083984,0.233,47.2
2594,0.0021677017211914062,0.233,47.2
2595,0.0024437904357910156,0.233,47.2
2596,0.0007126331329345703,0.233,47.2
2597,0.0020051002502441406,0.233,47.2
2598,0.0020475387573242188,0.233,47.6
2599,0.0007061958312988281,0.233,47.6
2600,0.0023796558380126953,0.233,47.6
2601,0.0020630359649658203,0.233,48.0
2602,0.002112150192260742,0.233,48.400000000000006
2603,0.001680135726928711,0.233,48.400000000000006
2604,0.0007586479187011719,0.233,48.800000000000004
2605,0.00154876708984375,0.233,49.2
2606,0.0025289058685302734,0.233,49.6
2607,0.0019083023071289062,0.233,50.0
2608,0.002279043197631836,0.233,50.400000000000006
2609,0.001539468765258789,0.233,50.800000000000004
2610,0.0018475055694580078,0.233,51.2
2611,0.0007996559143066406,0.233,51.6
2612,0.002315521240234375,0.233,52.0
2613,0.002275228500366211,0.233,52.400000000000006
2614,0.0022513866424560547,0.235,52.800000000000004
2615,0.0013458728790283203,0.237,53.2
2616,0.0006883144378662109,0.237,54.0
2617,0.0019578933715820312,0.239,54.400000000000006
2618,0.0006730556488037109,0.239,54.800000000000004
2619,0.0024008750915527344,0.24100000000000002,55.2
2620,0.0006740093231201172,0.244,55.6
2621,0.0016689300537109375,0.244,56.400000000000006
2622,0.0014317035675048828,0.244,56.800000000000004
2623,0.0006649494171142578,0.248,57.2
2624,0.002501964569091797,0.248,57.6
2625,0.0008044242858886719,0.248,58.0
2626,0.0016818046569824219,0.248,58.400000000000006
2627,0.0014438629150390625,0.248,58.800000000000004
2628,0.001851797103881836,0.248,59.2
2629,0.001851797103881836,0.248,59.2
2630,0.0023047924041748047,0.248,60.0
2631,0.0008144378662109375,0.248,60.400000000000006
2632,0.002016305923461914,0.248,60.800000000000004
2633,0.0006091594696044922,0.248,61.2
2634,0.002332448959350586,0.248,61.6
2635,0.0014429092407226562,0.248,62.0
2636,0.0006029605865478516,0.248,62.400000000000006
2637,0.0021791458129882812,0.248,63.2
2638,0.000614166259765625,0.248,63.6
2639,0.0019922256469726562,0.248,64.0
2640,0.0017807483673095703,0.248,64.4
2641,0.0006215572357177734,0.248,64.8
2642,0.0021698474884033203,0.248,65.2
2643,0.0019276142120361328,0.248,65.60000000000001
2644,0.0019512176513671875,0.248,66.0
2645,0.000629425048828125,0.248,66.4
2646,0.0023572444915771484,0.248,66.8
2647,0.0006213188171386719,0.248,67.2
2648,0.0016109943389892578,0.248,67.60000000000001
2649,0.0021021366119384766,0.248,68.0
2650,0.0006473064422607422,0.248,68.4
2651,0.002295255661010742,0.248,68.4
2652,0.0019443035125732422,0.248,68.8
2653,0.0018985271453857422,0.248,69.2
2654,0.0014607906341552734,0.248,69.2
2655,0.0026650428771972656,0.248,69.60000000000001
2656,0.0019431114196777344,0.248,69.60000000000001
2657,0.0017313957214355469,0.248,70.0
2658,0.0007467269897460938,0.248,70.0
2659,0.0021469593048095703,0.248,70.0
2660,0.0019609928131103516,0.248,70.0
2661,0.002569437026977539,0.248,70.0
2662,0.0021865367889404297,0.248,70.0
2663,0.0016584396362304688,0.248,70.0
2664,0.0014190673828125,0.248,70.0
2665,0.0006735324859619141,0.248,70.0
2666,0.0016970634460449219,0.248,70.0
2667,0.0005381107330322266,0.248,69.60000000000001
2668,0.0024018287658691406,0.248,69.60000000000001
2669,0.0006437301635742188,0.248,69.2
2670,0.0016329288482666016,0.248,69.2
2671,0.0006246566772460938,0.248,68.8
2672,0.0018360614776611328,0.248,68.8
2673,0.0006196498870849609,0.248,68.4
2674,0.002070188522338867,0.248,68.0
2675,0.00058746337890625,0.248,67.60000000000001
2676,0.0024666786193847656,0.248,67.60000000000001
2677,0.0006444454193115234,0.248,67.2
2678,0.0016179084777832031,0.248,66.8
2679,0.0006272792816162109,0.248,66.4
2680,0.0021321773529052734,0.239,66.0
2681,0.0005626678466796875,0.235,65.60000000000001
2682,0.0019309520721435547,0.235,65.2
2683,0.0005476474761962891,0.235,64.4
2684,0.0027179718017578125,0.231,64.0
2685,0.0005781650543212891,0.231,63.6
2686,0.002039670944213867,0.226,63.2
2687,0.0006575584411621094,0.22399999999999998,62.400000000000006
2688,0.002490520477294922,0.222,62.0
2689,0.0006489753723144531,0.218,61.6
2690,0.0020215511322021484,0.21600000000000003,60.800000000000004
2691,0.0005915164947509766,0.213,60.400000000000006
2692,0.0020515918731689453,0.213,59.6
2693,0.0006008148193359375,0.213,58.800000000000004
2694,0.0019884109497070312,0.213,58.0
2695,0.0006251335144042969,0.21100000000000002,57.2
2696,0.0020279884338378906,0.21100000000000002,56.400000000000006
2697,0.001535654067993164,0.21100000000000002,55.6
2698,0.0015530586242675781,0.21100000000000002,54.800000000000004
2699,0.0018279552459716797,0.21100000000000002,54.0
2700,0.0006728172302246094,0.21100000000000002,52.800000000000004
2701,0.0015697479248046875,0.21100000000000002,52.0
2702,0.0006186962127685547,0.21100000000000002,50.800000000000004
2703,0.001968860626220703,0.21100000000000002,49.6
2704,0.0017173290252685547,0.21100000000000002,48.800000000000004
2705,0.0007369518280029297,0.21100000000000002,47.6
2706,0.0022034645080566406,0.21100000000000002,46.400000000000006
2707,0.0024085044860839844,0.21100000000000002,45.6
2708,0.0007479190826416016,0.21100000000000002,44.400000000000006
2709,0.002254009246826172,0.209,43.2
2710,0.0008203983306884766,0.209,42.400000000000006
2711,0.002841472625732422,0.207,41.2
2712,0.0018458366394042969,0.207,40.400000000000006
2713,0.0021767616271972656,0.207,39.2
2714,0.0014052391052246094,0.207,38.400000000000006
2715,0.0018663406372070312,0.207,37.6
2716,0.0021572113037109375,0.207,36.800000000000004
2717,0.0006935596466064453,0.207,36.0
2718,0.0019445419311523438,0.207,35.2
2719,0.0006239414215087891,0.207,34.4
2720,0.0023605823516845703,0.207,34.0
2721,0.0006003379821777344,0.207,33.6
2722,0.002237558364868164,0.207,32.800000000000004
2723,0.0005822181701660156,0.207,32.4
2724,0.0020737648010253906,0.207,32.4
2725,0.0006229877471923828,0.207,32.0
2726,0.0016679763793945312,0.207,32.0
2727,0.002123117446899414,0.207,31.6
2728,0.0006759166717529297,0.207,31.6
2729,0.0015034675598144531,0.207,31.6
2730,0.0006232261657714844,0.207,32.0
2731,0.002066373825073242,0.207,32.0
2732,0.0014905929565429688,0.207,32.4
2733,0.0006382465362548828,0.207,32.800000000000004
2734,0.0020380020141601562,0.207,33.2
2735,0.0022187232971191406,0.207,33.6
2736,0.0021812915802001953,0.207,34.0
2737,0.0006010532379150391,0.207,34.800000000000004
2738,0.001995563507080078,0.207,35.2
2739,0.0005755424499511719,0.207,36.0
2740,0.001577138900756836,0.207,36.800000000000004
2741,0.0005617141723632812,0.209,37.6
2742,0.0011255741119384766,0.209,38.400000000000006
2743,0.0005426406860351562,0.209,39.2
2744,0.001977205276489258,0.209,40.0
2745,0.0015747547149658203,0.209,40.800000000000004
2746,0.0007669925689697266,0.209,41.6
2747,0.0020742416381835938,0.209,42.400000000000006
2748,0.0021767616271972656,0.209,43.2
2749,0.0024967193603515625,0.209,44.400000000000006
2750,0.002087116241455078,0.209,45.2
2751,0.0007421970367431641,0.209,46.0
2752,0.0022809505462646484,0.209,46.800000000000004
2753,0.0017428398132324219,0.209,47.6
2754,0.0019011497497558594,0.209,48.400000000000006
2755,0.001965761184692383,0.209,49.2
2756,0.0007894039154052734,0.209,50.0
2757,0.0021848678588867188,0.209,50.400000000000006
2758,0.0007197856903076172,0.209,51.2
2759,0.0020284652709960938,0.209,52.0
2760,0.0006673336029052734,0.209,52.400000000000006
2761,0.0022749900817871094,0.209,52.800000000000004
2762,0.0006375312805175781,0.209,53.2
2763,0.0021648406982421875,0.209,53.6
2764,0.001569986343383789,0.209,54.0
2765,0.0015316009521484375,0.209,54.400000000000006
2766,0.001306295394897461,0.209,54.400000000000006
2767,0.0008299350738525391,0.209,54.800000000000004
2768,0.0018520355224609375,0.209,54.800000000000004
2769,0.000690460205078125,0.209,54.800000000000004
2770,0.002269744873046875,0.209,54.800000000000004
2771,0.0014405250549316406,0.209,54.800000000000004
2772,0.0007658004760742188,0.209,54.800000000000004
2773,0.002123117446899414,0.209,54.400000000000006
2774,0.002123117446899414,0.209,54.400000000000006
2775,0.0022432804107666016,0.209,54.400000000000006
2776,0.0006291866302490234,0.209,54.0
2777,0.0020837783813476562,0.209,53.6
2778,0.0005950927734375,0.209,53.2
2779,0.0022115707397460938,0.213,52.800000000000004
2780,0.0005578994750976562,0.213,52.400000000000006
2781,0.002157449722290039,0.213,51.6
2782,0.0005559921264648438,0.21600000000000003,51.2
2783,0.002336740493774414,0.21600000000000003,50.800000000000004
2784,0.0005857944488525391,0.21600000000000003,50.0
2785,0.001527547836303711,0.21600000000000003,49.2
2786,0.0006170272827148438,0.21600000000000003,48.800000000000004
2787,0.002402782440185547,0.21600000000000003,48.0
2788,0.0014662742614746094,0.218,47.2
2789,0.0020415782928466797,0.218,46.800000000000004
2790,0.0016236305236816406,0.218,46.0
2791,0.0005812644958496094,0.218,45.2
2792,0.0024657249450683594,0.218,44.800000000000004
2793,0.0005936622619628906,0.218,44.0
2794,0.002085447311401367,0.218,43.2
2795,0.0018808841705322266,0.218,42.800000000000004
2796,0.0006191730499267578,0.218,42.0
2797,0.0017473697662353516,0.218,41.6
2798,0.0005791187286376953,0.218,41.2
2799,0.0016808509826660156,0.218,40.800000000000004
2800,0.0005979537963867188,0.218,40.400000000000006
2801,0.002294301986694336,0.218,40.0
2802,0.0005893707275390625,0.218,39.6
2803,0.0018725395202636719,0.218,39.2
2804,0.0014863014221191406,0.218,38.800000000000004
2805,0.0022001266479492188,0.218,38.800000000000004
2806,0.0018970966339111328,0.218,38.800000000000004
2807,0.0010864734649658203,0.22,38.400000000000006
2808,0.0021674633026123047,0.22,38.400000000000006
2809,0.002042055130004883,0.22,38.400000000000006
2810,0.001678466796875,0.22,38.400000000000006
2811,0.0015575885772705078,0.22,38.800000000000004
2812,0.0018472671508789062,0.22,38.800000000000004
2813,0.0024726390838623047,0.22,39.2
2814,0.0007638931274414062,0.22,39.2
2815,0.0019376277923583984,0.22,39.6
2816,0.0019881725311279297,0.22,40.0
2817,0.0007152557373046875,0.22,40.400000000000006
2818,0.00191497802734375,0.22,40.800000000000004
2819,0.0005996227264404297,0.22,41.2
2820,0.0021538734436035156,0.22,42.0
2821,0.0005960464477539062,0.22,42.400000000000006
2822,0.0020318031311035156,0.22,43.2
2823,0.0005924701690673828,0.22,43.6
2824,0.0021080970764160156,0.222,44.400000000000006
2825,0.0005915164947509766,0.222,44.800000000000004
2826,0.002104043960571289,0.222,45.6
2827,0.0006103515625,0.222,46.400000000000006
2828,0.0021674633026123047,0.22399999999999998,47.2
2829,0.0005893707275390625,0.22399999999999998,47.6
2830,0.0025184154510498047,0.22399999999999998,48.400000000000006
2831,0.0005726814270019531,0.22399999999999998,49.2
2832,0.0022592544555664062,0.22399999999999998,50.0
2833,0.0005450248718261719,0.22399999999999998,50.800000000000004
2834,0.0021452903747558594,0.226,51.2
2835,0.0005829334259033203,0.226,52.0
2836,0.002372264862060547,0.226,52.800000000000004
2837,0.00058746337890625,0.226,53.6
2838,0.002251863479614258,0.226,54.0
2839,0.0018780231475830078,0.226,54.800000000000004
2840,0.0005753040313720703,0.226,55.6
2841,0.002185821533203125,0.226,56.0
2842,0.0018186569213867188,0.226,56.800000000000004
2843,0.0020177364349365234,0.226,57.2
2844,0.0006394386291503906,0.226,57.6
2845,0.002165079116821289,0.226,58.400000000000006
2846,0.0006208419799804688,0.226,58.800000000000004
2847,0.0015819072723388672,0.226,59.2
2848,0.0005924701690673828,0.226,59.6
2849,0.001737833023071289,0.226,60.0
2850,0.0005431175231933594,0.226,60.0
2851,0.0023725032806396484,0.226,60.400000000000006
2852,0.002167224884033203,0.226,60.800000000000004
2853,0.0005893707275390625,0.226,60.800000000000004
2854,0.0022368431091308594,0.226,60.800000000000004
2855,0.0019021034240722656,0.226,61.2
2856,0.0015680789947509766,0.226,61.2
2857,0.002520322799682617,0.226,61.2
2858,0.002086162567138672,0.226,61.2
2859,0.002239227294921875,0.226,61.2
2860,0.002559185028076172,0.226,61.2
2861,0.0017712116241455078,0.226,60.800000000000004
2862,0.0007231235504150391,0.226,60.800000000000004
2863,0.0023517608642578125,0.226,60.800000000000004
2864,0.0006701946258544922,0.226,60.400000000000006
2865,0.001710653305053711,0.226,60.0
2866,0.001573324203491211,0.226,60.0
2867,0.0019199848175048828,0.226,59.6
2868,0.002125978469848633,0.226,59.2
2869,0.0007140636444091797,0.226,58.800000000000004
2870,0.002137422561645508,0.226,58.400000000000006
2871,0.000629425048828125,0.226,58.0
2872,0.0020751953125,0.226,57.6
2873,0.0005738735198974609,0.226,57.2
2874,0.0020935535430908203,0.226,56.800000000000004
2875,0.0006072521209716797,0.226,56.0
2876,0.0022313594818115234,0.226,55.6
2877,0.0008029937744140625,0.226,55.2
2878,0.0017867088317871094,0.226,54.400000000000006
2879,0.0005922317504882812,0.226,54.0
2880,0.0022804737091064453,0.226,53.6
2881,0.0005850791931152344,0.226,52.800000000000004
2882,0.002353668212890625,0.226,52.400000000000006
2883,0.0005509853363037109,0.226,52.0
2884,0.0021474361419677734,0.226,51.2
2885,0.0005564689636230469,0.226,50.800000000000004
2886,0.0025649070739746094,0.226,50.0
2887,0.001516580581665039,0.226,49.6
2888,0.0006313323974609375,0.226,49.2
2889,0.0022466182708740234,0.226,48.800000000000004
2890,0.0006463527679443359,0.226,48.400000000000006
2891,0.0022788047790527344,0.226,47.6
2892,0.0006234645843505859,0.226,47.2
2893,0.002290964126586914,0.226,46.800000000000004
2894,0.0006244182586669922,0.226,46.400000000000006
2895,0.0022580623626708984,0.226,46.0
2896,0.0018818378448486328,0.226,46.0
2897,0.0019981861114501953,0.226,45.6
2898,0.001600027084350586,0.226,45.2
2899,0.0006797313690185547,0.226,44.800000000000004
2900,0.002168416976928711,0.226,44.800000000000004
2901,0.0006103515625,0.226,44.400000000000006
2902,0.002206087112426758,0.226,44.400000000000006
2903,0.0006010532379150391,0.226,44.400000000000006
2904,0.0016398429870605469,0.226,44.0
2905,0.0006825923919677734,0.226,44.0
2906,0.0021986961364746094,0.226,44.0
2907,0.0016713142395019531,0.226,44.0
2908,0.0021877288818359375,0.226,44.0
2909,0.0019845962524414062,0.226,44.400000000000006
2910,0.0007040500640869141,0.226,44.400000000000006
2911,0.0021631717681884766,0.226,44.400000000000006
2912,0.0006442070007324219,0.226,44.800000000000004
2913,0.0021033287048339844,0.226,44.800000000000004
2914,0.0006601810455322266,0.226,45.2
2915,0.0020608901977539062,0.226,45.6
2916,0.0019521713256835938,0.226,46.0
2917,0.002244710922241211,0.226,46.0
2918,0.002053976058959961,0.226,46.400000000000006
2919,0.001998424530029297,0.226,46.800000000000004
2920,0.001977682113647461,0.226,47.2
2921,0.001977682113647461,0.226,47.2
2922,0.0024290084838867188,0.226,47.6
2923,0.0006422996520996094,0.226,48.0
2924,0.0016977787017822266,0.228,48.400000000000006
2925,0.0005900859832763672,0.228,49.2
2926,0.0021545886993408203,0.228,49.6
2927,0.0006096363067626953,0.231,50.0
2928,0.0020503997802734375,0.231,50.400000000000006
2929,0.0006062984466552734,0.231,50.800000000000004
2930,0.0024442672729492188,0.231,51.2
2931,0.0006005764007568359,0.231,52.0
2932,0.0016558170318603516,0.231,52.400000000000006
2933,0.001851797103881836,0.231,52.800000000000004
2934,0.0005700588226318359,0.231,53.2
2935,0.001753091812133789,0.231,53.6
2936,0.0005788803100585938,0.231,54.400000000000006
2937,0.0016398429870605469,0.231,54.800000000000004
2938,0.0005817413330078125,0.233,55.2
2939,0.002307415008544922,0.233,55.6
2940,0.0006186962127685547,0.233,56.0
2941,0.002321004867553711,0.233,56.400000000000006
2942,0.0005812644958496094,0.233,56.800000000000004
2943,0.001615762710571289,0.233,57.2
2944,0.0005517005920410156,0.233,57.6
2945,0.0023262500762939453,0.233,58.0
2946,0.0006461143493652344,0.233,58.400000000000006
2947,0.002223491668701172,0.233,58.400000000000006
2948,0.0006384849548339844,0.233,58.800000000000004
2949,0.0019419193267822266,0.233,59.2
2950,0.0017156600952148438,0.233,59.2
2951,0.0015807151794433594,0.235,59.6
2952,0.0021827220916748047,0.237,59.6
2953,0.0015256404876708984,0.237,60.0
2954,0.0006794929504394531,0.237,60.0
2955,0.002095937728881836,0.237,60.0
2956,0.001987934112548828,0.237,60.400000000000006
2957,0.0006957054138183594,0.237,60.400000000000006
2958,0.0021517276763916016,0.237,60.400000000000006
2959,0.0018248558044433594,0.239,60.400000000000006
2960,0.0023539066314697266,0.239,60.400000000000006
2961,0.0020117759704589844,0.239,60.400000000000006
2962,0.0018801689147949219,0.239,60.400000000000006
2963,0.0021309852600097656,0.239,60.400000000000006
2964,0.0006561279296875,0.239,60.400000000000006
2965,0.0015444755554199219,0.24100000000000002,60.400000000000006
2966,0.0019445419311523438,0.24100000000000002,60.0
2967,0.002214670181274414,0.24100000000000002,60.0
2968,0.001886606216430664,0.24100000000000002,60.0
2969,0.0006442070007324219,0.24100000000000002,60.0
2970,0.002364635467529297,0.24100000000000002,59.6
2971,0.001867532730102539,0.24100000000000002,59.6
2972,0.0006158351898193359,0.24100000000000002,59.6
2973,0.0021822452545166016,0.24100000000000002,59.2
2974,0.0006096363067626953,0.24100000000000002,59.2
2975,0.0022857189178466797,0.24100000000000002,59.2
2976,0.0005626678466796875,0.24100000000000002,58.800000000000004
2977,0.002261638641357422,0.24100000000000002,58.800000000000004
2978,0.0005900859832763672,0.24100000000000002,58.800000000000004
2979,0.002090930938720703,0.24100000000000002,58.400000000000006
2980,0.0005805492401123047,0.24100000000000002,58.400000000000006
2981,0.0021283626556396484,0.24100000000000002,58.400000000000006
2982,0.0005526542663574219,0.24100000000000002,58.0
2983,0.0021042823791503906,0.24100000000000002,58.0
2984,0.0006072521209716797,0.24100000000000002,58.0
2985,0.002068042755126953,0.24100000000000002,57.6
2986,0.0005800724029541016,0.24100000000000002,57.6
2987,0.0024590492248535156,0.24100000000000002,57.6
2988,0.00222015380859375,0.24100000000000002,57.6
2989,0.0006213188171386719,0.24100000000000002,57.2
2990,0.001689910888671875,0.24100000000000002,57.2
2991,0.0005891323089599609,0.24100000000000002,57.2
2992,0.0017924308776855469,0.24100000000000002,57.2
2993,0.0019626617431640625,0.24100000000000002,56.800000000000004
2994,0.0020236968994140625,0.24100000000000002,56.800000000000004
2995,0.002190828323364258,0.24100000000000002,56.800000000000004
2996,0.0004887580871582031,0.24100000000000002,56.800000000000004
2997,0.0022878646850585938,0.24100000000000002,56.800000000000004
2998,0.0005841255187988281,0.24100000000000002,56.400000000000006
2999,0.002164602279663086,0.24100000000000002,56.400000000000006
3000,0.0006010532379150391,0.24100000000000002,56.400000000000006
3001,0.002610445022583008,0.24100000000000002,56.400000000000006
3002,0.0020542144775390625,0.24100000000000002,56.400000000000006
3003,0.0006439685821533203,0.24100000000000002,56.400000000000006
3004,0.002319812774658203,0.24100000000000002,56.400000000000006
3005,0.0018341541290283203,0.24100000000000002,56.400000000000006
3006,0.0006644725799560547,0.24100000000000002,56.400000000000006
3007,0.0015747547149658203,0.24100000000000002,56.400000000000006
3008,0.000637054443359375,0.24100000000000002,56.400000000000006
3009,0.0022516250610351562,0.24100000000000002,56.400000000000006
3010,0.0019032955169677734,0.24100000000000002,56.400000000000006
3011,0.0024428367614746094,0.24100000000000002,56.400000000000006
3012,0.0015187263488769531,0.24100000000000002,56.400000000000006
3013,0.0006525516510009766,0.24100000000000002,56.400000000000006
3014,0.0025527477264404297,0.24100000000000002,56.800000000000004
3015,0.001718282699584961,0.24100000000000002,56.800000000000004
3016,0.0020704269409179688,0.24100000000000002,56.800000000000004
3017,0.0019235610961914062,0.24100000000000002,56.800000000000004
3018,0.0006289482116699219,0.24100000000000002,56.800000000000004
3019,0.0018799304962158203,0.24100000000000002,56.800000000000004
3020,0.0006163120269775391,0.24100000000000002,57.2
3021,0.0018935203552246094,0.24100000000000002,57.2
3022,0.0005896091461181641,0.24100000000000002,57.2
3023,0.001928091049194336,0.24100000000000002,57.2
3024,0.0014328956604003906,0.24100000000000002,57.6
3025,0.0006258487701416016,0.24100000000000002,57.6
3026,0.0018911361694335938,0.24100000000000002,57.6
3027,0.0008254051208496094,0.24100000000000002,57.6
3028,0.002332925796508789,0.24100000000000002,58.0
3029,0.0007195472717285156,0.24100000000000002,58.0
3030,0.0024230480194091797,0.24100000000000002,58.0
3031,0.0006253719329833984,0.24600000000000002,58.0
3032,0.0015218257904052734,0.248,58.400000000000006
3033,0.0006120204925537109,0.248,58.400000000000006
3034,0.0022020339965820312,0.248,58.400000000000006
3035,0.0007147789001464844,0.248,58.400000000000006
3036,0.0016872882843017578,0.248,58.800000000000004
3037,0.00060272216796875,0.25,58.800000000000004
3038,0.0019724369049072266,0.25,58.800000000000004
3039,0.0020182132720947266,0.25,58.800000000000004
3040,0.00057220458984375,0.25,59.2
3041,0.002038240432739258,0.25,59.2
3042,0.0018939971923828125,0.25,59.2
3043,0.002184152603149414,0.25,59.6
3044,0.0006074905395507812,0.25,59.6
3045,0.002433300018310547,0.25,60.0
3046,0.0014181137084960938,0.25,60.0
3047,0.0006740093231201172,0.25,60.0
3048,0.0019888877868652344,0.25,60.400000000000006
3049,0.0006029605865478516,0.25,60.400000000000006
3050,0.0019423961639404297,0.25,60.800000000000004
3051,0.0006184577941894531,0.25,60.800000000000004
3052,0.002335786819458008,0.25,61.2
3053,0.0005681514739990234,0.25,61.2
3054,0.00229644775390625,0.25,61.6
3055,0.0007381439208984375,0.25,61.6
3056,0.002092599868774414,0.25,61.6
3057,0.002379179000854492,0.25,62.0
3058,0.0019996166229248047,0.25,62.0
3059,0.0006415843963623047,0.25,62.400000000000006
3060,0.002081155776977539,0.25,62.400000000000006
3061,0.0006515979766845703,0.25,62.400000000000006
3062,0.002298116683959961,0.25,62.800000000000004
3063,0.0007917881011962891,0.25,62.800000000000004
3064,0.0017075538635253906,0.25,62.800000000000004
3065,0.0017292499542236328,0.25,62.800000000000004
3066,0.002227306365966797,0.25,63.2
3067,0.0014858245849609375,0.25,63.2
3068,0.0019991397857666016,0.25,63.2
3069,0.0022683143615722656,0.25,63.2
3070,0.002231121063232422,0.25,63.6
3071,0.001886606216430664,0.25,63.6
3072,0.001886606216430664,0.25,63.6
3073,0.0020532608032226562,0.25,63.6
3074,0.0007221698760986328,0.25,63.6
3075,0.001922607421875,0.25,63.6
3076,0.0006196498870849609,0.25,64.0
3077,0.0020334720611572266,0.25,64.0
3078,0.0006148815155029297,0.25,64.0
3079,0.0018222332000732422,0.25,64.0
3080,0.0006134510040283203,0.25,64.0
3081,0.002112865447998047,0.25,64.0
3082,0.0005893707275390625,0.25,64.0
3083,0.0023403167724609375,0.25,64.0
3084,0.0005965232849121094,0.25,64.4
3085,0.0024878978729248047,0.25,64.4
3086,0.0006222724914550781,0.248,64.4
3087,0.002435445785522461,0.248,64.4
3088,0.0006160736083984375,0.24600000000000002,64.4
3089,0.002420186996459961,0.24600000000000002,64.4
3090,0.002023935317993164,0.24600000000000002,64.4
3091,0.0005850791931152344,0.24600000000000002,64.4
3092,0.002123117446899414,0.24600000000000002,64.4
3093,0.0005934238433837891,0.24600000000000002,64.4
3094,0.0019490718841552734,0.244,64.4
3095,0.0005555152893066406,0.244,64.4
3096,0.0019001960754394531,0.244,64.4
3097,0.0020737648010253906,0.244,64.4
3098,0.002183198928833008,0.24100000000000002,64.0
3099,0.0018987655639648438,0.24100000000000002,64.0
3100,0.002238750457763672,0.239,64.0
3101,0.0006184577941894531,0.239,64.0
3102,0.001636505126953125,0.237,64.0
3103,0.0005552768707275391,0.237,63.6
3104,0.0021522045135498047,0.237,63.6
3105,0.0006744861602783203,0.237,63.6
3106,0.0025610923767089844,0.237,63.2
3107,0.0015254020690917969,0.237,63.2
3108,0.002107381820678711,0.237,62.800000000000004
3109,0.002149343490600586,0.237,62.800000000000004
3110,0.001955270767211914,0.237,62.400000000000006
3111,0.002148151397705078,0.237,62.400000000000006
3112,0.0021238327026367188,0.237,62.0
3113,0.0007092952728271484,0.237,61.6
3114,0.0018246173858642578,0.237,61.6
3115,0.0006482601165771484,0.237,61.2
3116,0.0025212764739990234,0.237,60.800000000000004
3117,0.0021164417266845703,0.237,60.400000000000006
3118,0.0006504058837890625,0.237,60.0
3119,0.0015857219696044922,0.237,59.6
3120,0.0006194114685058594,0.237,59.6
3121,0.001967906951904297,0.237,59.2
3122,0.0006723403930664062,0.237,58.800000000000004
3123,0.0023522377014160156,0.237,58.400000000000006
3124,0.0015342235565185547,0.237,58.0
3125,0.0006010532379150391,0.237,57.6
3126,0.002033710479736328,0.237,57.2
3127,0.0005950927734375,0.237,56.800000000000004
3128,0.0016262531280517578,0.237,56.400000000000006
3129,0.00060272216796875,0.237,56.0
3130,0.0020682811737060547,0.239,55.6
3131,0.0005681514739990234,0.239,55.6
3132,0.0021011829376220703,0.239,55.2
3133,0.0005662441253662109,0.239,54.800000000000004
3134,0.0024166107177734375,0.244,54.400000000000006
3135,0.0005662441253662109,0.244,54.400000000000006
3136,0.0017442703247070312,0.24600000000000002,54.0
3137,0.001584768295288086,0.248,53.6
3138,0.0005748271942138672,0.248,53.6
3139,0.002244710922241211,0.248,53.2
3140,0.0006175041198730469,0.248,53.2
3141,0.0023336410522460938,0.248,53.2
3142,0.0017886161804199219,0.248,52.800000000000004
3143,0.0005726814270019531,0.248,52.800000000000004
3144,0.001973867416381836,0.248,52.800000000000004
3145,0.0005753040313720703,0.248,52.800000000000004
3146,0.002087116241455078,0.248,52.800000000000004
3147,0.0005807876586914062,0.248,53.2
3148,0.002107381820678711,0.248,53.2
3149,0.0005574226379394531,0.248,53.2
3150,0.0020864009857177734,0.248,53.6
3151,0.0005886554718017578,0.248,53.6
3152,0.0025854110717773438,0.248,54.0
3153,0.0005397796630859375,0.248,54.400000000000006
3154,0.002022266387939453,0.248,54.800000000000004
3155,0.0006155967712402344,0.248,55.2
3156,0.0021135807037353516,0.248,55.6
3157,0.0006146430969238281,0.248,56.0
3158,0.0017137527465820312,0.248,56.400000000000006
3159,0.0018775463104248047,0.248,56.800000000000004
3160,0.0006258487701416016,0.248,57.2
3161,0.0023250579833984375,0.248,57.6
3162,0.0017826557159423828,0.248,58.400000000000006
3163,0.0022902488708496094,0.248,58.800000000000004
3164,0.002190113067626953,0.248,59.2
3165,0.0006651878356933594,0.248,60.0
3166,0.002033710479736328,0.248,60.400000000000006
3167,0.0015225410461425781,0.248,61.2
3168,0.0023462772369384766,0.248,61.6
3169,0.0021452903747558594,0.248,62.0
3170,0.0022521018981933594,0.248,62.800000000000004
3171,0.0006127357482910156,0.248,63.2
3172,0.001664876937866211,0.248,64.0
3173,0.0006198883056640625,0.248,64.4
3174,0.0020067691802978516,0.248,64.8
3175,0.0005643367767333984,0.248,65.60000000000001
3176,0.002326488494873047,0.24600000000000002,66.0
3177,0.0005929470062255859,0.24600000000000002,66.4
3178,0.002305746078491211,0.244,66.8
3179,0.0014929771423339844,0.244,67.2
3180,0.0006318092346191406,0.244,67.60000000000001
3181,0.0015273094177246094,0.24100000000000002,68.0
3182,0.002173900604248047,0.24100000000000002,68.4
3183,0.0006380081176757812,0.24100000000000002,68.8
3184,0.0023097991943359375,0.239,69.2
3185,0.001870870590209961,0.239,69.60000000000001
3186,0.001890420913696289,0.235,70.0
3187,0.0019376277923583984,0.235,70.0
3188,0.0006098747253417969,0.235,70.4
3189,0.0016319751739501953,0.235,70.4
3190,0.002036571502685547,0.235,70.4
3191,0.0005955696105957031,0.235,70.8
3192,0.0022611618041992188,0.235,70.8
3193,0.0005440711975097656,0.235,70.8
3194,0.0017838478088378906,0.235,70.8
3195,0.0006005764007568359,0.231,70.4
3196,0.0021538734436035156,0.231,70.4
3197,0.0005984306335449219,0.231,70.0
3198,0.0019142627716064453,0.231,70.0
3199,0.0005521774291992188,0.231,69.60000000000001
3200,0.0016345977783203125,0.231,69.2
3201,0.001745462417602539,0.228,68.8
3202,0.0022058486938476562,0.228,68.4
3203,0.002178192138671875,0.228,68.0
3204,0.0015332698822021484,0.228,67.60000000000001
3205,0.0006692409515380859,0.228,66.8
3206,0.0021486282348632812,0.228,66.4
3207,0.0006585121154785156,0.228,65.60000000000001
3208,0.002118825912475586,0.228,64.8
3209,0.0005762577056884766,0.228,64.0
3210,0.0022814273834228516,0.228,63.2
3211,0.0021028518676757812,0.228,62.400000000000006
3212,0.0008199214935302734,0.228,61.6
3213,0.002810955047607422,0.228,60.400000000000006
3214,0.0026657581329345703,0.228,59.6
3215,0.0022568702697753906,0.228,58.800000000000004
3216,0.0018954277038574219,0.228,57.6
3217,0.0018954277038574219,0.228,57.6
3218,0.0019960403442382812,0.228,56.800000000000004
3219,0.0006051063537597656,0.228,55.6
3220,0.0021588802337646484,0.228,54.800000000000004
3221,0.0006055831909179688,0.228,53.6
3222,0.002155303955078125,0.228,52.800000000000004
3223,0.0006012916564941406,0.228,51.6
3224,0.002162933349609375,0.228,50.400000000000006
3225,0.0022487640380859375,0.228,49.6
3226,0.0005867481231689453,0.228,48.400000000000006
3227,0.002542734146118164,0.228,47.6
3228,0.0006330013275146484,0.228,46.800000000000004
3229,0.0020380020141601562,0.228,45.6
3230,0.0006024837493896484,0.228,44.800000000000004
3231,0.002331972122192383,0.228,44.0
3232,0.0006146430969238281,0.233,43.2
3233,0.0023009777069091797,0.233,42.400000000000006
3234,0.0005941390991210938,0.233,42.0
3235,0.0016455650329589844,0.233,41.2
3236,0.0023670196533203125,0.233,40.800000000000004
3237,0.0006163120269775391,0.235,40.400000000000006
3238,0.0016236305236816406,0.235,40.0
3239,0.0018279552459716797,0.237,39.6
3240,0.0021245479583740234,0.237,39.6
3241,0.0020682811737060547,0.237,39.2
3242,0.0006160736083984375,0.239,39.2
3243,0.0017218589782714844,0.239,39.2
3244,0.002335071563720703,0.239,39.6
3245,0.002458333969116211,0.239,39.6
3246,0.0021431446075439453,0.239,40.0
3247,0.0006215572357177734,0.239,40.400000000000006
3248,0.0017845630645751953,0.239,40.800000000000004
3249,0.0006151199340820312,0.239,41.2
3250,0.0023391246795654297,0.239,42.0
3251,0.0015566349029541016,0.239,42.400000000000006
3252,0.0006024837493896484,0.239,43.2
3253,0.0022444725036621094,0.239,44.0
3254,0.0019719600677490234,0.239,44.800000000000004
3255,0.0006160736083984375,0.239,46.0
3256,0.0016126632690429688,0.239,46.800000000000004
3257,0.0006721019744873047,0.239,48.0
3258,0.0019860267639160156,0.239,48.800000000000004
3259,0.0005900859832763672,0.239,50.0
3260,0.0021173954010009766,0.239,51.2
3261,0.0020682811737060547,0.239,52.0
3262,0.0017478466033935547,0.239,53.2
3263,0.0027365684509277344,0.239,55.6
3264,0.0020983219146728516,0.239,56.800000000000004
3265,0.0014030933380126953,0.239,57.6
3266,0.0007424354553222656,0.239,58.800000000000004
3267,0.002238750457763672,0.239,60.0
3268,0.0007264614105224609,0.239,60.800000000000004
3269,0.002227306365966797,0.239,62.0
3270,0.0015363693237304688,0.239,63.2
3271,0.0022950172424316406,0.239,64.0
3272,0.0019178390502929688,0.239,64.8
3273,0.0014677047729492188,0.239,66.0
3274,0.0006725788116455078,0.239,66.8
3275,0.0020101070404052734,0.239,67.60000000000001
3276,0.0015342235565185547,0.239,68.4
3277,0.0024328231811523438,0.239,69.2
3278,0.0015895366668701172,0.239,69.60000000000001
3279,0.0006093978881835938,0.239,70.4
3280,0.0020835399627685547,0.239,70.8
3281,0.0006079673767089844,0.239,71.60000000000001
3282,0.002437114715576172,0.239,72.0
3283,0.0005829334259033203,0.239,72.4
3284,0.002232074737548828,0.239,72.8
3285,0.0005779266357421875,0.239,73.2
3286,0.0020020008087158203,0.239,73.2
3287,0.0008981227874755859,0.239,73.60000000000001
3288,0.00159454345703125,0.239,73.60000000000001
3289,0.0007085800170898438,0.239,73.60000000000001
3290,0.0020618438720703125,0.239,73.60000000000001
3291,0.0006241798400878906,0.239,73.60000000000001
3292,0.0003802776336669922,0.239,73.60000000000001
3293,0.0006818771362304688,0.239,73.60000000000001
3294,0.0012211799621582031,0.239,73.2
3295,0.0020837783813476562,0.239,73.2
3296,0.0008988380432128906,0.239,72.8
3297,0.0019321441650390625,0.239,72.4
3298,0.0007548332214355469,0.239,72.0
3299,0.0024404525756835938,0.239,71.60000000000001
3300,0.0006403923034667969,0.239,71.2
3301,0.0022819042205810547,0.239,70.4
3302,0.0006320476531982422,0.239,70.0
3303,0.002096891403198242,0.239,69.2
3304,0.0005948543548583984,0.239,68.8
3305,0.0016846656799316406,0.239,68.0
3306,0.0007736682891845703,0.239,67.2
3307,0.0015985965728759766,0.239,66.4
3308,0.0007710456848144531,0.239,65.60000000000001
3309,0.0022017955780029297,0.239,64.8
3310,0.0006766319274902344,0.239,64.0
3311,0.001947641372680664,0.239,63.2
3312,0.0019180774688720703,0.239,62.400000000000006
3313,0.0006115436553955078,0.239,61.6
3314,0.0022020339965820312,0.239,60.400000000000006
3315,0.0006389617919921875,0.239,59.6
3316,0.0019669532775878906,0.239,58.800000000000004
3317,0.0006418228149414062,0.237,58.0
3318,0.0020399093627929688,0.237,57.2
3319,0.0020279884338378906,0.237,56.0
3320,0.002113819122314453,0.235,55.2
3321,0.0021529197692871094,0.235,54.400000000000006
3322,0.0019378662109375,0.233,53.6
3323,0.0006115436553955078,0.233,52.800000000000004
3324,0.0020923614501953125,0.233,52.0
3325,0.0005831718444824219,0.233,51.6
3326,0.0016067028045654297,0.233,50.800000000000004
3327,0.0006227493286132812,0.231,50.0
3328,0.002009153366088867,0.231,49.6
3329,0.0020933151245117188,0.231,48.800000000000004
3330,0.0006313323974609375,0.231,48.400000000000006
3331,0.0022225379943847656,0.228,48.0
3332,0.0006051063537597656,0.228,47.2
3333,0.0016655921936035156,0.228,46.800000000000004
3334,0.0005619525909423828,0.228,46.400000000000006
3335,0.002248525619506836,0.228,46.400000000000006
3336,0.0005664825439453125,0.226,46.0
3337,0.0023546218872070312,0.226,45.6
3338,0.0016067028045654297,0.226,45.6
3339,0.0006046295166015625,0.226,45.2
3340,0.0016520023345947266,0.226,45.2
3341,0.0005939006805419922,0.226,45.2
3342,0.002142190933227539,0.226,45.2
3343,0.00251007080078125,0.226,45.2
3344,0.002267122268676758,0.226,45.2
3345,0.0018033981323242188,0.226,45.2
3346,0.0006508827209472656,0.226,45.2
3347,0.0021941661834716797,0.226,45.6
3348,0.0006589889526367188,0.226,45.6
3349,0.002062082290649414,0.226,46.0
3350,0.002388477325439453,0.226,46.0
3351,0.0006144046783447266,0.226,46.400000000000006
3352,0.0016520023345947266,0.226,46.800000000000004
3353,0.0006053447723388672,0.226,47.2
3354,0.002372264862060547,0.226,47.6
3355,0.0007233619689941406,0.226,48.0
3356,0.0017840862274169922,0.226,48.400000000000006
3357,0.0006582736968994141,0.226,48.800000000000004
3358,0.002343416213989258,0.228,49.2
3359,0.0019173622131347656,0.228,49.6
3360,0.002216339111328125,0.228,50.0
3361,0.0019719600677490234,0.228,50.400000000000006
3362,0.0016906261444091797,0.228,51.2
3363,0.0016906261444091797,0.228,51.2
3364,0.0017328262329101562,0.228,51.6
3365,0.0019943714141845703,0.231,52.0
3366,0.0006422996520996094,0.231,52.400000000000006
3367,0.001986980438232422,0.231,52.800000000000004
3368,0.002305746078491211,0.231,53.6
3369,0.0006532669067382812,0.231,54.0
3370,0.0016613006591796875,0.233,54.400000000000006
3371,0.0021524429321289062,0.233,54.800000000000004
3372,0.000461578369140625,0.233,55.2
3373,0.00042819976806640625,0.233,55.6
3374,0.0008978843688964844,0.235,56.0
3375,0.0007445812225341797,0.235,56.400000000000006
3376,0.002128124237060547,0.235,56.800000000000004
3377,0.0016782283782958984,0.235,57.2
3378,0.0018897056579589844,0.235,57.6
3379,0.0026006698608398438,0.235,58.0
3380,0.0007367134094238281,0.237,58.400000000000006
3381,0.001678466796875,0.237,58.800000000000004
3382,0.0006959438323974609,0.237,59.2
3383,0.00209808349609375,0.237,59.6
3384,0.0006234645843505859,0.237,60.0
3385,0.0017254352569580078,0.237,60.0
3386,0.0006093978881835938,0.237,60.400000000000006
3387,0.0020940303802490234,0.237,60.800000000000004
3388,0.0006647109985351562,0.237,60.800000000000004
3389,0.0020902156829833984,0.237,61.2
3390,0.001970052719116211,0.237,61.6
3391,0.002043008804321289,0.237,61.6
3392,0.002262115478515625,0.237,62.0
3393,0.0021610260009765625,0.237,62.0
3394,0.0006732940673828125,0.237,62.400000000000006
3395,0.0016236305236816406,0.237,62.400000000000006
3396,0.0024251937866210938,0.237,62.400000000000006
3397,0.0015575885772705078,0.237,62.400000000000006
3398,0.0006415843963623047,0.237,62.800000000000004
3399,0.0021004676818847656,0.237,62.800000000000004
3400,0.0006184577941894531,0.237,62.800000000000004
3401,0.001874685287475586,0.237,62.800000000000004
3402,0.0006084442138671875,0.237,62.800000000000004
3403,0.0020694732666015625,0.237,62.400000000000006
3404,0.0005991458892822266,0.237,62.400000000000006
3405,0.0025658607482910156,0.237,62.400000000000006
3406,0.0007727146148681641,0.237,62.400000000000006
3407,0.001968860626220703,0.237,62.0
3408,0.002045154571533203,0.237,62.0
3409,0.0024261474609375,0.237,61.6
3410,0.002221345901489258,0.239,61.6
3411,0.002379179000854492,0.239,61.2
3412,0.0015869140625,0.239,61.2
3413,0.0006916522979736328,0.239,60.800000000000004
3414,0.0024051666259765625,0.239,60.800000000000004
3415,0.002228975296020508,0.239,60.400000000000006
3416,0.0007038116455078125,0.239,60.0
3417,0.0016891956329345703,0.239,60.0
3418,0.0019154548645019531,0.239,59.6
3419,0.0006544589996337891,0.239,59.2
3420,0.002361774444580078,0.239,58.800000000000004
3421,0.0022361278533935547,0.239,58.800000000000004
3422,0.0015714168548583984,0.239,58.400000000000006
3423,0.002134084701538086,0.239,58.0
3424,0.0006196498870849609,0.239,57.6
3425,0.0020487308502197266,0.239,57.6
3426,0.0006086826324462891,0.237,57.2
3427,0.002015829086303711,0.237,56.800000000000004
3428,0.0006287097930908203,0.237,56.400000000000006
3429,0.0022063255310058594,0.237,56.400000000000006
3430,0.001378774642944336,0.233,56.0
3431,0.0006110668182373047,0.233,55.6
3432,0.0019745826721191406,0.233,55.6
3433,0.0005915164947509766,0.233,55.2
3434,0.0020112991333007812,0.233,54.800000000000004
3435,0.0005810260772705078,0.233,54.800000000000004
3436,0.0025987625122070312,0.231,54.400000000000006
3437,0.002032041549682617,0.231,54.400000000000006
3438,0.0015172958374023438,0.228,54.0
3439,0.0022001266479492188,0.226,53.6
3440,0.0023658275604248047,0.226,53.6
3441,0.0005733966827392578,0.226,53.2
3442,0.002003908157348633,0.226,53.2
3443,0.000576019287109375,0.226,52.800000000000004
3444,0.0024945735931396484,0.226,52.800000000000004
3445,0.0021240711212158203,0.226,52.400000000000006
3446,0.0023102760314941406,0.226,52.400000000000006
3447,0.0016589164733886719,0.226,52.0
3448,0.002198934555053711,0.226,52.0
3449,0.0006012916564941406,0.226,52.0
3450,0.0017192363739013672,0.226,51.6
3451,0.0017952919006347656,0.226,51.6
3452,0.001819610595703125,0.226,51.2
3453,0.0024216175079345703,0.226,51.2
3454,0.0023682117462158203,0.226,50.800000000000004
3455,0.0021772384643554688,0.226,50.800000000000004
3456,0.0023446083068847656,0.226,50.400000000000006
3457,0.0023162364959716797,0.226,50.400000000000006
3458,0.0008060932159423828,0.226,50.400000000000006
3459,0.0016491413116455078,0.226,50.0
3460,0.002226114273071289,0.226,50.0
3461,0.0021295547485351562,0.226,50.0
3462,0.0014255046844482422,0.226,49.6
3463,0.0023517608642578125,0.226,49.6
3464,0.0019145011901855469,0.226,49.6
3465,0.002165555953979492,0.226,49.6
3466,0.0007436275482177734,0.226,49.6
3467,0.0023241043090820312,0.226,49.2
3468,0.0007085800170898438,0.226,49.2
3469,0.0027680397033691406,0.226,49.2
3470,0.0021202564239501953,0.226,49.2
3471,0.0021872520446777344,0.226,49.2
3472,0.0015535354614257812,0.228,49.2
3473,0.002282381057739258,0.228,49.2
3474,0.000705718994140625,0.231,49.2
3475,0.0015385150909423828,0.231,49.2
3476,0.000644683837890625,0.231,49.2
3477,0.002395153045654297,0.231,49.2
3478,0.0006225109100341797,0.231,49.2
3479,0.0023233890533447266,0.231,49.6
3480,0.002311229705810547,0.231,49.6
3481,0.002167940139770508,0.231,49.6
3482,0.0020787715911865234,0.231,49.6
3483,0.0005862712860107422,0.231,50.0
3484,0.002112865447998047,0.231,50.0
3485,0.0006003379821777344,0.231,50.0
3486,0.002351522445678711,0.231,50.400000000000006
3487,0.0006196498870849609,0.233,50.400000000000006
3488,0.0027451515197753906,0.233,50.800000000000004
3489,0.0023148059844970703,0.233,51.2
3490,0.0006384849548339844,0.233,51.2
3491,0.002198457717895508,0.233,51.6
3492,0.0006368160247802734,0.235,51.6
3493,0.0016384124755859375,0.235,52.0
3494,0.0019326210021972656,0.237,52.400000000000006
3495,0.0006186962127685547,0.237,52.400000000000006
3496,0.0020008087158203125,0.239,52.800000000000004
3497,0.0006189346313476562,0.239,53.2
3498,0.0019659996032714844,0.24100000000000002,53.6
3499,0.0005934238433837891,0.24100000000000002,54.0
3500,0.0021371841430664062,0.24100000000000002,54.0
3501,0.0005869865417480469,0.244,54.400000000000006
3502,0.0020225048065185547,0.244,54.800000000000004
3503,0.0005846023559570312,0.244,55.2
3504,0.0021245479583740234,0.244,55.6
3505,0.0018570423126220703,0.244,56.0
3506,0.0018570423126220703,0.244,56.0
3507,0.0023431777954101562,0.244,56.400000000000006
3508,0.0008840560913085938,0.244,56.800000000000004
3509,0.0020689964294433594,0.244,56.800000000000004
3510,0.0006458759307861328,0.244,57.6
3511,0.002420186996459961,0.244,58.0
3512,0.0006530284881591797,0.244,58.400000000000006
3513,0.002519845962524414,0.244,58.800000000000004
3514,0.0020339488983154297,0.244,59.2
3515,0.0006835460662841797,0.244,59.6
3516,0.0019845962524414062,0.244,60.0
3517,0.002427816390991211,0.244,60.400000000000006
3518,0.002173185348510742,0.244,60.800000000000004
3519,0.0021567344665527344,0.244,61.2
3520,0.0006868839263916016,0.244,61.6
3521,0.0022842884063720703,0.24100000000000002,62.0
3522,0.0006613731384277344,0.24100000000000002,62.400000000000006
3523,0.0017757415771484375,0.24100000000000002,62.800000000000004
3524,0.002199888229370117,0.239,63.2
3525,0.0020580291748046875,0.239,63.2
3526,0.0021898746490478516,0.239,63.6
3527,0.0020515918731689453,0.239,64.0
3528,0.002020120620727539,0.239,64.4
3529,0.0006451606750488281,0.239,64.4
3530,0.0023450851440429688,0.239,64.8
3531,0.0016033649444580078,0.239,65.2
3532,0.0006108283996582031,0.239,65.2
3533,0.002065420150756836,0.235,65.2
3534,0.0006060600280761719,0.235,65.60000000000001
3535,0.0020322799682617188,0.233,65.60000000000001
3536,0.0017766952514648438,0.233,65.60000000000001
3537,0.0006318092346191406,0.233,65.60000000000001
3538,0.002422332763671875,0.233,65.60000000000001
3539,0.002134561538696289,0.233,65.60000000000001
3540,0.002028226852416992,0.233,65.60000000000001
3541,0.0020530223846435547,0.233,65.60000000000001
3542,0.000652313232421875,0.233,65.60000000000001
3543,0.0024623870849609375,0.233,65.2
3544,0.0012712478637695312,0.233,65.2
3545,0.002482891082763672,0.233,64.8
3546,0.0018711090087890625,0.233,64.4
3547,0.000980377197265625,0.233,64.4
3548,0.002429485321044922,0.233,64.0
3549,0.0005943775177001953,0.233,63.6
3550,0.0007140636444091797,0.233,63.2
3551,0.0010683536529541016,0.233,62.800000000000004
3552,0.0019834041595458984,0.233,62.400000000000006
3553,0.0009033679962158203,0.233,62.0
3554,0.0019452571868896484,0.233,61.2
3555,0.0016045570373535156,0.233,60.800000000000004
3556,0.001535654067993164,0.233,60.400000000000006
3557,0.0015320777893066406,0.233,59.6
3558,0.0008678436279296875,0.233,59.2
3559,0.002216815948486328,0.233,58.400000000000006
3560,0.0007462501525878906,0.233,58.0
3561,0.002429962158203125,0.233,57.2
3562,0.0022020339965820312,0.233,56.800000000000004
3563,0.0021631717681884766,0.233,56.0
3564,0.0019822120666503906,0.233,55.6
3565,0.0023832321166992188,0.233,54.800000000000004
3566,0.0008230209350585938,0.233,54.0
3567,0.0023560523986816406,0.233,53.6
3568,0.0007266998291015625,0.233,53.2
3569,0.002415895462036133,0.233,52.400000000000006
3570,0.0006451606750488281,0.235,52.0
3571,0.0016200542449951172,0.237,51.2
3572,0.0022389888763427734,0.237,50.800000000000004
3573,0.0006251335144042969,0.237,50.400000000000006
3574,0.002333402633666992,0.237,50.0
3575,0.001996755599975586,0.237,49.6
3576,0.0006389617919921875,0.237,49.2
3577,0.002077341079711914,0.237,48.800000000000004
3578,0.0016434192657470703,0.237,48.400000000000006
3579,0.002111673355102539,0.237,48.0
3580,0.0022377967834472656,0.237,48.0
3581,0.0006265640258789062,0.237,47.6
3582,0.001672506332397461,0.24100000000000002,47.6
3583,0.0014979839324951172,0.24100000000000002,47.2
3584,0.0005769729614257812,0.244,47.2
3585,0.0016415119171142578,0.244,47.2
3586,0.0006570816040039062,0.24600000000000002,47.2
3587,0.0023915767669677734,0.24600000000000002,47.2
3588,0.001950979232788086,0.24600000000000002,47.2
3589,0.0022573471069335938,0.248,47.6
3590,0.0021162033081054688,0.248,47.6
3591,0.0022008419036865234,0.248,48.0
3592,0.0016820430755615234,0.248,48.400000000000006
3593,0.0006804466247558594,0.248,48.800000000000004
3594,0.0021512508392333984,0.248,49.2
3595,0.0015692710876464844,0.25,49.6
3596,0.002173900604248047,0.25,50.0
3597,0.0024085044860839844,0.25,50.800000000000004
3598,0.002155303955078125,0.25,51.2
3599,0.000766754150390625,0.25,52.0
3600,0.0022525787353515625,0.25,52.800000000000004
3601,0.0006625652313232422,0.25,53.2
3602,0.0020194053649902344,0.25,54.0
3603,0.0006201267242431641,0.25,54.800000000000004
3604,0.0020868778228759766,0.25,55.6
3605,0.0005977153778076172,0.25,56.400000000000006
3606,0.0019478797912597656,0.25,57.6
3607,0.0018668174743652344,0.25,58.400000000000006
3608,0.000728607177734375,0.25,59.2
3609,0.0024471282958984375,0.25,60.0
3610,0.001508951187133789,0.25,60.800000000000004
3611,0.0021004676818847656,0.25,62.0
3612,0.002204418182373047,0.25,62.800000000000004
3613,0.0015845298767089844,0.25,63.6
3614,0.002033233642578125,0.25,64.4
3615,0.00183868408203125,0.25,65.2
3616,0.002214193344116211,0.25,66.4
3617,0.0027227401733398438,0.25,67.2
3618,0.002236604690551758,0.25,68.0
3619,0.0021800994873046875,0.25,68.4
3620,0.0015044212341308594,0.25,69.2
3621,0.0008854866027832031,0.25,70.0
3622,0.0017321109771728516,0.25,70.8
3623,0.0007171630859375,0.24600000000000002,71.2
3624,0.0022644996643066406,0.24600000000000002,72.0
3625,0.0006318092346191406,0.244,72.4
3626,0.0020666122436523438,0.244,73.2
3627,0.0015039443969726562,0.244,73.60000000000001
3628,0.0006299018859863281,0.24100000000000002,74.0
3629,0.002390623092651367,0.237,74.4
3630,0.0018253326416015625,0.237,74.8
3631,0.0006275177001953125,0.237,75.2
3632,0.002505779266357422,0.235,75.60000000000001
3633,0.0018684864044189453,0.233,75.60000000000001
3634,0.0021300315856933594,0.233,76.0
3635,0.0021271705627441406,0.233,76.0
3636,0.0020537376403808594,0.233,76.0
3637,0.0015282630920410156,0.233,76.0
3638,0.000598907470703125,0.233,76.0
3639,0.0021560192108154297,0.233,75.60000000000001
3640,0.0006349086761474609,0.233,75.60000000000001
3641,0.0019953250885009766,0.233,75.2
3642,0.0017428398132324219,0.233,75.2
3643,0.001550912857055664,0.233,74.8
3644,0.0022661685943603516,0.233,74.0
3645,0.0006091594696044922,0.233,73.60000000000001
3646,0.0016193389892578125,0.233,73.2
3647,0.0017237663269042969,0.233,72.4
3648,0.0022068023681640625,0.233,72.0
3649,0.0008041858673095703,0.233,71.2
3650,0.0021729469299316406,0.233,70.4
3651,0.0021729469299316406,0.233,70.4
3652,0.0021233558654785156,0.233,69.60000000000001
3653,0.0018646717071533203,0.233,68.8
3654,0.001922607421875,0.233,67.60000000000001
3655,0.0006124973297119141,0.233,66.8
3656,0.0016138553619384766,0.233,66.0
3657,0.0007462501525878906,0.233,64.8
3658,0.0024509429931640625,0.233,63.6
3659,0.0021560192108154297,0.233,62.800000000000004
3660,0.0022139549255371094,0.233,61.6
3661,0.0023126602172851562,0.233,60.400000000000006
3662,0.002189159393310547,0.233,59.6
3663,0.0020856857299804688,0.233,58.400000000000006
3664,0.0007677078247070312,0.233,57.2
3665,0.0025305747985839844,0.233,56.0
3666,0.0015497207641601562,0.233,54.800000000000004
3667,0.0012586116790771484,0.233,54.0
3668,0.0006990432739257812,0.233,52.800000000000004
3669,0.0024137496948242188,0.233,51.6
3670,0.0022842884063720703,0.233,50.400000000000006
3671,0.0007026195526123047,0.233,49.6
3672,0.002143383026123047,0.233,48.400000000000006
3673,0.0006361007690429688,0.233,47.6
3674,0.002329587936401367,0.233,46.800000000000004
3675,0.0019180774688720703,0.233,46.0
3676,0.0006361007690429688,0.233,45.2
3677,0.002044677734375,0.233,44.400000000000006
3678,0.0019989013671875,0.233,43.6
3679,0.001848459243774414,0.233,43.2
3680,0.0006213188171386719,0.233,42.400000000000006
3681,0.0020041465759277344,0.233,42.0
3682,0.0017592906951904297,0.233,41.6
3683,0.0020227432250976562,0.235,41.2
3684,0.0022115707397460938,0.237,41.2
3685,0.0006103515625,0.237,40.800000000000004
3686,0.002108335494995117,0.237,40.800000000000004
3687,0.0005905628204345703,0.239,40.800000000000004
3688,0.002464771270751953,0.239,40.800000000000004
3689,0.0005764961242675781,0.239,40.800000000000004
3690,0.0020949840545654297,0.239,41.2
3691,0.0005578994750976562,0.239,41.2
3692,0.0021545886993408203,0.239,41.6
3693,0.0005838871002197266,0.239,42.0
3694,0.0019049644470214844,0.239,42.800000000000004
3695,0.0005850791931152344,0.24100000000000002,43.2
3696,0.002306699752807617,0.24100000000000002,44.0
3697,0.0006203651428222656,0.24600000000000002,44.800000000000004
3698,0.0016167163848876953,0.248,45.2
3699,0.0014867782592773438,0.25,46.400000000000006
3700,0.002195596694946289,0.25,47.2
3701,0.0018720626831054688,0.25,48.0
3702,0.0017430782318115234,0.25,48.800000000000004
3703,0.0005936622619628906,0.25,50.0
3704,0.002273082733154297,0.25,50.800000000000004
3705,0.0005800724029541016,0.25,52.0
3706,0.0023729801177978516,0.25,53.2
3707,0.0006902217864990234,0.25,54.400000000000006
3708,0.002279520034790039,0.25,55.6
3709,0.0006601810455322266,0.25,56.800000000000004
3710,0.0024394989013671875,0.25,58.0
3711,0.0006132125854492188,0.25,59.2
3712,0.002488374710083008,0.25,60.400000000000006
3713,0.0020360946655273438,0.25,61.6
3714,0.0006608963012695312,0.25,62.800000000000004
3715,0.00238800048828125,0.25,64.0
3716,0.0018742084503173828,0.25,65.2
3717,0.0022377967834472656,0.25,66.4
3718,0.0021517276763916016,0.25,67.60000000000001
3719,0.0018186569213867188,0.25,68.8
3720,0.0010781288146972656,0.25,70.0
3721,0.0011355876922607422,0.25,70.8
3722,0.0010318756103515625,0.25,72.0
3723,0.002015829086303711,0.25,73.2
3724,0.0013053417205810547,0.25,74.0
3725,0.0009834766387939453,0.25,74.8
3726,0.0013377666473388672,0.25,76.0
3727,0.0014333724975585938,0.25,76.80000000000001
3728,0.0005426406860351562,0.25,77.60000000000001
3729,0.0021059513092041016,0.25,78.4
3730,0.0006606578826904297,0.25,79.2
3731,0.0016257762908935547,0.25,79.60000000000001
3732,0.0006754398345947266,0.25,80.4
3733,0.0013375282287597656,0.25,81.2
3734,0.002012491226196289,0.25,81.60000000000001
3735,0.0006265640258789062,0.25,82.0
3736,0.0020961761474609375,0.25,82.4
3737,0.0005931854248046875,0.25,82.80000000000001
3738,0.002175569534301758,0.25,83.2
3739,0.0005972385406494141,0.25,83.60000000000001
3740,0.002608776092529297,0.25,84.0
3741,0.0005218982696533203,0.25,84.0
3742,0.0013799667358398438,0.25,84.4
3743,0.0006272792816162109,0.25,84.4
3744,0.0026216506958007812,0.25,84.4
3745,0.0005850791931152344,0.25,84.80000000000001
3746,0.002397775650024414,0.25,84.80000000000001
3747,0.0007090568542480469,0.25,84.4
3748,0.002222776412963867,0.25,84.4
3749,0.0004878044128417969,0.25,84.4
3750,0.002154111862182617,0.25,84.4
3751,0.0016384124755859375,0.25,84.0
3752,0.0005500316619873047,0.25,83.60000000000001
3753,0.0025818347930908203,0.25,83.60000000000001
3754,0.0019316673278808594,0.25,83.2
3755,0.0006821155548095703,0.25,82.80000000000001
3756,0.0017523765563964844,0.25,82.4
3757,0.0007679462432861328,0.25,82.0
3758,0.0022096633911132812,0.25,81.60000000000001
3759,0.0006783008575439453,0.25,80.80000000000001
3760,0.002252340316772461,0.25,80.4
3761,0.0015854835510253906,0.25,80.0
3762,0.002307891845703125,0.25,79.2
3763,0.0024912357330322266,0.25,78.4
3764,0.0006730556488037109,0.25,78.0
3765,0.001580953598022461,0.25,77.2
3766,0.0019571781158447266,0.25,76.4
3767,0.0006330013275146484,0.25,75.60000000000001
3768,0.0023353099822998047,0.25,74.8
3769,0.0005908012390136719,0.25,74.0
3770,0.0017273426055908203,0.25,73.2
3771,0.0006036758422851562,0.25,72.0
3772,0.0018537044525146484,0.25,71.2
3773,0.000598907470703125,0.25,70.4
3774,0.0020744800567626953,0.25,69.2
3775,0.0021746158599853516,0.25,68.4
3776,0.0005700588226318359,0.25,67.2
3777,0.0026788711547851562,0.25,66.4
3778,0.0006079673767089844,0.25,65.2
3779,0.0016868114471435547,0.25,64.4
3780,0.0006177425384521484,0.25,63.2
3781,0.0023097991943359375,0.25,62.400000000000006
3782,0.0006220340728759766,0.25,61.6
3783,0.001493692398071289,0.25,60.400000000000006
3784,0.0006232261657714844,0.25,59.6
3785,0.001998424530029297,0.248,58.400000000000006
3786,0.0019953250885009766,0.248,57.6
3787,0.0019421577453613281,0.248,56.800000000000004
3788,0.0006096363067626953,0.248,56.0
3789,0.0022580623626708984,0.248,55.2
3790,0.0006194114685058594,0.248,54.400000000000006
3791,0.002366304397583008,0.248,53.6
3792,0.0007379055023193359,0.248,52.800000000000004
3793,0.002447843551635742,0.248,52.400000000000006
3794,0.0007669925689697266,0.248,51.6
3795,0.0023679733276367188,0.248,51.2
3796,0.0006577968597412109,0.248,50.800000000000004
3797,0.002033710479736328,0.248,50.400000000000006
3798,0.0007007122039794922,0.248,50.0
3799,0.0016963481903076172,0.248,49.6
3800,0.0016963481903076172,0.248,49.6
3801,0.0020477771759033203,0.248,49.2
3802,0.0006167888641357422,0.248,48.800000000000004
3803,0.0023903846740722656,0.248,48.800000000000004
3804,0.0017688274383544922,0.248,48.800000000000004
3805,0.00033545494079589844,0.248,48.800000000000004
3806,0.0003368854522705078,0.248,48.800000000000004
3807,0.00016164779663085938,0.248,48.800000000000004
3808,0.0004878044128417969,0.248,48.800000000000004
3809,0.0001595020294189453,0.248,49.2
3810,0.0003781318664550781,0.248,49.2
3811,0.00015926361083984375,0.248,49.6
3812,0.0004496574401855469,0.248,50.0
3813,0.0006008148193359375,0.248,50.400000000000006
3814,0.0006368160247802734,0.248,50.800000000000004
3815,0.0005290508270263672,0.248,51.2
3816,0.0010464191436767578,0.248,52.0
3817,0.0008556842803955078,0.248,52.400000000000006
3818,0.0024297237396240234,0.248,52.800000000000004
3819,0.00064849853515625,0.248,53.6
3820,0.0022046566009521484,0.248,54.400000000000006
3821,0.0007083415985107422,0.248,54.800000000000004
3822,0.0019450187683105469,0.25,55.6
3823,0.0021669864654541016,0.25,56.400000000000006
3824,0.0008575916290283203,0.25,57.2
3825,0.001802682876586914,0.25,57.6
3826,0.0019049644470214844,0.25,58.400000000000006
3827,0.0006663799285888672,0.25,59.2
3828,0.0024590492248535156,0.25,60.0
3829,0.0014576911926269531,0.25,60.800000000000004
3830,0.0007069110870361328,0.25,61.6
3831,0.0023479461669921875,0.25,62.400000000000006
3832,0.0007729530334472656,0.25,63.2
3833,0.0017962455749511719,0.25,64.0
3834,0.0006825923919677734,0.25,64.8
3835,0.0023212432861328125,0.25,65.60000000000001
3836,0.0006234645843505859,0.25,66.0
3837,0.002054452896118164,0.25,66.8
3838,0.0006077289581298828,0.25,67.60000000000001
3839,0.001965045928955078,0.25,68.4
3840,0.0005726814270019531,0.25,68.8
3841,0.002176523208618164,0.25,69.60000000000001
3842,0.0006284713745117188,0.25,70.0
3843,0.001974344253540039,0.25,70.8
3844,0.0006175041198730469,0.25,71.2
3845,0.0017940998077392578,0.25,71.60000000000001
3846,0.0005996227264404297,0.25,72.0
3847,0.0023088455200195312,0.25,72.4
3848,0.0006136894226074219,0.25,72.8
3849,0.0017349720001220703,0.25,73.2
3850,0.0006272792816162109,0.25,73.60000000000001
3851,0.002409219741821289,0.25,74.0
3852,0.0015900135040283203,0.25,74.0
3853,0.0006275177001953125,0.25,74.4
3854,0.0017771720886230469,0.25,74.4
3855,0.0005865097045898438,0.25,74.8
3856,0.002340555191040039,0.25,74.8
3857,0.0007560253143310547,0.25,74.8
3858,0.0017271041870117188,0.25,74.8
3859,0.0006887912750244141,0.25,74.8
3860,0.002058744430541992,0.25,74.8
3861,0.0006327629089355469,0.25,74.8
3862,0.002291440963745117,0.25,74.4
3863,0.0005881786346435547,0.25,74.4
3864,0.0017294883728027344,0.25,74.4
3865,0.0005970001220703125,0.25,74.0
3866,0.002135753631591797,0.25,74.0
3867,0.002232789993286133,0.25,73.60000000000001
3868,0.0006837844848632812,0.25,73.2
3869,0.0016376972198486328,0.25,72.8
3870,0.0006902217864990234,0.25,72.4
3871,0.0023622512817382812,0.25,72.0
3872,0.0022504329681396484,0.25,71.60000000000001
3873,0.0025610923767089844,0.25,71.2
3874,0.0016090869903564453,0.25,70.8
3875,0.0006544589996337891,0.25,70.4
3876,0.0022699832916259766,0.25,69.60000000000001
3877,0.0006580352783203125,0.25,69.2
3878,0.0023424625396728516,0.25,68.8
3879,0.0005717277526855469,0.25,68.0
3880,0.0023005008697509766,0.25,67.60000000000001
3881,0.0015423297882080078,0.25,66.8
3882,0.0006303787231445312,0.25,66.4
3883,0.0023479461669921875,0.25,65.60000000000001
3884,0.0019371509552001953,0.25,65.2
3885,0.0006000995635986328,0.25,64.4
3886,0.0018055438995361328,0.25,63.6
3887,0.0019958019256591797,0.25,63.2
3888,0.0006165504455566406,0.25,62.400000000000006
3889,0.0025358200073242188,0.25,62.0
3890,0.0005970001220703125,0.25,61.2
3891,0.002084970474243164,0.25,60.400000000000006
3892,0.0006363391876220703,0.25,60.0
3893,0.0016989707946777344,0.25,59.2
3894,0.0005970001220703125,0.25,58.800000000000004
3895,0.002716064453125,0.25,58.400000000000006
3896,0.0006082057952880859,0.25,57.6
3897,0.0016753673553466797,0.25,57.2
3898,0.0006101131439208984,0.25,56.800000000000004
3899,0.002399921417236328,0.25,56.400000000000006
3900,0.0005948543548583984,0.25,56.0
3901,0.0020308494567871094,0.25,55.6
3902,0.0018122196197509766,0.25,55.2
3903,0.0005824565887451172,0.25,54.800000000000004
3904,0.0023429393768310547,0.25,54.400000000000006
3905,0.0005731582641601562,0.25,54.400000000000006
3906,0.0017452239990234375,0.25,54.0
3907,0.0015447139739990234,0.25,54.0
3908,0.0026006698608398438,0.25,53.6
3909,0.0006971359252929688,0.25,53.6
3910,0.0018291473388671875,0.25,53.6
3911,0.0019979476928710938,0.25,53.6
3912,0.0022945404052734375,0.25,53.6
3913,0.0025534629821777344,0.25,53.6
3914,0.001932382583618164,0.25,53.6
3915,0.0007297992706298828,0.25,54.0
3916,0.001725912094116211,0.25,54.0
3917,0.0006859302520751953,0.25,54.0
3918,0.0021610260009765625,0.25,54.400000000000006
3919,0.0015342235565185547,0.25,54.800000000000004
3920,0.002470731735229492,0.25,54.800000000000004
3921,0.0006449222564697266,0.25,55.2
3922,0.0024209022521972656,0.25,55.6
3923,0.0015747547149658203,0.25,56.0
3924,0.0006282329559326172,0.25,56.400000000000006
3925,0.002374887466430664,0.25,56.800000000000004
3926,0.001577615737915039,0.25,57.2
3927,0.0020415782928466797,0.25,57.6
3928,0.002091646194458008,0.25,58.0
3929,0.0018274784088134766,0.25,58.400000000000006
3930,0.0007045269012451172,0.25,58.800000000000004
3931,0.0019533634185791016,0.25,59.2
3932,0.0020818710327148438,0.25,60.0
3933,0.0021393299102783203,0.25,60.400000000000006
3934,0.002349376678466797,0.25,60.800000000000004
3935,0.0016047954559326172,0.25,61.2
3936,0.0020949840545654297,0.25,62.0
3937,0.0019371509552001953,0.25,62.400000000000006
3938,0.0006756782531738281,0.25,62.800000000000004
3939,0.002331972122192383,0.25,63.2
3940,0.0019252300262451172,0.25,63.6
3941,0.0019252300262451172,0.25,63.6
3942,0.0017123222351074219,0.25,64.4
3943,0.0005993843078613281,0.25,64.8
3944,0.002471923828125,0.25,65.2
3945,0.0005724430084228516,0.25,65.60000000000001
3946,0.00232696533203125,0.25,66.0
3947,0.0005922317504882812,0.25,66.4
3948,0.002320528030395508,0.25,66.8
3949,0.0006058216094970703,0.25,67.2
3950,0.0026204586029052734,0.25,67.60000000000001
3951,0.002128124237060547,0.25,68.0
3952,0.0006153583526611328,0.25,68.4
3953,0.002374410629272461,0.25,68.8
3954,0.0006105899810791016,0.25,69.2
3955,0.002355813980102539,0.25,69.60000000000001
3956,0.0005948543548583984,0.25,70.0
3957,0.002490520477294922,0.25,70.4
3958,0.000705718994140625,0.25,70.8
3959,0.0017387866973876953,0.25,71.2
3960,0.0016787052154541016,0.25,71.60000000000001
3961,0.0006442070007324219,0.25,72.0
3962,0.0019845962524414062,0.25,72.0
3963,0.0006458759307861328,0.25,72.4
3964,0.0017867088317871094,0.25,72.8
3965,0.0015778541564941406,0.25,72.8
3966,0.002246856689453125,0.25,73.2
3967,0.0022635459899902344,0.25,73.2
3968,0.002385377883911133,0.25,73.60000000000001
3969,0.0006015300750732422,0.25,73.60000000000001
3970,0.0016872882843017578,0.25,73.60000000000001
3971,0.0007243156433105469,0.25,74.0
3972,0.002344846725463867,0.25,74.0
3973,0.0006253719329833984,0.25,74.0
3974,0.0016665458679199219,0.25,74.0
3975,0.0022971630096435547,0.25,73.60000000000001
3976,0.0023162364959716797,0.25,73.60000000000001
3977,0.0030426979064941406,0.25,73.60000000000001
3978,0.0022826194763183594,0.25,73.60000000000001
3979,0.0022144317626953125,0.25,73.2
3980,0.0019614696502685547,0.25,73.2
3981,0.002407073974609375,0.25,72.8
3982,0.0015873908996582031,0.25,72.4
3983,0.0006420612335205078,0.25,72.4
3984,0.0024480819702148438,0.25,72.0
3985,0.002231121063232422,0.248,71.60000000000001
3986,0.0006227493286132812,0.24100000000000002,71.2
3987,0.0023374557495117188,0.24100000000000002,70.8
3988,0.0006473064422607422,0.24100000000000002,70.4
3989,0.0022699832916259766,0.24100000000000002,70.0
3990,0.0015728473663330078,0.24100000000000002,69.60000000000001
3991,0.0005986690521240234,0.24100000000000002,69.2
3992,0.002129077911376953,0.24100000000000002,68.8
3993,0.002022266387939453,0.24100000000000002,68.4
3994,0.0006272792816162109,0.24100000000000002,67.60000000000001
3995,0.0021131038665771484,0.24100000000000002,67.2
3996,0.0005943775177001953,0.239,66.4
3997,0.0021927356719970703,0.239,66.0
3998,0.0006237030029296875,0.239,65.2
3999,0.001608133316040039,0.239,64.4
4000,0.002222776412963867,0.239,64.0
4001,0.0005970001220703125,0.239,63.2
4002,0.002309083938598633,0.239,62.400000000000006
4003,0.0005972385406494141,0.239,61.6
4004,0.002521991729736328,0.239,60.800000000000004
4005,0.000591278076171875,0.239,60.0
4006,0.0016658306121826172,0.239,59.2
4007,0.0022177696228027344,0.239,58.400000000000006
4008,0.001600027084350586,0.239,57.6
4009,0.002050638198852539,0.239,56.800000000000004
4010,0.000698089599609375,0.239,56.0
4011,0.0021703243255615234,0.239,55.2
4012,0.0018908977508544922,0.239,54.400000000000006
4013,0.002896547317504883,0.239,53.6
4014,0.0017592906951904297,0.239,52.800000000000004
4015,0.0021829605102539062,0.239,52.0
4016,0.0007586479187011719,0.239,51.6
4017,0.0021162033081054688,0.239,50.800000000000004
4018,0.0006816387176513672,0.239,50.0
4019,0.0018100738525390625,0.239,49.6
4020,0.00061798095703125,0.239,48.800000000000004
4021,0.0013875961303710938,0.239,48.400000000000006
4022,0.002437114715576172,0.237,48.0
4023,0.0017559528350830078,0.237,47.6
4024,0.0024907588958740234,0.237,47.2
4025,0.0020432472229003906,0.239,46.800000000000004
4026,0.0021820068359375,0.239,46.400000000000006
4027,0.0016279220581054688,0.239,46.400000000000006
4028,0.0008223056793212891,0.239,46.0
4029,0.0025064945220947266,0.239,46.0
4030,0.000736236572265625,0.239,45.6
4031,0.002260446548461914,0.239,45.6
4032,0.0022420883178710938,0.239,45.6
4033,0.0019369125366210938,0.239,45.6
4034,0.0022792816162109375,0.239,46.0
4035,0.0019261837005615234,0.239,46.0
4036,0.0024750232696533203,0.239,46.400000000000006
4037,0.0007519721984863281,0.239,46.400000000000006
4038,0.0022385120391845703,0.239,46.800000000000004
4039,0.0024497509002685547,0.239,47.2
4040,0.002226591110229492,0.24100000000000002,47.6
4041,0.0020105838775634766,0.24100000000000002,48.0
4042,0.0022377967834472656,0.24100000000000002,48.400000000000006
4043,0.002035379409790039,0.244,48.800000000000004
4044,0.0006666183471679688,0.24600000000000002,49.6
4045,0.0017879009246826172,0.24600000000000002,50.0
4046,0.0006575584411621094,0.24600000000000002,50.800000000000004
4047,0.0020182132720947266,0.248,51.2
4048,0.0006372928619384766,0.248,52.0
4049,0.0024862289428710938,0.25,52.400000000000006
4050,0.0019991397857666016,0.25,53.2
4051,0.002164602279663086,0.25,54.0
4052,0.0021715164184570312,0.25,54.800000000000004
4053,0.0020935535430908203,0.25,55.2
4054,0.0006737709045410156,0.25,56.0
4055,0.0016810894012451172,0.25,56.800000000000004
4056,0.000637054443359375,0.25,57.6
4057,0.001935720443725586,0.25,58.400000000000006
4058,0.0007221698760986328,0.25,59.2
4059,0.002214670181274414,0.25,60.0
4060,0.0006859302520751953,0.25,60.800000000000004
4061,0.002599000930786133,0.25,61.6
4062,0.0014688968658447266,0.25,62.400000000000006
4063,0.002087116241455078,0.25,63.2
4064,0.002103567123413086,0.25,64.0
4065,0.001844644546508789,0.25,64.8
4066,0.0006878376007080078,0.25,65.60000000000001
4067,0.0022172927856445312,0.25,66.4
4068,0.0015938282012939453,0.25,67.2
4069,0.0007109642028808594,0.25,67.60000000000001
4070,0.002095460891723633,0.25,68.4
4071,0.0019702911376953125,0.25,69.2
4072,0.0020551681518554688,0.25,69.60000000000001
4073,0.0026378631591796875,0.25,70.4
4074,0.00212860107421875,0.25,70.8
4075,0.002309560775756836,0.25,71.2
4076,0.001684427261352539,0.25,72.0
4077,0.0009148120880126953,0.25,72.4
4078,0.0021364688873291016,0.25,72.8
4079,0.0017313957214355469,0.25,73.2
4080,0.0015995502471923828,0.25,73.60000000000001
4081,0.002187490463256836,0.25,73.60000000000001
4082,0.0024611949920654297,0.25,74.0
4083,0.0007748603820800781,0.25,74.4
4084,0.0017464160919189453,0.25,74.4
4085,0.001943826675415039,0.25,74.8
4086,0.0007643699645996094,0.25,74.8
4087,0.001848459243774414,0.25,74.8
4088,0.002038240432739258,0.25,74.8
4089,0.0008914470672607422,0.25,74.8
4090,0.0025527477264404297,0.25,74.8
4091,0.0025527477264404297,0.25,74.8
4092,0.0020194053649902344,0.25,74.8
4093,0.0017457008361816406,0.25,74.8
4094,0.0006649494171142578,0.248,74.8
4095,0.0023071765899658203,0.248,74.4
4096,0.0006821155548095703,0.248,74.4
4097,0.00225830078125,0.24600000000000002,74.0
4098,0.000690460205078125,0.24600000000000002,74.0
4099,0.0017886161804199219,0.24600000000000002,73.60000000000001
4100,0.0006282329559326172,0.244,73.2
4101,0.0021038055419921875,0.244,72.8
4102,0.0006139278411865234,0.24100000000000002,72.4
4103,0.0018930435180664062,0.239,72.0
4104,0.001979827880859375,0.237,71.60000000000001
4105,0.0006501674652099609,0.237,71.2
4106,0.002466440200805664,0.237,70.4
4107,0.0006365776062011719,0.237,70.0
4108,0.002641439437866211,0.237,69.2
4109,0.002504587173461914,0.237,68.8
4110,0.0016026496887207031,0.237,68.0
4111,0.0023877620697021484,0.237,67.2
4112,0.0023534297943115234,0.235,66.8
4113,0.002048015594482422,0.235,66.0
4114,0.0007672309875488281,0.235,65.2
4115,0.0020933151245117188,0.235,64.0
4116,0.0018143653869628906,0.235,63.2
4117,0.0007545948028564453,0.235,62.400000000000006
4118,0.0024068355560302734,0.235,61.6
4119,0.0006415843963623047,0.235,60.800000000000004
4120,0.0022993087768554688,0.235,59.6
4121,0.0022623538970947266,0.235,58.800000000000004
4122,0.0019464492797851562,0.235,58.0
4123,0.002249002456665039,0.235,56.800000000000004
4124,0.001982450485229492,0.235,56.0
4125,0.0007152557373046875,0.235,54.800000000000004
4126,0.002379179000854492,0.235,54.0
4127,0.000659942626953125,0.235,53.2
4128,0.002329111099243164,0.235,52.0
4129,0.0006132125854492188,0.235,51.2
4130,0.0020661354064941406,0.235,50.400000000000006
4131,0.0016186237335205078,0.235,49.6
4132,0.002169370651245117,0.235,48.800000000000004
4133,0.0022420883178710938,0.235,48.0
4134,0.0006766319274902344,0.235,47.2
4135,0.0023577213287353516,0.235,46.400000000000006
4136,0.0006389617919921875,0.235,46.0
4137,0.0022051334381103516,0.235,45.2
4138,0.0006139278411865234,0.235,44.800000000000004
4139,0.0018773078918457031,0.235,44.400000000000006
4140,0.0006029605865478516,0.235,44.0
4141,0.002062559127807617,0.235,43.6
4142,0.0005993843078613281,0.235,43.6
4143,0.0020716190338134766,0.235,43.2
4144,0.0020008087158203125,0.235,43.2
4145,0.0006008148193359375,0.235,43.2
4146,0.00240325927734375,0.235,43.2
4147,0.0006089210510253906,0.235,43.2
4148,0.0023534297943115234,0.235,43.2
4149,0.0006082057952880859,0.235,43.6
4150,0.0017061233520507812,0.235,44.0
4151,0.0015728473663330078,0.237,44.0
4152,0.0023908615112304688,0.237,44.400000000000006
4153,0.0006170272827148438,0.237,45.2
4154,0.002343416213989258,0.239,45.6
4155,0.0021483898162841797,0.239,46.0
4156,0.0006582736968994141,0.239,46.400000000000006
4157,0.0022475719451904297,0.239,47.2
4158,0.0007011890411376953,0.239,48.0
4159,0.00214385986328125,0.239,48.400000000000006
4160,0.0015902519226074219,0.239,49.2
4161,0.0006661415100097656,0.239,50.0
4162,0.0016298294067382812,0.239,50.800000000000004
4163,0.0006103515625,0.239,51.6
4164,0.0019865036010742188,0.239,52.400000000000006
4165,0.002257108688354492,0.239,53.2
4166,0.0006277561187744141,0.239,54.0
4167,0.0024013519287109375,0.239,54.800000000000004
4168,0.0020415782928466797,0.239,55.6
4169,0.0006241798400878906,0.239,56.400000000000006
4170,0.0026311874389648438,0.239,57.2
4171,0.0006239414215087891,0.239,58.400000000000006
4172,0.0024077892303466797,0.239,59.2
4173,0.0006091594696044922,0.239,60.0
4174,0.002486705780029297,0.239,60.800000000000004
4175,0.0022416114807128906,0.239,61.6
4176,0.0006070137023925781,0.239,62.0
4177,0.002289295196533203,0.239,62.800000000000004
4178,0.0006096363067626953,0.239,63.6
4179,0.0023255348205566406,0.239,64.4
4180,0.0019826889038085938,0.239,64.8
4181,0.0006041526794433594,0.239,65.60000000000001
4182,0.0021288394927978516,0.239,66.0
4183,0.0005898475646972656,0.239,66.4
4184,0.0020723342895507812,0.239,66.8
4185,0.0005786418914794922,0.239,67.2
4186,0.002350330352783203,0.239,67.60000000000001
4187,0.0005943775177001953,0.239,68.0
4188,0.0022325515747070312,0.239,68.4
4189,0.0005939006805419922,0.239,68.8
4190,0.0020356178283691406,0.239,68.8
4191,0.0019974708557128906,0.239,69.2
4192,0.0022912025451660156,0.239,69.2
4193,0.0026397705078125,0.239,69.2
4194,0.0018126964569091797,0.239,69.2
4195,0.0005829334259033203,0.239,69.2
4196,0.002182483673095703,0.239,69.2
4197,0.002160787582397461,0.239,69.2
4198,0.0015370845794677734,0.239,69.2
4199,0.0006425380706787109,0.239,68.8
4200,0.0024046897888183594,0.239,68.4
4201,0.0005667209625244141,0.239,68.4
4202,0.002145528793334961,0.239,68.0
4203,0.0005886554718017578,0.239,67.60000000000001
4204,0.0016393661499023438,0.239,67.2
4205,0.0005867481231689453,0.239,66.8
4206,0.0020294189453125,0.239,66.4
4207,0.0015804767608642578,0.239,66.0
4208,0.002518892288208008,0.239,65.2
4209,0.0006756782531738281,0.239,64.8
4210,0.002338409423828125,0.239,64.4
4211,0.0018544197082519531,0.239,63.6
4212,0.0020797252655029297,0.239,62.800000000000004
4213,0.0018224716186523438,0.239,62.400000000000006
4214,0.0007226467132568359,0.239,61.6
4215,0.0016887187957763672,0.239,61.2
4216,0.0006577968597412109,0.239,60.400000000000006
4217,0.0019037723541259766,0.237,59.6
4218,0.0006330013275146484,0.237,58.800000000000004
4219,0.002080202102661133,0.237,58.400000000000006
4220,0.0005717277526855469,0.237,57.6
4221,0.0020084381103515625,0.237,56.800000000000004
4222,0.0006110668182373047,0.235,56.0
4223,0.0021576881408691406,0.235,55.6
4224,0.0005991458892822266,0.235,54.800000000000004
4225,0.0015766620635986328,0.235,54.400000000000006
4226,0.0005583763122558594,0.235,53.6
4227,0.002380847930908203,0.233,52.800000000000004
4228,0.0019321441650390625,0.233,52.400000000000006
4229,0.0005936622619628906,0.233,51.6
4230,0.0025467872619628906,0.233,51.2
4231,0.0014505386352539062,0.233,50.800000000000004
4232,0.002469778060913086,0.233,50.0
4233,0.002282857894897461,0.233,49.6
4234,0.0020351409912109375,0.233,49.2
4235,0.0022628307342529297,0.233,48.800000000000004
4236,0.0015654563903808594,0.233,48.400000000000006
4237,0.0015654563903808594,0.233,48.400000000000006
4238,0.0020227432250976562,0.233,48.0
4239,0.000637054443359375,0.233,48.0
4240,0.0020651817321777344,0.231,47.6
4241,0.0005984306335449219,0.228,47.2
4242,0.0026857852935791016,0.228,47.2
4243,0.0024824142456054688,0.228,46.800000000000004
4244,0.0019176006317138672,0.228,46.800000000000004
4245,0.0005867481231689453,0.228,46.800000000000004
4246,0.002435922622680664,0.228,46.800000000000004
4247,0.002371549606323242,0.228,46.800000000000004
4248,0.0005753040313720703,0.228,46.800000000000004
4249,0.0023620128631591797,0.228,46.800000000000004
4250,0.0006394386291503906,0.228,46.800000000000004
4251,0.002224445343017578,0.228,47.2
4252,0.0015170574188232422,0.228,47.2
4253,0.0005857944488525391,0.228,47.6
4254,0.0016207695007324219,0.228,47.6
4255,0.0005679130554199219,0.228,48.0
4256,0.0024535655975341797,0.228,48.0
4257,0.0005908012390136719,0.228,48.400000000000006
4258,0.0023458003997802734,0.228,48.800000000000004
4259,0.0006201267242431641,0.228,48.800000000000004
4260,0.002321004867553711,0.228,49.2
4261,0.00194549560546875,0.228,49.6
4262,0.001973867416381836,0.231,50.0
4263,0.0014269351959228516,0.231,50.400000000000006
4264,0.001863718032836914,0.235,50.800000000000004
4265,0.0006957054138183594,0.235,50.800000000000004
4266,0.0021364688873291016,0.235,51.2
4267,0.0006945133209228516,0.235,51.6
4268,0.0020668506622314453,0.237,52.0
4269,0.001588582992553711,0.237,52.400000000000006
4270,0.0007085800170898438,0.239,52.800000000000004
4271,0.0020346641540527344,0.24100000000000002,53.2
4272,0.0007081031799316406,0.24100000000000002,53.6
4273,0.0020987987518310547,0.24100000000000002,54.0
4274,0.0019314289093017578,0.24100000000000002,54.400000000000006
4275,0.002320528030395508,0.24100000000000002,54.800000000000004
4276,0.002209186553955078,0.24100000000000002,54.800000000000004
4277,0.0006208419799804688,0.24100000000000002,55.2
4278,0.0017626285552978516,0.24100000000000002,55.6
4279,0.0006406307220458984,0.24100000000000002,56.0
4280,0.002401113510131836,0.24100000000000002,56.400000000000006
4281,0.0015337467193603516,0.24100000000000002,56.800000000000004
4282,0.0006058216094970703,0.24100000000000002,57.2
4283,0.0024785995483398438,0.24100000000000002,57.6
4284,0.0016672611236572266,0.24100000000000002,58.0
4285,0.0006234645843505859,0.24100000000000002,58.400000000000006
4286,0.0023806095123291016,0.24100000000000002,58.800000000000004
4287,0.0023512840270996094,0.24100000000000002,59.2
4288,0.0024483203887939453,0.24100000000000002,59.2
4289,0.002228975296020508,0.24100000000000002,59.6
4290,0.0006532669067382812,0.24100000000000002,60.0
4291,0.0019257068634033203,0.24100000000000002,60.400000000000006
4292,0.0019750595092773438,0.24100000000000002,60.800000000000004
4293,0.0023458003997802734,0.24100000000000002,60.800000000000004
4294,0.0006618499755859375,0.24100000000000002,61.2
4295,0.002510547637939453,0.24100000000000002,61.6
4296,0.0015864372253417969,0.24100000000000002,61.6
4297,0.0006306171417236328,0.24100000000000002,62.0
4298,0.002483844757080078,0.24100000000000002,62.0
4299,0.0005950927734375,0.24100000000000002,62.400000000000006
4300,0.0022466182708740234,0.24100000000000002,62.400000000000006
4301,0.0005903244018554688,0.24100000000000002,62.400000000000006
4302,0.002178192138671875,0.24100000000000002,62.400000000000006
4303,0.0024123191833496094,0.24100000000000002,62.800000000000004
4304,0.0005803108215332031,0.24100000000000002,62.800000000000004
4305,0.0019109249114990234,0.24100000000000002,62.800000000000004
4306,0.000591278076171875,0.24100000000000002,62.800000000000004
4307,0.002165555953979492,0.24100000000000002,62.800000000000004
4308,0.0006434917449951172,0.24100000000000002,62.800000000000004
4309,0.0023441314697265625,0.24100000000000002,62.400000000000006
4310,0.0007071495056152344,0.24100000000000002,62.400000000000006
4311,0.0020875930786132812,0.24100000000000002,62.400000000000006
4312,0.0018205642700195312,0.24100000000000002,62.0
4313,0.0006704330444335938,0.24100000000000002,62.0
4314,0.0020825862884521484,0.24100000000000002,62.0
4315,0.0006191730499267578,0.24100000000000002,61.6
4316,0.002521991729736328,0.24100000000000002,61.6
4317,0.0006022453308105469,0.24100000000000002,61.2
4318,0.0023500919342041016,0.24100000000000002,60.800000000000004
4319,0.0006031990051269531,0.24100000000000002,60.800000000000004
4320,0.0023491382598876953,0.24100000000000002,60.400000000000006
4321,0.0005686283111572266,0.24100000000000002,60.0
4322,0.0024063587188720703,0.24100000000000002,59.6
4323,0.001750946044921875,0.24100000000000002,59.2
4324,0.0005619525909423828,0.24100000000000002,58.800000000000004
4325,0.0023636817932128906,0.24100000000000002,58.400000000000006
4326,0.002076864242553711,0.24100000000000002,58.0
4327,0.0006344318389892578,0.24100000000000002,57.6
4328,0.0021209716796875,0.24100000000000002,57.2
4329,0.0006215572357177734,0.24100000000000002,56.800000000000004
4330,0.002331256866455078,0.24100000000000002,56.400000000000006
4331,0.0007798671722412109,0.24100000000000002,56.0
4332,0.0017313957214355469,0.24100000000000002,55.6
4333,0.0019474029541015625,0.24100000000000002,55.2
4334,0.0006961822509765625,0.24100000000000002,55.2
4335,0.0021927356719970703,0.24100000000000002,54.800000000000004
4336,0.0006771087646484375,0.24100000000000002,54.400000000000006
4337,0.0017783641815185547,0.24100000000000002,54.0
4338,0.0019979476928710938,0.24100000000000002,53.6
4339,0.002056598663330078,0.24100000000000002,53.6
4340,0.002119302749633789,0.24100000000000002,53.2
4341,0.0006930828094482422,0.24100000000000002,52.800000000000004
4342,0.0026116371154785156,0.24100000000000002,52.800000000000004
4343,0.0015985965728759766,0.24100000000000002,52.400000000000006
4344,0.0015113353729248047,0.24100000000000002,52.400000000000006
4345,0.0022766590118408203,0.24100000000000002,52.400000000000006
4346,0.0022072792053222656,0.24100000000000002,52.0
4347,0.001697540283203125,0.24100000000000002,52.0
4348,0.0006814002990722656,0.24100000000000002,52.0
4349,0.002384185791015625,0.24100000000000002,51.6
4350,0.0006382465362548828,0.24100000000000002,51.6
4351,0.002341747283935547,0.24100000000000002,51.6
4352,0.0006864070892333984,0.24100000000000002,51.6
4353,0.0017402172088623047,0.24100000000000002,51.6
4354,0.0006134510040283203,0.24100000000000002,51.6
4355,0.0017130374908447266,0.24100000000000002,51.6
4356,0.0005848407745361328,0.24100000000000002,51.6
4357,0.0025756359100341797,0.24100000000000002,51.6
4358,0.0015702247619628906,0.24100000000000002,52.0
4359,0.0020759105682373047,0.24100000000000002,52.0
4360,0.0006959438323974609,0.24100000000000002,52.0
4361,0.002156972885131836,0.24100000000000002,52.400000000000006
4362,0.0021495819091796875,0.24100000000000002,52.400000000000006
4363,0.002093791961669922,0.24100000000000002,52.800000000000004
4364,0.0020978450775146484,0.24100000000000002,52.800000000000004
4365,0.0006844997406005859,0.24100000000000002,53.2
4366,0.002331256866455078,0.24100000000000002,53.2
4367,0.0006246566772460938,0.24100000000000002,53.6
4368,0.002192258834838867,0.24100000000000002,53.6
4369,0.0006177425384521484,0.24100000000000002,54.0
4370,0.0019237995147705078,0.244,54.400000000000006
4371,0.0006163120269775391,0.244,54.400000000000006
4372,0.002328634262084961,0.244,54.800000000000004
4373,0.0007414817810058594,0.244,55.2
4374,0.0006577968597412109,0.244,55.2
4375,0.0006577968597412109,0.244,55.2
4376,0.002466440200805664,0.244,55.6
4377,0.002282381057739258,0.24600000000000002,56.0
4378,0.0008349418640136719,0.24600000000000002,56.0
4379,0.0019698143005371094,0.24600000000000002,56.400000000000006
4380,0.0006914138793945312,0.24600000000000002,56.400000000000006
4381,0.0022695064544677734,0.24600000000000002,56.800000000000004
4382,0.0018107891082763672,0.24600000000000002,56.800000000000004
4383,0.0017707347869873047,0.248,56.800000000000004
4384,0.0006649494171142578,0.248,57.2
4385,0.002441883087158203,0.248,57.2
4386,0.002282381057739258,0.248,57.2
4387,0.0006620883941650391,0.248,57.2
4388,0.001692056655883789,0.248,57.2
4389,0.001833200454711914,0.248,57.6
4390,0.002012968063354492,0.248,57.6
4391,0.002142667770385742,0.248,57.6
4392,0.001990795135498047,0.248,57.6
4393,0.0022203922271728516,0.248,58.0
4394,0.0007469654083251953,0.248,58.0
4395,0.0022928714752197266,0.248,58.0
4396,0.0020134449005126953,0.248,58.400000000000006
4397,0.0007083415985107422,0.248,58.400000000000006
4398,0.0024633407592773438,0.248,58.400000000000006
4399,0.0006530284881591797,0.248,58.800000000000004
4400,0.0023183822631835938,0.248,58.800000000000004
4401,0.0006155967712402344,0.25,58.800000000000004
4402,0.0024886131286621094,0.25,59.2
4403,0.0005943775177001953,0.25,59.2
4404,0.0024025440216064453,0.25,59.2
4405,0.0006253719329833984,0.25,59.6
4406,0.002056121826171875,0.25,59.6
4407,0.0005764961242675781,0.25,59.6
4408,0.00189208984375,0.25,60.0
4409,0.002511262893676758,0.25,60.0
4410,0.0007245540618896484,0.25,60.400000000000006
4411,0.0023496150970458984,0.25,60.400000000000006
4412,0.0007576942443847656,0.25,60.400000000000006
4413,0.0020809173583984375,0.25,60.400000000000006
4414,0.001970052719116211,0.25,60.800000000000004
4415,0.000675201416015625,0.25,60.800000000000004
4416,0.0020456314086914062,0.25,60.800000000000004
4417,0.0006403923034667969,0.25,61.2
4418,0.0023725032806396484,0.25,61.2
4419,0.0006191730499267578,0.25,61.2
4420,0.002935171127319336,0.25,61.6
4421,0.0006444454193115234,0.25,61.6
4422,0.0023789405822753906,0.25,61.6
4423,0.00061798095703125,0.25,61.6
4424,0.0017323493957519531,0.248,62.0
4425,0.0005772113800048828,0.24600000000000002,62.0
4426,0.0024261474609375,0.244,62.0
4427,0.0005795955657958984,0.24100000000000002,62.0
4428,0.0017056465148925781,0.239,62.400000000000006
4429,0.0005996227264404297,0.239,62.400000000000006
4430,0.0022962093353271484,0.235,62.400000000000006
4431,0.0005788803100585938,0.235,62.400000000000006
4432,0.0021424293518066406,0.235,62.400000000000006
4433,0.0020906925201416016,0.235,62.400000000000006
4434,0.0006134510040283203,0.233,62.400000000000006
4435,0.0020525455474853516,0.233,62.400000000000006
4436,0.0007658004760742188,0.233,62.400000000000006
4437,0.0024962425231933594,0.233,62.400000000000006
4438,0.0006194114685058594,0.233,62.400000000000006
4439,0.0023474693298339844,0.233,62.0
4440,0.0020096302032470703,0.233,62.0
4441,0.0022902488708496094,0.233,61.6
4442,0.0016875267028808594,0.233,61.6
4443,0.0015234947204589844,0.233,61.2
4444,0.0006315708160400391,0.233,60.800000000000004
4445,0.002328634262084961,0.233,60.800000000000004
4446,0.0016055107116699219,0.233,60.400000000000006
4447,0.0006546974182128906,0.233,60.0
4448,0.0020017623901367188,0.233,59.6
4449,0.0015609264373779297,0.233,59.2
4450,0.0006251335144042969,0.233,58.400000000000006
4451,0.002027273178100586,0.233,58.0
4452,0.0007245540618896484,0.233,57.6
4453,0.0018696784973144531,0.233,57.2
4454,0.0006215572357177734,0.233,56.400000000000006
4455,0.002647876739501953,0.233,56.0
4456,0.0006132125854492188,0.233,55.2
4457,0.0018451213836669922,0.233,54.800000000000004
4458,0.0015344619750976562,0.235,54.400000000000006
4459,0.0006644725799560547,0.235,53.6
4460,0.0016524791717529297,0.237,53.2
4461,0.0006899833679199219,0.237,52.400000000000006
4462,0.0024726390838623047,0.237,52.0
4463,0.0005929470062255859,0.237,51.6
4464,0.002272367477416992,0.237,50.800000000000004
4465,0.0018832683563232422,0.237,50.400000000000006
4466,0.0006685256958007812,0.239,50.0
4467,0.002005338668823242,0.239,49.6
4468,0.0006704330444335938,0.239,49.2
4469,0.0021088123321533203,0.239,48.800000000000004
4470,0.0006198883056640625,0.239,48.400000000000006
4471,0.0022072792053222656,0.24100000000000002,48.0
4472,0.0006437301635742188,0.24100000000000002,48.0
4473,0.0022819042205810547,0.24100000000000002,47.6
4474,0.0006127357482910156,0.24100000000000002,47.6
4475,0.002365589141845703,0.244,47.2
4476,0.0006248950958251953,0.244,47.2
4477,0.0021233558654785156,0.244,47.2
4478,0.00061798095703125,0.244,47.2
4479,0.0025289058685302734,0.244,47.2
4480,0.0005826950073242188,0.244,47.6
4481,0.0022161006927490234,0.244,47.6
4482,0.002092599868774414,0.244,48.0
4483,0.001592397689819336,0.244,48.0
4484,0.0006506443023681641,0.244,48.400000000000006
4485,0.0021126270294189453,0.244,48.800000000000004
4486,0.0006279945373535156,0.244,49.2
4487,0.001495361328125,0.244,49.6
4488,0.0018470287322998047,0.244,50.0
4489,0.000568389892578125,0.244,50.400000000000006
4490,0.002179861068725586,0.244,51.2
4491,0.0006191730499267578,0.244,51.6
4492,0.0023202896118164062,0.244,52.0
4493,0.001913309097290039,0.244,52.800000000000004
4494,0.0021207332611083984,0.244,53.2
4495,0.0015461444854736328,0.244,54.0
4496,0.0006120204925537109,0.244,54.800000000000004
4497,0.002001523971557617,0.244,55.2
4498,0.0006532669067382812,0.244,56.0
4499,0.001957416534423828,0.244,56.800000000000004
4500,0.0005991458892822266,0.244,57.2
4501,0.001992940902709961,0.244,58.0
4502,0.0016908645629882812,0.244,58.800000000000004
4503,0.0015609264373779297,0.244,59.6
4504,0.0006093978881835938,0.244,60.0
4505,0.0021750926971435547,0.244,60.800000000000004
4506,0.0005979537963867188,0.244,61.2
4507,0.0021295547485351562,0.244,62.0
4508,0.0005936622619628906,0.244,62.800000000000004
4509,0.0025005340576171875,0.244,63.2
4510,0.0006742477416992188,0.244,63.6
4511,0.002539396286010742,0.244,64.4
4512,0.0020079612731933594,0.244,64.8
4513,0.0006673336029052734,0.244,65.2
4514,0.0024919509887695312,0.244,66.0
4515,0.0006430149078369141,0.244,66.4
4516,0.002378702163696289,0.244,66.8
4517,0.000640869140625,0.244,67.2
4518,0.0017147064208984375,0.244,67.60000000000001
4519,0.0016961097717285156,0.244,68.0
4520,0.0016405582427978516,0.244,68.0
4521,0.0016753673553466797,0.244,68.4
4522,0.0006570816040039062,0.244,68.4
4523,0.0016672611236572266,0.244,68.8
4524,0.0023484230041503906,0.244,68.8
4525,0.0021436214447021484,0.244,69.2
4526,0.0025610923767089844,0.244,69.2
4527,0.0019996166229248047,0.244,69.2
4528,0.002234220504760742,0.244,69.2
4529,0.0017523765563964844,0.244,69.2
4530,0.0017523765563964844,0.244,69.2
4531,0.0020630359649658203,0.244,69.2
4532,0.0018551349639892578,0.244,69.2
4533,0.0019450187683105469,0.244,69.2
4534,0.0006685256958007812,0.24100000000000002,69.2
4535,0.0017323493957519531,0.24100000000000002,68.8
4536,0.0006031990051269531,0.237,68.8
4537,0.0016818046569824219,0.235,68.4
4538,0.0006227493286132812,0.233,68.4
4539,0.0022132396697998047,0.233,68.0
4540,0.0005676746368408203,0.233,68.0
4541,0.0017316341400146484,0.228,67.60000000000001
4542,0.0016086101531982422,0.226,67.2
4543,0.0035228729248046875,0.226,66.8
4544,0.002228260040283203,0.226,66.4
4545,0.0025975704193115234,0.226,66.0
4546,0.0006582736968994141,0.222,65.60000000000001
4547,0.002034425735473633,0.222,64.8
4548,0.002066373825073242,0.222,64.4
4549,0.0021266937255859375,0.222,63.6
4550,0.001960277557373047,0.222,63.2
4551,0.0020716190338134766,0.222,62.400000000000006
4552,0.0007178783416748047,0.222,61.6
4553,0.0020902156829833984,0.222,60.800000000000004
4554,0.0006709098815917969,0.222,60.0
4555,0.002137899398803711,0.222,58.800000000000004
4556,0.0005936622619628906,0.222,58.0
4557,0.0024039745330810547,0.22,57.2
4558,0.0018804073333740234,0.22,56.0
4559,0.0006871223449707031,0.22,55.2
4560,0.002295970916748047,0.22,54.0
4561,0.001491546630859375,0.22,52.800000000000004
4562,0.0006763935089111328,0.22,52.0
4563,0.0018701553344726562,0.22,50.800000000000004
4564,0.0007824897766113281,0.22,50.0
4565,0.0022432804107666016,0.22,48.800000000000004
4566,0.0016155242919921875,0.22,47.6
4567,0.002072572708129883,0.22,46.800000000000004
4568,0.0019788742065429688,0.22,45.6
4569,0.0006382465362548828,0.222,44.800000000000004
4570,0.002077341079711914,0.222,44.0
4571,0.0015697479248046875,0.231,42.800000000000004
4572,0.0006887912750244141,0.231,42.0
4573,0.0021669864654541016,0.237,41.2
4574,0.0006558895111083984,0.24100000000000002,40.400000000000006
4575,0.002115488052368164,0.244,40.0
4576,0.0022499561309814453,0.244,39.2
4577,0.0022563934326171875,0.244,38.800000000000004
4578,0.0018858909606933594,0.244,38.400000000000006
4579,0.0020325183868408203,0.24600000000000002,38.0
4580,0.0006372928619384766,0.24600000000000002,37.6
4581,0.0014820098876953125,0.24600000000000002,37.6
4582,0.0007941722869873047,0.24600000000000002,37.6
4583,0.001871347427368164,0.24600000000000002,37.6
4584,0.0006148815155029297,0.24600000000000002,37.6
4585,0.0022439956665039062,0.24600000000000002,38.0
4586,0.0006322860717773438,0.248,38.400000000000006
4587,0.0017769336700439453,0.248,38.800000000000004
4588,0.0015568733215332031,0.248,39.6
4589,0.000568389892578125,0.248,40.400000000000006
4590,0.002241849899291992,0.248,41.2
4591,0.0008103847503662109,0.248,42.0
4592,0.002023458480834961,0.248,43.2
4593,0.0007011890411376953,0.25,44.0
4594,0.0017316341400146484,0.25,45.2
4595,0.0015559196472167969,0.25,46.400000000000006
4596,0.002327442169189453,0.25,47.6
4597,0.002070903778076172,0.25,49.2
4598,0.0018541812896728516,0.25,50.400000000000006
4599,0.0006935596466064453,0.25,51.6
4600,0.0020751953125,0.25,53.2
4601,0.0015728473663330078,0.25,54.800000000000004
4602,0.0017595291137695312,0.25,56.0
4603,0.0006453990936279297,0.25,57.6
4604,0.0023627281188964844,0.25,59.2
4605,0.0006301403045654297,0.25,60.800000000000004
4606,0.002244234085083008,0.25,62.0
4607,0.00057220458984375,0.25,63.6
4608,0.0014197826385498047,0.25,65.2
4609,0.0006809234619140625,0.25,66.4
4610,0.0016865730285644531,0.25,68.0
4611,0.0009303092956542969,0.25,69.2
4612,0.0021429061889648438,0.248,70.8
4613,0.0020530223846435547,0.244,72.0
4614,0.0006861686706542969,0.239,73.2
4615,0.0026082992553710938,0.233,74.4
4616,0.0006554126739501953,0.22399999999999998,75.60000000000001
4617,0.002544403076171875,0.22,76.80000000000001
4618,0.0005762577056884766,0.218,78.0
4619,0.0027489662170410156,0.218,79.2
4620,0.0006000995635986328,0.218,80.0
4621,0.0018754005432128906,0.218,80.80000000000001
4622,0.0016627311706542969,0.218,81.60000000000001
4623,0.0006089210510253906,0.218,82.4
4624,0.002155303955078125,0.218,82.80000000000001
4625,0.0006022453308105469,0.218,83.60000000000001
4626,0.002121448516845703,0.218,84.0
4627,0.0005681514739990234,0.218,84.0
4628,0.0024683475494384766,0.218,84.4
4629,0.001974344253540039,0.218,84.4
4630,0.0005986690521240234,0.218,84.0
4631,0.002117156982421875,0.218,84.0
4632,0.0019071102142333984,0.218,83.60000000000001
4633,0.0006139278411865234,0.218,83.2
4634,0.0020134449005126953,0.218,82.80000000000001
4635,0.0026144981384277344,0.218,82.0
4636,0.0006077289581298828,0.218,81.60000000000001
4637,0.0024111270904541016,0.218,80.80000000000001
4638,0.00058746337890625,0.218,79.60000000000001
4639,0.0020341873168945312,0.21600000000000003,78.80000000000001
4640,0.0017342567443847656,0.21600000000000003,77.60000000000001
4641,0.0006165504455566406,0.21600000000000003,76.4
4642,0.0016906261444091797,0.21600000000000003,74.8
4643,0.0006031990051269531,0.21600000000000003,73.60000000000001
4644,0.002121448516845703,0.21600000000000003,72.0
4645,0.0005643367767333984,0.21600000000000003,70.4
4646,0.0020835399627685547,0.21600000000000003,68.8
4647,0.0015628337860107422,0.21600000000000003,67.2
4648,0.0021941661834716797,0.21600000000000003,65.2
4649,0.0006062984466552734,0.21600000000000003,63.2
4650,0.00173187255859375,0.21600000000000003,61.6
4651,0.0016140937805175781,0.21600000000000003,59.6
4652,0.002090930938720703,0.21600000000000003,57.2
4653,0.0006616115570068359,0.21600000000000003,55.2
4654,0.0025115013122558594,0.21600000000000003,53.2
4655,0.0005998611450195312,0.21600000000000003,51.2
4656,0.0022652149200439453,0.21600000000000003,48.800000000000004
4657,0.0006158351898193359,0.21600000000000003,46.800000000000004
4658,0.0021963119506835938,0.21600000000000003,44.800000000000004
4659,0.002064943313598633,0.21600000000000003,42.800000000000004
4660,0.002389192581176758,0.21600000000000003,40.800000000000004
4661,0.0016334056854248047,0.21600000000000003,38.800000000000004
4662,0.0022547245025634766,0.21600000000000003,36.800000000000004
4663,0.0006959438323974609,0.21600000000000003,34.800000000000004
4664,0.002213716506958008,0.21600000000000003,33.2
4665,0.0016179084777832031,0.21600000000000003,31.6
4666,0.0007071495056152344,0.21600000000000003,30.0
4667,0.0029785633087158203,0.21600000000000003,28.8
4668,0.0021517276763916016,0.21600000000000003,27.200000000000003
4669,0.0021905899047851562,0.21600000000000003,26.400000000000002
4670,0.00266265869140625,0.21600000000000003,25.200000000000003
4671,0.00266265869140625,0.21600000000000003,25.200000000000003
4672,0.0014522075653076172,0.21600000000000003,24.400000000000002
4673,0.0020380020141601562,0.21600000000000003,23.6
4674,0.000667572021484375,0.21600000000000003,23.200000000000003
4675,0.002190113067626953,0.21600000000000003,22.8
4676,0.0006361007690429688,0.21600000000000003,22.8
4677,0.0023276805877685547,0.21600000000000003,22.8
4678,0.001972198486328125,0.21600000000000003,22.8
4679,0.002098560333251953,0.21600000000000003,23.200000000000003
4680,0.0026407241821289062,0.21600000000000003,23.6
4681,0.0006253719329833984,0.21600000000000003,24.0
4682,0.0020902156829833984,0.21600000000000003,24.8
4683,0.0005879402160644531,0.21600000000000003,26.0
4684,0.002454042434692383,0.21600000000000003,26.8
4685,0.0006096363067626953,0.21600000000000003,28.0
4686,0.0018007755279541016,0.21600000000000003,29.200000000000003
4687,0.0005624294281005859,0.21600000000000003,30.8
4688,0.0021924972534179688,0.21600000000000003,32.0
4689,0.0005540847778320312,0.21600000000000003,33.6
4690,0.0024394989013671875,0.21600000000000003,35.6
4691,0.0005743503570556641,0.21600000000000003,37.2
4692,0.0024313926696777344,0.21600000000000003,38.800000000000004
4693,0.0006489753723144531,0.21600000000000003,40.800000000000004
4694,0.0023353099822998047,0.21600000000000003,42.800000000000004
4695,0.0005898475646972656,0.21600000000000003,44.400000000000006
4696,0.0020949840545654297,0.21600000000000003,46.400000000000006
4697,0.0019512176513671875,0.21600000000000003,48.0
4698,0.0019989013671875,0.21600000000000003,50.0
4699,0.002042055130004883,0.21600000000000003,51.6
4700,0.00061798095703125,0.21600000000000003,53.6
4701,0.0024814605712890625,0.21600000000000003,55.2
4702,0.0006611347198486328,0.21600000000000003,56.800000000000004
4703,0.00244903564453125,0.21600000000000003,58.400000000000006
4704,0.0022110939025878906,0.21600000000000003,60.0
4705,0.0006368160247802734,0.21600000000000003,61.6
4706,0.002417325973510742,0.21600000000000003,62.800000000000004
4707,0.001749277114868164,0.213,64.0
4708,0.0005974769592285156,0.213,65.60000000000001
4709,0.002438068389892578,0.213,66.4
4710,0.0016450881958007812,0.213,67.60000000000001
4711,0.0006964206695556641,0.21100000000000002,68.4
4712,0.0021255016326904297,0.21100000000000002,69.2
4713,0.002569913864135742,0.21100000000000002,70.0
4714,0.0022084712982177734,0.21100000000000002,70.8
4715,0.0016379356384277344,0.21100000000000002,71.2
4716,0.0007231235504150391,0.21100000000000002,71.60000000000001
4717,0.002294301986694336,0.21100000000000002,72.0
4718,0.0006926059722900391,0.21100000000000002,72.0
4719,0.0020172595977783203,0.21100000000000002,72.4
4720,0.0006120204925537109,0.21100000000000002,72.4
4721,0.002390146255493164,0.21100000000000002,72.0
4722,0.0006608963012695312,0.21100000000000002,72.0
4723,0.0021936893463134766,0.21100000000000002,71.60000000000001
4724,0.0006160736083984375,0.21100000000000002,71.2
4725,0.002115964889526367,0.21100000000000002,70.4
4726,0.0006067752838134766,0.21100000000000002,70.0
4727,0.0024487972259521484,0.21100000000000002,69.2
4728,0.0006010532379150391,0.21100000000000002,68.4
4729,0.0023157596588134766,0.21100000000000002,67.60000000000001
4730,0.001791238784790039,0.21100000000000002,66.4
4731,0.0018017292022705078,0.21100000000000002,65.2
4732,0.001766204833984375,0.21100000000000002,64.0
4733,0.0022475719451904297,0.21100000000000002,62.800000000000004
4734,0.0006160736083984375,0.21100000000000002,61.6
4735,0.002204418182373047,0.21100000000000002,60.400000000000006
4736,0.001941680908203125,0.21100000000000002,58.800000000000004
4737,0.0022497177124023438,0.21100000000000002,57.2
4738,0.0006437301635742188,0.21100000000000002,55.6
4739,0.0023550987243652344,0.21100000000000002,54.0
4740,0.0016217231750488281,0.21100000000000002,52.400000000000006
4741,0.0006189346313476562,0.21100000000000002,50.800000000000004
4742,0.00228118896484375,0.21100000000000002,49.2
4743,0.002065896987915039,0.21100000000000002,47.6
4744,0.0018360614776611328,0.21100000000000002,46.0
4745,0.0020432472229003906,0.21100000000000002,44.400000000000006
4746,0.0023508071899414062,0.21100000000000002,42.800000000000004
4747,0.0006349086761474609,0.21100000000000002,41.2
4748,0.0019893646240234375,0.21100000000000002,39.6
4749,0.0007414817810058594,0.21100000000000002,38.0
4750,0.0023508071899414062,0.21100000000000002,36.4
4751,0.0024161338806152344,0.21100000000000002,35.2
4752,0.002245664596557617,0.21100000000000002,33.6
4753,0.0006215572357177734,0.21100000000000002,32.4
4754,0.002457141876220703,0.21100000000000002,31.200000000000003
4755,0.0005986690521240234,0.21100000000000002,30.400000000000002
4756,0.0014202594757080078,0.207,29.6
4757,0.0007011890411376953,0.207,28.400000000000002
4758,0.0015976428985595703,0.207,28.0
4759,0.0006699562072753906,0.207,27.200000000000003
4760,0.0022249221801757812,0.207,26.8
4761,0.002215147018432617,0.207,26.400000000000002
4762,0.0024232864379882812,0.207,26.400000000000002
4763,0.001958131790161133,0.207,26.0
4764,0.0016510486602783203,0.207,26.0
4765,0.0007233619689941406,0.207,26.400000000000002
4766,0.002224445343017578,0.207,26.400000000000002
4767,0.0016787052154541016,0.207,26.8
4768,0.0006585121154785156,0.207,27.200000000000003
4769,0.0018265247344970703,0.207,28.0
4770,0.0017426013946533203,0.207,28.400000000000002
4771,0.0006732940673828125,0.207,29.200000000000003
4772,0.002335786819458008,0.207,30.0
4773,0.0006303787231445312,0.207,31.200000000000003
4774,0.0023193359375,0.207,32.0
4775,0.0006024837493896484,0.207,33.2
4776,0.002452373504638672,0.207,34.4
4777,0.0018968582153320312,0.207,35.6
4778,0.001688241958618164,0.207,36.800000000000004
4779,0.0020558834075927734,0.207,38.0
4780,0.0022110939025878906,0.207,39.2
4781,0.0006580352783203125,0.207,40.800000000000004
4782,0.002197265625,0.207,42.0
4783,0.0019145011901855469,0.207,43.2
4784,0.0023343563079833984,0.207,44.400000000000006
4785,0.0018587112426757812,0.207,46.0
4786,0.0006365776062011719,0.207,47.2
4787,0.0025222301483154297,0.207,48.400000000000006
4788,0.0022094249725341797,0.207,49.6
4789,0.001981496810913086,0.207,50.800000000000004
4790,0.0006504058837890625,0.207,52.0
4791,0.002279043197631836,0.207,53.2
4792,0.000637054443359375,0.207,54.0
4793,0.0021779537200927734,0.207,54.800000000000004
4794,0.0021431446075439453,0.207,56.0
4795,0.00235748291015625,0.207,56.800000000000004
4796,0.0022482872009277344,0.207,57.6
4797,0.0021245479583740234,0.207,58.0
4798,0.0006422996520996094,0.207,58.800000000000004
4799,0.0023860931396484375,0.207,59.2
4800,0.0006191730499267578,0.207,59.6
4801,0.0021991729736328125,0.207,60.0
4802,0.0022559165954589844,0.207,60.400000000000006
4803,0.0019674301147460938,0.207,60.400000000000006
4804,0.0021834373474121094,0.207,60.400000000000006
4805,0.0020847320556640625,0.207,60.400000000000006
4806,0.0006253719329833984,0.207,60.400000000000006
4807,0.002036571502685547,0.207,60.400000000000006
4808,0.0005934238433837891,0.207,60.0
4809,0.0022771358489990234,0.207,60.0
4810,0.0006785392761230469,0.207,59.6
4811,0.002091646194458008,0.207,58.800000000000004
4812,0.0006978511810302734,0.207,58.400000000000006
4813,0.002425670623779297,0.207,58.0
4814,0.0006632804870605469,0.207,57.2
4815,0.0023648738861083984,0.207,56.400000000000006
4816,0.0016450881958007812,0.207,55.6
4817,0.001363515853881836,0.207,54.800000000000004
4818,0.0017244815826416016,0.207,54.0
4819,0.002188444137573242,0.207,53.2
4820,0.002188444137573242,0.207,53.2
4821,0.0022690296173095703,0.207,52.0
4822,0.0028846263885498047,0.207,51.2
4823,0.0020074844360351562,0.207,50.0
4824,0.0006439685821533203,0.207,49.2
4825,0.0021598339080810547,0.207,48.0
4826,0.0006277561187744141,0.207,46.800000000000004
4827,0.0022110939025878906,0.207,45.6
4828,0.0005903244018554688,0.207,44.800000000000004
4829,0.0024251937866210938,0.207,43.6
4830,0.0006146430969238281,0.207,42.400000000000006
4831,0.0023071765899658203,0.207,41.2
4832,0.002335071563720703,0.207,40.400000000000006
4833,0.0022361278533935547,0.207,39.2
4834,0.0006155967712402344,0.207,38.0
4835,0.002214670181274414,0.207,37.2
4836,0.0006468296051025391,0.207,36.4
4837,0.0024623870849609375,0.207,35.2
4838,0.0006146430969238281,0.207,34.4
4839,0.0020461082458496094,0.207,34.0
4840,0.0005977153778076172,0.207,33.2
4841,0.0024023056030273438,0.209,32.4
4842,0.0017580986022949219,0.209,32.0
4843,0.0005805492401123047,0.213,31.6
4844,0.0022280216217041016,0.213,31.200000000000003
4845,0.0006384849548339844,0.213,30.8
4846,0.0015802383422851562,0.218,30.8
4847,0.0006144046783447266,0.218,30.400000000000002
4848,0.002382993698120117,0.218,30.400000000000002
4849,0.0005953311920166016,0.218,30.400000000000002
4850,0.002557039260864258,0.218,30.8
4851,0.0021927356719970703,0.218,30.8
4852,0.0007143020629882812,0.22,31.200000000000003
4853,0.0017325878143310547,0.22,31.6
4854,0.002462148666381836,0.22,32.4
4855,0.0022232532501220703,0.22,32.800000000000004
4856,0.002550363540649414,0.22,33.6
4857,0.0007812976837158203,0.22,34.4
4858,0.0021483898162841797,0.22,35.2
4859,0.0006442070007324219,0.22,36.0
4860,0.002546072006225586,0.22,37.2
4861,0.0006864070892333984,0.22,38.400000000000006
4862,0.0025348663330078125,0.22,39.2
4863,0.0006597042083740234,0.22,40.400000000000006
4864,0.00179290771484375,0.22,41.6
4865,0.0017092227935791016,0.22,42.800000000000004
4866,0.0006589889526367188,0.22,44.400000000000006
4867,0.002086639404296875,0.22,45.6
4868,0.0020291805267333984,0.22,46.800000000000004
4869,0.0006928443908691406,0.22,48.0
4870,0.0021359920501708984,0.22,49.2
4871,0.00063323974609375,0.22,50.800000000000004
4872,0.002109527587890625,0.22,52.0
4873,0.0006692409515380859,0.218,53.2
4874,0.0024230480194091797,0.218,54.400000000000006
4875,0.0019860267639160156,0.218,55.6
4876,0.0006394386291503906,0.218,56.400000000000006
4877,0.0024118423461914062,0.218,57.6
4878,0.0020830631256103516,0.213,58.800000000000004
4879,0.0006194114685058594,0.213,59.6
4880,0.001598358154296875,0.213,60.400000000000006
4881,0.0005772113800048828,0.213,61.2
4882,0.002192974090576172,0.213,62.0
4883,0.0021779537200927734,0.21100000000000002,62.800000000000004
4884,0.0005900859832763672,0.21100000000000002,63.2
4885,0.002100706100463867,0.21100000000000002,64.0
4886,0.0006160736083984375,0.209,64.4
4887,0.002395153045654297,0.207,64.8
4888,0.0016777515411376953,0.205,65.2
4889,0.0005908012390136719,0.205,65.2
4890,0.0022945404052734375,0.205,65.2
4891,0.0020661354064941406,0.205,65.2
4892,0.0006124973297119141,0.205,65.2
4893,0.0025932788848876953,0.205,65.2
4894,0.002155303955078125,0.205,64.8
4895,0.0006306171417236328,0.205,64.4
4896,0.0024368762969970703,0.205,64.0
4897,0.0005848407745361328,0.205,63.2
4898,0.0021507740020751953,0.205,62.400000000000006
4899,0.0006086826324462891,0.205,62.0
4900,0.002385854721069336,0.205,60.800000000000004
4901,0.0019459724426269531,0.205,60.0
4902,0.0005810260772705078,0.205,58.800000000000004
4903,0.0018267631530761719,0.205,58.0
4904,0.0006024837493896484,0.205,56.800000000000004
4905,0.0022199153900146484,0.205,55.2
4906,0.0015780925750732422,0.205,54.0
4907,0.0006041526794433594,0.205,52.800000000000004
4908,0.001959562301635742,0.205,51.2
4909,0.0005691051483154297,0.205,50.0
4910,0.002515554428100586,0.205,48.400000000000006
4911,0.0006456375122070312,0.205,46.800000000000004
4912,0.0022487640380859375,0.205,45.2
4913,0.0006906986236572266,0.205,44.0
4914,0.002315044403076172,0.207,42.400000000000006
4915,0.0006403923034667969,0.207,40.800000000000004
4916,0.0020895004272460938,0.21100000000000002,39.2
4917,0.0005967617034912109,0.21600000000000003,38.0
4918,0.0020134449005126953,0.21600000000000003,36.4
4919,0.0007262229919433594,0.21600000000000003,35.2
4920,0.0020384788513183594,0.21600000000000003,33.6
4921,0.0021660327911376953,0.21600000000000003,32.4
4922,0.0020949840545654297,0.21600000000000003,31.200000000000003
4923,0.0019228458404541016,0.21600000000000003,30.0
4924,0.0006074905395507812,0.21600000000000003,29.200000000000003
4925,0.0020647048950195312,0.21600000000000003,28.400000000000002
4926,0.0017137527465820312,0.21600000000000003,27.6
4927,0.0006508827209472656,0.21600000000000003,27.200000000000003
4928,0.0022711753845214844,0.21600000000000003,26.400000000000002
4929,0.0023310184478759766,0.21600000000000003,26.0
4930,0.002349376678466797,0.21600000000000003,26.0
4931,0.002218008041381836,0.21600000000000003,26.0
4932,0.002033710479736328,0.21600000000000003,26.0
4933,0.0006322860717773438,0.21600000000000003,26.0
4934,0.0025844573974609375,0.21600000000000003,26.400000000000002
4935,0.0006260871887207031,0.21600000000000003,26.8
4936,0.002294301986694336,0.21600000000000003,27.6
4937,0.0015895366668701172,0.21600000000000003,28.0
4938,0.002355813980102539,0.21600000000000003,28.8
4939,0.0005998611450195312,0.21600000000000003,29.6
4940,0.002157926559448242,0.21600000000000003,30.8
4941,0.0025167465209960938,0.21600000000000003,31.6
4942,0.002075672149658203,0.21100000000000002,32.800000000000004
4943,0.0024900436401367188,0.21100000000000002,34.0
4944,0.0006232261657714844,0.21100000000000002,35.2
4945,0.0023190975189208984,0.209,36.800000000000004
4946,0.0006334781646728516,0.209,38.0
4947,0.0021216869354248047,0.205,39.6
4948,0.0006406307220458984,0.2,40.800000000000004
4949,0.0024459362030029297,0.2,42.400000000000006
4950,0.002280712127685547,0.198,43.6
4951,0.002269268035888672,0.198,45.2
4952,0.0021491050720214844,0.198,46.400000000000006
4953,0.0024611949920654297,0.198,48.0
4954,0.0021708011627197266,0.198,49.2
4955,0.002195119857788086,0.198,50.400000000000006
4956,0.0006511211395263672,0.198,52.0
4957,0.0023279190063476562,0.198,52.800000000000004
4958,0.0021440982818603516,0.198,54.0
4959,0.0008411407470703125,0.198,55.2
4960,0.001997709274291992,0.198,56.0
4961,0.0008029937744140625,0.198,56.800000000000004
4962,0.00223541259765625,0.198,57.6
4963,0.0006182193756103516,0.198,58.0
4964,0.002561807632446289,0.198,58.400000000000006
4965,0.002061605453491211,0.198,58.800000000000004
4966,0.002061605453491211,0.198,58.800000000000004
4967,0.002475261688232422,0.198,59.2
4968,0.0006711483001708984,0.198,59.6
4969,0.0023005008697509766,0.198,59.6
4970,0.0021750926971435547,0.198,59.6
4971,0.0006227493286132812,0.198,59.6
4972,0.0021162033081054688,0.198,59.2
4973,0.002090930938720703,0.198,58.800000000000004
4974,0.002461671829223633,0.198,58.400000000000006
4975,0.0019533634185791016,0.198,58.0
4976,0.0006482601165771484,0.198,57.2
4977,0.001971721649169922,0.198,56.400000000000006
4978,0.0006463527679443359,0.198,55.6
4979,0.002291440963745117,0.198,54.800000000000004
4980,0.001585245132446289,0.198,54.0
4981,0.0006084442138671875,0.198,52.800000000000004
4982,0.002230405807495117,0.198,51.6
4983,0.0022449493408203125,0.198,50.400000000000006
4984,0.002000093460083008,0.198,49.2
4985,0.002226591110229492,0.198,48.0
4986,0.00061798095703125,0.198,46.800000000000004
4987,0.002165555953979492,0.198,45.2
4988,0.002070188522338867,0.198,44.0
4989,0.000598907470703125,0.198,42.800000000000004
4990,0.0023479461669921875,0.2,41.2
4991,0.0016543865203857422,0.205,40.0
4992,0.0006155967712402344,0.205,38.400000000000006
4993,0.002275705337524414,0.205,37.2
4994,0.002101421356201172,0.209,35.6
4995,0.002299785614013672,0.209,34.4
4996,0.0020711421966552734,0.209,33.2
4997,0.002533435821533203,0.21100000000000002,32.0
4998,0.0007746219635009766,0.21100000000000002,30.8
4999,0.002378702163696289,0.21100000000000002,30.0
5000,0.001973867416381836,0.21600000000000003,28.8
5001,0.0023331642150878906,0.21600000000000003,28.0
5002,0.002136707305908203,0.21600000000000003,27.200000000000003
5003,0.0019106864929199219,0.21600000000000003,26.8
5004,0.0019860267639160156,0.218,26.400000000000002
5005,0.0007004737854003906,0.218,26.0
5006,0.0019309520721435547,0.218,25.6
5007,0.001851797103881836,0.218,25.6
5008,0.0015301704406738281,0.22,25.6
5009,0.0020034313201904297,0.22,25.6
5010,0.0007295608520507812,0.222,26.0
5011,0.002307415008544922,0.222,26.400000000000002
5012,0.0007190704345703125,0.222,27.200000000000003
5013,0.0025353431701660156,0.222,27.6
5014,0.0007083415985107422,0.222,28.400000000000002
5015,0.0018401145935058594,0.222,29.6
5016,0.0006687641143798828,0.222,30.400000000000002
5017,0.002376556396484375,0.222,31.6
5018,0.0020341873168945312,0.222,32.800000000000004
5019,0.0006403923034667969,0.222,34.4
5020,0.002457141876220703,0.222,35.6
5021,0.0006964206695556641,0.222,37.2
5022,0.0021135807037353516,0.222,38.800000000000004
5023,0.0006301403045654297,0.222,40.400000000000006
5024,0.0020525455474853516,0.222,42.0
5025,0.0023016929626464844,0.222,43.6
5026,0.0006160736083984375,0.222,45.2
5027,0.0020751953125,0.21600000000000003,46.800000000000004
5028,0.0007040500640869141,0.21100000000000002,48.800000000000004
5029,0.002150297164916992,0.2,50.400000000000006
5030,0.0021424293518066406,0.192,52.0
5031,0.0005857944488525391,0.18100000000000002,53.6
5032,0.002328157424926758,0.17,55.2
5033,0.000621795654296875,0.16399999999999998,56.800000000000004
5034,0.002435922622680664,0.162,58.400000000000006
5035,0.0006518363952636719,0.162,59.6
5036,0.0024003982543945312,0.162,61.2
5037,0.0019898414611816406,0.162,62.0
5038,0.0021817684173583984,0.162,63.2
5039,0.0019197463989257812,0.162,64.0
5040,0.0006189346313476562,0.162,64.8
5041,0.0023064613342285156,0.162,65.2
5042,0.002120494842529297,0.162,65.2
5043,0.0019855499267578125,0.162,65.60000000000001
5044,0.002485513687133789,0.162,65.2
5045,0.0006465911865234375,0.162,64.8
5046,0.0023331642150878906,0.162,64.4
5047,0.0021600723266601562,0.162,63.6
5048,0.0020940303802490234,0.162,62.800000000000004
5049,0.002118349075317383,0.162,62.0
5050,0.0006444454193115234,0.162,60.400000000000006
5051,0.002379179000854492,0.162,59.2
5052,0.0018839836120605469,0.162,57.6
5053,0.0006585121154785156,0.17,56.0
5054,0.0024611949920654297,0.172,54.0
5055,0.0021653175354003906,0.177,52.0
5056,0.0022335052490234375,0.177,49.6
5057,0.001444101333618164,0.179,47.6
5058,0.0006611347198486328,0.18100000000000002,45.2
5059,0.002275228500366211,0.188,42.800000000000004
5060,0.0019354820251464844,0.19,40.0
5061,0.0006756782531738281,0.19399999999999998,37.6
5062,0.0020020008087158203,0.196,34.800000000000004
5063,0.0006496906280517578,0.198,32.4
5064,0.0021872520446777344,0.198,29.6
5065,0.0006730556488037109,0.198,27.200000000000003
5066,0.001852273941040039,0.198,24.8
5067,0.0006353855133056641,0.198,22.400000000000002
5068,0.0012557506561279297,0.2,20.400000000000002
5069,0.0009241104125976562,0.203,18.400000000000002
5070,0.0021622180938720703,0.203,16.400000000000002
5071,0.000743865966796875,0.203,14.4
5072,0.0024139881134033203,0.203,12.8
5073,0.0019588470458984375,0.203,11.600000000000001
5074,0.0007429122924804688,0.203,10.4
5075,0.002023458480834961,0.203,9.600000000000001
5076,0.0007014274597167969,0.203,8.8
5077,0.002257823944091797,0.203,8.4
5078,0.0006263256072998047,0.203,8.0
5079,0.0023937225341796875,0.203,8.0
5080,0.0006384849548339844,0.203,8.4
5081,0.002271890640258789,0.203,8.8
5082,0.0021293163299560547,0.203,9.600000000000001
5083,0.0005991458892822266,0.203,10.4
5084,0.002113819122314453,0.203,11.600000000000001
5085,0.0017619132995605469,0.203,12.8
5086,0.0006413459777832031,0.203,14.4
5087,0.0025539398193359375,0.203,16.0
5088,0.002205371856689453,0.203,18.0
5089,0.0021560192108154297,0.203,20.0
5090,0.0021886825561523438,0.203,22.0
5091,0.0022339820861816406,0.203,24.400000000000002
5092,0.002177000045776367,0.203,26.8
5093,0.0026230812072753906,0.203,29.200000000000003
5094,0.0017147064208984375,0.203,31.6
5095,0.0025191307067871094,0.203,34.4
5096,0.002266407012939453,0.203,36.800000000000004
5097,0.0006327629089355469,0.203,39.6
5098,0.0019578933715820312,0.203,42.0
5099,0.0006427764892578125,0.203,44.400000000000006
5100,0.00209808349609375,0.203,47.2
5101,0.0006210803985595703,0.203,49.6
5102,0.002588033676147461,0.203,52.0
5103,0.0022110939025878906,0.203,54.400000000000006
5104,0.002287626266479492,0.203,56.800000000000004
5105,0.002108335494995117,0.203,58.800000000000004
5106,0.002561807632446289,0.203,60.800000000000004
5107,0.002561807632446289,0.203,60.800000000000004
5108,0.002232074737548828,0.203,62.800000000000004
5109,0.0024394989013671875,0.203,64.8
5110,0.0022423267364501953,0.203,66.4
5111,0.0021355152130126953,0.203,68.0
5112,0.0007188320159912109,0.203,69.60000000000001
5113,0.002321958541870117,0.203,71.2
5114,0.0013060569763183594,0.203,72.4
5115,0.002324342727661133,0.203,73.60000000000001
5116,0.0007472038269042969,0.203,74.4
5117,0.0025038719177246094,0.203,75.2
5118,0.0010638236999511719,0.203,76.0
5119,0.0018978118896484375,0.203,76.4
5120,0.0006694793701171875,0.203,76.80000000000001
5121,0.0022287368774414062,0.203,77.2
5122,0.0006196498870849609,0.203,77.2
5123,0.002310037612915039,0.203,77.2
5124,0.000652313232421875,0.203,77.2
5125,0.002749919891357422,0.203,77.2
5126,0.0006113052368164062,0.203,76.80000000000001
5127,0.0018777847290039062,0.203,76.0
5128,0.0006313323974609375,0.203,75.60000000000001
5129,0.002160310745239258,0.203,74.8
5130,0.0006606578826904297,0.203,73.60000000000001
5131,0.002330780029296875,0.203,72.8
5132,0.0006475448608398438,0.203,71.60000000000001
5133,0.0021364688873291016,0.203,70.4
5134,0.0006210803985595703,0.203,68.8
5135,0.0021598339080810547,0.203,67.60000000000001
5136,0.0014700889587402344,0.203,66.0
5137,0.0019788742065429688,0.203,64.4
5138,0.001708984375,0.203,62.400000000000006
5139,0.0006511211395263672,0.203,60.400000000000006
5140,0.002233266830444336,0.203,58.800000000000004
5141,0.002095460891723633,0.203,56.800000000000004
5142,0.0006647109985351562,0.203,54.400000000000006
5143,0.0025434494018554688,0.203,52.400000000000006
5144,0.0020275115966796875,0.203,50.400000000000006
5145,0.002215862274169922,0.203,48.0
5146,0.0022368431091308594,0.203,46.0
5147,0.002125978469848633,0.203,43.6
5148,0.0030052661895751953,0.203,41.6
5149,0.0019915103912353516,0.203,39.2
5150,0.0006601810455322266,0.203,37.2
5151,0.0022802352905273438,0.203,34.800000000000004
5152,0.0006687641143798828,0.203,32.800000000000004
5153,0.002192974090576172,0.203,30.8
5154,0.002030611038208008,0.203,28.8
5155,0.0020318031311035156,0.198,27.200000000000003
5156,0.0024313926696777344,0.19399999999999998,25.200000000000003
5157,0.0020599365234375,0.192,23.6
5158,0.00272369384765625,0.19,22.400000000000002
5159,0.0020051002502441406,0.188,20.8
5160,0.0021550655364990234,0.185,19.6
5161,0.0007460117340087891,0.185,18.8
5162,0.001981019973754883,0.183,18.0
5163,0.0006773471832275391,0.183,17.2
5164,0.0022194385528564453,0.183,16.400000000000002
5165,0.0006263256072998047,0.179,16.0
5166,0.0023992061614990234,0.179,16.0
5167,0.0006620883941650391,0.179,15.600000000000001
5168,0.002301931381225586,0.179,15.600000000000001
5169,0.0005891323089599609,0.179,15.600000000000001
5170,0.0026221275329589844,0.179,16.0
5171,0.0018398761749267578,0.179,16.400000000000002
5172,0.0006425380706787109,0.179,16.8
5173,0.002251148223876953,0.179,17.6
5174,0.0007171630859375,0.179,18.400000000000002
5175,0.0021524429321289062,0.179,19.200000000000003
5176,0.0006389617919921875,0.179,20.0
5177,0.0025544166564941406,0.179,21.200000000000003
5178,0.0006155967712402344,0.179,22.400000000000002
5179,0.002346515655517578,0.179,23.6
5180,0.0006117820739746094,0.179,24.8
5181,0.002256155014038086,0.179,26.0
5182,0.001924276351928711,0.179,27.200000000000003
5183,0.0005900859832763672,0.179,28.8
5184,0.0020723342895507812,0.179,30.0
5185,0.000579833984375,0.179,31.6
5186,0.0024416446685791016,0.179,32.800000000000004
5187,0.0019524097442626953,0.179,34.4
5188,0.0005631446838378906,0.179,35.6
5189,0.002202272415161133,0.179,37.2
5190,0.0006375312805175781,0.179,38.400000000000006
5191,0.0020477771759033203,0.179,40.0
5192,0.002104520797729492,0.179,41.2
5193,0.002260446548461914,0.18100000000000002,42.400000000000006
5194,0.0016143321990966797,0.185,43.2
5195,0.0023050308227539062,0.188,44.400000000000006
5196,0.002325773239135742,0.19,45.6
5197,0.0022635459899902344,0.192,46.400000000000006
5198,0.001993417739868164,0.19399999999999998,47.2
5199,0.0006678104400634766,0.19399999999999998,48.0
5200,0.002323150634765625,0.19399999999999998,48.400000000000006
5201,0.0006561279296875,0.19399999999999998,49.2
5202,0.0020923614501953125,0.19399999999999998,49.6
5203,0.002177715301513672,0.19399999999999998,50.0
5204,0.000637054443359375,0.196,50.400000000000006
5205,0.0022437572479248047,0.198,50.400000000000006
5206,0.0014717578887939453,0.198,50.800000000000004
5207,0.0020487308502197266,0.2,50.800000000000004
5208,0.002844572067260742,0.203,50.800000000000004
5209,0.0006558895111083984,0.203,50.800000000000004
5210,0.0022199153900146484,0.203,50.800000000000004
5211,0.0020346641540527344,0.203,50.400000000000006
5212,0.0006725788116455078,0.203,50.400000000000006
5213,0.002424478530883789,0.203,50.0
5214,0.0006811618804931641,0.203,49.6
5215,0.002178668975830078,0.203,49.2
5216,0.0006265640258789062,0.203,48.800000000000004
5217,0.0023658275604248047,0.203,48.400000000000006
5218,0.0006122589111328125,0.203,47.6
5219,0.0020072460174560547,0.203,47.2
5220,0.0005800724029541016,0.203,46.800000000000004
5221,0.002027750015258789,0.203,46.0
5222,0.001756429672241211,0.203,45.6
5223,0.0006318092346191406,0.203,44.800000000000004
5224,0.002148866653442383,0.203,44.400000000000006
5225,0.002420186996459961,0.203,43.6
5226,0.0005857944488525391,0.203,42.800000000000004
5227,0.002094268798828125,0.203,42.400000000000006
5228,0.0005960464477539062,0.203,41.6
5229,0.0023832321166992188,0.203,41.2
5230,0.0006175041198730469,0.203,40.400000000000006
5231,0.0022203922271728516,0.203,40.0
5232,0.0005800724029541016,0.203,39.2
5233,0.0021436214447021484,0.203,38.800000000000004
5234,0.002229452133178711,0.203,38.400000000000006
5235,0.0006196498870849609,0.203,37.6
5236,0.002335786819458008,0.203,37.2
5237,0.0006339550018310547,0.203,36.800000000000004
5238,0.0022058486938476562,0.203,36.4
5239,0.0005919933319091797,0.203,36.4
5240,0.00231170654296875,0.203,36.0
5241,0.0006315708160400391,0.203,35.6
5242,0.002363920211791992,0.203,35.6
5243,0.0006070137023925781,0.203,35.2
5244,0.002166271209716797,0.203,35.2
5245,0.0005931854248046875,0.203,35.2
5246,0.0022988319396972656,0.203,34.800000000000004
5247,0.0019254684448242188,0.203,34.800000000000004
5248,0.0022270679473876953,0.203,34.800000000000004
5249,0.002126455307006836,0.203,35.2
5250,0.0016160011291503906,0.203,35.2
5251,0.0016160011291503906,0.203,35.2
5252,0.0024347305297851562,0.203,35.2
5253,0.002187490463256836,0.203,35.6
5254,0.002191781997680664,0.203,35.6
5255,0.0021486282348632812,0.203,36.0
5256,0.0006670951843261719,0.203,36.4
5257,0.0023229122161865234,0.203,36.4
5258,0.0017285346984863281,0.203,36.800000000000004
5259,0.0021903514862060547,0.203,37.2
5260,0.0022971630096435547,0.203,37.6
5261,0.0007207393646240234,0.203,38.0
5262,0.002461671829223633,0.203,38.400000000000006
5263,0.0021071434020996094,0.203,38.400000000000006
5264,0.0021877288818359375,0.203,38.800000000000004
5265,0.0006825923919677734,0.203,39.2
5266,0.0024123191833496094,0.203,39.6
5267,0.0006310939788818359,0.203,40.0
5268,0.0023136138916015625,0.203,40.400000000000006
5269,0.0006797313690185547,0.203,40.800000000000004
5270,0.002208232879638672,0.203,41.2
5271,0.0005860328674316406,0.203,41.2
5272,0.0020139217376708984,0.203,41.6
5273,0.0006225109100341797,0.203,42.0
5274,0.0021240711212158203,0.203,42.400000000000006
5275,0.0006041526794433594,0.203,42.800000000000004
5276,0.002088785171508789,0.203,43.2
5277,0.0006322860717773438,0.203,43.6
5278,0.0025522708892822266,0.203,44.0
5279,0.0006356239318847656,0.203,44.0
5280,0.002110004425048828,0.203,44.400000000000006
5281,0.0005819797515869141,0.2,44.800000000000004
5282,0.002360105514526367,0.2,45.2
5283,0.0006015300750732422,0.2,45.2
5284,0.0023183822631835938,0.2,45.6
5285,0.0006165504455566406,0.2,45.6
5286,0.0022859573364257812,0.2,46.0
5287,0.0005931854248046875,0.198,46.0
5288,0.0022978782653808594,0.198,46.0
5289,0.0005786418914794922,0.198,46.400000000000006
5290,0.0019922256469726562,0.198,46.400000000000006
5291,0.0005538463592529297,0.198,46.400000000000006
5292,0.0024619102478027344,0.198,46.400000000000006
5293,0.0015833377838134766,0.198,46.400000000000006
5294,0.0006380081176757812,0.198,46.400000000000006
5295,0.0024318695068359375,0.198,46.0
5296,0.0006260871887207031,0.198,46.0
5297,0.002779722213745117,0.198,46.0
5298,0.0006186962127685547,0.196,45.6
5299,0.002397775650024414,0.196,45.6
5300,0.002020597457885742,0.196,45.2
5301,0.002075672149658203,0.196,44.800000000000004
5302,0.002138376235961914,0.196,44.400000000000006
5303,0.0021512508392333984,0.196,44.0
5304,0.0006730556488037109,0.196,43.6
5305,0.0022101402282714844,0.196,43.2
5306,0.0015079975128173828,0.196,42.800000000000004
5307,0.0020780563354492188,0.196,42.400000000000006
5308,0.0016655921936035156,0.196,42.0
5309,0.0018761157989501953,0.196,41.6
5310,0.0007138252258300781,0.196,41.2
5311,0.002588033676147461,0.196,40.800000000000004
5312,0.0008420944213867188,0.196,40.0
5313,0.0023217201232910156,0.196,39.6
5314,0.0007460117340087891,0.196,39.2
5315,0.002365589141845703,0.196,38.800000000000004
5316,0.0006699562072753906,0.196,38.0
5317,0.0023658275604248047,0.196,37.6
5318,0.0006418228149414062,0.196,37.2
5319,0.002245187759399414,0.196,36.800000000000004
5320,0.001603841781616211,0.19399999999999998,36.4
5321,0.00063323974609375,0.19399999999999998,36.0
5322,0.0022771358489990234,0.19399999999999998,35.6
5323,0.0006561279296875,0.19399999999999998,35.2
5324,0.0023305416107177734,0.19399999999999998,34.800000000000004
5325,0.0005972385406494141,0.192,34.4
5326,0.0020432472229003906,0.192,34.4
5327,0.0018055438995361328,0.192,34.0
5328,0.000591278076171875,0.192,33.6
5329,0.002237081527709961,0.19,33.6
5330,0.0006692409515380859,0.19,33.2
5331,0.002449512481689453,0.19,33.2
5332,0.0006453990936279297,0.19,33.2
5333,0.0023152828216552734,0.19,33.2
5334,0.00061798095703125,0.19,32.800000000000004
5335,0.002025127410888672,0.188,32.800000000000004
5336,0.0020837783813476562,0.188,32.800000000000004
5337,0.0006256103515625,0.188,33.2
5338,0.002037525177001953,0.188,33.2
5339,0.0006113052368164062,0.188,33.2
5340,0.003235340118408203,0.188,33.2
5341,0.0013341903686523438,0.188,33.6
5342,0.0005958080291748047,0.188,33.6
5343,0.0024013519287109375,0.188,34.0
5344,0.002000570297241211,0.188,34.0
5345,0.0006165504455566406,0.188,34.4
5346,0.0024650096893310547,0.188,34.4
5347,0.0022878646850585938,0.188,34.800000000000004
5348,0.0020227432250976562,0.188,35.2
5349,0.0020449161529541016,0.185,35.2
5350,0.002406597137451172,0.185,35.6
5351,0.001977205276489258,0.185,36.0
5352,0.0006084442138671875,0.183,36.0
5353,0.002131223678588867,0.183,36.4
5354,0.0018401145935058594,0.183,36.4
5355,0.0019381046295166016,0.183,36.800000000000004
5356,0.0019915103912353516,0.183,37.2
5357,0.0021364688873291016,0.183,37.2
5358,0.0016279220581054688,0.183,37.6
5359,0.0006422996520996094,0.183,37.6
5360,0.002282381057739258,0.183,37.6
5361,0.0006873607635498047,0.183,38.0
5362,0.002300739288330078,0.183,38.0
5363,0.0017228126525878906,0.183,38.0
5364,0.0007035732269287109,0.183,38.0
5365,0.001953125,0.183,38.0
5366,0.0021147727966308594,0.183,38.0
5367,0.0006549358367919922,0.183,38.0
5368,0.0022721290588378906,0.183,38.0
5369,0.0006117820739746094,0.183,38.0
5370,0.0023610591888427734,0.183,38.0
5371,0.0005960464477539062,0.183,38.0
5372,0.0023407936096191406,0.183,37.6
5373,0.0008480548858642578,0.183,37.6
5374,0.0020482540130615234,0.183,37.2
5375,0.0007421970367431641,0.183,37.2
5376,0.0004627704620361328,0.183,36.800000000000004
5377,0.0010380744934082031,0.183,36.800000000000004
5378,0.0006046295166015625,0.183,36.4
5379,0.0021042823791503906,0.183,36.0
5380,0.0015673637390136719,0.183,36.0
5381,0.0007004737854003906,0.183,35.6
5382,0.002071380615234375,0.179,35.2
5383,0.0006356239318847656,0.179,35.2
5384,0.002270936965942383,0.177,34.800000000000004
5385,0.0006415843963623047,0.177,34.4
5386,0.00225067138671875,0.175,34.0
5387,0.0006346702575683594,0.175,33.6
5388,0.002309083938598633,0.172,33.2
5389,0.0006222724914550781,0.17,32.800000000000004
5390,0.0021681785583496094,0.17,32.4
5391,0.0005941390991210938,0.168,32.4
5392,0.0022966861724853516,0.168,32.0
5393,0.0006909370422363281,0.168,31.6
5394,0.002135038375854492,0.166,31.200000000000003
5395,0.0007834434509277344,0.166,31.200000000000003
5396,0.0022954940795898438,0.166,30.8
5397,0.0022954940795898438,0.166,30.8
5398,0.002218484878540039,0.166,30.400000000000002
5399,0.001975536346435547,0.166,30.0
5400,0.002051115036010742,0.166,29.6
5401,0.00295257568359375,0.166,29.6
5402,0.0023622512817382812,0.166,29.200000000000003
5403,0.0026140213012695312,0.166,28.8
5404,0.0016987323760986328,0.166,28.400000000000002
5405,0.0006501674652099609,0.166,28.0
5406,0.002401590347290039,0.166,28.0
5407,0.0006105899810791016,0.166,27.6
5408,0.0022389888763427734,0.16399999999999998,27.200000000000003
5409,0.0016674995422363281,0.16399999999999998,27.200000000000003
5410,0.002386808395385742,0.16399999999999998,26.8
5411,0.0018739700317382812,0.16399999999999998,26.400000000000002
5412,0.001977682113647461,0.162,26.400000000000002
5413,0.002317190170288086,0.162,26.0
5414,0.0017659664154052734,0.162,26.0
5415,0.001870870590209961,0.162,25.6
5416,0.0022580623626708984,0.162,25.6
5417,0.0025033950805664062,0.162,25.6
5418,0.0007810592651367188,0.162,25.6
5419,0.002077817916870117,0.162,25.200000000000003
5420,0.0007314682006835938,0.162,25.200000000000003
5421,0.0025544166564941406,0.159,25.200000000000003
5422,0.0006816387176513672,0.159,25.200000000000003
5423,0.0017189979553222656,0.159,25.200000000000003
5424,0.000659942626953125,0.159,25.200000000000003
5425,0.0025599002838134766,0.159,25.200000000000003
5426,0.0006053447723388672,0.157,25.200000000000003
5427,0.0020422935485839844,0.157,25.200000000000003
5428,0.0006203651428222656,0.157,25.6
5429,0.002229928970336914,0.157,25.6
5430,0.0006086826324462891,0.155,25.6
5431,0.0020837783813476562,0.155,25.6
5432,0.0016412734985351562,0.155,26.0
5433,0.0006208419799804688,0.153,26.0
5434,0.0023288726806640625,0.153,26.0
5435,0.002170085906982422,0.153,26.400000000000002
5436,0.0023784637451171875,0.153,26.400000000000002
5437,0.0006842613220214844,0.153,26.400000000000002
5438,0.0025768280029296875,0.153,26.400000000000002
5439,0.002218484878540039,0.153,26.8
5440,0.0005958080291748047,0.153,26.8
5441,0.002585887908935547,0.149,26.8
5442,0.0006697177886962891,0.149,26.8
5443,0.0022716522216796875,0.149,27.200000000000003
5444,0.0006246566772460938,0.149,27.200000000000003
5445,0.0021796226501464844,0.147,27.200000000000003
5446,0.0006010532379150391,0.147,27.200000000000003
5447,0.002352476119995117,0.147,27.200000000000003
5448,0.002218961715698242,0.147,27.200000000000003
5449,0.0005774497985839844,0.14400000000000002,27.200000000000003
5450,0.002373218536376953,0.14400000000000002,27.200000000000003
5451,0.0023152828216552734,0.14400000000000002,27.200000000000003
5452,0.0022754669189453125,0.14400000000000002,26.8
5453,0.0006012916564941406,0.14400000000000002,26.8
5454,0.0022013187408447266,0.14400000000000002,26.8
5455,0.001669168472290039,0.14,26.400000000000002
5456,0.0007681846618652344,0.14,26.400000000000002
5457,0.002048969268798828,0.14,26.0
5458,0.001680135726928711,0.14,26.0
5459,0.001735687255859375,0.14,25.6
5460,0.0022192001342773438,0.14,25.200000000000003
5461,0.0024042129516601562,0.14,25.200000000000003
5462,0.0022735595703125,0.138,24.8
5463,0.002726316452026367,0.136,24.400000000000002
5464,0.0007526874542236328,0.136,24.0
5465,0.0023620128631591797,0.136,23.6
5466,0.0019037723541259766,0.136,23.200000000000003
5467,0.002255678176879883,0.136,22.8
5468,0.002282857894897461,0.136,22.8
5469,0.001967906951904297,0.136,22.400000000000002
5470,0.0022399425506591797,0.134,22.0
5471,0.0022897720336914062,0.134,21.6
5472,0.0007929801940917969,0.131,21.200000000000003
5473,0.0022323131561279297,0.129,20.8
5474,0.0007207393646240234,0.129,20.400000000000002
5475,0.0020461082458496094,0.129,20.0
5476,0.0007040500640869141,0.127,19.6
5477,0.002314329147338867,0.127,19.200000000000003
5478,0.0006387233734130859,0.125,18.8
5479,0.002319812774658203,0.125,18.400000000000002
5480,0.0006213188171386719,0.125,18.400000000000002
5481,0.002462148666381836,0.125,18.0
5482,0.0022382736206054688,0.125,17.6
5483,0.002074718475341797,0.125,17.2
5484,0.0005869865417480469,0.125,16.8
5485,0.0022628307342529297,0.125,16.8
5486,0.0006244182586669922,0.125,16.400000000000002
5487,0.0021529197692871094,0.12300000000000001,16.0
5488,0.0005924701690673828,0.11900000000000001,16.0
5489,0.0023577213287353516,0.114,15.600000000000001
5490,0.0005691051483154297,0.114,15.600000000000001
5491,0.0020453929901123047,0.114,15.200000000000001
5492,0.0005993843078613281,0.114,15.200000000000001
5493,0.002621173858642578,0.114,15.200000000000001
5494,0.001409292221069336,0.114,14.8
5495,0.0015714168548583984,0.114,14.8
5496,0.002197742462158203,0.114,14.8
5497,0.0018286705017089844,0.114,14.8
5498,0.0006747245788574219,0.114,14.8
5499,0.0024809837341308594,0.114,14.8
5500,0.0021736621856689453,0.114,14.8
5501,0.0006420612335205078,0.114,14.8
5502,0.0022716522216796875,0.114,14.8
5503,0.0006155967712402344,0.114,14.8
5504,0.0018818378448486328,0.114,14.8
5505,0.0005993843078613281,0.114,14.8
5506,0.0019876956939697266,0.114,14.8
5507,0.0026924610137939453,0.114,14.8
5508,0.0006163120269775391,0.114,15.200000000000001
5509,0.0019812583923339844,0.114,15.200000000000001
5510,0.0006499290466308594,0.114,15.200000000000001
5511,0.0019028186798095703,0.114,15.200000000000001
5512,0.0006518363952636719,0.114,15.600000000000001
5513,0.0021512508392333984,0.11199999999999999,15.600000000000001
5514,0.0018563270568847656,0.11199999999999999,15.600000000000001
5515,0.000743865966796875,0.11,16.0
5516,0.002426624298095703,0.11,16.0
5517,0.002189159393310547,0.11,16.0
5518,0.00226593017578125,0.11,16.400000000000002
5519,0.0021212100982666016,0.11,16.400000000000002
5520,0.0006499290466308594,0.11,16.400000000000002
5521,0.0020580291748046875,0.11,16.8
5522,0.000652313232421875,0.11,16.8
5523,0.0023746490478515625,0.11,16.8
5524,0.0006024837493896484,0.11,16.8
5525,0.002107381820678711,0.11,16.8
5526,0.0006232261657714844,0.11,17.2
5527,0.0023081302642822266,0.11,17.2
5528,0.0017497539520263672,0.10800000000000001,17.2
5529,0.0005810260772705078,0.10800000000000001,17.2
5530,0.0024623870849609375,0.10800000000000001,17.2
5531,0.0006368160247802734,0.10800000000000001,17.2
5532,0.0020990371704101562,0.10800000000000001,17.2
5533,0.0006031990051269531,0.106,17.2
5534,0.002063751220703125,0.106,17.2
5535,0.0006341934204101562,0.10300000000000001,16.8
5536,0.002463102340698242,0.10300000000000001,16.8
5537,0.0022699832916259766,0.10300000000000001,16.8
5538,0.0018706321716308594,0.10300000000000001,16.8
5539,0.002229452133178711,0.10300000000000001,16.400000000000002
5540,0.002200603485107422,0.10099999999999999,16.400000000000002
5541,0.002200603485107422,0.10099999999999999,16.400000000000002
5542,0.0020072460174560547,0.10099999999999999,16.400000000000002
5543,0.0006494522094726562,0.10099999999999999,16.0
5544,0.0014286041259765625,0.10099999999999999,16.0
5545,0.002286672592163086,0.099,15.600000000000001
5546,0.0024492740631103516,0.099,15.600000000000001
5547,0.0020160675048828125,0.099,15.200000000000001
5548,0.0007736682891845703,0.099,14.8
5549,0.0025637149810791016,0.099,14.8
5550,0.0006864070892333984,0.099,14.4
5551,0.0015568733215332031,0.099,14.4
5552,0.0008332729339599609,0.099,14.0
5553,0.002038717269897461,0.099,13.600000000000001
5554,0.0006399154663085938,0.09699999999999999,13.600000000000001
5555,0.002251863479614258,0.09699999999999999,13.200000000000001
5556,0.0006766319274902344,0.09699999999999999,12.8
5557,0.0021533966064453125,0.09699999999999999,12.8
5558,0.0006048679351806641,0.095,12.4
5559,0.002106904983520508,0.095,12.0
5560,0.0018398761749267578,0.09300000000000001,12.0
5561,0.0005936622619628906,0.09300000000000001,11.600000000000001
5562,0.002207040786743164,0.091,11.600000000000001
5563,0.0006740093231201172,0.08800000000000001,11.200000000000001
5564,0.0020329952239990234,0.086,11.200000000000001
5565,0.0006730556488037109,0.086,11.200000000000001
5566,0.002543926239013672,0.084,10.8
5567,0.0016813278198242188,0.084,10.8
5568,0.0020437240600585938,0.084,10.8
5569,0.002040386199951172,0.084,10.4
5570,0.0006589889526367188,0.084,10.4
5571,0.0021772384643554688,0.084,10.4
5572,0.00064849853515625,0.08199999999999999,10.4
5573,0.002125978469848633,0.08199999999999999,10.0
5574,0.0006117820739746094,0.08199999999999999,10.0
5575,0.002164125442504883,0.08199999999999999,10.0
5576,0.0006177425384521484,0.08199999999999999,10.0
5577,0.0022606849670410156,0.08,10.0
5578,0.000606536865234375,0.08,9.600000000000001
5579,0.0021219253540039062,0.08,9.600000000000001
5580,0.0006155967712402344,0.08,9.600000000000001
5581,0.002061128616333008,0.075,9.600000000000001
5582,0.0005946159362792969,0.075,9.600000000000001
5583,0.0022745132446289062,0.075,9.600000000000001
5584,0.0005757808685302734,0.075,9.600000000000001
5585,0.0023806095123291016,0.075,9.600000000000001
5586,0.0005671977996826172,0.075,9.200000000000001
5587,0.0023887157440185547,0.075,9.200000000000001
5588,0.0005877017974853516,0.073,9.200000000000001
5589,0.0024566650390625,0.073,9.200000000000001
5590,0.0005702972412109375,0.073,9.200000000000001
5591,0.002271890640258789,0.073,9.200000000000001
5592,0.0005693435668945312,0.073,9.200000000000001
5593,0.0025284290313720703,0.073,9.200000000000001
5594,0.0005791187286376953,0.073,9.200000000000001
5595,0.002026796340942383,0.073,9.200000000000001
5596,0.0006313323974609375,0.073,9.200000000000001
5597,0.0023932456970214844,0.073,9.200000000000001
5598,0.0005950927734375,0.073,9.200000000000001
5599,0.0015447139739990234,0.073,8.8
5600,0.0005924701690673828,0.073,8.8
5601,0.0020596981048583984,0.073,8.8
5602,0.0005896091461181641,0.073,8.8
5603,0.002033233642578125,0.071,8.8
5604,0.0006170272827148438,0.071,8.8
5605,0.0020830631256103516,0.071,8.8
5606,0.0005934238433837891,0.071,8.8
5607,0.0018434524536132812,0.069,8.8
5608,0.0006210803985595703,0.069,8.8
5609,0.0022466182708740234,0.069,8.8
5610,0.0018749237060546875,0.069,8.8
5611,0.0006215572357177734,0.069,8.4
5612,0.0021049976348876953,0.069,8.4
5613,0.0007185935974121094,0.069,8.4
5614,0.0016779899597167969,0.067,8.4
5615,0.0007948875427246094,0.067,8.4
5616,0.0023941993713378906,0.065,8.4
5617,0.001752614974975586,0.063,8.4
5618,0.002398967742919922,0.063,8.4
5619,0.0025632381439208984,0.063,8.4
5620,0.001980304718017578,0.063,8.4
5621,0.0006511211395263672,0.063,8.4
5622,0.002505064010620117,0.063,8.4
5623,0.0006477832794189453,0.063,8.0
5624,0.0023326873779296875,0.063,8.0
5625,0.0006330013275146484,0.063,8.0
5626,0.0022776126861572266,0.06,8.0
5627,0.0006394386291503906,0.06,8.0
5628,0.0021865367889404297,0.06,7.6000000000000005
5629,0.00060272216796875,0.06,7.6000000000000005
5630,0.0021359920501708984,0.06,7.6000000000000005
5631,0.0005731582641601562,0.057999999999999996,7.6000000000000005
5632,0.00209808349609375,0.057999999999999996,7.2
5633,0.0005750656127929688,0.057999999999999996,7.2
5634,0.0023767948150634766,0.057999999999999996,7.2
5635,0.0007762908935546875,0.055999999999999994,7.2
5636,0.0024728775024414062,0.055999999999999994,6.800000000000001
5637,0.0007567405700683594,0.055999999999999994,6.800000000000001
5638,0.0020759105682373047,0.054000000000000006,6.800000000000001
5639,0.0006275177001953125,0.054000000000000006,6.800000000000001
5640,0.0025196075439453125,0.054000000000000006,6.4
5641,0.0019631385803222656,0.054000000000000006,6.4
5642,0.0006511211395263672,0.054000000000000006,6.4
5643,0.0023415088653564453,0.054000000000000006,6.0
5644,0.0022306442260742188,0.052000000000000005,6.0
5645,0.0006124973297119141,0.052000000000000005,6.0
5646,0.0022993087768554688,0.052000000000000005,5.6000000000000005
5647,0.00057220458984375,0.052000000000000005,5.6000000000000005
5648,0.002332448959350586,0.052000000000000005,5.6000000000000005
5649,0.0012729167938232422,0.052000000000000005,5.6000000000000005
5650,0.0013332366943359375,0.047,5.2
5651,0.0006697177886962891,0.047,5.2
5652,0.0023195743560791016,0.045,5.2
5653,0.0017313957214355469,0.043,5.2
5654,0.0006678104400634766,0.040999999999999995,4.800000000000001
5655,0.002354860305786133,0.040999999999999995,4.800000000000001
5656,0.0006387233734130859,0.040999999999999995,4.800000000000001
5657,0.0025625228881835938,0.039,4.800000000000001
5658,0.0016417503356933594,0.039,4.800000000000001
5659,0.0006442070007324219,0.039,4.4
5660,0.0022525787353515625,0.039,4.4
5661,0.0006225109100341797,0.039,4.4
5662,0.0021317005157470703,0.034,4.4
5663,0.002117156982421875,0.034,4.4
5664,0.0008060932159423828,0.034,4.0
5665,0.0020513534545898438,0.034,4.0
5666,0.002029895782470703,0.034,4.0
5667,0.002278566360473633,0.034,4.0
5668,0.0022821426391601562,0.034,3.6
5669,0.002439260482788086,0.034,3.6
5670,0.0021719932556152344,0.032,3.6
5671,0.0007970333099365234,0.032,3.2
5672,0.0020465850830078125,0.032,3.2
5673,0.0006794929504394531,0.03,3.2
5674,0.002275228500366211,0.03,2.8000000000000003
5675,0.0006842613220214844,0.03,2.8000000000000003
5676,0.0022192001342773438,0.027999999999999997,2.8000000000000003
5677,0.0021131038665771484,0.026000000000000002,2.4000000000000004
5678,0.0006890296936035156,0.026000000000000002,2.4000000000000004
5679,0.002319812774658203,0.026000000000000002,2.4000000000000004
5680,0.0006983280181884766,0.026000000000000002,2.0
5681,0.0020852088928222656,0.026000000000000002,2.0
5682,0.0006425380706787109,0.022000000000000002,2.0
5683,0.001998424530029297,0.022000000000000002,1.6
5684,0.0022482872009277344,0.022000000000000002,1.6
5685,0.0022330284118652344,0.022000000000000002,1.6
5686,0.0022330284118652344,0.019,1.6
5687,0.0019359588623046875,0.019,1.2000000000000002
5688,0.0006539821624755859,0.017,1.2000000000000002
5689,0.002479076385498047,0.017,1.2000000000000002
5690,0.0023963451385498047,0.015,0.8
5691,0.0023126602172851562,0.015,0.8
5692,0.0006146430969238281,0.013000000000000001,0.8
5693,0.0026237964630126953,0.013000000000000001,0.8
5694,0.0005812644958496094,0.009000000000000001,0.4
5695,0.0021920204162597656,0.009000000000000001,0.4
5696,0.0015811920166015625,0.009000000000000001,0.4
5697,0.0006554126739501953,0.009000000000000001,0.4
5698,0.0021562576293945312,0.009000000000000001,0.0
5699,0.0023164749145507812,0.009000000000000001,0.0
5700,0.0006148815155029297,0.009000000000000001,0.0
5701,0.0022034645080566406,0.009000000000000001,0.0
5702,0.0006392002105712891,0.009000000000000001,0.0
5703,0.0020956993103027344,0.009000000000000001,-0.4
5704,0.002002239227294922,0.009000000000000001,-0.4
5705,0.0005834102630615234,0.009000000000000001,-0.4
5706,0.0022580623626708984,0.009000000000000001,-0.4
5707,0.0017597675323486328,0.009000000000000001,-0.4
5708,0.0016379356384277344,0.009000000000000001,-0.8
5709,0.0006318092346191406,0.009000000000000001,-0.8
5710,0.00270843505859375,0.009000000000000001,-0.8
5711,0.0006186962127685547,0.009000000000000001,-0.8
5712,0.0023343563079833984,0.009000000000000001,-0.8
5713,0.00077056884765625,0.009000000000000001,-0.8
5714,0.0017552375793457031,0.009000000000000001,-0.8
5715,0.0006666183471679688,0.009000000000000001,-0.8
5716,0.002232789993286133,0.009000000000000001,-0.8
5717,0.0004725456237792969,0.009000000000000001,-0.8
5718,0.0025908946990966797,0.009000000000000001,-0.8
5719,0.0006287097930908203,0.009000000000000001,-0.8
5720,0.0017616748809814453,0.009000000000000001,-0.8
5721,0.002017974853515625,0.009000000000000001,-0.8
5722,0.002262592315673828,0.009000000000000001,-0.8
5723,0.002058744430541992,0.009000000000000001,-0.8
5724,0.0006139278411865234,0.009000000000000001,-0.4
5725,0.002337932586669922,0.009000000000000001,-0.4
5726,0.0006742477416992188,0.009000000000000001,-0.4
5727,0.002126932144165039,0.009000000000000001,-0.4
5728,0.0006318092346191406,0.009000000000000001,-0.4
5729,0.002018451690673828,0.009000000000000001,0.0
5730,0.0005857944488525391,0.009000000000000001,0.0
5731,0.0022661685943603516,0.009000000000000001,0.0
5732,0.0006034374237060547,0.009000000000000001,0.0
5733,0.002004384994506836,0.009000000000000001,0.0
5734,0.0006103515625,0.009000000000000001,0.4
5735,0.0019910335540771484,0.009000000000000001,0.4
5736,0.0018804073333740234,0.009000000000000001,0.4
5737,0.0006272792816162109,0.009000000000000001,0.4
5738,0.002284526824951172,0.009000000000000001,0.4
5739,0.002063274383544922,0.009000000000000001,0.4
5740,0.002271890640258789,0.009000000000000001,0.8
5741,0.0006158351898193359,0.009000000000000001,0.8
5742,0.002198457717895508,0.009000000000000001,0.8
5743,0.0005655288696289062,0.009000000000000001,0.8
5744,0.0020847320556640625,0.009000000000000001,0.8
5745,0.0005602836608886719,0.009000000000000001,0.8
5746,0.002022981643676758,0.009000000000000001,0.8
5747,0.0005850791931152344,0.009000000000000001,0.8
5748,0.0018546581268310547,0.009000000000000001,0.8
5749,0.0008614063262939453,0.009000000000000001,0.8
5750,0.0025420188903808594,0.009000000000000001,0.8
5751,0.0006570816040039062,0.009000000000000001,0.8
5752,0.0023856163024902344,0.009000000000000001,0.8
5753,0.0005729198455810547,0.009000000000000001,0.8
5754,0.0023903846740722656,0.009000000000000001,0.8
5755,0.0018606185913085938,0.009000000000000001,0.8
5756,0.001619577407836914,0.009000000000000001,0.8
5757,0.0006387233734130859,0.009000000000000001,0.8
5758,0.0022270679473876953,0.009000000000000001,0.8
5759,0.0006210803985595703,0.009000000000000001,0.4
5760,0.002519845962524414,0.009000000000000001,0.4
5761,0.0005795955657958984,0.009000000000000001,0.4
5762,0.0022118091583251953,0.009000000000000001,0.4
5763,0.0007266998291015625,0.009000000000000001,0.4
5764,0.0020885467529296875,0.009000000000000001,0.4
5765,0.0006625652313232422,0.009000000000000001,0.0
5766,0.0024950504302978516,0.009000000000000001,0.0
5767,0.001943349838256836,0.009000000000000001,0.0
5768,0.0005972385406494141,0.009000000000000001,0.0
5769,0.002142667770385742,0.009000000000000001,0.0
5770,0.002382993698120117,0.009000000000000001,0.0
5771,0.002151966094970703,0.009000000000000001,-0.4
5772,0.0022878646850585938,0.009000000000000001,-0.4
5773,0.002313852310180664,0.009000000000000001,-0.4
5774,0.0022885799407958984,0.009000000000000001,-0.4
5775,0.0017971992492675781,0.009000000000000001,-0.4
5776,0.0007030963897705078,0.009000000000000001,-0.4
5777,0.0020394325256347656,0.009000000000000001,-0.4
5778,0.0006866455078125,0.009000000000000001,-0.4
5779,0.0024657249450683594,0.009000000000000001,-0.4
5780,0.0006144046783447266,0.009000000000000001,-0.8
5781,0.0022957324981689453,0.009000000000000001,-0.8
5782,0.0006413459777832031,0.009000000000000001,-0.8
5783,0.002471446990966797,0.009000000000000001,-0.8
5784,0.0016541481018066406,0.009000000000000001,-0.8
5785,0.0005867481231689453,0.009000000000000001,-0.8
5786,0.0026149749755859375,0.009000000000000001,-0.4
5787,0.0006029605865478516,0.009000000000000001,-0.4
5788,0.0022819042205810547,0.009000000000000001,-0.4
5789,0.0006041526794433594,0.006,-0.4
5790,0.002305746078491211,0.004,-0.4
5791,0.0005619525909423828,0.004,-0.4
5792,0.0022377967834472656,0.004,-0.4
5793,0.0017266273498535156,0.004,-0.4
5794,0.0006260871887207031,0.004,-0.4
5795,0.002152681350708008,0.004,0.0
5796,0.0006303787231445312,0.004,0.0
5797,0.0020744800567626953,0.002,0.0
5798,0.0005929470062255859,0.0,0.0
5799,0.002080202102661133,0.0,0.0
5800,0.0017590522766113281,0.0,0.0
5801,0.0006444454193115234,0.0,0.0
5802,0.0020487308502197266,0.0,0.4
5803,0.002382040023803711,0.0,0.4
5804,0.0006070137023925781,0.0,0.4
5805,0.0017328262329101562,0.0,0.4
5806,0.0006191730499267578,0.0,0.4
5807,0.0018436908721923828,0.0,0.4
5808,0.0005621910095214844,0.0,0.4
5809,0.002313375473022461,0.0,0.4
5810,0.0005571842193603516,0.0,0.4
5811,0.0024471282958984375,0.0,0.4
5812,0.002215862274169922,0.0,0.4
5813,0.0005080699920654297,0.0,0.4
5814,0.0023543834686279297,0.0,0.4
5815,0.002031087875366211,0.0,0.4
5816,0.0006694793701171875,0.0,0.4
5817,0.0023429393768310547,0.0,0.4
5818,0.002196788787841797,0.0,0.4
5819,0.0006844997406005859,0.0,0.4
5820,0.002289295196533203,0.0,0.4
5821,0.0020341873168945312,0.0,0.4
5822,0.0006127357482910156,0.0,0.4
5823,0.002292633056640625,0.0,0.4
5824,0.0006213188171386719,0.0,0.4
5825,0.002087831497192383,0.0,0.4
5826,0.0006268024444580078,0.0,0.0
5827,0.002076864242553711,0.0,0.0
5828,0.0005960464477539062,0.0,0.0
5829,0.002367734909057617,0.0,0.0
5830,0.002367734909057617,0.0,0.0
5831,0.002315044403076172,0.0,0.0
5832,0.0005850791931152344,0.0,0.0
5833,0.0022504329681396484,0.0,0.0
5834,0.0005929470062255859,0.0,0.0
5835,0.002432584762573242,0.0,0.0
5836,0.0019488334655761719,0.0,-0.4
5837,0.0006189346313476562,0.0,-0.4
5838,0.0024840831756591797,0.0,-0.4
5839,0.0005824565887451172,0.0,-0.4
5840,0.0023679733276367188,0.0,-0.4
5841,0.0005838871002197266,0.0,-0.4
5842,0.002302408218383789,0.0,-0.4
5843,0.0006089210510253906,0.0,-0.4
5844,0.002092123031616211,0.0,-0.4
5845,0.0015680789947509766,0.0,-0.4
5846,0.00057220458984375,0.0,-0.4
5847,0.002477884292602539,0.0,-0.4
5848,0.0006070137023925781,0.0,-0.4
5849,0.0023581981658935547,0.0,-0.4
5850,0.0006327629089355469,0.0,-0.4
5851,0.002292156219482422,0.0,-0.4
5852,0.0006077289581298828,0.0,-0.4
5853,0.0020618438720703125,0.0,-0.4
5854,0.001974821090698242,0.0,-0.4
5855,0.002512216567993164,0.0,-0.4
5856,0.0006527900695800781,0.0,-0.4
5857,0.0023162364959716797,0.0,-0.4
5858,0.0018672943115234375,0.0,0.0
5859,0.0022499561309814453,0.0,0.0
5860,0.002361774444580078,0.0,0.0
5861,0.002481698989868164,0.0,0.0
5862,0.0021467208862304688,0.0,0.0
5863,0.0020475387573242188,0.0,0.0
5864,0.0007543563842773438,0.0,0.0
5865,0.002105712890625,0.0,0.0
5866,0.0007989406585693359,0.0,0.0
5867,0.002167224884033203,0.0,0.0
5868,0.0007576942443847656,0.0,0.4
5869,0.002381563186645508,0.0,0.4
5870,0.0006554126739501953,0.0,0.4
5871,0.0022268295288085938,0.0,0.4
5872,0.0015223026275634766,0.0,0.4
5873,0.000667572021484375,0.0,0.4
5874,0.002336740493774414,0.0,0.4
5875,0.0006630420684814453,0.0,0.4
5876,0.0020172595977783203,0.0,0.4
5877,0.0006527900695800781,0.0,0.4
5878,0.0023839473724365234,0.0,0.4
5879,0.0021882057189941406,0.0,0.4
5880,0.0005998611450195312,0.0,0.4
5881,0.0023202896118164062,0.0,0.4
5882,0.0006511211395263672,0.0,0.4
5883,0.0021004676818847656,0.0,0.4
5884,0.0006246566772460938,0.0,0.4
5885,0.0024819374084472656,0.0,0.4
5886,0.0019092559814453125,0.0,0.0
5887,0.0006012916564941406,0.0,0.0
5888,0.002294778823852539,0.0,0.0
5889,0.0005908012390136719,0.0,0.0
5890,0.0020377635955810547,0.0,0.0
5891,0.0005757808685302734,0.0,0.0
5892,0.0019123554229736328,0.0,0.0
5893,0.0005590915679931641,0.0,0.0
5894,0.0020313262939453125,0.0,0.0
5895,0.0007414817810058594,0.0,0.0
5896,0.002215147018432617,0.0,0.0
5897,0.0016796588897705078,0.0,0.0
5898,0.0007889270782470703,0.0,0.0
5899,0.0030481815338134766,0.0,0.0
5900,0.0014815330505371094,0.0,-0.4
5901,0.0021855831146240234,0.0,-0.4
5902,0.0007510185241699219,0.0,-0.4
5903,0.002638578414916992,0.0,-0.4
5904,0.0006284713745117188,0.0,-0.4
5905,0.0020995140075683594,0.0,-0.4
5906,0.0016856193542480469,0.0,-0.4
5907,0.000637054443359375,0.0,-0.4
5908,0.002345561981201172,0.0,-0.4
5909,0.0006623268127441406,0.0,-0.4
5910,0.002457141876220703,0.0,-0.4
5911,0.0006310939788818359,0.0,-0.4
5912,0.0020940303802490234,0.0,-0.4
5913,0.0007092952728271484,0.0,-0.4
5914,0.0017969608306884766,0.0,0.0
5915,0.0020737648010253906,0.0,0.0
5916,0.0007307529449462891,0.0,0.0
5917,0.0020873546600341797,0.0,0.0
5918,0.0018241405487060547,0.0,0.0
5919,0.0007364749908447266,0.0,0.0
5920,0.002645730972290039,0.0,0.0
5921,0.002122163772583008,0.0,0.0
5922,0.0020215511322021484,0.0,0.0
5923,0.0014426708221435547,0.0,0.0
5924,0.002045154571533203,0.0,0.0
5925,0.0006856918334960938,0.0,0.0
5926,0.002337932586669922,0.0,0.0
5927,0.0006415843963623047,0.0,0.0
5928,0.002306222915649414,0.0,0.0
5929,0.0005702972412109375,0.0,0.0
5930,0.0018057823181152344,0.0,0.0
5931,0.0006082057952880859,0.0,0.0
5932,0.002134561538696289,0.0,0.0
5933,0.0005848407745361328,0.0,0.0
5934,0.002004384994506836,0.0,0.0
5935,0.0006375312805175781,0.0,0.0
5936,0.0023593902587890625,0.0,0.0
5937,0.001728057861328125,0.0,0.0
5938,0.0006091594696044922,0.0,0.0
5939,0.0024871826171875,0.0,0.0
5940,0.0006537437438964844,0.0,0.0
5941,0.0023391246795654297,0.0,0.0
5942,0.0006232261657714844,0.0,0.0
5943,0.002042531967163086,0.0,0.0
5944,0.001848459243774414,0.0,0.0
5945,0.00058746337890625,0.0,0.0
5946,0.002376079559326172,0.0,0.0
5947,0.0005786418914794922,0.0,0.0
5948,0.0020835399627685547,0.0,0.0
5949,0.0005691051483154297,0.0,0.0
5950,0.0026612281799316406,0.0,0.0
5951,0.0017421245574951172,0.0,0.0
5952,0.0006110668182373047,0.0,0.0
5953,0.0021762847900390625,0.0,0.0
5954,0.0006117820739746094,0.0,0.0
5955,0.002054452896118164,0.0,0.0
5956,0.001984834671020508,0.0,0.0
5957,0.0020668506622314453,0.0,0.0
5958,0.0019922256469726562,0.0,0.0
5959,0.0006582736968994141,0.0,0.0
5960,0.0025022029876708984,0.0,0.0
5961,0.001634836196899414,0.0,0.0
5962,0.0016164779663085938,0.0,0.0
5963,0.002914905548095703,0.0,0.0
5964,0.0016448497772216797,0.0,0.0
5965,0.0015723705291748047,0.0,0.0
5966,0.002255678176879883,0.0,0.0
5967,0.002092599868774414,0.0,0.0
5968,0.002305746078491211,0.0,0.0
5969,0.0007457733154296875,0.0,0.0
5970,0.002515554428100586,0.0,0.0
5971,0.0016622543334960938,0.0,0.0
5972,0.0006787776947021484,0.0,0.0
5973,0.0023005008697509766,0.0,0.0
5974,0.0019092559814453125,0.0,0.0
5975,0.0008416175842285156,0.0,0.0
5976,0.0023517608642578125,0.0,0.0
5977,0.0008051395416259766,0.0,0.0
5978,0.0020830631256103516,0.0,0.0
5979,0.0016772747039794922,0.0,0.0
5980,0.001996755599975586,0.0,0.0
5981,0.0028634071350097656,0.0,0.0
5982,0.0020678043365478516,0.0,0.0
5983,0.0022165775299072266,0.0,0.0
5984,0.0022165775299072266,0.0,0.0
5985,0.0020401477813720703,0.0,0.0
5986,0.0006909370422363281,0.0,0.0
5987,0.0020966529846191406,0.0,0.0
5988,0.0006129741668701172,0.0,0.0
5989,0.0023298263549804688,0.0,0.0
5990,0.0006070137023925781,0.0,0.0
5991,0.002492189407348633,0.0,0.0
5992,0.0006330013275146484,0.0,0.0
5993,0.0024640560150146484,0.0,0.0
5994,0.002087831497192383,0.0,0.0
5995,0.0017690658569335938,0.0,0.0
5996,0.0028340816497802734,0.0,0.0
5997,0.0023076534271240234,0.0,0.0
5998,0.0006287097930908203,0.0,0.0
5999,0.0020744800567626953,0.0,0.0
6000,0.0006306171417236328,0.0,0.0
6001,0.0023429393768310547,0.0,0.0
6002,0.002102375030517578,0.0,0.0
6003,0.0006306171417236328,0.0,0.0
6004,0.002122640609741211,0.0,0.0
6005,0.001725912094116211,0.0,0.0
6006,0.0006184577941894531,0.0,0.0
6007,0.0021104812622070312,0.0,0.0
6008,0.0018715858459472656,0.0,0.0
6009,0.0022249221801757812,0.0,0.0
6010,0.0006093978881835938,0.0,0.0
6011,0.0020859241485595703,0.0,0.0
6012,0.0018270015716552734,0.0,0.0
6013,0.002138853073120117,0.0,0.0
6014,0.002371072769165039,0.0,0.0
6015,0.0016183853149414062,0.0,0.0
6016,0.002098560333251953,0.0,0.0
6017,0.002026796340942383,0.0,0.0
6018,0.0015370845794677734,0.0,0.0
6019,0.0007734298706054688,0.0,0.0
6020,0.0024437904357910156,0.0,0.0
6021,0.0022416114807128906,0.0,0.0
6022,0.002228975296020508,0.0,0.0
6023,0.0020444393157958984,0.0,0.0
6024,0.0020487308502197266,0.0,0.0
6025,0.002535104751586914,0.0,0.0
6026,0.0024869441986083984,0.0,0.0
6027,0.0007975101470947266,0.0,0.0
6028,0.0018169879913330078,0.0,0.0
6029,0.0019485950469970703,0.0,0.0
6030,0.0007410049438476562,0.0,0.0
6031,0.002084016799926758,0.0,0.0
6032,0.000743865966796875,0.0,0.0
6033,0.002015829086303711,0.0,0.0
6034,0.0006270408630371094,0.0,0.0
6035,0.002411365509033203,0.0,0.0
6036,0.0016522407531738281,0.0,0.0
6037,0.002199411392211914,0.0,0.0
6038,0.0019979476928710938,0.0,0.0
6039,0.0006771087646484375,0.0,0.0
6040,0.0024878978729248047,0.0,0.0
6041,0.0006215572357177734,0.0,0.0
6042,0.002284526824951172,0.0,0.0
6043,0.0006222724914550781,0.0,0.0
6044,0.0023965835571289062,0.0,0.0
6045,0.002012014389038086,0.0,0.0
6046,0.0006482601165771484,0.0,0.0
6047,0.002056121826171875,0.0,0.0
6048,0.0014948844909667969,0.0,0.0
6049,0.0019218921661376953,0.0,0.0
6050,0.0025031566619873047,0.0,0.0
6051,0.002261638641357422,0.0,0.0
6052,0.0007176399230957031,0.0,0.0
6053,0.002435445785522461,0.0,0.0
6054,0.0006453990936279297,0.0,0.0
6055,0.0021088123321533203,0.0,0.0
6056,0.0016472339630126953,0.0,0.0
6057,0.002077341079711914,0.0,0.0
6058,0.002555370330810547,0.0,0.0
6059,0.0006356239318847656,0.0,0.0
6060,0.00206756591796875,0.0,0.0
6061,0.0019378662109375,0.0,0.0
6062,0.0006277561187744141,0.0,0.0
6063,0.002012968063354492,0.0,0.0
6064,0.0018694400787353516,0.0,0.0
6065,0.0021271705627441406,0.0,0.0
6066,0.002226114273071289,0.0,0.0
6067,0.0020728111267089844,0.0,0.0
6068,0.002166748046875,0.0,0.0
6069,0.0007965564727783203,0.0,0.0
6070,0.0022182464599609375,0.0,0.0
6071,0.0006847381591796875,0.0,0.0
6072,0.0025174617767333984,0.0,0.0
6073,0.0019505023956298828,0.0,0.0
6074,0.002000570297241211,0.0,0.0
6075,0.002439737319946289,0.0,0.0
6076,0.0008080005645751953,0.0,0.0
6077,0.002076864242553711,0.0,0.0
6078,0.0007417201995849609,0.0,0.0
6079,0.002418041229248047,0.0,0.0
6080,0.0006556510925292969,0.0,0.0
6081,0.0020303726196289062,0.0,0.0
6082,0.0006449222564697266,0.0,0.0
6083,0.00240325927734375,0.0,0.0
6084,0.0006000995635986328,0.0,0.0
6085,0.001977205276489258,0.0,0.0
6086,0.0005984306335449219,0.0,0.0
6087,0.0022885799407958984,0.0,0.0
6088,0.0006275177001953125,0.0,0.0
6089,0.0020570755004882812,0.0,0.0
6090,0.0014374256134033203,0.0,0.0
6091,0.0006108283996582031,0.0,0.0
6092,0.0019989013671875,0.0,0.0
6093,0.0006182193756103516,0.0,0.0
6094,0.0018932819366455078,0.0,0.0
6095,0.0006251335144042969,0.0,0.0
6096,0.001993417739868164,0.0,0.0
6097,0.0006549358367919922,0.0,0.0
6098,0.0021784305572509766,0.0,0.0
6099,0.0006570816040039062,0.0,0.0
6100,0.002028942108154297,0.0,0.0
6101,0.0018510818481445312,0.0,0.0
6102,0.0007266998291015625,0.0,0.0
6103,0.001986980438232422,0.0,0.0
6104,0.0006518363952636719,0.0,0.0
6105,0.0027141571044921875,0.0,0.0
6106,0.0006175041198730469,0.0,0.0
6107,0.002036571502685547,0.0,0.0
6108,0.0018579959869384766,0.0,0.0
6109,0.0015399456024169922,0.0,0.0
6110,0.0005848407745361328,0.0,0.0
6111,0.0005936622619628906,0.0,0.0
6112,0.0020813941955566406,0.0,0.0
6113,0.0006272792816162109,0.0,0.0
