,Latency,PWM Value,Angle
0,0.0,0.0,0.0
1,0.00024437904357910156,0.0,0.0
2,0.007220029830932617,0.0,0.0
3,0.0015215873718261719,0.0,0.0
4,0.0018525123596191406,0.0,0.0
5,0.0056188106536865234,0.0,0.0
6,0.006160259246826172,0.0,0.0
7,0.0060155391693115234,0.0,0.0
8,0.0011441707611083984,0.0,0.0
9,0.0016770362854003906,0.0,0.0
10,0.007586002349853516,0.0,0.0
11,0.0035085678100585938,0.0,0.0
12,0.0005795955657958984,0.0,0.0
13,0.0014119148254394531,0.0,0.0
14,0.0002353191375732422,0.0,0.0
15,0.0017406940460205078,0.0,0.0
16,0.002615690231323242,0.0,0.0
17,0.000720977783203125,0.0,0.0
18,0.0007278919219970703,0.0,0.0
19,0.0004208087921142578,0.0,0.0
20,0.00015306472778320312,0.0,0.0
21,0.00014829635620117188,0.0,0.0
22,0.0001747608184814453,0.0,0.0
23,0.0001480579376220703,0.0,0.0
24,0.00012922286987304688,0.0,0.0
25,0.00014257431030273438,0.0,0.0
26,0.0003190040588378906,0.0,0.0
27,0.00018978118896484375,0.0,0.0
28,0.00020623207092285156,0.0,0.0
29,0.00023865699768066406,0.0,0.0
30,0.00020313262939453125,0.0,0.0
31,0.00030517578125,0.0,0.0
32,0.00027489662170410156,0.0,0.0
33,0.00020432472229003906,0.0,0.0
34,0.0003192424774169922,0.0,0.0
35,0.0005488395690917969,0.0,0.0
36,0.0006010532379150391,0.0,0.0
37,0.0006439685821533203,0.0,0.0
38,0.0005247592926025391,0.0,0.0
39,0.0005402565002441406,0.0,0.0
40,0.0006549358367919922,0.0,0.0
41,0.0005803108215332031,0.0,0.0
42,0.00041961669921875,0.0,0.0
43,0.0005292892456054688,0.0,0.0
44,0.0007460117340087891,0.0,0.0
45,0.0006256103515625,0.0,0.0
46,0.0006256103515625,0.0,0.0
47,0.000629425048828125,0.0,0.0
48,0.0008537769317626953,0.0,0.0
49,0.0005838871002197266,0.0,0.0
50,0.0010819435119628906,0.0,0.0
51,0.00046944618225097656,0.0,0.0
52,0.0007190704345703125,0.0,0.0
53,0.0004761219024658203,0.0,0.0
54,0.0006165504455566406,0.0,0.0
55,0.0002162456512451172,0.0,0.0
56,0.0002868175506591797,0.0,0.0
57,0.0006167888641357422,0.0,0.0
58,0.00058746337890625,0.0,0.0
59,0.0004918575286865234,0.0,0.0
60,0.0004734992980957031,0.0,0.0
61,0.00102996826171875,0.0,0.0
62,0.0006375312805175781,0.0,0.0
63,0.0004792213439941406,0.0,0.0
64,0.0012514591217041016,0.0,0.0
65,0.00045680999755859375,0.0,0.0
66,0.0008335113525390625,0.0,0.0
67,0.0007493495941162109,0.0,0.0
68,0.0004582405090332031,0.0,0.0
69,0.0005004405975341797,0.0,0.0
70,0.00047326087951660156,0.0,0.0
71,0.0007233619689941406,0.0,0.0
72,0.0004591941833496094,0.0,0.0
73,0.0013422966003417969,0.0,0.0
74,0.00044345855712890625,0.0,0.0
75,0.0005474090576171875,0.0,0.0
76,0.0006279945373535156,0.0,0.0
77,0.0004782676696777344,0.0,0.0
78,0.0006029605865478516,0.0,0.0
79,0.0006105899810791016,0.0,0.0
80,0.0006091594696044922,0.0,0.0
81,0.0006368160247802734,0.0,0.0
82,0.00041961669921875,0.0,0.0
83,0.00080108642578125,0.0,0.0
84,0.00043964385986328125,0.0,0.0
85,0.0007762908935546875,0.0,0.0
86,0.0004324913024902344,0.0,0.0
87,0.0010371208190917969,0.0,0.0
88,0.0012621879577636719,0.0,0.0
89,0.0005009174346923828,0.0,0.0
90,0.0009644031524658203,0.0,0.0
91,0.0004487037658691406,0.0,0.0
92,0.0009300708770751953,0.0,0.0
93,0.0004429817199707031,0.0,0.0
94,0.0012657642364501953,0.0,0.0
95,0.0004298686981201172,0.0,0.0
96,0.0011818408966064453,0.0,0.0
97,0.0008840560913085938,0.0,0.0
98,0.00043463706970214844,0.0,0.0
99,0.0012326240539550781,0.0,0.0
100,0.00042819976806640625,0.0,0.0
101,0.0011870861053466797,0.0,0.0
102,0.0004296302795410156,0.0,0.0
103,0.0009415149688720703,0.0,0.0
104,0.00045371055603027344,0.0,0.0
105,0.0008244514465332031,0.0,0.0
106,0.0005028247833251953,0.0,0.0
107,0.0007379055023193359,0.0,0.0
108,0.0005946159362792969,0.0,0.0
109,0.0006577968597412109,0.0,0.0
110,0.0004470348358154297,0.0,0.0
111,0.0004703998565673828,0.0,0.0
112,0.00034809112548828125,0.0,0.0
113,0.0005488395690917969,0.0,0.0
114,0.0006060600280761719,0.0,0.0
115,0.0005786418914794922,0.0,0.0
116,0.0004248619079589844,0.0,0.0
117,0.0014042854309082031,0.0,0.0
118,0.00044035911560058594,0.0,0.0
119,0.0012254714965820312,0.0,0.0
120,0.0005025863647460938,0.0,0.0
121,0.0012090206146240234,0.0,0.0
122,0.00047898292541503906,0.0,0.0
123,0.0011429786682128906,0.0,0.0
124,0.001104116439819336,0.0,0.0
125,0.00044846534729003906,0.0,0.0
126,0.001153707504272461,0.0,0.0
127,0.0004394054412841797,0.0,0.0
128,0.001130819320678711,0.0,0.0
129,0.0004546642303466797,0.0,0.0
130,0.0009837150573730469,0.0,0.0
131,0.00044274330139160156,0.0,0.0
132,0.00034880638122558594,0.0,0.0
133,0.00084686279296875,0.0,0.0
134,0.0005381107330322266,0.0,0.0
135,0.0009853839874267578,0.0,0.0
136,0.0008628368377685547,0.0,0.0
137,0.00047016143798828125,0.0,0.0
138,0.0009403228759765625,0.0,0.0
139,0.0005221366882324219,0.0,0.0
140,0.0009226799011230469,0.0,0.0
141,0.0004775524139404297,0.0,0.0
142,0.0009062290191650391,0.0,0.0
143,0.0004405975341796875,0.0,0.0
144,0.0012767314910888672,0.0,0.0
145,0.0004343986511230469,0.0,0.0
146,0.0009167194366455078,0.0,0.0
147,0.0004687309265136719,0.0,0.0
148,0.0012385845184326172,0.0,0.0
149,0.0004582405090332031,0.0,0.0
150,0.001161813735961914,0.0,0.0
151,0.0004773139953613281,0.0,0.0
152,0.001132965087890625,0.0,0.0
153,0.0004420280456542969,0.0,0.0
154,0.0009734630584716797,0.0,0.0
155,0.00043582916259765625,0.0,0.0
156,0.0009300708770751953,0.0,0.0
157,0.00043487548828125,0.0,0.0
158,0.0013499259948730469,0.0,0.0
159,0.0004620552062988281,0.0,0.0
160,0.000942230224609375,0.0,0.0
161,0.0004391670227050781,0.0,0.0
162,0.0010819435119628906,0.0,0.0
163,0.00043201446533203125,0.0,0.0
164,0.0009365081787109375,0.0,0.0
165,0.0004322528839111328,0.0,0.0
166,0.0009057521820068359,0.0,0.0
167,0.000461578369140625,0.0,0.0
168,0.0009303092956542969,0.0,0.0
169,0.0004563331604003906,0.0,0.0
170,0.0009038448333740234,0.0,0.0
171,0.00046944618225097656,0.0,0.0
172,0.0009136199951171875,0.0,0.0
173,0.0012443065643310547,0.0,0.0
174,0.0004749298095703125,0.0,0.0
175,0.0011649131774902344,0.0,0.0
176,0.0004420280456542969,0.0,0.0
177,0.0009217262268066406,0.0,0.0
178,0.0004475116729736328,0.0,0.0
179,0.0009334087371826172,0.0,0.0
180,0.0008466243743896484,0.0,0.0
181,0.00047016143798828125,0.0,0.0
182,0.0009119510650634766,0.0,0.0
183,0.0012526512145996094,0.0,0.0
184,0.0010933876037597656,0.0,0.0
185,0.0004673004150390625,0.0,0.0
186,0.0009064674377441406,0.0,0.0
187,0.0011255741119384766,0.0,0.0
188,0.0010995864868164062,0.0,0.0
189,0.0008599758148193359,0.0,0.0
190,0.00115203857421875,0.0,0.0
191,0.0008654594421386719,0.0,0.0
192,0.00045561790466308594,0.0,0.0
193,0.0009243488311767578,0.0,0.0
194,0.0008957386016845703,0.0,0.0
195,0.001173257827758789,0.0,0.0
196,0.001104116439819336,0.0,0.0
197,0.0008769035339355469,0.0,0.0
198,0.0008769035339355469,0.0,0.0
199,0.0012464523315429688,0.0,0.0
200,0.0008633136749267578,0.0,0.0
201,0.0012323856353759766,0.0,0.0
202,0.0008580684661865234,0.0,0.0
203,0.00047707557678222656,0.0,0.0
204,0.0012142658233642578,0.0,0.0
205,0.0004639625549316406,0.0,0.0
206,0.0009286403656005859,0.0,0.0
207,0.0008494853973388672,0.0,0.0
208,0.0011608600616455078,0.0,0.0
209,0.00044083595275878906,0.0,0.0
210,0.0009200572967529297,0.0,0.0
211,0.0004646778106689453,0.0,0.0
212,0.0009195804595947266,0.0,0.0
213,0.0011630058288574219,0.0,0.0
214,0.0004608631134033203,0.0,0.0
215,0.0009484291076660156,0.0,0.0
216,0.0004477500915527344,0.0,0.0
217,0.0009224414825439453,0.0,0.0
218,0.0011696815490722656,0.0,0.0
219,0.0009055137634277344,0.0,0.0
220,0.000457763671875,0.0,0.0
221,0.0009279251098632812,0.0,0.0
222,0.00045418739318847656,0.0,0.0
223,0.0009355545043945312,0.0,0.0
224,0.001260519027709961,0.0,0.0
225,0.0008797645568847656,0.0,0.0
226,0.0011518001556396484,0.0,0.0
227,0.0008399486541748047,0.0,0.0
228,0.0004792213439941406,0.0,0.0
229,0.0009322166442871094,0.0,0.0
230,0.0008723735809326172,0.0,0.0
231,0.0004417896270751953,0.0,0.0
232,0.0012028217315673828,0.0,0.0
233,0.0008795261383056641,0.0,0.0
234,0.0004658699035644531,0.0,0.0
235,0.0009357929229736328,0.0,0.0
236,0.0011930465698242188,0.0,0.0
237,0.0008575916290283203,0.0,0.0
238,0.0008404254913330078,0.0,0.0
239,0.0011687278747558594,0.0,0.0
240,0.001085042953491211,0.0,0.0
241,0.0008537769317626953,0.0,0.0
242,0.0011358261108398438,0.0,0.0
243,0.0004730224609375,0.0,0.0
244,0.0009086132049560547,0.0,0.0
245,0.001132965087890625,0.0,0.0
246,0.000843048095703125,0.0,0.0
247,0.0011258125305175781,0.0,0.0
248,0.000827789306640625,0.0,0.0
249,0.000469207763671875,0.0,0.0
250,0.0011749267578125,0.0,0.0
251,0.0004584789276123047,0.0,0.0
252,0.0009102821350097656,0.0,0.0
253,0.0008480548858642578,0.0,0.0
254,0.0011837482452392578,0.0,0.0
255,0.0004382133483886719,0.0,0.0
256,0.0009446144104003906,0.0,0.0
257,0.00043392181396484375,0.0,0.0
258,0.0009179115295410156,0.0,0.0
259,0.00045299530029296875,0.0,0.0
260,0.0009381771087646484,0.0,0.0
261,0.0004646778106689453,0.0,0.0
262,0.0012710094451904297,0.0,0.0
263,0.0004601478576660156,0.0,0.0
264,0.0009219646453857422,0.0,0.0
265,0.000446319580078125,0.0,0.0
266,0.0009262561798095703,0.0,0.0
267,0.0012013912200927734,0.0,0.0
268,0.0004649162292480469,0.0,0.0
269,0.0011861324310302734,0.0,0.0
270,0.0008962154388427734,0.0,0.0
271,0.0010945796966552734,0.0,0.0
272,0.0008709430694580078,0.0,0.0
273,0.0011296272277832031,0.0,0.0
274,0.0004570484161376953,0.0,0.0
275,0.0011591911315917969,0.0,0.0
276,0.00046634674072265625,0.0,0.0
277,0.0009441375732421875,0.0,0.0
278,0.0011529922485351562,0.0,0.0
279,0.0004596710205078125,0.0,0.0
280,0.0009398460388183594,0.0,0.0
281,0.00046062469482421875,0.0,0.0
282,0.0010197162628173828,0.0,0.0
283,0.0012538433074951172,0.0,0.0
284,0.0004534721374511719,0.0,0.0
285,0.0011746883392333984,0.0,0.0
286,0.0004584789276123047,0.0,0.0
287,0.0011444091796875,0.0,0.0
288,0.00045561790466308594,0.0,0.0
289,0.0011327266693115234,0.0,0.0
290,0.0008916854858398438,0.0,0.0
291,0.0008847713470458984,0.0,0.0
292,0.0011887550354003906,0.0,0.0
293,0.0008611679077148438,0.0,0.0
294,0.0008668899536132812,0.0,0.0
295,0.0011730194091796875,0.0,0.0
296,0.0008716583251953125,0.0,0.0
297,0.0011665821075439453,0.0,0.0
298,0.0009126663208007812,0.0,0.0
299,0.0012559890747070312,0.0,0.0
300,0.0011076927185058594,0.0,0.0
301,0.0004639625549316406,0.0,0.0
302,0.0011620521545410156,0.0,0.0
303,0.0008802413940429688,0.0,0.0
304,0.0008780956268310547,0.0,0.0
305,0.0004601478576660156,0.0,0.0
306,0.001230001449584961,0.0,0.0
307,0.00045800209045410156,0.0,0.0
308,0.0011608600616455078,0.0,0.0
309,0.0004382133483886719,0.0,0.0
310,0.001157522201538086,0.0,0.0
311,0.0008819103240966797,0.0,0.0
312,0.0004591941833496094,0.0,0.0
313,0.0010755062103271484,0.0,0.0
314,0.00046753883361816406,0.0,0.0
315,0.0009455680847167969,0.0,0.0
316,0.00044083595275878906,0.0,0.0
317,0.0009541511535644531,0.0,0.0
318,0.0008690357208251953,0.0,0.0
319,0.00046539306640625,0.0,0.0
320,0.0013227462768554688,0.0,0.0
321,0.00045561790466308594,0.0,0.0
322,0.0012955665588378906,0.0,0.0
323,0.0004429817199707031,0.0,0.0
324,0.0011458396911621094,0.0,0.0
325,0.0011203289031982422,0.0,0.0
326,0.0009124279022216797,0.0,0.0
327,0.0011582374572753906,0.0,0.0
328,0.0008711814880371094,0.0,0.0
329,0.0011782646179199219,0.0,0.0
330,0.0004558563232421875,0.0,0.0
331,0.0009200572967529297,0.0,0.0
332,0.00046133995056152344,0.0,0.0
333,0.0009438991546630859,0.0,0.0
334,0.00045037269592285156,0.0,0.0
335,0.0009472370147705078,0.0,0.0
336,0.00043463706970214844,0.0,0.0
337,0.000919342041015625,0.0,0.0
338,0.0013041496276855469,0.0,0.0
339,0.0011963844299316406,0.0,0.0
340,0.0004353523254394531,0.0,0.0
341,0.0009667873382568359,0.0,0.0
342,0.00043201446533203125,0.0,0.0
343,0.001238107681274414,0.0,0.0
344,0.0008931159973144531,0.0,0.0
345,0.0011763572692871094,0.0,0.0
346,0.0008678436279296875,0.0,0.0
347,0.001247406005859375,0.0,0.0
348,0.0008974075317382812,0.0,0.0
349,0.0012938976287841797,0.0,0.0
350,0.0012938976287841797,0.0,0.0
351,0.0011374950408935547,0.0,0.0
352,0.0004646778106689453,0.0,0.0
353,0.0011000633239746094,0.0,0.0
354,0.0004563331604003906,0.0,0.0
355,0.0011653900146484375,0.0,0.0
356,0.0010933876037597656,0.0,0.0
357,0.00043654441833496094,0.0,0.0
358,0.0009489059448242188,0.0,0.0
359,0.00045800209045410156,0.0,0.0
360,0.0009477138519287109,0.0,0.0
361,0.0004620552062988281,0.0,0.0
362,0.0012593269348144531,0.0,0.0
363,0.0010995864868164062,0.0,0.0
364,0.000438690185546875,0.0,0.0
365,0.0011553764343261719,0.0,0.0
366,0.0009152889251708984,0.0,0.0
367,0.0011627674102783203,0.0,0.0
368,0.0004589557647705078,0.0,0.0
369,0.0009403228759765625,0.0,0.0
370,0.0011913776397705078,0.0,0.0
371,0.0008685588836669922,0.0,0.0
372,0.001245260238647461,0.0,0.0
373,0.0004749298095703125,0.0,0.0
374,0.0009517669677734375,0.0,0.0
375,0.000896453857421875,0.0,0.0
376,0.0012247562408447266,0.0,0.0
377,0.0008625984191894531,0.0,0.0
378,0.0011553764343261719,0.0,0.0
379,0.0008814334869384766,0.0,0.0
380,0.0008711814880371094,0.0,0.0
381,0.0004649162292480469,0.0,0.0
382,0.0009255409240722656,0.0,0.0
383,0.0012993812561035156,0.0,0.0
384,0.0004551410675048828,0.0,0.0
385,0.0009634494781494141,0.0,0.0
386,0.00046515464782714844,0.0,0.0
387,0.0009844303131103516,0.0,0.0
388,0.0004544258117675781,0.0,0.0
389,0.0009310245513916016,0.0,0.0
390,0.0012443065643310547,0.0,0.0
391,0.0004367828369140625,0.0,0.0
392,0.0011527538299560547,0.0,0.0
393,0.0004451274871826172,0.0,0.0
394,0.0011124610900878906,0.0,0.0
395,0.0004684925079345703,0.0,0.0
396,0.0011129379272460938,0.0,0.0
397,0.0004642009735107422,0.0,0.0
398,0.0009293556213378906,0.0,0.0
399,0.0012323856353759766,0.0,0.0
400,0.0009090900421142578,0.0,0.0
401,0.0008900165557861328,0.0,0.0
402,0.0004832744598388672,0.0,0.0
403,0.0012459754943847656,0.0,0.0
404,0.0009236335754394531,0.0,0.0
405,0.0009856224060058594,0.0,0.0
406,0.0010061264038085938,0.0,0.0
407,0.0012583732604980469,0.0,0.0
408,0.00046133995056152344,0.0,0.0
409,0.0009436607360839844,0.0,0.0
410,0.0004677772521972656,0.0,0.0
411,0.001207113265991211,0.0,0.0
412,0.00046253204345703125,0.0,0.0
413,0.0011570453643798828,0.0,0.0
414,0.0004551410675048828,0.0,0.0
415,0.0011670589447021484,0.0,0.0
416,0.0008573532104492188,0.0,0.0
417,0.00044226646423339844,0.0,0.0
418,0.0012142658233642578,0.0,0.0
419,0.00046372413635253906,0.0,0.0
420,0.0011677742004394531,0.0,0.0
421,0.00047779083251953125,0.0,0.0
422,0.001163482666015625,0.0,0.0
423,0.00046515464782714844,0.0,0.0
424,0.0009655952453613281,0.0,0.0
425,0.00045299530029296875,0.0,0.0
426,0.0010159015655517578,0.0,0.0
427,0.0004646778106689453,0.0,0.0
428,0.00093841552734375,0.0,0.0
429,0.0004642009735107422,0.0,0.0
430,0.0012788772583007812,0.0,0.0
431,0.0011053085327148438,0.0,0.0
432,0.00046563148498535156,0.0,0.0
433,0.0011873245239257812,0.0,0.0
434,0.000873565673828125,0.0,0.0
435,0.0008649826049804688,0.0,0.0
436,0.0011682510375976562,0.0,0.0
437,0.0008437633514404297,0.0,0.0
438,0.0004687309265136719,0.0,0.0
439,0.001230478286743164,0.0,0.0
440,0.0008957386016845703,0.0,0.0
441,0.0008664131164550781,0.0,0.0
442,0.0004591941833496094,0.0,0.0
443,0.0013079643249511719,0.0,0.0
444,0.0008916854858398438,0.0,0.0
445,0.0004673004150390625,0.0,0.0
446,0.0012192726135253906,0.0,0.0
447,0.0010600090026855469,0.0,0.0
448,0.0008790493011474609,0.0,0.0
449,0.0011751651763916016,0.0,0.0
450,0.0008614063262939453,0.0,0.0
451,0.0011377334594726562,0.0,0.0
452,0.0010786056518554688,0.0,0.0
453,0.0004696846008300781,0.0,0.0
454,0.0009336471557617188,0.0,0.0
455,0.0011882781982421875,0.0,0.0
456,0.0008509159088134766,0.0,0.0
457,0.00047278404235839844,0.0,0.0
458,0.0009415149688720703,0.0,0.0
459,0.0011680126190185547,0.0,0.0
460,0.0004639625549316406,0.0,0.0
461,0.0009410381317138672,0.0,0.0
462,0.0011534690856933594,0.0,0.0
463,0.0010793209075927734,0.0,0.0
464,0.00045108795166015625,0.0,0.0
465,0.0013387203216552734,0.0,0.0
466,0.00045418739318847656,0.0,0.0
467,0.0005667209625244141,0.0,0.0
468,0.0005483627319335938,0.0,0.0
469,0.0005676746368408203,0.0,0.0
470,0.0005364418029785156,0.0,0.0
471,0.0010001659393310547,0.0,0.0
472,0.0012142658233642578,0.0,0.0
473,0.0004658699035644531,0.0,0.0
474,0.00095367431640625,0.0,0.0
475,0.0011572837829589844,0.0,0.0
476,0.0004673004150390625,0.0,0.0
477,0.0009391307830810547,0.0,0.0
478,0.0004329681396484375,0.0,0.0
479,0.0012364387512207031,0.0,0.0
480,0.0008957386016845703,0.0,0.0
481,0.0008435249328613281,0.0,0.0
482,0.0004718303680419922,0.0,0.0
483,0.0009429454803466797,0.0,0.0
484,0.0013110637664794922,0.0,0.0
485,0.0004394054412841797,0.0,0.0
486,0.0009799003601074219,0.0,0.0
487,0.0012211799621582031,0.0,0.0
488,0.0010898113250732422,0.0,0.0
489,0.0008513927459716797,0.0,0.0
490,0.0004584789276123047,0.0,0.0
491,0.0012049674987792969,0.0,0.0
492,0.0008568763732910156,0.0,0.0
493,0.0008568763732910156,0.0,0.0
494,0.0011827945709228516,0.0,0.0
495,0.00043964385986328125,0.0,0.0
496,0.0009641647338867188,0.0,0.0
497,0.000461578369140625,0.0,0.0
498,0.0012290477752685547,0.0,0.0
499,0.0004343986511230469,0.0,0.0
500,0.0011844635009765625,0.0,0.0
501,0.0008718967437744141,0.0,0.0
502,0.0009436607360839844,0.0,0.0
503,0.0011906623840332031,0.0,0.0
504,0.0011255741119384766,0.0,0.0
505,0.0008876323699951172,0.0,0.0
506,0.00046706199645996094,0.0,0.0
507,0.0012018680572509766,0.0,0.0
508,0.0010836124420166016,0.0,0.0
509,0.0010564327239990234,0.0,0.0
510,0.00044798851013183594,0.0,0.0
511,0.0011205673217773438,0.0,0.0
512,0.0004451274871826172,0.0,0.0
513,0.0009486675262451172,0.0,0.0
514,0.0005025863647460938,0.0,0.0
515,0.0013501644134521484,0.0,0.0
516,0.0004360675811767578,0.0,0.0
517,0.0005133152008056641,0.0,0.0
518,0.0006418228149414062,0.0,0.0
519,0.0006048679351806641,0.0,0.0
520,0.0004932880401611328,0.0,0.0
521,0.0009701251983642578,0.0,0.0
522,0.0004937648773193359,0.0,0.0
523,0.0009298324584960938,0.0,0.0
524,0.0008993148803710938,0.0,0.0
525,0.0008692741394042969,0.0,0.0
526,0.0004987716674804688,0.0,0.0
527,0.00128936767578125,0.0,0.0
528,0.00044655799865722656,0.0,0.0
529,0.0009801387786865234,0.0,0.0
530,0.00043702125549316406,0.0,0.0
531,0.0013189315795898438,0.0,0.0
532,0.0009319782257080078,0.0,0.0
533,0.0012803077697753906,0.0,0.0
534,0.0004801750183105469,0.0,0.0
535,0.0009686946868896484,0.0,0.0
536,0.00043463706970214844,0.0,0.0
537,0.0009341239929199219,0.0,0.0
538,0.00044417381286621094,0.0,0.0
539,0.0009164810180664062,0.0,0.0
540,0.0009267330169677734,0.0,0.0
541,0.0008563995361328125,0.0,0.0
542,0.0004668235778808594,0.0,0.0
543,0.001306295394897461,0.0,0.0
544,0.0008893013000488281,0.0,0.0
545,0.00046372413635253906,0.0,0.0
546,0.0009007453918457031,0.0,0.0
547,0.0004546642303466797,0.0,0.0
548,0.0012395381927490234,0.0,0.0
549,0.0010859966278076172,0.0,0.0
550,0.0005705356597900391,0.0,0.0
551,0.0012354850769042969,0.0,0.0
552,0.0026662349700927734,0.0,0.0
553,0.0005929470062255859,0.0,0.0
554,0.0012257099151611328,0.0,0.0
555,0.0011305809020996094,0.0,0.0
556,0.0010454654693603516,0.0,0.0
557,0.00275421142578125,0.0,0.0
558,0.0015554428100585938,0.0,0.0
559,0.002350330352783203,0.0,0.0
560,0.0006122589111328125,0.0,0.0
561,0.002248048782348633,0.0,0.0
562,0.0005514621734619141,0.0,0.0
563,0.001338958740234375,0.0,0.0
564,0.0006322860717773438,0.0,0.0
565,0.002550363540649414,0.0,0.0
566,0.0005843639373779297,0.0,0.0
567,0.0012807846069335938,0.0,0.0
568,0.0006053447723388672,0.0,0.0
569,0.0012743473052978516,0.0,0.0
570,0.0010361671447753906,0.0,0.0
571,0.0006470680236816406,0.0,0.0
572,0.001264810562133789,0.0,0.0
573,0.0006005764007568359,0.0,0.0
574,0.0012788772583007812,0.0,0.0
575,0.0010859966278076172,0.0,0.0
576,0.0009729862213134766,0.0,0.0
577,0.0006113052368164062,0.0,0.0
578,0.002248525619506836,0.0,0.0
579,0.001953125,0.0,0.0
580,0.0006520748138427734,0.0,0.0
581,0.0023949146270751953,0.0,0.0
582,0.0017168521881103516,0.0,0.0
583,0.0005865097045898438,0.0,0.0
584,0.001348257064819336,0.0,0.0
585,0.0005474090576171875,0.0,0.0
586,0.0012903213500976562,0.0,0.0
587,0.002040863037109375,0.0,0.0
588,0.0006120204925537109,0.0,0.0
589,0.0027916431427001953,0.0,0.0
590,0.0015187263488769531,0.0,0.0
591,0.0010347366333007812,0.0,0.0
592,0.0005452632904052734,0.0,0.0
593,0.0027124881744384766,0.0,0.0
594,0.001489400863647461,0.0,0.0
595,0.0005810260772705078,0.0,0.0
596,0.002363443374633789,0.0,0.0
597,0.0005733966827392578,0.0,0.0
598,0.0012946128845214844,0.0,0.0
599,0.000583648681640625,0.0,0.0
600,0.0012824535369873047,0.0,0.0
601,0.0005538463592529297,0.0,0.0
602,0.002619028091430664,0.0,0.0
603,0.001093149185180664,0.0,0.0
604,0.0011942386627197266,0.0,0.0
605,0.0011005401611328125,0.0,0.0
606,0.0005707740783691406,0.0,0.0
607,0.0012814998626708984,0.0,0.0
608,0.0026841163635253906,0.0,0.0
609,0.0005688667297363281,0.0,0.0
610,0.0012848377227783203,0.0,0.0
611,0.002193450927734375,0.0,0.0
612,0.0010552406311035156,0.0,0.0
613,0.0005304813385009766,0.0,0.0
614,0.0012097358703613281,0.0,0.0
615,0.0006134510040283203,0.0,0.0
616,0.0012531280517578125,0.0,0.0
617,0.0005578994750976562,0.0,0.0
618,0.0026488304138183594,0.0,0.0
619,0.0005266666412353516,0.0,0.0
620,0.0018351078033447266,0.0,0.0
621,0.0005414485931396484,0.0,0.0
622,0.001260995864868164,0.0,0.0
623,0.0005354881286621094,0.0,0.0
624,0.0025908946990966797,0.0,0.0
625,0.0008757114410400391,0.0,0.0
626,0.001920461654663086,0.0,0.0
627,0.0016560554504394531,0.0,0.0
628,0.0025594234466552734,0.0,0.0
629,0.0010714530944824219,0.0,0.0
630,0.0011129379272460938,0.0,0.0
631,0.0008161067962646484,0.0,0.0
632,0.002362966537475586,0.0,0.0
633,0.001638650894165039,0.0,0.0
634,0.002595663070678711,0.0,0.0
635,0.001142263412475586,0.0,0.0
636,0.0022885799407958984,0.0,0.0
637,0.0011265277862548828,0.0,0.0
638,0.0017542839050292969,0.0,0.0
639,0.0007228851318359375,0.0,0.0
640,0.0013687610626220703,0.0,0.0
641,0.0023949146270751953,0.0,0.0
642,0.0020020008087158203,0.0,0.0
643,0.00109100341796875,0.0,0.0
644,0.0006427764892578125,0.0,0.0
645,0.0012824535369873047,0.0,0.0
646,0.0005943775177001953,0.0,0.0
647,0.0012722015380859375,0.0,0.0
648,0.0010640621185302734,0.0,0.0
649,0.0010693073272705078,0.0,0.0
650,0.0010693073272705078,0.0,0.0
651,0.0012240409851074219,0.0,0.0
652,0.000774383544921875,0.0,0.0
653,0.0013020038604736328,0.0,0.0
654,0.0005834102630615234,0.0,0.0
655,0.0012879371643066406,0.0,0.0
656,0.0027112960815429688,0.0,0.0
657,0.0026197433471679688,0.0,0.0
658,0.0011703968048095703,0.0,0.0
659,0.002387523651123047,0.0,0.0
660,0.0006730556488037109,0.0,0.0
661,0.0015060901641845703,0.0,0.0
662,0.0010929107666015625,0.0,0.0
663,0.0023763179779052734,0.0,0.0
664,0.0006411075592041016,0.0,0.0
665,0.002150297164916992,0.0,0.0
666,0.0005762577056884766,0.0,0.0
667,0.0013194084167480469,0.0,0.0
668,0.0005929470062255859,0.0,0.0
669,0.0012068748474121094,0.0,0.0
670,0.002900362014770508,0.0,0.0
671,0.0007669925689697266,0.0,0.0
672,0.0023636817932128906,0.0,0.0
673,0.0019164085388183594,0.0,0.0
674,0.0006606578826904297,0.0,0.0
675,0.0013055801391601562,0.0,0.0
676,0.0006034374237060547,0.0,0.0
677,0.0022499561309814453,0.0,0.0
678,0.003087759017944336,0.0,0.0
679,0.0006477832794189453,0.0,0.0
680,0.0017092227935791016,0.0,0.0
681,0.0006191730499267578,0.0,0.0
682,0.0012753009796142578,0.0,0.0
683,0.0006690025329589844,0.0,0.0
684,0.002824544906616211,0.0,0.0
685,0.0019943714141845703,0.0,0.0
686,0.002130746841430664,0.0,0.0
687,0.0011103153228759766,0.0,0.0
688,0.0017902851104736328,0.0,0.0
689,0.0019419193267822266,0.0,0.0
690,0.0006427764892578125,0.0,0.0
691,0.0012786388397216797,0.0,0.0
692,0.0010597705841064453,0.0,0.0
693,0.0005953311920166016,0.0,0.0
694,0.0012900829315185547,0.0,0.0
695,0.0005586147308349609,0.0,0.0
696,0.002524137496948242,0.0,0.0
697,0.000606536865234375,0.0,0.0
698,0.002124786376953125,0.0,0.0
699,0.0005776882171630859,0.0,0.0
700,0.001935720443725586,0.0,0.0
701,0.0005819797515869141,0.0,0.0
702,0.0012919902801513672,0.0,0.0
703,0.0005896091461181641,0.0,0.0
704,0.0024924278259277344,0.0,0.0
705,0.0021991729736328125,0.0,0.0
706,0.0016036033630371094,0.0,0.0
707,0.0010600090026855469,0.0,0.0
708,0.0024034976959228516,0.0,0.0
709,0.0023152828216552734,0.0,0.0
710,0.0005762577056884766,0.0,0.0
711,0.0023682117462158203,0.0,0.0
712,0.0006577968597412109,0.0,0.0
713,0.001313924789428711,0.0,0.0
714,0.0006160736083984375,0.0,0.0
715,0.0012688636779785156,0.0,0.0
716,0.0005788803100585938,0.0,0.0
717,0.0025076866149902344,0.0,0.0
718,0.0005619525909423828,0.0,0.0
719,0.0023555755615234375,0.0,0.0
720,0.0008833408355712891,0.0,0.0
721,0.0019698143005371094,0.0,0.0
722,0.0006844997406005859,0.0,0.0
723,0.0019659996032714844,0.0,0.0
724,0.000598907470703125,0.0,0.0
725,0.0012562274932861328,0.0,0.0
726,0.0005657672882080078,0.0,0.0
727,0.001605987548828125,0.0,0.0
728,0.0006844997406005859,0.0,0.0
729,0.0024118423461914062,0.0,0.0
730,0.0006520748138427734,0.0,0.0
731,0.002230405807495117,0.0,0.0
732,0.0011763572692871094,0.0,0.0
733,0.0006279945373535156,0.0,0.0
734,0.0027618408203125,0.0,0.0
735,0.0020749568939208984,0.0,0.0
736,0.0006117820739746094,0.0,0.0
737,0.0019528865814208984,0.0,0.0
738,0.0005636215209960938,0.0,0.0
739,0.0022885799407958984,0.0,0.0
740,0.0005631446838378906,0.0,0.0
741,0.002225160598754883,0.0,0.0
742,0.0005557537078857422,0.0,0.0
743,0.002275705337524414,0.0,0.0
744,0.0016012191772460938,0.0,0.0
745,0.0005598068237304688,0.0,0.0
746,0.0012192726135253906,0.0,0.0
747,0.0005877017974853516,0.0,0.0
748,0.002692699432373047,0.0,0.0
749,0.0020961761474609375,0.0,0.0
750,0.0006067752838134766,0.0,0.0
751,0.0019783973693847656,0.0,0.0
752,0.0011432170867919922,0.0,0.0
753,0.0023756027221679688,0.0,0.0
754,0.0011012554168701172,0.0,0.0
755,0.0024335384368896484,0.0,0.0
756,0.0005910396575927734,0.0,0.0
757,0.0012514591217041016,0.0,0.0
758,0.0005986690521240234,0.0,0.0
759,0.002306699752807617,0.0,0.0
760,0.0020270347595214844,0.0,0.0
761,0.0005674362182617188,0.0,0.0
762,0.002431631088256836,0.0,0.0
763,0.0007390975952148438,0.0,0.0
764,0.003217935562133789,0.0,0.0
765,0.0006570816040039062,0.0,0.0
766,0.002907991409301758,0.0,0.0
767,0.0005855560302734375,0.0,0.0
768,0.0022788047790527344,0.0,0.0
769,0.0005624294281005859,0.0,0.0
770,0.0023283958435058594,0.0,0.0
771,0.0004887580871582031,0.0,0.0
772,0.0010950565338134766,0.0,0.0
773,0.0014939308166503906,0.0,0.0
774,0.0024220943450927734,0.0,0.0
775,0.0011725425720214844,0.0,0.0
776,0.0008146762847900391,0.0,0.0
777,0.0026221275329589844,0.0,0.0
778,0.0006508827209472656,0.0,0.0
779,0.0015995502471923828,0.0,0.0
780,0.0006086826324462891,0.0,0.0
781,0.0025980472564697266,0.0,0.0
782,0.001733541488647461,0.0,0.0
783,0.0006170272827148438,0.0,0.0
784,0.00287628173828125,0.0,0.0
785,0.0004429817199707031,0.0,0.0
786,0.0011548995971679688,0.0,0.0
787,0.0006647109985351562,0.0,0.0
788,0.0026650428771972656,0.0,0.0
789,0.0007839202880859375,0.002,0.0
790,0.0011806488037109375,0.002,0.0
791,0.0005161762237548828,0.002,0.0
792,0.0006968975067138672,0.004,0.0
793,0.0012106895446777344,0.004,0.0
794,0.0012106895446777344,0.006,0.0
795,0.0006921291351318359,0.006,0.0
796,0.0007500648498535156,0.009,0.0
797,0.0007147789001464844,0.009,0.0
798,0.0008904933929443359,0.009,0.0
799,0.0009326934814453125,0.009,0.0
800,0.002468585968017578,0.009,0.0
801,0.001313924789428711,0.009,0.0
802,0.0012066364288330078,0.009,0.0
803,0.0006780624389648438,0.011,0.0
804,0.0005087852478027344,0.011,0.0
805,0.0009915828704833984,0.011,0.0
806,0.002809286117553711,0.011,0.0
807,0.0013852119445800781,0.011,0.0
808,0.002327442169189453,0.011,0.0
809,0.0007560253143310547,0.011,0.0
810,0.0008058547973632812,0.011,0.0
811,0.0003864765167236328,0.015,0.0
812,0.0006015300750732422,0.015,0.0
813,0.0010023117065429688,0.015,0.0
814,0.0005078315734863281,0.015,0.0
815,0.0015850067138671875,0.015,0.0
816,0.0004711151123046875,0.017,0.0
817,0.0008306503295898438,0.017,0.0
818,0.0004856586456298828,0.019,0.0
819,0.0007092952728271484,0.024,0.0
820,0.0005817413330078125,0.024,0.0
821,0.0004870891571044922,0.024,0.0
822,0.0011827945709228516,0.024,0.0
823,0.0007135868072509766,0.024,0.0
824,0.001360177993774414,0.024,0.0
825,0.0005464553833007812,0.026,0.0
826,0.00047087669372558594,0.026,0.0
827,0.0005435943603515625,0.028,0.0
828,0.0006957054138183594,0.028,0.0
829,0.0011718273162841797,0.028,0.0
830,0.00047707557678222656,0.03,0.0
831,0.0011799335479736328,0.03,0.0
832,0.0004973411560058594,0.032,0.0
833,0.0011577606201171875,0.032,0.0
834,0.0007739067077636719,0.032,0.0
835,0.001814126968383789,0.037,0.0
836,0.0012269020080566406,0.037,0.4
837,0.0018129348754882812,0.037,0.4
838,0.0007464885711669922,0.037,0.4
839,0.0006911754608154297,0.037,0.4
840,0.0007376670837402344,0.039,0.8
841,0.0005743503570556641,0.039,0.8
842,0.0027494430541992188,0.039,0.8
843,0.0005180835723876953,0.041,1.2000000000000002
844,0.0007586479187011719,0.043,1.2000000000000002
845,0.0005075931549072266,0.043,1.6
846,0.002438068389892578,0.043,1.6
847,0.001516103744506836,0.043,2.0
848,0.0007655620574951172,0.043,2.4000000000000004
849,0.00048232078552246094,0.05,2.4000000000000004
850,0.0007674694061279297,0.05,2.8000000000000003
851,0.0005381107330322266,0.05,3.2
852,0.0009386539459228516,0.05,3.2
853,0.0006291866302490234,0.05,3.6
854,0.0004947185516357422,0.052,4.0
855,0.0008091926574707031,0.052,4.4
856,0.0007879734039306641,0.056,4.4
857,0.0011279582977294922,0.056,4.800000000000001
858,0.0006747245788574219,0.056,5.2
859,0.0006361007690429688,0.056,5.6000000000000005
860,0.0009765625,0.056,6.0
861,0.0004966259002685547,0.06,6.0
862,0.0005173683166503906,0.06,6.4
863,0.0007104873657226562,0.06,6.800000000000001
864,0.0021996498107910156,0.06,7.2
865,0.0020105838775634766,0.06,7.6000000000000005
866,0.00021457672119140625,0.067,7.6000000000000005
867,0.000457763671875,0.069,8.0
868,0.0006079673767089844,0.069,8.4
869,0.0005724430084228516,0.073,8.4
870,0.00044274330139160156,0.075,8.8
871,0.0005645751953125,0.078,8.8
872,0.0006103515625,0.08,9.200000000000001
873,0.0005738735198974609,0.08,9.200000000000001
874,0.0005526542663574219,0.084,9.600000000000001
875,0.0005278587341308594,0.084,9.600000000000001
876,0.0004222393035888672,0.088,10.0
877,0.0004525184631347656,0.088,10.0
878,0.0005574226379394531,0.088,10.4
879,0.0005173683166503906,0.088,10.4
880,0.00072479248046875,0.088,10.4
881,0.0008041858673095703,0.088,10.8
882,0.0004513263702392578,0.093,10.8
883,0.0012087821960449219,0.093,11.200000000000001
884,0.0013184547424316406,0.093,11.200000000000001
885,0.00048160552978515625,0.095,11.600000000000001
886,0.0003666877746582031,0.095,11.600000000000001
887,0.0005233287811279297,0.095,11.600000000000001
888,0.0006349086761474609,0.095,12.0
889,0.0015697479248046875,0.095,12.0
890,0.0006108283996582031,0.095,12.4
891,0.002690553665161133,0.095,12.4
892,0.0006549358367919922,0.095,12.8
893,0.002337217330932617,0.095,12.8
894,0.0004744529724121094,0.097,13.200000000000001
895,0.0008137226104736328,0.099,13.200000000000001
896,0.0006732940673828125,0.099,13.600000000000001
897,0.0006616115570068359,0.101,13.600000000000001
898,0.00039577484130859375,0.103,14.0
899,0.0008115768432617188,0.103,14.4
900,0.0007576942443847656,0.103,14.4
901,0.0004961490631103516,0.106,14.4
902,0.0007028579711914062,0.108,14.8
903,0.0009987354278564453,0.108,14.8
904,0.0006551742553710938,0.108,15.200000000000001
905,0.00121307373046875,0.108,15.200000000000001
906,0.0025806427001953125,0.108,15.600000000000001
907,0.002249479293823242,0.108,15.600000000000001
908,0.0011000633239746094,0.108,16.0
909,0.0002930164337158203,0.106,16.0
910,0.00025391578674316406,0.101,16.0
911,0.0004718303680419922,0.097,16.400000000000002
912,0.0005702972412109375,0.097,16.400000000000002
913,0.0005035400390625,0.097,16.400000000000002
914,0.0004956722259521484,0.097,16.8
915,0.0006916522979736328,0.097,16.8
916,0.0026819705963134766,0.097,16.8
917,0.002292156219482422,0.097,16.8
918,0.0011425018310546875,0.097,16.8
919,0.0003409385681152344,0.099,17.2
920,0.0005791187286376953,0.099,17.2
921,0.0015306472778320312,0.099,17.2
922,0.0008311271667480469,0.099,17.2
923,0.0015969276428222656,0.099,16.8
924,0.0006728172302246094,0.099,16.8
925,0.0012564659118652344,0.099,16.8
926,0.0006158351898193359,0.099,16.8
927,0.0012180805206298828,0.099,16.400000000000002
928,0.0027959346771240234,0.099,16.400000000000002
929,0.0010519027709960938,0.099,16.400000000000002
930,0.0006802082061767578,0.099,16.0
931,0.002599477767944336,0.099,16.0
932,0.0006012916564941406,0.099,15.600000000000001
933,0.0017545223236083984,0.099,15.600000000000001
934,0.0011012554168701172,0.099,15.200000000000001
935,0.0006239414215087891,0.099,15.200000000000001
936,0.0013654232025146484,0.099,14.8
937,0.0006296634674072266,0.099,14.4
938,0.0012156963348388672,0.099,14.4
939,0.0006089210510253906,0.099,14.0
940,0.0012233257293701172,0.099,14.0
941,0.0006318092346191406,0.099,13.600000000000001
942,0.0012660026550292969,0.099,13.600000000000001
943,0.0005764961242675781,0.099,13.200000000000001
944,0.0012409687042236328,0.099,12.8
945,0.0006678104400634766,0.099,12.8
946,0.0004448890686035156,0.101,12.4
947,0.0010483264923095703,0.103,12.4
948,0.0010483264923095703,0.103,12.4
949,0.0005941390991210938,0.103,12.4
950,0.001531839370727539,0.103,12.0
951,0.0003829002380371094,0.106,12.0
952,0.0008573532104492188,0.106,11.600000000000001
953,0.001233816146850586,0.106,11.600000000000001
954,0.003116130828857422,0.106,11.600000000000001
955,0.00041222572326660156,0.108,11.600000000000001
956,0.0005757808685302734,0.108,11.200000000000001
957,0.001064300537109375,0.108,11.200000000000001
958,0.0004711151123046875,0.11,11.200000000000001
959,0.0012793540954589844,0.11,11.200000000000001
960,0.0010976791381835938,0.11,11.200000000000001
961,0.002367734909057617,0.11,11.600000000000001
962,0.0011279582977294922,0.11,11.600000000000001
963,0.0005514621734619141,0.112,11.600000000000001
964,0.0006928443908691406,0.112,12.0
965,0.001589059829711914,0.112,12.0
966,0.0011792182922363281,0.112,12.4
967,0.0023975372314453125,0.112,12.4
968,0.0015177726745605469,0.112,12.8
969,0.0008299350738525391,0.112,13.200000000000001
970,0.0019850730895996094,0.112,13.200000000000001
971,0.0006530284881591797,0.112,13.600000000000001
972,0.0012750625610351562,0.112,14.0
973,0.00077056884765625,0.112,14.4
974,0.0012290477752685547,0.112,14.8
975,0.00061798095703125,0.112,15.200000000000001
976,0.002553701400756836,0.112,15.600000000000001
977,0.0005764961242675781,0.112,16.0
978,0.0012671947479248047,0.112,16.400000000000002
979,0.0006396770477294922,0.112,16.8
980,0.0013270378112792969,0.112,17.2
981,0.0006482601165771484,0.112,17.6
982,0.002655506134033203,0.112,18.0
983,0.0005166530609130859,0.112,18.0
984,0.00036025047302246094,0.142,18.400000000000002
985,0.0006864070892333984,0.17,18.8
986,0.0005478858947753906,0.203,19.200000000000003
987,0.00045943260192871094,0.213,19.200000000000003
988,0.00040984153747558594,0.216,19.6
989,0.00046634674072265625,0.216,19.6
990,0.0006058216094970703,0.216,20.0
991,0.0005395412445068359,0.216,20.400000000000002
992,0.0008308887481689453,0.216,20.8
993,0.0005917549133300781,0.216,21.200000000000003
994,0.001646280288696289,0.216,21.6
995,0.0028100013732910156,0.216,22.400000000000002
996,0.0006117820739746094,0.216,23.200000000000003
997,0.0012972354888916016,0.216,24.0
998,0.0006062984466552734,0.216,25.200000000000003
999,0.0012254714965820312,0.216,26.400000000000002
1000,0.0005707740783691406,0.216,27.6
1001,0.0012392997741699219,0.216,28.8
1002,0.0006067752838134766,0.216,30.400000000000002
1003,0.0012662410736083984,0.216,32.0
1004,0.0010912418365478516,0.216,33.6
1005,0.0006113052368164062,0.216,35.2
1006,0.0032036304473876953,0.216,37.2
1007,0.002750396728515625,0.216,38.800000000000004
1008,0.0029573440551757812,0.216,40.800000000000004
1009,0.0004951953887939453,0.058,42.800000000000004
1010,0.0006504058837890625,0.0,44.800000000000004
1011,0.0005030632019042969,0.0,46.400000000000006
1012,0.0005791187286376953,0.0,48.400000000000006
1013,0.0005781650543212891,0.0,50.400000000000006
1014,0.0006971359252929688,0.0,52.0
1015,0.0011212825775146484,0.0,53.2
1016,0.0010309219360351562,0.0,54.400000000000006
1017,0.0005781650543212891,0.0,55.2
1018,0.0009469985961914062,0.0,55.2
1019,0.0008521080017089844,0.0,55.2
1020,0.0009026527404785156,0.0,54.800000000000004
1021,0.0004911422729492188,0.0,54.0
1022,0.0011200904846191406,0.0,52.800000000000004
1023,0.0005249977111816406,0.0,51.2
1024,0.0013117790222167969,0.0,49.2
1025,0.0004646778106689453,0.0,47.2
1026,0.0008974075317382812,0.0,44.400000000000006
1027,0.0006244182586669922,0.0,41.6
1028,0.0009200572967529297,0.0,38.0
1029,0.000492095947265625,0.0,34.800000000000004
1030,0.0008437633514404297,0.0,30.8
1031,0.0004761219024658203,0.0,26.8
1032,0.0003781318664550781,0.0,22.400000000000002
1033,0.0005490779876708984,0.0,18.0
1034,0.0009038448333740234,0.0,13.600000000000001
1035,0.0005855560302734375,0.0,8.8
1036,0.0010991096496582031,0.0,-0.4
1037,0.0006203651428222656,0.0,-5.2
1038,0.0017838478088378906,0.0,-10.0
1039,0.001989603042602539,0.0,-14.4
1040,0.0005958080291748047,0.0,-18.8
1041,0.002336263656616211,0.0,-23.200000000000003
1042,0.0005984306335449219,0.0,-27.200000000000003
1043,0.002683401107788086,0.0,-31.200000000000003
1044,0.0005886554718017578,0.0,-34.800000000000004
1045,0.002217531204223633,0.0,-38.0
1046,0.0005483627319335938,0.0,-41.2
1047,0.0012879371643066406,0.0,-44.0
1048,0.0014185905456542969,0.0,-46.400000000000006
1049,0.0010292530059814453,0.0,-48.400000000000006
1050,0.0006053447723388672,0.0,-50.400000000000006
1051,0.002722024917602539,0.0,-51.6
1052,0.0014972686767578125,0.0,-52.400000000000006
1053,0.0006258487701416016,0.0,-53.2
1054,0.0013070106506347656,0.0,-53.6
1055,0.0027277469635009766,0.0,-53.2
1056,0.0011091232299804688,0.0,-52.800000000000004
1057,0.0002486705780029297,0.0,-52.0
1058,0.0004863739013671875,0.0,-50.800000000000004
1059,0.0007863044738769531,0.0,-49.2
1060,0.0005657672882080078,0.0,-47.2
1061,0.0005006790161132812,0.0,-44.800000000000004
1062,0.0011615753173828125,0.0,-42.0
1063,0.0004870891571044922,0.0,-39.2
1064,0.002329587936401367,0.0,-36.0
1065,0.0014603137969970703,0.0,-32.4
1066,0.002623319625854492,0.0,-28.8
1067,0.0022962093353271484,0.0,-24.8
1068,0.002428770065307617,0.0,-20.8
1069,0.0011143684387207031,0.0,-16.400000000000002
1070,0.0005888938903808594,0.0,-12.0
1071,0.002517223358154297,0.0,-7.6000000000000005
1072,0.0005764961242675781,0.0,-3.2
1073,0.0022373199462890625,0.0,1.6
1074,0.0006847381591796875,0.0,6.0
1075,0.0012450218200683594,0.0,10.4
1076,0.0005865097045898438,0.0,14.8
1077,0.0026280879974365234,0.0,19.200000000000003
1078,0.0005860328674316406,0.0,23.200000000000003
1079,0.0022144317626953125,0.0,27.200000000000003
1080,0.0005846023559570312,0.0,30.8
1081,0.0005686283111572266,0.0,34.0
1082,0.0004825592041015625,0.0,37.2
1083,0.0012938976287841797,0.0,40.400000000000006
1084,0.0005118846893310547,0.0,42.800000000000004
1085,0.0005118846893310547,0.0,42.800000000000004
1086,0.0006737709045410156,0.0,45.2
1087,0.0006241798400878906,0.0,46.800000000000004
1088,0.0005574226379394531,0.0,48.400000000000006
1089,0.0005419254302978516,0.0,49.6
1090,0.0010113716125488281,0.0,50.400000000000006
1091,0.0006680488586425781,0.0,51.2
1092,0.0005612373352050781,0.0,51.2
1093,0.0022242069244384766,0.0,50.800000000000004
1094,0.0005753040313720703,0.0,50.400000000000006
1095,0.002499818801879883,0.0,49.2
1096,0.0014867782592773438,0.0,48.0
1097,0.0006375312805175781,0.0,46.400000000000006
1098,0.0015003681182861328,0.0,44.400000000000006
1099,0.0018477439880371094,0.0,42.0
1100,0.0007119178771972656,0.0,39.6
1101,0.000652313232421875,0.0,36.4
1102,0.0013957023620605469,0.0,33.2
1103,0.0007815361022949219,0.0,30.0
1104,0.0014519691467285156,0.0,26.400000000000002
1105,0.0017578601837158203,0.0,22.400000000000002
1106,0.0006363391876220703,0.0,18.400000000000002
1107,0.001871347427368164,0.0,14.4
1108,0.0022971630096435547,0.0,10.0
1109,0.0016391277313232422,0.0,5.6000000000000005
1110,0.0010306835174560547,0.0,1.2000000000000002
1111,0.0015103816986083984,0.0,-3.2
1112,0.0011761188507080078,0.0,-7.6000000000000005
1113,0.0016274452209472656,0.0,-11.600000000000001
1114,0.0007417201995849609,0.0,-16.0
1115,0.0006105899810791016,0.0,-20.0
1116,0.0007543563842773438,0.0,-24.0
1117,0.0010018348693847656,0.0,-27.6
1118,0.0005121231079101562,0.0,-31.200000000000003
1119,0.001138448715209961,0.0,-34.4
1120,0.0005676746368408203,0.0,-37.2
1121,0.0006256103515625,0.0,-40.0
1122,0.00046443939208984375,0.0,-42.400000000000006
1123,0.0005066394805908203,0.0,-44.400000000000006
1124,0.0004897117614746094,0.0,-46.0
1125,0.0004608631134033203,0.0,-47.6
1126,0.0005795955657958984,0.0,-48.400000000000006
1127,0.0005626678466796875,0.0,-49.2
1128,0.0009677410125732422,0.0,-49.6
1129,0.00047206878662109375,0.0,-49.6
1130,0.0009138584136962891,0.0,-49.2
1131,0.0010826587677001953,0.0,-48.400000000000006
1132,0.0012433528900146484,0.0,-47.2
1133,0.0009667873382568359,0.0,-46.0
1134,0.0010983943939208984,0.0,-44.0
1135,0.0016565322875976562,0.0,-42.0
1136,0.002624034881591797,0.0,-39.6
1137,0.001112222671508789,0.0,-36.800000000000004
1138,0.0008838176727294922,0.0,-34.0
1139,0.002549886703491211,0.0,-30.8
1140,0.0014019012451171875,0.0,-27.200000000000003
1141,0.0024182796478271484,0.0,-23.6
1142,0.0007927417755126953,0.0,-20.0
1143,0.0015189647674560547,0.0,-16.0
1144,0.0022115707397460938,0.0,-12.0
1145,0.0016210079193115234,0.0,-7.6000000000000005
1146,0.002466917037963867,0.0,-3.6
1147,0.0013422966003417969,0.0,0.8
1148,0.001188516616821289,0.0,4.800000000000001
1149,0.0010502338409423828,0.0,9.200000000000001
1150,0.0010607242584228516,0.0,13.200000000000001
1151,0.001020669937133789,0.0,17.2
1152,0.0024738311767578125,0.0,20.8
1153,0.0023741722106933594,0.0,24.400000000000002
1154,0.0011398792266845703,0.0,28.0
1155,0.002388477325439453,0.0,31.200000000000003
1156,0.002386808395385742,0.0,34.4
1157,0.0015611648559570312,0.0,36.800000000000004
1158,0.0015685558319091797,0.0,39.2
1159,0.0020706653594970703,0.0,41.6
1160,0.0006766319274902344,0.0,43.2
1161,0.0022270679473876953,0.0,44.800000000000004
1162,0.0011951923370361328,0.0,46.0
1163,0.0013992786407470703,0.0,46.800000000000004
1164,0.002769947052001953,0.0,47.2
1165,0.002300262451171875,0.0,47.2
1166,0.000637054443359375,0.0,47.2
1167,0.0013017654418945312,0.0,46.400000000000006
1168,0.0006084442138671875,0.0,45.6
1169,0.0012652873992919922,0.0,44.400000000000006
1170,0.0010578632354736328,0.0,42.800000000000004
1171,0.0013141632080078125,0.0,41.2
1172,0.0005495548248291016,0.0,38.800000000000004
1173,0.000980377197265625,0.0,36.4
1174,0.00084686279296875,0.0,33.6
1175,0.0006053447723388672,0.0,30.8
1176,0.0006587505340576172,0.0,27.6
1177,0.002774477005004883,0.0,24.0
1178,0.0006568431854248047,0.0,20.400000000000002
1179,0.002320528030395508,0.0,16.8
1180,0.002376079559326172,0.0,12.8
1181,0.001203298568725586,0.0,8.8
1182,0.002498149871826172,0.0,4.800000000000001
1183,0.0011875629425048828,0.0,0.8
1184,0.0007579326629638672,0.0,-3.2
1185,0.0026807785034179688,0.0,-7.2
1186,0.0006403923034667969,0.0,-11.200000000000001
1187,0.0012967586517333984,0.0,-15.200000000000001
1188,0.0006260871887207031,0.0,-18.8
1189,0.0011873245239257812,0.0,-22.400000000000002
1190,0.001180887222290039,0.0,-26.0
1191,0.0006082057952880859,0.0,-29.200000000000003
1192,0.0012242794036865234,0.0,-32.0
1193,0.0005903244018554688,0.0,-34.800000000000004
1194,0.0005705356597900391,0.0,-37.2
1195,0.0005881786346435547,0.0,-39.2
1196,0.0013797283172607422,0.0,-41.2
1197,0.0007219314575195312,0.0,-42.800000000000004
1198,0.0008604526519775391,0.0,-44.0
1199,0.0015957355499267578,0.0,-44.800000000000004
1200,0.0006463527679443359,0.0,-45.6
1201,0.001264810562133789,0.0,-45.6
1202,0.0005869865417480469,0.0,-45.6
1203,0.0012307167053222656,0.0,-45.2
1204,0.002605915069580078,0.0,-44.400000000000006
1205,0.0011036396026611328,0.0,-43.2
1206,0.0025818347930908203,0.0,-42.0
1207,0.0011262893676757812,0.0,-40.400000000000006
1208,0.002219676971435547,0.0,-38.400000000000006
1209,0.0006999969482421875,0.0,-36.0
1210,0.002277851104736328,0.0,-33.2
1211,0.0006346702575683594,0.0,-30.400000000000002
1212,0.0021185874938964844,0.0,-27.6
1213,0.0014858245849609375,0.0,-24.400000000000002
1214,0.002164125442504883,0.0,-20.8
1215,0.000644683837890625,0.0,-17.2
1216,0.0025458335876464844,0.0,-13.600000000000001
1217,0.0015611648559570312,0.0,-9.600000000000001
1218,0.0010750293731689453,0.0,-6.0
1219,0.001905679702758789,0.0,-2.0
1220,0.0022962093353271484,0.0,2.0
1221,0.0010666847229003906,0.0,6.0
1222,0.0006499290466308594,0.0,9.600000000000001
1223,0.002589702606201172,0.0,13.600000000000001
1224,0.0006821155548095703,0.0,17.2
1225,0.0013353824615478516,0.0,20.8
1226,0.0006432533264160156,0.0,24.0
1227,0.0025904178619384766,0.0,27.200000000000003
1228,0.0005998611450195312,0.0,30.0
1229,0.0013098716735839844,0.0,32.800000000000004
1230,0.0006644725799560547,0.0,35.2
1231,0.0013985633850097656,0.0,37.2
1232,0.0007014274597167969,0.0,39.2
1233,0.0007014274597167969,0.0,39.2
1234,0.0004482269287109375,0.0,40.800000000000004
1235,0.0006508827209472656,0.0,42.0
1236,0.0006885528564453125,0.0,42.800000000000004
1237,0.0005478858947753906,0.0,43.6
1238,0.0005424022674560547,0.0,44.0
1239,0.0017795562744140625,0.0,44.0
1240,0.0006244182586669922,0.0,43.6
1241,0.0030002593994140625,0.0,42.800000000000004
1242,0.0016047954559326172,0.0,42.0
1243,0.0009226799011230469,0.0,40.400000000000006
1244,0.0005331039428710938,0.0,38.800000000000004
1245,0.001703500747680664,0.0,37.2
1246,0.0006940364837646484,0.0,34.800000000000004
1247,0.0012996196746826172,0.0,32.4
1248,0.0006649494171142578,0.0,30.0
1249,0.0017936229705810547,0.0,26.8
1250,0.0006814002990722656,0.0,24.0
1251,0.0029687881469726562,0.0,20.400000000000002
1252,0.00048041343688964844,0.0,17.2
1253,0.001455545425415039,0.0,13.600000000000001
1254,0.002552032470703125,0.0,10.0
1255,0.001676797866821289,0.0,6.0
1256,0.0006234645843505859,0.0,2.4000000000000004
1257,0.0016853809356689453,0.0,-1.2000000000000002
1258,0.0006575584411621094,0.0,-5.2
1259,0.001256704330444336,0.0,-8.8
1260,0.0005626678466796875,0.0,-12.4
1261,0.0014200210571289062,0.0,-16.0
1262,0.0005750656127929688,0.0,-19.6
1263,0.0005917549133300781,0.0,-22.8
1264,0.0030808448791503906,0.0,-25.6
1265,0.0013706684112548828,0.0,-28.8
1266,0.0006067752838134766,0.0,-31.200000000000003
1267,0.0013136863708496094,0.0,-33.6
1268,0.0026657581329345703,0.0,-35.6
1269,0.0006074905395507812,0.0,-37.6
1270,0.0012891292572021484,0.0,-39.2
1271,0.002363920211791992,0.0,-40.400000000000006
1272,0.0022430419921875,0.0,-41.6
1273,0.0011386871337890625,0.0,-42.0
1274,0.0023937225341796875,0.0,-42.400000000000006
1275,0.0007395744323730469,0.0,-42.400000000000006
1276,0.0012524127960205078,0.0,-42.0
1277,0.0006251335144042969,0.0,-41.6
1278,0.0012307167053222656,0.0,-40.400000000000006
1279,0.0005936622619628906,0.0,-39.2
1280,0.001199483871459961,0.0,-38.0
1281,0.0026597976684570312,0.0,-36.0
1282,0.00069427490234375,0.0,-34.0
1283,0.0026166439056396484,0.0,-31.6
1284,0.0006542205810546875,0.0,-29.200000000000003
1285,0.00045871734619140625,0.0,-26.400000000000002
1286,0.0008461475372314453,0.0,-23.200000000000003
1287,0.0006279945373535156,0.0,-20.400000000000002
1288,0.001651763916015625,0.0,-16.8
1289,0.0026755332946777344,0.0,-13.600000000000001
1290,0.0006318092346191406,0.0,-10.0
1291,0.0016319751739501953,0.0,-6.4
1292,0.0005419254302978516,0.0,-2.8000000000000003
1293,0.0016410350799560547,0.0,0.8
1294,0.0005974769592285156,0.0,4.4
1295,0.0016078948974609375,0.0,8.0
1296,0.0017328262329101562,0.0,11.600000000000001
1297,0.0005979537963867188,0.0,15.200000000000001
1298,0.001203298568725586,0.0,18.400000000000002
1299,0.0006196498870849609,0.0,21.6
1300,0.0023064613342285156,0.0,24.400000000000002
1301,0.0004787445068359375,0.0,27.200000000000003
1302,0.0003693103790283203,0.0,29.6
1303,0.0006062984466552734,0.0,32.0
1304,0.00036787986755371094,0.0,34.0
1305,0.0005710124969482422,0.0,36.0
1306,0.0003914833068847656,0.002,37.6
1307,0.0006182193756103516,0.004,38.800000000000004
1308,0.0006566047668457031,0.004,39.6
1309,0.0006766319274902344,0.006,40.400000000000006
1310,0.0005791187286376953,0.006,40.400000000000006
1311,0.0005822181701660156,0.009,40.400000000000006
1312,0.0005476474761962891,0.013,40.400000000000006
1313,0.0005433559417724609,0.015,39.6
1314,0.0003685951232910156,0.022,38.800000000000004
1315,0.0005533695220947266,0.024,37.6
1316,0.0004417896270751953,0.026,36.4
1317,0.0004489421844482422,0.03,34.4
1318,0.0006022453308105469,0.034,32.4
1319,0.0006074905395507812,0.037,30.400000000000002
1320,0.00046443939208984375,0.045,28.0
1321,0.0006444454193115234,0.045,25.200000000000003
1322,0.0008292198181152344,0.045,22.400000000000002
1323,0.00048089027404785156,0.05,19.200000000000003
1324,0.0005731582641601562,0.05,16.0
1325,0.0005693435668945312,0.05,12.8
1326,0.00046753883361816406,0.05,9.600000000000001
1327,0.0018846988677978516,0.05,6.0
1328,0.0005173683166503906,0.054,2.4000000000000004
1329,0.00089263916015625,0.054,-0.8
1330,0.001445770263671875,0.056,-4.4
1331,0.000713348388671875,0.058,-7.6000000000000005
1332,0.0008542537689208984,0.058,-10.8
1333,0.0005035400390625,0.058,-14.0
1334,0.0013649463653564453,0.058,-17.2
1335,0.0005636215209960938,0.058,-20.400000000000002
1336,0.002579212188720703,0.058,-23.200000000000003
1337,0.0005712509155273438,0.058,-25.6
1338,0.0013513565063476562,0.058,-28.0
1339,0.0006005764007568359,0.058,-30.0
1340,0.0012309551239013672,0.058,-32.0
1341,0.0005779266357421875,0.058,-34.0
1342,0.0012836456298828125,0.058,-35.2
1343,0.0005781650543212891,0.058,-36.4
1344,0.0012559890747070312,0.058,-37.2
1345,0.0005476474761962891,0.058,-38.0
1346,0.0012695789337158203,0.058,-38.400000000000006
1347,0.0005929470062255859,0.058,-38.400000000000006
1348,0.001969575881958008,0.058,-38.0
1349,0.0005528926849365234,0.058,-37.2
1350,0.0012547969818115234,0.058,-36.4
1351,0.0005640983581542969,0.058,-35.2
1352,0.002603769302368164,0.058,-34.0
1353,0.0005645751953125,0.058,-32.4
1354,0.0013012886047363281,0.058,-30.400000000000002
1355,0.0006535053253173828,0.058,-28.0
1356,0.0018279552459716797,0.058,-25.6
1357,0.0004584789276123047,0.06,-23.200000000000003
1358,0.0003962516784667969,0.063,-20.400000000000002
1359,0.0005180835723876953,0.065,-17.6
1360,0.0006730556488037109,0.065,-14.4
1361,0.00087738037109375,0.065,-11.200000000000001
1362,0.0006463527679443359,0.067,-8.0
1363,0.0005900859832763672,0.067,-4.800000000000001
1364,0.0005848407745361328,0.067,-1.2000000000000002
1365,0.0006318092346191406,0.071,2.0
1366,0.0004761219024658203,0.071,5.2
1367,0.0002894401550292969,0.073,8.8
1368,0.0006303787231445312,0.075,12.0
1369,0.001377105712890625,0.075,15.200000000000001
1370,0.0004582405090332031,0.078,18.0
1371,0.0009856224060058594,0.078,21.200000000000003
1372,0.0008206367492675781,0.08,24.0
1373,0.0007171630859375,0.08,26.8
1374,0.0008690357208251953,0.08,29.6
1375,0.0008974075317382812,0.08,32.0
1376,0.002244710922241211,0.08,34.4
1377,0.0006821155548095703,0.08,36.4
1378,0.0016214847564697266,0.08,38.400000000000006
1379,0.0006504058837890625,0.08,40.0
1380,0.0025048255920410156,0.08,41.6
1381,0.0006773471832275391,0.08,42.800000000000004
1382,0.002216815948486328,0.08,44.0
1383,0.0006017684936523438,0.08,44.800000000000004
1384,0.0024328231811523438,0.08,45.2
1385,0.0005867481231689453,0.08,45.6
1386,0.0020918846130371094,0.08,46.0
1387,0.0005788803100585938,0.08,45.6
1388,0.0024018287658691406,0.08,45.6
1389,0.0005757808685302734,0.08,44.800000000000004
1390,0.0024366378784179688,0.08,44.0
1391,0.0005748271942138672,0.08,43.2
1392,0.001466512680053711,0.08,42.0
1393,0.001466512680053711,0.08,42.0
1394,0.0024437904357910156,0.08,40.400000000000006
1395,0.0005600452423095703,0.08,39.2
1396,0.0022525787353515625,0.08,37.2
1397,0.0011315345764160156,0.08,35.2
1398,0.0005879402160644531,0.08,33.2
1399,0.0006074905395507812,0.084,30.8
1400,0.0004887580871582031,0.086,28.8
1401,0.0005431175231933594,0.086,26.0
1402,0.0005867481231689453,0.086,23.6
1403,0.00043129920959472656,0.086,20.8
1404,0.0009746551513671875,0.086,18.400000000000002
1405,0.0006597042083740234,0.086,15.600000000000001
1406,0.0017025470733642578,0.086,12.8
1407,0.0027854442596435547,0.086,10.0
1408,0.0007121562957763672,0.086,7.2
1409,0.0005478858947753906,0.088,4.800000000000001
1410,0.0007703304290771484,0.088,2.0
1411,0.00032401084899902344,0.091,-0.4
1412,0.0008516311645507812,0.093,-2.8000000000000003
1413,0.0005891323089599609,0.093,-5.2
1414,0.0012140274047851562,0.093,-7.2
1415,0.0006875991821289062,0.097,-9.200000000000001
1416,0.0004355907440185547,0.097,-10.8
1417,0.0006010532379150391,0.097,-12.4
1418,0.00104522705078125,0.097,-14.0
1419,0.0007507801055908203,0.097,-14.8
1420,0.0018372535705566406,0.097,-16.0
1421,0.0006487369537353516,0.097,-16.400000000000002
1422,0.0015611648559570312,0.097,-16.8
1423,0.0025997161865234375,0.097,-17.2
1424,0.0011279582977294922,0.097,-16.8
1425,0.0024101734161376953,0.097,-16.8
1426,0.00080108642578125,0.097,-16.0
1427,0.0024552345275878906,0.097,-15.200000000000001
1428,0.0007045269012451172,0.097,-14.0
1429,0.0022454261779785156,0.097,-12.8
1430,0.0006482601165771484,0.097,-11.200000000000001
1431,0.0012297630310058594,0.097,-9.600000000000001
1432,0.0006277561187744141,0.097,-7.6000000000000005
1433,0.001306295394897461,0.097,-5.6000000000000005
1434,0.0005998611450195312,0.097,-3.6
1435,0.0015153884887695312,0.097,-1.2000000000000002
1436,0.0005526542663574219,0.097,1.2000000000000002
1437,0.0012428760528564453,0.097,3.6
1438,0.0005781650543212891,0.097,6.4
1439,0.0026388168334960938,0.097,9.200000000000001
1440,0.00047469139099121094,0.093,11.600000000000001
1441,0.0016770362854003906,0.093,14.4
1442,0.0009610652923583984,0.093,17.2
1443,0.0015902519226074219,0.093,19.6
1444,0.0006291866302490234,0.093,22.400000000000002
1445,0.0012581348419189453,0.095,24.8
1446,0.000766754150390625,0.099,27.200000000000003
1447,0.00022554397583007812,0.106,29.6
1448,0.0005004405975341797,0.11,31.6
1449,0.0002429485321044922,0.114,33.6
1450,0.0004706382751464844,0.114,35.6
1451,0.0004439353942871094,0.114,37.2
1452,0.0008654594421386719,0.114,38.800000000000004
1453,0.0004646778106689453,0.114,40.400000000000006
1454,0.0029518604278564453,0.114,41.6
1455,0.0006051063537597656,0.114,42.800000000000004
1456,0.002195119857788086,0.114,43.6
1457,0.0005931854248046875,0.114,44.400000000000006
1458,0.0012874603271484375,0.114,44.800000000000004
1459,0.0006070137023925781,0.114,45.2
1460,0.0024178028106689453,0.114,45.2
1461,0.0007226467132568359,0.114,45.2
1462,0.0016634464263916016,0.114,44.800000000000004
1463,0.0012118816375732422,0.114,44.400000000000006
1464,0.0004582405090332031,0.121,44.0
1465,0.0005812644958496094,0.125,43.2
1466,0.000545501708984375,0.125,42.400000000000006
1467,0.0005879402160644531,0.125,41.2
1468,0.0009865760803222656,0.125,40.0
1469,0.0009419918060302734,0.125,38.400000000000006
1470,0.00045108795166015625,0.125,37.2
1471,0.0031850337982177734,0.125,35.6
1472,0.0006368160247802734,0.121,34.0
1473,0.0004513263702392578,0.116,32.0
1474,0.0010116100311279297,0.116,30.0
1475,0.0009081363677978516,0.116,28.400000000000002
1476,0.0005826950073242188,0.116,26.400000000000002
1477,0.0022153854370117188,0.116,24.400000000000002
1478,0.0006823539733886719,0.116,22.400000000000002
1479,0.0005359649658203125,0.121,20.400000000000002
1480,0.0007126331329345703,0.129,18.0
1481,0.0006165504455566406,0.136,16.0
1482,0.0005583763122558594,0.136,14.0
1483,0.0004582405090332031,0.136,12.0
1484,0.0021524429321289062,0.136,10.4
1485,0.0005779266357421875,0.136,8.4
1486,0.0026941299438476562,0.136,6.800000000000001
1487,0.0007104873657226562,0.136,5.2
1488,0.002206087112426758,0.136,3.6
1489,0.001672983169555664,0.136,2.4000000000000004
1490,0.0006554126739501953,0.136,1.2000000000000002
1491,0.0025556087493896484,0.136,0.0
1492,0.0006005764007568359,0.136,-0.8
1493,0.0013089179992675781,0.136,-1.6
1494,0.0006070137023925781,0.136,-2.0
1495,0.002704620361328125,0.136,-2.4000000000000004
1496,0.0005671977996826172,0.136,-2.4000000000000004
1497,0.0010769367218017578,0.131,-2.4000000000000004
1498,0.0005495548248291016,0.131,-2.0
1499,0.0004906654357910156,0.131,-1.6
1500,0.0009624958038330078,0.129,-0.8
1501,0.0007588863372802734,0.127,0.0
1502,0.0006256103515625,0.125,0.8
1503,0.0006005764007568359,0.123,2.0
1504,0.000713348388671875,0.123,3.2
1505,0.0006048679351806641,0.119,4.800000000000001
1506,0.0005364418029785156,0.119,6.0
1507,0.0005843639373779297,0.119,7.6000000000000005
1508,0.0013899803161621094,0.119,9.600000000000001
1509,0.0010976791381835938,0.119,11.200000000000001
1510,0.0005888938903808594,0.119,13.200000000000001
1511,0.00122833251953125,0.119,14.8
1512,0.0028166770935058594,0.119,16.8
1513,0.0006971359252929688,0.119,18.8
1514,0.0012700557708740234,0.119,20.400000000000002
1515,0.002856731414794922,0.119,22.400000000000002
1516,0.0007085800170898438,0.119,24.0
1517,0.0012354850769042969,0.119,26.0
1518,0.0005435943603515625,0.119,27.6
1519,0.0006737709045410156,0.119,29.200000000000003
1520,0.0009045600891113281,0.119,30.8
1521,0.0005948543548583984,0.119,32.0
1522,0.002260923385620117,0.119,33.6
1523,0.0022840499877929688,0.119,34.800000000000004
1524,0.0023648738861083984,0.119,36.0
1525,0.0008707046508789062,0.119,36.800000000000004
1526,0.002370119094848633,0.119,37.6
1527,0.002132892608642578,0.119,38.400000000000006
1528,0.0012078285217285156,0.119,38.800000000000004
1529,0.0007493495941162109,0.119,39.2
1530,0.0013263225555419922,0.119,39.6
1531,0.0006756782531738281,0.119,39.6
1532,0.001230478286743164,0.119,39.6
1533,0.0006651878356933594,0.119,39.2
1534,0.001538991928100586,0.119,39.2
1535,0.0006473064422607422,0.119,38.400000000000006
1536,0.0027506351470947266,0.119,38.0
1537,0.0008862018585205078,0.119,37.2
1538,0.0010406970977783203,0.119,36.4
1539,0.0017783641815185547,0.119,35.2
1540,0.0006525516510009766,0.119,34.0
1541,0.0027933120727539062,0.119,32.800000000000004
1542,0.0006170272827148438,0.119,31.6
1543,0.0023245811462402344,0.119,30.400000000000002
1544,0.0017032623291015625,0.119,28.8
1545,0.0017032623291015625,0.119,28.8
1546,0.001191854476928711,0.119,27.200000000000003
1547,0.0007302761077880859,0.119,25.6
1548,0.002748250961303711,0.119,24.0
1549,0.0004885196685791016,0.121,22.0
1550,0.0007479190826416016,0.123,20.400000000000002
1551,0.0007121562957763672,0.125,18.8
1552,0.0004901885986328125,0.129,16.8
1553,0.00037288665771484375,0.129,15.200000000000001
1554,0.0005626678466796875,0.129,13.600000000000001
1555,0.0017342567443847656,0.129,11.600000000000001
1556,0.0004711151123046875,0.129,10.0
1557,0.0023093223571777344,0.129,8.4
1558,0.0005714893341064453,0.129,6.800000000000001
1559,0.0021398067474365234,0.129,5.6000000000000005
1560,0.0006022453308105469,0.129,4.4
1561,0.0022280216217041016,0.129,3.2
1562,0.0006058216094970703,0.129,2.0
1563,0.002218484878540039,0.129,1.2000000000000002
1564,0.001810312271118164,0.129,0.4
1565,0.0006227493286132812,0.129,0.0
1566,0.0004780292510986328,0.127,-0.4
1567,0.0011386871337890625,0.127,-0.8
1568,0.000560760498046875,0.127,-0.8
1569,0.0022788047790527344,0.127,-0.8
1570,0.001562356948852539,0.127,-0.8
1571,0.0005352497100830078,0.123,-0.4
1572,0.0011379718780517578,0.123,0.4
1573,0.0006461143493652344,0.123,0.8
1574,0.0029366016387939453,0.123,1.6
1575,0.0022988319396972656,0.123,2.8000000000000003
1576,0.0007369518280029297,0.123,3.6
1577,0.002408266067504883,0.123,4.800000000000001
1578,0.0022618770599365234,0.123,6.0
1579,0.000698089599609375,0.123,7.6000000000000005
1580,0.001560211181640625,0.123,8.8
1581,0.0006558895111083984,0.123,10.4
1582,0.001210927963256836,0.123,12.0
1583,0.0006265640258789062,0.123,13.600000000000001
1584,0.0027980804443359375,0.123,15.200000000000001
1585,0.0006070137023925781,0.123,16.8
1586,0.0013129711151123047,0.123,18.400000000000002
1587,0.0005724430084228516,0.123,20.0
1588,0.0012197494506835938,0.123,21.6
1589,0.0005791187286376953,0.123,22.8
1590,0.0011782646179199219,0.123,24.400000000000002
1591,0.0005517005920410156,0.123,26.0
1592,0.0026373863220214844,0.123,27.200000000000003
1593,0.0005841255187988281,0.123,28.400000000000002
1594,0.001130819320678711,0.121,29.6
1595,0.0006160736083984375,0.119,30.8
1596,0.00035190582275390625,0.114,32.0
1597,0.0006394386291503906,0.114,32.800000000000004
1598,0.0005438327789306641,0.112,33.6
1599,0.0007767677307128906,0.112,34.4
1600,0.0005793571472167969,0.112,34.800000000000004
1601,0.0005581378936767578,0.112,35.2
1602,0.0005428791046142578,0.112,35.6
1603,0.0009391307830810547,0.116,35.6
1604,0.00038123130798339844,0.123,35.6
1605,0.0006103515625,0.125,35.6
1606,0.0004487037658691406,0.129,35.6
1607,0.0004432201385498047,0.134,35.2
1608,0.0008757114410400391,0.134,34.4
1609,0.0006778240203857422,0.134,34.0
1610,0.0009567737579345703,0.134,33.2
1611,0.0004925727844238281,0.136,32.4
1612,0.0005121231079101562,0.136,31.200000000000003
1613,0.0022573471069335938,0.136,30.400000000000002
1614,0.0006935596466064453,0.136,29.200000000000003
1615,0.0001366138458251953,0.136,28.0
1616,0.0018336772918701172,0.136,26.8
1617,0.0027923583984375,0.136,25.6
1618,0.0004885196685791016,0.129,24.400000000000002
1619,0.0004112720489501953,0.121,23.200000000000003
1620,0.0005984306335449219,0.119,21.6
1621,0.0011782646179199219,0.119,20.400000000000002
1622,0.0006721019744873047,0.119,19.200000000000003
1623,0.0005795955657958984,0.119,17.6
1624,0.0013167858123779297,0.119,16.400000000000002
1625,0.0024771690368652344,0.119,15.200000000000001
1626,0.0007946491241455078,0.119,14.0
1627,0.0023076534271240234,0.119,12.8
1628,0.0019757747650146484,0.119,11.600000000000001
1629,0.000507354736328125,0.119,10.4
1630,0.0006120204925537109,0.127,9.600000000000001
1631,0.00047206878662109375,0.131,8.4
1632,0.00057220458984375,0.134,7.6000000000000005
1633,0.0006246566772460938,0.134,6.800000000000001
1634,0.0005524158477783203,0.14,6.0
1635,0.0005233287811279297,0.14,5.2
1636,0.0010237693786621094,0.14,4.800000000000001
1637,0.0005016326904296875,0.14,4.4
1638,0.0009369850158691406,0.142,4.0
1639,0.00047516822814941406,0.142,4.0
1640,0.0005395412445068359,0.142,4.0
1641,0.00057220458984375,0.14,4.0
1642,0.0007305145263671875,0.134,4.4
1643,0.0005049705505371094,0.129,4.800000000000001
1644,0.0005271434783935547,0.123,5.2
1645,0.0005483627319335938,0.121,5.6000000000000005
1646,0.0005371570587158203,0.121,6.4
1647,0.0005486011505126953,0.121,7.6000000000000005
1648,0.0005619525909423828,0.121,8.4
1649,0.00045037269592285156,0.121,9.600000000000001
1650,0.0005071163177490234,0.119,10.8
1651,0.00058746337890625,0.119,12.0
1652,0.0005903244018554688,0.119,13.200000000000001
1653,0.0007872581481933594,0.119,14.4
1654,0.0009427070617675781,0.123,15.600000000000001
1655,0.0007536411285400391,0.129,16.8
1656,0.0004925727844238281,0.136,18.400000000000002
1657,0.0005931854248046875,0.138,19.6
1658,0.0006060600280761719,0.138,20.8
1659,0.0004730224609375,0.138,22.400000000000002
1660,0.0015025138854980469,0.138,23.6
1661,0.0005135536193847656,0.14,24.8
1662,0.0008254051208496094,0.14,26.0
1663,0.0013763904571533203,0.138,27.200000000000003
1664,0.0006167888641357422,0.125,28.0
1665,0.00046896934509277344,0.121,29.200000000000003
1666,0.00046944618225097656,0.116,30.0
1667,0.0005769729614257812,0.116,30.8
1668,0.0004487037658691406,0.116,32.0
1669,0.0008463859558105469,0.116,32.4
1670,0.0004622936248779297,0.114,33.2
1671,0.0007710456848144531,0.114,33.6
1672,0.0006244182586669922,0.114,34.4
1673,0.0014259815216064453,0.114,34.4
1674,0.0006844997406005859,0.114,34.800000000000004
1675,0.002830982208251953,0.114,34.800000000000004
1676,0.00060272216796875,0.114,34.800000000000004
1677,0.0012044906616210938,0.116,34.800000000000004
1678,0.0008881092071533203,0.116,34.4
1679,0.0011060237884521484,0.116,34.0
1680,0.0012924671173095703,0.116,33.6
1681,0.0008981227874755859,0.116,32.800000000000004
1682,0.0016398429870605469,0.116,32.0
1683,0.0007574558258056641,0.116,31.200000000000003
1684,0.0013248920440673828,0.116,30.400000000000002
1685,0.0013248920440673828,0.112,30.400000000000002
1686,0.0008206367492675781,0.112,29.6
1687,0.0006849765777587891,0.112,28.400000000000002
1688,0.0016586780548095703,0.112,27.200000000000003
1689,0.0006191730499267578,0.112,26.0
1690,0.002658843994140625,0.112,24.8
1691,0.0014421939849853516,0.112,23.200000000000003
1692,0.0004968643188476562,0.119,22.0
1693,0.0011899471282958984,0.125,20.8
1694,0.00024819374084472656,0.129,19.200000000000003
1695,0.0007071495056152344,0.129,18.0
1696,0.0004849433898925781,0.129,16.8
1697,0.0008294582366943359,0.129,15.600000000000001
1698,0.0004897117614746094,0.129,14.0
1699,0.0012965202331542969,0.129,13.200000000000001
1700,0.0006432533264160156,0.129,12.0
1701,0.00038242340087890625,0.125,10.8
1702,0.0005211830139160156,0.125,10.0
1703,0.0014917850494384766,0.125,9.200000000000001
1704,0.000728607177734375,0.125,8.4
1705,0.0017900466918945312,0.125,7.6000000000000005
1706,0.0006308555603027344,0.125,7.2
1707,0.003030061721801758,0.125,6.4
1708,0.0006399154663085938,0.125,6.0
1709,0.0013155937194824219,0.125,6.0
1710,0.0006086826324462891,0.125,5.6000000000000005
1711,0.001438140869140625,0.125,5.6000000000000005
1712,0.0006399154663085938,0.125,5.6000000000000005
1713,0.0028221607208251953,0.125,6.0
1714,0.002227306365966797,0.125,6.0
1715,0.002379894256591797,0.125,6.4
1716,0.0017812252044677734,0.125,6.800000000000001
1717,0.002786397933959961,0.125,7.6000000000000005
1718,0.0006926059722900391,0.125,8.0
1719,0.0014979839324951172,0.125,8.8
1720,0.0006687641143798828,0.125,9.600000000000001
1721,0.0008456707000732422,0.125,10.4
1722,0.0005052089691162109,0.131,11.600000000000001
1723,0.0006368160247802734,0.131,12.4
1724,0.0007569789886474609,0.131,13.600000000000001
1725,0.001377105712890625,0.131,14.8
1726,0.001958131790161133,0.131,16.0
1727,0.0007176399230957031,0.131,17.2
1728,0.0007541179656982422,0.129,18.400000000000002
1729,0.0005664825439453125,0.127,19.200000000000003
1730,0.0008540153503417969,0.121,20.400000000000002
1731,0.0005648136138916016,0.116,21.6
1732,0.0006117820739746094,0.116,22.8
1733,0.0005593299865722656,0.116,24.0
1734,0.0006353855133056641,0.116,25.200000000000003
1735,0.0004856586456298828,0.116,26.400000000000002
1736,0.0012111663818359375,0.116,27.200000000000003
1737,0.0007312297821044922,0.116,28.0
1738,0.0016341209411621094,0.116,29.200000000000003
1739,0.0006275177001953125,0.116,30.0
1740,0.0020864009857177734,0.116,30.400000000000002
1741,0.0006127357482910156,0.116,31.200000000000003
1742,0.0021905899047851562,0.116,31.6
1743,0.0005810260772705078,0.116,32.0
1744,0.0024750232696533203,0.116,32.4
1745,0.0005645751953125,0.116,32.4
1746,0.0023615360260009766,0.116,32.4
1747,0.0005643367767333984,0.116,32.4
1748,0.001375436782836914,0.116,32.4
1749,0.0005850791931152344,0.116,32.0
1750,0.0027573108673095703,0.116,31.6
1751,0.001222848892211914,0.116,31.200000000000003
1752,0.00028967857360839844,0.123,30.8
1753,0.0006132125854492188,0.125,30.0
1754,0.0016717910766601562,0.125,29.200000000000003
1755,0.0004942417144775391,0.125,28.400000000000002
1756,0.0020682811737060547,0.125,27.6
1757,0.0010235309600830078,0.127,26.8
1758,0.0004887580871582031,0.127,25.6
1759,0.0014700889587402344,0.127,24.8
1760,0.0026946067810058594,0.127,23.6
1761,0.0011658668518066406,0.127,22.400000000000002
1762,0.0028679370880126953,0.127,21.200000000000003
1763,0.0011453628540039062,0.127,20.400000000000002
1764,0.001196146011352539,0.127,19.200000000000003
1765,0.0006477832794189453,0.127,18.0
1766,0.0029981136322021484,0.127,16.8
1767,0.000698089599609375,0.138,16.0
1768,0.0029363632202148438,0.144,14.8
1769,0.00057220458984375,0.151,14.0
1770,0.0006272792816162109,0.151,12.8
1771,0.0011494159698486328,0.151,12.0
1772,0.0009243488311767578,0.151,11.200000000000001
1773,0.0005273818969726562,0.151,10.4
1774,0.0022890567779541016,0.151,10.0
1775,0.0005829334259033203,0.147,9.600000000000001
1776,0.0004782676696777344,0.142,9.200000000000001
1777,0.0006387233734130859,0.14,8.8
1778,0.0005140304565429688,0.14,8.8
1779,0.0009293556213378906,0.14,8.8
1780,0.0018067359924316406,0.14,8.8
1781,0.002494335174560547,0.14,8.8
1782,0.0007257461547851562,0.14,9.200000000000001
1783,0.0026552677154541016,0.14,9.600000000000001
1784,0.0006206035614013672,0.14,10.0
1785,0.0018384456634521484,0.14,10.8
1786,0.0017466545104980469,0.14,11.600000000000001
1787,0.0006563663482666016,0.14,12.4
1788,0.0023794174194335938,0.14,13.200000000000001
1789,0.0005805492401123047,0.14,14.0
1790,0.0026023387908935547,0.14,15.200000000000001
1791,0.0006136894226074219,0.14,16.400000000000002
1792,0.0013091564178466797,0.14,17.2
1793,0.0016074180603027344,0.14,18.400000000000002
1794,0.0005300045013427734,0.136,19.6
1795,0.0004911422729492188,0.134,20.8
1796,0.0005517005920410156,0.134,22.0
1797,0.0006763935089111328,0.134,23.200000000000003
1798,0.0010542869567871094,0.134,24.400000000000002
1799,0.0017476081848144531,0.134,25.6
1800,0.0009002685546875,0.134,26.8
1801,0.0008139610290527344,0.144,27.6
1802,0.0005588531494140625,0.164,28.8
1803,0.0007290840148925781,0.164,29.6
1804,0.0007100105285644531,0.164,30.400000000000002
1805,0.0010616779327392578,0.164,31.200000000000003
1806,0.0008594989776611328,0.164,32.0
1807,0.0007691383361816406,0.155,32.800000000000004
1808,0.0005555152893066406,0.136,33.6
1809,0.0006947517395019531,0.125,34.0
1810,0.00033473968505859375,0.125,34.800000000000004
1811,0.0007405281066894531,0.125,35.2
1812,0.0005776882171630859,0.125,35.6
1813,0.0023717880249023438,0.125,36.0
1814,0.0014047622680664062,0.125,36.0
1815,0.0003490447998046875,0.131,36.4
1816,0.0013492107391357422,0.134,36.4
1817,0.00048279762268066406,0.138,36.4
1818,0.0005645751953125,0.14,36.4
1819,0.0013396739959716797,0.14,36.0
1820,0.0009188652038574219,0.14,35.6
1821,0.0011208057403564453,0.14,35.2
1822,0.00048542022705078125,0.138,34.4
1823,0.0015807151794433594,0.138,34.0
1824,0.0006647109985351562,0.138,33.2
1825,0.002465486526489258,0.138,32.4
1826,0.00237274169921875,0.138,31.200000000000003
1827,0.0006008148193359375,0.144,30.400000000000002
1828,0.0006008148193359375,0.155,30.400000000000002
1829,0.0006322860717773438,0.157,29.6
1830,0.00042748451232910156,0.157,28.400000000000002
1831,0.0006291866302490234,0.157,27.200000000000003
1832,0.0007977485656738281,0.155,26.400000000000002
1833,0.00046753883361816406,0.142,25.200000000000003
1834,0.0006020069122314453,0.136,24.0
1835,0.0004563331604003906,0.134,22.8
1836,0.0004596710205078125,0.131,21.6
1837,0.0005271434783935547,0.131,20.8
1838,0.0005633831024169922,0.131,19.6
1839,0.0006642341613769531,0.131,18.8
1840,0.0005633831024169922,0.131,17.6
1841,0.00046253204345703125,0.136,16.8
1842,0.0005877017974853516,0.136,16.0
1843,0.00215911865234375,0.136,15.200000000000001
1844,0.0004811286926269531,0.136,14.4
1845,0.0025014877319335938,0.136,13.600000000000001
1846,0.0003638267517089844,0.131,12.8
1847,0.0006873607635498047,0.131,12.4
1848,0.0006246566772460938,0.129,11.600000000000001
1849,0.0005526542663574219,0.129,11.200000000000001
1850,0.001192331314086914,0.129,10.8
1851,0.001256704330444336,0.129,10.8
1852,0.0006871223449707031,0.129,10.4
1853,0.002017974853515625,0.129,10.4
1854,0.001893758773803711,0.129,10.4
1855,0.0007016658782958984,0.129,10.4
1856,0.002588987350463867,0.129,10.4
1857,0.0006058216094970703,0.129,10.8
1858,0.0012772083282470703,0.129,10.8
1859,0.0005643367767333984,0.129,11.200000000000001
1860,0.002762317657470703,0.129,11.600000000000001
1861,0.0005857944488525391,0.129,12.0
1862,0.002705812454223633,0.129,12.8
1863,0.0007126331329345703,0.131,13.200000000000001
1864,0.00044655799865722656,0.147,14.0
1865,0.0005986690521240234,0.149,14.4
1866,0.0007040500640869141,0.149,15.200000000000001
1867,0.0009036064147949219,0.149,16.0
1868,0.0012090206146240234,0.149,16.8
1869,0.00031876564025878906,0.134,17.6
1870,0.0006506443023681641,0.123,18.400000000000002
1871,0.0004956722259521484,0.116,19.200000000000003
1872,0.0006515979766845703,0.116,20.0
1873,0.00051116943359375,0.116,21.200000000000003
1874,0.0007281303405761719,0.116,22.0
1875,0.0004892349243164062,0.121,22.8
1876,0.0008485317230224609,0.134,23.6
1877,0.00045108795166015625,0.142,24.400000000000002
1878,0.00039839744567871094,0.144,25.200000000000003
1879,0.0004870891571044922,0.144,26.0
1880,0.0005068778991699219,0.144,26.8
1881,0.0005371570587158203,0.142,27.200000000000003
1882,0.0004851818084716797,0.136,27.6
1883,0.000553131103515625,0.131,28.400000000000002
1884,0.0004093647003173828,0.129,28.8
1885,0.0005517005920410156,0.129,29.200000000000003
1886,0.00057220458984375,0.129,29.6
1887,0.00037384033203125,0.134,29.6
1888,0.0005037784576416016,0.149,30.0
1889,0.0005037784576416016,0.157,30.0
1890,0.00044226646423339844,0.157,30.0
1891,0.0005936622619628906,0.157,30.0
1892,0.000720977783203125,0.155,30.0
1893,0.0005500316619873047,0.144,30.0
1894,0.0002989768981933594,0.131,29.6
1895,0.000621795654296875,0.131,29.6
1896,0.0004401206970214844,0.131,29.200000000000003
1897,0.0008134841918945312,0.131,29.200000000000003
1898,0.0005047321319580078,0.131,28.8
1899,0.0006060600280761719,0.138,28.400000000000002
1900,0.0005998611450195312,0.153,28.0
1901,0.0007390975952148438,0.155,27.6
1902,0.0005791187286376953,0.159,26.8
1903,0.0005528926849365234,0.159,26.400000000000002
1904,0.0007064342498779297,0.159,25.6
1905,0.00055694580078125,0.153,25.200000000000003
1906,0.00029754638671875,0.138,24.400000000000002
1907,0.0004603862762451172,0.134,24.0
1908,0.0005955696105957031,0.134,23.200000000000003
1909,0.0012323856353759766,0.134,22.8
1910,0.0004820823669433594,0.134,22.0
1911,0.0013630390167236328,0.134,21.6
1912,0.0004551410675048828,0.144,20.8
1913,0.000545501708984375,0.144,20.400000000000002
1914,0.0009870529174804688,0.144,19.6
1915,0.0008428096771240234,0.144,19.200000000000003
1916,0.0008139610290527344,0.144,18.8
1917,0.0015850067138671875,0.144,18.0
1918,0.0004801750183105469,0.138,17.6
1919,0.0006754398345947266,0.134,17.2
1920,0.0006930828094482422,0.134,16.8
1921,0.0005078315734863281,0.134,16.400000000000002
1922,0.0007810592651367188,0.136,16.0
1923,0.0004904270172119141,0.157,16.0
1924,0.0005750656127929688,0.168,15.600000000000001
1925,0.00047707557678222656,0.172,15.600000000000001
1926,0.0005266666412353516,0.172,15.200000000000001
1927,0.00048422813415527344,0.172,15.200000000000001
1928,0.0007042884826660156,0.159,15.200000000000001
1929,0.0007338523864746094,0.142,15.200000000000001
1930,0.0008733272552490234,0.136,15.200000000000001
1931,0.0006525516510009766,0.136,15.600000000000001
1932,0.0004782676696777344,0.136,15.600000000000001
1933,0.0008854866027832031,0.136,16.0
1934,0.002048492431640625,0.136,16.400000000000002
1935,0.0005092620849609375,0.144,16.8
1936,0.0004336833953857422,0.155,17.6
1937,0.0005660057067871094,0.162,18.0
1938,0.0005092620849609375,0.164,18.400000000000002
1939,0.0005280971527099609,0.164,19.200000000000003
1940,0.0010495185852050781,0.164,19.6
1941,0.00048065185546875,0.162,20.400000000000002
1942,0.0007436275482177734,0.155,21.200000000000003
1943,0.0005633831024169922,0.149,21.6
1944,0.0006568431854248047,0.149,22.400000000000002
1945,0.0006134510040283203,0.149,23.200000000000003
1946,0.0004410743713378906,0.153,24.0
1947,0.0007922649383544922,0.166,24.8
1948,0.0008432865142822266,0.181,25.200000000000003
1949,0.0006132125854492188,0.181,26.0
1950,0.0005638599395751953,0.181,26.8
1951,0.0004961490631103516,0.181,27.6
1952,0.0006060600280761719,0.177,28.400000000000002
1953,0.0007038116455078125,0.172,29.200000000000003
1954,0.0005095005035400391,0.172,29.6
1955,0.0005080699920654297,0.17,30.400000000000002
1956,0.0005507469177246094,0.168,31.200000000000003
1957,0.00052642822265625,0.17,32.0
1958,0.0005609989166259766,0.172,32.800000000000004
1959,0.0004482269287109375,0.172,33.6
1960,0.0005288124084472656,0.172,34.0
1961,0.00045180320739746094,0.172,34.800000000000004
1962,0.0013959407806396484,0.157,35.6
1963,0.0004391670227050781,0.151,36.0
1964,0.0005941390991210938,0.151,36.800000000000004
1965,0.0005178451538085938,0.151,37.2
1966,0.0005578994750976562,0.151,37.6
1967,0.0005619525909423828,0.153,38.0
1968,0.0008156299591064453,0.157,38.400000000000006
1969,0.00040149688720703125,0.162,38.800000000000004
1970,0.00048232078552246094,0.162,38.800000000000004
1971,0.0029485225677490234,0.159,39.2
1972,0.0011014938354492188,0.14,39.2
1973,0.0006048679351806641,0.119,38.800000000000004
1974,0.0005075931549072266,0.114,38.800000000000004
1975,0.0008032321929931641,0.114,38.800000000000004
1976,0.0007073879241943359,0.114,38.400000000000006
1977,0.0008666515350341797,0.125,38.0
1978,0.0008952617645263672,0.134,37.6
1979,0.0008952617645263672,0.136,37.6
1980,0.0005924701690673828,0.136,36.800000000000004
1981,0.0005636215209960938,0.136,36.0
1982,0.0005593299865722656,0.136,35.2
1983,0.0012614727020263672,0.136,34.4
1984,0.0007975101470947266,0.136,33.2
1985,0.002785205841064453,0.136,32.4
1986,0.001604318618774414,0.136,31.200000000000003
1987,0.0006244182586669922,0.136,29.6
1988,0.0017440319061279297,0.136,28.400000000000002
1989,0.0005941390991210938,0.138,26.8
1990,0.00045299530029296875,0.138,25.6
1991,0.0008227825164794922,0.138,24.0
1992,0.0007271766662597656,0.138,22.400000000000002
1993,0.0007140636444091797,0.134,21.200000000000003
1994,0.0003437995910644531,0.131,19.6
1995,0.0006494522094726562,0.131,18.0
1996,0.0005860328674316406,0.131,16.8
1997,0.0005390644073486328,0.131,15.200000000000001
1998,0.0005595684051513672,0.155,14.0
1999,0.0010466575622558594,0.17,12.8
2000,0.0004899501800537109,0.172,11.600000000000001
2001,0.0012209415435791016,0.172,10.4
2002,0.0005173683166503906,0.172,9.200000000000001
2003,0.0009996891021728516,0.172,8.4
2004,0.00043392181396484375,0.168,7.6000000000000005
2005,0.0005030632019042969,0.164,6.800000000000001
2006,0.0005621910095214844,0.162,6.4
2007,0.0005717277526855469,0.162,6.0
2008,0.0012664794921875,0.162,6.0
2009,0.00047969818115234375,0.162,6.0
2010,0.00130462646484375,0.162,6.0
2011,0.0005733966827392578,0.162,6.4
2012,0.0013074874877929688,0.162,7.2
2013,0.0005707740783691406,0.162,7.6000000000000005
2014,0.0006389617919921875,0.166,8.4
2015,0.0007739067077636719,0.166,9.600000000000001
2016,0.002966642379760742,0.166,10.8
2017,0.0011944770812988281,0.166,12.0
2018,0.0005853176116943359,0.157,13.200000000000001
2019,0.0002925395965576172,0.147,14.8
2020,0.0005960464477539062,0.144,16.400000000000002
2021,0.0004885196685791016,0.144,18.0
2022,0.0006783008575439453,0.142,19.6
2023,0.00028228759765625,0.153,21.200000000000003
2024,0.0006270408630371094,0.166,23.200000000000003
2025,0.0004627704620361328,0.17,24.8
2026,0.0005862712860107422,0.17,26.8
2027,0.0005617141723632812,0.17,28.400000000000002
2028,0.0007920265197753906,0.17,30.0
2029,0.0005009174346923828,0.164,31.6
2030,0.0006711483001708984,0.159,33.6
2031,0.0004341602325439453,0.157,35.2
2032,0.0006167888641357422,0.157,36.800000000000004
2033,0.0008571147918701172,0.157,38.0
2034,0.0009729862213134766,0.168,39.6
2035,0.0003063678741455078,0.181,40.800000000000004
2036,0.0005698204040527344,0.192,42.400000000000006
2037,0.0005555152893066406,0.194,43.6
2038,0.0005638599395751953,0.194,44.400000000000006
2039,0.0005431175231933594,0.194,45.6
2040,0.0004935264587402344,0.188,46.400000000000006
2041,0.0004382133483886719,0.188,47.2
2042,0.0005047321319580078,0.183,48.0
2043,0.0004489421844482422,0.183,48.400000000000006
2044,0.0005548000335693359,0.183,49.2
2045,0.0004391670227050781,0.183,49.6
2046,0.0006365776062011719,0.185,50.0
2047,0.0010182857513427734,0.196,50.400000000000006
2048,0.00031375885009765625,0.205,50.400000000000006
2049,0.0009090900421142578,0.205,50.800000000000004
2050,0.0005044937133789062,0.203,50.800000000000004
2051,0.00044989585876464844,0.185,50.800000000000004
2052,0.0005471706390380859,0.164,50.800000000000004
2053,0.0004627704620361328,0.149,50.400000000000006
2054,0.0007395744323730469,0.149,50.400000000000006
2055,0.0007791519165039062,0.149,50.0
2056,0.0004954338073730469,0.149,50.0
2057,0.0009965896606445312,0.149,49.6
2058,0.002355337142944336,0.149,48.800000000000004
2059,0.0011243820190429688,0.159,48.400000000000006
2060,0.00041675567626953125,0.164,47.6
2061,0.0010273456573486328,0.164,46.800000000000004
2062,0.0006659030914306641,0.164,46.0
2063,0.0010704994201660156,0.164,44.800000000000004
2064,0.0006284713745117188,0.155,43.6
2065,0.0002677440643310547,0.147,42.0
2066,0.0002429485321044922,0.144,40.800000000000004
2067,0.0006728172302246094,0.144,39.2
2068,0.0009627342224121094,0.144,38.0
2069,0.0005793571472167969,0.144,36.4
2070,0.0004417896270751953,0.149,34.4
2071,0.00022459030151367188,0.155,32.800000000000004
2072,0.0005049705505371094,0.155,31.200000000000003
2073,0.0005688667297363281,0.155,29.200000000000003
2074,0.0006341934204101562,0.155,27.6
2075,0.0007302761077880859,0.155,25.6
2076,0.00031280517578125,0.153,24.0
2077,0.0006012916564941406,0.153,22.0
2078,0.0011653900146484375,0.153,20.0
2079,0.0005786418914794922,0.155,18.400000000000002
2080,0.000392913818359375,0.162,16.8
2081,0.0006096363067626953,0.164,15.200000000000001
2082,0.0005450248718261719,0.164,13.600000000000001
2083,0.0004985332489013672,0.164,12.0
2084,0.00041961669921875,0.155,10.8
2085,0.0006089210510253906,0.144,9.600000000000001
2086,0.0001614093780517578,0.138,8.4
2087,0.0004532337188720703,0.138,7.6000000000000005
2088,0.0006368160247802734,0.138,6.800000000000001
2089,0.0007097721099853516,0.14,6.0
2090,0.0005609989166259766,0.147,5.6000000000000005
2091,0.0004565715789794922,0.153,5.2
2092,0.0004851818084716797,0.155,5.2
2093,0.00046563148498535156,0.155,5.2
2094,0.0005793571472167969,0.155,5.2
2095,0.0010464191436767578,0.153,5.6000000000000005
2096,0.0004940032958984375,0.153,5.6000000000000005
2097,0.000843048095703125,0.153,6.800000000000001
2098,0.0030205249786376953,0.153,7.6000000000000005
2099,0.00045228004455566406,0.159,8.4
2100,0.00045037269592285156,0.159,9.600000000000001
2101,0.0009558200836181641,0.159,10.8
2102,0.0007541179656982422,0.159,12.0
2103,0.0005857944488525391,0.159,13.200000000000001
2104,0.002333402633666992,0.159,14.8
2105,0.0006613731384277344,0.159,16.400000000000002
2106,0.002910614013671875,0.159,17.6
2107,0.0005753040313720703,0.159,19.200000000000003
2108,0.002763032913208008,0.159,21.200000000000003
2109,0.0006411075592041016,0.159,22.8
2110,0.002441883087158203,0.159,24.400000000000002
2111,0.0006539821624755859,0.155,26.400000000000002
2112,0.0006983280181884766,0.138,28.0
2113,0.0002918243408203125,0.123,29.6
2114,0.0006227493286132812,0.119,31.200000000000003
2115,0.0007188320159912109,0.119,33.2
2116,0.0005939006805419922,0.119,34.800000000000004
2117,0.0015053749084472656,0.123,36.0
2118,0.0007650852203369141,0.142,37.6
2119,0.0006616115570068359,0.151,38.800000000000004
2120,0.0005366802215576172,0.151,40.0
2121,0.0010967254638671875,0.151,41.2
2122,0.0007014274597167969,0.151,42.0
2123,0.0013682842254638672,0.151,42.400000000000006
2124,0.0027265548706054688,0.151,43.2
2125,0.0006401538848876953,0.151,43.6
2126,0.0015888214111328125,0.151,44.0
2127,0.0025665760040283203,0.151,44.0
2128,0.0007624626159667969,0.151,44.0
2129,0.0019021034240722656,0.151,44.0
2130,0.0026857852935791016,0.151,43.6
2131,0.0012326240539550781,0.151,43.2
2132,0.0007302761077880859,0.151,42.800000000000004
2133,0.0015816688537597656,0.151,42.400000000000006
2134,0.0015816688537597656,0.147,42.400000000000006
2135,0.0006468296051025391,0.147,41.6
2136,0.00048661231994628906,0.147,40.800000000000004
2137,0.001664876937866211,0.147,40.0
2138,0.0004999637603759766,0.157,38.800000000000004
2139,0.0004000663757324219,0.17,38.0
2140,0.0009737014770507812,0.179,36.800000000000004
2141,0.0005502700805664062,0.183,35.6
2142,0.00047326087951660156,0.183,34.4
2143,0.0005962848663330078,0.183,32.800000000000004
2144,0.0004401206970214844,0.183,31.6
2145,0.001943349838256836,0.183,30.0
2146,0.00061798095703125,0.183,28.8
2147,0.00043082237243652344,0.179,27.6
2148,0.0004885196685791016,0.172,26.0
2149,0.0011730194091796875,0.172,24.8
2150,0.00048661231994628906,0.172,23.6
2151,0.0007874965667724609,0.172,22.8
2152,0.0006968975067138672,0.172,21.6
2153,0.0005590915679931641,0.172,20.8
2154,0.0006003379821777344,0.177,20.0
2155,0.0007369518280029297,0.177,19.200000000000003
2156,0.00047397613525390625,0.177,18.400000000000002
2157,0.001413583755493164,0.177,17.6
2158,0.0006916522979736328,0.168,17.2
2159,0.0005838871002197266,0.162,16.8
2160,0.0004608631134033203,0.155,16.8
2161,0.0005400180816650391,0.155,16.400000000000002
2162,0.0005409717559814453,0.155,16.400000000000002
2163,0.0006592273712158203,0.155,16.400000000000002
2164,0.0005681514739990234,0.157,16.8
2165,0.0005080699920654297,0.166,16.8
2166,0.0004527568817138672,0.17,17.2
2167,0.0005807876586914062,0.17,17.6
2168,0.0005464553833007812,0.17,18.0
2169,0.0006115436553955078,0.153,18.400000000000002
2170,0.00047779083251953125,0.14,19.200000000000003
2171,0.00054931640625,0.14,19.6
2172,0.0005445480346679688,0.14,20.400000000000002
2173,0.00047898292541503906,0.144,21.200000000000003
2174,0.0008294582366943359,0.157,22.0
2175,0.0006945133209228516,0.164,22.8
2176,0.00048470497131347656,0.168,23.6
2177,0.0006189346313476562,0.17,24.400000000000002
2178,0.0005440711975097656,0.17,25.200000000000003
2179,0.0006146430969238281,0.17,26.0
2180,0.00039768218994140625,0.168,26.400000000000002
2181,0.0007431507110595703,0.162,27.200000000000003
2182,0.00046062469482421875,0.159,28.0
2183,0.0009875297546386719,0.159,28.8
2184,0.0007038116455078125,0.159,29.6
2185,0.0005452632904052734,0.159,30.400000000000002
2186,0.0006957054138183594,0.159,31.200000000000003
2187,0.0005249977111816406,0.175,32.0
2188,0.00042819976806640625,0.179,32.800000000000004
2189,0.0006887912750244141,0.179,33.6
2190,0.0005979537963867188,0.179,34.0
2191,0.0007369518280029297,0.172,34.800000000000004
2192,0.0004744529724121094,0.151,35.2
2193,0.0005705356597900391,0.136,35.6
2194,0.0006458759307861328,0.134,36.4
2195,0.0005619525909423828,0.134,36.800000000000004
2196,0.0004696846008300781,0.134,37.2
2197,0.00026726722717285156,0.147,37.6
2198,0.0001239776611328125,0.162,37.6
2199,0.0004630088806152344,0.168,38.0
2200,0.0005645751953125,0.168,38.0
2201,0.0005435943603515625,0.168,38.0
2202,0.0012178421020507812,0.168,38.0
2203,0.0005385875701904297,0.168,37.6
2204,0.0012829303741455078,0.166,37.6
2205,0.0005228519439697266,0.164,37.2
2206,0.0005183219909667969,0.162,36.800000000000004
2207,0.0006101131439208984,0.162,36.4
2208,0.0004596710205078125,0.162,35.6
2209,0.0007050037384033203,0.162,35.2
2210,0.0004563331604003906,0.164,34.800000000000004
2211,0.0008521080017089844,0.164,34.0
2212,0.0004546642303466797,0.159,33.2
2213,0.0002911090850830078,0.14,32.800000000000004
2214,0.0005829334259033203,0.129,32.0
2215,0.0005757808685302734,0.125,31.200000000000003
2216,0.0005567073822021484,0.125,30.400000000000002
2217,0.0005919933319091797,0.129,29.6
2218,0.00045943260192871094,0.155,28.8
2219,0.0008051395416259766,0.17,28.0
2220,0.0004336833953857422,0.179,27.200000000000003
2221,0.0005648136138916016,0.179,26.400000000000002
2222,0.0006244182586669922,0.179,25.6
2223,0.0014920234680175781,0.179,24.400000000000002
2224,0.0006315708160400391,0.172,23.6
2225,0.0005130767822265625,0.164,22.400000000000002
2226,0.000469207763671875,0.153,21.6
2227,0.0006024837493896484,0.144,20.8
2228,0.0005669593811035156,0.142,20.0
2229,0.0007376670837402344,0.142,19.200000000000003
2230,0.000667572021484375,0.142,18.8
2231,0.0006239414215087891,0.142,18.400000000000002
2232,0.0003752708435058594,0.149,17.6
2233,0.0004088878631591797,0.157,17.2
2234,0.0007033348083496094,0.157,16.8
2235,0.0005598068237304688,0.157,16.400000000000002
2236,0.0005838871002197266,0.157,16.400000000000002
2237,0.0005974769592285156,0.149,16.0
2238,0.0007050037384033203,0.14,16.0
2239,0.0004534721374511719,0.138,15.600000000000001
2240,0.0005452632904052734,0.138,15.600000000000001
2241,0.00061798095703125,0.138,15.600000000000001
2242,0.0006177425384521484,0.138,16.0
2243,0.0025687217712402344,0.138,16.0
2244,0.00024437904357910156,0.159,16.400000000000002
2245,0.000484466552734375,0.168,16.400000000000002
2246,0.0005528926849365234,0.17,16.8
2247,0.0005381107330322266,0.17,17.2
2248,0.0005953311920166016,0.168,17.6
2249,0.0004916191101074219,0.147,18.0
2250,0.0003228187561035156,0.125,18.400000000000002
2251,0.00061798095703125,0.114,18.8
2252,0.0005769729614257812,0.114,19.6
2253,0.0008819103240966797,0.114,20.0
2254,0.0004725456237792969,0.114,20.8
2255,0.0011019706726074219,0.121,21.6
2256,0.0004787445068359375,0.138,22.0
2257,0.0005645751953125,0.149,22.8
2258,0.0005362033843994141,0.151,23.200000000000003
2259,0.0006330013275146484,0.151,24.0
2260,0.00119781494140625,0.151,24.400000000000002
2261,0.0004429817199707031,0.136,24.8
2262,0.0006482601165771484,0.119,25.6
2263,0.0007913112640380859,0.114,26.0
2264,0.0006682872772216797,0.114,26.400000000000002
2265,0.0009469985961914062,0.114,26.8
2266,0.0005338191986083984,0.121,27.200000000000003
2267,0.00055694580078125,0.142,27.200000000000003
2268,0.0005519390106201172,0.179,27.6
2269,0.0004801750183105469,0.198,27.6
2270,0.0005862712860107422,0.2,28.0
2271,0.0006165504455566406,0.2,28.0
2272,0.0007715225219726562,0.198,28.0
2273,0.0007715225219726562,0.17,28.0
2274,0.0015120506286621094,0.153,27.6
2275,0.0006043910980224609,0.151,27.6
2276,0.0012543201446533203,0.151,27.6
2277,0.00042700767517089844,0.151,27.6
2278,0.0006060600280761719,0.17,27.6
2279,0.0006394386291503906,0.194,27.6
2280,0.0006439685821533203,0.205,28.0
2281,0.0005166530609130859,0.207,28.0
2282,0.000560760498046875,0.207,28.0
2283,0.0005707740783691406,0.205,28.0
2284,0.0005733966827392578,0.188,28.400000000000002
2285,0.0006871223449707031,0.166,28.400000000000002
2286,0.0007424354553222656,0.162,28.8
2287,0.0006594657897949219,0.162,29.200000000000003
2288,0.000797271728515625,0.164,29.6
2289,0.000598907470703125,0.175,30.0
2290,0.0005328655242919922,0.194,30.400000000000002
2291,0.0006208419799804688,0.205,30.8
2292,0.0006051063537597656,0.207,31.200000000000003
2293,0.0006031990051269531,0.207,31.6
2294,0.0007348060607910156,0.198,32.4
2295,0.0003876686096191406,0.166,32.800000000000004
2296,0.0005955696105957031,0.155,33.2
2297,0.0005590915679931641,0.153,33.6
2298,0.0005514621734619141,0.151,34.4
2299,0.0004038810729980469,0.159,34.800000000000004
2300,0.0008003711700439453,0.179,35.6
2301,0.0002503395080566406,0.194,36.0
2302,0.00046896934509277344,0.194,36.4
2303,0.0006220340728759766,0.194,37.2
2304,0.0005311965942382812,0.19,37.6
2305,0.0004782676696777344,0.162,38.0
2306,0.0007269382476806641,0.131,38.0
2307,0.000637054443359375,0.127,38.400000000000006
2308,0.0006835460662841797,0.127,38.800000000000004
2309,0.0006034374237060547,0.127,39.2
2310,0.000598907470703125,0.151,39.2
2311,0.0005350112915039062,0.179,39.6
2312,0.0005099773406982422,0.185,39.6
2313,0.00044274330139160156,0.185,39.6
2314,0.0005230903625488281,0.183,39.2
2315,0.0008931159973144531,0.177,39.2
2316,0.00028777122497558594,0.142,38.800000000000004
2317,0.0005605220794677734,0.119,38.400000000000006
2318,0.0005853176116943359,0.11,38.0
2319,0.0005917549133300781,0.11,37.2
2320,0.0005893707275390625,0.11,36.800000000000004
2321,0.0004642009735107422,0.14,36.0
2322,0.0006780624389648438,0.164,35.6
2323,0.0005867481231689453,0.172,34.800000000000004
2324,0.0006008148193359375,0.172,34.0
2325,0.0010569095611572266,0.172,32.800000000000004
2326,0.0005521774291992188,0.172,32.0
2327,0.00048422813415527344,0.168,30.8
2328,0.0008006095886230469,0.153,29.6
2329,0.0006184577941894531,0.151,28.400000000000002
2330,0.0005555152893066406,0.151,27.200000000000003
2331,0.0006132125854492188,0.151,26.0
2332,0.0014452934265136719,0.151,24.8
2333,0.0004584789276123047,0.162,23.6
2334,0.0006868839263916016,0.177,22.8
2335,0.0005779266357421875,0.177,21.6
2336,0.0005729198455810547,0.177,20.8
2337,0.00044918060302734375,0.177,19.6
2338,0.0008983612060546875,0.168,18.8
2339,0.0004773139953613281,0.155,18.0
2340,0.0004470348358154297,0.151,17.2
2341,0.0006167888641357422,0.151,16.400000000000002
2342,0.0005381107330322266,0.151,16.0
2343,0.0005962848663330078,0.155,15.600000000000001
2344,0.0006530284881591797,0.164,15.200000000000001
2345,0.0007996559143066406,0.181,15.200000000000001
2346,0.0006568431854248047,0.185,14.8
2347,0.0005550384521484375,0.185,14.8
2348,0.0005557537078857422,0.185,14.8
2349,0.0006830692291259766,0.181,15.200000000000001
2350,0.0004718303680419922,0.162,15.200000000000001
2351,0.0005698204040527344,0.151,15.600000000000001
2352,0.0006124973297119141,0.151,16.400000000000002
2353,0.0005841255187988281,0.151,16.8
2354,0.0004911422729492188,0.151,17.6
2355,0.0006394386291503906,0.157,18.400000000000002
2356,0.0007214546203613281,0.172,19.200000000000003
2357,0.000530242919921875,0.179,20.0
2358,0.0005857944488525391,0.181,21.200000000000003
2359,0.0007410049438476562,0.183,22.0
2360,0.00036597251892089844,0.175,23.200000000000003
2361,0.0004820823669433594,0.159,24.400000000000002
2362,0.0002567768096923828,0.155,25.6
2363,0.0006372928619384766,0.149,26.8
2364,0.00041675567626953125,0.149,27.6
2365,0.0011508464813232422,0.151,29.200000000000003
2366,0.00033402442932128906,0.155,30.400000000000002
2367,0.0004687309265136719,0.159,31.6
2368,0.0007536411285400391,0.159,32.4
2369,0.0003170967102050781,0.159,33.6
2370,0.0006048679351806641,0.159,34.800000000000004
2371,0.0004444122314453125,0.147,36.0
2372,0.0006487369537353516,0.138,36.800000000000004
2373,0.0005631446838378906,0.138,37.6
2374,0.0006084442138671875,0.138,38.400000000000006
2375,0.00043582916259765625,0.138,39.2
2376,0.001477956771850586,0.138,39.6
2377,0.000408172607421875,0.142,40.400000000000006
2378,0.0010685920715332031,0.142,40.800000000000004
2379,0.0005459785461425781,0.142,41.2
2380,0.0007660388946533203,0.142,41.2
2381,0.0007147789001464844,0.142,41.2
2382,0.0016949176788330078,0.142,41.2
2383,0.0006451606750488281,0.142,40.800000000000004
2384,0.0017125606536865234,0.142,40.800000000000004
2385,0.0017323493957519531,0.142,40.400000000000006
2386,0.0007600784301757812,0.147,39.6
2387,0.000522613525390625,0.147,39.2
2388,0.0008592605590820312,0.147,38.400000000000006
2389,0.0013492107391357422,0.149,37.2
2390,0.0003077983856201172,0.131,36.4
2391,0.0006039142608642578,0.119,35.2
2392,0.0005726814270019531,0.119,34.4
2393,0.0005671977996826172,0.119,33.2
2394,0.0007281303405761719,0.119,32.0
2395,0.0008685588836669922,0.129,30.400000000000002
2396,0.00020956993103027344,0.159,29.200000000000003
2397,0.00042319297790527344,0.166,27.6
2398,0.0003654956817626953,0.168,26.400000000000002
2399,0.0008411407470703125,0.168,24.8
2400,0.00047516822814941406,0.168,23.200000000000003
2401,0.0004458427429199219,0.155,21.6
2402,0.0005931854248046875,0.14,20.0
2403,0.0006096363067626953,0.14,18.8
2404,0.0009827613830566406,0.14,17.2
2405,0.0011982917785644531,0.138,16.0
2406,0.00035858154296875,0.142,14.8
2407,0.0005812644958496094,0.164,13.600000000000001
2408,0.0006022453308105469,0.166,12.4
2409,0.0006668567657470703,0.166,11.600000000000001
2410,0.00044655799865722656,0.164,10.8
2411,0.0002617835998535156,0.159,10.0
2412,0.0006167888641357422,0.155,9.200000000000001
2413,0.0005469322204589844,0.155,8.8
2414,0.0005834102630615234,0.155,8.4
2415,0.0009036064147949219,0.155,8.4
2416,0.0005860328674316406,0.157,8.0
2417,0.0005774497985839844,0.159,8.4
2418,0.0006082057952880859,0.159,8.4
2419,0.0006089210510253906,0.159,8.8
2420,0.0003075599670410156,0.149,9.200000000000001
2421,0.0009245872497558594,0.134,10.0
2422,0.0009245872497558594,0.127,10.0
2423,0.0006554126739501953,0.127,10.8
2424,0.0008676052093505859,0.134,11.600000000000001
2425,0.0008428096771240234,0.153,12.4
2426,0.0002713203430175781,0.168,13.600000000000001
2427,0.00047206878662109375,0.172,14.8
2428,0.0005838871002197266,0.172,16.0
2429,0.001687765121459961,0.172,17.2
2430,0.0011115074157714844,0.175,18.400000000000002
2431,0.0005295276641845703,0.175,19.6
2432,0.0010919570922851562,0.175,21.200000000000003
2433,0.0005881786346435547,0.175,22.400000000000002
2434,0.00038361549377441406,0.172,23.6
2435,0.0006237030029296875,0.149,24.8
2436,0.0001556873321533203,0.131,26.0
2437,0.0005626678466796875,0.125,27.200000000000003
2438,0.0005867481231689453,0.125,28.400000000000002
2439,0.0008454322814941406,0.125,29.6
2440,0.0004677772521972656,0.125,31.200000000000003
2441,0.000986337661743164,0.125,32.4
2442,0.0004432201385498047,0.138,33.2
2443,0.00042366981506347656,0.149,34.4
2444,0.0004756450653076172,0.153,35.2
2445,0.0006082057952880859,0.153,36.4
2446,0.0010561943054199219,0.153,36.800000000000004
2447,0.0005519390106201172,0.144,37.6
2448,0.0006437301635742188,0.129,38.0
2449,0.0006167888641357422,0.125,38.400000000000006
2450,0.0006387233734130859,0.125,38.800000000000004
2451,0.0005691051483154297,0.125,38.800000000000004
2452,0.0005805492401123047,0.125,39.2
2453,0.0010344982147216797,0.129,39.2
2454,0.00040221214294433594,0.14,38.800000000000004
2455,0.0002338886260986328,0.14,38.800000000000004
2456,0.0006618499755859375,0.14,38.400000000000006
2457,0.0005671977996826172,0.14,38.0
2458,0.002272367477416992,0.136,37.2
2459,0.0002548694610595703,0.114,36.800000000000004
2460,0.0006127357482910156,0.108,36.0
2461,0.0005772113800048828,0.108,34.800000000000004
2462,0.0005936622619628906,0.108,34.0
2463,0.00036263465881347656,0.119,32.800000000000004
2464,0.0005955696105957031,0.131,31.6
2465,0.0005555152893066406,0.142,30.400000000000002
2466,0.0005042552947998047,0.142,29.200000000000003
2467,0.00048613548278808594,0.142,27.6
2468,0.0005495548248291016,0.142,26.400000000000002
2469,0.0004334449768066406,0.136,24.8
2470,0.0005125999450683594,0.129,23.200000000000003
2471,0.0005528926849365234,0.129,21.6
2472,0.0006842613220214844,0.129,20.0
2473,0.0003368854522705078,0.144,18.8
2474,0.0006797313690185547,0.17,17.2
2475,0.0006685256958007812,0.194,15.600000000000001
2476,0.0007748603820800781,0.198,14.4
2477,0.0007700920104980469,0.198,12.8
2478,0.0006330013275146484,0.179,11.600000000000001
2479,0.0005369186401367188,0.144,10.4
2480,0.0004916191101074219,0.131,9.600000000000001
2481,0.0006339550018310547,0.131,8.4
2482,0.0005500316619873047,0.131,8.0
2483,0.0005588531494140625,0.131,7.6000000000000005
2484,0.0009222030639648438,0.136,7.2
2485,0.0007750988006591797,0.151,6.800000000000001
2486,0.0005393028259277344,0.157,6.800000000000001
2487,0.0006103515625,0.159,7.2
2488,0.0005655288696289062,0.159,7.2
2489,0.0005402565002441406,0.159,7.6000000000000005
2490,0.0004911422729492188,0.155,8.0
2491,0.0007550716400146484,0.149,8.8
2492,0.000354766845703125,0.144,9.200000000000001
2493,0.0005822181701660156,0.144,10.0
2494,0.0007402896881103516,0.144,11.200000000000001
2495,0.0006089210510253906,0.153,12.0
2496,0.0004870891571044922,0.162,13.200000000000001
2497,0.0006015300750732422,0.17,14.4
2498,0.0005476474761962891,0.17,15.600000000000001
2499,0.0007588863372802734,0.17,17.2
2500,0.0004820823669433594,0.17,18.400000000000002
2501,0.0007491111755371094,0.162,20.0
2502,0.0007109642028808594,0.138,21.6
2503,0.0004076957702636719,0.121,23.200000000000003
2504,0.0006721019744873047,0.121,24.8
2505,0.000579833984375,0.121,26.400000000000002
2506,0.0009112358093261719,0.121,28.0
2507,0.00045228004455566406,0.129,29.6
2508,0.00037217140197753906,0.14,31.200000000000003
2509,0.00058746337890625,0.155,32.800000000000004
2510,0.0005354881286621094,0.159,34.0
2511,0.00047707557678222656,0.159,35.2
2512,0.0010418891906738281,0.159,36.4
2513,0.0004990100860595703,0.159,37.6
2514,0.0005624294281005859,0.157,38.400000000000006
2515,0.0006420612335205078,0.131,39.2
2516,0.0005738735198974609,0.121,40.0
2517,0.0007567405700683594,0.121,40.800000000000004
2518,0.0007462501525878906,0.121,41.2
2519,0.0006134510040283203,0.121,42.0
2520,0.00023698806762695312,0.131,42.400000000000006
2521,0.0006570816040039062,0.14,42.400000000000006
2522,0.0005595684051513672,0.142,42.400000000000006
2523,0.0007071495056152344,0.14,42.400000000000006
2524,0.0005726814270019531,0.136,42.0
2525,0.0008053779602050781,0.123,42.0
2526,0.0003085136413574219,0.112,41.2
2527,0.0006587505340576172,0.108,40.800000000000004
2528,0.0008358955383300781,0.108,40.0
2529,0.001458883285522461,0.11,38.800000000000004
2530,0.0008573532104492188,0.144,38.0
2531,0.0004355907440185547,0.172,36.800000000000004
2532,0.0002548694610595703,0.183,35.6
2533,0.0004737377166748047,0.185,34.0
2534,0.0007703304290771484,0.179,32.800000000000004
2535,0.0004889965057373047,0.164,31.200000000000003
2536,0.0010132789611816406,0.153,29.6
2537,0.0004875659942626953,0.147,27.6
2538,0.0005681514739990234,0.147,26.0
2539,0.0005633831024169922,0.147,24.400000000000002
2540,0.0005297660827636719,0.147,22.8
2541,0.0008730888366699219,0.147,21.6
2542,0.0006814002990722656,0.147,20.0
2543,0.0003986358642578125,0.144,18.400000000000002
2544,0.0005249977111816406,0.144,17.2
2545,0.0011970996856689453,0.144,16.0
2546,0.0022377967834472656,0.136,14.8
2547,0.0004892349243164062,0.114,13.600000000000001
2548,0.0006797313690185547,0.112,12.4
2549,0.00046825408935546875,0.112,11.600000000000001
2550,0.0005512237548828125,0.112,10.8
2551,0.0003712177276611328,0.127,10.0
2552,0.0005354881286621094,0.149,9.200000000000001
2553,0.0003635883331298828,0.159,8.8
2554,0.00034236907958984375,0.159,8.4
2555,0.0008533000946044922,0.159,8.0
2556,0.0007195472717285156,0.155,7.6000000000000005
2557,0.0006422996520996094,0.147,7.2
2558,0.0011603832244873047,0.14,7.2
2559,0.0006113052368164062,0.14,7.2
2560,0.00070953369140625,0.14,7.2
2561,0.0005202293395996094,0.14,7.6000000000000005
2562,0.001096487045288086,0.14,8.0
2563,0.0007841587066650391,0.153,8.8
2564,0.0006706714630126953,0.159,9.200000000000001
2565,0.0007369518280029297,0.159,10.0
2566,0.0006129741668701172,0.159,10.8
2567,0.0003960132598876953,0.151,11.600000000000001
2568,0.0006868839263916016,0.127,12.8
2569,0.0006868839263916016,0.106,12.8
2570,0.0003154277801513672,0.103,14.0
2571,0.0006403923034667969,0.103,15.200000000000001
2572,0.0006275177001953125,0.112,16.400000000000002
2573,0.0008618831634521484,0.136,17.6
2574,0.0005261898040771484,0.155,19.200000000000003
2575,0.0004589557647705078,0.164,20.400000000000002
2576,0.0005643367767333984,0.164,22.0
2577,0.0007205009460449219,0.164,23.200000000000003
2578,0.0004520416259765625,0.151,24.400000000000002
2579,0.0006411075592041016,0.136,25.6
2580,0.0005805492401123047,0.134,26.8
2581,0.00048279762268066406,0.134,28.0
2582,0.001104593276977539,0.134,29.200000000000003
2583,0.0004985332489013672,0.134,30.0
2584,0.0008625984191894531,0.134,31.200000000000003
2585,0.0008440017700195312,0.14,32.0
2586,0.000453948974609375,0.142,32.800000000000004
2587,0.00067901611328125,0.142,33.6
2588,0.00047206878662109375,0.142,34.0
2589,0.000518798828125,0.138,34.4
2590,0.000568389892578125,0.138,34.800000000000004
2591,0.00046896934509277344,0.138,35.2
2592,0.0005776882171630859,0.138,35.6
2593,0.0005486011505126953,0.147,35.6
2594,0.0005941390991210938,0.155,35.6
2595,0.00044727325439453125,0.157,35.6
2596,0.0005574226379394531,0.157,35.6
2597,0.0005371570587158203,0.157,35.2
2598,0.0005095005035400391,0.157,35.2
2599,0.00040149688720703125,0.153,34.800000000000004
2600,0.0006299018859863281,0.149,34.4
2601,0.00019598007202148438,0.149,34.0
2602,0.00025200843811035156,0.149,33.2
2603,0.00014853477478027344,0.157,32.800000000000004
2604,0.00017905235290527344,0.159,32.0
2605,0.0002696514129638672,0.159,31.6
2606,0.0007936954498291016,0.159,30.8
2607,0.00034928321838378906,0.144,30.0
2608,0.00034236907958984375,0.144,29.200000000000003
2609,0.0007181167602539062,0.144,28.400000000000002
2610,0.0005438327789306641,0.144,27.6
2611,0.0005550384521484375,0.162,27.200000000000003
2612,0.0005087852478027344,0.185,26.400000000000002
2613,0.00048351287841796875,0.188,25.6
2614,0.0005877017974853516,0.188,24.8
2615,0.0007164478302001953,0.188,24.0
2616,0.00045871734619140625,0.177,23.200000000000003
2617,0.0006854534149169922,0.162,22.400000000000002
2618,0.0005886554718017578,0.142,22.0
2619,0.0005609989166259766,0.14,21.200000000000003
2620,0.0005860328674316406,0.14,20.8
2621,0.0006346702575683594,0.14,20.400000000000002
2622,0.0005173683166503906,0.149,20.0
2623,0.0005981922149658203,0.155,20.0
2624,0.0005908012390136719,0.155,19.6
2625,0.0006992816925048828,0.155,19.6
2626,0.0010151863098144531,0.155,19.6
2627,0.0009849071502685547,0.153,19.6
2628,0.0004527568817138672,0.149,19.200000000000003
2629,0.0005664825439453125,0.149,19.6
2630,0.0006387233734130859,0.149,19.6
2631,0.001238107681274414,0.149,19.6
2632,0.0009310245513916016,0.149,19.6
2633,0.0005066394805908203,0.153,20.0
2634,0.0004968643188476562,0.157,20.400000000000002
2635,0.0003170967102050781,0.157,20.400000000000002
2636,0.0004677772521972656,0.157,20.8
2637,0.0009632110595703125,0.157,21.200000000000003
2638,0.0005075931549072266,0.155,21.6
2639,0.0003199577331542969,0.144,22.0
2640,0.0006108283996582031,0.131,22.400000000000002
2641,0.0009229183197021484,0.129,22.8
2642,0.0005447864532470703,0.127,23.200000000000003
2643,0.00047898292541503906,0.127,23.6
2644,0.001096487045288086,0.129,24.400000000000002
2645,0.0005366802215576172,0.147,24.8
2646,0.0005354881286621094,0.166,25.200000000000003
2647,0.0004932880401611328,0.177,25.6
2648,0.00044345855712890625,0.179,26.0
2649,0.0005857944488525391,0.179,26.400000000000002
2650,0.0005748271942138672,0.179,26.8
2651,0.0007951259613037109,0.172,27.200000000000003
2652,0.000522613525390625,0.166,27.6
2653,0.0006203651428222656,0.162,27.6
2654,0.0006458759307861328,0.162,28.0
2655,0.0005629062652587891,0.162,28.400000000000002
2656,0.0010023117065429688,0.162,28.8
2657,0.00046372413635253906,0.164,29.200000000000003
2658,0.0007877349853515625,0.166,29.6
2659,0.0010411739349365234,0.166,30.0
2660,0.0005879402160644531,0.166,30.400000000000002
2661,0.0011761188507080078,0.162,30.8
2662,0.0004992485046386719,0.151,30.8
2663,0.0004627704620361328,0.144,31.200000000000003
2664,0.0006456375122070312,0.144,31.6
2665,0.0008871555328369141,0.147,32.0
2666,0.0003571510314941406,0.166,32.4
2667,0.0006415843963623047,0.188,32.4
2668,0.0004923343658447266,0.19,32.800000000000004
2669,0.0005631446838378906,0.19,32.800000000000004
2670,0.0004315376281738281,0.19,32.800000000000004
2671,0.0007052421569824219,0.185,32.800000000000004
2672,0.0007522106170654297,0.159,33.2
2673,0.000522613525390625,0.138,33.2
2674,0.0004558563232421875,0.138,33.2
2675,0.0005326271057128906,0.14,33.2
2676,0.0005056858062744141,0.164,33.2
2677,0.0007350444793701172,0.196,33.2
2678,0.00031185150146484375,0.209,33.2
2679,0.0006015300750732422,0.209,33.2
2680,0.0005438327789306641,0.209,32.800000000000004
2681,0.0004570484161376953,0.209,32.800000000000004
2682,0.0011267662048339844,0.209,32.800000000000004
2683,0.0006620883941650391,0.209,32.4
2684,0.0012438297271728516,0.207,32.4
2685,0.0004878044128417969,0.2,32.4
2686,0.00060272216796875,0.2,32.0
2687,0.0005326271057128906,0.2,32.4
2688,0.0012311935424804688,0.2,32.4
2689,0.0006892681121826172,0.2,32.4
2690,0.0012972354888916016,0.2,32.800000000000004
2691,0.0004634857177734375,0.222,32.800000000000004
2692,0.0003788471221923828,0.222,33.2
2693,0.00028395652770996094,0.222,33.6
2694,0.0008840560913085938,0.222,34.0
2695,0.0005161762237548828,0.209,34.4
2696,0.0005013942718505859,0.198,34.800000000000004
2697,0.0005943775177001953,0.198,35.6
2698,0.0005667209625244141,0.198,36.0
2699,0.0007064342498779297,0.198,36.800000000000004
2700,0.0004918575286865234,0.198,37.6
2701,0.0019741058349609375,0.198,38.400000000000006
2702,0.0005667209625244141,0.198,39.2
2703,0.002828836441040039,0.198,40.0
2704,0.000782012939453125,0.198,40.800000000000004
2705,0.0007503032684326172,0.185,41.6
2706,0.0005726814270019531,0.157,42.400000000000006
2707,0.0007028579711914062,0.129,43.2
2708,0.0007970333099365234,0.127,44.0
2709,0.0005006790161132812,0.127,44.800000000000004
2710,0.0008866786956787109,0.136,45.2
2711,0.0005738735198974609,0.144,46.0
2712,0.0005977153778076172,0.159,46.400000000000006
2713,0.0008778572082519531,0.164,46.800000000000004
2714,0.0005335807800292969,0.164,47.2
2715,0.001062631607055664,0.164,47.2
2716,0.0004913806915283203,0.164,47.2
2717,0.0012056827545166016,0.164,46.800000000000004
2718,0.0006182193756103516,0.164,46.400000000000006
2719,0.0024678707122802734,0.164,46.0
2720,0.000896453857421875,0.164,45.6
2721,0.000896453857421875,0.159,45.6
2722,0.0002970695495605469,0.159,44.800000000000004
2723,0.0011641979217529297,0.159,44.0
2724,0.000522613525390625,0.162,43.2
2725,0.0006308555603027344,0.166,42.0
2726,0.0005817413330078125,0.168,40.800000000000004
2727,0.0005052089691162109,0.168,40.0
2728,0.0008282661437988281,0.166,38.400000000000006
2729,0.00024056434631347656,0.155,37.2
2730,0.0003199577331542969,0.151,36.0
2731,0.0006785392761230469,0.151,34.4
2732,0.000850677490234375,0.151,33.2
2733,0.0010142326354980469,0.151,31.6
2734,0.0005521774291992188,0.151,30.0
2735,0.0023605823516845703,0.151,28.8
2736,0.0008444786071777344,0.151,27.200000000000003
2737,0.0024118423461914062,0.151,25.6
2738,0.001623392105102539,0.151,24.400000000000002
2739,0.001491546630859375,0.149,22.8
2740,0.0006096363067626953,0.138,21.200000000000003
2741,0.0006110668182373047,0.131,20.0
2742,0.0005626678466796875,0.129,18.400000000000002
2743,0.0006282329559326172,0.129,17.2
2744,0.0004980564117431641,0.129,16.0
2745,0.0006163120269775391,0.129,14.8
2746,0.0006403923034667969,0.14,13.600000000000001
2747,0.0004200935363769531,0.162,12.4
2748,0.00045990943908691406,0.172,11.600000000000001
2749,0.0006010532379150391,0.175,10.4
2750,0.0005812644958496094,0.175,9.600000000000001
2751,0.0005757808685302734,0.172,8.8
2752,0.0012123584747314453,0.155,8.0
2753,0.0004856586456298828,0.129,7.6000000000000005
2754,0.00040650367736816406,0.123,7.2
2755,0.0004849433898925781,0.121,6.800000000000001
2756,0.0012552738189697266,0.121,6.800000000000001
2757,0.0005140304565429688,0.121,6.800000000000001
2758,0.0004467964172363281,0.127,7.2
2759,0.00041031837463378906,0.134,7.6000000000000005
2760,0.0005152225494384766,0.134,8.0
2761,0.0004916191101074219,0.134,8.4
2762,0.0008254051208496094,0.131,8.8
2763,0.0005176067352294922,0.114,9.600000000000001
2764,0.0004703998565673828,0.108,10.4
2765,0.0004773139953613281,0.106,11.200000000000001
2766,0.0005333423614501953,0.106,12.0
2767,0.00048422813415527344,0.106,12.8
2768,0.0008738040924072266,0.127,14.0
2769,0.00054931640625,0.134,14.8
2770,0.0005445480346679688,0.134,15.600000000000001
2771,0.0011339187622070312,0.134,16.8
2772,0.0005843639373779297,0.134,17.6
2773,0.0012614727020263672,0.134,18.8
2774,0.001798868179321289,0.134,19.6
2775,0.0006387233734130859,0.134,20.400000000000002
2776,0.0005075931549072266,0.136,21.200000000000003
2777,0.0005297660827636719,0.147,22.400000000000002
2778,0.0008413791656494141,0.147,23.200000000000003
2779,0.0005300045013427734,0.142,24.0
2780,0.0007889270782470703,0.116,24.8
2781,0.000667572021484375,0.097,25.6
2782,0.0005962848663330078,0.095,26.400000000000002
2783,0.0005517005920410156,0.095,27.200000000000003
2784,0.0007944107055664062,0.103,27.6
2785,0.0006039142608642578,0.142,28.400000000000002
2786,0.0006465911865234375,0.162,28.8
2787,0.0011909008026123047,0.162,29.200000000000003
2788,0.0005626678466796875,0.164,29.6
2789,0.0005588531494140625,0.164,30.0
2790,0.0006093978881835938,0.157,30.0
2791,0.0005021095275878906,0.153,30.0
2792,0.0010182857513427734,0.153,30.0
2793,0.0009248256683349609,0.153,30.0
2794,0.0013113021850585938,0.153,30.0
2795,0.00036787986755371094,0.164,30.0
2796,0.0005517005920410156,0.166,30.0
2797,0.0009853839874267578,0.166,29.6
2798,0.0005197525024414062,0.166,29.6
2799,0.0011098384857177734,0.166,29.6
2800,0.0005724430084228516,0.157,29.200000000000003
2801,0.0003235340118408203,0.153,29.200000000000003
2802,0.0009324550628662109,0.153,28.8
2803,0.0005064010620117188,0.153,28.8
2804,0.004328489303588867,0.157,28.400000000000002
2805,0.0004799365997314453,0.162,28.400000000000002
2806,0.0004298686981201172,0.162,28.0
2807,0.0016634464263916016,0.157,28.0
2808,0.0007901191711425781,0.142,27.6
2809,0.0003523826599121094,0.123,27.6
2810,0.0005788803100585938,0.123,27.200000000000003
2811,0.0005650520324707031,0.123,27.200000000000003
2812,0.0005700588226318359,0.127,26.8
2813,0.0008864402770996094,0.155,26.8
2814,0.00045371055603027344,0.166,26.400000000000002
2815,0.0005393028259277344,0.166,26.0
2816,0.0005736351013183594,0.166,26.0
2817,0.00048542022705078125,0.166,25.6
2818,0.0012183189392089844,0.166,25.200000000000003
2819,0.0004596710205078125,0.166,24.8
2820,0.001379251480102539,0.166,24.400000000000002
2821,0.0006165504455566406,0.166,24.0
2822,0.0015559196472167969,0.166,23.6
2823,0.0005955696105957031,0.166,23.200000000000003
2824,0.0004763603210449219,0.157,23.200000000000003
2825,0.00026988983154296875,0.138,22.8
2826,0.0005819797515869141,0.127,22.8
2827,0.0004782676696777344,0.127,22.400000000000002
2828,0.0011584758758544922,0.127,22.400000000000002
2829,0.0004744529724121094,0.127,22.400000000000002
2830,0.0004181861877441406,0.131,22.400000000000002
2831,0.0005095005035400391,0.138,22.400000000000002
2832,0.0004649162292480469,0.14,22.400000000000002
2833,0.000743865966796875,0.14,22.400000000000002
2834,0.0006778240203857422,0.14,22.400000000000002
2835,0.0003783702850341797,0.144,22.400000000000002
2836,0.0007476806640625,0.144,22.400000000000002
2837,0.0007033348083496094,0.144,22.400000000000002
2838,0.0007672309875488281,0.144,22.0
2839,0.0012433528900146484,0.144,22.0
2840,0.0003819465637207031,0.14,22.0
2841,0.0004887580871582031,0.131,22.0
2842,0.0005979537963867188,0.131,22.0
2843,0.0009953975677490234,0.131,22.0
2844,0.0008921623229980469,0.131,22.0
2845,0.0006737709045410156,0.14,22.0
2846,0.0016465187072753906,0.142,22.0
2847,0.0008091926574707031,0.153,22.0
2848,0.00036787986755371094,0.153,22.0
2849,0.0010006427764892578,0.153,22.0
2850,0.0005497932434082031,0.151,22.0
2851,0.0005114078521728516,0.144,22.0
2852,0.0004012584686279297,0.144,22.0
2853,0.0006666183471679688,0.144,22.0
2854,0.000698089599609375,0.144,22.0
2855,0.0004711151123046875,0.144,22.0
2856,0.0005586147308349609,0.151,22.0
2857,0.0006070137023925781,0.153,22.0
2858,0.0005991458892822266,0.153,22.0
2859,0.0006892681121826172,0.153,22.400000000000002
2860,0.0008580684661865234,0.153,22.400000000000002
2861,0.00028514862060546875,0.144,22.400000000000002
2862,0.0006241798400878906,0.14,22.8
2863,0.0006241798400878906,0.14,22.8
2864,0.0006496906280517578,0.14,22.8
2865,0.002002716064453125,0.14,23.200000000000003
2866,0.0018739700317382812,0.144,23.200000000000003
2867,0.00030231475830078125,0.164,23.6
2868,0.0007028579711914062,0.175,23.6
2869,0.00046253204345703125,0.179,24.0
2870,0.0005633831024169922,0.179,24.0
2871,0.0006380081176757812,0.179,24.400000000000002
2872,0.0015010833740234375,0.172,24.400000000000002
2873,0.0007169246673583984,0.164,24.8
2874,0.0004010200500488281,0.157,24.8
2875,0.000530242919921875,0.157,25.200000000000003
2876,0.0006716251373291016,0.157,25.6
2877,0.0006594657897949219,0.157,25.6
2878,0.0010013580322265625,0.157,26.0
2879,0.0008051395416259766,0.185,26.400000000000002
2880,0.0009629726409912109,0.205,26.8
2881,0.0005862712860107422,0.207,27.200000000000003
2882,0.0005445480346679688,0.207,27.6
2883,0.0005931854248046875,0.207,28.0
2884,0.0006198883056640625,0.194,28.400000000000002
2885,0.0004978179931640625,0.166,28.8
2886,0.0006253719329833984,0.151,29.6
2887,0.0005586147308349609,0.149,30.0
2888,0.0005495548248291016,0.149,30.400000000000002
2889,0.0003387928009033203,0.151,31.200000000000003
2890,0.0005397796630859375,0.157,32.0
2891,0.0004582405090332031,0.162,32.800000000000004
2892,0.0005614757537841797,0.162,33.2
2893,0.0007028579711914062,0.162,34.0
2894,0.0005505084991455078,0.162,34.4
2895,0.0005567073822021484,0.162,35.2
2896,0.0005371570587158203,0.155,35.6
2897,0.00035858154296875,0.149,36.0
2898,0.0006558895111083984,0.149,36.4
2899,0.0006120204925537109,0.149,36.800000000000004
2900,0.0024983882904052734,0.149,36.800000000000004
2901,0.00036716461181640625,0.164,37.2
2902,0.0007214546203613281,0.196,37.2
2903,0.00047516822814941406,0.207,37.2
2904,0.0006029605865478516,0.207,37.2
2905,0.000499725341796875,0.207,37.2
2906,0.0012924671173095703,0.207,37.2
2907,0.0008616447448730469,0.198,36.800000000000004
2908,0.0004467964172363281,0.183,36.800000000000004
2909,0.0007131099700927734,0.183,36.4
2910,0.0005726814270019531,0.183,36.4
2911,0.0005953311920166016,0.183,36.0
2912,0.0004639625549316406,0.188,36.0
2913,0.0005593299865722656,0.194,36.0
2914,0.000904083251953125,0.194,35.6
2915,0.0005815029144287109,0.194,35.6
2916,0.0009763240814208984,0.194,35.6
2917,0.0006413459777832031,0.192,35.6
2918,0.0004889965057373047,0.175,35.6
2919,0.0006229877471923828,0.157,35.6
2920,0.0009303092956542969,0.157,35.2
2921,0.0006709098815917969,0.157,35.2
2922,0.0005021095275878906,0.159,35.2
2923,0.0003726482391357422,0.194,35.6
2924,0.0002415180206298828,0.218,35.6
2925,0.000762939453125,0.22,35.2
2926,0.0005710124969482422,0.22,35.2
2927,0.000606536865234375,0.22,35.2
2928,0.0005810260772705078,0.216,35.2
2929,0.0004744529724121094,0.205,34.800000000000004
2930,0.0005755424499511719,0.194,34.800000000000004
2931,0.0004639625549316406,0.192,34.800000000000004
2932,0.0005981922149658203,0.192,34.800000000000004
2933,0.0024170875549316406,0.192,34.800000000000004
2934,0.0012538433074951172,0.194,35.2
2935,0.0002570152282714844,0.198,35.2
2936,0.0009140968322753906,0.198,35.6
2937,0.0006823539733886719,0.19,35.6
2938,0.0005853176116943359,0.181,36.0
2939,0.0004642009735107422,0.179,36.4
2940,0.0005609989166259766,0.179,36.800000000000004
2941,0.001196146011352539,0.179,37.2
2942,0.0005881786346435547,0.181,37.2
2943,0.0011675357818603516,0.181,37.6
2944,0.0005002021789550781,0.181,38.0
2945,0.0007956027984619141,0.181,38.400000000000006
2946,0.0019347667694091797,0.181,38.800000000000004
2947,0.002501964569091797,0.181,38.800000000000004
2948,0.0019011497497558594,0.181,39.2
2949,0.0015025138854980469,0.181,39.2
2950,0.0006430149078369141,0.181,39.6
2951,0.0016400814056396484,0.181,39.6
2952,0.0010879039764404297,0.181,39.6
2953,0.0004470348358154297,0.181,40.0
2954,0.0005221366882324219,0.177,40.0
2955,0.0006237030029296875,0.168,40.0
2956,0.00048279762268066406,0.149,40.0
2957,0.0006506443023681641,0.144,40.0
2958,0.0005676746368408203,0.144,39.6
2959,0.0005090236663818359,0.144,39.6
2960,0.00027441978454589844,0.155,39.6
2961,0.0006153583526611328,0.172,39.2
2962,0.0005593299865722656,0.175,38.800000000000004
2963,0.0005605220794677734,0.177,38.800000000000004
2964,0.0005600452423095703,0.177,38.0
2965,0.0005605220794677734,0.177,37.6
2966,0.0005087852478027344,0.177,37.2
2967,0.0003936290740966797,0.157,36.4
2968,0.0005838871002197266,0.127,35.6
2969,0.0003063678741455078,0.108,34.800000000000004
2970,0.00023174285888671875,0.106,34.4
2971,0.0006425380706787109,0.106,33.6
2972,0.0006394386291503906,0.106,32.800000000000004
2973,0.0007052421569824219,0.11,32.0
2974,0.0006983280181884766,0.134,31.200000000000003
2975,0.0007421970367431641,0.144,30.400000000000002
2976,0.0006172657012939453,0.147,29.200000000000003
2977,0.0005939006805419922,0.147,28.400000000000002
2978,0.0006749629974365234,0.147,27.200000000000003
2979,0.0005335807800292969,0.147,26.0
2980,0.0012974739074707031,0.147,24.8
2981,0.00047659873962402344,0.149,23.6
2982,0.0007748603820800781,0.149,22.400000000000002
2983,0.0007185935974121094,0.149,20.8
2984,0.002674579620361328,0.149,19.6
2985,0.002268075942993164,0.149,18.8
2986,0.0004508495330810547,0.151,17.6
2987,0.0011394023895263672,0.157,16.400000000000002
2988,0.0005538463592529297,0.168,15.600000000000001
2989,0.00024175643920898438,0.177,14.8
2990,0.0006618499755859375,0.179,14.0
2991,0.0008139610290527344,0.179,13.200000000000001
2992,0.000476837158203125,0.177,12.8
2993,0.0003521442413330078,0.166,12.0
2994,0.0004913806915283203,0.153,11.600000000000001
2995,0.0004322528839111328,0.147,11.600000000000001
2996,0.0006654262542724609,0.147,11.600000000000001
2997,0.0006983280181884766,0.147,11.600000000000001
2998,0.0005214214324951172,0.149,12.0
2999,0.0009150505065917969,0.17,12.4
3000,0.0003528594970703125,0.181,12.8
3001,0.0006361007690429688,0.181,13.600000000000001
3002,0.00045680999755859375,0.181,14.4
3003,0.00115966796875,0.181,15.200000000000001
3004,0.0005004405975341797,0.181,16.0
3005,0.0018100738525390625,0.181,16.8
3006,0.0015447139739990234,0.181,18.0
3007,0.0007054805755615234,0.181,19.200000000000003
3008,0.0016779899597167969,0.181,20.400000000000002
3009,0.002729177474975586,0.181,22.0
3010,0.0006527900695800781,0.181,23.6
3011,0.0013399124145507812,0.181,24.8
3012,0.0005915164947509766,0.181,26.400000000000002
3013,0.0012416839599609375,0.181,28.400000000000002
3014,0.0005710124969482422,0.181,30.0
3015,0.0014050006866455078,0.179,31.6
3016,0.00045990943908691406,0.155,33.6
3017,0.00045990943908691406,0.149,33.6
3018,0.0005443096160888672,0.149,35.2
3019,0.0005404949188232422,0.149,37.2
3020,0.0005514621734619141,0.149,38.800000000000004
3021,0.0007474422454833984,0.149,40.400000000000006
3022,0.0005574226379394531,0.157,42.0
3023,0.0005462169647216797,0.177,43.6
3024,0.0007100105285644531,0.181,45.2
3025,0.0005869865417480469,0.181,46.400000000000006
3026,0.0005190372467041016,0.181,47.6
3027,0.0004436969757080078,0.181,48.800000000000004
3028,0.004893302917480469,0.181,50.0
3029,0.00034117698669433594,0.164,50.800000000000004
3030,0.0006206035614013672,0.159,51.6
3031,0.0006079673767089844,0.159,52.0
3032,0.0006055831909179688,0.159,52.400000000000006
3033,0.00047516822814941406,0.159,52.800000000000004
3034,0.0019330978393554688,0.159,53.2
3035,0.000759124755859375,0.159,53.6
3036,0.0018558502197265625,0.159,53.6
3037,0.0005750656127929688,0.159,53.2
3038,0.0012791156768798828,0.159,53.2
3039,0.0004477500915527344,0.159,52.800000000000004
3040,0.0008790493011474609,0.157,52.0
3041,0.0007042884826660156,0.14,51.6
3042,0.0006248950958251953,0.127,50.800000000000004
3043,0.0004911422729492188,0.127,49.6
3044,0.0007424354553222656,0.129,48.800000000000004
3045,0.0004546642303466797,0.142,47.6
3046,0.0006687641143798828,0.159,46.400000000000006
3047,0.0004470348358154297,0.17,44.800000000000004
3048,0.0004324913024902344,0.172,43.2
3049,0.0005972385406494141,0.172,41.6
3050,0.0004410743713378906,0.172,39.6
3051,0.0009179115295410156,0.172,38.0
3052,0.0005075931549072266,0.172,36.0
3053,0.0010290145874023438,0.172,34.0
3054,0.00030922889709472656,0.166,32.0
3055,0.0004723072052001953,0.157,30.0
3056,0.0005440711975097656,0.157,28.0
3057,0.0005733966827392578,0.157,26.0
3058,0.0005166530609130859,0.157,24.400000000000002
3059,0.0012054443359375,0.157,22.400000000000002
3060,0.0004811286926269531,0.159,20.8
3061,0.0002980232238769531,0.172,19.200000000000003
3062,0.0005948543548583984,0.177,17.6
3063,0.0006108283996582031,0.177,16.0
3064,0.0005505084991455078,0.177,14.8
3065,0.0005614757537841797,0.177,13.600000000000001
3066,0.0004634857177734375,0.166,12.8
3067,0.0006465911865234375,0.155,11.600000000000001
3068,0.0005803108215332031,0.155,11.200000000000001
3069,0.00046753883361816406,0.155,10.4
3070,0.0008606910705566406,0.155,10.0
3071,0.0013408660888671875,0.155,10.0
3072,0.00026416778564453125,0.179,10.0
3073,0.0006451606750488281,0.192,10.0
3074,0.00048470497131347656,0.192,10.4
3075,0.0005967617034912109,0.194,10.8
3076,0.0020194053649902344,0.194,11.200000000000001
3077,0.0003070831298828125,0.179,12.0
3078,0.0006787776947021484,0.155,12.8
3079,0.0006122589111328125,0.151,14.0
3080,0.0006279945373535156,0.151,15.200000000000001
3081,0.0005972385406494141,0.151,16.400000000000002
3082,0.0005259513854980469,0.157,18.0
3083,0.00043201446533203125,0.181,19.6
3084,0.0006473064422607422,0.196,21.200000000000003
3085,0.0005335807800292969,0.2,22.8
3086,0.0005669593811035156,0.2,24.8
3087,0.0005741119384765625,0.2,26.400000000000002
3088,0.0005812644958496094,0.198,28.400000000000002
3089,0.0009827613830566406,0.19,30.0
3090,0.0004892349243164062,0.179,32.0
3091,0.0004658699035644531,0.177,34.0
3092,0.0005509853363037109,0.177,35.6
3093,0.0005860328674316406,0.177,37.6
3094,0.0030982494354248047,0.177,39.6
3095,0.001867532730102539,0.177,41.6
3096,0.001186370849609375,0.177,43.6
3097,0.0014324188232421875,0.177,45.2
3098,0.0005116462707519531,0.175,47.2
3099,0.0007543563842773438,0.153,48.800000000000004
3100,0.0003790855407714844,0.129,50.400000000000006
3101,0.0006537437438964844,0.123,51.6
3102,0.0005013942718505859,0.123,53.2
3103,0.0006322860717773438,0.123,54.400000000000006
3104,0.0010759830474853516,0.136,55.6
3105,0.00041174888610839844,0.183,56.400000000000006
3106,0.0002803802490234375,0.205,57.2
3107,0.0006542205810546875,0.207,57.6
3108,0.0005877017974853516,0.207,58.0
3109,0.0005970001220703125,0.196,58.0
3110,0.0004985332489013672,0.157,58.0
3111,0.00042510032653808594,0.106,58.0
3112,0.000644683837890625,0.056,57.6
3113,0.0005946159362792969,0.05,57.2
3114,0.0006628036499023438,0.05,56.400000000000006
3115,0.0005817413330078125,0.052,55.6
3116,0.0005025863647460938,0.06,54.800000000000004
3117,0.0005228519439697266,0.08,53.6
3118,0.0006082057952880859,0.091,52.400000000000006
3119,0.0005590915679931641,0.093,50.800000000000004
3120,0.00044226646423339844,0.097,48.800000000000004
3121,0.0005295276641845703,0.097,46.800000000000004
3122,0.0005755424499511719,0.097,44.400000000000006
3123,0.0004494190216064453,0.097,41.6
3124,0.0022704601287841797,0.097,38.800000000000004
3125,0.0006244182586669922,0.097,36.0
3126,0.0013422966003417969,0.097,32.4
3127,0.0006580352783203125,0.097,29.200000000000003
3128,0.0007750988006591797,0.097,25.6
3129,0.0006761550903320312,0.097,21.6
3130,0.0015888214111328125,0.097,17.6
3131,0.0006225109100341797,0.097,13.600000000000001
3132,0.0018177032470703125,0.097,9.600000000000001
3133,0.0006473064422607422,0.097,5.6000000000000005
3134,0.001348733901977539,0.097,1.2000000000000002
3135,0.0006310939788818359,0.097,-2.8000000000000003
3136,0.0012691020965576172,0.097,-6.800000000000001
3137,0.0005712509155273438,0.097,-11.200000000000001
3138,0.0013875961303710938,0.097,-15.200000000000001
3139,0.0005774497985839844,0.097,-18.8
3140,0.0007684230804443359,0.084,-22.8
3141,0.0008206367492675781,0.071,-26.0
3142,0.0004794597625732422,0.045,-29.6
3143,0.0005292892456054688,0.024,-32.4
3144,0.0006422996520996094,0.017,-35.2
3145,0.00037670135498046875,0.013,-38.0
3146,0.0004477500915527344,0.009,-40.0
3147,0.00045108795166015625,0.004,-42.0
3148,0.0006082057952880859,0.0,-43.6
3149,0.0006477832794189453,0.0,-45.2
3150,0.0007827281951904297,0.0,-46.0
3151,0.0007922649383544922,0.0,-46.800000000000004
3152,0.0005662441253662109,0.0,-46.800000000000004
3153,0.0004608631134033203,0.0,-46.800000000000004
3154,0.0003437995910644531,0.0,-46.400000000000006
3155,0.0006010532379150391,0.0,-45.6
3156,0.0006949901580810547,0.0,-44.800000000000004
3157,0.0005879402160644531,0.0,-43.2
3158,0.00044465065002441406,0.0,-41.6
3159,0.0008738040924072266,0.0,-37.2
3160,0.002256155014038086,0.0,-34.4
3161,0.0008645057678222656,0.0,-31.6
3162,0.0025568008422851562,0.0,-28.8
3163,0.0013887882232666016,0.0,-25.200000000000003
3164,0.0029854774475097656,0.0,-22.0
3165,0.0009319782257080078,0.0,-18.400000000000002
3166,0.0013778209686279297,0.0,-14.4
3167,0.002451181411743164,0.0,-10.4
3168,0.0006482601165771484,0.0,-6.4
3169,0.0009400844573974609,0.0,-2.4000000000000004
3170,0.0007793903350830078,0.0,1.6
3171,0.0007793903350830078,0.0,1.6
3172,0.0006132125854492188,0.0,5.6000000000000005
3173,0.0005199909210205078,0.0,9.200000000000001
3174,0.0012125968933105469,0.0,13.200000000000001
3175,0.0005290508270263672,0.0,16.8
3176,0.0018229484558105469,0.0,20.400000000000002
3177,0.000720977783203125,0.0,24.0
3178,0.0011279582977294922,0.0,27.200000000000003
3179,0.0006468296051025391,0.0,30.0
3180,0.0018415451049804688,0.0,32.800000000000004
3181,0.0007321834564208984,0.0,35.6
3182,0.0013239383697509766,0.0,37.6
3183,0.0007107257843017578,0.0,39.6
3184,0.001333475112915039,0.0,41.2
3185,0.0006501674652099609,0.0,42.800000000000004
3186,0.0013740062713623047,0.0,43.6
3187,0.0007646083831787109,0.0,44.400000000000006
3188,0.0016300678253173828,0.0,44.800000000000004
3189,0.0005846023559570312,0.0,44.800000000000004
3190,0.002337217330932617,0.0,44.400000000000006
3191,0.0006225109100341797,0.0,44.0
3192,0.0017848014831542969,0.0,42.800000000000004
3193,0.0008471012115478516,0.0,41.6
3194,0.0006809234619140625,0.0,40.0
3195,0.0005445480346679688,0.0,38.0
3196,0.0007431507110595703,0.0,36.0
3197,0.0005218982696533203,0.0,33.6
3198,0.0010037422180175781,0.0,30.8
3199,0.0007033348083496094,0.0,28.0
3200,0.0005383491516113281,0.0,24.8
3201,0.0016357898712158203,0.0,21.6
3202,0.0007081031799316406,0.0,18.0
3203,0.0025947093963623047,0.0,14.4
3204,0.002420663833618164,0.0,10.8
3205,0.0007181167602539062,0.0,6.800000000000001
3206,0.0024919509887695312,0.0,3.2
3207,0.0006527900695800781,0.0,-0.8
3208,0.002261638641357422,0.0,-4.800000000000001
3209,0.0006000995635986328,0.0,-8.4
3210,0.0026085376739501953,0.0,-12.4
3211,0.0005838871002197266,0.0,-16.0
3212,0.001322031021118164,0.0,-19.200000000000003
3213,0.0025413036346435547,0.0,-22.8
3214,0.0005769729614257812,0.0,-26.0
3215,0.002501249313354492,0.0,-28.8
3216,0.0005908012390136719,0.0,-31.6
3217,0.002328157424926758,0.0,-34.0
3218,0.0005784034729003906,0.0,-36.4
3219,0.0016074180603027344,0.0,-38.400000000000006
3220,0.0005567073822021484,0.0,-40.0
3221,0.0012598037719726562,0.0,-41.2
3222,0.0005598068237304688,0.0,-42.400000000000006
3223,0.0012714862823486328,0.0,-43.2
3224,0.0005366802215576172,0.0,-43.6
3225,0.0025806427001953125,0.0,-43.6
3226,0.0005450248718261719,0.0,-43.2
3227,0.0012850761413574219,0.0,-42.800000000000004
3228,0.0005950927734375,0.0,-42.0
3229,0.0013670921325683594,0.0,-40.800000000000004
3230,0.0005953311920166016,0.0,-39.2
3231,0.001313924789428711,0.0,-37.6
3232,0.0006015300750732422,0.0,-35.6
3233,0.001371145248413086,0.0,-33.2
3234,0.0005545616149902344,0.0,-30.8
3235,0.0013082027435302734,0.0,-28.0
3236,0.001842498779296875,0.0,-24.8
3237,0.0005776882171630859,0.0,-21.6
3238,0.0012769699096679688,0.0,-18.400000000000002
3239,0.0006194114685058594,0.0,-14.8
3240,0.002605438232421875,0.0,-11.200000000000001
3241,0.0006096363067626953,0.0,-7.6000000000000005
3242,0.0020563602447509766,0.0,-4.0
3243,0.0005998611450195312,0.0,0.0
3244,0.0013027191162109375,0.0,3.6
3245,0.0005619525909423828,0.0,7.2
3246,0.002648591995239258,0.0,10.8
3247,0.0016109943389892578,0.0,14.4
3248,0.0005784034729003906,0.0,18.0
3249,0.0015645027160644531,0.0,21.200000000000003
3250,0.0006124973297119141,0.0,24.0
3251,0.0012860298156738281,0.0,27.200000000000003
3252,0.0021004676818847656,0.0,29.6
3253,0.0023708343505859375,0.0,32.0
3254,0.0016901493072509766,0.0,34.4
3255,0.002552509307861328,0.0,36.4
3256,0.0005710124969482422,0.0,38.0
3257,0.0012946128845214844,0.0,39.2
3258,0.0005612373352050781,0.0,40.400000000000006
3259,0.0012700557708740234,0.0,41.2
3260,0.0005834102630615234,0.0,41.6
3261,0.002305269241333008,0.0,41.6
3262,0.0012421607971191406,0.0,41.6
3263,0.0005984306335449219,0.0,40.800000000000004
3264,0.001245260238647461,0.0,40.400000000000006
3265,0.0020704269409179688,0.0,39.2
3266,0.002315521240234375,0.0,37.6
3267,0.0005702972412109375,0.0,36.0
3268,0.002240419387817383,0.0,34.0
3269,0.00054168701171875,0.0,32.0
3270,0.0022809505462646484,0.0,29.6
3271,0.0005867481231689453,0.0,26.8
3272,0.0022373199462890625,0.0,24.0
3273,0.0012233257293701172,0.0,20.8
3274,0.0005993843078613281,0.0,17.6
3275,0.0016787052154541016,0.0,14.4
3276,0.0006110668182373047,0.0,10.8
3277,0.0012559890747070312,0.0,7.2
3278,0.001260995864868164,0.0,3.6
3279,0.0004940032958984375,0.0,0.0
3280,0.0015044212341308594,0.0,-3.6
3281,0.0014667510986328125,0.0,-6.800000000000001
3282,0.0006089210510253906,0.0,-10.4
3283,0.0014221668243408203,0.0,-14.0
3284,0.00159454345703125,0.0,-17.2
3285,0.0006017684936523438,0.0,-20.400000000000002
3286,0.002256155014038086,0.0,-23.200000000000003
3287,0.0005924701690673828,0.0,-26.0
3288,0.0012960433959960938,0.0,-28.8
3289,0.0024144649505615234,0.0,-31.200000000000003
3290,0.0005550384521484375,0.0,-33.2
3291,0.0016698837280273438,0.0,-35.2
3292,0.0005877017974853516,0.0,-36.800000000000004
3293,0.001260995864868164,0.0,-38.0
3294,0.0005846023559570312,0.0,-39.2
3295,0.002730846405029297,0.0,-40.0
3296,0.0005774497985839844,0.0,-40.400000000000006
3297,0.00130462646484375,0.0,-40.400000000000006
3298,0.0024433135986328125,0.0,-40.400000000000006
3299,0.002379894256591797,0.0,-39.6
3300,0.0011734962463378906,0.0,-39.2
3301,0.0011296272277832031,0.0,-38.0
3302,0.0005819797515869141,0.0,-36.800000000000004
3303,0.0025675296783447266,0.0,-35.2
3304,0.0006124973297119141,0.0,-33.2
3305,0.002713918685913086,0.0,-31.200000000000003
3306,0.0005810260772705078,0.0,-28.8
3307,0.0012927055358886719,0.0,-26.0
3308,0.0011363029479980469,0.0,-23.200000000000003
3309,0.0027077198028564453,0.0,-20.400000000000002
3310,0.001451730728149414,0.0,-17.2
3311,0.0011210441589355469,0.0,-14.0
3312,0.0006873607635498047,0.0,-10.8
3313,0.0012960433959960938,0.0,-7.2
3314,0.0018727779388427734,0.0,-4.0
3315,0.001641988754272461,0.0,-0.4
3316,0.0012047290802001953,0.0,3.2
3317,0.0020368099212646484,0.0,6.4
3318,0.0007638931274414062,0.0,10.0
3319,0.0013179779052734375,0.0,13.200000000000001
3320,0.0006105899810791016,0.0,16.400000000000002
3321,0.0012392997741699219,0.0,19.6
3322,0.0012280941009521484,0.0,22.400000000000002
3323,0.0007574558258056641,0.0,25.200000000000003
3324,0.001644134521484375,0.0,27.6
3325,0.001417398452758789,0.0,29.6
3326,0.0006167888641357422,0.0,32.0
3327,0.0020759105682373047,0.0,33.6
3328,0.0020759105682373047,0.0,33.6
3329,0.0012416839599609375,0.0,35.2
3330,0.00209808349609375,0.0,36.4
3331,0.0016601085662841797,0.0,37.6
3332,0.0005786418914794922,0.0,38.0
3333,0.001661062240600586,0.0,38.400000000000006
3334,0.0006315708160400391,0.0,38.800000000000004
3335,0.0028138160705566406,0.0,38.400000000000006
3336,0.0005924701690673828,0.0,38.0
3337,0.0013401508331298828,0.0,37.2
3338,0.0005834102630615234,0.0,36.4
3339,0.0012662410736083984,0.0,34.800000000000004
3340,0.0018417835235595703,0.0,33.2
3341,0.00157928466796875,0.0,31.6
3342,0.0010919570922851562,0.0,29.6
3343,0.0004949569702148438,0.0,27.200000000000003
3344,0.001992940902709961,0.0,24.8
3345,0.0006492137908935547,0.0,22.0
3346,0.0013387203216552734,0.0,19.200000000000003
3347,0.0006048679351806641,0.0,16.0
3348,0.0013823509216308594,0.0,13.200000000000001
3349,0.0012195110321044922,0.0,10.0
3350,0.0025548934936523438,0.0,6.4
3351,0.001971721649169922,0.0,3.2
3352,0.0021028518676757812,0.0,0.0
3353,0.00115966796875,0.0,-3.6
3354,0.0019526481628417969,0.0,-6.800000000000001
3355,0.0015385150909423828,0.0,-10.0
3356,0.0006527900695800781,0.0,-13.200000000000001
3357,0.0012073516845703125,0.0,-16.400000000000002
3358,0.0006058216094970703,0.0,-19.200000000000003
3359,0.0015115737915039062,0.0,-22.0
3360,0.0011248588562011719,0.0,-24.400000000000002
3361,0.0006051063537597656,0.0,-26.8
3362,0.0016944408416748047,0.0,-29.200000000000003
3363,0.0005993843078613281,0.0,-31.200000000000003
3364,0.002121448516845703,0.0,-32.800000000000004
3365,0.0005888938903808594,0.0,-34.4
3366,0.002022981643676758,0.0,-35.6
3367,0.0015685558319091797,0.0,-36.4
3368,0.0011959075927734375,0.0,-37.2
3369,0.0005862712860107422,0.0,-37.2
3370,0.0012407302856445312,0.0,-37.6
3371,0.0005967617034912109,0.0,-37.2
3372,0.0020248889923095703,0.0,-36.800000000000004
3373,0.0008268356323242188,0.0,-36.0
3374,0.0015010833740234375,0.0,-34.800000000000004
3375,0.001531839370727539,0.0,-33.6
3376,0.0018603801727294922,0.0,-32.0
3377,0.0011374950408935547,0.0,-30.400000000000002
3378,0.0019502639770507812,0.0,-28.400000000000002
3379,0.0017714500427246094,0.0,-26.0
3380,0.001851797103881836,0.0,-23.6
3381,0.00186920166015625,0.0,-20.8
3382,0.0020384788513183594,0.0,-18.0
3383,0.0018258094787597656,0.0,-15.200000000000001
3384,0.001744985580444336,0.0,-12.4
3385,0.001539468765258789,0.0,-9.200000000000001
3386,0.0006346702575683594,0.0,-6.0
3387,0.0012183189392089844,0.0,-2.8000000000000003
3388,0.0006470680236816406,0.0,0.4
3389,0.0012655258178710938,0.0,4.0
3390,0.0005791187286376953,0.0,6.800000000000001
3391,0.0013191699981689453,0.0,10.0
3392,0.0017650127410888672,0.0,13.200000000000001
3393,0.001939535140991211,0.0,16.0
3394,0.0005505084991455078,0.0,18.8
3395,0.001950979232788086,0.0,21.6
3396,0.0005791187286376953,0.0,24.0
3397,0.0014808177947998047,0.0,26.400000000000002
3398,0.0005919933319091797,0.0,28.400000000000002
3399,0.0019137859344482422,0.0,30.0
3400,0.0005939006805419922,0.0,31.6
3401,0.001268148422241211,0.0,33.2
3402,0.0019326210021972656,0.0,34.0
3403,0.00110626220703125,0.0,34.800000000000004
3404,0.0010938644409179688,0.0,35.6
3405,0.0011484622955322266,0.0,36.0
3406,0.0005781650543212891,0.0,36.0
3407,0.0014896392822265625,0.0,35.6
3408,0.0011432170867919922,0.0,35.2
3409,0.000614166259765625,0.0,34.4
3410,0.001268148422241211,0.0,33.2
3411,0.0019867420196533203,0.0,32.0
3412,0.0008020401000976562,0.0,30.400000000000002
3413,0.002042055130004883,0.0,28.400000000000002
3414,0.001367807388305664,0.0,26.400000000000002
3415,0.0007872581481933594,0.0,24.400000000000002
3416,0.001795053482055664,0.0,22.0
3417,0.0018694400787353516,0.0,19.200000000000003
3418,0.0014202594757080078,0.0,16.8
3419,0.0012583732604980469,0.0,14.0
3420,0.001901388168334961,0.0,10.8
3421,0.0006639957427978516,0.0,8.0
3422,0.0024526119232177734,0.0,4.800000000000001
3423,0.0017552375793457031,0.0,1.6
3424,0.0018024444580078125,0.0,-1.6
3425,0.0006916522979736328,0.0,-4.800000000000001
3426,0.0016505718231201172,0.0,-7.6000000000000005
3427,0.0006508827209472656,0.0,-10.8
3428,0.0016713142395019531,0.0,-13.600000000000001
3429,0.0006229877471923828,0.0,-16.400000000000002
3430,0.0026595592498779297,0.0,-19.200000000000003
3431,0.0017216205596923828,0.0,-21.6
3432,0.0019390583038330078,0.0,-24.0
3433,0.001752614974975586,0.0,-26.0
3434,0.0018963813781738281,0.0,-28.0
3435,0.0005271434783935547,0.0,-29.6
3436,0.0007827281951904297,0.0,-31.200000000000003
3437,0.0014986991882324219,0.0,-32.4
3438,0.0011336803436279297,0.0,-33.6
3439,0.0011088848114013672,0.0,-34.0
3440,0.0006999969482421875,0.0,-34.4
3441,0.0012247562408447266,0.0,-34.800000000000004
3442,0.0011818408966064453,0.0,-34.800000000000004
3443,0.0020186901092529297,0.0,-34.4
3444,0.0014734268188476562,0.0,-34.0
3445,0.0011754035949707031,0.0,-32.800000000000004
3446,0.0019876956939697266,0.0,-32.0
3447,0.0006601810455322266,0.0,-30.400000000000002
3448,0.0020284652709960938,0.0,-28.8
3449,0.0016689300537109375,0.0,-27.200000000000003
3450,0.0006203651428222656,0.0,-25.200000000000003
3451,0.001434326171875,0.0,-22.8
3452,0.0005998611450195312,0.0,-20.400000000000002
3453,0.0019240379333496094,0.0,-18.0
3454,0.0014984607696533203,0.0,-15.200000000000001
3455,0.0009405612945556641,0.0,-12.8
3456,0.0017702579498291016,0.0,-9.600000000000001
3457,0.001961231231689453,0.0,-6.800000000000001
3458,0.0013470649719238281,0.0,-3.6
3459,0.00061798095703125,0.0,-0.8
3460,0.0014801025390625,0.0,2.4000000000000004
3461,0.0005979537963867188,0.0,5.2
3462,0.0013036727905273438,0.0,8.0
3463,0.0011935234069824219,0.0,11.200000000000001
3464,0.0006318092346191406,0.0,13.600000000000001
3465,0.0014834403991699219,0.0,16.400000000000002
3466,0.0005915164947509766,0.0,18.8
3467,0.0013036727905273438,0.0,21.200000000000003
3468,0.0005967617034912109,0.0,23.6
3469,0.0021800994873046875,0.0,25.6
3470,0.0005698204040527344,0.0,27.200000000000003
3471,0.0019190311431884766,0.0,28.8
3472,0.0016248226165771484,0.0,30.400000000000002
3473,0.0016248226165771484,0.0,30.400000000000002
3474,0.001257181167602539,0.0,31.200000000000003
3475,0.0007536411285400391,0.0,32.4
3476,0.0013489723205566406,0.0,32.800000000000004
3477,0.0011031627655029297,0.0,33.2
3478,0.0011446475982666016,0.0,33.2
3479,0.002046823501586914,0.0,33.2
3480,0.0012812614440917969,0.0,32.800000000000004
3481,0.000576019287109375,0.0,32.0
3482,0.0007519721984863281,0.0,31.200000000000003
3483,0.0007064342498779297,0.0,30.0
3484,0.0016863346099853516,0.0,28.8
3485,0.0018932819366455078,0.0,27.200000000000003
3486,0.0015635490417480469,0.0,25.200000000000003
3487,0.0006330013275146484,0.0,23.200000000000003
3488,0.0012440681457519531,0.0,21.200000000000003
3489,0.001955747604370117,0.0,18.8
3490,0.0006327629089355469,0.0,16.400000000000002
3491,0.0018873214721679688,0.0,13.600000000000001
3492,0.0016257762908935547,0.0,10.8
3493,0.0006928443908691406,0.0,8.0
3494,0.0018320083618164062,0.0,5.2
3495,0.0008015632629394531,0.0,2.4000000000000004
3496,0.0014028549194335938,0.0,-0.4
3497,0.0020902156829833984,0.0,-3.2
3498,0.0008132457733154297,0.0,-6.4
3499,0.0012459754943847656,0.0,-9.200000000000001
3500,0.00116729736328125,0.0,-12.0
3501,0.0019652843475341797,0.0,-14.4
3502,0.0006275177001953125,0.0,-16.8
3503,0.0022499561309814453,0.0,-19.200000000000003
3504,0.001714944839477539,0.0,-21.6
3505,0.0005857944488525391,0.0,-23.6
3506,0.0021588802337646484,0.0,-25.6
3507,0.0014522075653076172,0.0,-27.200000000000003
3508,0.0005981922149658203,0.0,-28.400000000000002
3509,0.0011777877807617188,0.0,-30.0
3510,0.0005671977996826172,0.0,-30.8
3511,0.0018744468688964844,0.0,-31.6
3512,0.0005872249603271484,0.0,-32.0
3513,0.0013208389282226562,0.0,-32.4
3514,0.001451730728149414,0.0,-32.4
3515,0.0018024444580078125,0.0,-32.0
3516,0.0020074844360351562,0.0,-31.6
3517,0.0006196498870849609,0.0,-30.8
3518,0.001337289810180664,0.0,-30.0
3519,0.0012278556823730469,0.0,-28.8
3520,0.0007114410400390625,0.0,-27.200000000000003
3521,0.00032210350036621094,0.0,-25.6
3522,0.0005311965942382812,0.0,-23.6
3523,0.0006456375122070312,0.0,-21.6
3524,0.0006489753723144531,0.0,-19.6
3525,0.0005526542663574219,0.0,-17.2
3526,0.0014591217041015625,0.0,-14.8
3527,0.001590728759765625,0.0,-12.4
3528,0.0005962848663330078,0.0,-9.600000000000001
3529,0.0021119117736816406,0.0,-6.800000000000001
3530,0.0005705356597900391,0.0,-4.0
3531,0.0007221698760986328,0.0,-1.2000000000000002
3532,0.002581357955932617,0.0,1.6
3533,0.0007455348968505859,0.0,4.4
3534,0.0018584728240966797,0.0,7.2
3535,0.0018367767333984375,0.0,9.600000000000001
3536,0.001584768295288086,0.0,12.4
3537,0.0005865097045898438,0.0,14.8
3538,0.0016829967498779297,0.0,17.2
3539,0.001432180404663086,0.0,19.6
3540,0.0005984306335449219,0.0,21.6
3541,0.0023610591888427734,0.0,23.6
3542,0.001665353775024414,0.0,25.200000000000003
3543,0.001184701919555664,0.0,26.8
3544,0.0013353824615478516,0.0,28.0
3545,0.0015704631805419922,0.0,29.200000000000003
3546,0.0011181831359863281,0.0,30.0
3547,0.0018203258514404297,0.0,30.400000000000002
3548,0.0008525848388671875,0.0,30.8
3549,0.0012774467468261719,0.0,31.200000000000003
3550,0.0006442070007324219,0.0,30.8
3551,0.002296924591064453,0.0,30.400000000000002
3552,0.0015757083892822266,0.0,30.0
3553,0.002461671829223633,0.0,29.200000000000003
3554,0.0011870861053466797,0.0,28.0
3555,0.001968860626220703,0.0,26.8
3556,0.0006487369537353516,0.0,25.6
3557,0.0013651847839355469,0.0,23.6
3558,0.0018472671508789062,0.0,22.0
3559,0.0015730857849121094,0.0,20.0
3560,0.0021266937255859375,0.0,17.6
3561,0.0011243820190429688,0.0,15.600000000000001
3562,0.0006220340728759766,0.0,12.8
3563,0.0015342235565185547,0.0,10.4
3564,0.0006668567657470703,0.0,8.0
3565,0.0015385150909423828,0.0,5.2
3566,0.0006046295166015625,0.0,2.4000000000000004
3567,0.0020608901977539062,0.0,-0.4
3568,0.000762939453125,0.0,-2.8000000000000003
3569,0.0018916130065917969,0.0,-5.6000000000000005
3570,0.001188039779663086,0.0,-8.4
3571,0.0006227493286132812,0.0,-10.8
3572,0.0015788078308105469,0.0,-13.200000000000001
3573,0.0019555091857910156,0.0,-15.600000000000001
3574,0.0020313262939453125,0.0,-18.0
3575,0.0006041526794433594,0.0,-20.0
3576,0.0015711784362792969,0.0,-22.0
3577,0.0005850791931152344,0.0,-23.6
3578,0.0015621185302734375,0.0,-25.200000000000003
3579,0.0005886554718017578,0.0,-26.400000000000002
3580,0.0012123584747314453,0.0,-27.6
3581,0.0006465911865234375,0.0,-28.8
3582,0.0027451515197753906,0.0,-29.200000000000003
3583,0.0015745162963867188,0.0,-30.0
3584,0.0006048679351806641,0.0,-30.0
3585,0.0012478828430175781,0.0,-30.0
3586,0.0006706714630126953,0.0,-30.0
3587,0.0017070770263671875,0.0,-29.6
3588,0.0015213489532470703,0.0,-28.8
3589,0.0019526481628417969,0.0,-28.0
3590,0.0005848407745361328,0.0,-26.8
3591,0.0016300678253173828,0.0,-25.6
3592,0.0005981922149658203,0.0,-24.0
3593,0.002073526382446289,0.0,-22.0
3594,0.0013844966888427734,0.0,-20.400000000000002
3595,0.0005695819854736328,0.0,-18.400000000000002
3596,0.0020613670349121094,0.0,-16.0
3597,0.0005776882171630859,0.0,-14.0
3598,0.0019254684448242188,0.0,-11.600000000000001
3599,0.0017015933990478516,0.0,-8.8
3600,0.0005636215209960938,0.0,-6.4
3601,0.0012743473052978516,0.0,-3.6
3602,0.0011610984802246094,0.0,-1.2000000000000002
3603,0.0005769729614257812,0.0,1.6
3604,0.0020847320556640625,0.0,4.0
3605,0.0015010833740234375,0.0,6.800000000000001
3606,0.0006268024444580078,0.0,9.200000000000001
3607,0.0021660327911376953,0.0,11.600000000000001
3608,0.0006322860717773438,0.0,14.0
3609,0.0019729137420654297,0.0,16.0
3610,0.0005900859832763672,0.0,18.400000000000002
3611,0.0013124942779541016,0.0,20.0
3612,0.0013093948364257812,0.0,22.0
3613,0.0005643367767333984,0.0,23.6
3614,0.0012578964233398438,0.0,24.8
3615,0.0018205642700195312,0.0,26.0
3616,0.0006012916564941406,0.0,27.200000000000003
3617,0.0013549327850341797,0.0,28.0
3618,0.0019843578338623047,0.0,28.400000000000002
3619,0.0015668869018554688,0.0,28.8
3620,0.0019359588623046875,0.0,28.8
3621,0.0005779266357421875,0.0,28.8
3622,0.002215862274169922,0.0,28.400000000000002
3623,0.0006372928619384766,0.0,28.0
3624,0.0012936592102050781,0.0,27.200000000000003
3625,0.0007195472717285156,0.0,26.0
3626,0.0013356208801269531,0.0,24.8
3627,0.0013356208801269531,0.0,24.8
3628,0.002420663833618164,0.0,23.6
3629,0.0005433559417724609,0.0,22.0
3630,0.00128936767578125,0.0,20.400000000000002
3631,0.0005867481231689453,0.0,18.400000000000002
3632,0.0018944740295410156,0.0,16.400000000000002
3633,0.0010752677917480469,0.0,14.0
3634,0.0017440319061279297,0.0,12.0
3635,0.0007040500640869141,0.0,9.600000000000001
3636,0.001377105712890625,0.0,7.2
3637,0.0006444454193115234,0.0,4.800000000000001
3638,0.001321554183959961,0.0,2.0
3639,0.0006570816040039062,0.0,-0.4
3640,0.0029015541076660156,0.0,-2.8000000000000003
3641,0.0009012222290039062,0.0,-5.6000000000000005
3642,0.0003018379211425781,0.0,-8.0
3643,0.0004742145538330078,0.0,-10.4
3644,0.0005793571472167969,0.0,-12.8
3645,0.0005857944488525391,0.0,-14.8
3646,0.0006134510040283203,0.0,-16.8
3647,0.0007894039154052734,0.0,-18.8
3648,0.0008835792541503906,0.0,-20.8
3649,0.0004494190216064453,0.0,-22.400000000000002
3650,0.0005009174346923828,0.0,-23.6
3651,0.0006480216979980469,0.0,-24.8
3652,0.0005571842193603516,0.0,-26.0
3653,0.0006101131439208984,0.0,-26.8
3654,0.0007340908050537109,0.0,-27.6
3655,0.0007097721099853516,0.0,-28.0
3656,0.00061798095703125,0.0,-28.0
3657,0.0006437301635742188,0.0,-28.0
3658,0.0014147758483886719,0.0,-28.0
3659,0.0006270408630371094,0.0,-27.200000000000003
3660,0.0005121231079101562,0.0,-26.8
3661,0.0007460117340087891,0.0,-26.0
3662,0.0005519390106201172,0.0,-24.8
3663,0.0006003379821777344,0.0,-23.6
3664,0.0008120536804199219,0.0,-22.0
3665,0.0007185935974121094,0.0,-20.400000000000002
3666,0.001622915267944336,0.0,-18.8
3667,0.0015866756439208984,0.0,-16.8
3668,0.0010073184967041016,0.0,-14.8
3669,0.0010268688201904297,0.0,-12.4
3670,0.0006711483001708984,0.0,-10.4
3671,0.001271963119506836,0.0,-8.0
3672,0.0005781650543212891,0.0,-5.6000000000000005
3673,0.0013089179992675781,0.0,-3.2
3674,0.0015597343444824219,0.0,-0.4
3675,0.0015833377838134766,0.0,2.0
3676,0.001985311508178711,0.0,4.4
3677,0.0006802082061767578,0.0,6.800000000000001
3678,0.0016551017761230469,0.0,9.200000000000001
3679,0.0006983280181884766,0.0,11.200000000000001
3680,0.0012695789337158203,0.0,13.600000000000001
3681,0.000728607177734375,0.0,15.600000000000001
3682,0.0011081695556640625,0.0,17.6
3683,0.0006349086761474609,0.0,19.200000000000003
3684,0.003376007080078125,0.0,20.8
3685,0.0023088455200195312,0.0,22.400000000000002
3686,0.0012407302856445312,0.0,23.6
3687,0.0017826557159423828,0.0,24.8
3688,0.001544952392578125,0.0,25.6
3689,0.0009071826934814453,0.0,26.400000000000002
3690,0.0020983219146728516,0.0,26.8
3691,0.0006022453308105469,0.0,26.8
3692,0.0007808208465576172,0.0,27.200000000000003
3693,0.001760244369506836,0.0,26.8
3694,0.0014188289642333984,0.0,26.400000000000002
3695,0.0015065670013427734,0.0,26.0
3696,0.0013687610626220703,0.0,25.200000000000003
3697,0.0007443428039550781,0.0,24.400000000000002
3698,0.0012972354888916016,0.0,23.200000000000003
3699,0.0012428760528564453,0.0,21.6
3700,0.0006704330444335938,0.0,20.400000000000002
3701,0.0020961761474609375,0.0,18.400000000000002
3702,0.0006387233734130859,0.0,16.8
3703,0.0014777183532714844,0.0,14.8
3704,0.0005896091461181641,0.0,12.8
3705,0.0012710094451904297,0.0,10.4
3706,0.0005726814270019531,0.0,8.4
3707,0.0016694068908691406,0.0,6.0
3708,0.001165151596069336,0.0,3.6
3709,0.0011301040649414062,0.0,1.2000000000000002
3710,0.0005786418914794922,0.0,-1.2000000000000002
3711,0.0012464523315429688,0.0,-3.6
3712,0.0014493465423583984,0.0,-5.6000000000000005
3713,0.0017819404602050781,0.0,-8.0
3714,0.0013697147369384766,0.0,-10.4
3715,0.0007050037384033203,0.0,-12.4
3716,0.0014052391052246094,0.0,-14.4
3717,0.0019919872283935547,0.0,-16.400000000000002
3718,0.0008397102355957031,0.0,-18.0
3719,0.0017037391662597656,0.0,-19.6
3720,0.0019023418426513672,0.0,-21.200000000000003
3721,0.0020494461059570312,0.0,-22.400000000000002
3722,0.0006394386291503906,0.0,-23.6
3723,0.00168609619140625,0.0,-24.400000000000002
3724,0.0025839805603027344,0.0,-25.200000000000003
3725,0.002124786376953125,0.0,-26.0
3726,0.0006392002105712891,0.0,-26.0
3727,0.0016164779663085938,0.0,-26.400000000000002
3728,0.0012121200561523438,0.0,-26.400000000000002
3729,0.0009379386901855469,0.0,-26.0
3730,0.0011317729949951172,0.0,-25.6
3731,0.0006406307220458984,0.0,-24.8
3732,0.0023479461669921875,0.0,-24.0
3733,0.0008184909820556641,0.0,-22.8
3734,0.0016317367553710938,0.0,-21.6
3735,0.0006012916564941406,0.0,-20.0
3736,0.0012485980987548828,0.0,-18.8
3737,0.0019261837005615234,0.0,-16.8
3738,0.0018298625946044922,0.0,-15.200000000000001
3739,0.0016608238220214844,0.0,-13.200000000000001
3740,0.0006213188171386719,0.0,-11.200000000000001
3741,0.0013701915740966797,0.0,-8.8
3742,0.0006430149078369141,0.0,-6.800000000000001
3743,0.0014257431030273438,0.0,-4.4
3744,0.0006108283996582031,0.0,-2.0
3745,0.0013129711151123047,0.0,0.0
3746,0.0005872249603271484,0.0,2.4000000000000004
3747,0.002309083938598633,0.0,4.800000000000001
3748,0.0016140937805175781,0.0,6.800000000000001
3749,0.0005962848663330078,0.0,9.200000000000001
3750,0.002123594284057617,0.0,11.200000000000001
3751,0.0015094280242919922,0.0,13.200000000000001
3752,0.0022220611572265625,0.0,15.200000000000001
3753,0.0017154216766357422,0.0,16.8
3754,0.0011947154998779297,0.0,18.400000000000002
3755,0.0006237030029296875,0.0,20.0
3756,0.0012471675872802734,0.0,21.200000000000003
3757,0.0005543231964111328,0.0,22.400000000000002
3758,0.0002827644348144531,0.0,23.200000000000003
3759,0.0008380413055419922,0.0,24.0
3760,0.0008380413055419922,0.0,24.0
3761,0.0008289813995361328,0.0,24.8
3762,0.0021212100982666016,0.0,25.200000000000003
3763,0.0021936893463134766,0.0,25.200000000000003
3764,0.0017664432525634766,0.0,25.200000000000003
3765,0.0005280971527099609,0.0,24.8
3766,0.002279043197631836,0.0,24.400000000000002
3767,0.0013697147369384766,0.0,24.0
3768,0.0008611679077148438,0.004,23.200000000000003
3769,0.0006802082061767578,0.019,22.0
3770,0.0007302761077880859,0.054,21.200000000000003
3771,0.0005238056182861328,0.075,19.6
3772,0.00046324729919433594,0.088,18.400000000000002
3773,0.0005726814270019531,0.088,16.8
3774,0.0005512237548828125,0.088,14.8
3775,0.0011436939239501953,0.088,13.200000000000001
3776,0.0008292198181152344,0.088,11.200000000000001
3777,0.0014426708221435547,0.088,9.200000000000001
3778,0.0006422996520996094,0.088,6.800000000000001
3779,0.001291036605834961,0.088,4.800000000000001
3780,0.0013606548309326172,0.088,2.4000000000000004
3781,0.0007593631744384766,0.088,0.4
3782,0.0015876293182373047,0.088,-2.0
3783,0.0015175342559814453,0.088,-4.0
3784,0.0026187896728515625,0.088,-6.4
3785,0.0011839866638183594,0.088,-8.4
3786,0.0006182193756103516,0.088,-10.4
3787,0.0021195411682128906,0.088,-12.4
3788,0.0008697509765625,0.093,-14.0
3789,0.0009019374847412109,0.093,-16.0
3790,0.0015463829040527344,0.093,-17.6
3791,0.0010824203491210938,0.093,-18.8
3792,0.00202178955078125,0.093,-20.0
3793,0.0007073879241943359,0.093,-21.200000000000003
3794,0.0020284652709960938,0.093,-22.0
3795,0.0015764236450195312,0.093,-22.400000000000002
3796,0.0019605159759521484,0.093,-22.8
3797,0.0015571117401123047,0.093,-22.8
3798,0.0020105838775634766,0.093,-22.400000000000002
3799,0.001543283462524414,0.093,-22.0
3800,0.0011224746704101562,0.093,-21.200000000000003
3801,0.0007092952728271484,0.093,-20.0
3802,0.0020105838775634766,0.093,-18.8
3803,0.0014891624450683594,0.093,-17.2
3804,0.0012195110321044922,0.093,-15.600000000000001
3805,0.0012197494506835938,0.093,-13.600000000000001
3806,0.0017435550689697266,0.093,-11.200000000000001
3807,0.0011518001556396484,0.093,-8.8
3808,0.0023076534271240234,0.093,-6.4
3809,0.0014145374298095703,0.093,-3.6
3810,0.0007426738739013672,0.093,-0.8
3811,0.0012373924255371094,0.093,2.0
3812,0.0006632804870605469,0.093,5.2
3813,0.0020618438720703125,0.093,8.0
3814,0.0014946460723876953,0.093,11.200000000000001
3815,0.0006268024444580078,0.093,14.4
3816,0.0012958049774169922,0.093,17.2
3817,0.0006630420684814453,0.093,20.400000000000002
3818,0.0013890266418457031,0.093,23.200000000000003
3819,0.0006315708160400391,0.093,26.0
3820,0.0025665760040283203,0.093,28.8
3821,0.0006673336029052734,0.093,31.200000000000003
3822,0.0014886856079101562,0.093,33.6
3823,0.0017001628875732422,0.093,36.0
3824,0.001982450485229492,0.093,38.0
3825,0.0016922950744628906,0.093,40.0
3826,0.0020852088928222656,0.093,41.6
3827,0.002180337905883789,0.093,43.2
3828,0.001989126205444336,0.093,44.400000000000006
3829,0.0010080337524414062,0.095,45.2
3830,0.0007658004760742188,0.097,46.0
3831,0.0006215572357177734,0.099,46.800000000000004
3832,0.0006661415100097656,0.103,46.800000000000004
3833,0.0004067420959472656,0.106,47.2
3834,0.0013887882232666016,0.106,46.800000000000004
3835,0.002237558364868164,0.106,46.400000000000006
3836,0.0015282630920410156,0.106,46.0
3837,0.002491474151611328,0.106,44.800000000000004
3838,0.0018324851989746094,0.106,44.0
3839,0.00099945068359375,0.106,42.800000000000004
3840,0.0015361309051513672,0.106,41.2
3841,0.0008096694946289062,0.106,39.6
3842,0.0017883777618408203,0.106,37.6
3843,0.0018246173858642578,0.106,36.0
3844,0.0023272037506103516,0.106,33.6
3845,0.0006577968597412109,0.106,31.6
3846,0.0018417835235595703,0.106,29.200000000000003
3847,0.0006744861602783203,0.106,26.8
3848,0.0023872852325439453,0.106,24.400000000000002
3849,0.0006456375122070312,0.106,21.6
3850,0.001355886459350586,0.106,19.200000000000003
3851,0.0011644363403320312,0.106,16.8
3852,0.0024242401123046875,0.106,14.0
3853,0.0003407001495361328,0.097,11.600000000000001
3854,0.0004284381866455078,0.097,8.8
3855,0.0021402835845947266,0.097,6.4
3856,0.0005483627319335938,0.088,4.0
3857,0.00028777122497558594,0.082,1.6
3858,0.00041413307189941406,0.08,-0.4
3859,0.000705718994140625,0.08,-2.4000000000000004
3860,0.00045680999755859375,0.075,-4.4
3861,0.0006115436553955078,0.069,-6.0
3862,0.0006015300750732422,0.065,-8.0
3863,0.0006911754608154297,0.063,-9.200000000000001
3864,0.0004925727844238281,0.058,-10.4
3865,0.0006854534149169922,0.058,-11.600000000000001
3866,0.0011143684387207031,0.058,-12.8
3867,0.00052642822265625,0.058,-13.600000000000001
3868,0.0023910999298095703,0.058,-14.0
3869,0.002045869827270508,0.058,-14.4
3870,0.0007181167602539062,0.058,-14.8
3871,0.0021147727966308594,0.058,-14.8
3872,0.0006222724914550781,0.058,-14.8
3873,0.0017251968383789062,0.058,-14.4
3874,0.0016527175903320312,0.058,-14.0
3875,0.0006053447723388672,0.058,-13.200000000000001
3876,0.0020864009857177734,0.058,-12.4
3877,0.0006270408630371094,0.058,-11.600000000000001
3878,0.002269744873046875,0.058,-10.4
3879,0.001703500747680664,0.058,-9.200000000000001
3880,0.0026178359985351562,0.058,-8.0
3881,0.0005102157592773438,0.063,-6.800000000000001
3882,0.0009729862213134766,0.063,-5.2
3883,0.0004220008850097656,0.073,-3.6
3884,0.0009565353393554688,0.078,-2.0
3885,0.0009081363677978516,0.08,0.0
3886,0.0010564327239990234,0.08,1.6
3887,0.0009706020355224609,0.08,3.6
3888,0.0017385482788085938,0.08,5.2
3889,0.002122163772583008,0.08,7.2
3890,0.0007772445678710938,0.08,8.8
3891,0.0019092559814453125,0.08,10.8
3892,0.0007343292236328125,0.08,12.8
3893,0.0013153553009033203,0.08,14.4
3894,0.0006647109985351562,0.08,16.0
3895,0.001415252685546875,0.08,17.6
3896,0.0016760826110839844,0.08,19.6
3897,0.0006275177001953125,0.08,20.8
3898,0.0013260841369628906,0.08,22.400000000000002
3899,0.0006330013275146484,0.08,23.6
3900,0.00139617919921875,0.08,24.8
3901,0.0018496513366699219,0.08,26.0
3902,0.0006222724914550781,0.08,27.200000000000003
3903,0.0012819766998291016,0.08,28.0
3904,0.0018229484558105469,0.08,28.8
3905,0.0016410350799560547,0.08,29.200000000000003
3906,0.0011687278747558594,0.08,29.6
3907,0.0026934146881103516,0.08,30.0
3908,0.0012073516845703125,0.08,30.0
3909,0.0006725788116455078,0.08,30.0
3910,0.0016398429870605469,0.08,30.0
3911,0.0005834102630615234,0.078,29.6
3912,0.0005204677581787109,0.075,29.200000000000003
3913,0.0008594989776611328,0.075,28.8
3914,0.0007424354553222656,0.075,28.0
3915,0.0028417110443115234,0.075,27.200000000000003
3916,0.0006573200225830078,0.075,26.400000000000002
3917,0.0007715225219726562,0.082,25.200000000000003
3918,0.00048279762268066406,0.101,24.0
3919,0.00048279762268066406,0.11,24.0
3920,0.0005409717559814453,0.112,22.8
3921,0.0006089210510253906,0.112,21.200000000000003
3922,0.001027822494506836,0.112,19.6
3923,0.0014431476593017578,0.112,18.0
3924,0.0009317398071289062,0.112,16.8
3925,0.0017368793487548828,0.112,14.8
3926,0.0014882087707519531,0.112,13.200000000000001
3927,0.0007593631744384766,0.112,11.600000000000001
3928,0.0018455982208251953,0.112,10.0
3929,0.0011479854583740234,0.112,8.8
3930,0.0016303062438964844,0.112,7.2
3931,0.0019419193267822266,0.112,5.6000000000000005
3932,0.0019648075103759766,0.112,4.4
3933,0.0021255016326904297,0.112,3.2
3934,0.0014712810516357422,0.112,2.0
3935,0.002100706100463867,0.112,1.2000000000000002
3936,0.0023217201232910156,0.112,0.4
3937,0.0006222724914550781,0.112,-0.4
3938,0.001628875732421875,0.112,-0.8
3939,0.0012617111206054688,0.112,-1.6
3940,0.0009765625,0.112,-1.6
3941,0.00037741661071777344,0.103,-2.0
3942,0.00025200843811035156,0.097,-2.0
3943,0.00046539306640625,0.091,-2.0
3944,0.0005595684051513672,0.086,-1.6
3945,0.000591278076171875,0.086,-1.2000000000000002
3946,0.0006070137023925781,0.084,-0.8
3947,0.0007083415985107422,0.084,0.0
3948,0.0006554126739501953,0.084,0.8
3949,0.0013089179992675781,0.084,1.6
3950,0.0017154216766357422,0.084,2.4000000000000004
3951,0.0014519691467285156,0.084,3.2
3952,0.0011527538299560547,0.084,4.4
3953,0.0007467269897460938,0.084,5.6000000000000005
3954,0.0026340484619140625,0.084,6.4
3955,0.0005102157592773438,0.088,7.6000000000000005
3956,0.0005712509155273438,0.093,8.8
3957,0.0008432865142822266,0.099,10.0
3958,0.0008838176727294922,0.099,11.200000000000001
3959,0.0005652904510498047,0.099,12.4
3960,0.0022237300872802734,0.099,13.600000000000001
3961,0.0006361007690429688,0.099,14.8
3962,0.0016655921936035156,0.101,16.0
3963,0.000507354736328125,0.108,16.8
3964,0.0007510185241699219,0.114,18.0
3965,0.0006954669952392578,0.114,18.8
3966,0.0007395744323730469,0.114,20.0
3967,0.0009815692901611328,0.114,20.8
3968,0.0007410049438476562,0.114,21.6
3969,0.0019898414611816406,0.114,22.400000000000002
3970,0.0006754398345947266,0.114,23.200000000000003
3971,0.0020630359649658203,0.114,23.6
3972,0.0018076896667480469,0.114,24.400000000000002
3973,0.0005335807800292969,0.112,24.8
3974,0.0005488395690917969,0.11,25.6
3975,0.0012462139129638672,0.11,26.0
3976,0.0014221668243408203,0.11,26.0
3977,0.0005285739898681641,0.106,26.400000000000002
3978,0.0006411075592041016,0.099,26.8
3979,0.0005595684051513672,0.099,26.8
3980,0.0011687278747558594,0.099,26.8
3981,0.0005068778991699219,0.097,26.8
3982,0.0009140968322753906,0.095,26.8
3983,0.0005002021789550781,0.095,26.400000000000002
3984,0.0012547969818115234,0.093,26.0
3985,0.0005512237548828125,0.091,25.6
3986,0.0007083415985107422,0.091,25.200000000000003
3987,0.0008263587951660156,0.091,24.8
3988,0.0005242824554443359,0.091,24.0
3989,0.001275777816772461,0.091,23.6
3990,0.001155853271484375,0.091,22.8
3991,0.0006718635559082031,0.091,21.6
3992,0.0015783309936523438,0.091,20.8
3993,0.0012679100036621094,0.091,20.0
3994,0.0015630722045898438,0.091,18.8
3995,0.0018515586853027344,0.091,17.6
3996,0.001611471176147461,0.091,16.400000000000002
3997,0.0006642341613769531,0.091,15.600000000000001
3998,0.0012845993041992188,0.091,14.4
3999,0.0011386871337890625,0.091,13.200000000000001
4000,0.0006663799285888672,0.091,12.0
4001,0.0013530254364013672,0.091,10.8
4002,0.0013818740844726562,0.091,9.600000000000001
4003,0.0006153583526611328,0.091,8.4
4004,0.0015845298767089844,0.093,7.2
4005,0.0013802051544189453,0.095,6.0
4006,0.0003829002380371094,0.097,5.2
4007,0.0006453990936279297,0.097,4.0
4008,0.000705718994140625,0.097,3.2
4009,0.001180887222290039,0.101,2.4000000000000004
4010,0.0007483959197998047,0.101,1.6
4011,0.0005366802215576172,0.101,0.8
4012,0.0010666847229003906,0.103,0.4
4013,0.0010223388671875,0.103,-0.4
4014,0.001489877700805664,0.103,-0.4
4015,0.0015299320220947266,0.103,-0.8
4016,0.0014336109161376953,0.103,-0.8
4017,0.0011417865753173828,0.103,-1.2000000000000002
4018,0.002018451690673828,0.103,-0.8
4019,0.0014162063598632812,0.103,-0.8
4020,0.0016870498657226562,0.103,-0.4
4021,0.0007765293121337891,0.103,0.0
4022,0.0013015270233154297,0.103,0.4
4023,0.0006780624389648438,0.103,1.2000000000000002
4024,0.0013265609741210938,0.103,2.0
4025,0.001196146011352539,0.103,2.8000000000000003
4026,0.002033710479736328,0.103,3.6
4027,0.000438690185546875,0.097,4.4
4028,0.0005588531494140625,0.097,5.6000000000000005
4029,0.0006382465362548828,0.093,6.4
4030,0.0006072521209716797,0.093,7.6000000000000005
4031,0.0006251335144042969,0.093,8.8
4032,0.0005221366882324219,0.093,10.0
4033,0.0008578300476074219,0.093,11.200000000000001
4034,0.00048279762268066406,0.088,12.8
4035,0.0005013942718505859,0.088,14.0
4036,0.0005443096160888672,0.086,15.200000000000001
4037,0.0005514621734619141,0.086,16.400000000000002
4038,0.0015990734100341797,0.084,17.6
4039,0.0005800724029541016,0.082,18.8
4040,0.0008141994476318359,0.082,19.6
4041,0.00054168701171875,0.082,20.8
4042,0.0016887187957763672,0.082,21.6
4043,0.0007159709930419922,0.082,22.8
4044,0.001323699951171875,0.082,23.6
4045,0.0006256103515625,0.082,24.0
4046,0.0011208057403564453,0.084,24.8
4047,0.00048732757568359375,0.095,25.200000000000003
4048,0.0004868507385253906,0.095,25.6
4049,0.0005478858947753906,0.099,25.6
4050,0.00044035911560058594,0.099,26.0
4051,0.0006716251373291016,0.099,26.0
4052,0.00046753883361816406,0.099,26.0
4053,0.0013375282287597656,0.099,25.6
4054,0.0006175041198730469,0.099,25.200000000000003
4055,0.0018596649169921875,0.099,24.8
4056,0.00046563148498535156,0.101,24.400000000000002
4057,0.0009343624114990234,0.101,24.0
4058,0.000545501708984375,0.101,23.200000000000003
4059,0.002003908157348633,0.101,22.400000000000002
4060,0.00063323974609375,0.101,21.6
4061,0.0020465850830078125,0.101,20.8
4062,0.0006327629089355469,0.101,20.0
4063,0.0019435882568359375,0.101,19.200000000000003
4064,0.0005800724029541016,0.101,18.0
4065,0.0017664432525634766,0.101,17.2
4066,0.0014557838439941406,0.101,16.0
4067,0.0017158985137939453,0.101,15.200000000000001
4068,0.0019528865814208984,0.101,14.0
4069,0.0006189346313476562,0.101,13.200000000000001
4070,0.001333475112915039,0.101,12.0
4071,0.0006070137023925781,0.101,11.200000000000001
4072,0.0007727146148681641,0.101,10.0
4073,0.0007727146148681641,0.099,10.0
4074,0.0006885528564453125,0.093,9.200000000000001
4075,0.00055694580078125,0.088,8.4
4076,0.00054168701171875,0.086,7.6000000000000005
4077,0.0005843639373779297,0.086,6.800000000000001
4078,0.0005717277526855469,0.086,6.0
4079,0.0004737377166748047,0.086,5.2
4080,0.0005826950073242188,0.086,4.4
4081,0.0005567073822021484,0.082,4.0
4082,0.0005490779876708984,0.082,3.6
4083,0.00060272216796875,0.082,2.8000000000000003
4084,0.0006203651428222656,0.08,2.4000000000000004
4085,0.0007953643798828125,0.078,2.4000000000000004
4086,0.0005750656127929688,0.078,2.0
4087,0.0006697177886962891,0.078,2.0
4088,0.0004961490631103516,0.078,1.6
4089,0.0013005733489990234,0.078,1.6
4090,0.0007262229919433594,0.078,1.6
4091,0.0012767314910888672,0.08,1.6
4092,0.0006315708160400391,0.088,2.0
4093,0.0006270408630371094,0.091,2.0
4094,0.0006957054138183594,0.095,2.4000000000000004
4095,0.0006048679351806641,0.101,2.8000000000000003
4096,0.000606536865234375,0.101,3.2
4097,0.0003082752227783203,0.11,3.6
4098,0.00045490264892578125,0.11,4.0
4099,0.0005896091461181641,0.11,4.800000000000001
4100,0.0009613037109375,0.11,5.2
4101,0.0006902217864990234,0.11,6.0
4102,0.0017714500427246094,0.11,6.800000000000001
4103,0.0012288093566894531,0.11,7.6000000000000005
4104,0.0020318031311035156,0.11,8.4
4105,0.0007054805755615234,0.11,9.200000000000001
4106,0.0026285648345947266,0.11,10.4
4107,0.0012409687042236328,0.11,11.200000000000001
4108,0.001210927963256836,0.11,12.0
4109,0.0020432472229003906,0.11,13.200000000000001
4110,0.0004980564117431641,0.108,14.4
4111,0.0001499652862548828,0.099,15.200000000000001
4112,0.0007433891296386719,0.093,16.400000000000002
4113,0.0006134510040283203,0.084,17.2
4114,0.0006582736968994141,0.073,18.400000000000002
4115,0.0007772445678710938,0.069,19.200000000000003
4116,0.00047016143798828125,0.065,20.400000000000002
4117,0.0004608631134033203,0.065,21.200000000000003
4118,0.0005364418029785156,0.065,22.0
4119,0.0009961128234863281,0.065,22.8
4120,0.0005397796630859375,0.065,23.6
4121,0.0019986629486083984,0.065,24.0
4122,0.0006306171417236328,0.065,24.400000000000002
4123,0.0013813972473144531,0.065,24.8
4124,0.0006494522094726562,0.065,24.8
4125,0.0016100406646728516,0.065,25.200000000000003
4126,0.00045943260192871094,0.067,24.8
4127,0.0009288787841796875,0.078,24.8
4128,0.0006089210510253906,0.084,24.400000000000002
4129,0.0004642009735107422,0.088,24.0
4130,0.0005252361297607422,0.093,23.200000000000003
4131,0.0005452632904052734,0.093,22.400000000000002
4132,0.0006594657897949219,0.097,21.6
4133,0.0005917549133300781,0.099,20.8
4134,0.0005030632019042969,0.106,19.6
4135,0.0006055831909179688,0.106,18.8
4136,0.0005843639373779297,0.106,17.6
4137,0.0005221366882324219,0.106,16.400000000000002
4138,0.0016946792602539062,0.106,15.200000000000001
4139,0.0005075931549072266,0.106,14.0
4140,0.0020804405212402344,0.106,12.8
4141,0.0018792152404785156,0.106,11.600000000000001
4142,0.0006885528564453125,0.106,10.4
4143,0.001260519027709961,0.106,9.200000000000001
4144,0.0006234645843505859,0.106,8.0
4145,0.0020918846130371094,0.106,7.2
4146,0.0006043910980224609,0.106,6.0
4147,0.0020918846130371094,0.106,5.2
4148,0.0005435943603515625,0.103,4.4
4149,0.00048065185546875,0.095,3.6
4150,0.0006322860717773438,0.088,3.2
4151,0.0007791519165039062,0.088,2.4000000000000004
4152,0.0005714893341064453,0.084,2.0
4153,0.0005793571472167969,0.084,2.0
4154,0.0002448558807373047,0.08,1.6
4155,0.00037670135498046875,0.08,1.6
4156,0.0007500648498535156,0.08,1.6
4157,0.0007443428039550781,0.08,1.6
4158,0.0009100437164306641,0.08,1.6
4159,0.002157926559448242,0.08,1.6
4160,0.0016391277313232422,0.08,2.0
4161,0.0013818740844726562,0.08,2.4000000000000004
4162,0.0008015632629394531,0.082,2.8000000000000003
4163,0.0010128021240234375,0.088,3.2
4164,0.0005559921264648438,0.091,3.6
4165,0.0004754066467285156,0.099,4.4
4166,0.0005438327789306641,0.106,4.800000000000001
4167,0.0004489421844482422,0.112,5.6000000000000005
4168,0.0008394718170166016,0.114,6.0
4169,0.000568389892578125,0.119,6.800000000000001
4170,0.00048065185546875,0.123,7.6000000000000005
4171,0.0006833076477050781,0.123,8.4
4172,0.0005376338958740234,0.123,9.200000000000001
4173,0.0005979537963867188,0.123,10.0
4174,0.0009121894836425781,0.123,10.8
4175,0.0016047954559326172,0.123,12.0
4176,0.0006501674652099609,0.123,12.8
4177,0.0017020702362060547,0.123,14.0
4178,0.0005996227264404297,0.123,14.8
4179,0.0021386146545410156,0.123,16.0
4180,0.0005576610565185547,0.123,17.2
4181,0.0013148784637451172,0.123,18.400000000000002
4182,0.00044417381286621094,0.119,19.200000000000003
4183,0.0005323886871337891,0.112,20.400000000000002
4184,0.0007512569427490234,0.11,21.6
4185,0.0005402565002441406,0.101,22.400000000000002
4186,0.0009036064147949219,0.099,23.6
4187,0.0005552768707275391,0.097,24.400000000000002
4188,0.0005931854248046875,0.097,25.200000000000003
4189,0.0005667209625244141,0.097,26.0
4190,0.001245260238647461,0.097,26.8
4191,0.0010211467742919922,0.097,27.6
4192,0.0007853507995605469,0.097,28.0
4193,0.0012443065643310547,0.097,28.400000000000002
4194,0.0013892650604248047,0.097,28.8
4195,0.0014557838439941406,0.097,29.200000000000003
4196,0.0006561279296875,0.097,29.200000000000003
4197,0.0013003349304199219,0.097,29.200000000000003
4198,0.00048232078552246094,0.097,29.200000000000003
4199,0.0009002685546875,0.097,28.8
4200,0.0005304813385009766,0.106,28.400000000000002
4201,0.0007839202880859375,0.106,28.0
4202,0.0007178783416748047,0.11,27.6
4203,0.0005555152893066406,0.114,26.8
4204,0.0004401206970214844,0.114,26.400000000000002
4205,0.0004978179931640625,0.114,25.200000000000003
4206,0.00130462646484375,0.114,24.400000000000002
4207,0.0005431175231933594,0.116,23.6
4208,0.0005431175231933594,0.119,23.6
4209,0.0006091594696044922,0.119,22.400000000000002
4210,0.0006363391876220703,0.119,21.6
4211,0.00084686279296875,0.119,20.400000000000002
4212,0.0009703636169433594,0.119,19.200000000000003
4213,0.0015022754669189453,0.119,18.0
4214,0.0012619495391845703,0.119,17.2
4215,0.0016989707946777344,0.119,16.0
4216,0.0004932880401611328,0.112,14.8
4217,0.0002570152282714844,0.103,14.0
4218,0.0004911422729492188,0.093,12.8
4219,0.0006124973297119141,0.082,11.600000000000001
4220,0.0005598068237304688,0.075,10.8
4221,0.0006318092346191406,0.075,10.0
4222,0.0006129741668701172,0.075,8.4
4223,0.0006041526794433594,0.075,7.6000000000000005
4224,0.0009882450103759766,0.075,6.800000000000001
4225,0.0006868839263916016,0.075,6.0
4226,0.0016498565673828125,0.075,5.6000000000000005
4227,0.0006873607635498047,0.075,4.800000000000001
4228,0.0012280941009521484,0.075,4.4
4229,0.0007886886596679688,0.075,4.0
4230,0.0009987354278564453,0.078,3.2
4231,0.0005626678466796875,0.08,2.8000000000000003
4232,0.0006544589996337891,0.086,2.4000000000000004
4233,0.0005271434783935547,0.093,2.4000000000000004
4234,0.0005612373352050781,0.095,2.0
4235,0.0005645751953125,0.097,2.0
4236,0.0006465911865234375,0.097,1.6
4237,0.0005900859832763672,0.103,1.6
4238,0.0006966590881347656,0.106,1.6
4239,0.0009872913360595703,0.106,2.0
4240,0.0005877017974853516,0.108,2.0
4241,0.0005245208740234375,0.11,2.4000000000000004
4242,0.0009672641754150391,0.11,2.8000000000000003
4243,0.0005288124084472656,0.11,3.2
4244,0.0020766258239746094,0.11,3.6
4245,0.0006344318389892578,0.11,4.4
4246,0.0019271373748779297,0.11,4.800000000000001
4247,0.0020694732666015625,0.11,5.6000000000000005
4248,0.0006279945373535156,0.11,6.4
4249,0.0021848678588867188,0.11,7.6000000000000005
4250,0.0005831718444824219,0.11,8.4
4251,0.0013115406036376953,0.11,9.600000000000001
4252,0.0006477832794189453,0.11,10.4
4253,0.0016198158264160156,0.11,11.600000000000001
4254,0.0013718605041503906,0.11,12.8
4255,0.001058816909790039,0.101,14.0
4256,0.0004980564117431641,0.101,14.8
4257,0.0008053779602050781,0.101,16.0
4258,0.0005297660827636719,0.097,17.2
4259,0.0008106231689453125,0.091,18.400000000000002
4260,0.0004904270172119141,0.084,19.6
4261,0.0005810260772705078,0.082,20.400000000000002
4262,0.0005638599395751953,0.08,21.6
4263,0.0008022785186767578,0.08,22.400000000000002
4264,0.0005414485931396484,0.08,23.6
4265,0.0005116462707519531,0.08,24.400000000000002
4266,0.0015311241149902344,0.08,24.8
4267,0.0016129016876220703,0.08,25.6
4268,0.0006766319274902344,0.08,26.0
4269,0.0013175010681152344,0.08,26.400000000000002
4270,0.0018801689147949219,0.08,26.8
4271,0.0017211437225341797,0.08,26.8
4272,0.001207590103149414,0.08,26.8
4273,0.002013683319091797,0.08,26.8
4274,0.0006754398345947266,0.08,26.400000000000002
4275,0.0003256797790527344,0.086,26.400000000000002
4276,0.0004875659942626953,0.088,25.6
4277,0.0006220340728759766,0.088,25.200000000000003
4278,0.0013315677642822266,0.088,24.400000000000002
4279,0.0004892349243164062,0.093,23.6
4280,0.0007293224334716797,0.093,22.8
4281,0.0005095005035400391,0.093,22.0
4282,0.00048065185546875,0.093,20.8
4283,0.0014641284942626953,0.093,19.6
4284,0.0008096694946289062,0.093,18.400000000000002
4285,0.0006823539733886719,0.093,17.2
4286,0.0005757808685302734,0.093,16.0
4287,0.0016369819641113281,0.093,14.8
4288,0.0006015300750732422,0.093,13.200000000000001
4289,0.0020160675048828125,0.093,12.0
4290,0.0006256103515625,0.093,10.8
4291,0.002489328384399414,0.093,9.600000000000001
4292,0.0005919933319091797,0.093,8.4
4293,0.0021457672119140625,0.093,7.2
4294,0.0004363059997558594,0.088,6.0
4295,0.0009129047393798828,0.084,4.800000000000001
4296,0.0005557537078857422,0.075,4.0
4297,0.0007236003875732422,0.075,2.8000000000000003
4298,0.0005013942718505859,0.071,2.0
4299,0.0004398822784423828,0.071,1.2000000000000002
4300,0.0009829998016357422,0.071,0.4
4301,0.00047850608825683594,0.071,0.0
4302,0.001622915267944336,0.071,-0.4
4303,0.0006554126739501953,0.071,-0.8
4304,0.002362966537475586,0.071,-1.2000000000000002
4305,0.0006139278411865234,0.071,-1.6
4306,0.002166271209716797,0.071,-2.0
4307,0.0006482601165771484,0.071,-2.0
4308,0.00205230712890625,0.071,-2.0
4309,0.0005748271942138672,0.071,-2.0
4310,0.002232789993286133,0.071,-1.6
4311,0.0005486011505126953,0.073,-1.6
4312,0.0005850791931152344,0.08,-1.2000000000000002
4313,0.0008423328399658203,0.08,-0.8
4314,0.0035331249237060547,0.08,-0.4
4315,0.0005104541778564453,0.084,0.4
4316,0.0023577213287353516,0.084,0.8
4317,0.00046181678771972656,0.093,1.6
4318,0.00037789344787597656,0.095,2.4000000000000004
4319,0.0006930828094482422,0.095,3.2
4320,0.0008816719055175781,0.095,4.0
4321,0.0008084774017333984,0.095,4.800000000000001
4322,0.001211404800415039,0.095,6.0
4323,0.001968860626220703,0.095,6.800000000000001
4324,0.0006740093231201172,0.095,8.0
4325,0.0020606517791748047,0.095,8.8
4326,0.0006618499755859375,0.095,10.0
4327,0.0019252300262451172,0.095,11.200000000000001
4328,0.0006177425384521484,0.095,12.0
4329,0.0010788440704345703,0.093,13.200000000000001
4330,0.0005571842193603516,0.088,14.4
4331,0.0008692741394042969,0.088,15.200000000000001
4332,0.0005536079406738281,0.084,16.400000000000002
4333,0.0005564689636230469,0.084,17.6
4334,0.0005719661712646484,0.08,18.400000000000002
4335,0.00028443336486816406,0.08,19.200000000000003
4336,0.0005776882171630859,0.08,20.400000000000002
4337,0.0005578994750976562,0.08,21.200000000000003
4338,0.0005552768707275391,0.08,21.6
4339,0.0007214546203613281,0.08,22.400000000000002
4340,0.0006279945373535156,0.08,22.8
4341,0.0012784004211425781,0.08,23.6
4342,0.0006139278411865234,0.08,24.0
4343,0.0012695789337158203,0.08,24.0
4344,0.0006132125854492188,0.08,24.400000000000002
4345,0.0012371540069580078,0.08,24.400000000000002
4346,0.0006160736083984375,0.08,24.400000000000002
4347,0.0017282962799072266,0.08,24.0
4348,0.001722574234008789,0.08,24.0
4349,0.0005033016204833984,0.08,23.6
4350,0.0006194114685058594,0.073,22.8
4351,0.0005626678466796875,0.071,22.400000000000002
4352,0.0006313323974609375,0.071,22.0
4353,0.0006313323974609375,0.065,22.0
4354,0.0006582736968994141,0.06,21.200000000000003
4355,0.00047779083251953125,0.05,20.400000000000002
4356,0.0006413459777832031,0.043,19.6
4357,0.0005652904510498047,0.043,18.400000000000002
4358,0.0005633831024169922,0.043,17.6
4359,0.0005872249603271484,0.043,16.400000000000002
4360,0.0006010532379150391,0.043,15.200000000000001
4361,0.0009310245513916016,0.043,14.0
4362,0.0008051395416259766,0.043,12.8
4363,0.0004851818084716797,0.039,11.600000000000001
4364,0.00027441978454589844,0.039,10.0
4365,0.00036072731018066406,0.034,8.8
4366,0.0006024837493896484,0.028,7.6000000000000005
4367,0.00016069412231445312,0.019,6.0
4368,0.0008406639099121094,0.011,4.4
4369,0.0008215904235839844,0.0,3.2
4370,0.0004813671112060547,0.0,1.6
4371,0.0005626678466796875,0.0,0.4
4372,0.0005795955657958984,0.0,-1.2000000000000002
4373,0.0005526542663574219,0.0,-2.4000000000000004
4374,0.0006175041198730469,0.0,-3.6
4375,0.0015685558319091797,0.0,-5.2
4376,0.0008130073547363281,0.0,-6.4
4377,0.0008115768432617188,0.0,-7.6000000000000005
4378,0.0006558895111083984,0.0,-8.8
4379,0.00075531005859375,0.0,-10.0
4380,0.0004756450653076172,0.0,-10.8
4381,0.0004069805145263672,0.0,-11.600000000000001
4382,0.0006139278411865234,0.0,-12.8
4383,0.0004642009735107422,0.0,-13.200000000000001
4384,0.0006797313690185547,0.0,-14.0
4385,0.0007314682006835938,0.0,-14.4
4386,0.0005252361297607422,0.0,-14.8
4387,0.0018470287322998047,0.0,-15.200000000000001
4388,0.0015897750854492188,0.0,-15.200000000000001
4389,0.0006318092346191406,0.0,-15.200000000000001
4390,0.0013022422790527344,0.0,-15.200000000000001
4391,0.0005481243133544922,0.0,-14.8
4392,0.0011165142059326172,0.0,-14.8
4393,0.0004661083221435547,0.0,-14.0
4394,0.0007367134094238281,0.0,-13.600000000000001
4395,0.0005319118499755859,0.0,-12.8
4396,0.0008473396301269531,0.0,-12.0
4397,0.0005879402160644531,0.0,-11.200000000000001
4398,0.0016849040985107422,0.0,-10.4
4399,0.0006835460662841797,0.0,-9.200000000000001
4400,0.0021817684173583984,0.0,-8.0
4401,0.0016162395477294922,0.0,-6.800000000000001
4402,0.0006611347198486328,0.0,-5.6000000000000005
4403,0.002006053924560547,0.0,-4.4
4404,0.0011518001556396484,0.0,-3.2
4405,0.0020995140075683594,0.0,-2.0
4406,0.0011882781982421875,0.0,-0.4
4407,0.0026807785034179688,0.0,0.8
4408,0.0012006759643554688,0.0,2.0
4409,0.0019097328186035156,0.0,3.6
4410,0.000705718994140625,0.0,4.800000000000001
4411,0.002030611038208008,0.0,6.0
4412,0.0018773078918457031,0.0,7.2
4413,0.0011916160583496094,0.0,8.4
4414,0.002147197723388672,0.0,9.200000000000001
4415,0.0006773471832275391,0.0,10.4
4416,0.0012857913970947266,0.0,11.200000000000001
4417,0.0006234645843505859,0.0,12.0
4418,0.0012404918670654297,0.0,12.8
4419,0.0016658306121826172,0.0,13.200000000000001
4420,0.0007379055023193359,0.0,14.0
4421,0.00045228004455566406,0.0,14.4
4422,0.0007348060607910156,0.0,14.4
4423,0.0006361007690429688,0.0,14.8
4424,0.0007374286651611328,0.0,14.8
4425,0.0007407665252685547,0.0,14.4
4426,0.0008065700531005859,0.0,14.4
4427,0.0007936954498291016,0.0,14.0
4428,0.0013408660888671875,0.0,13.600000000000001
4429,0.0014421939849853516,0.0,13.200000000000001
4430,0.0013470649719238281,0.0,12.4
4431,0.0015773773193359375,0.0,11.600000000000001
4432,0.0007998943328857422,0.0,10.8
4433,0.0022950172424316406,0.0,10.0
4434,0.0004811286926269531,0.0,8.8
4435,0.0018436908721923828,0.0,7.6000000000000005
4436,0.0006155967712402344,0.0,6.800000000000001
4437,0.001687765121459961,0.0,5.6000000000000005
4438,0.0006155967712402344,0.0,4.0
4439,0.002130746841430664,0.0,2.8000000000000003
4440,0.0005695819854736328,0.0,1.6
4441,0.0013246536254882812,0.0,0.4
4442,0.0020329952239990234,0.0,-0.8
4443,0.0015857219696044922,0.0,-2.4000000000000004
4444,0.001149892807006836,0.0,-3.6
4445,0.0005998611450195312,0.0,-4.800000000000001
4446,0.0020465850830078125,0.0,-6.0
4447,0.0005774497985839844,0.0,-7.2
4448,0.0016858577728271484,0.0,-8.4
4449,0.0002586841583251953,0.0,-9.200000000000001
4450,0.0004696846008300781,0.0,-10.0
4451,0.0005254745483398438,0.0,-11.200000000000001
4452,0.0005512237548828125,0.0,-12.0
4453,0.0008423328399658203,0.0,-12.4
4454,0.00030303001403808594,0.0,-13.200000000000001
4455,0.0006129741668701172,0.0,-13.600000000000001
4456,0.0004935264587402344,0.0,-14.0
4457,0.0006928443908691406,0.0,-14.0
4458,0.0006535053253173828,0.0,-14.4
4459,0.0016274452209472656,0.0,-14.4
4460,0.001233816146850586,0.0,-14.4
4461,0.0006971359252929688,0.0,-14.0
4462,0.0012712478637695312,0.0,-13.600000000000001
4463,0.0012009143829345703,0.0,-13.200000000000001
4464,0.0006647109985351562,0.0,-12.8
4465,0.002523660659790039,0.0,-12.0
4466,0.0006210803985595703,0.0,-11.200000000000001
4467,0.0027506351470947266,0.0,-10.4
4468,0.002117156982421875,0.0,-9.600000000000001
4469,0.0006415843963623047,0.0,-8.8
4470,0.001325845718383789,0.0,-7.6000000000000005
4471,0.002477407455444336,0.0,-6.4
4472,0.0005948543548583984,0.0,-5.2
4473,0.0012776851654052734,0.0,-4.0
4474,0.0005657672882080078,0.0,-2.8000000000000003
4475,0.0012898445129394531,0.0,-1.6
4476,0.0015091896057128906,0.0,-0.4
4477,0.0005500316619873047,0.0,0.8
4478,0.0021784305572509766,0.0,2.0
4479,0.0005888938903808594,0.0,3.2
4480,0.0022580623626708984,0.0,4.4
4481,0.0005993843078613281,0.0,5.6000000000000005
4482,0.0014450550079345703,0.0,6.800000000000001
4483,0.0005724430084228516,0.0,8.0
4484,0.0019283294677734375,0.0,8.8
4485,0.0006208419799804688,0.0,9.600000000000001
4486,0.001956462860107422,0.0,10.4
4487,0.000576019287109375,0.0,11.200000000000001
4488,0.0025701522827148438,0.0,12.0
4489,0.0017237663269042969,0.0,12.4
4490,0.0006072521209716797,0.0,12.8
4491,0.0022127628326416016,0.0,13.200000000000001
4492,0.0005540847778320312,0.0,13.600000000000001
4493,0.0013098716735839844,0.0,13.600000000000001
4494,0.0005662441253662109,0.0,13.600000000000001
4495,0.0015339851379394531,0.0,13.600000000000001
4496,0.0012772083282470703,0.0,13.200000000000001
4497,0.002157926559448242,0.0,13.200000000000001
4498,0.0027763843536376953,0.0,12.8
4499,0.0012404918670654297,0.0,12.0
4500,0.0005483627319335938,0.0,11.600000000000001
4501,0.0016601085662841797,0.0,10.8
4502,0.0011782646179199219,0.0,10.0
4503,0.0005908012390136719,0.0,9.200000000000001
4504,0.001584768295288086,0.0,8.0
4505,0.0011937618255615234,0.0,7.2
4506,0.001405477523803711,0.0,6.0
4507,0.0005862712860107422,0.0,4.800000000000001
4508,0.0016489028930664062,0.0,4.0
4509,0.0005712509155273438,0.0,2.8000000000000003
4510,0.0012683868408203125,0.0,1.6
4511,0.0006299018859863281,0.0,0.0
4512,0.001550436019897461,0.0,-1.2000000000000002
4513,0.0006363391876220703,0.0,-2.4000000000000004
4514,0.001667022705078125,0.0,-3.6
4515,0.0014743804931640625,0.0,-4.4
4516,0.0018455982208251953,0.0,-5.6000000000000005
4517,0.0019233226776123047,0.0,-6.800000000000001
4518,0.0015604496002197266,0.0,-7.6000000000000005
4519,0.0012359619140625,0.0,-8.8
4520,0.002666473388671875,0.0,-9.600000000000001
4521,0.0006995201110839844,0.0,-10.4
4522,0.0006995201110839844,0.0,-10.4
4523,0.0004718303680419922,0.0,-11.200000000000001
4524,0.0006442070007324219,0.0,-11.600000000000001
4525,0.0007262229919433594,0.0,-12.4
4526,0.0015606880187988281,0.0,-12.8
4527,0.0016624927520751953,0.0,-13.200000000000001
4528,0.002301454544067383,0.0,-13.200000000000001
4529,0.001046895980834961,0.0,-13.200000000000001
4530,0.0016276836395263672,0.0,-13.200000000000001
4531,0.0007927417755126953,0.0,-13.200000000000001
4532,0.0017261505126953125,0.0,-13.200000000000001
4533,0.0007102489471435547,0.0,-12.8
4534,0.001482248306274414,0.0,-12.4
4535,0.0006945133209228516,0.0,-12.0
4536,0.0016193389892578125,0.0,-11.200000000000001
4537,0.0006091594696044922,0.0,-10.4
4538,0.001638650894165039,0.0,-9.600000000000001
4539,0.0005786418914794922,0.0,-8.8
4540,0.0015869140625,0.0,-8.0
4541,0.0024623870849609375,0.0,-7.2
4542,0.0006132125854492188,0.0,-6.0
4543,0.0013082027435302734,0.0,-4.800000000000001
4544,0.0006451606750488281,0.0,-3.6
4545,0.001373291015625,0.0,-2.8000000000000003
4546,0.0006041526794433594,0.0,-1.6
4547,0.0023076534271240234,0.0,-0.4
4548,0.0006258487701416016,0.0,0.8
4549,0.001605987548828125,0.0,2.0
4550,0.0019953250885009766,0.0,3.2
4551,0.0005812644958496094,0.0,4.4
4552,0.0017061233520507812,0.0,5.6000000000000005
4553,0.002178668975830078,0.0,6.4
4554,0.0011734962463378906,0.0,7.6000000000000005
4555,0.0011477470397949219,0.0,8.4
4556,0.0013670921325683594,0.0,9.200000000000001
4557,0.001941680908203125,0.0,10.0
4558,0.0007205009460449219,0.0,10.8
4559,0.0022516250610351562,0.0,11.200000000000001
4560,0.0015363693237304688,0.0,11.600000000000001
4561,0.002023458480834961,0.0,12.0
4562,0.0011661052703857422,0.0,12.4
4563,0.0012197494506835938,0.0,12.8
4564,0.002009153366088867,0.0,12.8
4565,0.001196146011352539,0.0,12.8
4566,0.0006270408630371094,0.0,12.8
4567,0.0012726783752441406,0.0,12.4
4568,0.0022974014282226562,0.0,12.0
4569,0.0005974769592285156,0.0,11.600000000000001
4570,0.0015254020690917969,0.0,11.200000000000001
4571,0.0005662441253662109,0.0,10.8
4572,0.0019047260284423828,0.0,10.0
4573,0.0005826950073242188,0.0,9.200000000000001
4574,0.0019485950469970703,0.0,8.4
4575,0.0006418228149414062,0.0,7.6000000000000005
4576,0.001300811767578125,0.0,6.4
4577,0.001861572265625,0.0,5.6000000000000005
4578,0.0019805431365966797,0.0,4.4
4579,0.0012459754943847656,0.0,3.6
4580,0.0005841255187988281,0.0,2.4000000000000004
4581,0.0016129016876220703,0.0,1.2000000000000002
4582,0.00063323974609375,0.0,0.0
4583,0.0012860298156738281,0.0,-1.2000000000000002
4584,0.0006000995635986328,0.0,-2.4000000000000004
4585,0.0016188621520996094,0.0,-3.2
4586,0.0006422996520996094,0.0,-4.4
4587,0.002157926559448242,0.0,-5.6000000000000005
4588,0.0005803108215332031,0.0,-6.4
4589,0.0018701553344726562,0.0,-7.2
4590,0.0006234645843505859,0.0,-8.4
4591,0.0012602806091308594,0.0,-9.200000000000001
4592,0.0005681514739990234,0.0,-10.0
4593,0.001960277557373047,0.0,-10.4
4594,0.0005676746368408203,0.0,-11.200000000000001
4595,0.001550912857055664,0.0,-11.600000000000001
4596,0.0003440380096435547,0.0,-12.0
4597,0.0020444393157958984,0.0,-12.4
4598,0.0006299018859863281,0.0,-12.4
4599,0.0015652179718017578,0.0,-12.4
4600,0.0005862712860107422,0.0,-12.4
4601,0.0013096332550048828,0.0,-12.4
4602,0.0005755424499511719,0.0,-12.4
4603,0.001984834671020508,0.0,-12.0
4604,0.0005679130554199219,0.0,-11.600000000000001
4605,0.0012984275817871094,0.0,-11.200000000000001
4606,0.0012135505676269531,0.0,-10.4
4607,0.0020470619201660156,0.0,-9.600000000000001
4608,0.0005862712860107422,0.0,-9.200000000000001
4609,0.0022077560424804688,0.0,-8.4
4610,0.0002760887145996094,0.0,-7.2
4611,0.0015683174133300781,0.0,-6.4
4612,0.0006749629974365234,0.0,-5.6000000000000005
4613,0.0015704631805419922,0.0,-4.4
4614,0.0015840530395507812,0.0,-3.2
4615,0.0005822181701660156,0.0,-2.4000000000000004
4616,0.0013034343719482422,0.0,-1.2000000000000002
4617,0.0005638599395751953,0.0,0.0
4618,0.0012807846069335938,0.0,0.8
4619,0.0005905628204345703,0.0,2.0
4620,0.0013108253479003906,0.0,3.2
4621,0.0005807876586914062,0.0,4.0
4622,0.0012900829315185547,0.0,5.2
4623,0.0013592243194580078,0.0,6.0
4624,0.0015201568603515625,0.0,7.2
4625,0.0011246204376220703,0.0,8.0
4626,0.0005447864532470703,0.0,8.8
4627,0.0025691986083984375,0.0,9.600000000000001
4628,0.0005974769592285156,0.0,10.0
4629,0.0019447803497314453,0.0,10.4
4630,0.0005559921264648438,0.0,11.200000000000001
4631,0.0021359920501708984,0.0,11.600000000000001
4632,0.0005445480346679688,0.0,11.600000000000001
4633,0.0013272762298583984,0.0,12.0
4634,0.0005893707275390625,0.0,12.0
4635,0.0012700557708740234,0.0,12.0
4636,0.0006020069122314453,0.0,12.0
4637,0.0023877620697021484,0.0,11.600000000000001
4638,0.0006513595581054688,0.0,11.200000000000001
4639,0.002198457717895508,0.0,10.8
4640,0.002225637435913086,0.0,10.4
4641,0.0005707740783691406,0.0,10.0
4642,0.002214670181274414,0.0,9.200000000000001
4643,0.0008060932159423828,0.0,8.4
4644,0.0015540122985839844,0.0,7.6000000000000005
4645,0.0005915164947509766,0.0,6.800000000000001
4646,0.002493619918823242,0.0,6.0
4647,0.0005698204040527344,0.0,5.2
4648,0.0016841888427734375,0.0,4.0
4649,0.0006210803985595703,0.0,3.2
4650,0.001667022705078125,0.0,2.0
4651,0.0006275177001953125,0.0,0.8
4652,0.0024209022521972656,0.0,0.0
4653,0.0006804466247558594,0.0,-1.2000000000000002
4654,0.0017266273498535156,0.0,-2.4000000000000004
4655,0.0018413066864013672,0.0,-3.2
4656,0.0016353130340576172,0.0,-4.4
4657,0.0028183460235595703,0.0,-5.2
4658,0.0012288093566894531,0.0,-6.0
4659,0.0006124973297119141,0.0,-7.2
4660,0.002482175827026367,0.0,-8.0
4661,0.0006103515625,0.0,-8.8
4662,0.0021736621856689453,0.0,-9.200000000000001
4663,0.0006470680236816406,0.0,-10.0
4664,0.0020563602447509766,0.0,-10.4
4665,0.0007259845733642578,0.0,-10.8
4666,0.0017390251159667969,0.0,-11.200000000000001
4667,0.002655506134033203,0.0,-11.600000000000001
4668,0.002655506134033203,0.0,-11.600000000000001
4669,0.0015673637390136719,0.0,-11.600000000000001
4670,0.0006074905395507812,0.0,-11.600000000000001
4671,0.0012607574462890625,0.0,-11.600000000000001
4672,0.0019774436950683594,0.0,-11.600000000000001
4673,0.00067901611328125,0.0,-11.200000000000001
4674,0.0013234615325927734,0.0,-11.200000000000001
4675,0.0020020008087158203,0.0,-10.8
4676,0.002373933792114258,0.0,-10.4
4677,0.0014777183532714844,0.0,-9.600000000000001
4678,0.0020661354064941406,0.0,-9.200000000000001
4679,0.0015416145324707031,0.0,-8.4
4680,0.0006034374237060547,0.0,-7.6000000000000005
4681,0.0021715164184570312,0.0,-6.800000000000001
4682,0.0013778209686279297,0.0,-6.0
4683,0.0006389617919921875,0.0,-4.800000000000001
4684,0.002190113067626953,0.0,-4.0
4685,0.0016345977783203125,0.0,-2.8000000000000003
4686,0.0024213790893554688,0.0,-2.0
4687,0.0019731521606445312,0.0,-0.8
4688,0.0006110668182373047,0.0,0.0
4689,0.002390146255493164,0.0,1.2000000000000002
4690,0.0005733966827392578,0.0,2.0
4691,0.0012977123260498047,0.0,3.2
4692,0.0005574226379394531,0.0,4.0
4693,0.0012440681457519531,0.0,5.2
4694,0.0005826950073242188,0.0,6.0
4695,0.0012693405151367188,0.0,6.800000000000001
4696,0.0005602836608886719,0.0,7.6000000000000005
4697,0.0012547969818115234,0.0,8.4
4698,0.0015935897827148438,0.0,8.8
4699,0.0012204647064208984,0.0,9.600000000000001
4700,0.0006284713745117188,0.0,10.0
4701,0.001283884048461914,0.0,10.4
4702,0.0016396045684814453,0.0,10.8
4703,0.0006291866302490234,0.0,10.8
4704,0.0021278858184814453,0.0,11.200000000000001
4705,0.0006449222564697266,0.0,11.200000000000001
4706,0.002130746841430664,0.0,11.200000000000001
4707,0.0016596317291259766,0.0,11.200000000000001
4708,0.002183675765991211,0.0,10.8
4709,0.0005800724029541016,0.0,10.4
4710,0.0022521018981933594,0.0,10.0
4711,0.0006380081176757812,0.0,9.600000000000001
4712,0.0020890235900878906,0.0,9.200000000000001
4713,0.0016973018646240234,0.0,8.4
4714,0.0016245841979980469,0.0,8.0
4715,0.0006377696990966797,0.0,7.2
4716,0.0021810531616210938,0.0,6.4
4717,0.0020372867584228516,0.0,5.6000000000000005
4718,0.0006203651428222656,0.0,4.4
4719,0.002208232879638672,0.0,3.6
4720,0.0016515254974365234,0.0,2.8000000000000003
4721,0.001201629638671875,0.0,1.6
4722,0.0019598007202148438,0.0,0.8
4723,0.0014309883117675781,0.0,-0.4
4724,0.0021610260009765625,0.0,-1.2000000000000002
4725,0.0015118122100830078,0.0,-2.4000000000000004
4726,0.0006492137908935547,0.0,-3.2
4727,0.0022635459899902344,0.0,-4.4
4728,0.0014355182647705078,0.0,-5.2
4729,0.0006151199340820312,0.0,-6.0
4730,0.001356363296508789,0.0,-6.800000000000001
4731,0.0006163120269775391,0.0,-7.6000000000000005
4732,0.0012714862823486328,0.0,-8.4
4733,0.0006144046783447266,0.0,-8.8
4734,0.0012688636779785156,0.0,-9.200000000000001
4735,0.001287698745727539,0.0,-10.0
4736,0.0005929470062255859,0.0,-10.4
4737,0.0013546943664550781,0.0,-10.4
4738,0.001199483871459961,0.0,-10.8
4739,0.0006358623504638672,0.0,-10.8
4740,0.001256704330444336,0.0,-10.8
4741,0.0005791187286376953,0.0,-10.8
4742,0.001489877700805664,0.0,-10.8
4743,0.0005619525909423828,0.0,-10.4
4744,0.0012447834014892578,0.0,-10.4
4745,0.0019199848175048828,0.0,-10.0
4746,0.0005710124969482422,0.0,-9.600000000000001
4747,0.0020608901977539062,0.0,-8.8
4748,0.0006244182586669922,0.0,-8.4
4749,0.0015370845794677734,0.0,-7.6000000000000005
4750,0.0017688274383544922,0.0,-6.800000000000001
4751,0.0020513534545898438,0.0,-6.0
4752,0.0011451244354248047,0.0,-5.2
4753,0.002051115036010742,0.0,-4.4
4754,0.001999378204345703,0.0,-3.6
4755,0.0005960464477539062,0.0,-2.4000000000000004
4756,0.0016379356384277344,0.0,-1.6
4757,0.0006077289581298828,0.0,-0.8
4758,0.001592397689819336,0.0,0.4
4759,0.0006306171417236328,0.0,1.2000000000000002
4760,0.0024344921112060547,0.0,2.4000000000000004
4761,0.0006477832794189453,0.0,3.2
4762,0.0017695426940917969,0.0,4.0
4763,0.0012369155883789062,0.0,4.800000000000001
4764,0.0006163120269775391,0.0,5.6000000000000005
4765,0.0019655227661132812,0.0,6.4
4766,0.0017123222351074219,0.0,7.2
4767,0.0005805492401123047,0.0,8.0
4768,0.001569509506225586,0.0,8.4
4769,0.0005805492401123047,0.0,8.8
4770,0.0015330314636230469,0.0,9.600000000000001
4771,0.0005753040313720703,0.0,9.600000000000001
4772,0.0015728473663330078,0.0,10.0
4773,0.0005967617034912109,0.0,10.4
4774,0.0013074874877929688,0.0,10.4
4775,0.001829385757446289,0.0,10.4
4776,0.0014443397521972656,0.0,10.4
4777,0.0012462139129638672,0.0,10.4
4778,0.0012462139129638672,0.0,10.0
4779,0.0026237964630126953,0.0,9.600000000000001
4780,0.0005564689636230469,0.0,9.200000000000001
4781,0.0021843910217285156,0.0,8.8
4782,0.0015807151794433594,0.0,8.4
4783,0.0006053447723388672,0.0,7.6000000000000005
4784,0.0015320777893066406,0.0,7.2
4785,0.0005714893341064453,0.0,6.4
4786,0.0007309913635253906,0.0,5.6000000000000005
4787,0.0006089210510253906,0.0,4.800000000000001
4788,0.0015370845794677734,0.0,4.0
4789,0.00264739990234375,0.0,3.2
4790,0.001986265182495117,0.0,2.0
4791,0.0005393028259277344,0.0,1.2000000000000002
4792,0.002058267593383789,0.0,0.4
4793,0.0017011165618896484,0.0,-0.8
4794,0.0005826950073242188,0.0,-1.6
4795,0.0012693405151367188,0.0,-2.4000000000000004
4796,0.0020132064819335938,0.0,-3.2
4797,0.0014801025390625,0.0,-4.4
4798,0.00246429443359375,0.0,-5.2
4799,0.002094268798828125,0.0,-6.0
4800,0.0006277561187744141,0.0,-6.4
4801,0.002115011215209961,0.0,-7.2
4802,0.0006077289581298828,0.0,-8.0
4803,0.0019598007202148438,0.0,-8.4
4804,0.0015997886657714844,0.0,-8.8
4805,0.0011525154113769531,0.0,-9.200000000000001
4806,0.0021314620971679688,0.0,-9.600000000000001
4807,0.001466512680053711,0.0,-10.0
4808,0.0007696151733398438,0.0,-10.0
4809,0.0012433528900146484,0.0,-10.4
4810,0.001215219497680664,0.0,-10.4
4811,0.0010857582092285156,0.0,-10.0
4812,0.002060413360595703,0.0,-10.0
4813,0.0014758110046386719,0.0,-10.0
4814,0.0013306140899658203,0.0,-9.600000000000001
4815,0.0005755424499511719,0.0,-9.200000000000001
4816,0.0015895366668701172,0.0,-8.8
4817,0.0015895366668701172,0.0,-8.8
4818,0.0013265609741210938,0.0,-8.0
4819,0.0006153583526611328,0.0,-7.6000000000000005
4820,0.0018916130065917969,0.0,-6.800000000000001
4821,0.0014424324035644531,0.0,-6.4
4822,0.0016493797302246094,0.0,-5.6000000000000005
4823,0.0005917549133300781,0.0,-4.800000000000001
4824,0.002124309539794922,0.0,-4.0
4825,0.0006036758422851562,0.0,-3.2
4826,0.002240419387817383,0.0,-2.0
4827,0.0005819797515869141,0.0,-1.2000000000000002
4828,0.0014882087707519531,0.0,-0.4
4829,0.0006232261657714844,0.0,0.4
4830,0.0018732547760009766,0.0,1.6
4831,0.001039743423461914,0.0,2.4000000000000004
4832,0.0006823539733886719,0.0,3.2
4833,0.0015575885772705078,0.0,4.0
4834,0.0007007122039794922,0.0,4.800000000000001
4835,0.001413106918334961,0.0,5.6000000000000005
4836,0.0005600452423095703,0.0,6.4
4837,0.0006873607635498047,0.0,6.800000000000001
4838,0.0010221004486083984,0.0,7.6000000000000005
4839,0.0005369186401367188,0.0,8.0
4840,0.0020263195037841797,0.0,8.4
4841,0.0006144046783447266,0.0,8.8
4842,0.002126932144165039,0.0,9.200000000000001
4843,0.0007729530334472656,0.0,9.600000000000001
4844,0.002074718475341797,0.0,9.600000000000001
4845,0.0016007423400878906,0.0,9.600000000000001
4846,0.0005991458892822266,0.0,9.600000000000001
4847,0.0012898445129394531,0.0,9.600000000000001
4848,0.0006585121154785156,0.0,9.600000000000001
4849,0.001546621322631836,0.0,9.200000000000001
4850,0.0005955696105957031,0.0,8.8
4851,0.002040863037109375,0.0,8.4
4852,0.0005824565887451172,0.0,8.0
4853,0.0013232231140136719,0.0,7.6000000000000005
4854,0.0006098747253417969,0.0,7.2
4855,0.0013394355773925781,0.0,6.4
4856,0.0019381046295166016,0.0,5.6000000000000005
4857,0.001476287841796875,0.0,5.2
4858,0.002219676971435547,0.0,4.4
4859,0.0012054443359375,0.0,3.6
4860,0.0020689964294433594,0.0,2.8000000000000003
4861,0.0006067752838134766,0.0,1.6
4862,0.0022966861724853516,0.0,0.8
4863,0.00179290771484375,0.0,0.0
4864,0.0012083053588867188,0.0,-0.8
4865,0.0006198883056640625,0.0,-1.6
4866,0.0021178722381591797,0.0,-2.4000000000000004
4867,0.0014836788177490234,0.0,-3.2
4868,0.001222848892211914,0.0,-4.0
4869,0.000621795654296875,0.0,-4.800000000000001
4870,0.00112152099609375,0.0,-5.6000000000000005
4871,0.0018546581268310547,0.0,-6.4
4872,0.0006351470947265625,0.0,-6.800000000000001
4873,0.0012886524200439453,0.0,-7.6000000000000005
4874,0.001264810562133789,0.0,-8.0
4875,0.0011436939239501953,0.0,-8.4
4876,0.0006613731384277344,0.0,-8.8
4877,0.0012233257293701172,0.0,-9.200000000000001
4878,0.0018553733825683594,0.0,-9.200000000000001
4879,0.0012848377227783203,0.0,-9.600000000000001
4880,0.0011103153228759766,0.0,-9.600000000000001
4881,0.0006337165832519531,0.0,-9.600000000000001
4882,0.0012767314910888672,0.0,-9.600000000000001
4883,0.0019652843475341797,0.0,-9.200000000000001
4884,0.0006163120269775391,0.0,-9.200000000000001
4885,0.0013608932495117188,0.0,-8.8
4886,0.0018506050109863281,0.0,-8.4
4887,0.002102375030517578,0.0,-8.0
4888,0.0006585121154785156,0.0,-7.6000000000000005
4889,0.0012614727020263672,0.0,-6.800000000000001
4890,0.0019750595092773438,0.0,-6.4
4891,0.0015420913696289062,0.0,-5.6000000000000005
4892,0.0006277561187744141,0.0,-4.800000000000001
4893,0.0012879371643066406,0.0,-4.0
4894,0.0005948543548583984,0.0,-3.2
4895,0.0013804435729980469,0.0,-2.4000000000000004
4896,0.0006070137023925781,0.0,-1.6
4897,0.002182483673095703,0.0,-0.8
4898,0.0006039142608642578,0.0,0.0
4899,0.0026476383209228516,0.0,0.8
4900,0.0006039142608642578,0.0,1.6
4901,0.0021996498107910156,0.0,2.4000000000000004
4902,0.002229452133178711,0.0,3.2
4903,0.0005698204040527344,0.0,4.0
4904,0.002090930938720703,0.0,4.800000000000001
4905,0.0018587112426757812,0.0,5.2
4906,0.0006146430969238281,0.0,6.0
4907,0.0020904541015625,0.0,6.800000000000001
4908,0.0006313323974609375,0.0,7.2
4909,0.001314401626586914,0.0,7.6000000000000005
4910,0.0005819797515869141,0.0,8.0
4911,0.0020585060119628906,0.0,8.4
4912,0.002035379409790039,0.0,8.8
4913,0.001596212387084961,0.0,8.8
4914,0.0006511211395263672,0.0,8.8
4915,0.0015418529510498047,0.0,9.200000000000001
4916,0.0020215511322021484,0.0,9.200000000000001
4917,0.0006170272827148438,0.0,8.8
4918,0.0021545886993408203,0.0,8.8
4919,0.0015358924865722656,0.0,8.4
4920,0.0011289119720458984,0.0,8.4
4921,0.0013461112976074219,0.0,8.0
4922,0.0006210803985595703,0.0,7.6000000000000005
4923,0.0021588802337646484,0.0,6.800000000000001
4924,0.0016627311706542969,0.0,6.4
4925,0.0012669563293457031,0.0,5.6000000000000005
4926,0.0018770694732666016,0.0,5.2
4927,0.0014629364013671875,0.0,4.4
4928,0.0011265277862548828,0.0,3.6
4929,0.0018198490142822266,0.0,2.8000000000000003
4930,0.0015513896942138672,0.0,2.0
4931,0.0021860599517822266,0.0,1.2000000000000002
4932,0.0006248950958251953,0.0,0.4
4933,0.0019986629486083984,0.0,-0.4
4934,0.0016393661499023438,0.0,-1.2000000000000002
4935,0.0011472702026367188,0.0,-2.0
4936,0.0020766258239746094,0.0,-2.8000000000000003
4937,0.0016825199127197266,0.0,-3.2
4938,0.002208709716796875,0.0,-4.0
4939,0.0006282329559326172,0.0,-4.800000000000001
4940,0.0015134811401367188,0.0,-5.6000000000000005
4941,0.0006246566772460938,0.0,-6.0
4942,0.0022792816162109375,0.0,-6.800000000000001
4943,0.001552581787109375,0.0,-7.2
4944,0.0006000995635986328,0.0,-7.6000000000000005
4945,0.002044200897216797,0.0,-8.0
4946,0.0014524459838867188,0.0,-8.4
4947,0.0006163120269775391,0.0,-8.4
4948,0.0013363361358642578,0.0,-8.8
4949,0.0005981922149658203,0.0,-8.8
4950,0.0020759105682373047,0.0,-8.8
4951,0.0005657672882080078,0.0,-8.8
4952,0.0020728111267089844,0.0,-8.8
4953,0.0005700588226318359,0.0,-8.4
4954,0.0020668506622314453,0.0,-8.4
4955,0.0012607574462890625,0.0,-8.0
4956,0.0020923614501953125,0.0,-7.6000000000000005
4957,0.0015687942504882812,0.0,-7.2
4958,0.0021064281463623047,0.0,-6.800000000000001
4959,0.0006120204925537109,0.0,-6.0
4960,0.0016999244689941406,0.0,-5.6000000000000005
4961,0.0016999244689941406,0.0,-5.6000000000000005
4962,0.0021440982818603516,0.0,-4.800000000000001
4963,0.0007822513580322266,0.0,-4.4
4964,0.0017595291137695312,0.0,-3.6
4965,0.0025894641876220703,0.0,-2.8000000000000003
4966,0.0012412071228027344,0.0,-2.0
4967,0.0022478103637695312,0.0,-1.2000000000000002
4968,0.0015370845794677734,0.0,-0.4
4969,0.0011560916900634766,0.0,0.4
4970,0.0011243820190429688,0.0,0.8
4971,0.002479076385498047,0.0,1.6
4972,0.0011878013610839844,0.0,2.4000000000000004
4973,0.0005898475646972656,0.0,3.2
4974,0.0013895034790039062,0.0,4.0
4975,0.0023012161254882812,0.0,4.800000000000001
4976,0.0011932849884033203,0.0,5.2
4977,0.001990079879760742,0.0,6.0
4978,0.0006499290466308594,0.0,6.4
4979,0.0013322830200195312,0.0,6.800000000000001
4980,0.0005965232849121094,0.0,7.2
4981,0.0012731552124023438,0.0,7.6000000000000005
4982,0.0005629062652587891,0.0,8.0
4983,0.0014934539794921875,0.0,8.0
4984,0.0006170272827148438,0.0,8.4
4985,0.0012853145599365234,0.0,8.4
4986,0.0018010139465332031,0.0,8.4
4987,0.0017547607421875,0.0,8.4
4988,0.0021514892578125,0.0,8.4
4989,0.001537322998046875,0.0,8.0
4990,0.0005919933319091797,0.0,8.0
4991,0.0020101070404052734,0.0,7.6000000000000005
4992,0.0005788803100585938,0.0,7.2
4993,0.0019402503967285156,0.0,6.800000000000001
4994,0.0015461444854736328,0.0,6.4
4995,0.0005784034729003906,0.0,5.6000000000000005
4996,0.0016925334930419922,0.0,5.2
4997,0.0005755424499511719,0.0,4.4
4998,0.002312898635864258,0.0,4.0
4999,0.0021228790283203125,0.0,3.2
5000,0.0005567073822021484,0.0,2.4000000000000004
5001,0.0015857219696044922,0.0,1.6
5002,0.0005669593811035156,0.0,1.2000000000000002
5003,0.0013108253479003906,0.0,0.4
5004,0.0016112327575683594,0.0,-0.4
5005,0.0005919933319091797,0.0,-1.2000000000000002
5006,0.0012612342834472656,0.0,-2.0
5007,0.0012087821960449219,0.0,-2.8000000000000003
5008,0.0021474361419677734,0.0,-3.2
5009,0.001573324203491211,0.0,-4.0
5010,0.0005757808685302734,0.0,-4.800000000000001
5011,0.0012962818145751953,0.0,-5.2
5012,0.0005848407745361328,0.0,-6.0
5013,0.002097606658935547,0.0,-6.4
5014,0.0011861324310302734,0.0,-6.800000000000001
5015,0.0005810260772705078,0.0,-7.2
5016,0.0019593238830566406,0.0,-7.6000000000000005
5017,0.0018463134765625,0.0,-8.0
5018,0.0006048679351806641,0.0,-8.0
5019,0.0012660026550292969,0.0,-8.0
5020,0.0019903182983398438,0.0,-8.4
5021,0.001985788345336914,0.0,-8.4
5022,0.0015292167663574219,0.0,-8.4
5023,0.0006463527679443359,0.0,-8.0
5024,0.0018322467803955078,0.0,-8.0
5025,0.0015273094177246094,0.0,-7.6000000000000005
5026,0.001157522201538086,0.0,-7.2
5027,0.0019414424896240234,0.0,-6.800000000000001
5028,0.0015153884887695312,0.0,-6.4
5029,0.0023794174194335938,0.0,-6.0
5030,0.0015897750854492188,0.0,-5.6000000000000005
5031,0.0024199485778808594,0.0,-4.800000000000001
5032,0.0006203651428222656,0.0,-4.4
5033,0.0014736652374267578,0.0,-3.6
5034,0.0016846656799316406,0.0,-3.2
5035,0.0006887912750244141,0.0,-2.4000000000000004
5036,0.0012674331665039062,0.0,-1.6
5037,0.0005645751953125,0.0,-0.8
5038,0.0006568431854248047,0.0,-0.4
5039,0.0020551681518554688,0.0,0.4
5040,0.0014939308166503906,0.0,1.2000000000000002
5041,0.0006422996520996094,0.0,2.0
5042,0.0013058185577392578,0.0,2.4000000000000004
5043,0.0009024143218994141,0.0,3.2
5044,0.0015878677368164062,0.0,4.0
5045,0.0015904903411865234,0.0,4.4
5046,0.0006787776947021484,0.0,5.2
5047,0.0015034675598144531,0.0,5.6000000000000005
5048,0.0015215873718261719,0.0,6.0
5049,0.0006535053253173828,0.0,6.4
5050,0.0012295246124267578,0.0,6.800000000000001
5051,0.0006456375122070312,0.0,7.2
5052,0.0021080970764160156,0.0,7.6000000000000005
5053,0.0007867813110351562,0.0,7.6000000000000005
5054,0.0019502639770507812,0.0,7.6000000000000005
5055,0.0014748573303222656,0.0,8.0
5056,0.0005681514739990234,0.0,8.0
5057,0.0020961761474609375,0.0,7.6000000000000005
5058,0.0007739067077636719,0.0,7.6000000000000005
5059,0.0012810230255126953,0.0,7.6000000000000005
5060,0.0011487007141113281,0.0,7.2
5061,0.0011453628540039062,0.0,6.800000000000001
5062,0.0006260871887207031,0.0,6.4
5063,0.0017917156219482422,0.0,6.0
5064,0.0005638599395751953,0.0,5.6000000000000005
5065,0.0019135475158691406,0.0,5.2
5066,0.0015859603881835938,0.0,4.4
5067,0.0005574226379394531,0.0,4.0
5068,0.0012722015380859375,0.0,3.2
5069,0.0019338130950927734,0.0,2.8000000000000003
5070,0.0006046295166015625,0.0,2.0
5071,0.0012688636779785156,0.0,1.2000000000000002
5072,0.0012543201446533203,0.0,0.8
5073,0.0011110305786132812,0.0,0.0
5074,0.0018646717071533203,0.0,-0.8
5075,0.0017540454864501953,0.0,-1.6
5076,0.0011451244354248047,0.0,-2.0
5077,0.0006072521209716797,0.0,-2.8000000000000003
5078,0.0012695789337158203,0.0,-3.6
5079,0.0011494159698486328,0.0,-4.0
5080,0.0005953311920166016,0.0,-4.4
5081,0.0023162364959716797,0.0,-5.2
5082,0.0010721683502197266,0.0,-5.6000000000000005
5083,0.002188444137573242,0.0,-6.0
5084,0.0015859603881835938,0.0,-6.4
5085,0.0019996166229248047,0.0,-6.800000000000001
5086,0.0006368160247802734,0.0,-7.2
5087,0.0018055438995361328,0.0,-7.2
5088,0.0021352767944335938,0.0,-7.6000000000000005
5089,0.002153635025024414,0.0,-7.6000000000000005
5090,0.0005807876586914062,0.0,-7.6000000000000005
5091,0.001493215560913086,0.0,-7.6000000000000005
5092,0.00127410888671875,0.0,-7.6000000000000005
5093,0.0006237030029296875,0.0,-7.6000000000000005
5094,0.0012555122375488281,0.0,-7.2
5095,0.0005960464477539062,0.0,-7.2
5096,0.0014989376068115234,0.0,-6.800000000000001
5097,0.0018630027770996094,0.0,-6.4
5098,0.0005941390991210938,0.0,-6.0
5099,0.0019521713256835938,0.0,-5.6000000000000005
5100,0.0019457340240478516,0.0,-4.800000000000001
5101,0.0005917549133300781,0.0,-4.4
5102,0.0013179779052734375,0.0,-4.0
5103,0.001251220703125,0.0,-3.2
5104,0.0019199848175048828,0.0,-2.8000000000000003
5105,0.0005514621734619141,0.0,-2.0
5106,0.0013132095336914062,0.0,-1.2000000000000002
5107,0.0011413097381591797,0.0,-0.8
5108,0.0011413097381591797,0.0,-0.8
5109,0.0012402534484863281,0.0,0.0
5110,0.0017852783203125,0.0,0.8
5111,0.0005886554718017578,0.0,1.2000000000000002
5112,0.0012726783752441406,0.0,2.0
5113,0.0012297630310058594,0.0,2.8000000000000003
5114,0.0006201267242431641,0.0,3.2
5115,0.0013065338134765625,0.0,4.0
5116,0.0005979537963867188,0.0,4.4
5117,0.002228975296020508,0.0,4.800000000000001
5118,0.0006310939788818359,0.0,5.2
5119,0.001590728759765625,0.0,5.6000000000000005
5120,0.0005769729614257812,0.0,6.0
5121,0.0023996829986572266,0.0,6.4
5122,0.0012235641479492188,0.0,6.800000000000001
5123,0.001150369644165039,0.0,6.800000000000001
5124,0.001188039779663086,0.0,7.2
5125,0.0011229515075683594,0.0,7.2
5126,0.0020313262939453125,0.0,7.2
5127,0.0006122589111328125,0.0,7.2
5128,0.002026081085205078,0.0,7.2
5129,0.0018961429595947266,0.0,7.2
5130,0.0011470317840576172,0.0,6.800000000000001
5131,0.0016803741455078125,0.0,6.4
5132,0.0006020069122314453,0.0,6.4
5133,0.0017175674438476562,0.0,6.0
5134,0.001543283462524414,0.0,5.6000000000000005
5135,0.0011491775512695312,0.0,5.2
5136,0.0019078254699707031,0.0,4.4
5137,0.0018000602722167969,0.0,4.0
5138,0.002523183822631836,0.0,3.6
5139,0.0011963844299316406,0.0,2.8000000000000003
5140,0.0006401538848876953,0.0,2.4000000000000004
5141,0.0013036727905273438,0.0,1.6
5142,0.0006227493286132812,0.0,0.8
5143,0.001272439956665039,0.0,0.4
5144,0.0005660057067871094,0.0,-0.4
5145,0.002028942108154297,0.0,-0.8
5146,0.0015366077423095703,0.0,-1.6
5147,0.0005664825439453125,0.0,-2.4000000000000004
5148,0.0012404918670654297,0.0,-2.8000000000000003
5149,0.0005812644958496094,0.0,-3.2
5150,0.002046823501586914,0.0,-4.0
5151,0.0005862712860107422,0.0,-4.4
5152,0.0012788772583007812,0.0,-4.800000000000001
5153,0.000621795654296875,0.0,-5.2
5154,0.0013000965118408203,0.0,-5.6000000000000005
5155,0.0005667209625244141,0.0,-6.0
5156,0.002254962921142578,0.0,-6.4
5157,0.0005519390106201172,0.0,-6.800000000000001
5158,0.0016047954559326172,0.0,-6.800000000000001
5159,0.0006172657012939453,0.0,-7.2
5160,0.0026099681854248047,0.0,-7.2
5161,0.0005774497985839844,0.0,-7.2
5162,0.002520322799682617,0.0,-7.2
5163,0.0006239414215087891,0.0,-6.800000000000001
5164,0.0013248920440673828,0.0,-6.800000000000001
5165,0.0011646747589111328,0.0,-6.800000000000001
5166,0.0006957054138183594,0.0,-6.4
5167,0.0018680095672607422,0.0,-6.0
5168,0.0005741119384765625,0.0,-5.6000000000000005
5169,0.001220703125,0.0,-5.2
5170,0.00055694580078125,0.0,-4.800000000000001
5171,0.0012617111206054688,0.0,-4.4
5172,0.0005977153778076172,0.0,-4.0
5173,0.0016257762908935547,0.0,-3.2
5174,0.000553131103515625,0.0,-2.8000000000000003
5175,0.0020818710327148438,0.0,-2.0
5176,0.0016286373138427734,0.0,-1.6
5177,0.0005457401275634766,0.0,-0.8
5178,0.0016505718231201172,0.0,-0.4
5179,0.0005667209625244141,0.0,0.4
5180,0.0021448135375976562,0.0,0.8
5181,0.0016987323760986328,0.0,1.6
5182,0.000579833984375,0.0,2.0
5183,0.0013246536254882812,0.0,2.8000000000000003
5184,0.0011839866638183594,0.0,3.2
5185,0.0005643367767333984,0.0,3.6
5186,0.0021491050720214844,0.0,4.4
5187,0.0005896091461181641,0.0,4.800000000000001
5188,0.001451730728149414,0.0,5.2
5189,0.0013594627380371094,0.0,5.6000000000000005
5190,0.001969575881958008,0.0,6.0
5191,0.0005848407745361328,0.0,6.0
5192,0.0013556480407714844,0.0,6.4
5193,0.0006129741668701172,0.0,6.4
5194,0.002101898193359375,0.0,6.800000000000001
5195,0.0005602836608886719,0.0,6.800000000000001
5196,0.0021300315856933594,0.0,6.800000000000001
5197,0.0006229877471923828,0.0,6.800000000000001
5198,0.0022809505462646484,0.0,6.4
5199,0.0005807876586914062,0.0,6.4
5200,0.0012886524200439453,0.0,6.0
5201,0.0006184577941894531,0.0,6.0
5202,0.0019986629486083984,0.0,5.6000000000000005
5203,0.0017862319946289062,0.0,5.2
5204,0.0005779266357421875,0.0,4.800000000000001
5205,0.001283884048461914,0.0,4.4
5206,0.0005741119384765625,0.0,4.0
5207,0.001249551773071289,0.0,3.6
5208,0.0005595684051513672,0.0,2.8000000000000003
5209,0.0015635490417480469,0.0,2.4000000000000004
5210,0.0005762577056884766,0.0,2.0
5211,0.0013012886047363281,0.0,1.2000000000000002
5212,0.0014913082122802734,0.0,0.8
5213,0.0005421638488769531,0.0,0.0
5214,0.001438140869140625,0.0,-0.4
5215,0.0005400180816650391,0.0,-1.2000000000000002
5216,0.0013713836669921875,0.0,-1.6
5217,0.0005726814270019531,0.0,-2.4000000000000004
5218,0.0012025833129882812,0.0,-2.8000000000000003
5219,0.0005774497985839844,0.0,-3.2
5220,0.0012176036834716797,0.0,-4.0
5221,0.0005466938018798828,0.0,-4.4
5222,0.001984834671020508,0.0,-4.800000000000001
5223,0.001476287841796875,0.0,-5.2
5224,0.0020513534545898438,0.0,-5.6000000000000005
5225,0.0012869834899902344,0.0,-6.0
5226,0.0005819797515869141,0.0,-6.0
5227,0.0013134479522705078,0.0,-6.4
5228,0.0005559921264648438,0.0,-6.4
5229,0.00131988525390625,0.0,-6.4
5230,0.0016891956329345703,0.0,-6.4
5231,0.0005741119384765625,0.0,-6.4
5232,0.002140522003173828,0.0,-6.4
5233,0.0005595684051513672,0.0,-6.4
5234,0.0013442039489746094,0.0,-6.4
5235,0.00061798095703125,0.0,-6.0
5236,0.0022132396697998047,0.0,-5.6000000000000005
5237,0.0005943775177001953,0.0,-5.6000000000000005
5238,0.0018258094787597656,0.0,-5.2
5239,0.0024518966674804688,0.0,-4.800000000000001
5240,0.0020766258239746094,0.0,-4.4
5241,0.0012159347534179688,0.0,-4.0
5242,0.0005960464477539062,0.0,-3.2
5243,0.0013816356658935547,0.0,-2.8000000000000003
5244,0.0005548000335693359,0.0,-2.4000000000000004
5245,0.001325368881225586,0.0,-1.6
5246,0.0017838478088378906,0.0,-1.2000000000000002
5247,0.0005934238433837891,0.0,-0.8
5248,0.0012972354888916016,0.0,0.0
5249,0.0021491050720214844,0.0,0.4
5250,0.0005702972412109375,0.0,1.2000000000000002
5251,0.0013186931610107422,0.0,1.6
5252,0.0011606216430664062,0.0,2.0
5253,0.0018930435180664062,0.0,2.8000000000000003
5254,0.0005774497985839844,0.0,3.2
5255,0.002240419387817383,0.0,3.6
5256,0.0005602836608886719,0.0,4.0
5257,0.0013997554779052734,0.0,4.4
5258,0.0024619102478027344,0.0,4.800000000000001
5259,0.0013475418090820312,0.0,5.2
5260,0.0013475418090820312,0.0,5.2
5261,0.0017242431640625,0.0,5.6000000000000005
5262,0.0005829334259033203,0.0,5.6000000000000005
5263,0.0013670921325683594,0.0,6.0
5264,0.0005805492401123047,0.0,6.0
5265,0.0019741058349609375,0.0,6.0
5266,0.0017843246459960938,0.0,6.0
5267,0.0018990039825439453,0.0,6.0
5268,0.0011968612670898438,0.0,6.0
5269,0.002621173858642578,0.0,6.0
5270,0.00197601318359375,0.0,6.0
5271,0.0011701583862304688,0.0,5.6000000000000005
5272,0.0005638599395751953,0.0,5.2
5273,0.0012395381927490234,0.0,5.2
5274,0.0005638599395751953,0.0,4.800000000000001
5275,0.0012636184692382812,0.0,4.4
5276,0.0019965171813964844,0.0,4.0
5277,0.001550912857055664,0.0,3.6
5278,0.002140045166015625,0.0,2.8000000000000003
5279,0.0017604827880859375,0.0,2.4000000000000004
5280,0.0016498565673828125,0.0,2.0
5281,0.0019850730895996094,0.0,1.6
5282,0.0014750957489013672,0.0,0.8
5283,0.0006265640258789062,0.0,-0.4
5284,0.0013072490692138672,0.0,-0.8
5285,0.0006368160247802734,0.0,-1.2000000000000002
5286,0.002070188522338867,0.0,-2.0
5287,0.0006010532379150391,0.0,-2.4000000000000004
5288,0.0012869834899902344,0.0,-2.8000000000000003
5289,0.0022668838500976562,0.0,-3.2
5290,0.0006194114685058594,0.0,-3.6
5291,0.0015931129455566406,0.0,-4.0
5292,0.0012271404266357422,0.0,-4.4
5293,0.0020711421966552734,0.0,-4.800000000000001
5294,0.0014793872833251953,0.0,-5.2
5295,0.0006172657012939453,0.0,-5.6000000000000005
5296,0.0022592544555664062,0.0,-5.6000000000000005
5297,0.0005631446838378906,0.0,-6.0
5298,0.0017893314361572266,0.0,-6.0
5299,0.001932382583618164,0.0,-6.0
5300,0.0005762577056884766,0.0,-6.0
5301,0.001287221908569336,0.0,-6.0
5302,0.0005862712860107422,0.0,-6.0
5303,0.0020525455474853516,0.0,-6.0
5304,0.0015444755554199219,0.0,-5.6000000000000005
5305,0.0006029605865478516,0.0,-5.6000000000000005
5306,0.0010848045349121094,0.0,-5.2
5307,0.0020236968994140625,0.0,-4.800000000000001
5308,0.0016677379608154297,0.0,-4.4
5309,0.0006229877471923828,0.0,-4.4
5310,0.0017597675323486328,0.0,-4.0
5311,0.0010886192321777344,0.0,-3.2
5312,0.0016655921936035156,0.0,-2.8000000000000003
5313,0.0018596649169921875,0.0,-2.4000000000000004
5314,0.0014874935150146484,0.0,-2.0
5315,0.0008070468902587891,0.0,-1.6
5316,0.0013937950134277344,0.0,-0.8
5317,0.0014615058898925781,0.0,-0.4
5318,0.0015075206756591797,0.0,0.0
5319,0.0006470680236816406,0.0,0.8
5320,0.0022826194763183594,0.0,1.2000000000000002
5321,0.001603841781616211,0.0,1.6
5322,0.0012049674987792969,0.0,2.4000000000000004
5323,0.0020074844360351562,0.0,2.8000000000000003
5324,0.001438140869140625,0.0,3.2
5325,0.0006451606750488281,0.0,3.6
5326,0.0012478828430175781,0.0,4.0
5327,0.001308441162109375,0.0,4.4
5328,0.0017647743225097656,0.0,4.800000000000001
5329,0.000469207763671875,0.0,4.800000000000001
5330,0.0005681514739990234,0.0,5.2
5331,0.0017886161804199219,0.0,5.2
5332,0.0016057491302490234,0.0,5.6000000000000005
5333,0.0012292861938476562,0.0,5.6000000000000005
5334,0.001756906509399414,0.0,5.6000000000000005
5335,0.0019609928131103516,0.0,5.6000000000000005
5336,0.0020875930786132812,0.0,5.6000000000000005
5337,0.0018687248229980469,0.0,5.6000000000000005
5338,0.0013833045959472656,0.0,5.6000000000000005
5339,0.0007154941558837891,0.0,5.2
5340,0.0025281906127929688,0.0,5.2
5341,0.0006396770477294922,0.0,4.800000000000001
5342,0.0019359588623046875,0.0,4.4
5343,0.0024156570434570312,0.0,4.0
5344,0.0006086826324462891,0.0,4.0
5345,0.0012934207916259766,0.0,3.6
5346,0.0014066696166992188,0.0,3.2
5347,0.0016062259674072266,0.0,2.4000000000000004
5348,0.0006313323974609375,0.0,2.0
5349,0.0022737979888916016,0.0,1.6
5350,0.0005512237548828125,0.0,1.2000000000000002
5351,0.0012738704681396484,0.0,0.8
5352,0.0005667209625244141,0.0,0.0
5353,0.0025413036346435547,0.0,-0.4
5354,0.0005657672882080078,0.0,-0.8
5355,0.0012600421905517578,0.0,-1.6
5356,0.0005671977996826172,0.0,-2.0
5357,0.001988649368286133,0.0,-2.4000000000000004
5358,0.0018115043640136719,0.0,-2.8000000000000003
5359,0.0019905567169189453,0.0,-3.2
5360,0.0006036758422851562,0.0,-3.6
5361,0.0012624263763427734,0.0,-4.0
5362,0.0005459785461425781,0.0,-4.4
5363,0.0021293163299560547,0.0,-4.800000000000001
5364,0.0015664100646972656,0.0,-4.800000000000001
5365,0.0005924701690673828,0.0,-5.2
5366,0.0012583732604980469,0.0,-5.2
5367,0.0012278556823730469,0.0,-5.6000000000000005
5368,0.0005931854248046875,0.0,-5.6000000000000005
5369,0.002075672149658203,0.0,-5.6000000000000005
5370,0.0005986690521240234,0.0,-5.6000000000000005
5371,0.0020835399627685547,0.0,-5.6000000000000005
5372,0.0015375614166259766,0.0,-5.6000000000000005
5373,0.0011358261108398438,0.0,-5.2
5374,0.0019216537475585938,0.0,-5.2
5375,0.0005717277526855469,0.0,-4.800000000000001
5376,0.0014595985412597656,0.0,-4.800000000000001
5377,0.0017976760864257812,0.0,-4.4
5378,0.000598907470703125,0.0,-4.0
5379,0.0013468265533447266,0.0,-3.6
5380,0.0005655288696289062,0.0,-3.2
5381,0.0013611316680908203,0.0,-2.8000000000000003
5382,0.0018949508666992188,0.0,-2.4000000000000004
5383,0.0006616115570068359,0.0,-2.0
5384,0.0025691986083984375,0.0,-1.6
5385,0.0007023811340332031,0.0,-1.2000000000000002
5386,0.0023124217987060547,0.0,-0.4
5387,0.0012373924255371094,0.0,0.0
5388,0.0019304752349853516,0.0,0.4
5389,0.0022280216217041016,0.0,0.8
5390,0.0011830329895019531,0.0,1.2000000000000002
5391,0.0018978118896484375,0.0,1.6
5392,0.0017743110656738281,0.0,2.4000000000000004
5393,0.0017960071563720703,0.0,2.8000000000000003
5394,0.0019197463989257812,0.0,3.2
5395,0.001230478286743164,0.0,3.6
5396,0.0018732547760009766,0.0,3.6
5397,0.0014979839324951172,0.0,4.0
5398,0.0006566047668457031,0.0,4.4
5399,0.0012695789337158203,0.0,4.800000000000001
5400,0.0006382465362548828,0.0,4.800000000000001
5401,0.0021162033081054688,0.0,4.800000000000001
5402,0.0005667209625244141,0.0,5.2
5403,0.001476287841796875,0.0,5.2
5404,0.0015780925750732422,0.0,5.2
5405,0.0006327629089355469,0.0,5.2
5406,0.0021059513092041016,0.0,5.2
5407,0.0018017292022705078,0.0,5.2
5408,0.0018017292022705078,0.0,5.2
5409,0.001264333724975586,0.0,4.800000000000001
5410,0.0005877017974853516,0.0,4.800000000000001
5411,0.0013680458068847656,0.0,4.4
5412,0.0017364025115966797,0.0,4.4
5413,0.0006082057952880859,0.0,4.0
5414,0.00240325927734375,0.0,3.6
5415,0.001787424087524414,0.0,3.2
5416,0.0020084381103515625,0.0,2.8000000000000003
5417,0.0005629062652587891,0.0,2.4000000000000004
5418,0.002259492874145508,0.0,2.0
5419,0.0014901161193847656,0.0,1.6
5420,0.0005655288696289062,0.0,1.2000000000000002
5421,0.0012774467468261719,0.0,0.8
5422,0.0005974769592285156,0.0,0.4
5423,0.002368927001953125,0.0,0.0
5424,0.0014584064483642578,0.0,-0.8
5425,0.0005605220794677734,0.0,-1.2000000000000002
5426,0.0015811920166015625,0.0,-1.6
5427,0.0018396377563476562,0.0,-2.0
5428,0.001661062240600586,0.0,-2.4000000000000004
5429,0.001847982406616211,0.0,-2.8000000000000003
5430,0.0006008148193359375,0.0,-3.2
5431,0.0019028186798095703,0.0,-3.6
5432,0.0005869865417480469,0.0,-4.0
5433,0.001100778579711914,0.0,-4.0
5434,0.0015714168548583984,0.0,-4.4
5435,0.0010921955108642578,0.0,-4.800000000000001
5436,0.002052783966064453,0.0,-4.800000000000001
5437,0.0014705657958984375,0.0,-4.800000000000001
5438,0.0018906593322753906,0.0,-5.2
5439,0.001348733901977539,0.0,-5.2
5440,0.0006232261657714844,0.0,-5.2
5441,0.0013222694396972656,0.0,-5.2
5442,0.0012028217315673828,0.0,-5.2
5443,0.002111673355102539,0.0,-4.800000000000001
5444,0.0015163421630859375,0.0,-4.800000000000001
5445,0.0019483566284179688,0.0,-4.800000000000001
5446,0.0006036758422851562,0.0,-4.4
5447,0.0024940967559814453,0.0,-4.0
5448,0.002242565155029297,0.0,-4.0
5449,0.0005741119384765625,0.0,-3.6
5450,0.0012784004211425781,0.0,-3.2
5451,0.0006003379821777344,0.0,-2.8000000000000003
5452,0.001264333724975586,0.0,-2.4000000000000004
5453,0.001177072525024414,0.0,-2.0
5454,0.0019402503967285156,0.0,-1.6
5455,0.0014295578002929688,0.0,-1.2000000000000002
5456,0.0005598068237304688,0.0,-0.8
5457,0.0015957355499267578,0.0,-0.4
5458,0.0005793571472167969,0.0,0.0
5459,0.0013017654418945312,0.0,0.4
5460,0.0005831718444824219,0.0,0.8
5461,0.0012700557708740234,0.0,1.6
5462,0.0012633800506591797,0.0,2.0
5463,0.0011017322540283203,0.0,2.4000000000000004
5464,0.0005881786346435547,0.0,2.8000000000000003
5465,0.0016562938690185547,0.0,2.8000000000000003
5466,0.0018973350524902344,0.0,3.2
5467,0.001573801040649414,0.0,3.6
5468,0.0011241436004638672,0.0,4.0
5469,0.0005958080291748047,0.0,4.0
5470,0.0020720958709716797,0.0,4.4
5471,0.0014793872833251953,0.0,4.4
5472,0.0012156963348388672,0.0,4.800000000000001
5473,0.0017936229705810547,0.0,4.800000000000001
5474,0.0005717277526855469,0.0,4.800000000000001
5475,0.0012578964233398438,0.0,4.800000000000001
5476,0.0021097660064697266,0.0,4.800000000000001
5477,0.0005774497985839844,0.0,4.800000000000001
5478,0.0013802051544189453,0.0,4.4
5479,0.0017867088317871094,0.0,4.4
5480,0.0005953311920166016,0.0,4.4
5481,0.0012488365173339844,0.0,4.0
5482,0.0006022453308105469,0.0,3.6
5483,0.0014531612396240234,0.0,3.6
5484,0.002184152603149414,0.0,3.2
5485,0.0018420219421386719,0.0,2.8000000000000003
5486,0.0009949207305908203,0.0,2.4000000000000004
5487,0.0017898082733154297,0.0,2.0
5488,0.001336812973022461,0.0,1.6
5489,0.002356290817260742,0.0,1.2000000000000002
5490,0.0007181167602539062,0.0,0.8
5491,0.0021364688873291016,0.0,0.4
5492,0.0015311241149902344,0.0,0.0
5493,0.0006706714630126953,0.0,-0.4
5494,0.002110004425048828,0.0,-0.8
5495,0.0016820430755615234,0.0,-1.2000000000000002
5496,0.0005996227264404297,0.0,-1.6
5497,0.0016448497772216797,0.0,-2.0
5498,0.0005886554718017578,0.0,-2.4000000000000004
5499,0.002026081085205078,0.0,-2.8000000000000003
5500,0.0005564689636230469,0.0,-3.2
5501,0.0015149116516113281,0.0,-3.2
5502,0.0005648136138916016,0.0,-3.6
5503,0.0012538433074951172,0.0,-4.0
5504,0.0005474090576171875,0.0,-4.0
5505,0.0016624927520751953,0.0,-4.4
5506,0.002040386199951172,0.0,-4.4
5507,0.0005557537078857422,0.0,-4.4
5508,0.0012960433959960938,0.0,-4.800000000000001
5509,0.0005929470062255859,0.0,-4.800000000000001
5510,0.0022661685943603516,0.0,-4.800000000000001
5511,0.0005717277526855469,0.0,-4.800000000000001
5512,0.0013163089752197266,0.0,-4.4
5513,0.0006353855133056641,0.0,-4.4
5514,0.0013241767883300781,0.0,-4.4
5515,0.0006039142608642578,0.0,-4.0
5516,0.0012500286102294922,0.0,-4.0
5517,0.0012285709381103516,0.0,-3.6
5518,0.0006425380706787109,0.0,-3.6
5519,0.0013506412506103516,0.0,-3.2
5520,0.0004913806915283203,0.0,-2.8000000000000003
5521,0.0005571842193603516,0.0,-2.4000000000000004
5522,0.001241445541381836,0.0,-2.0
5523,0.0016667842864990234,0.0,-1.6
5524,0.0004322528839111328,0.0,-1.2000000000000002
5525,0.0005168914794921875,0.0,-0.8
5526,0.0009829998016357422,0.0,-0.4
5527,0.0011131763458251953,0.0,0.0
5528,0.0007519721984863281,0.0,0.4
5529,0.0014026165008544922,0.0,0.8
5530,0.0006394386291503906,0.0,1.2000000000000002
5531,0.002079010009765625,0.0,1.6
5532,0.0015196800231933594,0.0,2.0
5533,0.0006175041198730469,0.0,2.0
5534,0.002126932144165039,0.0,2.4000000000000004
5535,0.0006258487701416016,0.0,2.8000000000000003
5536,0.0017757415771484375,0.0,3.2
5537,0.0006706714630126953,0.0,3.2
5538,0.002469301223754883,0.0,3.6
5539,0.0021004676818847656,0.0,4.0
5540,0.001783132553100586,0.0,4.0
5541,0.0018801689147949219,0.0,4.0
5542,0.0018281936645507812,0.0,4.4
5543,0.0007290840148925781,0.0,4.4
5544,0.0013408660888671875,0.0,4.4
5545,0.0006411075592041016,0.0,4.4
5546,0.0016760826110839844,0.0,4.4
5547,0.0012803077697753906,0.0,4.0
5548,0.0006945133209228516,0.0,4.0
5549,0.0018482208251953125,0.0,4.0
5550,0.0006210803985595703,0.0,3.6
5551,0.0013549327850341797,0.0,3.6
5552,0.0006220340728759766,0.0,3.2
5553,0.002192258834838867,0.0,3.2
5554,0.0015730857849121094,0.0,2.8000000000000003
5555,0.0015730857849121094,0.0,2.8000000000000003
5556,0.001310110092163086,0.0,2.4000000000000004
5557,0.0006041526794433594,0.0,2.0
5558,0.002023935317993164,0.0,1.6
5559,0.0016231536865234375,0.0,1.6
5560,0.0018417835235595703,0.0,1.2000000000000002
5561,0.0005669593811035156,0.0,0.8
5562,0.0013535022735595703,0.0,0.4
5563,0.0005779266357421875,0.0,0.0
5564,0.002236604690551758,0.0,-0.4
5565,0.0006937980651855469,0.0,-0.8
5566,0.0017426013946533203,0.0,-1.2000000000000002
5567,0.0005881786346435547,0.0,-1.6
5568,0.002134561538696289,0.0,-2.0
5569,0.001477956771850586,0.0,-2.4000000000000004
5570,0.0011720657348632812,0.0,-2.8000000000000003
5571,0.0018696784973144531,0.0,-2.8000000000000003
5572,0.0007238388061523438,0.0,-3.2
5573,0.001363992691040039,0.0,-3.6
5574,0.0019724369049072266,0.0,-3.6
5575,0.0016374588012695312,0.0,-4.0
5576,0.0019233226776123047,0.0,-4.0
5577,0.0020627975463867188,0.0,-4.0
5578,0.0012054443359375,0.0,-4.0
5579,0.0011687278747558594,0.0,-4.4
5580,0.0006442070007324219,0.0,-4.4
5581,0.0017290115356445312,0.0,-4.4
5582,0.0006120204925537109,0.0,-4.0
5583,0.002022981643676758,0.0,-4.0
5584,0.0017595291137695312,0.0,-4.0
5585,0.001970529556274414,0.0,-4.0
5586,0.001569986343383789,0.0,-3.6
5587,0.0020813941955566406,0.0,-3.6
5588,0.0015482902526855469,0.0,-3.2
5589,0.0006473064422607422,0.0,-2.8000000000000003
5590,0.002030611038208008,0.0,-2.8000000000000003
5591,0.0015668869018554688,0.0,-2.4000000000000004
5592,0.0019750595092773438,0.0,-2.0
5593,0.002172231674194336,0.0,-1.6
5594,0.0023119449615478516,0.0,-1.6
5595,0.001985311508178711,0.0,-1.2000000000000002
5596,0.0018908977508544922,0.0,-0.8
5597,0.0006220340728759766,0.0,-0.4
5598,0.0013279914855957031,0.0,0.0
5599,0.0005915164947509766,0.0,0.4
5600,0.001216888427734375,0.0,0.8
5601,0.001809835433959961,0.0,1.2000000000000002
5602,0.0005824565887451172,0.0,1.6
5603,0.001531362533569336,0.0,1.6
5604,0.002476215362548828,0.0,2.0
5605,0.0006120204925537109,0.0,2.4000000000000004
5606,0.0015361309051513672,0.0,2.8000000000000003
5607,0.0006253719329833984,0.0,2.8000000000000003
5608,0.001321554183959961,0.0,3.2
5609,0.0005459785461425781,0.0,3.2
5610,0.0013039112091064453,0.0,3.6
5611,0.0005712509155273438,0.0,3.6
5612,0.0016765594482421875,0.0,3.6
5613,0.0006620883941650391,0.0,4.0
5614,0.0021543502807617188,0.0,4.0
5615,0.001461029052734375,0.0,4.0
5616,0.00115203857421875,0.0,4.0
5617,0.002057313919067383,0.0,4.0
5618,0.0016355514526367188,0.0,3.6
5619,0.001546621322631836,0.0,3.6
5620,0.0006501674652099609,0.0,3.6
5621,0.0018782615661621094,0.0,3.2
5622,0.0012171268463134766,0.0,3.2
5623,0.0012443065643310547,0.0,2.8000000000000003
5624,0.0015828609466552734,0.0,2.8000000000000003
5625,0.0006155967712402344,0.0,2.4000000000000004
5626,0.001283407211303711,0.0,2.0
5627,0.0006182193756103516,0.0,1.6
5628,0.001295328140258789,0.0,1.6
5629,0.0006101131439208984,0.0,1.2000000000000002
5630,0.0020627975463867188,0.0,0.8
5631,0.001585245132446289,0.0,0.4
5632,0.001148223876953125,0.0,0.0
5633,0.002372264862060547,0.0,-0.4
5634,0.0015673637390136719,0.0,-0.4
5635,0.0006272792816162109,0.0,-0.8
5636,0.0019221305847167969,0.0,-1.2000000000000002
5637,0.0006585121154785156,0.0,-1.6
5638,0.0020895004272460938,0.0,-2.0
5639,0.0006248950958251953,0.0,-2.0
5640,0.0007307529449462891,0.0,-2.4000000000000004
5641,0.0006105899810791016,0.0,-2.8000000000000003
5642,0.002048969268798828,0.0,-2.8000000000000003
5643,0.0006022453308105469,0.0,-3.2
5644,0.0013196468353271484,0.0,-3.2
5645,0.0006153583526611328,0.0,-3.6
5646,0.0013077259063720703,0.0,-3.6
5647,0.0005817413330078125,0.0,-3.6
5648,0.0012187957763671875,0.0,-3.6
5649,0.0012257099151611328,0.0,-4.0
5650,0.0005831718444824219,0.0,-4.0
5651,0.002209901809692383,0.0,-3.6
5652,0.0005965232849121094,0.0,-3.6
5653,0.0020923614501953125,0.0,-3.6
5654,0.0024662017822265625,0.0,-3.6
5655,0.0005860328674316406,0.0,-3.2
5656,0.001344442367553711,0.0,-3.2
5657,0.0005862712860107422,0.0,-3.2
5658,0.0012500286102294922,0.0,-2.8000000000000003
5659,0.0005843639373779297,0.0,-2.4000000000000004
5660,0.0012700557708740234,0.0,-2.4000000000000004
5661,0.0005681514739990234,0.0,-2.0
5662,0.0014202594757080078,0.0,-1.6
5663,0.0012154579162597656,0.0,-1.6
5664,0.0011518001556396484,0.0,-1.2000000000000002
5665,0.0006515979766845703,0.0,-0.8
5666,0.0008521080017089844,0.0,-0.4
5667,0.0005309581756591797,0.0,0.0
5668,0.00093841552734375,0.0,0.0
5669,0.0022063255310058594,0.0,0.4
5670,0.0011472702026367188,0.0,0.8
5671,0.0021448135375976562,0.0,1.2000000000000002
5672,0.0008151531219482422,0.0,1.6
5673,0.00098419189453125,0.0,1.6
5674,0.002280712127685547,0.0,2.0
5675,0.0024213790893554688,0.0,2.4000000000000004
5676,0.0013244152069091797,0.0,2.4000000000000004
5677,0.0020101070404052734,0.0,2.8000000000000003
5678,0.0005397796630859375,0.0,2.8000000000000003
5679,0.0014998912811279297,0.0,3.2
5680,0.002170085906982422,0.0,3.2
5681,0.0008633136749267578,0.0,3.2
5682,0.0018236637115478516,0.0,3.2
5683,0.0013775825500488281,0.0,3.6
5684,0.0015664100646972656,0.0,3.6
5685,0.0008573532104492188,0.0,3.6
5686,0.0005671977996826172,0.0,3.6
5687,0.0007486343383789062,0.0,3.2
5688,0.0005128383636474609,0.0,3.2
5689,0.0007100105285644531,0.0,3.2
5690,0.0006160736083984375,0.0,3.2
5691,0.0006160736083984375,0.0,3.2
5692,0.0009145736694335938,0.0,2.8000000000000003
5693,0.0005180835723876953,0.0,2.8000000000000003
5694,0.00208282470703125,0.0,2.4000000000000004
5695,0.0007135868072509766,0.0,2.4000000000000004
5696,0.0022847652435302734,0.0,2.0
5697,0.0023534297943115234,0.0,1.6
5698,0.0008482933044433594,0.0,1.6
5699,0.001842498779296875,0.0,1.2000000000000002
5700,0.0016713142395019531,0.0,0.8
5701,0.0008208751678466797,0.0,0.4
5702,0.0013012886047363281,0.0,0.4
5703,0.0006151199340820312,0.0,0.0
5704,0.001252889633178711,0.0,-0.4
5705,0.0005888938903808594,0.0,-0.8
5706,0.002294301986694336,0.0,-0.8
5707,0.0024597644805908203,0.0,-1.2000000000000002
5708,0.0006616115570068359,0.0,-1.6
5709,0.002115964889526367,0.0,-2.0
5710,0.0006723403930664062,0.0,-2.0
5711,0.0023136138916015625,0.0,-2.4000000000000004
5712,0.0008375644683837891,0.0,-2.4000000000000004
5713,0.0005559921264648438,0.0,-2.8000000000000003
5714,0.0007145404815673828,0.0,-2.8000000000000003
5715,0.0017337799072265625,0.0,-3.2
5716,0.0012674331665039062,0.0,-3.2
5717,0.0010385513305664062,0.0,-3.2
5718,0.0017049312591552734,0.0,-3.2
5719,0.0013663768768310547,0.0,-3.2
5720,0.0017664432525634766,0.0,-3.2
5721,0.001523733139038086,0.0,-3.2
5722,0.0020287036895751953,0.0,-3.2
5723,0.0012555122375488281,0.0,-3.2
5724,0.0019893646240234375,0.0,-3.2
5725,0.0018246173858642578,0.0,-3.2
5726,0.0016694068908691406,0.0,-2.8000000000000003
5727,0.0013399124145507812,0.0,-2.8000000000000003
5728,0.0015850067138671875,0.0,-2.4000000000000004
5729,0.0008995532989501953,0.0,-2.4000000000000004
5730,0.0018723011016845703,0.0,-2.0
5731,0.0014655590057373047,0.0,-2.0
5732,0.0019872188568115234,0.0,-1.6
5733,0.0016608238220214844,0.0,-1.6
5734,0.0020635128021240234,0.0,-1.2000000000000002
5735,0.0012714862823486328,0.0,-0.8
5736,0.001230478286743164,0.0,-0.4
5737,0.0011250972747802734,0.0,-0.4
5738,0.002208709716796875,0.0,0.0
5739,0.0017991065979003906,0.0,0.4
5740,0.0012302398681640625,0.0,0.8
5741,0.0004608631134033203,0.0,0.8
5742,0.0017423629760742188,0.0,1.2000000000000002
5743,0.0012013912200927734,0.0,1.6
5744,0.0017724037170410156,0.0,1.6
5745,0.0007734298706054688,0.0,2.0
5746,0.001603841781616211,0.0,2.0
5747,0.0027747154235839844,0.0,2.4000000000000004
5748,0.0016398429870605469,0.0,2.4000000000000004
5749,0.0011627674102783203,0.0,2.8000000000000003
5750,0.0005311965942382812,0.0,2.8000000000000003
5751,0.0002522468566894531,0.0,2.8000000000000003
5752,0.00019049644470214844,0.0,2.8000000000000003
5753,0.00027489662170410156,0.0,3.2
5754,0.0008449554443359375,0.0,3.2
5755,0.0005145072937011719,0.0,3.2
5756,0.00017142295837402344,0.0,3.2
5757,0.0002727508544921875,0.0,3.2
5758,0.00022792816162109375,0.0,2.8000000000000003
