,Latency,PWM Value,Angle
0,0.0,0.0,0.0
1,0.0020029544830322266,0.0,0.0
2,0.002335071563720703,0.0,0.0
3,0.0016694068908691406,0.0,0.0
4,0.0071790218353271484,0.0,0.0
5,0.005491733551025391,0.0,0.0
6,0.002248048782348633,0.0,0.0
7,0.0018415451049804688,0.0,0.0
8,0.0007803440093994141,0.0,0.0
9,0.001003265380859375,0.0,0.0
10,0.0060825347900390625,0.0,0.0
11,0.0002994537353515625,0.0,0.0
12,0.0010781288146972656,0.0,0.0
13,0.0004665851593017578,0.0,0.0
14,0.0017795562744140625,0.0,0.0
15,0.0005288124084472656,0.0,0.0
16,0.0015096664428710938,0.0,0.0
17,0.002297639846801758,0.0,0.0
18,0.0004298686981201172,0.0,0.0
19,0.00019359588623046875,0.0,0.0
20,0.0002129077911376953,0.0,0.0
21,0.0002541542053222656,0.0,0.0
22,0.00028133392333984375,0.0,0.0
23,0.00032401084899902344,0.0,0.0
24,0.00027632713317871094,0.0,0.0
25,0.0002903938293457031,0.0,0.0
26,0.0002608299255371094,0.0,0.0
27,0.00034546852111816406,0.0,0.0
28,0.0002675056457519531,0.0,0.0
29,0.0002586841583251953,0.0,0.0
30,0.0003821849822998047,0.0,0.0
31,0.00035858154296875,0.0,0.0
32,0.00045371055603027344,0.0,0.0
33,0.00045800209045410156,0.0,0.0
34,0.00041985511779785156,0.0,0.0
35,0.00045609474182128906,0.0,0.0
36,0.0004336833953857422,0.0,0.0
37,0.00034308433532714844,0.0,0.0
38,0.0004532337188720703,0.0,0.0
39,0.0004184246063232422,0.0,0.0
40,0.0004513263702392578,0.0,0.0
41,0.0015459060668945312,0.0,0.0
42,0.0006499290466308594,0.0,0.0
43,0.0006499290466308594,0.0,0.0
44,0.0007474422454833984,0.0,0.0
45,0.0004439353942871094,0.0,0.0
46,0.0010929107666015625,0.0,0.0
47,0.0004551410675048828,0.0,0.0
48,0.0014722347259521484,0.0,0.0
49,0.0005984306335449219,0.0,0.0
50,0.0011565685272216797,0.0,0.0
51,0.0007841587066650391,0.0,0.0
52,0.0004401206970214844,0.0,0.0
53,0.00043702125549316406,0.0,0.0
54,0.0005626678466796875,0.0,0.0
55,0.0004620552062988281,0.0,0.0
56,0.00041103363037109375,0.0,0.0
57,0.0004775524139404297,0.0,0.0
58,0.0004334449768066406,0.0,0.0
59,0.0012218952178955078,0.0,0.0
60,0.0005934238433837891,0.0,0.0
61,0.0015444755554199219,0.0,0.0
62,0.0013003349304199219,0.0,0.0
63,0.0005643367767333984,0.0,0.0
64,0.001421213150024414,0.0,0.0
65,0.0013434886932373047,0.0,0.0
66,0.0004754066467285156,0.0,0.0
67,0.0011963844299316406,0.0,0.0
68,0.0004394054412841797,0.0,0.0
69,0.001361846923828125,0.0,0.0
70,0.000438690185546875,0.0,0.0
71,0.0014595985412597656,0.0,0.0
72,0.0007593631744384766,0.0,0.0
73,0.0012638568878173828,0.0,0.0
74,0.0005927085876464844,0.0,0.0
75,0.0016026496887207031,0.0,0.0
76,0.001306772232055664,0.0,0.0
77,0.0005769729614257812,0.0,0.0
78,0.0011997222900390625,0.0,0.0
79,0.0005548000335693359,0.0,0.0
80,0.0017876625061035156,0.0,0.0
81,0.0011723041534423828,0.0,0.0
82,0.0004482269287109375,0.0,0.0
83,0.0014455318450927734,0.0,0.0
84,0.0005617141723632812,0.0,0.0
85,0.0012726783752441406,0.0,0.0
86,0.0004336833953857422,0.0,0.0
87,0.0015845298767089844,0.0,0.0
88,0.0015215873718261719,0.0,0.0
89,0.0005550384521484375,0.0,0.0
90,0.0013642311096191406,0.0,0.0
91,0.0005774497985839844,0.0,0.0
92,0.0014417171478271484,0.0,0.0
93,0.0004296302795410156,0.0,0.0
94,0.001394510269165039,0.0,0.0
95,0.0005533695220947266,0.0,0.0
96,0.0011763572692871094,0.0,0.0
97,0.0005586147308349609,0.0,0.0
98,0.0013248920440673828,0.0,0.0
99,0.00042438507080078125,0.0,0.0
100,0.001379251480102539,0.0,0.0
101,0.0005843639373779297,0.0,0.0
102,0.0013852119445800781,0.0,0.0
103,0.0004608631134033203,0.0,0.0
104,0.0021746158599853516,0.0,0.0
105,0.00043773651123046875,0.0,0.0
106,0.0006475448608398438,0.0,0.0
107,0.000446319580078125,0.0,0.0
108,0.0004177093505859375,0.0,0.0
109,0.0004138946533203125,0.0,0.0
110,0.0004456043243408203,0.0,0.0
111,0.0006909370422363281,0.0,0.0
112,0.0004978179931640625,0.0,0.0
113,0.0006186962127685547,0.002,0.0
114,0.0004677772521972656,0.006,0.0
115,0.00046563148498535156,0.006,0.0
116,0.0004177093505859375,0.006,0.0
117,0.0004527568817138672,0.009,0.0
118,0.0009150505065917969,0.009,0.0
119,0.0006546974182128906,0.009,0.0
120,0.0014164447784423828,0.009,0.0
121,0.0005698204040527344,0.009,0.0
122,0.0007829666137695312,0.011,0.0
123,0.0012602806091308594,0.011,0.0
124,0.0009412765502929688,0.011,0.0
125,0.0004551410675048828,0.011,0.0
126,0.0009090900421142578,0.013,0.0
127,0.0004715919494628906,0.013,0.0
128,0.0007479190826416016,0.013,0.0
129,0.0005164146423339844,0.015,0.0
130,0.0005726814270019531,0.015,0.0
131,0.0009884834289550781,0.015,0.0
132,0.0006041526794433594,0.015,0.0
133,0.0018241405487060547,0.015,0.0
134,0.00043964385986328125,0.017,0.0
135,0.0010199546813964844,0.017,0.0
136,0.0005528926849365234,0.022,0.0
137,0.00046324729919433594,0.022,0.0
138,0.00041294097900390625,0.022,0.0
139,0.0012249946594238281,0.022,0.0
140,0.0005578994750976562,0.022,0.0
141,0.001550436019897461,0.022,0.0
142,0.0006921291351318359,0.024,0.0
143,0.001486063003540039,0.024,0.0
144,0.0006091594696044922,0.024,0.0
145,0.001432180404663086,0.024,0.0
146,0.0004627704620361328,0.024,0.0
147,0.0014278888702392578,0.024,0.0
148,0.0013451576232910156,0.024,0.0
149,0.0004487037658691406,0.024,0.0
150,0.0009877681732177734,0.026,0.0
151,0.0004975795745849609,0.026,0.0
152,0.0012733936309814453,0.028,0.0
153,0.0005176067352294922,0.028,0.0
154,0.00034046173095703125,0.03,0.0
155,0.0004665851593017578,0.03,0.0
156,0.0014050006866455078,0.03,0.0
157,0.0005848407745361328,0.032,0.0
158,0.0009157657623291016,0.032,0.0
159,0.0007116794586181641,0.032,0.0
160,0.0003528594970703125,0.039,0.0
161,0.0005183219909667969,0.039,0.0
162,0.0005784034729003906,0.041,0.0
163,0.0004858970642089844,0.043,0.0
164,0.0008578300476074219,0.043,0.0
165,0.00048232078552246094,0.047,0.0
166,0.001336812973022461,0.047,0.0
167,0.0004961490631103516,0.05,0.0
168,0.000370025634765625,0.054,0.0
169,0.0004715919494628906,0.056,0.0
170,0.0004894733428955078,0.06,0.0
171,0.0008654594421386719,0.063,0.0
172,0.00045800209045410156,0.065,0.0
173,0.0004372596740722656,0.069,0.0
174,0.00041866302490234375,0.075,0.0
175,0.0004718303680419922,0.082,0.0
176,0.00010752677917480469,0.086,0.0
177,0.0004467964172363281,0.088,0.0
178,0.0004189014434814453,0.093,0.4
179,0.0004210472106933594,0.093,0.4
180,0.000453948974609375,0.097,0.4
181,0.0004112720489501953,0.097,0.4
182,0.0004181861877441406,0.097,0.4
183,0.0008623600006103516,0.099,0.4
184,0.0005695819854736328,0.101,0.8
185,0.0007419586181640625,0.101,0.8
186,0.00045371055603027344,0.101,0.8
187,0.0011043548583984375,0.103,0.8
188,0.0006422996520996094,0.106,0.8
189,0.0004405975341796875,0.106,0.8
190,0.0010313987731933594,0.106,0.8
191,0.0004737377166748047,0.106,0.8
192,0.001382589340209961,0.106,0.8
193,0.0006561279296875,0.106,0.8
194,0.0014698505401611328,0.106,0.8
195,0.0007536411285400391,0.106,0.8
196,0.001275777816772461,0.106,1.2000000000000002
197,0.001275777816772461,0.108,1.2000000000000002
198,0.00039839744567871094,0.11,1.2000000000000002
199,0.00046062469482421875,0.11,1.6
200,0.00045108795166015625,0.11,2.0
201,0.00043582916259765625,0.114,2.8000000000000003
202,0.0006897449493408203,0.116,3.2
203,0.0005152225494384766,0.116,4.0
204,0.0010669231414794922,0.116,4.800000000000001
205,0.0004417896270751953,0.116,5.6000000000000005
206,0.0014781951904296875,0.116,6.4
207,0.0005574226379394531,0.116,7.6000000000000005
208,0.0014834403991699219,0.116,8.4
209,0.0005786418914794922,0.116,9.600000000000001
210,0.0013582706451416016,0.116,10.8
211,0.00044417381286621094,0.116,12.0
212,0.0015480518341064453,0.116,13.200000000000001
213,0.0012979507446289062,0.116,14.8
214,0.0005514621734619141,0.116,16.0
215,0.0015053749084472656,0.116,17.2
216,0.0011837482452392578,0.116,18.400000000000002
217,0.00047779083251953125,0.116,20.0
218,0.0015463829040527344,0.116,21.200000000000003
219,0.0004596710205078125,0.116,22.400000000000002
220,0.0012247562408447266,0.116,23.6
221,0.0017528533935546875,0.116,24.8
222,0.0004563331604003906,0.114,25.6
223,0.00044918060302734375,0.114,26.8
224,0.0016198158264160156,0.114,27.6
225,0.0005962848663330078,0.114,28.400000000000002
226,0.0013532638549804688,0.114,29.200000000000003
227,0.0005831718444824219,0.114,30.0
228,0.00038242340087890625,0.11,30.400000000000002
229,0.0004849433898925781,0.108,31.200000000000003
230,0.0004642009735107422,0.108,31.6
231,0.0013508796691894531,0.108,31.6
232,0.00044417381286621094,0.108,32.0
233,0.0015158653259277344,0.108,32.0
234,0.0005362033843994141,0.108,32.0
235,0.0011434555053710938,0.108,31.6
236,0.000576019287109375,0.108,31.200000000000003
237,0.0014405250549316406,0.108,30.8
238,0.00044798851013183594,0.108,30.400000000000002
239,0.0014247894287109375,0.108,29.6
240,0.0005958080291748047,0.108,29.200000000000003
241,0.0014858245849609375,0.108,28.400000000000002
242,0.0005769729614257812,0.108,27.200000000000003
243,0.0011281967163085938,0.108,26.400000000000002
244,0.0005505084991455078,0.11,25.200000000000003
245,0.0009961128234863281,0.11,24.400000000000002
246,0.0004379749298095703,0.11,23.200000000000003
247,0.0014662742614746094,0.11,22.0
248,0.00043582916259765625,0.11,20.400000000000002
249,0.0013687610626220703,0.11,19.200000000000003
250,0.0004646778106689453,0.11,18.0
251,0.001338958740234375,0.11,16.8
252,0.0013856887817382812,0.11,15.200000000000001
253,0.00043892860412597656,0.11,14.0
254,0.0014121532440185547,0.11,12.8
255,0.0004303455352783203,0.11,11.600000000000001
256,0.0013782978057861328,0.11,10.4
257,0.0005786418914794922,0.11,9.200000000000001
258,0.0010426044464111328,0.112,8.0
259,0.0011267662048339844,0.114,6.800000000000001
260,0.0006041526794433594,0.114,6.0
261,0.002098560333251953,0.114,5.2
262,0.0023152828216552734,0.114,4.4
263,0.0007293224334716797,0.114,3.6
264,0.002583742141723633,0.114,3.2
265,0.0004870891571044922,0.116,2.8000000000000003
266,0.0005712509155273438,0.116,2.4000000000000004
267,0.001975536346435547,0.116,2.0
268,0.0020432472229003906,0.116,2.0
269,0.0021698474884033203,0.116,2.0
270,0.002237081527709961,0.116,2.0
271,0.0006096363067626953,0.116,2.4000000000000004
272,0.002793550491333008,0.116,2.8000000000000003
273,0.0005037784576416016,0.116,3.2
274,0.00038123130798339844,0.119,4.0
275,0.0012483596801757812,0.121,4.4
276,0.0004627704620361328,0.121,5.2
277,0.00048542022705078125,0.121,6.0
278,0.0013175010681152344,0.121,7.2
279,0.0006587505340576172,0.121,8.4
280,0.0022652149200439453,0.121,9.200000000000001
281,0.002305746078491211,0.121,10.4
282,0.0010097026824951172,0.121,11.600000000000001
283,0.0008668899536132812,0.123,13.200000000000001
284,0.0004885196685791016,0.123,14.4
285,0.0027191638946533203,0.123,15.600000000000001
286,0.0006160736083984375,0.123,17.2
287,0.0008702278137207031,0.121,18.400000000000002
288,0.0005521774291992188,0.121,19.6
289,0.0017163753509521484,0.121,21.200000000000003
290,0.0006186962127685547,0.119,22.400000000000002
291,0.0007936954498291016,0.119,23.6
292,0.0015072822570800781,0.119,24.8
293,0.0008363723754882812,0.114,26.0
294,0.0004639625549316406,0.114,27.200000000000003
295,0.0009984970092773438,0.112,28.400000000000002
296,0.0004534721374511719,0.112,29.200000000000003
297,0.0012176036834716797,0.11,30.0
298,0.0009889602661132812,0.11,30.8
299,0.0011279582977294922,0.11,31.6
300,0.0007243156433105469,0.11,32.0
301,0.0026030540466308594,0.11,32.800000000000004
302,0.0006959438323974609,0.11,33.2
303,0.002645730972290039,0.11,33.2
304,0.001584768295288086,0.11,33.2
305,0.001794576644897461,0.11,33.2
306,0.0016407966613769531,0.11,33.2
307,0.0016295909881591797,0.11,32.800000000000004
308,0.0008740425109863281,0.11,32.800000000000004
309,0.00040721893310546875,0.112,32.0
310,0.0005323886871337891,0.112,31.6
311,0.001087188720703125,0.112,30.8
312,0.002131938934326172,0.112,30.0
313,0.001687765121459961,0.112,29.200000000000003
314,0.002050638198852539,0.112,28.0
315,0.0010118484497070312,0.114,27.200000000000003
316,0.0006005764007568359,0.114,26.0
317,0.0030782222747802734,0.114,24.8
318,0.000492095947265625,0.116,23.6
319,0.001234292984008789,0.116,22.0
320,0.0019214153289794922,0.116,20.8
321,0.00049591064453125,0.121,19.6
322,0.0004508495330810547,0.123,18.0
323,0.00042247772216796875,0.123,16.8
324,0.0004215240478515625,0.125,15.600000000000001
325,0.0004470348358154297,0.127,14.0
326,0.0004932880401611328,0.127,12.8
327,0.0005109310150146484,0.127,11.600000000000001
328,0.0010852813720703125,0.127,10.4
329,0.000484466552734375,0.127,9.200000000000001
330,0.001985788345336914,0.127,8.4
331,0.0005509853363037109,0.127,7.6000000000000005
332,0.0023980140686035156,0.127,6.4
333,0.0005533695220947266,0.127,6.0
334,0.0021097660064697266,0.127,5.2
335,0.0005705356597900391,0.127,4.800000000000001
336,0.002062082290649414,0.127,4.4
337,0.0009171962738037109,0.127,4.0
338,0.002118825912475586,0.121,4.0
339,0.0004930496215820312,0.116,4.0
340,0.0004930496215820312,0.112,4.0
341,0.0004608631134033203,0.112,4.0
342,0.001096963882446289,0.112,4.4
343,0.0016715526580810547,0.112,4.800000000000001
344,0.0006506443023681641,0.112,5.2
345,0.001970529556274414,0.112,5.6000000000000005
346,0.0006175041198730469,0.112,6.4
347,0.002406597137451172,0.112,7.2
348,0.0005695819854736328,0.112,8.0
349,0.002489805221557617,0.112,8.8
350,0.0005488395690917969,0.112,9.600000000000001
351,0.001680135726928711,0.112,10.8
352,0.0005612373352050781,0.112,12.0
353,0.0024690628051757812,0.112,12.8
354,0.0016410350799560547,0.112,14.0
355,0.0016422271728515625,0.112,15.200000000000001
356,0.0023512840270996094,0.112,16.400000000000002
357,0.0015974044799804688,0.112,17.2
358,0.0003457069396972656,0.116,18.400000000000002
359,0.0011401176452636719,0.116,19.6
360,0.0011150836944580078,0.116,20.8
361,0.0017313957214355469,0.116,21.6
362,0.0018277168273925781,0.116,22.8
363,0.001094818115234375,0.119,23.6
364,0.00039505958557128906,0.121,24.8
365,0.0005791187286376953,0.123,25.6
366,0.0015788078308105469,0.123,26.400000000000002
367,0.0004744529724121094,0.125,27.200000000000003
368,0.0011467933654785156,0.125,27.6
369,0.0010166168212890625,0.125,28.400000000000002
370,0.0011451244354248047,0.125,28.8
371,0.0018074512481689453,0.125,29.200000000000003
372,0.0017571449279785156,0.125,29.6
373,0.0007715225219726562,0.125,30.0
374,0.0016982555389404297,0.125,30.0
375,0.0006570816040039062,0.125,30.400000000000002
376,0.0022802352905273438,0.125,30.400000000000002
377,0.0006122589111328125,0.125,30.400000000000002
378,0.0010743141174316406,0.125,30.400000000000002
379,0.0004506111145019531,0.127,30.0
380,0.0013332366943359375,0.127,29.6
381,0.0004603862762451172,0.125,29.6
382,0.0004520416259765625,0.125,29.200000000000003
383,0.001355886459350586,0.125,28.400000000000002
384,0.0005900859832763672,0.125,28.0
385,0.0019643306732177734,0.125,27.6
386,0.0005819797515869141,0.125,26.8
387,0.0023446083068847656,0.125,26.0
388,0.00061798095703125,0.125,25.200000000000003
389,0.0018010139465332031,0.125,24.8
390,0.0005660057067871094,0.125,24.0
391,0.0017547607421875,0.125,23.200000000000003
392,0.0006937980651855469,0.125,22.0
393,0.002234220504760742,0.125,21.200000000000003
394,0.001775979995727539,0.125,20.400000000000002
395,0.0006129741668701172,0.125,19.6
396,0.0017936229705810547,0.125,18.8
397,0.0006361007690429688,0.125,18.0
398,0.0023145675659179688,0.125,17.2
399,0.0005676746368408203,0.125,16.400000000000002
400,0.0018494129180908203,0.125,15.600000000000001
401,0.0016107559204101562,0.125,14.8
402,0.0006365776062011719,0.125,14.0
403,0.002119779586791992,0.125,13.600000000000001
404,0.0006053447723388672,0.125,12.8
405,0.0016455650329589844,0.125,12.4
406,0.0017082691192626953,0.125,12.0
407,0.0005269050598144531,0.127,11.600000000000001
408,0.0007452964782714844,0.127,11.200000000000001
409,0.0005600452423095703,0.127,10.8
410,0.0020787715911865234,0.127,10.4
411,0.0006430149078369141,0.127,10.4
412,0.0019183158874511719,0.127,10.4
413,0.0022749900817871094,0.127,10.4
414,0.0022287368774414062,0.127,10.4
415,0.0023818016052246094,0.127,10.4
416,0.0018057823181152344,0.127,10.8
417,0.0015168190002441406,0.127,11.200000000000001
418,0.0023784637451171875,0.127,11.200000000000001
419,0.0007884502410888672,0.125,12.0
420,0.0008826255798339844,0.121,12.4
421,0.0007488727569580078,0.116,12.8
422,0.0006787776947021484,0.116,13.600000000000001
423,0.000530242919921875,0.116,14.0
424,0.00044918060302734375,0.112,14.8
425,0.00045990943908691406,0.112,15.600000000000001
426,0.0004487037658691406,0.11,16.0
427,0.000453948974609375,0.11,16.8
428,0.0023131370544433594,0.11,17.6
429,0.0006551742553710938,0.11,18.400000000000002
430,0.0023217201232910156,0.11,19.200000000000003
431,0.0005543231964111328,0.11,20.0
432,0.0019183158874511719,0.11,20.400000000000002
433,0.0005981922149658203,0.11,21.200000000000003
434,0.0018587112426757812,0.11,22.0
435,0.0006299018859863281,0.11,22.400000000000002
436,0.001995086669921875,0.11,22.8
437,0.0005826950073242188,0.11,23.6
438,0.002397775650024414,0.11,24.0
439,0.0005464553833007812,0.11,24.400000000000002
440,0.0010542869567871094,0.11,24.8
441,0.0004906654357910156,0.114,24.8
442,0.0017712116241455078,0.116,25.200000000000003
443,0.0006771087646484375,0.119,25.200000000000003
444,0.00044035911560058594,0.121,25.200000000000003
445,0.00046324729919433594,0.121,25.200000000000003
446,0.0009255409240722656,0.121,25.200000000000003
447,0.0005588531494140625,0.125,25.200000000000003
448,0.0006854534149169922,0.129,24.8
449,0.00049591064453125,0.129,24.8
450,0.0011589527130126953,0.129,24.400000000000002
451,0.0007734298706054688,0.131,24.0
452,0.0004911422729492188,0.134,23.6
453,0.0009245872497558594,0.134,23.200000000000003
454,0.0007495880126953125,0.134,22.8
455,0.0006320476531982422,0.134,22.400000000000002
456,0.0018711090087890625,0.134,22.0
457,0.0018072128295898438,0.134,21.6
458,0.0013582706451416016,0.134,21.200000000000003
459,0.0004787445068359375,0.129,20.8
460,0.0005609989166259766,0.114,20.400000000000002
461,0.0004382133483886719,0.101,20.0
462,0.0006735324859619141,0.095,19.6
463,0.00046515464782714844,0.093,19.200000000000003
464,0.0004603862762451172,0.093,18.8
465,0.0004208087921142578,0.093,18.400000000000002
466,0.0012073516845703125,0.093,18.0
467,0.0010941028594970703,0.093,17.6
468,0.0005886554718017578,0.093,17.2
469,0.002442598342895508,0.093,16.8
470,0.001703023910522461,0.093,16.400000000000002
471,0.0004818439483642578,0.093,16.0
472,0.0003871917724609375,0.097,15.600000000000001
473,0.0009708404541015625,0.097,14.8
474,0.00044465065002441406,0.101,14.4
475,0.0009441375732421875,0.108,14.0
476,0.0004546642303466797,0.11,13.600000000000001
477,0.00044417381286621094,0.114,13.200000000000001
478,0.000751495361328125,0.121,12.4
479,0.00044655799865722656,0.125,12.0
480,0.0004456043243408203,0.127,11.600000000000001
481,0.0004456043243408203,0.127,11.600000000000001
482,0.0006256103515625,0.131,11.200000000000001
483,0.0005056858062744141,0.131,10.8
484,0.00042700767517089844,0.131,10.4
485,0.0004353523254394531,0.131,10.4
486,0.0020689964294433594,0.131,10.0
487,0.0006079673767089844,0.131,10.0
488,0.00197601318359375,0.131,10.0
489,0.000553131103515625,0.131,10.0
490,0.0023915767669677734,0.131,10.0
491,0.0006954669952392578,0.131,10.0
492,0.000949859619140625,0.129,10.4
493,0.0006616115570068359,0.123,10.8
494,0.0004527568817138672,0.119,11.200000000000001
495,0.0004475116729736328,0.11,11.600000000000001
496,0.0004417896270751953,0.11,12.4
497,0.00044345855712890625,0.11,12.8
498,0.0004229545593261719,0.11,13.600000000000001
499,0.001194000244140625,0.11,14.4
500,0.0018565654754638672,0.11,15.200000000000001
501,0.0007739067077636719,0.11,16.0
502,0.002529621124267578,0.11,16.8
503,0.0017321109771728516,0.11,17.6
504,0.001613616943359375,0.11,18.400000000000002
505,0.0006020069122314453,0.11,19.200000000000003
506,0.0016503334045410156,0.114,20.0
507,0.0005011558532714844,0.121,20.8
508,0.0005948543548583984,0.123,21.200000000000003
509,0.0005743503570556641,0.129,22.0
510,0.0005130767822265625,0.134,22.8
511,0.00045299530029296875,0.138,23.200000000000003
512,0.00046443939208984375,0.142,24.0
513,0.0007581710815429688,0.142,24.400000000000002
514,0.0009975433349609375,0.144,24.8
515,0.0015745162963867188,0.147,25.200000000000003
516,0.0004999637603759766,0.147,25.6
517,0.0007092952728271484,0.147,26.0
518,0.002853870391845703,0.147,26.400000000000002
519,0.0017583370208740234,0.147,26.400000000000002
520,0.0016210079193115234,0.147,26.8
521,0.0005602836608886719,0.142,26.8
522,0.0015578269958496094,0.138,27.200000000000003
523,0.0011470317840576172,0.131,27.200000000000003
524,0.0005879402160644531,0.129,27.6
525,0.0004596710205078125,0.125,27.6
526,0.0004551410675048828,0.125,28.0
527,0.0006456375122070312,0.125,28.0
528,0.0012209415435791016,0.125,28.0
529,0.0006151199340820312,0.125,28.0
530,0.0018911361694335938,0.125,28.0
531,0.0005583763122558594,0.125,27.6
532,0.0019104480743408203,0.125,27.6
533,0.0005741119384765625,0.125,27.200000000000003
534,0.002862215042114258,0.125,27.200000000000003
535,0.0004916191101074219,0.125,26.8
536,0.00044465065002441406,0.131,26.400000000000002
537,0.0004780292510986328,0.14,26.0
538,0.0006816387176513672,0.142,25.6
539,0.0005469322204589844,0.142,25.200000000000003
540,0.0017719268798828125,0.142,24.400000000000002
541,0.0007991790771484375,0.142,24.0
542,0.0025784969329833984,0.142,23.200000000000003
543,0.0006794929504394531,0.142,22.8
544,0.0018541812896728516,0.142,22.0
545,0.0006647109985351562,0.142,21.6
546,0.0017020702362060547,0.142,20.8
547,0.0005924701690673828,0.142,20.400000000000002
548,0.001734018325805664,0.142,20.0
549,0.0005557537078857422,0.142,19.200000000000003
550,0.0018856525421142578,0.142,18.8
551,0.0008401870727539062,0.14,18.400000000000002
552,0.001069784164428711,0.136,18.0
553,0.0004668235778808594,0.129,17.6
554,0.0004611015319824219,0.129,17.2
555,0.0004677772521972656,0.129,17.2
556,0.0006515979766845703,0.129,16.8
557,0.0008840560913085938,0.129,16.8
558,0.0010690689086914062,0.129,16.8
559,0.0006875991821289062,0.129,16.400000000000002
560,0.0018455982208251953,0.129,16.400000000000002
561,0.002877950668334961,0.129,16.400000000000002
562,0.0020852088928222656,0.129,16.8
563,0.0016248226165771484,0.129,16.8
564,0.0006089210510253906,0.129,16.8
565,0.0025463104248046875,0.129,16.8
566,0.0017058849334716797,0.129,17.2
567,0.0006575584411621094,0.134,17.2
568,0.0006303787231445312,0.138,17.2
569,0.0005331039428710938,0.14,17.6
570,0.00046753883361816406,0.142,18.0
571,0.0009644031524658203,0.142,18.0
572,0.00046944618225097656,0.142,18.400000000000002
573,0.0015993118286132812,0.142,18.8
574,0.0005931854248046875,0.142,18.8
575,0.0016770362854003906,0.142,19.200000000000003
576,0.0006337165832519531,0.142,19.6
577,0.0028502941131591797,0.142,20.0
578,0.0005755424499511719,0.142,20.400000000000002
579,0.0021932125091552734,0.142,20.8
580,0.0006163120269775391,0.142,21.200000000000003
581,0.0018699169158935547,0.142,21.6
582,0.0005826950073242188,0.142,22.400000000000002
583,0.002420663833618164,0.142,22.8
584,0.0004737377166748047,0.138,23.200000000000003
585,0.0005364418029785156,0.138,23.6
586,0.0005023479461669922,0.138,24.0
587,0.0027396678924560547,0.138,24.400000000000002
588,0.0006124973297119141,0.138,25.200000000000003
589,0.0024690628051757812,0.138,25.6
590,0.0006031990051269531,0.138,26.0
591,0.0019214153289794922,0.138,26.400000000000002
592,0.0007100105285644531,0.138,26.8
593,0.002187490463256836,0.138,26.8
594,0.0024423599243164062,0.138,27.200000000000003
595,0.0006573200225830078,0.138,27.6
596,0.0018463134765625,0.138,28.0
597,0.00045943260192871094,0.14,28.0
598,0.003317594528198242,0.142,28.0
599,0.0007326602935791016,0.142,28.400000000000002
600,0.0006144046783447266,0.147,28.400000000000002
601,0.0004527568817138672,0.147,28.400000000000002
602,0.0011606216430664062,0.147,28.400000000000002
603,0.0004925727844238281,0.147,28.400000000000002
604,0.001863241195678711,0.147,28.400000000000002
605,0.0005526542663574219,0.149,28.400000000000002
606,0.0004787445068359375,0.149,28.0
607,0.0011174678802490234,0.149,28.0
608,0.002289295196533203,0.149,27.6
609,0.0005958080291748047,0.151,27.6
610,0.0012137889862060547,0.151,27.200000000000003
611,0.0007929801940917969,0.151,27.200000000000003
612,0.0007863044738769531,0.153,26.8
613,0.00039505958557128906,0.157,26.8
614,0.0005621910095214844,0.157,26.400000000000002
615,0.0017547607421875,0.157,26.400000000000002
616,0.0006921291351318359,0.159,26.0
617,0.0008745193481445312,0.159,25.6
618,0.0017659664154052734,0.162,25.6
619,0.0005116462707519531,0.162,25.200000000000003
620,0.0011320114135742188,0.162,25.200000000000003
621,0.0005435943603515625,0.162,25.200000000000003
622,0.0023267269134521484,0.162,24.8
623,0.0017790794372558594,0.162,24.8
624,0.0006844997406005859,0.162,24.8
625,0.0017619132995605469,0.162,24.8
626,0.0005638599395751953,0.162,24.8
627,0.001814126968383789,0.162,24.8
628,0.0005605220794677734,0.162,24.8
629,0.0021643638610839844,0.162,24.8
630,0.0006067752838134766,0.162,24.8
631,0.0007665157318115234,0.159,25.200000000000003
632,0.0011317729949951172,0.155,25.200000000000003
633,0.0011317729949951172,0.149,25.200000000000003
634,0.0006070137023925781,0.144,25.6
635,0.0010950565338134766,0.142,26.0
636,0.0004394054412841797,0.134,26.0
637,0.0004436969757080078,0.134,26.400000000000002
638,0.0004119873046875,0.129,26.8
639,0.0005154609680175781,0.127,26.8
640,0.0004189014434814453,0.125,27.200000000000003
641,0.0004341602325439453,0.125,27.6
642,0.0004811286926269531,0.125,28.0
643,0.0011532306671142578,0.125,28.0
644,0.0004622936248779297,0.125,28.400000000000002
645,0.002195119857788086,0.125,28.400000000000002
646,0.002194643020629883,0.125,28.400000000000002
647,0.0006470680236816406,0.125,28.400000000000002
648,0.0024623870849609375,0.125,28.400000000000002
649,0.0006783008575439453,0.129,28.400000000000002
650,0.000698089599609375,0.138,28.0
651,0.0006129741668701172,0.144,28.0
652,0.0008995532989501953,0.153,27.6
653,0.0004956722259521484,0.157,27.200000000000003
654,0.00042891502380371094,0.157,26.8
655,0.00046563148498535156,0.162,26.400000000000002
656,0.0003745555877685547,0.166,26.0
657,0.0004687309265136719,0.166,25.6
658,0.0005319118499755859,0.168,25.200000000000003
659,0.0004956722259521484,0.17,24.8
660,0.0012531280517578125,0.17,24.400000000000002
661,0.0006029605865478516,0.172,24.0
662,0.0011446475982666016,0.175,23.6
663,0.0007746219635009766,0.181,23.200000000000003
664,0.0004267692565917969,0.183,22.8
665,0.0011315345764160156,0.183,22.8
666,0.0005209445953369141,0.183,22.400000000000002
667,0.0016367435455322266,0.183,22.400000000000002
668,0.0006492137908935547,0.183,22.400000000000002
669,0.0017549991607666016,0.183,22.400000000000002
670,0.002855539321899414,0.183,22.8
671,0.0005748271942138672,0.179,22.8
672,0.0005896091461181641,0.172,23.200000000000003
673,0.00042366981506347656,0.166,23.6
674,0.0005388259887695312,0.162,24.0
675,0.00020360946655273438,0.157,24.8
676,0.000469207763671875,0.155,25.6
677,0.0004570484161376953,0.151,26.0
678,0.00042748451232910156,0.151,26.8
679,0.0004899501800537109,0.151,27.6
680,0.0008027553558349609,0.149,28.400000000000002
681,0.0004761219024658203,0.147,29.200000000000003
682,0.0004611015319824219,0.147,30.0
683,0.00098419189453125,0.142,30.8
684,0.0006926059722900391,0.138,31.6
685,0.0008611679077148438,0.136,32.4
686,0.0007157325744628906,0.134,32.800000000000004
687,0.000621795654296875,0.134,33.6
688,0.00046944618225097656,0.134,34.0
689,0.0006062984466552734,0.134,34.4
690,0.0022051334381103516,0.134,34.800000000000004
691,0.0006856918334960938,0.134,35.2
692,0.0025081634521484375,0.134,35.6
693,0.0007216930389404297,0.134,35.6
694,0.002012491226196289,0.134,35.6
695,0.0005807876586914062,0.134,35.6
696,0.0011279582977294922,0.134,35.2
697,0.0004761219024658203,0.142,35.2
698,0.0007891654968261719,0.144,34.800000000000004
699,0.0004374980926513672,0.151,34.4
700,0.0004711151123046875,0.155,33.6
701,0.0004210472106933594,0.157,33.2
702,0.0004379749298095703,0.162,32.4
703,0.0004181861877441406,0.162,31.6
704,0.0004096031188964844,0.166,30.8
705,0.0004398822784423828,0.166,30.0
706,0.0011494159698486328,0.168,29.200000000000003
707,0.0004916191101074219,0.168,28.400000000000002
708,0.0004706382751464844,0.168,27.6
709,0.001111745834350586,0.168,26.400000000000002
710,0.0006318092346191406,0.168,25.6
711,0.0018849372863769531,0.168,24.8
712,0.0005640983581542969,0.168,24.0
713,0.0022001266479492188,0.168,23.6
714,0.00223541259765625,0.168,22.8
715,0.0007126331329345703,0.164,22.0
716,0.0008192062377929688,0.155,21.6
717,0.0010271072387695312,0.151,21.200000000000003
718,0.0010600090026855469,0.138,20.8
719,0.0006530284881591797,0.136,20.400000000000002
720,0.0006170272827148438,0.134,20.400000000000002
721,0.00043892860412597656,0.134,20.0
722,0.0006351470947265625,0.129,20.0
723,0.00013303756713867188,0.123,20.0
724,0.00043654441833496094,0.121,20.0
725,0.0007898807525634766,0.121,20.0
726,0.0004892349243164062,0.114,20.0
727,0.00044465065002441406,0.114,20.0
728,0.00044417381286621094,0.112,20.0
729,0.00043702125549316406,0.11,20.0
730,0.00069427490234375,0.108,20.0
731,0.001741170883178711,0.106,20.400000000000002
732,0.00043845176696777344,0.101,20.400000000000002
733,0.00042629241943359375,0.101,20.400000000000002
734,0.0004298686981201172,0.101,20.400000000000002
735,0.0011801719665527344,0.101,20.400000000000002
736,0.0020585060119628906,0.101,20.400000000000002
737,0.0005829334259033203,0.101,20.0
738,0.0007245540618896484,0.103,20.0
739,0.0004856586456298828,0.11,20.0
740,0.0004956722259521484,0.112,19.6
741,0.0004248619079589844,0.116,19.6
742,0.0011143684387207031,0.116,19.200000000000003
743,0.0012655258178710938,0.123,18.8
744,0.0004088878631591797,0.131,18.400000000000002
745,0.0005397796630859375,0.136,18.400000000000002
746,0.0008406639099121094,0.142,18.0
747,0.0003445148468017578,0.144,17.6
748,0.0007646083831787109,0.149,17.2
749,0.00035262107849121094,0.151,16.8
750,0.0012142658233642578,0.153,16.400000000000002
751,0.0003650188446044922,0.157,16.0
752,0.0005321502685546875,0.159,16.0
753,0.000469207763671875,0.159,15.600000000000001
754,0.0004487037658691406,0.159,15.600000000000001
755,0.0004470348358154297,0.159,15.600000000000001
756,0.0026183128356933594,0.159,15.600000000000001
757,0.0019409656524658203,0.159,15.600000000000001
758,0.0006377696990966797,0.159,16.0
759,0.002764463424682617,0.159,16.0
760,0.0006108283996582031,0.159,16.400000000000002
761,0.0006384849548339844,0.155,16.8
762,0.0005633831024169922,0.149,17.2
763,0.0008420944213867188,0.14,18.0
764,0.0006430149078369141,0.127,18.400000000000002
765,0.0004832744598388672,0.121,19.200000000000003
766,0.0004639625549316406,0.116,20.0
767,0.00046133995056152344,0.112,20.8
768,0.0008833408355712891,0.108,21.6
769,0.0009851455688476562,0.101,22.8
770,0.0005087852478027344,0.099,23.6
771,0.0004515647888183594,0.099,24.400000000000002
772,0.0005016326904296875,0.099,25.200000000000003
773,0.0012395381927490234,0.099,25.6
774,0.001007080078125,0.099,26.400000000000002
775,0.0018281936645507812,0.099,26.8
776,0.0017879009246826172,0.099,27.6
777,0.0007731914520263672,0.099,27.6
778,0.002485990524291992,0.099,28.0
779,0.002676248550415039,0.099,28.400000000000002
780,0.0005564689636230469,0.106,28.400000000000002
781,0.0005564689636230469,0.112,28.400000000000002
782,0.0013322830200195312,0.119,28.400000000000002
783,0.0004322528839111328,0.127,28.0
784,0.0008170604705810547,0.136,28.0
785,0.0009443759918212891,0.14,27.6
786,0.0005087852478027344,0.142,27.200000000000003
787,0.0004825592041015625,0.142,26.400000000000002
788,0.00044417381286621094,0.142,26.0
789,0.001338958740234375,0.147,25.200000000000003
790,0.0007636547088623047,0.147,24.400000000000002
791,0.002131223678588867,0.147,24.0
792,0.0006320476531982422,0.147,23.200000000000003
793,0.0013782978057861328,0.147,22.400000000000002
794,0.0003364086151123047,0.155,21.6
795,0.0004451274871826172,0.155,20.400000000000002
796,0.0013120174407958984,0.155,19.6
797,0.0004775524139404297,0.155,18.8
798,0.0011434555053710938,0.155,17.6
799,0.0006749629974365234,0.155,16.8
800,0.0020673274993896484,0.155,16.0
801,0.0005679130554199219,0.155,14.8
802,0.00048661231994628906,0.151,14.0
803,0.0007929801940917969,0.142,13.200000000000001
804,0.0005655288696289062,0.131,12.4
805,0.0005373954772949219,0.125,11.600000000000001
806,0.000457763671875,0.116,11.200000000000001
807,0.00047850608825683594,0.112,10.4
808,0.0005054473876953125,0.106,10.4
809,0.00044274330139160156,0.106,10.0
810,0.00044155120849609375,0.106,9.600000000000001
811,0.00040340423583984375,0.106,9.600000000000001
812,0.0004260540008544922,0.106,9.600000000000001
813,0.00039768218994140625,0.106,9.600000000000001
814,0.0016467571258544922,0.106,10.0
815,0.0018999576568603516,0.106,10.0
816,0.002374410629272461,0.106,10.0
817,0.0006041526794433594,0.106,10.4
818,0.0017991065979003906,0.106,10.8
819,0.0007381439208984375,0.11,11.200000000000001
820,0.0014498233795166016,0.112,11.600000000000001
821,0.0006098747253417969,0.114,12.0
822,0.0009887218475341797,0.121,12.4
823,0.00047516822814941406,0.127,12.8
824,0.00048542022705078125,0.129,13.200000000000001
825,0.0004215240478515625,0.134,13.600000000000001
826,0.0005419254302978516,0.142,14.0
827,0.00032711029052734375,0.147,14.8
828,0.0004611015319824219,0.151,15.200000000000001
829,0.0004222393035888672,0.151,16.0
830,0.0004334449768066406,0.151,16.400000000000002
831,0.0004322528839111328,0.155,17.2
832,0.0005652904510498047,0.159,17.6
833,0.0004761219024658203,0.164,18.400000000000002
834,0.0005652904510498047,0.166,19.200000000000003
835,0.0004436969757080078,0.168,20.0
836,0.0015006065368652344,0.168,20.8
837,0.0004680156707763672,0.168,21.6
838,0.001132965087890625,0.168,22.400000000000002
839,0.0005738735198974609,0.168,23.6
840,0.0018544197082519531,0.168,24.400000000000002
841,0.0025396347045898438,0.168,25.200000000000003
842,0.0007154941558837891,0.168,26.400000000000002
843,0.0030884742736816406,0.168,27.6
844,0.0006701946258544922,0.162,28.400000000000002
845,0.00043463706970214844,0.153,29.6
846,0.0008399486541748047,0.142,30.8
847,0.0004870891571044922,0.134,31.6
848,0.0006883144378662109,0.131,32.800000000000004
849,0.00044727325439453125,0.131,33.6
850,0.00043582916259765625,0.131,34.800000000000004
851,0.00046181678771972656,0.127,35.6
852,0.0009267330169677734,0.123,36.4
853,0.0005631446838378906,0.123,37.2
854,0.0006864070892333984,0.121,37.6
855,0.0004928112030029297,0.121,38.400000000000006
856,0.0004420280456542969,0.121,38.800000000000004
857,0.0018622875213623047,0.121,38.800000000000004
858,0.000637054443359375,0.121,39.2
859,0.0025479793548583984,0.121,39.2
860,0.0006475448608398438,0.121,38.800000000000004
861,0.0006732940673828125,0.121,38.800000000000004
862,0.0004968643188476562,0.123,38.0
863,0.0007178783416748047,0.127,37.6
864,0.0005066394805908203,0.131,36.800000000000004
865,0.0004935264587402344,0.138,36.0
866,0.00041484832763671875,0.144,35.2
867,0.0006694793701171875,0.149,34.0
868,0.0006041526794433594,0.153,33.2
869,0.0008008480072021484,0.157,31.6
870,0.0004401206970214844,0.164,30.400000000000002
871,0.0004336833953857422,0.166,29.200000000000003
872,0.00045228004455566406,0.175,27.6
873,0.00043320655822753906,0.175,26.400000000000002
874,0.0004305839538574219,0.179,24.8
875,0.0004076957702636719,0.179,23.6
876,0.0004475116729736328,0.179,22.0
877,0.0003883838653564453,0.179,20.8
878,0.00043773651123046875,0.179,19.6
879,0.0006496906280517578,0.181,18.400000000000002
880,0.00046539306640625,0.181,17.2
881,0.0016584396362304688,0.181,16.400000000000002
882,0.0004496574401855469,0.181,15.600000000000001
883,0.0017905235290527344,0.181,15.200000000000001
884,0.00047206878662109375,0.179,14.4
885,0.0004305839538574219,0.172,14.0
886,0.0006375312805175781,0.17,14.0
887,0.0015213489532470703,0.162,14.0
888,0.0005676746368408203,0.153,14.0
889,0.000484466552734375,0.151,14.4
890,0.00044274330139160156,0.147,14.8
891,0.0007276535034179688,0.14,15.200000000000001
892,0.00045418739318847656,0.131,15.600000000000001
893,0.0004267692565917969,0.131,16.400000000000002
894,0.0004241466522216797,0.131,17.2
895,0.0004189014434814453,0.131,18.0
896,0.0033283233642578125,0.131,19.200000000000003
897,0.0005002021789550781,0.131,20.0
898,0.0019478797912597656,0.131,20.8
899,0.00026535987854003906,0.131,22.0
900,0.0007901191711425781,0.131,22.8
901,0.000514984130859375,0.131,24.0
902,0.0004513263702392578,0.131,24.8
903,0.0005066394805908203,0.131,25.6
904,0.0024476051330566406,0.131,26.400000000000002
905,0.0006220340728759766,0.131,27.200000000000003
906,0.0018477439880371094,0.131,28.0
907,0.0006506443023681641,0.131,28.8
908,0.0004818439483642578,0.136,29.200000000000003
909,0.0030138492584228516,0.138,29.6
910,0.0004639625549316406,0.147,30.400000000000002
911,0.00045752525329589844,0.149,30.8
912,0.0007393360137939453,0.153,31.200000000000003
913,0.0004677772521972656,0.153,31.200000000000003
914,0.00044727325439453125,0.153,31.6
915,0.0011599063873291016,0.159,31.6
916,0.0005407333374023438,0.164,31.6
917,0.0004830360412597656,0.166,31.6
918,0.00044274330139160156,0.166,31.6
919,0.00047397613525390625,0.166,31.6
920,0.0014290809631347656,0.166,31.200000000000003
921,0.0010411739349365234,0.166,31.200000000000003
922,0.0009717941284179688,0.166,31.200000000000003
923,0.0018682479858398438,0.166,30.8
924,0.0006146430969238281,0.166,30.8
925,0.0018298625946044922,0.166,30.400000000000002
926,0.0005707740783691406,0.166,30.400000000000002
927,0.001821756362915039,0.166,30.0
928,0.0005548000335693359,0.166,30.0
929,0.0022301673889160156,0.166,29.6
930,0.0005693435668945312,0.166,29.6
931,0.0010976791381835938,0.164,29.200000000000003
932,0.00036787986755371094,0.155,29.200000000000003
933,0.00036787986755371094,0.149,29.200000000000003
934,0.00047016143798828125,0.144,28.8
935,0.00044989585876464844,0.14,28.8
936,0.0004146099090576172,0.14,28.400000000000002
937,0.0004668235778808594,0.136,28.400000000000002
938,0.0007216930389404297,0.131,28.400000000000002
939,0.0004355907440185547,0.131,28.0
940,0.0004322528839111328,0.125,28.0
941,0.00045943260192871094,0.125,28.0
942,0.0006854534149169922,0.125,27.6
943,0.002322673797607422,0.125,27.6
944,0.0006639957427978516,0.125,27.6
945,0.0026450157165527344,0.125,27.200000000000003
946,0.0006737709045410156,0.125,27.200000000000003
947,0.0019567012786865234,0.125,26.8
948,0.0006856918334960938,0.125,26.400000000000002
949,0.0021295547485351562,0.125,26.0
950,0.0007624626159667969,0.125,25.6
951,0.0019180774688720703,0.125,25.200000000000003
952,0.0005512237548828125,0.125,24.400000000000002
953,0.0008227825164794922,0.129,24.0
954,0.0003185272216796875,0.136,23.200000000000003
955,0.0006763935089111328,0.138,22.8
956,0.0005645751953125,0.147,22.0
957,0.0005712509155273438,0.151,21.6
958,0.0006036758422851562,0.157,20.8
959,0.0004456043243408203,0.157,20.0
960,0.00043964385986328125,0.162,19.6
961,0.0006396770477294922,0.162,18.8
962,0.00043463706970214844,0.164,18.400000000000002
963,0.0006556510925292969,0.166,17.6
964,0.00042057037353515625,0.166,17.2
965,0.0011491775512695312,0.166,16.8
966,0.0011508464813232422,0.166,16.400000000000002
967,0.0006737709045410156,0.166,16.0
968,0.001865386962890625,0.166,16.0
969,0.0005931854248046875,0.166,16.0
970,0.0020813941955566406,0.166,16.0
971,0.0006635189056396484,0.166,16.0
972,0.0004813671112060547,0.157,16.400000000000002
973,0.0007719993591308594,0.155,16.400000000000002
974,0.0005292892456054688,0.149,16.8
975,0.00048613548278808594,0.142,17.6
976,0.00048232078552246094,0.136,18.0
977,0.0004527568817138672,0.129,18.8
978,0.0007498264312744141,0.129,19.6
979,0.0005064010620117188,0.127,20.400000000000002
980,0.00045752525329589844,0.123,21.200000000000003
981,0.0005593299865722656,0.123,22.0
982,0.0011949539184570312,0.123,22.8
983,0.0005826950073242188,0.119,23.6
984,0.0006482601165771484,0.119,24.400000000000002
985,0.0004954338073730469,0.116,24.8
986,0.00043845176696777344,0.116,25.6
987,0.0006744861602783203,0.116,26.400000000000002
988,0.00047016143798828125,0.116,26.8
989,0.0007054805755615234,0.121,27.6
990,0.0003533363342285156,0.125,28.0
991,0.0005040168762207031,0.134,28.400000000000002
992,0.0003750324249267578,0.14,28.400000000000002
993,0.0007965564727783203,0.147,28.8
994,0.0004436969757080078,0.155,28.8
995,0.0004363059997558594,0.164,29.200000000000003
996,0.0005140304565429688,0.166,29.200000000000003
997,0.0004677772521972656,0.166,28.8
998,0.0005426406860351562,0.17,28.8
999,0.0004227161407470703,0.17,28.8
1000,0.0010542869567871094,0.17,28.400000000000002
1001,0.0004520416259765625,0.17,28.400000000000002
1002,0.0011646747589111328,0.17,28.0
1003,0.0004410743713378906,0.17,28.0
1004,0.0018165111541748047,0.17,27.6
1005,0.0017042160034179688,0.17,27.6
1006,0.0018780231475830078,0.17,27.200000000000003
1007,0.0016913414001464844,0.17,27.200000000000003
1008,0.0017180442810058594,0.17,27.200000000000003
1009,0.0007128715515136719,0.17,26.8
1010,0.0005803108215332031,0.164,26.8
1011,0.00045180320739746094,0.157,26.8
1012,0.0004868507385253906,0.144,26.8
1013,0.0008840560913085938,0.131,26.8
1014,0.0004622936248779297,0.121,27.200000000000003
1015,0.00045013427734375,0.116,27.200000000000003
1016,0.0004534721374511719,0.116,27.200000000000003
1017,0.0004303455352783203,0.116,27.200000000000003
1018,0.0006949901580810547,0.114,27.200000000000003
1019,0.0006513595581054688,0.112,27.200000000000003
1020,0.0013129711151123047,0.112,27.200000000000003
1021,0.0005080699920654297,0.112,27.200000000000003
1022,0.0004863739013671875,0.112,27.200000000000003
1023,0.001371145248413086,0.112,26.8
1024,0.0017025470733642578,0.112,26.8
1025,0.0006613731384277344,0.112,26.400000000000002
1026,0.0016205310821533203,0.112,26.0
1027,0.0006191730499267578,0.112,25.6
1028,0.0006511211395263672,0.119,24.8
1029,0.0004119873046875,0.127,24.400000000000002
1030,0.0006737709045410156,0.134,23.6
1031,0.0004858970642089844,0.142,23.200000000000003
1032,0.00045228004455566406,0.149,22.400000000000002
1033,0.0004734992980957031,0.155,21.6
1034,0.0004355907440185547,0.162,20.8
1035,0.0004456043243408203,0.168,20.0
1036,0.00046825408935546875,0.172,19.200000000000003
1037,0.0004737377166748047,0.177,18.400000000000002
1038,0.0005402565002441406,0.177,17.6
1039,0.0006475448608398438,0.177,17.2
1040,0.001991748809814453,0.177,16.400000000000002
1041,0.0004553794860839844,0.177,16.0
1042,0.001997709274291992,0.177,15.600000000000001
1043,0.002351999282836914,0.177,15.200000000000001
1044,0.0007746219635009766,0.177,15.200000000000001
1045,0.002325296401977539,0.177,14.8
1046,0.0006585121154785156,0.177,15.200000000000001
1047,0.0008196830749511719,0.172,15.200000000000001
1048,0.0004398822784423828,0.157,15.600000000000001
1049,0.0006139278411865234,0.149,16.0
1050,0.00042724609375,0.142,16.8
1051,0.00042319297790527344,0.142,17.2
1052,0.0004165172576904297,0.142,18.0
1053,0.0004184246063232422,0.138,18.8
1054,0.00045299530029296875,0.138,20.0
1055,0.0004115104675292969,0.138,20.8
1056,0.0016930103302001953,0.138,22.0
1057,0.0014026165008544922,0.138,22.8
1058,0.0006747245788574219,0.138,24.0
1059,0.0004456043243408203,0.136,24.8
1060,0.0005147457122802734,0.136,26.0
1061,0.0012209415435791016,0.136,26.8
1062,0.0005869865417480469,0.136,27.6
1063,0.0007736682891845703,0.138,28.400000000000002
1064,0.00048828125,0.144,29.6
1065,0.00035762786865234375,0.153,30.0
1066,0.0004961490631103516,0.159,30.8
1067,0.00043964385986328125,0.164,31.6
1068,0.0006918907165527344,0.168,32.0
1069,0.0004417896270751953,0.17,32.4
1070,0.00041866302490234375,0.172,32.800000000000004
1071,0.00041675567626953125,0.172,33.2
1072,0.000499725341796875,0.172,33.6
1073,0.0026221275329589844,0.172,33.6
1074,0.0005941390991210938,0.172,34.0
1075,0.001997709274291992,0.172,34.0
1076,0.0005750656127929688,0.172,34.4
1077,0.0019690990447998047,0.172,34.4
1078,0.0005648136138916016,0.172,34.4
1079,0.0005717277526855469,0.168,34.4
1080,0.0007874965667724609,0.157,34.4
1081,0.0007750988006591797,0.144,34.800000000000004
1082,0.0005986690521240234,0.131,34.800000000000004
1083,0.0005986690521240234,0.123,34.800000000000004
1084,0.0006155967712402344,0.123,34.800000000000004
1085,0.0005135536193847656,0.121,34.4
1086,0.0004603862762451172,0.119,34.4
1087,0.00042724609375,0.114,34.4
1088,0.000461578369140625,0.114,34.4
1089,0.0004744529724121094,0.114,34.0
1090,0.002104520797729492,0.114,33.6
1091,0.0019271373748779297,0.114,33.2
1092,0.0006678104400634766,0.114,32.4
1093,0.001262664794921875,0.114,32.0
1094,0.0008330345153808594,0.123,31.200000000000003
1095,0.00034546852111816406,0.131,30.400000000000002
1096,0.0004169940948486328,0.136,29.200000000000003
1097,0.0005233287811279297,0.138,28.0
1098,0.0005443096160888672,0.138,27.200000000000003
1099,0.0008971691131591797,0.142,26.0
1100,0.0010650157928466797,0.142,24.8
1101,0.0006392002105712891,0.142,23.200000000000003
1102,0.0005509853363037109,0.142,22.0
1103,0.0005083084106445312,0.142,20.8
1104,0.0004410743713378906,0.144,19.6
1105,0.00047969818115234375,0.144,18.0
1106,0.0016527175903320312,0.144,16.8
1107,0.0011584758758544922,0.131,15.600000000000001
1108,0.0006361007690429688,0.121,14.8
1109,0.0009520053863525391,0.119,13.600000000000001
1110,0.00044727325439453125,0.114,12.4
1111,0.0004315376281738281,0.112,11.600000000000001
1112,0.00043511390686035156,0.112,10.8
1113,0.0005936622619628906,0.112,10.0
1114,0.0009469985961914062,0.114,9.600000000000001
1115,0.0004734992980957031,0.121,8.8
1116,0.0007653236389160156,0.131,8.4
1117,0.0006933212280273438,0.14,8.0
1118,0.0006659030914306641,0.157,7.6000000000000005
1119,0.0004200935363769531,0.162,7.2
1120,0.000675201416015625,0.162,7.2
1121,0.0004572868347167969,0.162,6.800000000000001
1122,0.00044798851013183594,0.162,6.800000000000001
1123,0.00043463706970214844,0.162,7.2
1124,0.0028803348541259766,0.162,7.2
1125,0.000553131103515625,0.162,7.6000000000000005
1126,0.0012524127960205078,0.159,8.0
1127,0.0013701915740966797,0.153,8.8
1128,0.00048732757568359375,0.125,9.600000000000001
1129,0.0004968643188476562,0.119,10.4
1130,0.000514984130859375,0.119,11.600000000000001
1131,0.0004506111145019531,0.119,12.8
1132,0.0004444122314453125,0.119,14.0
1133,0.00047326087951660156,0.119,15.200000000000001
1134,0.0027608871459960938,0.119,16.400000000000002
1135,0.001028299331665039,0.127,18.0
1136,0.00038552284240722656,0.134,19.200000000000003
1137,0.0004980564117431641,0.136,20.8
1138,0.0005640983581542969,0.14,22.0
1139,0.0001838207244873047,0.144,23.6
1140,0.0004448890686035156,0.144,24.8
1141,0.00045680999755859375,0.144,26.0
1142,0.0004284381866455078,0.144,27.200000000000003
1143,0.0023522377014160156,0.144,28.400000000000002
1144,0.0007171630859375,0.144,29.6
1145,0.0027310848236083984,0.144,30.400000000000002
1146,0.0006418228149414062,0.144,31.6
1147,0.0005819797515869141,0.136,32.4
1148,0.00048041343688964844,0.127,33.2
1149,0.000438690185546875,0.123,34.0
1150,0.00048351287841796875,0.123,34.800000000000004
1151,0.0004298686981201172,0.123,35.6
1152,0.0013246536254882812,0.123,36.0
1153,0.0005962848663330078,0.123,36.4
1154,0.0008194446563720703,0.127,36.800000000000004
1155,0.00045108795166015625,0.151,36.800000000000004
1156,0.0005459785461425781,0.166,36.800000000000004
1157,0.00048160552978515625,0.172,36.800000000000004
1158,0.00045943260192871094,0.175,36.800000000000004
1159,0.0011470317840576172,0.175,36.4
1160,0.0004837512969970703,0.175,36.0
1161,0.0012867450714111328,0.175,35.6
1162,0.0018820762634277344,0.175,35.2
1163,0.00106048583984375,0.172,34.4
1164,0.0005078315734863281,0.157,34.0
1165,0.0007426738739013672,0.144,33.2
1166,0.00045418739318847656,0.131,32.800000000000004
1167,0.00044727325439453125,0.127,32.0
1168,0.0007305145263671875,0.127,31.200000000000003
1169,0.0008957386016845703,0.127,30.8
1170,0.0009698867797851562,0.127,30.0
1171,0.0006735324859619141,0.127,29.200000000000003
1172,0.0017609596252441406,0.127,28.8
1173,0.0006215572357177734,0.127,28.0
1174,0.0015456676483154297,0.127,27.200000000000003
1175,0.0007271766662597656,0.129,26.0
1176,0.0005884170532226562,0.136,25.200000000000003
1177,0.0003306865692138672,0.142,24.400000000000002
1178,0.0005118846893310547,0.144,23.200000000000003
1179,0.0004916191101074219,0.144,22.400000000000002
1180,0.0004374980926513672,0.144,21.200000000000003
1181,0.001172780990600586,0.144,20.400000000000002
1182,0.0004792213439941406,0.144,19.200000000000003
1183,0.004008054733276367,0.144,18.400000000000002
1184,0.0005590915679931641,0.131,17.2
1185,0.00047850608825683594,0.119,16.400000000000002
1186,0.0004489421844482422,0.11,15.600000000000001
1187,0.00048232078552246094,0.101,14.8
1188,0.0005075931549072266,0.101,14.0
1189,0.0004401206970214844,0.101,13.200000000000001
1190,0.0013697147369384766,0.101,12.8
1191,0.0008332729339599609,0.106,12.4
1192,0.0004894733428955078,0.125,11.600000000000001
1193,0.0004849433898925781,0.147,11.200000000000001
1194,0.0004620552062988281,0.157,10.8
1195,0.0004780292510986328,0.164,10.4
1196,0.00042891502380371094,0.164,10.0
1197,0.0004565715789794922,0.164,9.600000000000001
1198,0.0004220008850097656,0.164,9.600000000000001
1199,0.001312255859375,0.164,9.600000000000001
1200,0.0005886554718017578,0.157,9.200000000000001
1201,0.0005998611450195312,0.149,9.600000000000001
1202,0.00047969818115234375,0.142,10.0
1203,0.00046181678771972656,0.131,10.4
1204,0.0007412433624267578,0.125,11.200000000000001
1205,0.00046372413635253906,0.116,12.0
1206,0.00043082237243652344,0.116,12.8
1207,0.0004703998565673828,0.116,13.600000000000001
1208,0.0004200935363769531,0.116,14.4
1209,0.0009775161743164062,0.121,15.600000000000001
1210,0.0007369518280029297,0.138,16.8
1211,0.000438690185546875,0.164,17.6
1212,0.0004470348358154297,0.166,18.8
1213,0.00045371055603027344,0.166,20.0
1214,0.00042510032653808594,0.166,20.8
1215,0.001497507095336914,0.166,22.0
1216,0.0017495155334472656,0.166,23.200000000000003
1217,0.0007052421569824219,0.166,24.0
1218,0.0008227825164794922,0.157,25.200000000000003
1219,0.000732421875,0.138,26.0
1220,0.00044465065002441406,0.129,27.200000000000003
1221,0.0004220008850097656,0.129,28.400000000000002
1222,0.0004673004150390625,0.129,29.200000000000003
1223,0.0004456043243408203,0.129,30.400000000000002
1224,0.00044536590576171875,0.129,31.200000000000003
1225,0.003035306930541992,0.129,32.4
1226,0.0006010532379150391,0.129,33.2
1227,0.0008752346038818359,0.131,34.0
1228,0.0004649162292480469,0.144,34.800000000000004
1229,0.0004649162292480469,0.155,34.800000000000004
1230,0.0004241466522216797,0.157,35.2
1231,0.0004181861877441406,0.157,35.6
1232,0.0006651878356933594,0.157,36.0
1233,0.0009140968322753906,0.157,36.4
1234,0.0006709098815917969,0.153,36.4
1235,0.0004925727844238281,0.142,36.4
1236,0.0006151199340820312,0.125,36.4
1237,0.0005059242248535156,0.116,36.4
1238,0.0007567405700683594,0.112,36.4
1239,0.0004532337188720703,0.112,36.0
1240,0.0008180141448974609,0.112,35.6
1241,0.0004744529724121094,0.112,35.2
1242,0.0010738372802734375,0.114,34.800000000000004
1243,0.0005795955657958984,0.121,34.0
1244,0.00048828125,0.138,33.6
1245,0.0010788440704345703,0.151,32.800000000000004
1246,0.000560760498046875,0.159,31.6
1247,0.0003745555877685547,0.162,30.8
1248,0.00045752525329589844,0.162,29.6
1249,0.000576019287109375,0.162,28.400000000000002
1250,0.00045490264892578125,0.159,27.200000000000003
1251,0.0007574558258056641,0.151,26.0
1252,0.0003895759582519531,0.138,24.8
1253,0.0005657672882080078,0.123,23.6
1254,0.00047707557678222656,0.116,22.400000000000002
1255,0.0005829334259033203,0.112,21.200000000000003
1256,0.0006229877471923828,0.11,20.0
1257,0.0005314350128173828,0.11,18.8
1258,0.0010287761688232422,0.11,18.0
1259,0.0004928112030029297,0.11,16.8
1260,0.0004589557647705078,0.119,16.0
1261,0.0017733573913574219,0.129,14.8
1262,0.0005919933319091797,0.155,14.0
1263,0.0005300045013427734,0.164,13.200000000000001
1264,0.0008432865142822266,0.164,12.0
1265,0.0005047321319580078,0.164,11.200000000000001
1266,0.00045228004455566406,0.164,10.8
1267,0.0020074844360351562,0.164,10.0
1268,0.0017282962799072266,0.164,9.200000000000001
1269,0.0004999637603759766,0.157,8.8
1270,0.0005943775177001953,0.147,8.4
1271,0.0005822181701660156,0.138,8.4
1272,0.0007710456848144531,0.129,8.4
1273,0.00035190582275390625,0.127,8.4
1274,0.0006074905395507812,0.127,8.8
1275,0.0010797977447509766,0.127,9.200000000000001
1276,0.0005197525024414062,0.127,9.600000000000001
1277,0.0017461776733398438,0.127,10.0
1278,0.0027611255645751953,0.131,10.8
1279,0.0013358592987060547,0.157,11.600000000000001
1280,0.0006194114685058594,0.175,12.4
1281,0.0004200935363769531,0.177,13.200000000000001
1282,0.0005030632019042969,0.177,14.0
1283,0.0006418228149414062,0.177,15.200000000000001
1284,0.0009698867797851562,0.177,16.0
1285,0.0006036758422851562,0.175,17.2
1286,0.0009210109710693359,0.159,18.400000000000002
1287,0.0011169910430908203,0.142,19.6
1288,0.0004570484161376953,0.129,20.8
1289,0.0005064010620117188,0.125,22.400000000000002
1290,0.00045490264892578125,0.121,23.6
1291,0.0005023479461669922,0.121,25.200000000000003
1292,0.00044608116149902344,0.121,26.8
1293,0.00044655799865722656,0.121,28.0
1294,0.002244234085083008,0.121,29.6
1295,0.0014371871948242188,0.121,30.8
1296,0.0010151863098144531,0.134,32.0
1297,0.0009334087371826172,0.147,33.2
1298,0.0008499622344970703,0.162,34.0
1299,0.0009882450103759766,0.162,35.2
1300,0.0006663799285888672,0.162,36.0
1301,0.0025582313537597656,0.162,36.4
1302,0.0006639957427978516,0.162,37.2
1303,0.0017838478088378906,0.162,37.6
1304,0.0005733966827392578,0.159,38.0
1305,0.001191854476928711,0.147,38.400000000000006
1306,0.0004811286926269531,0.131,38.400000000000006
1307,0.0007040500640869141,0.123,38.800000000000004
1308,0.0004870891571044922,0.114,38.800000000000004
1309,0.0006527900695800781,0.11,38.800000000000004
1310,0.00046324729919433594,0.11,38.400000000000006
1311,0.0005047321319580078,0.11,38.400000000000006
1312,0.0004551410675048828,0.11,38.0
1313,0.0025484561920166016,0.11,37.6
1314,0.00054168701171875,0.121,37.2
1315,0.000675201416015625,0.138,36.4
1316,0.0004658699035644531,0.151,35.6
1317,0.0008778572082519531,0.157,34.4
1318,0.0006258487701416016,0.159,33.6
1319,0.0004982948303222656,0.159,32.4
1320,0.0006349086761474609,0.159,31.200000000000003
1321,0.0022547245025634766,0.157,29.6
1322,0.0004680156707763672,0.149,28.400000000000002
1323,0.00044155120849609375,0.136,26.8
1324,0.0011165142059326172,0.121,25.6
1325,0.0004253387451171875,0.099,24.0
1326,0.0004715919494628906,0.086,22.8
1327,0.0004775524139404297,0.086,21.200000000000003
1328,0.0007190704345703125,0.086,20.0
1329,0.0006885528564453125,0.086,18.8
1330,0.0005078315734863281,0.093,17.6
1331,0.0004894733428955078,0.114,16.400000000000002
1332,0.0005304813385009766,0.138,14.8
1333,0.00036454200744628906,0.149,13.600000000000001
1334,0.00046372413635253906,0.151,12.4
1335,0.00046753883361816406,0.151,11.200000000000001
1336,0.0004374980926513672,0.151,10.0
1337,0.0004277229309082031,0.151,8.8
1338,0.0010154247283935547,0.151,7.6000000000000005
1339,0.00045299530029296875,0.147,6.800000000000001
1340,0.0003650188446044922,0.14,5.6000000000000005
1341,0.00045561790466308594,0.14,5.2
1342,0.0013000965118408203,0.14,4.4
1343,0.001361846923828125,0.136,4.0
1344,0.0004885196685791016,0.136,3.6
1345,0.0004572868347167969,0.136,3.6
1346,0.0013327598571777344,0.136,3.6
1347,0.0007009506225585938,0.136,4.0
1348,0.002453327178955078,0.136,4.4
1349,0.0025703907012939453,0.136,4.800000000000001
1350,0.0006024837493896484,0.136,5.2
1351,0.002199411392211914,0.136,6.0
1352,0.0007064342498779297,0.131,6.800000000000001
1353,0.0028352737426757812,0.123,7.6000000000000005
1354,0.0005891323089599609,0.106,8.8
1355,0.00045371055603027344,0.099,10.0
1356,0.0004966259002685547,0.093,11.200000000000001
1357,0.0004718303680419922,0.093,12.4
1358,0.0012731552124023438,0.093,14.0
1359,0.0005326271057128906,0.099,15.200000000000001
1360,0.0005006790161132812,0.114,16.400000000000002
1361,0.0005071163177490234,0.14,18.0
1362,0.0006840229034423828,0.147,19.200000000000003
1363,0.0004937648773193359,0.147,20.400000000000002
1364,0.0009984970092773438,0.147,21.6
1365,0.0004963874816894531,0.147,22.8
1366,0.0010421276092529297,0.147,24.0
1367,0.0006334781646728516,0.147,25.200000000000003
1368,0.0022096633911132812,0.147,26.0
1369,0.0024652481079101562,0.147,27.200000000000003
1370,0.0008957386016845703,0.147,28.0
1371,0.0007145404815673828,0.144,29.200000000000003
1372,0.0011584758758544922,0.144,30.0
1373,0.0005123615264892578,0.144,30.8
1374,0.0021944046020507812,0.144,31.6
1375,0.002161741256713867,0.144,32.4
1376,0.0006711483001708984,0.144,32.800000000000004
1377,0.0024573802947998047,0.144,33.6
1378,0.0006122589111328125,0.144,34.0
1379,0.0023093223571777344,0.144,34.4
1380,0.002110719680786133,0.144,34.800000000000004
1381,0.001813650131225586,0.144,35.2
1382,0.0017786026000976562,0.144,35.2
1383,0.0016374588012695312,0.144,35.6
1384,0.002298116683959961,0.144,35.6
1385,0.0004172325134277344,0.157,35.6
1386,0.0004172325134277344,0.17,35.6
1387,0.00047850608825683594,0.183,35.2
1388,0.0006260871887207031,0.185,35.2
1389,0.0004832744598388672,0.185,34.800000000000004
1390,0.0006256103515625,0.185,34.4
1391,0.001283884048461914,0.185,34.0
1392,0.0009832382202148438,0.185,33.6
1393,0.0008077621459960938,0.185,33.2
1394,0.0027310848236083984,0.185,32.800000000000004
1395,0.0007700920104980469,0.185,32.4
1396,0.0007028579711914062,0.181,32.0
1397,0.0005762577056884766,0.166,31.6
1398,0.0006375312805175781,0.153,31.200000000000003
1399,0.0005965232849121094,0.14,30.8
1400,0.0003063678741455078,0.131,30.8
1401,0.00047278404235839844,0.131,30.400000000000002
1402,0.0010802745819091797,0.131,30.0
1403,0.00048422813415527344,0.131,30.0
1404,0.0011022090911865234,0.131,29.6
1405,0.0007212162017822266,0.131,29.200000000000003
1406,0.001567840576171875,0.131,29.200000000000003
1407,0.0007271766662597656,0.131,28.8
1408,0.00180816650390625,0.131,28.400000000000002
1409,0.0017094612121582031,0.131,28.0
1410,0.0017113685607910156,0.131,27.200000000000003
1411,0.0021834373474121094,0.131,26.8
1412,0.0007417201995849609,0.131,26.0
1413,0.0005681514739990234,0.138,25.6
1414,0.0005795955657958984,0.144,24.8
1415,0.0003685951232910156,0.153,24.0
1416,0.0005943775177001953,0.157,23.6
1417,0.0009763240814208984,0.164,22.8
1418,0.0004985332489013672,0.172,22.0
1419,0.0006394386291503906,0.175,21.200000000000003
1420,0.0015909671783447266,0.179,20.400000000000002
1421,0.0004904270172119141,0.183,20.0
1422,0.000537872314453125,0.188,19.200000000000003
1423,0.00045871734619140625,0.192,18.8
1424,0.00045800209045410156,0.192,18.0
1425,0.0012431144714355469,0.192,17.6
1426,0.0006983280181884766,0.192,17.6
1427,0.0008318424224853516,0.192,17.2
1428,0.0007536411285400391,0.192,17.2
1429,0.0018074512481689453,0.192,17.2
1430,0.0017292499542236328,0.192,17.6
1431,0.000652313232421875,0.192,17.6
1432,0.0012042522430419922,0.192,18.400000000000002
1433,0.0005967617034912109,0.185,18.8
1434,0.0005776882171630859,0.172,19.6
1435,0.0011920928955078125,0.157,20.400000000000002
1436,0.0010001659393310547,0.147,21.200000000000003
1437,0.0005376338958740234,0.144,22.400000000000002
1438,0.0013155937194824219,0.144,23.6
1439,0.0004856586456298828,0.144,24.8
1440,0.0010814666748046875,0.144,26.0
1441,0.0006167888641357422,0.144,27.200000000000003
1442,0.002216815948486328,0.144,28.400000000000002
1443,0.0006022453308105469,0.144,29.6
1444,0.0022842884063720703,0.144,30.8
1445,0.0007114410400390625,0.144,32.0
1446,0.0018782615661621094,0.144,33.2
1447,0.0006072521209716797,0.144,34.4
1448,0.0018432140350341797,0.144,35.2
1449,0.002274751663208008,0.144,36.0
1450,0.0005941390991210938,0.144,36.800000000000004
1451,0.0058498382568359375,0.144,37.6
1452,0.0005824565887451172,0.155,38.0
1453,0.0004935264587402344,0.164,38.400000000000006
1454,0.0006453990936279297,0.185,38.800000000000004
1455,0.0005519390106201172,0.192,39.2
1456,0.0003478527069091797,0.194,39.2
1457,0.0005259513854980469,0.194,39.2
1458,0.0013322830200195312,0.194,39.2
1459,0.0006823539733886719,0.194,39.2
1460,0.0012848377227783203,0.194,39.2
1461,0.0004894733428955078,0.194,38.800000000000004
1462,0.0017428398132324219,0.194,38.800000000000004
1463,0.0006799697875976562,0.194,38.400000000000006
1464,0.00250244140625,0.194,38.0
1465,0.0009701251983642578,0.192,38.0
1466,0.0010075569152832031,0.177,37.6
1467,0.0006427764892578125,0.166,37.6
1468,0.0005652904510498047,0.155,37.2
1469,0.0009634494781494141,0.142,37.2
1470,0.0003476142883300781,0.134,36.800000000000004
1471,0.0004892349243164062,0.134,36.800000000000004
1472,0.0007560253143310547,0.134,36.4
1473,0.0007233619689941406,0.134,36.4
1474,0.0008091926574707031,0.134,36.0
1475,0.001123189926147461,0.134,35.6
1476,0.0018460750579833984,0.134,35.2
1477,0.001834869384765625,0.134,34.800000000000004
1478,0.0009438991546630859,0.129,34.0
1479,0.0003972053527832031,0.116,33.2
1480,0.0008983612060546875,0.108,32.800000000000004
1481,0.0004096031188964844,0.101,31.6
1482,0.0004780292510986328,0.099,30.8
1483,0.000545501708984375,0.099,30.0
1484,0.0008697509765625,0.099,28.8
1485,0.0010159015655517578,0.099,27.6
1486,0.0005583763122558594,0.099,26.400000000000002
1487,0.0010612010955810547,0.099,25.200000000000003
1488,0.0007214546203613281,0.099,24.0
1489,0.001795053482055664,0.099,22.400000000000002
1490,0.0013275146484375,0.099,20.8
1491,0.0016944408416748047,0.099,19.6
1492,0.0008068084716796875,0.108,18.0
1493,0.0009350776672363281,0.121,16.400000000000002
1494,0.00034427642822265625,0.129,14.8
1495,0.0008022785186767578,0.138,13.200000000000001
1496,0.0006349086761474609,0.144,11.600000000000001
1497,0.0005950927734375,0.151,10.0
1498,0.0006241798400878906,0.155,8.4
1499,0.00043201446533203125,0.159,7.2
1500,0.00019359588623046875,0.164,5.6000000000000005
1501,0.002611875534057617,0.164,4.4
1502,0.00046896934509277344,0.168,3.2
1503,0.0007722377777099609,0.168,2.4000000000000004
1504,0.0004756450653076172,0.172,1.6
1505,0.0004417896270751953,0.172,1.2000000000000002
1506,0.0007565021514892578,0.172,0.8
1507,0.0016825199127197266,0.175,0.4
1508,0.00046324729919433594,0.177,0.4
1509,0.0005125999450683594,0.177,0.8
1510,0.00098419189453125,0.177,1.2000000000000002
1511,0.0015537738800048828,0.177,2.0
1512,0.0013713836669921875,0.177,2.8000000000000003
1513,0.0006279945373535156,0.177,4.0
1514,0.0019681453704833984,0.177,5.2
1515,0.0005888938903808594,0.177,6.800000000000001
1516,0.0021572113037109375,0.177,8.4
1517,0.0006816387176513672,0.177,10.4
1518,0.0024671554565429688,0.177,12.4
1519,0.0006530284881591797,0.177,14.8
1520,0.0006132125854492188,0.175,16.8
1521,0.0012912750244140625,0.17,19.200000000000003
1522,0.001386880874633789,0.17,21.6
1523,0.0009183883666992188,0.166,24.0
1524,0.0032689571380615234,0.166,26.8
1525,0.0019190311431884766,0.166,29.200000000000003
1526,0.0012662410736083984,0.166,32.0
1527,0.001611948013305664,0.166,34.4
1528,0.0005788803100585938,0.157,37.2
1529,0.0009684562683105469,0.157,39.6
1530,0.0009684562683105469,0.153,39.6
1531,0.0004658699035644531,0.151,42.0
1532,0.0009655952453613281,0.147,44.400000000000006
1533,0.0005319118499755859,0.138,46.400000000000006
1534,0.0005011558532714844,0.138,48.800000000000004
1535,0.0004649162292480469,0.138,50.400000000000006
1536,0.00046443939208984375,0.134,52.400000000000006
1537,0.0004596710205078125,0.131,54.0
1538,0.0004191398620605469,0.131,55.6
1539,0.0013070106506347656,0.131,56.800000000000004
1540,0.0004432201385498047,0.131,58.0
1541,0.0018627643585205078,0.131,58.800000000000004
1542,0.0005686283111572266,0.131,59.2
1543,0.0026934146881103516,0.131,59.6
1544,0.0021414756774902344,0.131,60.0
1545,0.0007257461547851562,0.131,59.6
1546,0.0017855167388916016,0.131,59.6
1547,0.0006222724914550781,0.131,58.800000000000004
1548,0.0024192333221435547,0.131,58.0
1549,0.0008580684661865234,0.131,57.2
1550,0.0005707740783691406,0.136,56.0
1551,0.0009067058563232422,0.147,54.400000000000006
1552,0.0007090568542480469,0.157,52.800000000000004
1553,0.0021779537200927734,0.164,50.800000000000004
1554,0.0005855560302734375,0.175,48.800000000000004
1555,0.00042438507080078125,0.179,46.800000000000004
1556,0.0007069110870361328,0.181,44.400000000000006
1557,0.0004303455352783203,0.19,42.0
1558,0.0004329681396484375,0.194,39.2
1559,0.0004329681396484375,0.194,36.800000000000004
1560,0.00046372413635253906,0.194,34.0
1561,0.0006935596466064453,0.194,31.200000000000003
1562,0.00017499923706054688,0.194,28.8
1563,0.0003769397735595703,0.194,26.0
1564,0.0002205371856689453,0.194,23.6
1565,0.0002703666687011719,0.194,21.200000000000003
1566,0.00010800361633300781,0.194,18.8
1567,0.00012111663818359375,0.194,16.8
1568,0.00014901161193847656,0.194,14.8
1569,0.0001862049102783203,0.194,13.200000000000001
1570,0.0004546642303466797,0.19,11.600000000000001
1571,0.00033855438232421875,0.181,10.0
1572,0.00045228004455566406,0.172,8.8
1573,0.00048232078552246094,0.166,8.0
1574,0.0008311271667480469,0.162,7.2
1575,0.0004413127899169922,0.157,6.800000000000001
1576,0.00042557716369628906,0.157,6.4
1577,0.0008151531219482422,0.153,6.4
1578,0.0004532337188720703,0.144,6.4
1579,0.00044083595275878906,0.144,6.800000000000001
1580,0.0009043216705322266,0.144,7.2
1581,0.0004699230194091797,0.144,7.6000000000000005
1582,0.0009984970092773438,0.144,8.4
1583,0.0007383823394775391,0.144,9.200000000000001
1584,0.00046634674072265625,0.14,10.4
1585,0.00046443939208984375,0.134,11.600000000000001
1586,0.0011451244354248047,0.129,12.8
1587,0.0005235671997070312,0.123,14.0
1588,0.0004379749298095703,0.119,15.200000000000001
1589,0.0004413127899169922,0.119,16.400000000000002
1590,0.0004305839538574219,0.119,18.0
1591,0.0011420249938964844,0.119,19.6
1592,0.00052642822265625,0.119,20.8
1593,0.0017867088317871094,0.119,22.400000000000002
1594,0.0016515254974365234,0.119,23.6
1595,0.0007157325744628906,0.119,24.8
1596,0.0018167495727539062,0.119,26.400000000000002
1597,0.0006132125854492188,0.119,27.6
1598,0.0021724700927734375,0.119,28.400000000000002
1599,0.0005707740783691406,0.119,29.6
1600,0.0016884803771972656,0.119,30.400000000000002
1601,0.0006115436553955078,0.127,31.6
1602,0.0004684925079345703,0.134,32.0
1603,0.0004801750183105469,0.14,32.800000000000004
1604,0.0004279613494873047,0.144,33.2
1605,0.0004246234893798828,0.144,33.6
1606,0.0004253387451171875,0.147,34.0
1607,0.00042057037353515625,0.147,34.4
1608,0.0004210472106933594,0.147,34.4
1609,0.0009233951568603516,0.149,34.4
1610,0.0005409717559814453,0.151,34.4
1611,0.0012805461883544922,0.151,34.0
1612,0.0005071163177490234,0.155,34.0
1613,0.0005404949188232422,0.159,33.6
1614,0.00043463706970214844,0.159,33.2
1615,0.0006201267242431641,0.164,32.800000000000004
1616,0.00046706199645996094,0.168,32.4
1617,0.0007178783416748047,0.17,31.6
1618,0.000484466552734375,0.17,31.200000000000003
1619,0.0011334419250488281,0.17,30.400000000000002
1620,0.0007824897766113281,0.17,30.0
1621,0.002130270004272461,0.17,29.200000000000003
1622,0.0006124973297119141,0.17,28.8
1623,0.002010345458984375,0.17,28.0
1624,0.0005710124969482422,0.17,27.6
1625,0.0010933876037597656,0.168,26.8
1626,0.0005402565002441406,0.159,26.400000000000002
1627,0.0006766319274902344,0.157,25.6
1628,0.0009179115295410156,0.157,25.200000000000003
1629,0.0006270408630371094,0.157,24.8
1630,0.0005903244018554688,0.153,24.400000000000002
1631,0.0004811286926269531,0.153,24.0
1632,0.0009124279022216797,0.153,24.0
1633,0.0005142688751220703,0.153,23.6
1634,0.001619577407836914,0.153,23.200000000000003
1635,0.0021872520446777344,0.153,23.200000000000003
1636,0.0003743171691894531,0.151,22.8
1637,0.0004956722259521484,0.151,22.8
1638,0.0007789134979248047,0.147,22.400000000000002
1639,0.0005311965942382812,0.147,22.400000000000002
1640,0.0005040168762207031,0.147,22.400000000000002
1641,0.0012984275817871094,0.147,22.400000000000002
1642,0.0007042884826660156,0.147,22.400000000000002
1643,0.0018911361694335938,0.147,22.400000000000002
1644,0.0005922317504882812,0.149,22.400000000000002
1645,0.00039315223693847656,0.159,22.400000000000002
1646,0.0004742145538330078,0.175,22.400000000000002
1647,0.0004584789276123047,0.185,22.400000000000002
1648,0.0005252361297607422,0.194,22.400000000000002
1649,0.0010170936584472656,0.203,22.400000000000002
1650,0.0004775524139404297,0.207,22.8
1651,0.00047016143798828125,0.207,22.8
1652,0.0009257793426513672,0.207,23.200000000000003
1653,0.0004673004150390625,0.207,23.200000000000003
1654,0.0011146068572998047,0.207,23.6
1655,0.0005719661712646484,0.207,24.400000000000002
1656,0.0018725395202636719,0.207,24.8
1657,0.0005714893341064453,0.207,25.6
1658,0.002147197723388672,0.207,26.400000000000002
1659,0.0006036758422851562,0.207,27.200000000000003
1660,0.0017771720886230469,0.207,28.0
1661,0.0006041526794433594,0.207,29.200000000000003
1662,0.0007309913635253906,0.203,30.400000000000002
1663,0.0005745887756347656,0.194,31.6
1664,0.001100301742553711,0.19,32.800000000000004
1665,0.0006647109985351562,0.188,34.4
1666,0.0004558563232421875,0.185,35.6
1667,0.0004410743713378906,0.175,37.2
1668,0.0006814002990722656,0.172,38.800000000000004
1669,0.0004646778106689453,0.17,40.0
1670,0.0004775524139404297,0.164,41.6
1671,0.0004775524139404297,0.164,41.6
1672,0.0005371570587158203,0.159,43.2
1673,0.0004696846008300781,0.157,44.400000000000006
1674,0.0005414485931396484,0.151,46.0
1675,0.00043320655822753906,0.147,47.2
1676,0.0006570816040039062,0.144,48.400000000000006
1677,0.0004649162292480469,0.138,49.2
1678,0.0006091594696044922,0.138,50.0
1679,0.0004296302795410156,0.134,50.800000000000004
1680,0.0005207061767578125,0.131,51.6
1681,0.0004229545593261719,0.131,52.0
1682,0.0006186962127685547,0.131,52.400000000000006
1683,0.003196239471435547,0.131,52.400000000000006
1684,0.002369403839111328,0.131,52.400000000000006
1685,0.001154184341430664,0.131,52.400000000000006
1686,0.00034427642822265625,0.142,52.0
1687,0.0005245208740234375,0.151,51.2
1688,0.0005030632019042969,0.162,50.400000000000006
1689,0.0005395412445068359,0.166,49.6
1690,0.00042319297790527344,0.17,48.400000000000006
1691,0.0006053447723388672,0.172,46.800000000000004
1692,0.0005316734313964844,0.179,45.6
1693,0.0004966259002685547,0.185,44.0
1694,0.00022983551025390625,0.19,42.0
1695,0.0004584789276123047,0.194,40.400000000000006
1696,0.00048089027404785156,0.196,38.400000000000006
1697,0.00043511390686035156,0.196,36.4
1698,0.0011630058288574219,0.196,34.800000000000004
1699,0.001146078109741211,0.196,32.800000000000004
1700,0.0006918907165527344,0.196,30.8
1701,0.0026254653930664062,0.196,28.8
1702,0.0006062984466552734,0.196,27.200000000000003
1703,0.0008056163787841797,0.192,25.6
1704,0.0004725456237792969,0.185,24.0
1705,0.0004374980926513672,0.177,22.400000000000002
1706,0.0007369518280029297,0.17,21.200000000000003
1707,0.0007851123809814453,0.155,20.0
1708,0.000476837158203125,0.151,18.8
1709,0.0005095005035400391,0.147,17.6
1710,0.00047779083251953125,0.144,16.8
1711,0.0005047321319580078,0.138,16.400000000000002
1712,0.0004589557647705078,0.134,15.600000000000001
1713,0.00042700767517089844,0.134,15.200000000000001
1714,0.0004444122314453125,0.134,14.8
1715,0.0012714862823486328,0.134,14.4
1716,0.0005834102630615234,0.134,14.0
1717,0.0019028186798095703,0.134,14.0
1718,0.0006000995635986328,0.134,14.0
1719,0.0027742385864257812,0.134,13.600000000000001
1720,0.0005681514739990234,0.134,13.600000000000001
1721,0.002341747283935547,0.134,14.0
1722,0.0005466938018798828,0.136,14.0
1723,0.0005698204040527344,0.144,14.0
1724,0.0007920265197753906,0.153,14.4
1725,0.0004909038543701172,0.159,14.8
1726,0.0005307197570800781,0.162,15.200000000000001
1727,0.0003981590270996094,0.166,15.600000000000001
1728,0.0005948543548583984,0.168,16.0
1729,0.00047898292541503906,0.175,16.400000000000002
1730,0.0004470348358154297,0.181,16.8
1731,0.0006399154663085938,0.185,17.6
1732,0.0004630088806152344,0.185,18.0
1733,0.0005450248718261719,0.185,18.8
1734,0.0006275177001953125,0.185,19.6
1735,0.00047206878662109375,0.185,20.400000000000002
1736,0.0021643638610839844,0.185,21.6
1737,0.0017724037170410156,0.185,22.400000000000002
1738,0.0006680488586425781,0.185,23.6
1739,0.00036406517028808594,0.177,24.8
1740,0.0009183883666992188,0.17,26.0
1741,0.0005588531494140625,0.149,27.200000000000003
1742,0.0004963874816894531,0.138,28.400000000000002
1743,0.0006880760192871094,0.138,30.0
1744,0.0004737377166748047,0.138,31.200000000000003
1745,0.0011754035949707031,0.138,32.800000000000004
1746,0.00042319297790527344,0.134,34.0
1747,0.00044798851013183594,0.134,35.6
1748,0.0004508495330810547,0.134,36.800000000000004
1749,0.0011734962463378906,0.134,38.0
1750,0.00045299530029296875,0.134,38.800000000000004
1751,0.0010194778442382812,0.131,40.0
1752,0.0008485317230224609,0.131,40.800000000000004
1753,0.0009329319000244141,0.131,41.6
1754,0.0005702972412109375,0.136,42.0
1755,0.0005505084991455078,0.149,42.400000000000006
1756,0.0004572868347167969,0.159,42.800000000000004
1757,0.0005846023559570312,0.168,42.800000000000004
1758,0.0004527568817138672,0.181,42.800000000000004
1759,0.0007596015930175781,0.192,42.400000000000006
1760,0.0006542205810546875,0.196,42.400000000000006
1761,0.00045800209045410156,0.2,42.0
1762,0.0004899501800537109,0.203,41.2
1763,0.0004260540008544922,0.203,40.800000000000004
1764,0.0004260540008544922,0.203,40.0
1765,0.0006818771362304688,0.203,39.2
1766,0.002114534378051758,0.203,38.400000000000006
1767,0.0005462169647216797,0.203,38.0
1768,0.0020661354064941406,0.203,37.2
1769,0.0017240047454833984,0.203,36.4
1770,0.0005834102630615234,0.194,35.6
1771,0.0005164146423339844,0.183,35.2
1772,0.0006117820739746094,0.17,34.800000000000004
1773,0.000499725341796875,0.159,34.0
1774,0.0004436969757080078,0.149,33.6
1775,0.00046944618225097656,0.142,33.2
1776,0.00044345855712890625,0.142,32.800000000000004
1777,0.0004725456237792969,0.142,32.4
1778,0.0006034374237060547,0.142,32.0
1779,0.0010263919830322266,0.14,31.6
1780,0.0006110668182373047,0.138,31.200000000000003
1781,0.0011601448059082031,0.138,30.8
1782,0.00039076805114746094,0.134,30.400000000000002
1783,0.00048661231994628906,0.134,30.0
1784,0.00043201446533203125,0.134,29.6
1785,0.0004565715789794922,0.134,28.8
1786,0.0030105113983154297,0.134,28.400000000000002
1787,0.00042819976806640625,0.136,27.6
1788,0.00039649009704589844,0.151,26.8
1789,0.00045752525329589844,0.17,26.0
1790,0.00046181678771972656,0.177,25.200000000000003
1791,0.00042438507080078125,0.179,24.400000000000002
1792,0.00042724609375,0.183,23.6
1793,0.00041604042053222656,0.185,22.8
1794,0.0004336833953857422,0.19,22.0
1795,0.0004405975341796875,0.19,21.200000000000003
1796,0.000499725341796875,0.19,20.8
1797,0.0008077621459960938,0.19,20.0
1798,0.0019297599792480469,0.19,19.6
1799,0.0006361007690429688,0.19,19.200000000000003
1800,0.0018184185028076172,0.19,18.8
1801,0.0006124973297119141,0.185,18.400000000000002
1802,0.0005681514739990234,0.175,18.400000000000002
1803,0.0004477500915527344,0.164,18.400000000000002
1804,0.00045037269592285156,0.153,18.8
1805,0.0004432201385498047,0.149,18.8
1806,0.0005609989166259766,0.147,19.200000000000003
1807,0.0004229545593261719,0.147,20.0
1808,0.00047779083251953125,0.147,20.400000000000002
1809,0.00042939186096191406,0.147,21.200000000000003
1810,0.0012156963348388672,0.144,22.0
1811,0.0004870891571044922,0.142,22.8
1812,0.0007083415985107422,0.142,23.200000000000003
1813,0.0031142234802246094,0.142,24.0
1814,0.0006318092346191406,0.142,24.8
1815,0.0019512176513671875,0.142,25.6
1816,0.0011546611785888672,0.147,26.400000000000002
1817,0.0003669261932373047,0.159,27.200000000000003
1818,0.0008153915405273438,0.172,27.6
1819,0.0005395412445068359,0.183,28.400000000000002
1820,0.0006527900695800781,0.185,29.200000000000003
1821,0.0005381107330322266,0.185,29.6
1822,0.0008308887481689453,0.19,30.0
1823,0.0005717277526855469,0.19,30.8
1824,0.0005717277526855469,0.194,30.8
1825,0.00046825408935546875,0.194,31.200000000000003
1826,0.0006165504455566406,0.194,31.6
1827,0.0012753009796142578,0.194,32.0
1828,0.00046563148498535156,0.194,32.800000000000004
1829,0.0021076202392578125,0.194,33.2
1830,0.00058746337890625,0.194,33.6
1831,0.0008943080902099609,0.194,34.4
1832,0.0004994869232177734,0.181,34.800000000000004
1833,0.000766754150390625,0.168,35.6
1834,0.0006248950958251953,0.157,36.0
1835,0.0004420280456542969,0.151,36.800000000000004
1836,0.0006151199340820312,0.147,37.2
1837,0.00045108795166015625,0.138,38.0
1838,0.0003719329833984375,0.131,38.400000000000006
1839,0.0004515647888183594,0.129,39.2
1840,0.00042939186096191406,0.129,39.6
1841,0.0008633136749267578,0.129,40.400000000000006
1842,0.0007565021514892578,0.129,40.800000000000004
1843,0.0007255077362060547,0.129,41.2
1844,0.00046181678771972656,0.129,41.2
1845,0.00045013427734375,0.136,41.6
1846,0.0005261898040771484,0.147,41.6
1847,0.0003943443298339844,0.157,41.2
1848,0.0004725456237792969,0.166,40.800000000000004
1849,0.00045299530029296875,0.168,40.400000000000006
1850,0.00048470497131347656,0.175,40.0
1851,0.0004677772521972656,0.177,39.2
1852,0.0004646778106689453,0.179,38.400000000000006
1853,0.00042939186096191406,0.181,37.6
1854,0.00043320655822753906,0.181,36.4
1855,0.00042557716369628906,0.181,35.6
1856,0.0011818408966064453,0.181,34.4
1857,0.0004475116729736328,0.179,33.2
1858,0.0006167888641357422,0.17,32.4
1859,0.0004444122314453125,0.159,31.200000000000003
1860,0.00046753883361816406,0.144,30.400000000000002
1861,0.0004112720489501953,0.131,29.200000000000003
1862,0.00020766258239746094,0.121,28.400000000000002
1863,0.0004742145538330078,0.119,27.200000000000003
1864,0.000438690185546875,0.116,26.400000000000002
1865,0.0004627704620361328,0.114,25.6
1866,0.00045800209045410156,0.11,24.400000000000002
1867,0.00048279762268066406,0.108,23.6
1868,0.00042319297790527344,0.108,22.8
1869,0.0005128383636474609,0.108,21.6
1870,0.0004286766052246094,0.108,20.8
1871,0.0004131793975830078,0.114,20.0
1872,0.0006017684936523438,0.123,18.8
1873,0.0007822513580322266,0.14,17.6
1874,0.0004494190216064453,0.159,16.8
1875,0.00048661231994628906,0.168,15.600000000000001
1876,0.0005216598510742188,0.172,14.8
1877,0.0004515647888183594,0.172,13.600000000000001
1878,0.0004448890686035156,0.177,12.8
1879,0.00045180320739746094,0.181,12.0
1880,0.0004208087921142578,0.181,11.200000000000001
1881,0.00041866302490234375,0.181,10.4
1882,0.0006692409515380859,0.181,10.0
1883,0.0021665096282958984,0.181,9.600000000000001
1884,0.0008039474487304688,0.181,9.200000000000001
1885,0.002601146697998047,0.181,9.200000000000001
1886,0.0014624595642089844,0.181,9.200000000000001
1887,0.00081634521484375,0.164,9.600000000000001
1888,0.00037550926208496094,0.149,10.0
1889,0.0005960464477539062,0.147,10.8
1890,0.0004801750183105469,0.147,11.600000000000001
1891,0.0008919239044189453,0.147,12.4
1892,0.0012478828430175781,0.144,13.600000000000001
1893,0.0005626678466796875,0.134,14.8
1894,0.0005009174346923828,0.134,16.0
1895,0.0006322860717773438,0.134,17.2
1896,0.0007104873657226562,0.134,18.8
1897,0.0005581378936767578,0.134,20.0
1898,0.001970052719116211,0.134,21.6
1899,0.0006725788116455078,0.134,23.200000000000003
1900,0.0008285045623779297,0.136,24.400000000000002
1901,0.0006787776947021484,0.149,26.0
1902,0.003911495208740234,0.155,27.200000000000003
1903,0.0005857944488525391,0.164,28.8
1904,0.0005497932434082031,0.177,30.0
1905,0.00048422813415527344,0.183,31.200000000000003
1906,0.0004711151123046875,0.185,32.4
1907,0.00045943260192871094,0.185,33.2
1908,0.00042438507080078125,0.185,34.4
1909,0.002067089080810547,0.185,35.2
1910,0.0006113052368164062,0.185,36.0
1911,0.0023636817932128906,0.185,36.800000000000004
1912,0.0005972385406494141,0.185,38.0
1913,0.0025620460510253906,0.185,38.800000000000004
1914,0.0005862712860107422,0.185,39.2
1915,0.0018279552459716797,0.185,40.0
1916,0.0006380081176757812,0.185,40.800000000000004
1917,0.0027790069580078125,0.185,41.6
1918,0.0008504390716552734,0.179,42.0
1919,0.0004630088806152344,0.166,42.800000000000004
1920,0.0004203319549560547,0.159,43.2
1921,0.0004634857177734375,0.159,43.6
1922,0.00042128562927246094,0.159,44.0
1923,0.002336740493774414,0.159,44.400000000000006
1924,0.0006234645843505859,0.159,44.800000000000004
1925,0.002004861831665039,0.159,44.800000000000004
1926,0.0005598068237304688,0.159,45.2
1927,0.002145051956176758,0.159,45.2
1928,0.0005700588226318359,0.159,45.2
1929,0.0030670166015625,0.159,44.800000000000004
1930,0.0005800724029541016,0.168,44.400000000000006
1931,0.0005176067352294922,0.183,44.0
1932,0.0005002021789550781,0.192,43.6
1933,0.00045037269592285156,0.2,43.2
1934,0.0006864070892333984,0.209,42.400000000000006
1935,0.0005738735198974609,0.211,41.6
1936,0.00039649009704589844,0.216,40.800000000000004
1937,0.0005097389221191406,0.216,40.0
1938,0.0007429122924804688,0.216,39.2
1939,0.0005233287811279297,0.216,38.0
1940,0.0010044574737548828,0.216,37.2
1941,0.0005147457122802734,0.209,36.4
1942,0.0007939338684082031,0.2,35.6
1943,0.0003135204315185547,0.192,34.800000000000004
1944,0.00047469139099121094,0.181,34.4
1945,0.0004725456237792969,0.166,33.6
1946,0.0004374980926513672,0.155,33.2
1947,0.00044083595275878906,0.151,32.800000000000004
1948,0.0004999637603759766,0.151,32.4
1949,0.0004611015319824219,0.144,32.0
1950,0.0004620552062988281,0.142,32.0
1951,0.0004134178161621094,0.142,31.6
1952,0.0006380081176757812,0.142,31.200000000000003
1953,0.00047087669372558594,0.142,31.200000000000003
1954,0.0019562244415283203,0.142,30.8
1955,0.002215147018432617,0.142,30.400000000000002
1956,0.0006954669952392578,0.142,30.0
1957,0.0018525123596191406,0.142,29.6
1958,0.0005297660827636719,0.147,28.8
1959,0.0003559589385986328,0.162,28.400000000000002
1960,0.0005590915679931641,0.168,28.0
1961,0.0004863739013671875,0.175,27.200000000000003
1962,0.00046181678771972656,0.175,26.8
1963,0.0004260540008544922,0.175,26.0
1964,0.0004172325134277344,0.177,25.6
1965,0.0004506111145019531,0.177,24.8
1966,0.00045752525329589844,0.177,24.400000000000002
1967,0.00116729736328125,0.177,23.6
1968,0.0006055831909179688,0.177,23.200000000000003
1969,0.002440214157104492,0.177,22.8
1970,0.0005998611450195312,0.177,22.400000000000002
1971,0.0019826889038085938,0.177,22.0
1972,0.00250244140625,0.177,22.0
1973,0.0003771781921386719,0.172,21.6
1974,0.0003771781921386719,0.168,21.6
1975,0.00043582916259765625,0.162,21.6
1976,0.0004367828369140625,0.155,21.6
1977,0.00046563148498535156,0.151,22.0
1978,0.00041985511779785156,0.149,22.0
1979,0.0004363059997558594,0.149,22.400000000000002
1980,0.0004119873046875,0.149,22.400000000000002
1981,0.0013248920440673828,0.149,22.8
1982,0.0007164478302001953,0.149,23.200000000000003
1983,0.0019690990447998047,0.149,24.0
1984,0.0005810260772705078,0.149,24.400000000000002
1985,0.002071857452392578,0.149,24.8
1986,0.000415802001953125,0.164,25.200000000000003
1987,0.0006573200225830078,0.177,25.6
1988,0.0006694793701171875,0.19,26.400000000000002
1989,0.0005114078521728516,0.198,26.8
1990,0.00043082237243652344,0.198,27.200000000000003
1991,0.0013310909271240234,0.198,27.6
1992,0.0010437965393066406,0.198,28.0
1993,0.0004863739013671875,0.198,28.400000000000002
1994,0.002321481704711914,0.198,28.8
1995,0.002692699432373047,0.198,29.6
1996,0.0005843639373779297,0.198,30.0
1997,0.0030400753021240234,0.198,30.8
1998,0.0004582405090332031,0.19,31.6
1999,0.0005090236663818359,0.17,32.0
2000,0.0007724761962890625,0.159,32.800000000000004
2001,0.0005679130554199219,0.144,33.6
2002,0.00043272972106933594,0.142,34.4
2003,0.00043702125549316406,0.142,35.2
2004,0.0004162788391113281,0.142,36.4
2005,0.0004544258117675781,0.138,37.2
2006,0.0004425048828125,0.131,38.0
2007,0.0004458427429199219,0.131,38.400000000000006
2008,0.0004222393035888672,0.131,39.2
2009,0.00043010711669921875,0.131,39.6
2010,0.003063201904296875,0.131,40.0
2011,0.0004744529724121094,0.134,40.400000000000006
2012,0.001024007797241211,0.149,40.400000000000006
2013,0.0007085800170898438,0.159,40.400000000000006
2014,0.0006704330444335938,0.168,40.400000000000006
2015,0.0005519390106201172,0.168,40.0
2016,0.00046634674072265625,0.168,39.6
2017,0.0013413429260253906,0.168,39.2
2018,0.00045037269592285156,0.172,38.800000000000004
2019,0.0005898475646972656,0.179,38.0
2020,0.00038814544677734375,0.183,37.2
2021,0.0004425048828125,0.183,36.4
2022,0.0004913806915283203,0.183,35.6
2023,0.0004277229309082031,0.183,34.800000000000004
2024,0.00046825408935546875,0.179,34.0
2025,0.000885009765625,0.164,33.2
2026,0.0010221004486083984,0.151,32.4
2027,0.0007266998291015625,0.134,31.6
2028,0.002112865447998047,0.127,30.8
2029,0.0005719661712646484,0.121,30.0
2030,0.0004706382751464844,0.116,29.200000000000003
2031,0.0004582405090332031,0.116,28.400000000000002
2032,0.0004630088806152344,0.116,27.6
2033,0.00042724609375,0.116,26.8
2034,0.0026226043701171875,0.116,26.0
2035,0.0005819797515869141,0.116,24.8
2036,0.002192258834838867,0.116,24.0
2037,0.0006711483001708984,0.116,23.200000000000003
2038,0.0005159378051757812,0.123,22.0
2039,0.00044536590576171875,0.134,21.200000000000003
2040,0.000469207763671875,0.142,20.0
2041,0.0009050369262695312,0.147,18.8
2042,0.0004649162292480469,0.157,18.0
2043,0.00045418739318847656,0.159,16.8
2044,0.0005550384521484375,0.162,15.600000000000001
2045,0.00042629241943359375,0.162,14.8
2046,0.0004329681396484375,0.162,13.600000000000001
2047,0.0013613700866699219,0.162,12.8
2048,0.002764463424682617,0.162,12.0
2049,0.000598907470703125,0.162,11.200000000000001
2050,0.0020475387573242188,0.162,10.8
2051,0.0005640983581542969,0.153,10.4
2052,0.0006740093231201172,0.151,10.0
2053,0.0007758140563964844,0.127,9.600000000000001
2054,0.0010039806365966797,0.116,9.600000000000001
2055,0.0005052089691162109,0.116,9.600000000000001
2056,0.00045299530029296875,0.116,10.0
2057,0.00044918060302734375,0.116,10.4
2058,0.0004229545593261719,0.116,10.4
2059,0.0027070045471191406,0.116,11.200000000000001
2060,0.0006282329559326172,0.125,11.600000000000001
2061,0.0008392333984375,0.136,12.4
2062,0.0007271766662597656,0.153,12.8
2063,0.000408172607421875,0.162,13.600000000000001
2064,0.0017712116241455078,0.17,14.0
2065,0.00044035911560058594,0.177,14.8
2066,0.00045680999755859375,0.181,15.600000000000001
2067,0.0004801750183105469,0.181,16.400000000000002
2068,0.0004265308380126953,0.181,17.2
2069,0.0006692409515380859,0.181,18.400000000000002
2070,0.0014011859893798828,0.181,19.200000000000003
2071,0.00045680999755859375,0.181,20.0
2072,0.0025479793548583984,0.181,21.200000000000003
2073,0.0004994869232177734,0.168,22.400000000000002
2074,0.0006458759307861328,0.157,23.6
2075,0.0005333423614501953,0.144,24.8
2076,0.0004875659942626953,0.138,26.400000000000002
2077,0.00046539306640625,0.138,27.6
2078,0.0004296302795410156,0.138,28.8
2079,0.0004405975341796875,0.138,30.400000000000002
2080,0.0004086494445800781,0.138,31.6
2081,0.0028874874114990234,0.138,32.800000000000004
2082,0.0005776882171630859,0.138,34.4
2083,0.0019741058349609375,0.138,35.6
2084,0.0006139278411865234,0.138,36.4
2085,0.0010554790496826172,0.138,37.6
2086,0.0005178451538085938,0.164,38.400000000000006
2087,0.0004978179931640625,0.179,39.2
2088,0.00048422813415527344,0.179,39.6
2089,0.0004601478576660156,0.181,40.400000000000006
2090,0.0004696846008300781,0.181,40.400000000000006
2091,0.0004611015319824219,0.181,40.800000000000004
2092,0.0011589527130126953,0.181,41.2
2093,0.0005977153778076172,0.181,41.2
2094,0.0010230541229248047,0.181,41.2
2095,0.00459742546081543,0.181,41.2
2096,0.00043892860412597656,0.172,41.2
2097,0.0005717277526855469,0.155,41.2
2098,0.0006041526794433594,0.142,40.800000000000004
2099,0.0007367134094238281,0.127,40.800000000000004
2100,0.0010025501251220703,0.114,40.400000000000006
2101,0.000400543212890625,0.112,40.0
2102,0.0006461143493652344,0.112,40.0
2103,0.0004980564117431641,0.112,39.6
2104,0.0011868476867675781,0.112,38.800000000000004
2105,0.0005903244018554688,0.112,38.400000000000006
2106,0.0018219947814941406,0.112,37.6
2107,0.0007226467132568359,0.121,36.800000000000004
2108,0.0009031295776367188,0.134,35.6
2109,0.0007328987121582031,0.157,34.4
2110,0.0005507469177246094,0.162,33.2
2111,0.0004813671112060547,0.166,32.0
2112,0.00045800209045410156,0.166,30.400000000000002
2113,0.0004363059997558594,0.166,28.8
2114,0.001943349838256836,0.166,27.200000000000003
2115,0.000614166259765625,0.166,25.6
2116,0.0019164085388183594,0.166,24.0
2117,0.0006124973297119141,0.166,22.400000000000002
2118,0.0014235973358154297,0.164,21.200000000000003
2119,0.0003840923309326172,0.144,19.6
2120,0.0009062290191650391,0.129,18.0
2121,0.0006036758422851562,0.114,16.8
2122,0.0006036758422851562,0.114,16.8
2123,0.00047850608825683594,0.114,15.600000000000001
2124,0.0006077289581298828,0.114,14.4
2125,0.001949310302734375,0.114,13.200000000000001
2126,0.0019745826721191406,0.114,12.4
2127,0.0005614757537841797,0.116,11.600000000000001
2128,0.0007250308990478516,0.138,10.4
2129,0.0006935596466064453,0.149,10.0
2130,0.0010693073272705078,0.159,9.200000000000001
2131,0.0008234977722167969,0.168,8.4
2132,0.0004343986511230469,0.175,8.0
2133,0.0004956722259521484,0.175,7.6000000000000005
2134,0.0009856224060058594,0.175,7.2
2135,0.0004906654357910156,0.175,7.2
2136,0.002298116683959961,0.175,6.800000000000001
2137,0.002500295639038086,0.166,7.2
2138,0.0010974407196044922,0.155,7.6000000000000005
2139,0.00046133995056152344,0.138,8.0
2140,0.000985860824584961,0.131,8.4
2141,0.0008950233459472656,0.127,9.200000000000001
2142,0.00046372413635253906,0.125,10.4
2143,0.0004596710205078125,0.125,11.200000000000001
2144,0.0008325576782226562,0.125,12.4
2145,0.0004794597625732422,0.125,14.0
2146,0.0010285377502441406,0.125,15.200000000000001
2147,0.0004775524139404297,0.125,16.400000000000002
2148,0.0020418167114257812,0.125,18.0
2149,0.0005691051483154297,0.142,19.200000000000003
2150,0.0003457069396972656,0.155,20.8
2151,0.00047087669372558594,0.162,22.0
2152,0.00046515464782714844,0.162,23.6
2153,0.0004425048828125,0.162,24.8
2154,0.0004329681396484375,0.162,26.0
2155,0.0010802745819091797,0.159,27.200000000000003
2156,0.0006442070007324219,0.151,28.400000000000002
2157,0.0008883476257324219,0.142,29.6
2158,0.0008943080902099609,0.127,30.8
2159,0.0005784034729003906,0.11,32.0
2160,0.0006108283996582031,0.101,32.800000000000004
2161,0.000347137451171875,0.099,34.0
2162,0.0005991458892822266,0.099,34.800000000000004
2163,0.0005893707275390625,0.099,35.6
2164,0.0016446113586425781,0.099,36.4
2165,0.0003631114959716797,0.114,37.2
2166,0.0005481243133544922,0.134,37.6
2167,0.0007710456848144531,0.149,38.0
2168,0.0010502338409423828,0.157,38.0
2169,0.0008480548858642578,0.168,38.0
2170,0.0004792213439941406,0.168,37.6
2171,0.0005025863647460938,0.168,37.6
2172,0.0011582374572753906,0.168,37.2
2173,0.0006155967712402344,0.168,36.4
2174,0.0023245811462402344,0.168,35.6
2175,0.0007393360137939453,0.155,35.2
2176,0.00046825408935546875,0.142,34.4
2177,0.0004634857177734375,0.129,33.6
2178,0.0004374980926513672,0.129,32.800000000000004
2179,0.001241922378540039,0.129,32.0
2180,0.0005657672882080078,0.129,30.8
2181,0.0016050338745117188,0.129,30.0
2182,0.0012316703796386719,0.131,29.200000000000003
2183,0.0007956027984619141,0.151,28.0
2184,0.0006127357482910156,0.177,27.200000000000003
2185,0.0008265972137451172,0.198,26.0
2186,0.0005550384521484375,0.209,24.8
2187,0.0004773139953613281,0.211,23.6
2188,0.0004475116729736328,0.211,22.400000000000002
2189,0.0004267692565917969,0.211,21.6
2190,0.00044798851013183594,0.203,20.400000000000002
2191,0.0004899501800537109,0.181,19.200000000000003
2192,0.0009140968322753906,0.168,18.400000000000002
2193,0.001356363296508789,0.142,17.6
2194,0.0005617141723632812,0.131,17.2
2195,0.0004596710205078125,0.129,16.8
2196,0.0004799365997314453,0.129,16.400000000000002
2197,0.0004742145538330078,0.129,16.400000000000002
2198,0.0014791488647460938,0.129,16.400000000000002
2199,0.00045228004455566406,0.129,16.400000000000002
2200,0.0012180805206298828,0.131,16.400000000000002
2201,0.0005733966827392578,0.151,16.8
2202,0.0004467964172363281,0.159,16.8
2203,0.0004630088806152344,0.162,17.2
2204,0.0004239082336425781,0.162,17.2
2205,0.0011794567108154297,0.162,17.6
2206,0.002313375473022461,0.162,17.6
2207,0.0010340213775634766,0.157,18.0
2208,0.0006597042083740234,0.134,18.400000000000002
2209,0.0012612342834472656,0.127,18.8
2210,0.0003204345703125,0.119,19.200000000000003
2211,0.00047135353088378906,0.119,20.0
2212,0.00045371055603027344,0.119,20.400000000000002
2213,0.00042724609375,0.119,20.8
2214,0.0014553070068359375,0.121,21.6
2215,0.00048065185546875,0.134,22.0
2216,0.00046324729919433594,0.147,22.8
2217,0.0004963874816894531,0.149,23.200000000000003
2218,0.00046896934509277344,0.153,23.6
2219,0.00046753883361816406,0.153,24.0
2220,0.00017523765563964844,0.153,24.400000000000002
2221,0.0001685619354248047,0.153,24.8
2222,0.00022459030151367188,0.153,25.200000000000003
2223,0.00042128562927246094,0.153,25.6
2224,0.000240325927734375,0.14,26.0
2225,0.0004374980926513672,0.127,26.400000000000002
2226,0.0003497600555419922,0.123,26.400000000000002
2227,0.0005145072937011719,0.123,26.8
2228,0.0006940364837646484,0.123,27.200000000000003
2229,0.0004868507385253906,0.123,27.200000000000003
2230,0.0005230903625488281,0.134,27.6
2231,0.0009317398071289062,0.147,27.6
2232,0.0005037784576416016,0.159,27.6
2233,0.00043845176696777344,0.162,28.0
2234,0.00043129920959472656,0.162,27.6
2235,0.0012061595916748047,0.162,27.6
2236,0.0005955696105957031,0.162,27.6
2237,0.0012984275817871094,0.162,27.200000000000003
2238,0.0005428791046142578,0.162,27.200000000000003
2239,0.0009751319885253906,0.157,26.8
2240,0.0005211830139160156,0.157,26.8
2241,0.0004475116729736328,0.157,26.400000000000002
2242,0.0031075477600097656,0.157,26.400000000000002
2243,0.0008132457733154297,0.157,26.0
2244,0.0005609989166259766,0.172,26.0
2245,0.0006740093231201172,0.185,25.6
2246,0.0005011558532714844,0.188,25.6
2247,0.0005142688751220703,0.188,25.6
2248,0.00045561790466308594,0.188,25.200000000000003
2249,0.0008003711700439453,0.179,25.200000000000003
2250,0.0004954338073730469,0.164,25.200000000000003
2251,0.0005362033843994141,0.149,24.8
2252,0.0004909038543701172,0.142,24.8
2253,0.00044083595275878906,0.142,25.200000000000003
2254,0.0006756782531738281,0.142,25.200000000000003
2255,0.0006055831909179688,0.142,25.200000000000003
2256,0.0007140636444091797,0.142,25.6
2257,0.0004515647888183594,0.142,25.6
2258,0.0006167888641357422,0.142,26.0
2259,0.0006945133209228516,0.147,26.0
2260,0.0008246898651123047,0.153,26.0
2261,0.0003383159637451172,0.157,26.400000000000002
2262,0.0005829334259033203,0.157,26.400000000000002
2263,0.001039266586303711,0.157,26.400000000000002
2264,0.0005066394805908203,0.157,26.400000000000002
2265,0.0012874603271484375,0.157,26.400000000000002
2266,0.0009791851043701172,0.153,26.400000000000002
2267,0.0008790493011474609,0.14,26.400000000000002
2268,0.0008790493011474609,0.131,26.400000000000002
2269,0.0004658699035644531,0.127,26.400000000000002
2270,0.0004363059997558594,0.127,26.400000000000002
2271,0.0005054473876953125,0.127,26.400000000000002
2272,0.0004553794860839844,0.127,26.400000000000002
2273,0.0011970996856689453,0.127,26.400000000000002
2274,0.00038909912109375,0.14,26.0
2275,0.00084686279296875,0.153,26.0
2276,0.0003561973571777344,0.166,26.0
2277,0.0008797645568847656,0.166,25.6
2278,0.0007426738739013672,0.166,25.200000000000003
2279,0.0012240409851074219,0.166,25.200000000000003
2280,0.0005388259887695312,0.159,24.8
2281,0.0005636215209960938,0.153,24.400000000000002
2282,0.0005791187286376953,0.153,24.0
2283,0.0004317760467529297,0.149,23.6
2284,0.00043320655822753906,0.149,23.6
2285,0.0014286041259765625,0.149,23.200000000000003
2286,0.0009410381317138672,0.149,22.8
2287,0.0005600452423095703,0.149,22.8
2288,0.0008447170257568359,0.153,22.400000000000002
2289,0.0003268718719482422,0.166,22.400000000000002
2290,0.0004622936248779297,0.168,22.0
2291,0.0005056858062744141,0.168,22.0
2292,0.00046133995056152344,0.168,21.6
2293,0.0004253387451171875,0.168,21.6
2294,0.0013890266418457031,0.168,21.6
2295,0.0005972385406494141,0.168,21.6
2296,0.0006468296051025391,0.164,21.6
2297,0.0005087852478027344,0.164,21.6
2298,0.0007979869842529297,0.164,21.6
2299,0.00063323974609375,0.164,22.0
2300,0.0021486282348632812,0.164,22.0
2301,0.0006256103515625,0.175,22.400000000000002
2302,0.0004513263702392578,0.192,22.8
2303,0.00041031837463378906,0.209,23.200000000000003
2304,0.0004956722259521484,0.211,23.6
2305,0.0006730556488037109,0.211,24.0
2306,0.0004792213439941406,0.211,24.400000000000002
2307,0.0004553794860839844,0.207,24.8
2308,0.0008852481842041016,0.198,25.6
2309,0.0004017353057861328,0.194,26.0
2310,0.0005042552947998047,0.185,26.8
2311,0.0004932880401611328,0.172,27.6
2312,0.0007512569427490234,0.168,28.8
2313,0.0006513595581054688,0.166,29.6
2314,0.0007002353668212891,0.157,30.8
2315,0.0005028247833251953,0.136,32.0
2316,0.0007777214050292969,0.129,32.800000000000004
2317,0.0004680156707763672,0.127,34.0
2318,0.0009076595306396484,0.127,35.2
2319,0.000507354736328125,0.127,36.4
2320,0.0016894340515136719,0.127,37.2
2321,0.00048160552978515625,0.147,38.0
2322,0.0003407001495361328,0.177,38.800000000000004
2323,0.0005819797515869141,0.185,39.6
2324,0.0004444122314453125,0.185,40.0
2325,0.0006558895111083984,0.185,40.400000000000006
2326,0.0011134147644042969,0.185,40.800000000000004
2327,0.0004506111145019531,0.179,40.800000000000004
2328,0.0004763603210449219,0.175,40.800000000000004
2329,0.00043511390686035156,0.164,40.800000000000004
2330,0.00042557716369628906,0.159,40.800000000000004
2331,0.0004489421844482422,0.159,40.400000000000006
2332,0.0004329681396484375,0.159,40.400000000000006
2333,0.0010695457458496094,0.159,40.0
2334,0.0005884170532226562,0.159,39.6
2335,0.001230001449584961,0.159,39.2
2336,0.0005655288696289062,0.159,38.800000000000004
2337,0.0016522407531738281,0.159,38.400000000000006
2338,0.0005505084991455078,0.159,38.0
2339,0.0018463134765625,0.159,37.2
2340,0.0017695426940917969,0.159,36.4
2341,0.0005567073822021484,0.159,35.6
2342,0.0015344619750976562,0.159,34.800000000000004
2343,0.000583648681640625,0.159,34.0
2344,0.0015783309936523438,0.159,33.2
2345,0.0020661354064941406,0.159,32.0
2346,0.0006031990051269531,0.159,31.200000000000003
2347,0.0018506050109863281,0.159,30.0
2348,0.0004954338073730469,0.175,29.200000000000003
2349,0.0002639293670654297,0.188,28.0
2350,0.0005123615264892578,0.19,26.8
2351,0.0006833076477050781,0.19,26.0
2352,0.0011570453643798828,0.19,24.8
2353,0.0007245540618896484,0.19,24.0
2354,0.0008494853973388672,0.188,22.8
2355,0.0007612705230712891,0.181,22.0
2356,0.0004932880401611328,0.166,21.200000000000003
2357,0.0004363059997558594,0.164,20.400000000000002
2358,0.00042557716369628906,0.164,20.0
2359,0.0004169940948486328,0.164,19.6
2360,0.0006108283996582031,0.164,19.200000000000003
2361,0.0008697509765625,0.164,18.8
2362,0.0005619525909423828,0.175,18.400000000000002
2363,0.00048422813415527344,0.185,18.400000000000002
2364,0.0003867149353027344,0.198,18.400000000000002
2365,0.0002696514129638672,0.2,18.400000000000002
2366,0.00047016143798828125,0.203,18.8
2367,0.0004940032958984375,0.203,18.8
2368,0.00046372413635253906,0.203,19.200000000000003
2369,0.0011515617370605469,0.203,19.6
2370,0.0006105899810791016,0.203,20.0
2371,0.0015993118286132812,0.203,20.8
2372,0.0007157325744628906,0.203,21.6
2373,0.0005967617034912109,0.2,22.400000000000002
2374,0.0009665489196777344,0.194,23.200000000000003
2375,0.0006310939788818359,0.177,24.400000000000002
2376,0.0005075931549072266,0.157,25.6
2377,0.0005502700805664062,0.155,26.8
2378,0.0008900165557861328,0.155,28.400000000000002
2379,0.0008399486541748047,0.155,29.6
2380,0.0006763935089111328,0.155,31.200000000000003
2381,0.00052642822265625,0.162,32.800000000000004
2382,0.0006091594696044922,0.175,34.0
2383,0.00042057037353515625,0.175,35.6
2384,0.0004851818084716797,0.175,36.800000000000004
2385,0.00042128562927246094,0.175,38.0
2386,0.0007336139678955078,0.175,39.2
2387,0.0006368160247802734,0.168,40.400000000000006
2388,0.00043487548828125,0.164,41.6
2389,0.00043010711669921875,0.164,42.800000000000004
2390,0.00045800209045410156,0.164,43.6
2391,0.0007188320159912109,0.166,44.400000000000006
2392,0.0005855560302734375,0.183,45.2
2393,0.0003719329833984375,0.188,45.6
2394,0.0006852149963378906,0.188,46.400000000000006
2395,0.000545501708984375,0.188,46.800000000000004
2396,0.0011315345764160156,0.188,47.2
2397,0.0005400180816650391,0.188,47.2
2398,0.0021238327026367188,0.188,47.6
2399,0.002199411392211914,0.188,47.6
2400,0.0006146430969238281,0.188,47.6
2401,0.0017845630645751953,0.188,47.2
2402,0.0006067752838134766,0.188,47.2
2403,0.001790761947631836,0.188,46.800000000000004
2404,0.0008029937744140625,0.185,46.800000000000004
2405,0.0004334449768066406,0.17,46.400000000000006
2406,0.0004668235778808594,0.159,46.0
2407,0.0004374980926513672,0.155,45.2
2408,0.0004241466522216797,0.155,44.800000000000004
2409,0.0010230541229248047,0.155,44.400000000000006
2410,0.0004863739013671875,0.157,43.6
2411,0.0006928443908691406,0.166,42.800000000000004
2412,0.0005197525024414062,0.179,42.0
2413,0.0004444122314453125,0.185,41.2
2414,0.0004780292510986328,0.185,40.400000000000006
2415,0.001622915267944336,0.185,39.2
2416,0.001622915267944336,0.185,39.2
2417,0.001264333724975586,0.185,38.0
2418,0.0005276203155517578,0.181,36.800000000000004
2419,0.0004520416259765625,0.177,35.6
2420,0.0004291534423828125,0.177,34.4
2421,0.00047516822814941406,0.177,33.2
2422,0.0004992485046386719,0.177,32.0
2423,0.0016200542449951172,0.177,30.8
2424,0.0005748271942138672,0.177,30.0
2425,0.0018727779388427734,0.177,28.8
2426,0.0005724430084228516,0.177,27.6
2427,0.002328634262084961,0.177,26.400000000000002
2428,0.0020685195922851562,0.175,25.6
2429,0.0004467964172363281,0.17,24.400000000000002
2430,0.0004572868347167969,0.17,23.6
2431,0.0005457401275634766,0.17,22.8
2432,0.0004775524139404297,0.17,22.0
2433,0.00258636474609375,0.172,21.6
2434,0.0005745887756347656,0.177,20.8
2435,0.00048804283142089844,0.177,20.400000000000002
2436,0.00046563148498535156,0.177,20.0
2437,0.0004363059997558594,0.175,19.6
2438,0.0005481243133544922,0.166,19.200000000000003
2439,0.0006270408630371094,0.153,19.200000000000003
2440,0.0005168914794921875,0.14,18.8
2441,0.00043702125549316406,0.129,18.8
2442,0.000469207763671875,0.127,19.200000000000003
2443,0.0004665851593017578,0.127,19.200000000000003
2444,0.0004749298095703125,0.125,19.6
2445,0.00044417381286621094,0.134,20.0
2446,0.0004999637603759766,0.14,20.0
2447,0.0004973411560058594,0.14,20.400000000000002
2448,0.0009317398071289062,0.144,20.8
2449,0.0004947185516357422,0.144,21.200000000000003
2450,0.000637054443359375,0.144,21.6
2451,0.00043129920959472656,0.153,22.0
2452,0.00045180320739746094,0.164,22.400000000000002
2453,0.0006201267242431641,0.168,22.400000000000002
2454,0.00042819976806640625,0.17,22.8
2455,0.0004398822784423828,0.175,23.200000000000003
2456,0.0004334449768066406,0.179,23.6
2457,0.0004355907440185547,0.185,24.0
2458,0.0005366802215576172,0.194,24.400000000000002
2459,0.00045180320739746094,0.205,24.400000000000002
2460,0.0006134510040283203,0.216,25.200000000000003
2461,0.0004520416259765625,0.226,25.6
2462,0.00044035911560058594,0.237,26.0
2463,0.0004973411560058594,0.246,26.400000000000002
2464,0.00044536590576171875,0.25,27.200000000000003
2465,0.0005772113800048828,0.25,28.0
2466,0.0004279613494873047,0.25,28.8
2467,0.00042629241943359375,0.25,29.6
2468,0.0004191398620605469,0.25,30.400000000000002
2469,0.001108407974243164,0.25,31.6
2470,0.000469207763671875,0.25,33.2
2471,0.0004150867462158203,0.25,34.4
2472,0.0006778240203857422,0.235,36.0
2473,0.00014638900756835938,0.226,37.6
2474,0.0004544258117675781,0.211,39.6
2475,0.0005161762237548828,0.2,41.2
2476,0.0004482269287109375,0.192,43.2
2477,0.0004830360412597656,0.185,45.2
2478,0.0004513263702392578,0.175,47.2
2479,0.0004680156707763672,0.166,49.6
2480,0.00043010711669921875,0.166,51.6
2481,0.0003745555877685547,0.166,53.6
2482,0.0004711151123046875,0.166,55.6
2483,0.0007908344268798828,0.166,57.2
2484,0.0004482269287109375,0.166,58.800000000000004
2485,0.0010941028594970703,0.166,60.400000000000006
2486,0.0006215572357177734,0.166,62.0
2487,0.002711772918701172,0.166,63.2
2488,0.0005753040313720703,0.166,64.0
2489,0.0017764568328857422,0.166,64.8
2490,0.0006208419799804688,0.166,65.60000000000001
2491,0.0007908344268798828,0.168,66.0
2492,0.0005095005035400391,0.177,66.4
2493,0.00032639503479003906,0.19,66.4
2494,0.0005660057067871094,0.209,66.4
2495,0.0004622936248779297,0.233,66.0
2496,0.0004565715789794922,0.244,65.2
2497,0.0005922317504882812,0.248,64.8
2498,0.0004878044128417969,0.248,64.0
2499,0.0011773109436035156,0.25,62.800000000000004
2500,0.00045752525329589844,0.25,62.0
2501,0.0004341602325439453,0.25,60.800000000000004
2502,0.00045752525329589844,0.25,59.6
2503,0.0004184246063232422,0.25,58.400000000000006
2504,0.0014553070068359375,0.25,57.2
2505,0.0005588531494140625,0.25,56.0
2506,0.0021932125091552734,0.25,54.800000000000004
2507,0.0005891323089599609,0.25,54.0
2508,0.0023674964904785156,0.25,52.800000000000004
2509,0.0005564689636230469,0.25,52.0
2510,0.0015399456024169922,0.25,50.800000000000004
2511,0.0018901824951171875,0.25,50.0
2512,0.0006377696990966797,0.25,49.2
2513,0.0006024837493896484,0.25,48.400000000000006
2514,0.0004813671112060547,0.248,47.6
2515,0.00044345855712890625,0.248,47.2
2516,0.00041794776916503906,0.248,46.800000000000004
2517,0.00045800209045410156,0.248,46.400000000000006
2518,0.0031707286834716797,0.248,46.0
2519,0.0005974769592285156,0.248,45.6
2520,0.00042366981506347656,0.25,45.6
2521,0.0009322166442871094,0.25,45.2
2522,0.0004744529724121094,0.25,45.2
2523,0.00042724609375,0.25,45.2
2524,0.00043964385986328125,0.25,45.6
2525,0.0018157958984375,0.25,45.6
2526,0.0005824565887451172,0.25,46.0
2527,0.0023376941680908203,0.25,46.400000000000006
2528,0.0006117820739746094,0.25,46.800000000000004
2529,0.0013155937194824219,0.25,47.2
2530,0.0004870891571044922,0.25,47.6
2531,0.0008690357208251953,0.25,48.400000000000006
2532,0.0004813671112060547,0.248,49.2
2533,0.0004322528839111328,0.248,49.6
2534,0.00045418739318847656,0.244,50.400000000000006
2535,0.0008559226989746094,0.241,51.6
2536,0.00047898292541503906,0.235,52.400000000000006
2537,0.0004241466522216797,0.226,53.2
2538,0.00064849853515625,0.222,54.0
2539,0.0005581378936767578,0.216,55.2
2540,0.0006875991821289062,0.211,56.0
2541,0.0004563331604003906,0.205,57.2
2542,0.0004780292510986328,0.205,58.0
2543,0.00045990943908691406,0.2,59.2
2544,0.0005102157592773438,0.198,60.0
2545,0.00045561790466308594,0.192,60.800000000000004
2546,0.0004394054412841797,0.185,61.6
2547,0.0004649162292480469,0.183,62.400000000000006
2548,0.000461578369140625,0.179,62.800000000000004
2549,0.00043463706970214844,0.175,63.6
2550,0.0004260540008544922,0.175,64.0
2551,0.0004355907440185547,0.166,64.0
2552,0.0005567073822021484,0.164,64.4
2553,0.0004286766052246094,0.164,64.4
2554,0.0013566017150878906,0.164,64.0
2555,0.0006127357482910156,0.164,63.6
2556,0.0009334087371826172,0.164,63.2
2557,0.0006341934204101562,0.164,62.800000000000004
2558,0.0007467269897460938,0.166,62.0
2559,0.0011210441589355469,0.17,60.800000000000004
2560,0.0005223751068115234,0.172,59.6
2561,0.0004360675811767578,0.172,58.400000000000006
2562,0.0005273818969726562,0.172,56.800000000000004
2563,0.0009579658508300781,0.172,55.2
2564,0.0005931854248046875,0.172,53.6
2565,0.0009734630584716797,0.17,51.6
2566,0.0009169578552246094,0.159,49.6
2567,0.0009169578552246094,0.147,49.6
2568,0.0005838871002197266,0.142,47.6
2569,0.0004985332489013672,0.138,45.2
2570,0.00044226646423339844,0.138,43.2
2571,0.0005791187286376953,0.138,40.800000000000004
2572,0.001161336898803711,0.138,38.400000000000006
2573,0.0005273818969726562,0.138,36.0
2574,0.0016248226165771484,0.138,33.2
2575,0.0005898475646972656,0.138,30.8
2576,0.0011913776397705078,0.138,28.400000000000002
2577,0.0006144046783447266,0.147,26.0
2578,0.0007090568542480469,0.155,23.6
2579,0.0005269050598144531,0.159,21.6
2580,0.000476837158203125,0.162,19.6
2581,0.000518798828125,0.162,17.6
2582,0.0005402565002441406,0.162,16.0
2583,0.0009601116180419922,0.162,14.4
2584,0.0005004405975341797,0.159,12.8
2585,0.0006134510040283203,0.147,11.600000000000001
2586,0.0005466938018798828,0.14,10.4
2587,0.0004711151123046875,0.14,9.200000000000001
2588,0.00047469139099121094,0.14,8.4
2589,0.0004394054412841797,0.14,8.0
2590,0.0004744529724121094,0.14,7.2
2591,0.0017082691192626953,0.14,6.800000000000001
2592,0.0013327598571777344,0.14,6.4
2593,0.0006797313690185547,0.157,6.4
2594,0.0004734992980957031,0.164,6.4
2595,0.0005695819854736328,0.164,6.4
2596,0.0005505084991455078,0.164,6.800000000000001
2597,0.000629425048828125,0.164,6.800000000000001
2598,0.0005049705505371094,0.164,7.6000000000000005
2599,0.0009357929229736328,0.164,8.0
2600,0.0005679130554199219,0.151,8.8
2601,0.00037598609924316406,0.144,9.600000000000001
2602,0.0004892349243164062,0.14,10.8
2603,0.0004916191101074219,0.14,11.600000000000001
2604,0.0010421276092529297,0.14,12.8
2605,0.0005173683166503906,0.138,14.4
2606,0.0005581378936767578,0.136,15.600000000000001
2607,0.000989675521850586,0.136,17.2
2608,0.0007696151733398438,0.136,18.8
2609,0.0006663799285888672,0.136,20.0
2610,0.0021245479583740234,0.136,21.6
2611,0.00044417381286621094,0.149,23.200000000000003
2612,0.000438690185546875,0.177,24.8
2613,0.0005812644958496094,0.194,26.400000000000002
2614,0.00046443939208984375,0.198,27.6
2615,0.000453948974609375,0.198,29.200000000000003
2616,0.0004923343658447266,0.198,30.400000000000002
2617,0.0003809928894042969,0.185,31.6
2618,0.0005757808685302734,0.17,33.2
2619,0.0005762577056884766,0.153,34.4
2620,0.00047206878662109375,0.142,35.6
2621,0.0006206035614013672,0.138,36.800000000000004
2622,0.0004642009735107422,0.138,38.0
2623,0.0009207725524902344,0.138,39.2
2624,0.0004734992980957031,0.138,40.400000000000006
2625,0.0014722347259521484,0.138,41.2
2626,0.0005924701690673828,0.138,42.400000000000006
2627,0.002589702606201172,0.138,43.2
2628,0.0006208419799804688,0.142,43.6
2629,0.0004532337188720703,0.155,44.400000000000006
2630,0.00046443939208984375,0.162,44.800000000000004
2631,0.00043773651123046875,0.164,44.800000000000004
2632,0.0004730224609375,0.164,44.800000000000004
2633,0.0004436969757080078,0.164,44.800000000000004
2634,0.0013260841369628906,0.164,44.800000000000004
2635,0.0006449222564697266,0.164,44.400000000000006
2636,0.0016140937805175781,0.164,44.0
2637,0.0005924701690673828,0.164,43.2
2638,0.0013267993927001953,0.164,42.800000000000004
2639,0.0015537738800048828,0.164,42.0
2640,0.0024416446685791016,0.164,41.2
2641,0.0014276504516601562,0.164,40.0
2642,0.0006022453308105469,0.164,39.2
2643,0.000782012939453125,0.162,38.0
2644,0.0004646778106689453,0.157,36.800000000000004
2645,0.0010690689086914062,0.153,35.6
2646,0.0005517005920410156,0.144,34.4
2647,0.0005130767822265625,0.14,33.2
2648,0.0004706382751464844,0.14,32.0
2649,0.0011823177337646484,0.14,30.8
2650,0.0010874271392822266,0.14,29.200000000000003
2651,0.0008003711700439453,0.14,28.0
2652,0.0009806156158447266,0.155,26.8
2653,0.00041294097900390625,0.168,25.200000000000003
2654,0.00046944618225097656,0.177,24.0
2655,0.0004494190216064453,0.179,22.400000000000002
2656,0.0006105899810791016,0.179,21.200000000000003
2657,0.00047326087951660156,0.179,19.6
2658,0.00042939186096191406,0.179,18.400000000000002
2659,0.0022742748260498047,0.179,17.2
2660,0.0007331371307373047,0.168,16.0
2661,0.0005829334259033203,0.157,14.8
2662,0.0012123584747314453,0.155,14.0
2663,0.00061798095703125,0.149,13.200000000000001
2664,0.0004928112030029297,0.142,12.8
2665,0.00043392181396484375,0.14,12.0
2666,0.0004303455352783203,0.14,11.600000000000001
2667,0.0004467964172363281,0.14,11.600000000000001
2668,0.0005483627319335938,0.14,11.600000000000001
2669,0.003267526626586914,0.14,11.600000000000001
2670,0.00052642822265625,0.157,11.600000000000001
2671,0.0002636909484863281,0.172,11.600000000000001
2672,0.0005602836608886719,0.181,12.0
2673,0.0010578632354736328,0.181,12.4
2674,0.00044035911560058594,0.181,12.8
2675,0.0005204677581787109,0.181,13.200000000000001
2676,0.00096893310546875,0.181,14.0
2677,0.0006899833679199219,0.179,14.4
2678,0.00047969818115234375,0.166,15.200000000000001
2679,0.0004942417144775391,0.153,16.400000000000002
2680,0.00047969818115234375,0.136,17.2
2681,0.0004775524139404297,0.136,18.400000000000002
2682,0.0009610652923583984,0.136,19.6
2683,0.0006306171417236328,0.136,20.8
2684,0.0006456375122070312,0.136,22.400000000000002
2685,0.0015456676483154297,0.136,23.6
2686,0.0011332035064697266,0.136,25.200000000000003
2687,0.0008480548858642578,0.155,26.400000000000002
2688,0.00031280517578125,0.166,27.6
2689,0.0005230903625488281,0.17,29.200000000000003
2690,0.0004353523254394531,0.17,30.400000000000002
2691,0.0004799365997314453,0.17,31.6
2692,0.0006768703460693359,0.17,32.4
2693,0.0006685256958007812,0.168,33.6
2694,0.0005855560302734375,0.159,34.4
2695,0.0007379055023193359,0.14,35.6
2696,0.0002961158752441406,0.131,36.4
2697,0.0005404949188232422,0.127,37.2
2698,0.00034737586975097656,0.119,38.0
2699,0.00045943260192871094,0.116,38.800000000000004
2700,0.0010848045349121094,0.116,39.2
2701,0.0004837512969970703,0.116,40.0
2702,0.0010678768157958984,0.116,40.0
2703,0.0004227161407470703,0.138,40.400000000000006
2704,0.0005328655242919922,0.153,40.400000000000006
2705,0.0004749298095703125,0.172,40.400000000000006
2706,0.0004477500915527344,0.179,40.400000000000006
2707,0.0004811286926269531,0.179,40.0
2708,0.0008635520935058594,0.181,39.6
2709,0.0006084442138671875,0.181,38.800000000000004
2710,0.0005910396575927734,0.181,38.0
2711,0.002257108688354492,0.172,37.2
2712,0.0007028579711914062,0.142,36.4
2713,0.0005886554718017578,0.123,35.6
2714,0.0005886554718017578,0.119,35.6
2715,0.0005042552947998047,0.119,34.800000000000004
2716,0.0005021095275878906,0.119,34.0
2717,0.0004391670227050781,0.119,32.800000000000004
2718,0.0018000602722167969,0.119,32.0
2719,0.0005960464477539062,0.119,30.8
2720,0.0007390975952148438,0.123,30.0
2721,0.0005009174346923828,0.138,28.8
2722,0.0004715919494628906,0.159,27.6
2723,0.0009717941284179688,0.177,26.400000000000002
2724,0.0004520416259765625,0.183,24.8
2725,0.0005249977111816406,0.185,23.6
2726,0.0005371570587158203,0.185,22.0
2727,0.0005040168762207031,0.185,20.8
2728,0.0007367134094238281,0.183,19.6
2729,0.0010440349578857422,0.177,18.0
2730,0.00038743019104003906,0.168,16.8
2731,0.00034546852111816406,0.151,16.0
2732,0.00031685829162597656,0.129,14.8
2733,0.0004432201385498047,0.119,14.0
2734,0.0002627372741699219,0.116,13.200000000000001
2735,0.0003185272216796875,0.116,12.8
2736,0.00047898292541503906,0.119,12.0
2737,0.0008864402770996094,0.14,11.600000000000001
2738,0.0006892681121826172,0.172,11.600000000000001
2739,0.0004696846008300781,0.192,11.200000000000001
2740,0.0004696846008300781,0.198,11.200000000000001
2741,0.00045561790466308594,0.198,10.8
2742,0.0014872550964355469,0.198,10.8
2743,0.0010783672332763672,0.194,10.8
2744,0.0005245208740234375,0.183,11.200000000000001
2745,0.0003457069396972656,0.166,11.600000000000001
2746,0.0007154941558837891,0.147,12.0
2747,0.00046896934509277344,0.131,12.4
2748,0.0004112720489501953,0.127,13.200000000000001
2749,0.0005223751068115234,0.127,14.0
2750,0.00045490264892578125,0.127,15.200000000000001
2751,0.0011074542999267578,0.127,16.400000000000002
2752,0.0007517337799072266,0.134,17.6
2753,0.0008754730224609375,0.14,18.8
2754,0.0005884170532226562,0.164,20.0
2755,0.0005433559417724609,0.166,21.200000000000003
2756,0.0009484291076660156,0.166,22.400000000000002
2757,0.0005061626434326172,0.166,23.6
2758,0.002055644989013672,0.166,24.8
2759,0.001960277557373047,0.162,26.0
2760,0.0012118816375732422,0.147,27.200000000000003
2761,0.0009975433349609375,0.136,28.400000000000002
2762,0.0005476474761962891,0.127,29.6
2763,0.0005128383636474609,0.127,30.400000000000002
2764,0.0004820823669433594,0.127,31.6
2765,0.0013508796691894531,0.127,32.800000000000004
2766,0.0013797283172607422,0.127,33.6
2767,0.0004630088806152344,0.153,34.4
2768,0.0006499290466308594,0.177,35.2
2769,0.0005133152008056641,0.183,36.0
2770,0.0004513263702392578,0.183,36.4
2771,0.0004367828369140625,0.183,37.2
2772,0.0009918212890625,0.183,37.2
2773,0.0006983280181884766,0.183,37.6
2774,0.0005486011505126953,0.177,37.6
2775,0.0012652873992919922,0.162,38.0
2776,0.0008568763732910156,0.149,38.0
2777,0.0004367828369140625,0.134,38.0
2778,0.0005218982696533203,0.129,38.0
2779,0.0004589557647705078,0.129,38.0
2780,0.001005411148071289,0.129,38.0
2781,0.0005955696105957031,0.129,37.6
2782,0.0007066726684570312,0.131,37.6
2783,0.0012497901916503906,0.151,37.2
2784,0.0006439685821533203,0.159,36.800000000000004
2785,0.0004763603210449219,0.164,36.0
2786,0.0004661083221435547,0.164,35.6
2787,0.00045680999755859375,0.164,34.800000000000004
2788,0.0007083415985107422,0.159,34.0
2789,0.0008120536804199219,0.153,32.800000000000004
2790,0.0004982948303222656,0.147,32.0
2791,0.0005030632019042969,0.142,31.200000000000003
2792,0.00043845176696777344,0.142,30.0
2793,0.0009438991546630859,0.142,28.8
2794,0.0008139610290527344,0.142,28.0
2795,0.0009260177612304688,0.142,26.8
2796,0.0008425712585449219,0.147,25.6
2797,0.0006844997406005859,0.164,24.8
2798,0.0007281303405761719,0.177,23.6
2799,0.00041604042053222656,0.181,22.400000000000002
2800,0.00048613548278808594,0.181,21.200000000000003
2801,0.0010676383972167969,0.181,20.400000000000002
2802,0.0008058547973632812,0.185,19.200000000000003
2803,0.00058746337890625,0.185,18.400000000000002
2804,0.0005698204040527344,0.185,17.2
2805,0.0011105537414550781,0.185,16.400000000000002
2806,0.0007965564727783203,0.185,16.0
2807,0.001983165740966797,0.185,15.200000000000001
2808,0.0006244182586669922,0.185,14.8
2809,0.0019185543060302734,0.185,14.4
2810,0.002415180206298828,0.185,14.4
2811,0.0005004405975341797,0.179,14.4
2812,0.0002677440643310547,0.164,14.4
2813,0.0004875659942626953,0.147,14.8
2814,0.0003418922424316406,0.138,15.200000000000001
2815,0.0004639625549316406,0.138,15.600000000000001
2816,0.00043702125549316406,0.138,16.400000000000002
2817,0.0009942054748535156,0.138,17.2
2818,0.0006620883941650391,0.142,18.0
2819,0.0005617141723632812,0.157,18.8
2820,0.0003674030303955078,0.181,20.0
2821,0.0005154609680175781,0.19,20.8
2822,0.0004031658172607422,0.192,21.6
2823,0.00046539306640625,0.196,22.8
2824,0.0004889965057373047,0.196,23.6
2825,0.0004398822784423828,0.205,24.8
2826,0.0004127025604248047,0.205,25.6
2827,0.0005006790161132812,0.207,26.8
2828,0.0004925727844238281,0.207,28.0
2829,0.00043964385986328125,0.207,29.200000000000003
2830,0.0021042823791503906,0.207,30.400000000000002
2831,0.0005991458892822266,0.207,31.6
2832,0.0020089149475097656,0.207,32.800000000000004
2833,0.0011305809020996094,0.205,34.0
2834,0.0003509521484375,0.172,35.6
2835,0.0004558563232421875,0.159,36.800000000000004
2836,0.00044465065002441406,0.155,38.400000000000006
2837,0.00044035911560058594,0.151,39.6
2838,0.0004239082336425781,0.151,41.2
2839,0.0004546642303466797,0.147,42.800000000000004
2840,0.0004532337188720703,0.138,44.0
2841,0.0004451274871826172,0.125,45.2
2842,0.0004131793975830078,0.125,46.400000000000006
2843,0.0005049705505371094,0.123,47.6
2844,0.0004456043243408203,0.123,48.400000000000006
2845,0.0013835430145263672,0.123,49.2
2846,0.0003311634063720703,0.136,49.6
2847,0.0004878044128417969,0.151,50.0
2848,0.0014445781707763672,0.162,50.400000000000006
2849,0.0005691051483154297,0.17,50.400000000000006
2850,0.0005593299865722656,0.172,50.0
2851,0.00044798851013183594,0.175,49.6
2852,0.0006990432739257812,0.177,49.2
2853,0.0004582405090332031,0.177,48.400000000000006
2854,0.00044345855712890625,0.177,47.6
2855,0.0014328956604003906,0.177,46.400000000000006
2856,0.0005018711090087891,0.172,45.6
2857,0.000728607177734375,0.17,44.400000000000006
2858,0.0005567073822021484,0.157,42.800000000000004
2859,0.0004372596740722656,0.144,41.6
2860,0.0007801055908203125,0.134,40.400000000000006
2861,0.0007801055908203125,0.123,40.400000000000006
2862,0.0005605220794677734,0.119,38.800000000000004
2863,0.0005080699920654297,0.112,37.2
2864,0.0005693435668945312,0.106,36.0
2865,0.00045418739318847656,0.099,34.4
2866,0.0004429817199707031,0.099,32.4
2867,0.0004382133483886719,0.099,30.8
2868,0.0004382133483886719,0.095,29.200000000000003
2869,0.0005545616149902344,0.095,27.200000000000003
2870,0.0004508495330810547,0.095,25.6
2871,0.0020782947540283203,0.095,23.6
2872,0.00044536590576171875,0.088,21.6
2873,0.0004999637603759766,0.086,19.6
2874,0.0007114410400390625,0.086,17.2
2875,0.00047326087951660156,0.086,15.200000000000001
2876,0.00044918060302734375,0.086,13.200000000000001
2877,0.00226593017578125,0.086,11.200000000000001
2878,0.0006206035614013672,0.086,8.8
2879,0.0005242824554443359,0.091,6.800000000000001
2880,0.00040340423583984375,0.108,4.800000000000001
2881,0.0004787445068359375,0.125,2.8000000000000003
2882,0.0004520416259765625,0.127,1.2000000000000002
2883,0.0004355907440185547,0.129,-0.8
2884,0.0007402896881103516,0.129,-2.4000000000000004
2885,0.0005850791931152344,0.138,-4.0
2886,0.000453948974609375,0.144,-5.2
2887,0.00044226646423339844,0.147,-6.4
2888,0.0004696846008300781,0.151,-7.2
2889,0.00035762786865234375,0.151,-8.0
2890,0.0004944801330566406,0.151,-8.8
2891,0.0004508495330810547,0.151,-9.200000000000001
2892,0.0010349750518798828,0.151,-9.200000000000001
2893,0.0007114410400390625,0.151,-8.8
2894,0.0020453929901123047,0.151,-8.4
2895,0.0006031990051269531,0.151,-8.0
2896,0.0025107860565185547,0.151,-6.800000000000001
2897,0.001842498779296875,0.151,-5.6000000000000005
2898,0.0006682872772216797,0.151,-4.4
2899,0.0014774799346923828,0.151,-2.8000000000000003
2900,0.0006272792816162109,0.151,-0.8
2901,0.0017104148864746094,0.151,1.2000000000000002
2902,0.00034809112548828125,0.131,3.2
2903,0.0006487369537353516,0.125,5.6000000000000005
2904,0.0011818408966064453,0.119,8.0
2905,0.0005409717559814453,0.116,10.8
2906,0.0007658004760742188,0.116,13.600000000000001
2907,0.0008208751678466797,0.116,16.0
2908,0.0009758472442626953,0.116,18.8
2909,0.0013871192932128906,0.116,21.6
2910,0.0006482601165771484,0.116,24.400000000000002
2911,0.0014536380767822266,0.116,27.200000000000003
2912,0.0006368160247802734,0.116,29.6
2913,0.0023746490478515625,0.116,32.0
2914,0.0006818771362304688,0.131,34.4
2915,0.00037384033203125,0.149,36.800000000000004
2916,0.00046324729919433594,0.168,38.800000000000004
2917,0.0008771419525146484,0.175,40.800000000000004
2918,0.0008537769317626953,0.179,42.400000000000006
2919,0.0005893707275390625,0.179,44.0
2920,0.0011281967163085938,0.179,45.6
2921,0.0004940032958984375,0.181,46.800000000000004
2922,0.0004916191101074219,0.181,48.0
2923,0.003131866455078125,0.181,48.800000000000004
2924,0.0009064674377441406,0.177,50.0
2925,0.0006449222564697266,0.175,50.400000000000006
2926,0.00048542022705078125,0.164,51.2
2927,0.0006048679351806641,0.149,51.6
2928,0.0008797645568847656,0.136,52.0
2929,0.0006406307220458984,0.119,52.400000000000006
2930,0.0005731582641601562,0.112,52.400000000000006
2931,0.0006890296936035156,0.108,52.800000000000004
2932,0.0007669925689697266,0.103,52.400000000000006
2933,0.0007472038269042969,0.097,52.400000000000006
2934,0.0009133815765380859,0.097,52.0
2935,0.0004253387451171875,0.095,51.2
2936,0.0004315376281738281,0.095,50.400000000000006
2937,0.0026519298553466797,0.095,49.2
2938,0.0006873607635498047,0.101,48.0
2939,0.0004825592041015625,0.119,46.400000000000006
2940,0.0004494190216064453,0.134,44.800000000000004
2941,0.0004336833953857422,0.14,42.800000000000004
2942,0.0004646778106689453,0.147,40.800000000000004
2943,0.0004596710205078125,0.149,38.400000000000006
2944,0.0004737377166748047,0.149,36.0
2945,0.0004401206970214844,0.149,33.2
2946,0.0004279613494873047,0.149,30.400000000000002
2947,0.002570629119873047,0.149,28.0
2948,0.0007050037384033203,0.149,25.200000000000003
2949,0.0015420913696289062,0.149,22.400000000000002
2950,0.0006573200225830078,0.149,19.6
2951,0.0014870166778564453,0.149,16.8
2952,0.0005888938903808594,0.149,14.0
2953,0.0018506050109863281,0.149,11.600000000000001
2954,0.001313924789428711,0.149,8.8
2955,0.0005805492401123047,0.149,6.4
2956,0.0015513896942138672,0.149,4.4
2957,0.00054931640625,0.149,2.4000000000000004
2958,0.001783609390258789,0.149,0.4
2959,0.0021202564239501953,0.149,-1.2000000000000002
2960,0.0005958080291748047,0.149,-2.8000000000000003
2961,0.002599954605102539,0.149,-4.0
2962,0.0006113052368164062,0.149,-4.800000000000001
2963,0.0023393630981445312,0.149,-5.6000000000000005
2964,0.0004553794860839844,0.155,-6.0
2965,0.0007128715515136719,0.159,-6.4
2966,0.0006363391876220703,0.168,-6.4
2967,0.0004639625549316406,0.183,-6.4
2968,0.0005135536193847656,0.19,-6.0
2969,0.0004699230194091797,0.194,-5.2
2970,0.0004680156707763672,0.194,-4.4
2971,0.0004892349243164062,0.194,-3.2
2972,0.0012345314025878906,0.194,-1.6
2973,0.0004601478576660156,0.188,0.0
2974,0.0002925395965576172,0.175,2.0
2975,0.0004553794860839844,0.164,4.0
2976,0.0006031990051269531,0.164,6.4
2977,0.0015611648559570312,0.164,8.8
2978,0.00063323974609375,0.157,11.600000000000001
2979,0.00047898292541503906,0.149,14.4
2980,0.00043463706970214844,0.149,17.6
2981,0.00044226646423339844,0.149,20.8
2982,0.0004394054412841797,0.149,23.6
2983,0.0009403228759765625,0.149,26.8
2984,0.0005815029144287109,0.149,30.0
2985,0.0019974708557128906,0.149,33.2
2986,0.004521608352661133,0.149,36.0
2987,0.0007205009460449219,0.127,39.2
2988,0.0008695125579833984,0.127,42.0
2989,0.0006759166717529297,0.11,44.800000000000004
2990,0.00036978721618652344,0.099,47.2
2991,0.0005371570587158203,0.099,49.6
2992,0.0004937648773193359,0.097,52.0
2993,0.0005424022674560547,0.095,54.0
2994,0.00048661231994628906,0.095,55.6
2995,0.0004379749298095703,0.095,57.2
2996,0.0016536712646484375,0.095,58.400000000000006
2997,0.002161264419555664,0.095,59.6
2998,0.0005750656127929688,0.106,60.400000000000006
2999,0.0007746219635009766,0.123,60.800000000000004
3000,0.0006060600280761719,0.136,60.800000000000004
3001,0.0004544258117675781,0.142,60.800000000000004
3002,0.0005099773406982422,0.144,60.0
3003,0.0004627704620361328,0.147,59.6
3004,0.0004382133483886719,0.147,58.400000000000006
3005,0.0007274150848388672,0.147,57.2
3006,0.001613616943359375,0.147,55.6
3007,0.0006721019744873047,0.14,54.0
3008,0.0004673004150390625,0.125,52.0
3009,0.0004673004150390625,0.112,52.0
3010,0.0006089210510253906,0.099,50.0
3011,0.0004665851593017578,0.095,48.0
3012,0.0004584789276123047,0.095,45.6
3013,0.0007481575012207031,0.095,42.800000000000004
3014,0.0004661083221435547,0.095,40.400000000000006
3015,0.0008058547973632812,0.106,37.6
3016,0.0006339550018310547,0.131,34.800000000000004
3017,0.00058746337890625,0.153,31.6
3018,0.0005831718444824219,0.159,28.400000000000002
3019,0.0004487037658691406,0.159,25.200000000000003
3020,0.0006699562072753906,0.159,22.0
3021,0.00041604042053222656,0.162,18.8
3022,0.0004963874816894531,0.162,15.200000000000001
3023,0.0011730194091796875,0.162,12.0
3024,0.0004665851593017578,0.162,8.8
3025,0.001001596450805664,0.162,6.0
3026,0.00040531158447265625,0.147,2.8000000000000003
3027,0.00045990943908691406,0.14,0.4
3028,0.0005228519439697266,0.138,-2.4000000000000004
3029,0.00043892860412597656,0.138,-4.4
3030,0.00045299530029296875,0.138,-6.4
3031,0.0013339519500732422,0.138,-8.4
3032,0.0012133121490478516,0.14,-9.600000000000001
3033,0.0006971359252929688,0.149,-10.8
3034,0.0003871917724609375,0.157,-11.600000000000001
3035,0.0005919933319091797,0.157,-12.4
3036,0.0014317035675048828,0.157,-12.8
3037,0.0004878044128417969,0.149,-12.8
3038,0.0006151199340820312,0.144,-12.8
3039,0.0006930828094482422,0.136,-12.0
3040,0.0006496906280517578,0.131,-11.200000000000001
3041,0.0005311965942382812,0.129,-10.4
3042,0.0006923675537109375,0.129,-8.8
3043,0.0006539821624755859,0.129,-7.2
3044,0.0006959438323974609,0.129,-5.6000000000000005
3045,0.00033593177795410156,0.144,-3.6
3046,0.00047326087951660156,0.162,-1.2000000000000002
3047,0.0004603862762451172,0.164,1.2000000000000002
3048,0.0006194114685058594,0.164,3.6
3049,0.0006458759307861328,0.164,6.4
3050,0.0009365081787109375,0.164,8.8
3051,0.0017349720001220703,0.164,12.0
3052,0.0005593299865722656,0.157,14.8
3053,0.0002918243408203125,0.147,17.6
3054,0.0007600784301757812,0.138,20.8
3055,0.0004591941833496094,0.129,24.0
3056,0.00047016143798828125,0.129,26.8
3057,0.00047588348388671875,0.129,30.0
3058,0.0012578964233398438,0.129,32.800000000000004
3059,0.0005867481231689453,0.129,36.0
3060,0.00049591064453125,0.14,38.800000000000004
3061,0.00048661231994628906,0.153,41.6
3062,0.0004551410675048828,0.159,44.0
3063,0.0008385181427001953,0.166,46.400000000000006
3064,0.0004916191101074219,0.166,48.800000000000004
3065,0.0010082721710205078,0.166,50.800000000000004
3066,0.0005266666412353516,0.164,52.400000000000006
3067,0.0003960132598876953,0.155,54.0
3068,0.0011103153228759766,0.138,55.6
3069,0.00047469139099121094,0.127,56.800000000000004
3070,0.0007185935974121094,0.119,58.0
3071,0.0005426406860351562,0.116,58.800000000000004
3072,0.0004975795745849609,0.116,59.6
3073,0.0010290145874023438,0.116,60.0
3074,0.0008399486541748047,0.116,60.400000000000006
3075,0.0008406639099121094,0.127,60.400000000000006
3076,0.00011205673217773438,0.149,60.400000000000006
3077,0.000492095947265625,0.166,60.0
3078,0.0004703998565673828,0.168,59.2
3079,0.0007519721984863281,0.168,58.400000000000006
3080,0.0006105899810791016,0.168,57.2
3081,0.0009763240814208984,0.168,55.6
3082,0.0004627704620361328,0.159,54.0
3083,0.000446319580078125,0.147,52.400000000000006
3084,0.0004279613494873047,0.136,50.400000000000006
3085,0.00046539306640625,0.131,48.400000000000006
3086,0.00042629241943359375,0.131,46.400000000000006
3087,0.000453948974609375,0.131,44.0
3088,0.00041174888610839844,0.131,41.6
3089,0.001481771469116211,0.131,39.2
3090,0.0007641315460205078,0.138,36.800000000000004
3091,0.0006394386291503906,0.155,34.0
3092,0.0007293224334716797,0.159,31.200000000000003
3093,0.0004985332489013672,0.162,28.400000000000002
3094,0.00046539306640625,0.162,25.6
3095,0.0004520416259765625,0.162,22.8
3096,0.0007960796356201172,0.149,20.0
3097,0.0011208057403564453,0.138,17.2
3098,0.00026917457580566406,0.131,14.4
3099,0.0005948543548583984,0.131,11.600000000000001
3100,0.00044083595275878906,0.131,9.200000000000001
3101,0.0004589557647705078,0.131,6.800000000000001
3102,0.0018825531005859375,0.131,4.800000000000001
3103,0.0005810260772705078,0.142,2.4000000000000004
3104,0.00033545494079589844,0.162,0.8
3105,0.00043773651123046875,0.183,-1.2000000000000002
3106,0.000530242919921875,0.185,-2.8000000000000003
3107,0.00047898292541503906,0.185,-4.0
3108,0.0010149478912353516,0.185,-5.2
3109,0.0009667873382568359,0.185,-6.0
3110,0.0004684925079345703,0.17,-6.800000000000001
3111,0.0003833770751953125,0.151,-7.2
3112,0.0005090236663818359,0.14,-7.2
3113,0.0006163120269775391,0.131,-6.800000000000001
3114,0.0004792213439941406,0.131,-6.4
3115,0.0006260871887207031,0.131,-5.6000000000000005
3116,0.0010085105895996094,0.131,-4.800000000000001
3117,0.0009541511535644531,0.136,-3.2
3118,0.0005283355712890625,0.155,-2.0
3119,0.0012378692626953125,0.17,0.0
3120,0.00044345855712890625,0.175,1.6
3121,0.0004372596740722656,0.175,3.6
3122,0.00044417381286621094,0.175,6.0
3123,0.0005104541778564453,0.175,8.0
3124,0.0004124641418457031,0.164,10.4
3125,0.00045037269592285156,0.153,12.8
3126,0.00045561790466308594,0.14,15.200000000000001
3127,0.0005805492401123047,0.136,18.0
3128,0.0004303455352783203,0.136,20.8
3129,0.0013530254364013672,0.136,23.6
3130,0.00046539306640625,0.138,26.400000000000002
3131,0.0011785030364990234,0.155,28.8
3132,0.0012793540954589844,0.172,31.6
3133,0.0005147457122802734,0.175,34.4
3134,0.0004584789276123047,0.175,36.800000000000004
3135,0.0009582042694091797,0.175,39.2
3136,0.0022699832916259766,0.175,41.6
3137,0.0004458427429199219,0.157,43.6
3138,0.0004775524139404297,0.136,45.6
3139,0.00046181678771972656,0.127,47.6
3140,0.0004649162292480469,0.127,49.6
3141,0.0004405975341796875,0.127,51.2
3142,0.0011355876922607422,0.127,52.800000000000004
3143,0.0008387565612792969,0.142,54.400000000000006
3144,0.0004634857177734375,0.166,55.2
3145,0.0004897117614746094,0.183,56.400000000000006
3146,0.00046634674072265625,0.188,57.2
3147,0.0004975795745849609,0.188,57.6
3148,0.0011098384857177734,0.185,58.0
3149,0.0008730888366699219,0.17,58.0
3150,0.0005609989166259766,0.149,58.0
3151,0.0004508495330810547,0.125,58.0
3152,0.0004553794860839844,0.103,57.6
3153,0.0004324913024902344,0.103,56.800000000000004
3154,0.0004324913024902344,0.103,56.800000000000004
3155,0.0006000995635986328,0.103,56.400000000000006
3156,0.0006291866302490234,0.112,55.6
3157,0.0003604888916015625,0.14,54.400000000000006
3158,0.0006544589996337891,0.159,53.2
3159,0.0004024505615234375,0.168,52.0
3160,0.0003139972686767578,0.168,50.400000000000006
3161,0.0005128383636474609,0.168,48.400000000000006
3162,0.0005352497100830078,0.164,46.400000000000006
3163,0.0004973411560058594,0.14,44.0
3164,0.0006413459777832031,0.129,42.0
3165,0.0006740093231201172,0.119,39.2
3166,0.0006835460662841797,0.119,36.800000000000004
3167,0.0005249977111816406,0.119,34.0
3168,0.0005042552947998047,0.123,31.200000000000003
3169,0.0007686614990234375,0.144,28.400000000000002
3170,0.0005347728729248047,0.183,25.6
3171,0.00044536590576171875,0.207,22.8
3172,0.0004360675811767578,0.209,20.0
3173,0.000453948974609375,0.209,17.2
3174,0.0004563331604003906,0.198,14.0
3175,0.0004868507385253906,0.177,11.200000000000001
3176,0.0004885196685791016,0.162,8.8
3177,0.00031113624572753906,0.162,6.4
3178,0.0005300045013427734,0.162,4.0
3179,0.0004665851593017578,0.162,2.0
3180,0.0004799365997314453,0.172,0.4
3181,0.000446319580078125,0.194,-1.2000000000000002
3182,0.0005140304565429688,0.205,-2.4000000000000004
3183,0.00043845176696777344,0.205,-3.2
3184,0.00043082237243652344,0.205,-4.0
3185,0.0004551410675048828,0.198,-4.4
3186,0.0004439353942871094,0.172,-4.800000000000001
3187,0.0005154609680175781,0.153,-4.800000000000001
3188,0.0004658699035644531,0.147,-4.0
3189,0.00047779083251953125,0.147,-3.6
3190,0.0004260540008544922,0.147,-2.4000000000000004
3191,0.0004737377166748047,0.147,-1.2000000000000002
3192,0.0007312297821044922,0.183,0.4
3193,0.00047659873962402344,0.209,2.0
3194,0.0004863739013671875,0.211,4.0
3195,0.00047850608825683594,0.209,6.4
3196,0.00046825408935546875,0.198,8.4
3197,0.0004928112030029297,0.175,10.8
3198,0.0004565715789794922,0.155,13.200000000000001
3199,0.0004763603210449219,0.147,16.0
3200,0.0004284381866455078,0.147,18.8
3201,0.0004558563232421875,0.147,21.6
3202,0.0004506111145019531,0.147,24.400000000000002
3203,0.00037217140197753906,0.155,27.6
3204,0.0005304813385009766,0.166,30.400000000000002
3205,0.00037169456481933594,0.17,33.2
3206,0.0004684925079345703,0.17,36.0
3207,0.0010437965393066406,0.17,38.800000000000004
3208,0.0006649494171142578,0.153,41.6
3209,0.0008544921875,0.14,44.400000000000006
3210,0.0004627704620361328,0.138,46.800000000000004
3211,0.0005269050598144531,0.138,48.800000000000004
3212,0.0010759830474853516,0.138,51.2
3213,0.0002460479736328125,0.151,53.2
3214,0.00045680999755859375,0.164,55.2
3215,0.00044035911560058594,0.166,56.800000000000004
3216,0.0004589557647705078,0.166,58.400000000000006
3217,0.00042724609375,0.166,59.6
3218,0.00047135353088378906,0.166,60.400000000000006
3219,0.000720977783203125,0.159,61.2
3220,0.00046133995056152344,0.153,62.0
3221,0.0006687641143798828,0.153,62.400000000000006
3222,0.0004832744598388672,0.153,62.800000000000004
3223,0.0008938312530517578,0.153,62.800000000000004
3224,0.0004975795745849609,0.155,62.400000000000006
3225,0.0007665157318115234,0.17,62.400000000000006
3226,0.0006368160247802734,0.17,61.6
3227,0.0005478858947753906,0.17,60.800000000000004
3228,0.0004830360412597656,0.17,60.0
3229,0.0015168190002441406,0.17,58.800000000000004
3230,0.0005061626434326172,0.164,57.6
3231,0.0006341934204101562,0.138,56.400000000000006
3232,0.0005011558532714844,0.125,54.800000000000004
3233,0.0004703998565673828,0.125,53.2
3234,0.0005235671997070312,0.131,51.2
3235,0.0007703304290771484,0.153,49.2
3236,0.00040841102600097656,0.175,47.2
3237,0.0004801750183105469,0.185,44.800000000000004
3238,0.0004954338073730469,0.188,42.400000000000006
3239,0.0004410743713378906,0.188,40.0
3240,0.001081705093383789,0.185,37.6
3241,0.0004703998565673828,0.181,34.800000000000004
3242,0.00044465065002441406,0.166,32.0
3243,0.0005028247833251953,0.147,29.200000000000003
3244,0.0009124279022216797,0.131,26.8
3245,0.0004978179931640625,0.127,24.0
3246,0.0004532337188720703,0.127,21.6
3247,0.0009095668792724609,0.127,19.200000000000003
3248,0.0005409717559814453,0.138,16.8
3249,0.0005996227264404297,0.177,14.4
3250,0.0005204677581787109,0.188,12.0
3251,0.0004968643188476562,0.188,10.0
3252,0.0004391670227050781,0.188,8.0
3253,0.0013265609741210938,0.185,6.0
3254,0.00096893310546875,0.166,4.0
3255,0.0005033016204833984,0.155,2.4000000000000004
3256,0.0005791187286376953,0.144,1.2000000000000002
3257,0.0004565715789794922,0.136,0.0
3258,0.0004525184631347656,0.136,-0.8
3259,0.0004215240478515625,0.136,-1.6
3260,0.0004451274871826172,0.136,-2.0
3261,0.0006375312805175781,0.144,-2.0
3262,0.0006136894226074219,0.151,-2.0
3263,0.0011336803436279297,0.151,-2.0
3264,0.0006871223449707031,0.151,-1.6
3265,0.0010442733764648438,0.149,-0.8
3266,0.0008456707000732422,0.131,0.0
3267,0.0005438327789306641,0.127,0.8
3268,0.000461578369140625,0.127,2.0
3269,0.0006508827209472656,0.127,3.2
3270,0.0012650489807128906,0.129,4.800000000000001
3271,0.00031113624572753906,0.153,6.4
3272,0.0005381107330322266,0.159,8.0
3273,0.000652313232421875,0.162,9.600000000000001
3274,0.0004966259002685547,0.162,11.600000000000001
3275,0.0004432201385498047,0.162,13.600000000000001
3276,0.0007722377777099609,0.162,15.200000000000001
3277,0.0017533302307128906,0.162,17.2
3278,0.0009322166442871094,0.157,19.6
3279,0.0004405975341796875,0.155,21.6
3280,0.00045180320739746094,0.155,23.6
3281,0.0011909008026123047,0.157,25.6
3282,0.0009174346923828125,0.181,28.0
3283,0.0008983612060546875,0.205,30.0
3284,0.00043511390686035156,0.213,32.0
3285,0.00048732757568359375,0.213,34.0
3286,0.0004336833953857422,0.213,36.0
3287,0.0005755424499511719,0.209,38.0
3288,0.0005009174346923828,0.19,39.6
3289,0.00046062469482421875,0.168,41.6
3290,0.000446319580078125,0.168,43.2
3291,0.0004792213439941406,0.168,45.2
3292,0.0005724430084228516,0.168,46.800000000000004
3293,0.0017549991607666016,0.168,48.400000000000006
3294,0.0006184577941894531,0.185,50.0
3295,0.0004730224609375,0.2,51.6
3296,0.0004940032958984375,0.205,53.2
3297,0.00047397613525390625,0.205,54.400000000000006
3298,0.00042891502380371094,0.205,55.6
3299,0.0004878044128417969,0.198,56.400000000000006
3300,0.0009045600891113281,0.177,57.2
3301,0.0005719661712646484,0.157,58.0
3302,0.0004851818084716797,0.157,58.800000000000004
3303,0.0005085468292236328,0.157,59.2
3304,0.001012563705444336,0.157,59.6
3305,0.0006465911865234375,0.17,60.0
3306,0.0006330013275146484,0.183,60.400000000000006
3307,0.0006330013275146484,0.207,60.400000000000006
3308,0.0005347728729248047,0.209,60.400000000000006
3309,0.0004951953887939453,0.209,60.0
3310,0.0009348392486572266,0.209,60.0
3311,0.00045871734619140625,0.192,59.2
3312,0.00058746337890625,0.166,58.800000000000004
3313,0.0004978179931640625,0.151,58.0
3314,0.00046753883361816406,0.151,57.2
3315,0.00043964385986328125,0.151,56.400000000000006
3316,0.0010406970977783203,0.153,55.6
3317,0.0003712177276611328,0.192,54.400000000000006
3318,0.00046825408935546875,0.218,53.2
3319,0.0004942417144775391,0.222,52.0
3320,0.00045180320739746094,0.22,50.800000000000004
3321,0.000978231430053711,0.209,49.2
3322,0.0003895759582519531,0.185,47.6
3323,0.000514984130859375,0.166,46.0
3324,0.000659942626953125,0.164,44.0
3325,0.0006241798400878906,0.164,40.800000000000004
3326,0.0006225109100341797,0.164,39.2
3327,0.0007839202880859375,0.175,37.6
3328,0.0006389617919921875,0.194,35.6
3329,0.0008738040924072266,0.2,34.0
3330,0.0007092952728271484,0.2,32.4
3331,0.0004839897155761719,0.2,30.8
3332,0.0007143020629882812,0.2,28.8
3333,0.0009200572967529297,0.185,27.200000000000003
3334,0.0005486011505126953,0.155,25.6
3335,0.0004036426544189453,0.153,24.0
3336,0.0005269050598144531,0.153,22.8
3337,0.0007154941558837891,0.153,21.6
3338,0.0006737709045410156,0.162,20.400000000000002
3339,0.0008246898651123047,0.179,19.200000000000003
3340,0.0004820823669433594,0.183,18.0
3341,0.0005311965942382812,0.183,17.2
3342,0.0005273818969726562,0.177,16.400000000000002
3343,0.0004622936248779297,0.159,15.600000000000001
3344,0.0004756450653076172,0.14,14.8
3345,0.0004277229309082031,0.134,14.4
3346,0.00036907196044921875,0.134,14.0
3347,0.0005092620849609375,0.134,13.600000000000001
3348,0.0005083084106445312,0.14,13.600000000000001
3349,0.0007259845733642578,0.164,13.600000000000001
3350,0.0007200241088867188,0.185,13.600000000000001
3351,0.00042176246643066406,0.19,13.600000000000001
3352,0.0005459785461425781,0.19,13.600000000000001
3353,0.0004761219024658203,0.185,14.0
3354,0.0004863739013671875,0.177,14.4
3355,0.0007231235504150391,0.168,14.8
3356,0.00039887428283691406,0.144,15.200000000000001
3357,0.0004711151123046875,0.134,15.600000000000001
3358,0.00043964385986328125,0.134,16.400000000000002
3359,0.00060272216796875,0.134,17.2
3360,0.00048661231994628906,0.144,18.400000000000002
3361,0.00034737586975097656,0.181,19.200000000000003
3362,0.0005362033843994141,0.22,20.400000000000002
3363,0.00046062469482421875,0.224,21.200000000000003
3364,0.00046062469482421875,0.226,22.400000000000002
3365,0.0007841587066650391,0.218,23.6
3366,0.0005209445953369141,0.194,24.400000000000002
3367,0.0004630088806152344,0.164,25.6
3368,0.0004565715789794922,0.157,26.8
3369,0.0004413127899169922,0.157,28.0
3370,0.00042557716369628906,0.157,29.6
3371,0.0004374980926513672,0.159,30.8
3372,0.0004832744598388672,0.181,32.4
3373,0.0006241798400878906,0.216,33.6
3374,0.00046706199645996094,0.228,35.2
3375,0.00042819976806640625,0.228,36.4
3376,0.0004444122314453125,0.222,37.6
3377,0.0006704330444335938,0.192,38.800000000000004
3378,0.0006711483001708984,0.153,40.0
3379,0.0008456707000732422,0.134,41.2
3380,0.00048732757568359375,0.131,42.400000000000006
3381,0.0004596710205078125,0.131,43.6
3382,0.0004725456237792969,0.131,44.800000000000004
3383,0.0004496574401855469,0.151,46.0
3384,0.0004649162292480469,0.183,47.2
3385,0.0006322860717773438,0.188,48.0
3386,0.0006871223449707031,0.188,48.400000000000006
3387,0.0004940032958984375,0.175,49.2
3388,0.0011262893676757812,0.153,49.6
3389,0.0006897449493408203,0.125,49.6
3390,0.0005424022674560547,0.114,50.0
3391,0.0005180835723876953,0.114,50.0
3392,0.0005142688751220703,0.114,49.6
3393,0.0005207061767578125,0.123,49.6
3394,0.0004851818084716797,0.142,49.2
3395,0.0004470348358154297,0.168,48.400000000000006
3396,0.0004324913024902344,0.175,47.6
3397,0.00043582916259765625,0.175,46.800000000000004
3398,0.0004134178161621094,0.175,45.6
3399,0.0005536079406738281,0.162,44.400000000000006
3400,0.0004858970642089844,0.144,43.2
3401,0.0004687309265136719,0.127,41.6
3402,0.00047087669372558594,0.127,40.0
3403,0.0004410743713378906,0.127,38.400000000000006
3404,0.00045418739318847656,0.127,36.4
3405,0.0004112720489501953,0.153,34.800000000000004
3406,0.00048732757568359375,0.181,32.800000000000004
3407,0.0006978511810302734,0.188,31.200000000000003
3408,0.0011260509490966797,0.188,29.200000000000003
3409,0.001100301742553711,0.181,27.200000000000003
3410,0.0009183883666992188,0.159,25.200000000000003
3411,0.0005097389221191406,0.136,23.200000000000003
3412,0.0004911422729492188,0.112,21.200000000000003
3413,0.0006432533264160156,0.112,19.200000000000003
3414,0.00042247772216796875,0.112,17.6
3415,0.0004725456237792969,0.112,16.0
3416,0.002013683319091797,0.129,14.4
3417,0.0010638236999511719,0.142,12.8
3418,0.000545501708984375,0.149,11.200000000000001
3419,0.0005295276641845703,0.149,10.0
3420,0.0015268325805664062,0.144,8.8
3421,0.0007474422454833984,0.125,7.6000000000000005
3422,0.0004031658172607422,0.11,6.4
3423,0.0004985332489013672,0.11,5.6000000000000005
3424,0.0004520416259765625,0.11,4.4
3425,0.0009438991546630859,0.11,4.0
3426,0.0007295608520507812,0.121,3.2
3427,0.0005526542663574219,0.134,2.8000000000000003
3428,0.0005819797515869141,0.136,2.8000000000000003
3429,0.0007903575897216797,0.136,2.4000000000000004
3430,0.0007951259613037109,0.136,2.4000000000000004
3431,0.0006673336029052734,0.136,2.4000000000000004
3432,0.0014286041259765625,0.136,2.8000000000000003
3433,0.0005860328674316406,0.136,2.8000000000000003
3434,0.0015497207641601562,0.136,3.6
3435,0.0005800724029541016,0.136,4.0
3436,0.00043582916259765625,0.153,4.800000000000001
3437,0.0007870197296142578,0.17,5.6000000000000005
3438,0.0006885528564453125,0.175,6.4
3439,0.0004706382751464844,0.175,7.6000000000000005
3440,0.00038504600524902344,0.175,8.8
3441,0.0008060932159423828,0.153,10.0
3442,0.0004634857177734375,0.134,11.200000000000001
3443,0.00047516822814941406,0.134,12.8
3444,0.0004315376281738281,0.134,14.4
3445,0.0005407333374023438,0.138,16.0
3446,0.0005164146423339844,0.149,18.0
3447,0.0005090236663818359,0.157,19.6
3448,0.00047850608825683594,0.157,21.6
3449,0.0005393028259277344,0.157,23.6
3450,0.0011963844299316406,0.157,25.200000000000003
3451,0.0008122920989990234,0.149,27.200000000000003
3452,0.0008232593536376953,0.129,28.8
3453,0.0008232593536376953,0.127,28.8
3454,0.0005927085876464844,0.127,30.8
3455,0.00040078163146972656,0.127,32.4
3456,0.0007212162017822266,0.153,34.0
3457,0.0006453990936279297,0.179,35.6
3458,0.00045609474182128906,0.196,37.2
3459,0.0005395412445068359,0.196,38.400000000000006
3460,0.00031685829162597656,0.192,39.6
3461,0.0004222393035888672,0.181,40.800000000000004
3462,0.0006501674652099609,0.164,42.0
3463,0.00042366981506347656,0.153,42.800000000000004
3464,0.0006375312805175781,0.151,43.6
3465,0.0004742145538330078,0.151,44.400000000000006
3466,0.000446319580078125,0.168,44.800000000000004
3467,0.0009753704071044922,0.185,45.6
3468,0.0007460117340087891,0.194,46.0
3469,0.0004868507385253906,0.194,46.400000000000006
3470,0.0004737377166748047,0.192,46.800000000000004
3471,0.0007774829864501953,0.177,46.800000000000004
3472,0.00047469139099121094,0.159,46.800000000000004
3473,0.0006299018859863281,0.136,46.800000000000004
3474,0.0004279613494873047,0.136,46.800000000000004
3475,0.00047850608825683594,0.136,46.800000000000004
3476,0.0003750324249267578,0.157,46.400000000000006
3477,0.0004630088806152344,0.179,46.400000000000006
3478,0.000514984130859375,0.192,46.0
3479,0.00048542022705078125,0.192,45.2
3480,0.0009279251098632812,0.192,44.800000000000004
3481,0.0002827644348144531,0.175,44.0
3482,0.0007483959197998047,0.157,42.800000000000004
3483,0.0004515647888183594,0.147,42.0
3484,0.00044727325439453125,0.144,40.800000000000004
3485,0.00047326087951660156,0.144,40.0
3486,0.00044226646423339844,0.166,38.800000000000004
3487,0.0004405975341796875,0.183,37.6
3488,0.0005543231964111328,0.188,36.4
3489,0.00017976760864257812,0.188,35.2
3490,0.0004029273986816406,0.188,34.0
3491,0.0004646778106689453,0.181,32.800000000000004
3492,0.0005359649658203125,0.177,31.200000000000003
3493,0.0005350112915039062,0.17,30.0
3494,0.0005812644958496094,0.168,28.400000000000002
3495,0.00046133995056152344,0.168,27.200000000000003
3496,0.00043964385986328125,0.168,26.0
3497,0.0010001659393310547,0.168,24.8
3498,0.0010790824890136719,0.168,23.6
3499,0.0005843639373779297,0.162,22.8
3500,0.0004367828369140625,0.151,21.6
3501,0.0005116462707519531,0.136,20.8
3502,0.00043320655822753906,0.125,20.0
3503,0.0005450248718261719,0.121,19.200000000000003
3504,0.00043511390686035156,0.121,18.400000000000002
3505,0.00028514862060546875,0.127,18.0
3506,0.0006833076477050781,0.138,17.2
3507,0.0004544258117675781,0.153,16.8
3508,0.00043392181396484375,0.155,16.400000000000002
3509,0.0005598068237304688,0.149,16.0
3510,0.0004980564117431641,0.14,15.600000000000001
3511,0.0005202293395996094,0.138,15.200000000000001
3512,0.0007941722869873047,0.131,14.8
3513,0.0006499290466308594,0.121,14.4
3514,0.0004775524139404297,0.121,14.4
3515,0.00043773651123046875,0.121,14.4
3516,0.0004303455352783203,0.121,14.0
3517,0.0012557506561279297,0.121,14.4
3518,0.0008330345153808594,0.121,14.4
3519,0.000985860824584961,0.119,14.4
3520,0.0013725757598876953,0.112,14.4
3521,0.0003523826599121094,0.099,14.8
3522,0.0007944107055664062,0.097,14.8
3523,0.00046706199645996094,0.095,15.200000000000001
3524,0.0005233287811279297,0.099,15.200000000000001
3525,0.0004153251647949219,0.103,15.600000000000001
3526,0.0004553794860839844,0.112,15.600000000000001
3527,0.0004627704620361328,0.114,16.0
3528,0.0007801055908203125,0.116,16.400000000000002
3529,0.0007266998291015625,0.116,16.400000000000002
3530,0.0004899501800537109,0.112,16.8
3531,0.0004992485046386719,0.108,16.8
3532,0.0004622936248779297,0.108,16.8
3533,0.0011775493621826172,0.108,17.2
3534,0.0010211467742919922,0.108,17.2
3535,0.0009415149688720703,0.108,17.6
3536,0.000457763671875,0.11,17.6
3537,0.00047087669372558594,0.112,17.6
3538,0.0013041496276855469,0.11,17.6
3539,0.0010676383972167969,0.108,18.0
3540,0.0008265972137451172,0.108,18.0
3541,0.0004899501800537109,0.108,18.0
3542,0.0011775493621826172,0.108,18.0
3543,0.0006351470947265625,0.108,18.0
3544,0.0018661022186279297,0.108,18.0
3545,0.0026445388793945312,0.108,18.0
3546,0.0007841587066650391,0.11,18.0
3547,0.0011434555053710938,0.112,18.0
3548,0.0004754066467285156,0.14,18.0
3549,0.00099945068359375,0.162,17.6
3550,0.0009472370147705078,0.172,17.6
3551,0.0004773139953613281,0.175,17.6
3552,0.0005512237548828125,0.175,17.6
3553,0.0005087852478027344,0.175,17.2
3554,0.00048041343688964844,0.175,17.2
3555,0.0014102458953857422,0.175,17.2
3556,0.0011587142944335938,0.175,17.2
3557,0.0019843578338623047,0.175,17.2
3558,0.0007011890411376953,0.175,17.6
3559,0.0019788742065429688,0.175,17.6
3560,0.0015218257904052734,0.175,18.0
3561,0.0008254051208496094,0.164,18.400000000000002
3562,0.0011854171752929688,0.149,19.200000000000003
3563,0.0008764266967773438,0.125,19.6
3564,0.0006833076477050781,0.116,20.400000000000002
3565,0.0009546279907226562,0.116,21.200000000000003
3566,0.0005471706390380859,0.116,22.0
3567,0.0010864734649658203,0.116,22.8
3568,0.0005168914794921875,0.116,24.0
3569,0.001955270767211914,0.116,24.8
3570,0.0006358623504638672,0.116,25.6
3571,0.0020227432250976562,0.116,26.400000000000002
3572,0.0004508495330810547,0.125,27.200000000000003
3573,0.0021605491638183594,0.144,27.6
3574,0.0005717277526855469,0.175,28.400000000000002
3575,0.0003781318664550781,0.183,28.8
3576,0.0005550384521484375,0.183,29.200000000000003
3577,0.0005185604095458984,0.183,29.6
3578,0.00115966796875,0.183,30.0
3579,0.0006246566772460938,0.183,30.0
3580,0.0011076927185058594,0.172,30.400000000000002
3581,0.0005068778991699219,0.155,30.400000000000002
3582,0.0004658699035644531,0.136,30.400000000000002
3583,0.00029397010803222656,0.127,30.8
3584,0.0005309581756591797,0.127,30.8
3585,0.0004665851593017578,0.127,31.200000000000003
3586,0.0005078315734863281,0.127,31.200000000000003
3587,0.0015664100646972656,0.127,31.200000000000003
3588,0.00044608116149902344,0.157,31.200000000000003
3589,0.0004620552062988281,0.205,31.200000000000003
3590,0.0005397796630859375,0.233,31.200000000000003
3591,0.0004336833953857422,0.235,31.200000000000003
3592,0.0008175373077392578,0.233,30.8
3593,0.0007848739624023438,0.222,30.8
3594,0.0003769397735595703,0.188,30.400000000000002
3595,0.0006303787231445312,0.155,30.0
3596,0.0004761219024658203,0.147,30.0
3597,0.00043654441833496094,0.147,30.0
3598,0.00043654441833496094,0.147,30.0
3599,0.0005640983581542969,0.157,30.0
3600,0.0005438327789306641,0.194,30.0
3601,0.0007345676422119141,0.216,30.0
3602,0.0006074905395507812,0.216,30.400000000000002
3603,0.0005390644073486328,0.216,30.400000000000002
3604,0.0004634857177734375,0.213,30.400000000000002
3605,0.00048661231994628906,0.196,30.400000000000002
3606,0.0014383792877197266,0.175,30.400000000000002
3607,0.0004391670227050781,0.164,30.8
3608,0.00044989585876464844,0.164,30.8
3609,0.0005605220794677734,0.166,31.200000000000003
3610,0.0006585121154785156,0.19,31.200000000000003
3611,0.0011565685272216797,0.2,31.6
3612,0.0004413127899169922,0.205,32.0
3613,0.0004410743713378906,0.205,32.4
3614,0.0004553794860839844,0.205,32.800000000000004
3615,0.0004303455352783203,0.198,32.800000000000004
3616,0.00046634674072265625,0.198,33.2
3617,0.0004267692565917969,0.198,33.6
3618,0.002479076385498047,0.198,34.0
3619,0.0004858970642089844,0.203,34.4
3620,0.0011539459228515625,0.211,35.2
3621,0.0007965564727783203,0.218,35.6
3622,0.0006082057952880859,0.216,36.0
3623,0.00047135353088378906,0.205,36.4
3624,0.0003459453582763672,0.185,37.2
3625,0.0006513595581054688,0.177,37.6
3626,0.0005371570587158203,0.175,38.400000000000006
3627,0.00048279762268066406,0.175,39.2
3628,0.00045943260192871094,0.175,39.6
3629,0.00039839744567871094,0.181,40.400000000000006
3630,0.0004706382751464844,0.192,41.2
3631,0.0009906291961669922,0.213,41.6
3632,0.00045943260192871094,0.22,42.400000000000006
3633,0.0004291534423828125,0.22,42.800000000000004
3634,0.0014400482177734375,0.218,43.6
3635,0.001119852066040039,0.198,44.0
3636,0.0005669593811035156,0.172,44.400000000000006
3637,0.0004868507385253906,0.166,44.800000000000004
3638,0.0004367828369140625,0.166,44.800000000000004
3639,0.0006194114685058594,0.166,45.2
3640,0.0008342266082763672,0.185,45.6
3641,0.00045752525329589844,0.228,46.0
3642,0.00037550926208496094,0.239,46.400000000000006
3643,0.0006906986236572266,0.239,46.400000000000006
3644,0.000583648681640625,0.224,46.400000000000006
3645,0.0008978843688964844,0.213,46.400000000000006
3646,0.00037789344787597656,0.198,46.400000000000006
3647,0.00046539306640625,0.196,46.400000000000006
3648,0.0004725456237792969,0.196,46.400000000000006
3649,0.0004172325134277344,0.196,46.0
3650,0.0004315376281738281,0.196,46.0
3651,0.002147674560546875,0.196,46.0
3652,0.00043892860412597656,0.203,46.0
3653,0.0007412433624267578,0.205,46.0
3654,0.0004401206970214844,0.205,45.6
3655,0.0004475116729736328,0.198,45.6
3656,0.0005309581756591797,0.19,45.6
3657,0.0010678768157958984,0.185,45.2
3658,0.0005712509155273438,0.183,45.2
3659,0.0005040168762207031,0.183,44.800000000000004
3660,0.0006868839263916016,0.183,44.400000000000006
3661,0.0004909038543701172,0.183,44.400000000000006
3662,0.0012493133544921875,0.183,44.0
3663,0.0005435943603515625,0.179,43.6
3664,0.0007143020629882812,0.179,43.2
3665,0.0004994869232177734,0.179,42.800000000000004
3666,0.0011227130889892578,0.179,42.400000000000006
3667,0.0005145072937011719,0.179,42.0
3668,0.0007317066192626953,0.194,41.2
3669,0.0007202625274658203,0.207,40.800000000000004
3670,0.0005867481231689453,0.209,40.0
3671,0.0006234645843505859,0.209,39.6
3672,0.0016667842864990234,0.209,38.800000000000004
3673,0.0005502700805664062,0.192,38.0
3674,0.00036025047302246094,0.159,37.2
3675,0.0006034374237060547,0.149,36.800000000000004
3676,0.0005486011505126953,0.149,36.0
3677,0.0009751319885253906,0.149,35.6
3678,0.0005104541778564453,0.151,34.800000000000004
3679,0.0006899833679199219,0.168,34.4
3680,0.00048279762268066406,0.175,33.6
3681,0.0004639625549316406,0.177,33.2
3682,0.0011985301971435547,0.177,32.4
3683,0.0004940032958984375,0.177,31.6
3684,0.0006089210510253906,0.177,31.200000000000003
3685,0.0004849433898925781,0.168,30.400000000000002
3686,0.00042629241943359375,0.162,29.6
3687,0.000518798828125,0.162,28.8
3688,0.0009248256683349609,0.162,28.400000000000002
3689,0.0006163120269775391,0.164,27.6
3690,0.0011975765228271484,0.185,26.8
3691,0.00029778480529785156,0.207,26.400000000000002
3692,0.0006835460662841797,0.211,26.0
3693,0.0004780292510986328,0.211,25.200000000000003
3694,0.0005307197570800781,0.207,24.8
3695,0.0006084442138671875,0.196,24.400000000000002
3696,0.0005412101745605469,0.172,24.0
3697,0.0005102157592773438,0.155,23.6
3698,0.00045037269592285156,0.151,23.6
3699,0.00042629241943359375,0.151,23.6
3700,0.00047850608825683594,0.151,23.6
3701,0.000453948974609375,0.151,23.6
3702,0.0007929801940917969,0.159,24.0
3703,0.00029659271240234375,0.172,24.0
3704,0.000461578369140625,0.183,24.400000000000002
3705,0.0007798671722412109,0.185,24.8
3706,0.00048279762268066406,0.185,24.8
3707,0.0004761219024658203,0.185,25.200000000000003
3708,0.00043129920959472656,0.185,25.6
3709,0.0011603832244873047,0.185,26.0
3710,0.0006535053253173828,0.181,26.400000000000002
3711,0.0004570484161376953,0.177,26.8
3712,0.0008714199066162109,0.177,27.6
3713,0.0004918575286865234,0.175,28.0
3714,0.0004680156707763672,0.175,28.8
3715,0.0009555816650390625,0.181,29.200000000000003
3716,0.0004448890686035156,0.203,30.0
3717,0.0004477500915527344,0.209,30.8
3718,0.0004336833953857422,0.209,31.200000000000003
3719,0.00042891502380371094,0.209,32.0
3720,0.0004222393035888672,0.209,32.800000000000004
3721,0.0004286766052246094,0.209,33.6
3722,0.001013040542602539,0.209,34.4
3723,0.002069234848022461,0.209,35.2
3724,0.0006237030029296875,0.19,36.0
3725,0.0004725456237792969,0.179,36.800000000000004
3726,0.0006020069122314453,0.177,37.6
3727,0.00043654441833496094,0.177,38.800000000000004
3728,0.0004227161407470703,0.177,39.6
3729,0.0003192424774169922,0.194,40.800000000000004
3730,0.0010759830474853516,0.233,41.6
3731,0.0006358623504638672,0.244,42.400000000000006
3732,0.00054931640625,0.244,43.6
3733,0.0011401176452636719,0.241,44.400000000000006
3734,0.0008146762847900391,0.213,45.2
3735,0.0008797645568847656,0.181,45.6
3736,0.0004527568817138672,0.172,46.400000000000006
3737,0.0004608631134033203,0.172,47.2
3738,0.00043511390686035156,0.172,48.0
3739,0.00042057037353515625,0.172,48.800000000000004
3740,0.0028727054595947266,0.172,49.6
3741,0.0005986690521240234,0.172,50.400000000000006
3742,0.0006835460662841797,0.188,50.800000000000004
3743,0.0005097389221191406,0.218,51.2
3744,0.0011515617370605469,0.224,52.0
3745,0.0006778240203857422,0.228,52.0
3746,0.0012936592102050781,0.228,52.400000000000006
3747,0.0008122920989990234,0.22,52.400000000000006
3748,0.0008122920989990234,0.196,52.400000000000006
3749,0.0004527568817138672,0.175,52.400000000000006
3750,0.0005054473876953125,0.164,52.400000000000006
3751,0.0004754066467285156,0.162,52.400000000000006
3752,0.00043702125549316406,0.162,52.0
3753,0.0012116432189941406,0.17,52.0
3754,0.0005831718444824219,0.209,52.0
3755,0.0004899501800537109,0.218,51.6
3756,0.0006396770477294922,0.22,51.2
3757,0.0005209445953369141,0.22,50.800000000000004
3758,0.00045013427734375,0.22,50.400000000000006
3759,0.0006067752838134766,0.209,49.6
3760,0.0007977485656738281,0.2,49.2
3761,0.00040149688720703125,0.198,48.400000000000006
3762,0.0007531642913818359,0.198,47.6
3763,0.00045752525329589844,0.248,47.2
3764,0.0007460117340087891,0.25,46.400000000000006
3765,0.000469207763671875,0.25,45.6
3766,0.00048613548278808594,0.25,44.800000000000004
3767,0.0005042552947998047,0.25,44.0
3768,0.0009052753448486328,0.25,43.6
3769,0.00048613548278808594,0.22,42.800000000000004
3770,0.0004589557647705078,0.216,42.0
3771,0.0004737377166748047,0.216,41.6
3772,0.0004239082336425781,0.239,41.2
3773,0.0005815029144287109,0.25,40.800000000000004
3774,0.0008115768432617188,0.25,40.800000000000004
3775,0.0004456043243408203,0.25,40.400000000000006
3776,0.000476837158203125,0.25,40.400000000000006
3777,0.0004863739013671875,0.25,40.400000000000006
3778,0.00047326087951660156,0.25,40.400000000000006
3779,0.00045108795166015625,0.25,40.400000000000006
3780,0.0007693767547607422,0.25,40.800000000000004
3781,0.0009989738464355469,0.25,41.2
3782,0.0006284713745117188,0.25,41.6
3783,0.0010347366333007812,0.25,42.0
3784,0.0022878646850585938,0.25,42.800000000000004
3785,0.0008895397186279297,0.25,43.2
3786,0.0005099773406982422,0.25,44.0
3787,0.0004949569702148438,0.25,45.2
3788,0.00046133995056152344,0.25,46.0
3789,0.0010447502136230469,0.25,47.2
3790,0.00047206878662109375,0.25,48.0
3791,0.001461029052734375,0.25,49.2
3792,0.0018811225891113281,0.25,50.400000000000006
3793,0.0006315708160400391,0.25,51.6
3794,0.0015964508056640625,0.25,53.2
3795,0.0007081031799316406,0.25,54.400000000000006
3796,0.00027441978454589844,0.228,55.6
3797,0.0004649162292480469,0.2,57.2
3798,0.00028634071350097656,0.194,58.400000000000006
3799,0.0009281635284423828,0.194,60.0
3800,0.0005133152008056641,0.194,61.2
3801,0.0011539459228515625,0.194,62.800000000000004
3802,0.0004961490631103516,0.194,64.0
3803,0.0011751651763916016,0.194,65.2
3804,0.0006892681121826172,0.194,66.4
3805,0.0012602806091308594,0.194,67.2
3806,0.0019435882568359375,0.194,68.4
3807,0.002649068832397461,0.194,68.8
3808,0.0004315376281738281,0.19,69.60000000000001
3809,0.0012772083282470703,0.19,70.0
3810,0.00048232078552246094,0.19,70.4
3811,0.0019016265869140625,0.19,70.8
3812,0.0008985996246337891,0.19,70.8
3813,0.0006167888641357422,0.188,70.8
3814,0.0017704963684082031,0.188,70.4
3815,0.0005137920379638672,0.188,70.0
3816,0.0006883144378662109,0.19,69.60000000000001
3817,0.0004801750183105469,0.203,68.8
3818,0.0007104873657226562,0.235,68.0
3819,0.0005223751068115234,0.25,67.2
3820,0.0003216266632080078,0.25,66.4
3821,0.0004975795745849609,0.25,65.2
3822,0.0005104541778564453,0.25,63.6
3823,0.0006203651428222656,0.25,62.400000000000006
3824,0.0013384819030761719,0.25,60.800000000000004
3825,0.00046062469482421875,0.25,59.6
3826,0.0023889541625976562,0.25,58.0
3827,0.0006208419799804688,0.25,56.800000000000004
3828,0.002008199691772461,0.25,55.2
3829,0.0005824565887451172,0.25,54.0
3830,0.0007741451263427734,0.25,52.400000000000006
3831,0.0006322860717773438,0.25,51.2
3832,0.00122833251953125,0.25,50.0
3833,0.00046181678771972656,0.25,48.800000000000004
3834,0.002046346664428711,0.25,48.0
3835,0.00041937828063964844,0.25,46.800000000000004
3836,0.000492095947265625,0.239,46.0
3837,0.000514984130859375,0.226,45.2
3838,0.0005099773406982422,0.211,44.400000000000006
3839,0.00044083595275878906,0.211,43.6
3840,0.0004527568817138672,0.211,43.2
3841,0.0004372596740722656,0.207,42.800000000000004
3842,0.00042176246643066406,0.198,42.400000000000006
3843,0.0004737377166748047,0.188,42.0
3844,0.0005710124969482422,0.188,42.0
3845,0.00047850608825683594,0.188,41.6
3846,0.0005893707275390625,0.183,41.6
3847,0.000690460205078125,0.177,41.2
3848,0.0004603862762451172,0.168,41.2
3849,0.0004525184631347656,0.162,41.2
3850,0.0004394054412841797,0.162,40.800000000000004
3851,0.0004477500915527344,0.162,40.800000000000004
3852,0.0005249977111816406,0.157,40.400000000000006
3853,0.0003376007080078125,0.153,40.400000000000006
3854,0.00046253204345703125,0.153,40.0
3855,0.0010480880737304688,0.153,39.6
3856,0.001155853271484375,0.153,39.2
3857,0.0016007423400878906,0.153,38.800000000000004
3858,0.0018281936645507812,0.153,38.0
3859,0.0006475448608398438,0.153,37.6
3860,0.0005373954772949219,0.153,36.800000000000004
3861,0.007060050964355469,0.153,36.0
3862,0.0005829334259033203,0.168,35.2
3863,0.0010929107666015625,0.207,34.4
3864,0.0004754066467285156,0.25,33.6
3865,0.0004894733428955078,0.25,32.4
3866,0.0004372596740722656,0.25,31.6
3867,0.0004391670227050781,0.25,30.400000000000002
3868,0.0009412765502929688,0.22,29.6
3869,0.0011119842529296875,0.19,28.400000000000002
3870,0.0005080699920654297,0.177,27.6
3871,0.00047850608825683594,0.172,26.8
3872,0.00044989585876464844,0.172,26.400000000000002
3873,0.0004203319549560547,0.172,26.0
3874,0.0004360675811767578,0.172,25.6
3875,0.0006010532379150391,0.168,25.6
3876,0.0028257369995117188,0.166,25.200000000000003
3877,0.0004591941833496094,0.159,25.200000000000003
3878,0.0004696846008300781,0.149,25.6
3879,0.0004603862762451172,0.136,25.6
3880,0.0004429817199707031,0.127,25.6
3881,0.0004589557647705078,0.125,25.6
3882,0.00043487548828125,0.123,26.0
3883,0.00041484832763671875,0.123,26.0
3884,0.0004379749298095703,0.121,26.400000000000002
3885,0.0009930133819580078,0.119,26.400000000000002
3886,0.0008764266967773438,0.119,26.400000000000002
3887,0.0005030632019042969,0.119,26.400000000000002
3888,0.00045752525329589844,0.129,26.8
3889,0.000431060791015625,0.153,26.400000000000002
3890,0.0007472038269042969,0.166,26.400000000000002
3891,0.0006399154663085938,0.166,26.400000000000002
3892,0.0005824565887451172,0.151,26.0
3893,0.0008711814880371094,0.127,25.6
3894,0.0006318092346191406,0.119,25.6
3895,0.0006318092346191406,0.119,25.6
3896,0.0013926029205322266,0.119,25.200000000000003
3897,0.0004558563232421875,0.134,24.8
3898,0.0008521080017089844,0.149,24.400000000000002
3899,0.000453948974609375,0.153,24.0
3900,0.0004856586456298828,0.153,23.6
3901,0.00046062469482421875,0.153,23.200000000000003
3902,0.0005319118499755859,0.147,22.8
3903,0.0007436275482177734,0.131,22.400000000000002
3904,0.0004711151123046875,0.125,22.0
3905,0.0004925727844238281,0.125,21.6
3906,0.00042700767517089844,0.125,20.8
3907,0.0015032291412353516,0.127,20.400000000000002
3908,0.0005936622619628906,0.136,20.0
3909,0.0006368160247802734,0.136,19.200000000000003
3910,0.0006241798400878906,0.136,18.8
3911,0.00043773651123046875,0.123,18.400000000000002
3912,0.0005040168762207031,0.116,17.6
3913,0.0004923343658447266,0.116,17.2
3914,0.0004780292510986328,0.123,16.8
3915,0.0010776519775390625,0.142,16.400000000000002
3916,0.0007426738739013672,0.192,16.0
3917,0.0005993843078613281,0.198,15.600000000000001
3918,0.0004398822784423828,0.198,15.200000000000001
3919,0.00044536590576171875,0.198,14.8
3920,0.00047659873962402344,0.185,14.4
3921,0.0007550716400146484,0.17,14.4
3922,0.0004105567932128906,0.164,14.0
3923,0.0005295276641845703,0.162,14.0
3924,0.0005011558532714844,0.157,14.4
3925,0.00046825408935546875,0.153,14.4
3926,0.0004515647888183594,0.153,14.8
3927,0.00045943260192871094,0.153,15.600000000000001
3928,0.0010783672332763672,0.153,16.0
3929,0.0006072521209716797,0.153,16.8
3930,0.0019664764404296875,0.153,17.6
3931,0.0005869865417480469,0.153,18.400000000000002
3932,0.002645254135131836,0.153,19.200000000000003
3933,0.0004394054412841797,0.14,20.400000000000002
3934,0.0004315376281738281,0.136,21.200000000000003
3935,0.0004169940948486328,0.136,22.400000000000002
3936,0.0006744861602783203,0.136,23.200000000000003
3937,0.00047326087951660156,0.155,24.400000000000002
3938,0.0007250308990478516,0.188,25.200000000000003
3939,0.00042629241943359375,0.2,26.400000000000002
3940,0.0004405975341796875,0.2,27.200000000000003
3941,0.00042176246643066406,0.2,28.400000000000002
3942,0.0009524822235107422,0.192,29.200000000000003
3943,0.0002970695495605469,0.155,30.0
3944,0.0004572868347167969,0.142,30.8
3945,0.0004343986511230469,0.142,32.0
3946,0.0004410743713378906,0.142,32.800000000000004
3947,0.00044155120849609375,0.142,33.6
3948,0.000457763671875,0.144,34.800000000000004
3949,0.0006847381591796875,0.149,35.6
3950,0.0004487037658691406,0.151,36.4
3951,0.0010142326354980469,0.151,37.2
3952,0.0005025863647460938,0.151,37.6
3953,0.0004589557647705078,0.149,38.400000000000006
3954,0.00031685829162597656,0.138,38.800000000000004
3955,0.00045752525329589844,0.134,39.2
3956,0.0004317760467529297,0.134,39.2
3957,0.0004363059997558594,0.134,39.6
3958,0.000537872314453125,0.134,39.6
3959,0.0007169246673583984,0.166,39.6
3960,0.0005218982696533203,0.185,39.2
3961,0.00046133995056152344,0.196,39.2
3962,0.00046443939208984375,0.196,38.800000000000004
3963,0.0004630088806152344,0.192,38.400000000000006
3964,0.0005826950073242188,0.179,37.6
3965,0.0006403923034667969,0.155,37.2
3966,0.00047206878662109375,0.144,36.4
3967,0.0005028247833251953,0.144,35.6
3968,0.00044035911560058594,0.144,34.800000000000004
3969,0.0004975795745849609,0.157,34.4
3970,0.0004565715789794922,0.166,33.6
3971,0.0004394054412841797,0.166,32.800000000000004
3972,0.0004448890686035156,0.168,32.0
3973,0.0016257762908935547,0.168,31.200000000000003
3974,0.0005414485931396484,0.157,30.0
3975,0.0005564689636230469,0.14,29.200000000000003
3976,0.0004458427429199219,0.14,28.400000000000002
3977,0.00047087669372558594,0.14,27.6
3978,0.0006110668182373047,0.14,26.400000000000002
3979,0.0011610984802246094,0.14,25.6
3980,0.0005028247833251953,0.142,24.8
3981,0.00046133995056152344,0.144,24.0
3982,0.0011708736419677734,0.144,23.200000000000003
3983,0.0004596710205078125,0.142,22.400000000000002
3984,0.0004520416259765625,0.14,21.6
3985,0.00046133995056152344,0.125,20.400000000000002
3986,0.0008358955383300781,0.103,19.6
3987,0.000751495361328125,0.084,19.200000000000003
3988,0.00043773651123046875,0.084,18.400000000000002
3989,0.0004367828369140625,0.084,17.6
3990,0.0005388259887695312,0.095,16.8
3991,0.00035762786865234375,0.101,16.400000000000002
3992,0.0004892349243164062,0.103,15.600000000000001
3993,0.0011615753173828125,0.103,14.8
3994,0.0005164146423339844,0.103,14.4
3995,0.0004723072052001953,0.097,13.600000000000001
3996,0.0008716583251953125,0.097,12.8
3997,0.000518798828125,0.097,12.4
3998,0.0005943775177001953,0.097,11.600000000000001
3999,0.0015714168548583984,0.097,10.8
4000,0.0019295215606689453,0.097,10.4
4001,0.0007085800170898438,0.097,10.0
4002,0.0024662017822265625,0.097,9.200000000000001
4003,0.0006518363952636719,0.097,8.8
4004,0.0020875930786132812,0.097,8.4
4005,0.0012824535369873047,0.097,8.0
4006,0.0004222393035888672,0.101,7.6000000000000005
4007,0.002207517623901367,0.101,7.2
4008,0.0005357265472412109,0.11,7.2
4009,0.0003261566162109375,0.112,6.800000000000001
4010,0.0004961490631103516,0.112,6.800000000000001
4011,0.0004711151123046875,0.112,6.800000000000001
4012,0.0016396045684814453,0.112,6.800000000000001
4013,0.0007631778717041016,0.112,6.800000000000001
4014,0.0024514198303222656,0.112,6.800000000000001
4015,0.0006444454193115234,0.112,7.2
4016,0.0004999637603759766,0.127,7.2
4017,0.0007314682006835938,0.147,7.6000000000000005
4018,0.0004940032958984375,0.159,8.0
4019,0.0004951953887939453,0.162,8.4
4020,0.0004558563232421875,0.162,9.200000000000001
4021,0.0011446475982666016,0.162,9.600000000000001
4022,0.00048351287841796875,0.157,10.4
4023,0.0007717609405517578,0.136,11.200000000000001
4024,0.001161336898803711,0.108,12.0
4025,0.0003254413604736328,0.097,12.8
4026,0.0004782676696777344,0.093,14.0
4027,0.0004942417144775391,0.088,14.8
4028,0.0004794597625732422,0.084,16.0
4029,0.00042819976806640625,0.084,17.2
4030,0.00042510032653808594,0.082,18.400000000000002
4031,0.0006670951843261719,0.086,19.6
4032,0.0006287097930908203,0.101,20.8
4033,0.00046825408935546875,0.106,22.0
4034,0.00044798851013183594,0.112,22.8
4035,0.0006527900695800781,0.123,24.0
4036,0.0009043216705322266,0.129,24.8
4037,0.00045299530029296875,0.131,25.6
4038,0.0009250640869140625,0.131,26.0
4039,0.0005025863647460938,0.131,26.8
4040,0.0007326602935791016,0.114,27.200000000000003
4041,0.0005202293395996094,0.101,27.6
4042,0.0005202293395996094,0.101,27.6
4043,0.00044035911560058594,0.101,28.0
4044,0.0013971328735351562,0.101,28.0
4045,0.0003495216369628906,0.136,28.400000000000002
4046,0.0005123615264892578,0.177,28.400000000000002
4047,0.0006561279296875,0.181,28.400000000000002
4048,0.0005013942718505859,0.181,28.400000000000002
4049,0.0011370182037353516,0.177,28.400000000000002
4050,0.0010938644409179688,0.157,28.0
4051,0.00048422813415527344,0.142,27.6
4052,0.00044846534729003906,0.138,27.200000000000003
4053,0.0004563331604003906,0.138,26.8
4054,0.00041794776916503906,0.138,26.400000000000002
4055,0.0010035037994384766,0.138,26.0
4056,0.0005166530609130859,0.144,25.6
4057,0.0004298686981201172,0.147,25.200000000000003
4058,0.0011789798736572266,0.147,24.400000000000002
4059,0.0010039806365966797,0.147,24.0
4060,0.0010349750518798828,0.142,23.6
4061,0.0006604194641113281,0.131,23.200000000000003
4062,0.0004665851593017578,0.129,22.400000000000002
4063,0.0007004737854003906,0.123,22.0
4064,0.0004215240478515625,0.119,21.6
4065,0.00042724609375,0.119,21.200000000000003
4066,0.0004391670227050781,0.131,20.8
4067,0.0004305839538574219,0.155,20.0
4068,0.0009722709655761719,0.17,19.6
4069,0.00046825408935546875,0.175,19.200000000000003
4070,0.0004279613494873047,0.172,18.8
4071,0.0005202293395996094,0.162,18.400000000000002
4072,0.0004937648773193359,0.151,18.0
4073,0.0007610321044921875,0.144,18.0
4074,0.0004737377166748047,0.136,17.6
4075,0.0004329681396484375,0.136,17.2
4076,0.0005135536193847656,0.138,17.2
4077,0.0006015300750732422,0.155,17.2
4078,0.0008180141448974609,0.166,17.2
4079,0.0004878044128417969,0.172,17.2
4080,0.0004627704620361328,0.17,17.6
4081,0.0013017654418945312,0.162,17.6
4082,0.0006656646728515625,0.151,18.0
4083,0.0007343292236328125,0.134,18.0
4084,0.00043129920959472656,0.131,18.400000000000002
4085,0.0004317760467529297,0.131,18.8
4086,0.0004241466522216797,0.131,19.6
4087,0.0004558563232421875,0.138,20.0
4088,0.0003275871276855469,0.144,20.400000000000002
4089,0.0006539821624755859,0.151,21.200000000000003
4090,0.0004475116729736328,0.153,21.6
4091,0.00042629241943359375,0.151,22.400000000000002
4092,0.0004639625549316406,0.14,22.8
4093,0.00045228004455566406,0.138,23.6
4094,0.0004355907440185547,0.136,24.0
4095,0.001032114028930664,0.134,24.8
4096,0.0007898807525634766,0.134,25.200000000000003
4097,0.00046181678771972656,0.151,26.0
4098,0.0007278919219970703,0.175,26.400000000000002
4099,0.0005278587341308594,0.183,27.200000000000003
4100,0.0006301403045654297,0.183,27.6
4101,0.0005724430084228516,0.183,28.0
4102,0.0004715919494628906,0.175,28.400000000000002
4103,0.0004954338073730469,0.147,28.8
4104,0.0004954338073730469,0.11,29.200000000000003
4105,0.0004737377166748047,0.086,29.6
4106,0.00042247772216796875,0.086,30.0
4107,0.00044536590576171875,0.086,30.400000000000002
4108,0.0004324913024902344,0.091,30.8
4109,0.0006074905395507812,0.112,31.200000000000003
4110,0.0004367828369140625,0.142,31.6
4111,0.00046443939208984375,0.155,31.6
4112,0.0004909038543701172,0.155,31.6
4113,0.0004582405090332031,0.153,31.6
4114,0.0001518726348876953,0.14,31.200000000000003
4115,0.0004642009735107422,0.131,30.8
4116,0.0004646778106689453,0.129,30.400000000000002
4117,0.0004620552062988281,0.129,29.6
4118,0.0006330013275146484,0.138,28.8
4119,0.00046181678771972656,0.172,28.0
4120,0.0003533363342285156,0.196,26.8
4121,0.0004932880401611328,0.2,25.200000000000003
4122,0.0004467964172363281,0.2,24.0
4123,0.0003898143768310547,0.2,22.400000000000002
4124,0.0005085468292236328,0.183,20.400000000000002
4125,0.00044798851013183594,0.157,18.400000000000002
4126,0.0004329681396484375,0.149,16.400000000000002
4127,0.0004363059997558594,0.149,14.0
4128,0.0004267692565917969,0.149,11.600000000000001
4129,0.0004429817199707031,0.153,9.200000000000001
4130,0.0004184246063232422,0.155,6.4
4131,0.00045800209045410156,0.157,4.0
4132,0.0005357265472412109,0.157,1.2000000000000002
4133,0.0011699199676513672,0.157,-1.2000000000000002
4134,0.00048279762268066406,0.157,-4.0
4135,0.0015821456909179688,0.157,-6.4
4136,0.0010356903076171875,0.157,-9.200000000000001
4137,0.001638174057006836,0.155,-11.600000000000001
4138,0.0008130073547363281,0.125,-14.0
4139,0.0009541511535644531,0.106,-16.0
4140,0.0003745555877685547,0.093,-18.0
4141,0.0007698535919189453,0.088,-20.0
4142,0.0006101131439208984,0.071,-22.0
4143,0.00072479248046875,0.052,-23.6
4144,0.0007808208465576172,0.037,-24.8
4145,0.0005290508270263672,0.024,-26.0
4146,0.00044035911560058594,0.019,-27.200000000000003
4147,0.0010907649993896484,0.019,-28.0
4148,0.0006978511810302734,0.015,-28.400000000000002
4149,0.0006606578826904297,0.015,-28.8
4150,0.0005064010620117188,0.015,-28.8
4151,0.0006756782531738281,0.015,-28.8
4152,0.0007996559143066406,0.015,-28.400000000000002
4153,0.0005238056182861328,0.015,-28.0
4154,0.0019245147705078125,0.015,-27.200000000000003
4155,0.0004966259002685547,0.015,-26.400000000000002
4156,0.0012292861938476562,0.015,-25.200000000000003
4157,0.00101470947265625,0.015,-23.6
4158,0.0008673667907714844,0.015,-22.0
4159,0.0016407966613769531,0.015,-20.400000000000002
4160,0.002376556396484375,0.015,-18.400000000000002
4161,0.0013535022735595703,0.015,-16.400000000000002
4162,0.0008149147033691406,0.015,-14.4
4163,0.001979351043701172,0.015,-12.0
4164,0.0022907257080078125,0.015,-9.600000000000001
4165,0.0007240772247314453,0.015,-7.2
4166,0.0015153884887695312,0.015,-4.800000000000001
4167,0.0006344318389892578,0.015,-2.4000000000000004
4168,0.0015878677368164062,0.015,0.0
4169,0.00180816650390625,0.015,2.8000000000000003
4170,0.0005750656127929688,0.015,5.2
4171,0.0012292861938476562,0.015,7.6000000000000005
4172,0.0004935264587402344,0.015,10.0
4173,0.0013577938079833984,0.015,12.4
4174,0.0016913414001464844,0.015,14.4
4175,0.0006964206695556641,0.015,16.400000000000002
4176,0.002004384994506836,0.015,18.400000000000002
4177,0.0004961490631103516,0.015,20.400000000000002
4178,0.0010900497436523438,0.015,22.0
4179,0.0003554821014404297,0.009,23.200000000000003
4180,0.0004832744598388672,0.009,24.8
4181,0.0011200904846191406,0.009,25.6
4182,0.000986337661743164,0.009,26.400000000000002
4183,0.00048542022705078125,0.009,27.200000000000003
4184,0.0017871856689453125,0.009,27.6
4185,0.0005006790161132812,0.006,28.0
4186,0.0005006790161132812,0.0,28.0
4187,0.0004818439483642578,0.0,28.0
4188,0.0012614727020263672,0.0,27.6
4189,0.0005867481231689453,0.0,27.200000000000003
4190,0.0006535053253173828,0.0,26.400000000000002
4191,0.002995729446411133,0.0,25.6
4192,0.0015802383422851562,0.0,24.8
4193,0.00254058837890625,0.0,23.6
4194,0.0007688999176025391,0.0,22.0
4195,0.00046944618225097656,0.0,20.400000000000002
4196,0.0004391670227050781,0.0,18.8
4197,0.0004787445068359375,0.0,16.8
4198,0.0014905929565429688,0.0,14.8
4199,0.0014247894287109375,0.0,12.4
4200,0.0017008781433105469,0.0,10.4
4201,0.0009047985076904297,0.0,8.0
4202,0.000514984130859375,0.0,5.6000000000000005
4203,0.0009429454803466797,0.0,3.2
4204,0.0005967617034912109,0.0,0.8
4205,0.003062009811401367,0.0,-1.6
4206,0.0019326210021972656,0.0,-4.0
4207,0.0007998943328857422,0.0,-6.4
4208,0.002400636672973633,0.0,-8.8
4209,0.0006127357482910156,0.0,-11.200000000000001
4210,0.0021674633026123047,0.0,-13.200000000000001
4211,0.002620220184326172,0.0,-15.200000000000001
4212,0.0023093223571777344,0.0,-17.2
4213,0.0006191730499267578,0.0,-19.200000000000003
4214,0.0025224685668945312,0.0,-20.8
4215,0.0006020069122314453,0.0,-22.0
4216,0.0022573471069335938,0.0,-23.6
4217,0.0005598068237304688,0.0,-24.400000000000002
4218,0.002063274383544922,0.0,-25.6
4219,0.000545501708984375,0.0,-26.0
4220,0.0017147064208984375,0.0,-26.8
4221,0.0022847652435302734,0.0,-26.8
4222,0.0006258487701416016,0.0,-27.200000000000003
4223,0.001969575881958008,0.0,-26.8
4224,0.0006201267242431641,0.0,-26.400000000000002
4225,0.0015606880187988281,0.0,-26.0
4226,0.002001047134399414,0.0,-25.200000000000003
4227,0.0005955696105957031,0.0,-24.400000000000002
4228,0.0020232200622558594,0.0,-23.200000000000003
4229,0.0025017261505126953,0.0,-22.0
4230,0.002204418182373047,0.0,-20.400000000000002
4231,0.002080678939819336,0.0,-18.8
4232,0.0005364418029785156,0.0,-16.8
4233,0.0015451908111572266,0.0,-14.8
4234,0.0005574226379394531,0.0,-12.8
4235,0.0016536712646484375,0.0,-10.8
4236,0.0005872249603271484,0.0,-8.4
4237,0.002215147018432617,0.0,-6.4
4238,0.0005490779876708984,0.0,-4.0
4239,0.0018172264099121094,0.0,-1.6
4240,0.0005548000335693359,0.0,0.8
4241,0.0017099380493164062,0.0,3.2
4242,0.0005345344543457031,0.0,5.6000000000000005
4243,0.0020074844360351562,0.0,7.6000000000000005
4244,0.0005500316619873047,0.0,10.0
4245,0.0020008087158203125,0.0,12.0
4246,0.0005309581756591797,0.0,14.0
4247,0.0017952919006347656,0.0,16.0
4248,0.0005698204040527344,0.0,17.6
4249,0.002625703811645508,0.0,19.200000000000003
4250,0.002419710159301758,0.0,20.8
4251,0.0006306171417236328,0.0,22.0
4252,0.0015685558319091797,0.0,23.200000000000003
4253,0.001999378204345703,0.0,24.0
4254,0.0006296634674072266,0.0,24.8
4255,0.0020046234130859375,0.0,25.6
4256,0.0006461143493652344,0.0,26.0
4257,0.0020203590393066406,0.0,26.0
4258,0.0022203922271728516,0.0,26.0
4259,0.0020241737365722656,0.0,25.6
4260,0.001466989517211914,0.0,25.200000000000003
4261,0.0006325244903564453,0.0,24.400000000000002
4262,0.0014853477478027344,0.0,23.6
4263,0.001596212387084961,0.0,22.8
4264,0.0017180442810058594,0.0,21.6
4265,0.0006556510925292969,0.0,20.0
4266,0.002216815948486328,0.0,18.400000000000002
4267,0.0006353855133056641,0.0,16.8
4268,0.001960277557373047,0.0,15.200000000000001
4269,0.0023632049560546875,0.0,13.200000000000001
4270,0.002157449722290039,0.0,11.200000000000001
4271,0.0024862289428710938,0.0,8.8
4272,0.002414703369140625,0.0,6.800000000000001
4273,0.0006885528564453125,0.0,4.4
4274,0.00151824951171875,0.0,2.0
4275,0.00156402587890625,0.0,0.0
4276,0.0017597675323486328,0.0,-2.4000000000000004
4277,0.0014221668243408203,0.0,-4.800000000000001
4278,0.0006706714630126953,0.0,-6.800000000000001
4279,0.0015568733215332031,0.0,-9.200000000000001
4280,0.0006327629089355469,0.0,-11.200000000000001
4281,0.001867532730102539,0.0,-13.200000000000001
4282,0.0016527175903320312,0.0,-14.8
4283,0.0006029605865478516,0.0,-16.8
4284,0.0015213489532470703,0.0,-18.400000000000002
4285,0.0005917549133300781,0.0,-20.0
4286,0.0015456676483154297,0.0,-21.200000000000003
4287,0.0005335807800292969,0.0,-22.400000000000002
4288,0.0005843639373779297,0.0,-23.200000000000003
4289,0.0006613731384277344,0.0,-24.0
4290,0.00047135353088378906,0.0,-24.8
4291,0.00048804283142089844,0.0,-25.200000000000003
4292,0.0011529922485351562,0.0,-25.200000000000003
4293,0.0006189346313476562,0.0,-25.200000000000003
4294,0.002025604248046875,0.0,-25.200000000000003
4295,0.0006024837493896484,0.0,-24.8
4296,0.0015990734100341797,0.0,-24.0
4297,0.0006077289581298828,0.0,-23.200000000000003
4298,0.0023849010467529297,0.0,-22.400000000000002
4299,0.0013384819030761719,0.0,-21.200000000000003
4300,0.0004525184631347656,0.0,-20.0
4301,0.0013489723205566406,0.0,-18.400000000000002
4302,0.0006730556488037109,0.0,-16.8
4303,0.001129150390625,0.0,-15.200000000000001
4304,0.00046944618225097656,0.0,-13.200000000000001
4305,0.0004284381866455078,0.0,-11.200000000000001
4306,0.0005929470062255859,0.0,-9.200000000000001
4307,0.0005829334259033203,0.0,-7.2
4308,0.000568389892578125,0.0,-4.800000000000001
4309,0.0005364418029785156,0.0,-2.8000000000000003
4310,0.0004832744598388672,0.0,-0.4
4311,0.0008211135864257812,0.0,1.6
4312,0.00069427490234375,0.0,4.0
4313,0.0007557868957519531,0.0,6.0
4314,0.0005869865417480469,0.0,8.0
4315,0.0004775524139404297,0.0,10.0
4316,0.0004184246063232422,0.0,12.0
4317,0.00044608116149902344,0.0,14.0
4318,0.0004425048828125,0.0,15.600000000000001
4319,0.0009362697601318359,0.0,17.2
4320,0.0005397796630859375,0.0,18.8
4321,0.0011229515075683594,0.0,20.0
4322,0.0006318092346191406,0.0,21.200000000000003
4323,0.0007138252258300781,0.0,22.0
4324,0.0009746551513671875,0.0,22.8
4325,0.0009970664978027344,0.0,23.6
4326,0.0008685588836669922,0.0,24.0
4327,0.0005185604095458984,0.0,24.400000000000002
4328,0.0012080669403076172,0.0,24.400000000000002
4329,0.0004677772521972656,0.0,24.0
4330,0.0004918575286865234,0.0,24.0
4331,0.0014507770538330078,0.0,23.200000000000003
4332,0.0005505084991455078,0.0,22.8
4333,0.002389192581176758,0.0,21.6
4334,0.0025310516357421875,0.0,20.8
4335,0.0006458759307861328,0.0,19.6
4336,0.001913309097290039,0.0,18.0
4337,0.002490997314453125,0.0,16.8
4338,0.0005967617034912109,0.0,15.200000000000001
4339,0.0017621517181396484,0.0,13.200000000000001
4340,0.0005671977996826172,0.0,11.200000000000001
4341,0.0019252300262451172,0.0,9.600000000000001
4342,0.0005562305450439453,0.0,7.6000000000000005
4343,0.0020444393157958984,0.0,5.2
4344,0.000579833984375,0.0,3.2
4345,0.00240325927734375,0.0,1.2000000000000002
4346,0.0005769729614257812,0.0,-1.2000000000000002
4347,0.0016205310821533203,0.0,-3.2
4348,0.001988649368286133,0.0,-5.2
4349,0.0022628307342529297,0.0,-7.2
4350,0.002028226852416992,0.0,-9.200000000000001
4351,0.0015649795532226562,0.0,-11.200000000000001
4352,0.0006656646728515625,0.0,-13.200000000000001
4353,0.0024805068969726562,0.0,-14.8
4354,0.001931905746459961,0.0,-16.400000000000002
4355,0.0019006729125976562,0.0,-18.0
4356,0.0017495155334472656,0.0,-19.200000000000003
4357,0.001111745834350586,0.0,-20.400000000000002
4358,0.002153635025024414,0.0,-21.200000000000003
4359,0.001421213150024414,0.0,-22.0
4360,0.000942230224609375,0.0,-22.8
4361,0.000942230224609375,0.0,-22.8
4362,0.0020568370819091797,0.0,-23.200000000000003
4363,0.002096414566040039,0.0,-23.6
4364,0.0018687248229980469,0.0,-23.6
4365,0.0007441043853759766,0.0,-23.6
4366,0.002328157424926758,0.0,-23.200000000000003
4367,0.0006809234619140625,0.0,-22.8
4368,0.0015628337860107422,0.0,-22.0
4369,0.002086639404296875,0.0,-21.200000000000003
4370,0.0017096996307373047,0.0,-20.400000000000002
4371,0.001474618911743164,0.0,-19.200000000000003
4372,0.0026197433471679688,0.0,-18.0
4373,0.002190113067626953,0.0,-16.400000000000002
4374,0.0006368160247802734,0.0,-14.8
4375,0.0019214153289794922,0.0,-13.200000000000001
4376,0.0006678104400634766,0.0,-11.600000000000001
4377,0.0018851757049560547,0.0,-9.600000000000001
4378,0.0006470680236816406,0.0,-7.6000000000000005
4379,0.0018749237060546875,0.0,-5.6000000000000005
4380,0.0006144046783447266,0.0,-3.6
4381,0.0018875598907470703,0.0,-1.6
4382,0.0017855167388916016,0.0,0.4
4383,0.0023047924041748047,0.0,2.4000000000000004
4384,0.0006291866302490234,0.0,4.4
4385,0.0015752315521240234,0.0,6.4
4386,0.0005064010620117188,0.0,8.4
4387,0.002300739288330078,0.0,12.0
4388,0.0006103515625,0.0,14.0
4389,0.0004825592041015625,0.0,15.600000000000001
4390,0.0004703998565673828,0.0,16.8
4391,0.0026950836181640625,0.0,18.0
4392,0.0006439685821533203,0.0,19.200000000000003
4393,0.002878427505493164,0.0,20.400000000000002
4394,0.0020513534545898438,0.0,21.200000000000003
4395,0.0006494522094726562,0.0,21.6
4396,0.0020263195037841797,0.0,22.400000000000002
4397,0.0005567073822021484,0.0,22.400000000000002
4398,0.0019326210021972656,0.0,22.8
4399,0.0005385875701904297,0.0,22.8
4400,0.0019867420196533203,0.0,22.400000000000002
4401,0.0013957023620605469,0.0,22.0
4402,0.0006971359252929688,0.0,21.6
4403,0.0009179115295410156,0.004,20.8
4404,0.0005295276641845703,0.011,20.0
4405,0.0008704662322998047,0.013,18.8
4406,0.0007588863372802734,0.017,17.6
4407,0.0005075931549072266,0.019,16.0
4408,0.00046372413635253906,0.019,14.8
4409,0.0004596710205078125,0.019,13.200000000000001
4410,0.0020902156829833984,0.019,11.600000000000001
4411,0.00191497802734375,0.019,9.600000000000001
4412,0.0006256103515625,0.019,7.6000000000000005
4413,0.0018715858459472656,0.019,6.0
4414,0.002204418182373047,0.019,4.0
4415,0.0023069381713867188,0.019,2.0
4416,0.0005421638488769531,0.024,0.0
4417,0.0012526512145996094,0.03,-2.0
4418,0.0005099773406982422,0.043,-4.0
4419,0.00044345855712890625,0.045,-6.0
4420,0.0004630088806152344,0.045,-7.6000000000000005
4421,0.0011157989501953125,0.045,-9.600000000000001
4422,0.0009014606475830078,0.045,-11.200000000000001
4423,0.0005154609680175781,0.045,-12.8
4424,0.00020599365234375,0.05,-14.4
4425,0.0016529560089111328,0.056,-15.600000000000001
4426,0.000392913818359375,0.065,-17.2
4427,0.0005860328674316406,0.067,-18.0
4428,0.0004477500915527344,0.071,-19.200000000000003
4429,0.0004372596740722656,0.075,-20.0
4430,0.0007083415985107422,0.078,-20.400000000000002
4431,0.0009458065032958984,0.084,-21.200000000000003
4432,0.0006594657897949219,0.088,-21.6
4433,0.0009860992431640625,0.095,-21.6
4434,0.0004379749298095703,0.103,-21.6
4435,0.0006654262542724609,0.108,-21.200000000000003
4436,0.0005805492401123047,0.11,-20.8
4437,0.0005500316619873047,0.11,-20.400000000000002
4438,0.0004703998565673828,0.11,-19.6
4439,0.0010759830474853516,0.11,-18.400000000000002
4440,0.0006561279296875,0.11,-17.2
4441,0.0025408267974853516,0.11,-15.600000000000001
4442,0.0006866455078125,0.11,-14.0
4443,0.0015654563903808594,0.11,-12.0
4444,0.0006210803985595703,0.11,-10.0
4445,0.002524137496948242,0.11,-7.6000000000000005
4446,0.0006265640258789062,0.11,-4.800000000000001
4447,0.0015974044799804688,0.11,-2.4000000000000004
4448,0.0006263256072998047,0.11,0.4
4449,0.001852273941040039,0.11,3.2
4450,0.0006127357482910156,0.11,6.4
4451,0.0018849372863769531,0.11,9.600000000000001
4452,0.0007481575012207031,0.11,12.4
4453,0.0018215179443359375,0.11,15.600000000000001
4454,0.0005140304565429688,0.106,18.8
4455,0.0009832382202148438,0.106,21.6
4456,0.0007295608520507812,0.106,24.8
4457,0.0011715888977050781,0.106,27.6
4458,0.0012810230255126953,0.106,30.400000000000002
4459,0.0006740093231201172,0.103,33.2
4460,0.0051364898681640625,0.103,36.0
4461,0.00044727325439453125,0.101,38.400000000000006
4462,0.0007145404815673828,0.101,40.400000000000006
4463,0.0011265277862548828,0.101,42.800000000000004
4464,0.0006222724914550781,0.097,44.400000000000006
4465,0.0006155967712402344,0.091,46.400000000000006
4466,0.0004887580871582031,0.088,47.6
4467,0.001149892807006836,0.088,48.800000000000004
4468,0.0009508132934570312,0.088,50.0
4469,0.0009148120880126953,0.088,50.400000000000006
4470,0.0007860660552978516,0.088,50.800000000000004
4471,0.0024535655975341797,0.088,51.2
4472,0.0005424022674560547,0.093,51.2
4473,0.0005617141723632812,0.101,50.800000000000004
4474,0.0005970001220703125,0.103,50.400000000000006
4475,0.0005850791931152344,0.103,49.6
4476,0.0007839202880859375,0.103,48.400000000000006
4477,0.0016529560089111328,0.103,47.2
4478,0.0010731220245361328,0.103,45.6
4479,0.0008099079132080078,0.103,43.6
4480,0.002399921417236328,0.103,41.6
4481,0.0016586780548095703,0.103,39.6
4482,0.0005710124969482422,0.108,37.2
4483,0.0009136199951171875,0.121,34.800000000000004
4484,0.0009136199951171875,0.134,34.800000000000004
4485,0.00043845176696777344,0.136,32.4
4486,0.00044798851013183594,0.136,29.6
4487,0.0004482269287109375,0.138,26.8
4488,0.0004324913024902344,0.14,23.6
4489,0.00045490264892578125,0.14,20.8
4490,0.0004279613494873047,0.14,17.6
4491,0.002271413803100586,0.14,14.8
4492,0.00048232078552246094,0.14,12.0
4493,0.0019845962524414062,0.14,8.8
4494,0.001850128173828125,0.14,6.4
4495,0.0005803108215332031,0.134,3.6
4496,0.0005717277526855469,0.129,1.2000000000000002
4497,0.0005960464477539062,0.123,-1.2000000000000002
4498,0.0005698204040527344,0.123,-3.2
4499,0.00035452842712402344,0.119,-5.2
4500,0.0005388259887695312,0.116,-6.800000000000001
4501,0.0004513263702392578,0.114,-8.4
4502,0.0005154609680175781,0.114,-9.600000000000001
4503,0.0004703998565673828,0.112,-10.4
4504,0.0011212825775146484,0.112,-11.200000000000001
4505,0.0005540847778320312,0.112,-11.600000000000001
4506,0.0022897720336914062,0.112,-12.0
4507,0.0006608963012695312,0.112,-12.0
4508,0.0019526481628417969,0.112,-11.600000000000001
4509,0.0007522106170654297,0.112,-11.200000000000001
4510,0.0008399486541748047,0.114,-10.4
4511,0.0006048679351806641,0.114,-9.600000000000001
4512,0.0007722377777099609,0.114,-8.4
4513,0.0017938613891601562,0.114,-7.2
4514,0.002260923385620117,0.114,-5.6000000000000005
4515,0.0006999969482421875,0.114,-4.0
4516,0.0015697479248046875,0.114,-2.4000000000000004
4517,0.002257823944091797,0.114,-0.4
4518,0.0012116432189941406,0.114,1.6
4519,0.0005178451538085938,0.121,4.0
4520,0.0007271766662597656,0.125,6.0
4521,0.0006558895111083984,0.129,8.4
4522,0.0005030632019042969,0.131,10.8
4523,0.0004413127899169922,0.131,13.200000000000001
4524,0.0010581016540527344,0.131,15.600000000000001
4525,0.0009531974792480469,0.131,18.400000000000002
4526,0.0016238689422607422,0.131,20.8
4527,0.0018994808197021484,0.131,23.200000000000003
4528,0.001428842544555664,0.131,25.6
4529,0.0019941329956054688,0.131,28.0
4530,0.0020477771759033203,0.131,30.0
4531,0.002418041229248047,0.131,32.4
4532,0.0014328956604003906,0.131,34.4
4533,0.0020143985748291016,0.131,36.4
4534,0.002465486526489258,0.131,38.0
4535,0.001964569091796875,0.131,40.0
4536,0.0006501674652099609,0.131,41.6
4537,0.0018701553344726562,0.131,42.800000000000004
4538,0.0006086826324462891,0.131,44.0
4539,0.001962900161743164,0.131,45.2
4540,0.0006213188171386719,0.131,46.0
4541,0.0019240379333496094,0.131,46.800000000000004
4542,0.0005669593811035156,0.131,47.6
4543,0.0010666847229003906,0.127,48.0
4544,0.0006277561187744141,0.127,48.0
4545,0.0029845237731933594,0.127,48.0
4546,0.0007016658782958984,0.127,48.0
4547,0.0019600391387939453,0.127,47.6
4548,0.0006177425384521484,0.127,46.800000000000004
4549,0.002520322799682617,0.127,46.0
4550,0.0005900859832763672,0.127,45.2
4551,0.0015993118286132812,0.127,44.400000000000006
4552,0.002407073974609375,0.127,43.2
4553,0.0018994808197021484,0.127,41.6
4554,0.0007195472717285156,0.127,40.0
4555,0.0015637874603271484,0.127,38.400000000000006
4556,0.0006339550018310547,0.127,36.800000000000004
4557,0.0018498897552490234,0.127,34.800000000000004
4558,0.0006361007690429688,0.127,32.800000000000004
4559,0.001909494400024414,0.127,30.8
4560,0.0006153583526611328,0.127,28.8
4561,0.0007960796356201172,0.14,26.400000000000002
4562,0.0005140304565429688,0.149,24.400000000000002
4563,0.0006725788116455078,0.149,22.0
4564,0.0022459030151367188,0.149,19.6
4565,0.0009784698486328125,0.149,17.6
4566,0.00098419189453125,0.147,15.200000000000001
4567,0.0005934238433837891,0.129,13.200000000000001
4568,0.0006783008575439453,0.121,11.200000000000001
4569,0.00047588348388671875,0.114,9.200000000000001
4570,0.0004620552062988281,0.114,7.2
4571,0.00067138671875,0.114,5.6000000000000005
4572,0.0007984638214111328,0.114,4.0
4573,0.0010635852813720703,0.114,2.4000000000000004
4574,0.001251220703125,0.114,1.2000000000000002
4575,0.0004467964172363281,0.119,0.0
4576,0.0008947849273681641,0.119,-0.8
4577,0.0005583763122558594,0.119,-1.6
4578,0.002287149429321289,0.119,-2.4000000000000004
4579,0.0032520294189453125,0.119,-2.8000000000000003
4580,0.0008327960968017578,0.116,-3.2
4581,0.0003039836883544922,0.114,-3.6
4582,0.0004985332489013672,0.114,-3.6
4583,0.0005350112915039062,0.114,-3.2
4584,0.0015037059783935547,0.114,-3.2
4585,0.001020669937133789,0.114,-2.4000000000000004
4586,0.0003638267517089844,0.125,-2.0
4587,0.0005168914794921875,0.127,-1.2000000000000002
4588,0.0006239414215087891,0.127,0.0
4589,0.0009601116180419922,0.127,0.8
4590,0.0006113052368164062,0.125,2.0
4591,0.0004012584686279297,0.123,3.2
4592,0.0005545616149902344,0.123,4.800000000000001
4593,0.0006568431854248047,0.123,6.4
4594,0.0016467571258544922,0.123,8.0
4595,0.0006690025329589844,0.123,9.600000000000001
4596,0.0027008056640625,0.123,11.200000000000001
4597,0.0005965232849121094,0.123,13.200000000000001
4598,0.0013346672058105469,0.123,14.8
4599,0.0005927085876464844,0.123,16.8
4600,0.0015835762023925781,0.123,18.400000000000002
4601,0.00057220458984375,0.121,20.400000000000002
4602,0.0003764629364013672,0.119,22.0
4603,0.0005469322204589844,0.119,24.0
4604,0.0017986297607421875,0.119,25.6
4605,0.00048661231994628906,0.119,27.200000000000003
4606,0.0020215511322021484,0.119,28.8
4607,0.0006489753723144531,0.119,30.400000000000002
4608,0.0005939006805419922,0.116,32.0
4609,0.0004901885986328125,0.112,33.2
4610,0.0013625621795654297,0.112,34.4
4611,0.0005195140838623047,0.112,35.6
4612,0.00047779083251953125,0.112,36.4
4613,0.0015866756439208984,0.112,37.2
4614,0.001569986343383789,0.112,38.0
4615,0.0011675357818603516,0.114,38.400000000000006
4616,0.0003476142883300781,0.119,38.800000000000004
4617,0.0004584789276123047,0.123,38.800000000000004
4618,0.0006299018859863281,0.127,39.2
4619,0.00038433074951171875,0.127,38.800000000000004
4620,0.0009565353393554688,0.127,38.800000000000004
4621,0.0006723403930664062,0.127,38.400000000000006
4622,0.0005176067352294922,0.125,37.6
4623,0.00047469139099121094,0.119,36.800000000000004
4624,0.0004119873046875,0.114,36.0
4625,0.00045418739318847656,0.114,35.2
4626,0.0008792877197265625,0.114,34.4
4627,0.0010790824890136719,0.114,33.2
4628,0.0004889965057373047,0.114,31.6
4629,0.0006566047668457031,0.121,30.400000000000002
4630,0.0006566047668457031,0.134,30.400000000000002
4631,0.0004734992980957031,0.14,29.200000000000003
4632,0.0004820823669433594,0.14,27.6
4633,0.0003757476806640625,0.14,26.0
4634,0.0005218982696533203,0.136,24.400000000000002
4635,0.0005590915679931641,0.125,22.8
4636,0.00070953369140625,0.119,20.8
4637,0.0005412101745605469,0.112,19.200000000000003
4638,0.00045037269592285156,0.11,17.6
4639,0.0004572868347167969,0.11,16.0
4640,0.00043463706970214844,0.11,14.4
4641,0.0005307197570800781,0.11,12.8
4642,0.0004730224609375,0.121,11.200000000000001
4643,0.0004191398620605469,0.14,10.0
4644,0.0005009174346923828,0.151,8.4
4645,0.0004761219024658203,0.151,7.2
4646,0.00047850608825683594,0.151,6.0
4647,0.0005764961242675781,0.144,4.800000000000001
4648,0.0004830360412597656,0.131,4.0
4649,0.0004391670227050781,0.129,2.8000000000000003
4650,0.0007481575012207031,0.129,2.0
4651,0.00066375732421875,0.129,1.6
4652,0.0006680488586425781,0.129,1.2000000000000002
4653,0.0005104541778564453,0.14,0.8
4654,0.0004973411560058594,0.147,0.8
4655,0.0004658699035644531,0.149,0.8
4656,0.0004582405090332031,0.149,1.2000000000000002
4657,0.0008432865142822266,0.149,1.6
4658,0.0005176067352294922,0.142,2.0
4659,0.0005457401275634766,0.136,2.8000000000000003
4660,0.0005130767822265625,0.134,3.6
4661,0.0008637905120849609,0.134,4.4
4662,0.001016855239868164,0.131,5.6000000000000005
4663,0.0011203289031982422,0.134,6.800000000000001
4664,0.0005857944488525391,0.151,8.0
4665,0.00045180320739746094,0.151,9.600000000000001
4666,0.001140594482421875,0.151,11.200000000000001
4667,0.00045800209045410156,0.151,12.8
4668,0.0006110668182373047,0.153,14.4
4669,0.0005443096160888672,0.147,16.0
4670,0.0004067420959472656,0.147,18.0
4671,0.0005183219909667969,0.147,19.6
4672,0.0010209083557128906,0.147,21.6
4673,0.0005981922149658203,0.153,23.200000000000003
4674,0.00033545494079589844,0.162,25.200000000000003
4675,0.0004897117614746094,0.168,27.200000000000003
4676,0.0004837512969970703,0.168,28.8
4677,0.0006754398345947266,0.162,30.400000000000002
4678,0.0006749629974365234,0.155,32.4
4679,0.0006990432739257812,0.149,34.0
4680,0.000431060791015625,0.147,35.6
4681,0.0005056858062744141,0.147,37.2
4682,0.0004825592041015625,0.144,38.800000000000004
4683,0.00047898292541503906,0.144,40.0
4684,0.0009617805480957031,0.144,41.2
4685,0.00047659873962402344,0.144,42.400000000000006
4686,0.001650094985961914,0.144,43.6
4687,0.0016646385192871094,0.144,44.400000000000006
4688,0.0008389949798583984,0.138,45.2
4689,0.0005164146423339844,0.125,46.0
4690,0.0003578662872314453,0.119,46.400000000000006
4691,0.0005116462707519531,0.119,46.800000000000004
4692,0.0004961490631103516,0.119,47.2
4693,0.00045371055603027344,0.116,47.2
4694,0.0008327960968017578,0.121,47.2
4695,0.0004267692565917969,0.125,46.800000000000004
4696,0.00044798851013183594,0.125,46.400000000000006
4697,0.0004761219024658203,0.121,46.0
4698,0.0004668235778808594,0.119,45.2
4699,0.0008900165557861328,0.119,44.0
4700,0.0008728504180908203,0.119,42.800000000000004
4701,0.000469207763671875,0.119,41.6
4702,0.0010385513305664062,0.119,40.400000000000006
4703,0.0010144710540771484,0.125,38.800000000000004
4704,0.0005176067352294922,0.125,36.800000000000004
4705,0.0014815330505371094,0.125,35.2
4706,0.0003204345703125,0.114,33.2
4707,0.0006995201110839844,0.112,31.200000000000003
4708,0.0006244182586669922,0.11,28.8
4709,0.00047969818115234375,0.11,26.8
4710,0.001100301742553711,0.112,24.400000000000002
4711,0.00032210350036621094,0.119,22.400000000000002
4712,0.00031828880310058594,0.121,20.0
4713,0.0002739429473876953,0.121,17.6
4714,0.0006544589996337891,0.121,15.200000000000001
4715,0.00048613548278808594,0.121,13.200000000000001
4716,0.0006012916564941406,0.119,10.8
4717,0.0003540515899658203,0.119,8.8
4718,0.00044655799865722656,0.119,6.4
4719,0.0005249977111816406,0.123,4.4
4720,0.0004253387451171875,0.125,2.8000000000000003
4721,0.0004703998565673828,0.125,0.8
4722,0.0006635189056396484,0.123,-0.8
4723,0.0005772113800048828,0.11,-2.0
4724,0.0007464885711669922,0.101,-3.2
4725,0.00047326087951660156,0.101,-4.4
4726,0.001209259033203125,0.101,-5.2
4727,0.0008306503295898438,0.108,-6.0
4728,0.0005896091461181641,0.119,-6.800000000000001
4729,0.00043845176696777344,0.125,-6.800000000000001
4730,0.000469207763671875,0.125,-7.2
4731,0.0004265308380126953,0.125,-7.2
4732,0.0005071163177490234,0.125,-6.800000000000001
4733,0.0007736682891845703,0.123,-6.4
4734,0.0005218982696533203,0.123,-6.0
4735,0.001161336898803711,0.123,-5.2
4736,0.0006833076477050781,0.123,-4.0
4737,0.0007214546203613281,0.125,-3.2
4738,0.0018129348754882812,0.125,-1.6
4739,0.0003464221954345703,0.136,-0.4
4740,0.0004725456237792969,0.14,1.2000000000000002
4741,0.0004868507385253906,0.14,3.2
4742,0.0006797313690185547,0.14,4.800000000000001
4743,0.0011920928955078125,0.14,6.800000000000001
4744,0.0006186962127685547,0.14,8.8
4745,0.0016870498657226562,0.14,10.8
4746,0.001981019973754883,0.14,13.200000000000001
4747,0.0005919933319091797,0.14,15.200000000000001
4748,0.0016167163848876953,0.14,17.6
4749,0.0014951229095458984,0.14,20.0
4750,0.0006377696990966797,0.14,22.0
4751,0.0019352436065673828,0.14,24.400000000000002
4752,0.002022266387939453,0.14,26.8
4753,0.00045180320739746094,0.147,28.8
4754,0.0004324913024902344,0.149,31.200000000000003
4755,0.0004963874816894531,0.149,33.2
4756,0.00045490264892578125,0.149,35.2
4757,0.002450704574584961,0.149,37.2
4758,0.0007119178771972656,0.149,38.800000000000004
4759,0.0006198883056640625,0.142,40.400000000000006
4760,0.000522613525390625,0.129,42.0
4761,0.00046515464782714844,0.125,43.6
4762,0.0004668235778808594,0.125,44.800000000000004
4763,0.00042557716369628906,0.125,46.0
4764,0.00044727325439453125,0.125,47.2
4765,0.0007047653198242188,0.144,48.0
4766,0.0005145072937011719,0.159,48.800000000000004
4767,0.0004374980926513672,0.17,49.2
4768,0.00043773651123046875,0.175,49.6
4769,0.00046372413635253906,0.175,49.6
4770,0.0004138946533203125,0.175,49.6
4771,0.0004742145538330078,0.172,49.2
4772,0.0007493495941162109,0.166,48.800000000000004
4773,0.0004913806915283203,0.151,48.400000000000006
4774,0.0005979537963867188,0.144,47.6
4775,0.0005979537963867188,0.142,47.6
4776,0.0004506111145019531,0.142,46.800000000000004
4777,0.000476837158203125,0.142,46.0
4778,0.00048470497131347656,0.157,45.2
4779,0.0008101463317871094,0.179,44.0
4780,0.00043654441833496094,0.19,42.800000000000004
4781,0.00043320655822753906,0.19,41.6
4782,0.0004329681396484375,0.19,40.400000000000006
4783,0.0007884502410888672,0.19,38.800000000000004
4784,0.00046253204345703125,0.188,37.2
4785,0.0006940364837646484,0.172,35.6
4786,0.0010776519775390625,0.166,34.0
4787,0.00044846534729003906,0.164,32.4
4788,0.0011382102966308594,0.164,30.8
4789,0.00048470497131347656,0.164,29.200000000000003
4790,0.00043964385986328125,0.164,27.6
4791,0.0005671977996826172,0.164,26.0
4792,0.0005216598510742188,0.183,24.400000000000002
4793,0.00046181678771972656,0.194,23.200000000000003
4794,0.00042748451232910156,0.196,21.6
4795,0.0004367828369140625,0.196,20.400000000000002
4796,0.00041413307189941406,0.196,19.200000000000003
4797,0.0004756450653076172,0.183,18.0
4798,0.0007770061492919922,0.164,16.8
4799,0.0005893707275390625,0.153,16.0
4800,0.0006742477416992188,0.153,15.200000000000001
4801,0.000720977783203125,0.153,14.4
4802,0.0006251335144042969,0.153,14.0
4803,0.0006461143493652344,0.155,13.600000000000001
4804,0.0003979206085205078,0.166,13.600000000000001
4805,0.0004780292510986328,0.194,13.600000000000001
4806,0.0004978179931640625,0.196,13.600000000000001
4807,0.0004410743713378906,0.196,13.600000000000001
4808,0.00045609474182128906,0.192,14.0
4809,0.0010197162628173828,0.185,14.0
4810,0.0002913475036621094,0.175,14.8
4811,0.0004780292510986328,0.17,15.200000000000001
4812,0.00048041343688964844,0.17,16.0
4813,0.0004591941833496094,0.17,16.8
4814,0.0004680156707763672,0.17,18.0
4815,0.0026388168334960938,0.17,18.8
4816,0.0006029605865478516,0.172,20.0
4817,0.0003445148468017578,0.175,21.200000000000003
4818,0.0019767284393310547,0.175,22.8
4819,0.0007171630859375,0.175,24.0
4820,0.004248857498168945,0.175,25.6
4821,0.0005490779876708984,0.168,26.8
4822,0.00040078163146972656,0.162,28.400000000000002
4823,0.00032782554626464844,0.162,30.0
4824,0.0005321502685546875,0.162,31.200000000000003
4825,0.0005888938903808594,0.162,32.800000000000004
4826,0.0010652542114257812,0.159,34.4
4827,0.00042057037353515625,0.166,35.6
4828,0.0007770061492919922,0.179,37.2
4829,0.0005509853363037109,0.183,38.400000000000006
4830,0.00044345855712890625,0.183,40.0
4831,0.0004372596740722656,0.175,41.2
4832,0.0004966259002685547,0.162,42.0
4833,0.00047779083251953125,0.144,43.2
4834,0.0005350112915039062,0.131,44.0
4835,0.000637054443359375,0.131,44.800000000000004
4836,0.00046706199645996094,0.131,45.6
4837,0.0008242130279541016,0.131,46.400000000000006
4838,0.0005152225494384766,0.144,47.2
4839,0.0006649494171142578,0.159,47.6
4840,0.0003635883331298828,0.17,47.6
4841,0.0005052089691162109,0.17,48.0
4842,0.00048804283142089844,0.17,47.6
4843,0.00045371055603027344,0.17,47.6
4844,0.0003619194030761719,0.155,47.2
4845,0.00045490264892578125,0.147,46.800000000000004
4846,0.0004551410675048828,0.147,46.0
4847,0.00046753883361816406,0.147,45.2
4848,0.0005612373352050781,0.147,44.400000000000006
4849,0.0009329319000244141,0.149,43.6
4850,0.0006070137023925781,0.17,42.800000000000004
4851,0.0004093647003173828,0.175,41.6
4852,0.000514984130859375,0.175,40.400000000000006
4853,0.0012176036834716797,0.175,38.800000000000004
4854,0.000518798828125,0.175,37.6
4855,0.00035572052001953125,0.166,36.0
4856,0.0005331039428710938,0.162,34.4
4857,0.0006315708160400391,0.162,33.2
4858,0.00333404541015625,0.162,31.6
4859,0.0008568763732910156,0.159,30.0
4860,0.0007166862487792969,0.172,28.400000000000002
4861,0.0005486011505126953,0.183,26.8
4862,0.0006225109100341797,0.183,25.6
4863,0.0007886886596679688,0.183,24.0
4864,0.000823974609375,0.183,22.8
4865,0.00033926963806152344,0.166,21.200000000000003
4866,0.0004754066467285156,0.151,20.0
4867,0.0005891323089599609,0.149,18.8
4868,0.00045990943908691406,0.149,18.0
4869,0.00045418739318847656,0.149,16.8
4870,0.0013203620910644531,0.149,16.0
4871,0.0005366802215576172,0.172,15.600000000000001
4872,0.0004680156707763672,0.19,14.8
4873,0.0006089210510253906,0.19,14.4
4874,0.0004940032958984375,0.19,14.0
4875,0.0004966259002685547,0.183,13.600000000000001
4876,0.0004267692565917969,0.175,13.200000000000001
4877,0.00045561790466308594,0.155,13.200000000000001
4878,0.00046372413635253906,0.153,13.200000000000001
4879,0.0004699230194091797,0.153,13.200000000000001
4880,0.0011515617370605469,0.153,13.600000000000001
4881,0.0005669593811035156,0.151,14.0
4882,0.00067138671875,0.153,14.8
4883,0.0006577968597412109,0.159,15.600000000000001
4884,0.0005915164947509766,0.162,16.400000000000002
4885,0.0004494190216064453,0.162,17.2
4886,0.00042176246643066406,0.162,18.0
4887,0.0009911060333251953,0.155,18.8
4888,0.0004489421844482422,0.144,20.0
4889,0.00043773651123046875,0.142,21.200000000000003
4890,0.0004239082336425781,0.142,22.0
4891,0.0006632804870605469,0.142,23.200000000000003
4892,0.0012538433074951172,0.151,24.400000000000002
4893,0.0007781982421875,0.17,25.6
4894,0.0004725456237792969,0.172,26.8
4895,0.00045752525329589844,0.172,28.0
4896,0.0004680156707763672,0.172,29.200000000000003
4897,0.00046634674072265625,0.168,30.0
4898,0.001252889633178711,0.164,31.200000000000003
4899,0.0004673004150390625,0.162,32.4
4900,0.0004630088806152344,0.162,33.2
4901,0.0004527568817138672,0.162,34.0
4902,0.0015223026275634766,0.162,35.2
4903,0.0005729198455810547,0.175,36.0
4904,0.00035190582275390625,0.185,36.800000000000004
4905,0.0004451274871826172,0.19,37.6
4906,0.0004787445068359375,0.19,38.0
4907,0.0006663799285888672,0.185,38.800000000000004
4908,0.001329660415649414,0.17,39.2
4909,0.0004889965057373047,0.153,40.0
4910,0.0004942417144775391,0.147,40.400000000000006
4911,0.0009725093841552734,0.147,40.800000000000004
4912,0.0004930496215820312,0.147,41.2
4913,0.0013010501861572266,0.147,41.6
4914,0.0003883838653564453,0.162,41.6
4915,0.000354766845703125,0.177,41.6
4916,0.0004646778106689453,0.185,42.0
4917,0.0006258487701416016,0.188,41.6
4918,0.0004420280456542969,0.188,41.6
4919,0.0004420280456542969,0.183,41.6
4920,0.0006411075592041016,0.159,41.2
4921,0.0006282329559326172,0.147,40.800000000000004
4922,0.0005218982696533203,0.144,40.400000000000006
4923,0.0004572868347167969,0.144,40.0
4924,0.0006623268127441406,0.144,39.6
4925,0.0006399154663085938,0.147,38.800000000000004
4926,0.0006949901580810547,0.175,38.400000000000006
4927,0.0006015300750732422,0.179,37.6
4928,0.0009925365447998047,0.179,37.2
4929,0.0006589889526367188,0.179,36.4
4930,0.001161336898803711,0.175,35.2
4931,0.0013995170593261719,0.155,34.4
4932,0.0006639957427978516,0.14,33.6
4933,0.0004508495330810547,0.134,32.4
4934,0.0004398822784423828,0.134,31.6
4935,0.0010688304901123047,0.134,30.400000000000002
4936,0.0004315376281738281,0.144,29.6
4937,0.0003120899200439453,0.17,28.400000000000002
4938,0.0004763603210449219,0.179,27.200000000000003
4939,0.0005946159362792969,0.183,26.400000000000002
4940,0.0005478858947753906,0.183,25.200000000000003
4941,0.0004596710205078125,0.17,24.400000000000002
4942,0.0004634857177734375,0.164,23.200000000000003
4943,0.0004470348358154297,0.162,22.0
4944,0.0007355213165283203,0.159,21.200000000000003
4945,0.0007946491241455078,0.157,20.400000000000002
4946,0.0005643367767333984,0.157,19.6
4947,0.002553224563598633,0.159,18.8
4948,0.0006086826324462891,0.166,18.400000000000002
4949,0.0005054473876953125,0.168,17.6
4950,0.0009036064147949219,0.168,17.2
4951,0.0005002021789550781,0.168,16.8
4952,0.0014934539794921875,0.168,16.8
4953,0.0005528926849365234,0.162,16.400000000000002
4954,0.00034546852111816406,0.155,16.400000000000002
4955,0.0005869865417480469,0.155,16.400000000000002
4956,0.0006780624389648438,0.153,16.400000000000002
4957,0.0005671977996826172,0.151,16.8
4958,0.0007414817810058594,0.151,16.8
4959,0.0005929470062255859,0.153,17.2
4960,0.0004394054412841797,0.155,18.0
4961,0.0007708072662353516,0.155,18.400000000000002
4962,0.00047969818115234375,0.155,18.8
4963,0.0013399124145507812,0.155,19.6
4964,0.00045752525329589844,0.149,20.400000000000002
4965,0.0004818439483642578,0.144,20.8
4966,0.00033473968505859375,0.14,21.6
4967,0.0006101131439208984,0.14,22.400000000000002
4968,0.001608133316040039,0.142,23.200000000000003
4969,0.0007455348968505859,0.151,24.0
4970,0.0004210472106933594,0.166,24.8
4971,0.0004286766052246094,0.172,25.6
4972,0.0004324913024902344,0.172,26.400000000000002
4973,0.0008101463317871094,0.172,27.200000000000003
4974,0.00031375885009765625,0.17,28.0
4975,0.00048351287841796875,0.166,28.8
4976,0.0004525184631347656,0.162,29.6
4977,0.0008170604705810547,0.151,30.0
4978,0.0005707740783691406,0.151,30.8
4979,0.0006670951843261719,0.151,31.6
4980,0.0007412433624267578,0.151,32.0
4981,0.0006146430969238281,0.153,32.800000000000004
4982,0.0005409717559814453,0.172,33.2
4983,0.0005309581756591797,0.177,34.0
4984,0.0004944801330566406,0.177,34.4
4985,0.0011713504791259766,0.177,34.800000000000004
4986,0.0005631446838378906,0.177,35.2
4987,0.0003571510314941406,0.172,35.6
4988,0.0004925727844238281,0.157,35.6
4989,0.00042939186096191406,0.157,36.0
4990,0.00044465065002441406,0.157,36.4
4991,0.001798391342163086,0.157,36.4
4992,0.0006160736083984375,0.162,36.4
4993,0.0005593299865722656,0.181,36.800000000000004
4994,0.00047087669372558594,0.188,36.800000000000004
4995,0.0004222393035888672,0.188,36.800000000000004
4996,0.0007894039154052734,0.188,36.800000000000004
4997,0.0004482269287109375,0.188,36.4
4998,0.0007166862487792969,0.183,36.4
4999,0.00046181678771972656,0.181,36.4
5000,0.000457763671875,0.181,36.0
5001,0.0006995201110839844,0.181,36.0
5002,0.0009834766387939453,0.181,35.6
5003,0.0010080337524414062,0.188,35.6
5004,0.0004942417144775391,0.198,35.2
5005,0.00045943260192871094,0.2,35.2
5006,0.0007171630859375,0.198,34.800000000000004
5007,0.0008730888366699219,0.19,34.800000000000004
5008,0.0006229877471923828,0.181,34.4
5009,0.0005271434783935547,0.172,34.4
5010,0.0005013942718505859,0.166,34.0
5011,0.00045371055603027344,0.166,34.0
5012,0.00045561790466308594,0.166,34.0
5013,0.0004367828369140625,0.166,34.0
5014,0.0022139549255371094,0.166,34.0
5015,0.0008213520050048828,0.157,33.6
5016,0.0002658367156982422,0.153,33.6
5017,0.000507354736328125,0.153,33.6
5018,0.001125335693359375,0.153,33.6
5019,0.0004897117614746094,0.153,33.2
5020,0.0009589195251464844,0.155,33.2
5021,0.0006918907165527344,0.162,33.2
5022,0.0003204345703125,0.166,32.800000000000004
5023,0.0013592243194580078,0.168,32.800000000000004
5024,0.0005407333374023438,0.172,32.4
5025,0.0009310245513916016,0.172,32.0
5026,0.0005230903625488281,0.172,31.6
5027,0.0012128353118896484,0.172,31.200000000000003
5028,0.0006058216094970703,0.175,30.8
5029,0.0010097026824951172,0.177,30.400000000000002
5030,0.00044536590576171875,0.177,30.0
5031,0.0004737377166748047,0.177,30.0
5032,0.0011017322540283203,0.177,29.6
5033,0.0006372928619384766,0.177,29.200000000000003
5034,0.0008504390716552734,0.177,28.8
5035,0.002036571502685547,0.177,28.400000000000002
5036,0.0007052421569824219,0.179,28.400000000000002
5037,0.00030422210693359375,0.185,28.0
5038,0.0006923675537109375,0.19,28.0
5039,0.00018095970153808594,0.196,27.6
5040,0.00047016143798828125,0.196,27.6
5041,0.0011887550354003906,0.196,27.6
5042,0.0008645057678222656,0.196,27.6
5043,0.0005025863647460938,0.196,27.6
5044,0.0003209114074707031,0.196,27.6
5045,0.0011577606201171875,0.196,28.0
5046,0.0006525516510009766,0.196,28.400000000000002
5047,0.0015881061553955078,0.196,28.400000000000002
5048,0.0007405281066894531,0.196,28.8
5049,0.0022537708282470703,0.196,29.200000000000003
5050,0.0006365776062011719,0.196,30.0
5051,0.0020208358764648438,0.196,30.400000000000002
5052,0.001463174819946289,0.196,31.200000000000003
5053,0.0007205009460449219,0.196,31.6
5054,0.001764535903930664,0.196,32.4
5055,0.0010371208190917969,0.196,33.2
5056,0.0025091171264648438,0.196,34.0
5057,0.00033593177795410156,0.192,34.800000000000004
5058,0.0006592273712158203,0.183,35.6
5059,0.0006289482116699219,0.172,36.800000000000004
5060,0.0004451274871826172,0.166,37.6
5061,0.0005159378051757812,0.164,38.400000000000006
5062,0.0004634857177734375,0.162,39.2
5063,0.0004513263702392578,0.162,40.0
5064,0.0005013942718505859,0.162,41.2
5065,0.0007686614990234375,0.159,42.0
5066,0.0005939006805419922,0.155,42.400000000000006
5067,0.0005939006805419922,0.153,42.400000000000006
5068,0.0006306171417236328,0.153,43.2
5069,0.0013463497161865234,0.153,43.6
5070,0.0003254413604736328,0.149,44.0
5071,0.0008306503295898438,0.149,44.400000000000006
5072,0.0010769367218017578,0.149,44.800000000000004
5073,0.002138853073120117,0.149,44.800000000000004
5074,0.0021173954010009766,0.149,44.800000000000004
5075,0.0015692710876464844,0.149,44.800000000000004
5076,0.0019073486328125,0.149,44.800000000000004
5077,0.0018329620361328125,0.149,44.400000000000006
5078,0.0005309581756591797,0.162,44.0
5079,0.00026297569274902344,0.172,43.6
5080,0.00033664703369140625,0.175,42.800000000000004
5081,0.0004863739013671875,0.175,42.0
5082,0.0004987716674804688,0.175,41.2
5083,0.0012946128845214844,0.175,40.400000000000006
5084,0.0011317729949951172,0.175,39.2
5085,0.0013806819915771484,0.175,38.400000000000006
5086,0.0007684230804443359,0.175,37.2
5087,0.0022618770599365234,0.175,36.0
5088,0.0005803108215332031,0.168,34.800000000000004
5089,0.0005943775177001953,0.166,33.6
5090,0.0003523826599121094,0.157,32.4
5091,0.0004591941833496094,0.155,31.200000000000003
5092,0.0005123615264892578,0.144,30.0
5093,0.0004680156707763672,0.136,29.200000000000003
5094,0.0004494190216064453,0.131,28.0
5095,0.0004253387451171875,0.129,26.8
5096,0.0004439353942871094,0.129,26.0
5097,0.00042819976806640625,0.129,24.8
5098,0.00041866302490234375,0.129,23.6
5099,0.0009949207305908203,0.129,22.8
5100,0.0004467964172363281,0.129,21.6
5101,0.001035451889038086,0.131,20.8
5102,0.0005419254302978516,0.136,19.6
5103,0.0009593963623046875,0.136,18.400000000000002
5104,0.0005743503570556641,0.136,17.6
5105,0.0011935234069824219,0.138,16.8
5106,0.0006823539733886719,0.138,15.600000000000001
5107,0.0026865005493164062,0.138,14.8
5108,0.000728607177734375,0.138,14.0
5109,0.002232074737548828,0.138,13.200000000000001
5110,0.0006661415100097656,0.138,12.4
5111,0.0020220279693603516,0.138,12.0
5112,0.002379894256591797,0.138,11.200000000000001
5113,0.0024290084838867188,0.138,10.8
5114,0.0006134510040283203,0.134,10.4
5115,0.0005655288696289062,0.123,10.4
5116,0.00044226646423339844,0.123,10.0
5117,0.0005018711090087891,0.123,10.0
5118,0.0004417896270751953,0.123,10.0
5119,0.0009818077087402344,0.123,10.0
5120,0.0006396770477294922,0.123,10.4
5121,0.0008058547973632812,0.134,10.4
5122,0.0007214546203613281,0.136,10.8
5123,0.0004711151123046875,0.162,11.200000000000001
5124,0.00044417381286621094,0.162,11.600000000000001
5125,0.00041866302490234375,0.162,12.4
5126,0.0005736351013183594,0.162,12.8
5127,0.0021598339080810547,0.162,13.600000000000001
5128,0.0004515647888183594,0.162,14.0
5129,0.0005679130554199219,0.155,14.8
5130,0.0005180835723876953,0.149,15.600000000000001
5131,0.0009195804595947266,0.14,16.8
5132,0.000644683837890625,0.138,17.6
5133,0.0005145072937011719,0.138,18.8
5134,0.0011162757873535156,0.138,20.0
5135,0.0014767646789550781,0.138,21.200000000000003
5136,0.0005080699920654297,0.138,22.400000000000002
5137,0.0025205612182617188,0.138,23.6
5138,0.0006060600280761719,0.138,24.8
5139,0.0013532638549804688,0.138,25.6
5140,0.0006623268127441406,0.138,26.8
5141,0.0004436969757080078,0.155,28.0
5142,0.00044989585876464844,0.159,29.200000000000003
5143,0.0003600120544433594,0.162,30.0
5144,0.0005421638488769531,0.162,31.200000000000003
5145,0.0008299350738525391,0.162,32.0
5146,0.0009720325469970703,0.159,32.800000000000004
5147,0.0007789134979248047,0.149,33.6
5148,0.0006086826324462891,0.14,34.4
5149,0.0010306835174560547,0.131,35.2
5150,0.00042748451232910156,0.127,35.6
5151,0.0005259513854980469,0.127,36.4
5152,0.0005211830139160156,0.125,36.800000000000004
5153,0.0006480216979980469,0.125,37.2
5154,0.0005533695220947266,0.123,37.6
5155,0.0005865097045898438,0.112,37.6
5156,0.00047135353088378906,0.103,37.6
5157,0.0006053447723388672,0.103,37.6
5158,0.00046372413635253906,0.103,37.6
5159,0.00044918060302734375,0.103,37.2
5160,0.00045180320739746094,0.103,36.800000000000004
5161,0.0007295608520507812,0.106,36.4
5162,0.00046896934509277344,0.116,35.6
5163,0.0005838871002197266,0.123,34.800000000000004
5164,0.0007393360137939453,0.125,34.0
5165,0.0005221366882324219,0.125,32.800000000000004
5166,0.0012552738189697266,0.125,31.6
5167,0.0007450580596923828,0.123,30.400000000000002
5168,0.0004799365997314453,0.123,28.8
5169,0.0012922286987304688,0.123,27.6
5170,0.0008692741394042969,0.116,26.0
5171,0.0008845329284667969,0.112,24.400000000000002
5172,0.0009565353393554688,0.112,22.8
5173,0.0017397403717041016,0.112,21.200000000000003
5174,0.0006539821624755859,0.112,19.6
5175,0.0015957355499267578,0.112,18.0
5176,0.0009245872497558594,0.112,16.400000000000002
5177,0.001546621322631836,0.112,14.8
5178,0.0006978511810302734,0.108,13.200000000000001
5179,0.0009508132934570312,0.108,11.600000000000001
5180,0.0023679733276367188,0.108,10.0
5181,0.0011436939239501953,0.108,8.4
5182,0.0023584365844726562,0.108,7.2
5183,0.0011725425720214844,0.108,6.0
5184,0.0016357898712158203,0.108,4.800000000000001
5185,0.0016264915466308594,0.108,3.6
5186,0.0018258094787597656,0.108,2.4000000000000004
5187,0.0021207332611083984,0.108,1.6
5188,0.000820159912109375,0.108,0.8
5189,0.0019261837005615234,0.108,0.4
5190,0.0019161701202392578,0.108,-0.4
5191,0.0007030963897705078,0.108,-0.8
5192,0.0024662017822265625,0.108,-0.8
5193,0.0006048679351806641,0.108,-1.2000000000000002
5194,0.001409292221069336,0.108,-1.2000000000000002
5195,0.002299070358276367,0.108,-0.8
5196,0.00058746337890625,0.108,-0.8
5197,0.0025098323822021484,0.108,0.0
5198,0.002667665481567383,0.108,0.4
5199,0.0006511211395263672,0.108,0.8
5200,0.0006108283996582031,0.106,1.6
5201,0.0008645057678222656,0.106,2.8000000000000003
5202,0.0021657943725585938,0.106,3.6
5203,0.0014674663543701172,0.106,4.800000000000001
5204,0.0014035701751708984,0.106,6.0
5205,0.0009315013885498047,0.103,7.2
5206,0.0005564689636230469,0.103,8.4
5207,0.0011181831359863281,0.103,9.600000000000001
5208,0.0007083415985107422,0.103,10.8
5209,0.0018665790557861328,0.103,12.4
5210,0.0005059242248535156,0.099,13.600000000000001
5211,0.00047278404235839844,0.097,15.200000000000001
5212,0.00047278404235839844,0.097,15.200000000000001
5213,0.0004951953887939453,0.097,16.400000000000002
5214,0.00045490264892578125,0.091,18.0
5215,0.00045943260192871094,0.086,19.200000000000003
5216,0.0004649162292480469,0.086,20.400000000000002
5217,0.0009675025939941406,0.086,22.0
5218,0.0008771419525146484,0.08,23.200000000000003
5219,0.0003533363342285156,0.071,24.0
5220,0.00046133995056152344,0.069,25.200000000000003
5221,0.0007495880126953125,0.063,26.0
5222,0.0008482933044433594,0.063,26.8
5223,0.0005068778991699219,0.054,27.6
5224,0.0006008148193359375,0.047,28.400000000000002
5225,0.0004668235778808594,0.043,28.8
5226,0.00047278404235839844,0.041,29.200000000000003
5227,0.0006914138793945312,0.037,29.200000000000003
5228,0.00045418739318847656,0.03,29.200000000000003
5229,0.0004305839538574219,0.024,29.200000000000003
5230,0.00044989585876464844,0.019,28.8
5231,0.0004439353942871094,0.015,28.400000000000002
5232,0.0009381771087646484,0.011,27.6
5233,0.000476837158203125,0.004,26.8
5234,0.0004439353942871094,0.002,25.6
5235,0.0004558563232421875,0.002,24.400000000000002
5236,0.0004668235778808594,0.002,22.8
5237,0.0012712478637695312,0.002,21.200000000000003
5238,0.0003941059112548828,0.0,19.6
5239,0.000507354736328125,0.0,17.6
5240,0.0011410713195800781,0.0,15.600000000000001
5241,0.001741647720336914,0.0,13.200000000000001
5242,0.0019292831420898438,0.0,10.8
5243,0.0022046566009521484,0.0,8.4
5244,0.0011255741119384766,0.0,6.0
5245,0.001256704330444336,0.0,3.6
5246,0.0007255077362060547,0.0,1.2000000000000002
5247,0.0009515285491943359,0.0,-1.6
5248,0.0009720325469970703,0.0,-4.0
5249,0.0015439987182617188,0.0,-6.4
5250,0.0011081695556640625,0.0,-8.8
5251,0.0004324913024902344,0.0,-11.200000000000001
5252,0.003166675567626953,0.0,-13.600000000000001
5253,0.0006473064422607422,0.0,-15.600000000000001
5254,0.0009129047393798828,0.0,-17.6
5255,0.0006456375122070312,0.0,-19.6
5256,0.00145721435546875,0.0,-21.200000000000003
5257,0.003019094467163086,0.0,-22.8
5258,0.0006766319274902344,0.0,-24.0
5259,0.0006215572357177734,0.0,-25.200000000000003
5260,0.0005102157592773438,0.0,-26.400000000000002
5261,0.0004570484161376953,0.0,-26.8
5262,0.0009913444519042969,0.0,-27.6
5263,0.0005972385406494141,0.0,-28.0
5264,0.0022079944610595703,0.0,-28.0
5265,0.002189159393310547,0.0,-27.6
5266,0.0009038448333740234,0.0,-27.6
5267,0.0021762847900390625,0.0,-26.8
5268,0.002046823501586914,0.0,-26.0
5269,0.0007367134094238281,0.0,-25.200000000000003
5270,0.0018990039825439453,0.0,-24.0
5271,0.0007059574127197266,0.0,-22.8
5272,0.0012462139129638672,0.0,-21.200000000000003
5273,0.0004749298095703125,0.0,-19.6
5274,0.0018608570098876953,0.0,-17.6
5275,0.0020809173583984375,0.0,-15.600000000000001
5276,0.0030074119567871094,0.0,-13.600000000000001
5277,0.0007076263427734375,0.0,-11.600000000000001
5278,0.002369403839111328,0.0,-9.200000000000001
5279,0.0006327629089355469,0.0,-6.800000000000001
5280,0.002462148666381836,0.0,-4.4
5281,0.0016105175018310547,0.0,-2.0
5282,0.0014271736145019531,0.0,0.4
5283,0.000675201416015625,0.0,2.8000000000000003
5284,0.002247333526611328,0.0,5.2
5285,0.00033926963806152344,0.0,7.6000000000000005
5286,0.0004210472106933594,0.0,10.0
5287,0.0005488395690917969,0.0,12.0
5288,0.0004405975341796875,0.0,14.4
5289,0.0004684925079345703,0.0,16.400000000000002
5290,0.0013158321380615234,0.0,18.0
5291,0.0005996227264404297,0.0,19.6
5292,0.0017845630645751953,0.0,21.200000000000003
5293,0.0006165504455566406,0.0,22.8
5294,0.0028848648071289062,0.0,24.0
5295,0.0005919933319091797,0.0,24.8
5296,0.0014035701751708984,0.0,25.6
5297,0.0005748271942138672,0.0,26.400000000000002
5298,0.0005092620849609375,0.0,26.8
5299,0.0018944740295410156,0.0,26.8
5300,0.0005853176116943359,0.0,26.8
5301,0.0019681453704833984,0.0,26.400000000000002
5302,0.0006048679351806641,0.0,26.0
5303,0.0027229785919189453,0.0,25.6
5304,0.001783609390258789,0.0,24.8
5305,0.0006821155548095703,0.0,23.6
5306,0.0011322498321533203,0.0,22.400000000000002
5307,0.0006644725799560547,0.0,20.8
5308,0.0031061172485351562,0.0,19.200000000000003
5309,0.0025336742401123047,0.0,17.6
5310,0.0005793571472167969,0.0,16.0
5311,0.00188446044921875,0.0,14.0
5312,0.0005991458892822266,0.0,11.600000000000001
5313,0.001924276351928711,0.0,9.600000000000001
5314,0.0005855560302734375,0.0,7.2
5315,0.002519369125366211,0.0,5.2
5316,0.0014734268188476562,0.0,2.8000000000000003
5317,0.0022573471069335938,0.0,0.4
5318,0.0006322860717773438,0.0,-2.0
5319,0.0019342899322509766,0.0,-4.4
5320,0.0006146430969238281,0.0,-6.800000000000001
5321,0.0016260147094726562,0.0,-8.8
5322,0.0005903244018554688,0.0,-11.200000000000001
5323,0.0021004676818847656,0.0,-13.200000000000001
5324,0.0006167888641357422,0.0,-15.200000000000001
5325,0.0020225048065185547,0.0,-16.8
5326,0.0006334781646728516,0.0,-18.8
5327,0.0020627975463867188,0.0,-20.0
5328,0.0005674362182617188,0.0,-21.6
5329,0.0024526119232177734,0.0,-22.8
5330,0.0012230873107910156,0.0,-23.6
5331,0.0017971992492675781,0.0,-24.8
5332,0.0021970272064208984,0.0,-25.200000000000003
5333,0.0005962848663330078,0.0,-25.6
5334,0.0018153190612792969,0.0,-26.0
5335,0.0005834102630615234,0.0,-26.0
5336,0.0027055740356445312,0.0,-25.6
5337,0.0005750656127929688,0.0,-25.6
5338,0.0015943050384521484,0.0,-24.8
5339,0.0005757808685302734,0.0,-24.0
5340,0.0019462108612060547,0.0,-23.200000000000003
5341,0.0015799999237060547,0.0,-22.0
5342,0.0025627613067626953,0.0,-20.8
5343,0.0015630722045898438,0.0,-19.200000000000003
5344,0.0023488998413085938,0.0,-17.6
5345,0.0005893707275390625,0.0,-16.0
5346,0.001995563507080078,0.0,-14.0
5347,0.000579833984375,0.0,-12.0
5348,0.0018963813781738281,0.0,-10.0
5349,0.0005676746368408203,0.0,-7.6000000000000005
5350,0.0028536319732666016,0.0,-5.6000000000000005
5351,0.0005686283111572266,0.0,-3.2
5352,0.0022954940795898438,0.0,-1.2000000000000002
5353,0.0005612373352050781,0.0,1.2000000000000002
5354,0.0015573501586914062,0.0,3.6
5355,0.0006368160247802734,0.0,5.6000000000000005
5356,0.002299070358276367,0.0,8.0
5357,0.002374410629272461,0.0,10.0
5358,0.002466917037963867,0.0,12.0
5359,0.0017588138580322266,0.0,14.0
5360,0.0024411678314208984,0.0,15.600000000000001
5361,0.0025010108947753906,0.0,17.6
5362,0.0014300346374511719,0.0,18.8
5363,0.0022635459899902344,0.0,20.400000000000002
5364,0.0006883144378662109,0.0,21.6
5365,0.0027420520782470703,0.0,22.400000000000002
5366,0.0019664764404296875,0.0,23.6
5367,0.0006461143493652344,0.0,24.0
5368,0.0018672943115234375,0.0,24.8
5369,0.002666473388671875,0.0,24.8
5370,0.002272367477416992,0.0,24.8
5371,0.0026018619537353516,0.0,24.8
5372,0.0019435882568359375,0.0,24.400000000000002
5373,0.002501249313354492,0.0,24.0
5374,0.002105712890625,0.0,23.6
5375,0.0018045902252197266,0.0,22.400000000000002
5376,0.0025856494903564453,0.0,21.6
5377,0.0020575523376464844,0.0,20.400000000000002
5378,0.0020575523376464844,0.0,20.400000000000002
5379,0.0018494129180908203,0.0,18.8
5380,0.0006566047668457031,0.0,17.6
5381,0.0018880367279052734,0.0,15.600000000000001
5382,0.0005826950073242188,0.0,14.0
5383,0.0019366741180419922,0.0,12.0
5384,0.0005846023559570312,0.0,10.0
5385,0.0019407272338867188,0.0,8.0
5386,0.0005755424499511719,0.0,6.0
5387,0.001810312271118164,0.0,3.6
5388,0.001861572265625,0.0,1.6
5389,0.0018312931060791016,0.0,-0.4
5390,0.0017414093017578125,0.0,-2.8000000000000003
5391,0.002445697784423828,0.0,-4.800000000000001
5392,0.0018150806427001953,0.0,-7.2
5393,0.0006103515625,0.0,-9.200000000000001
5394,0.0019490718841552734,0.0,-11.200000000000001
5395,0.0023021697998046875,0.0,-12.8
5396,0.0022788047790527344,0.0,-14.8
5397,0.0006091594696044922,0.0,-16.400000000000002
5398,0.0018672943115234375,0.0,-18.0
5399,0.0023794174194335938,0.0,-19.200000000000003
5400,0.0005557537078857422,0.0,-20.400000000000002
5401,0.0014460086822509766,0.0,-21.6
5402,0.0019154548645019531,0.0,-22.400000000000002
5403,0.0006129741668701172,0.0,-23.200000000000003
5404,0.0020568370819091797,0.0,-23.6
5405,0.0005991458892822266,0.0,-24.0
5406,0.0019593238830566406,0.0,-24.0
5407,0.0006136894226074219,0.0,-24.0
5408,0.0024061203002929688,0.0,-24.0
5409,0.0006003379821777344,0.0,-23.6
5410,0.001964092254638672,0.0,-22.8
5411,0.0005962848663330078,0.0,-22.0
5412,0.0015323162078857422,0.0,-21.200000000000003
5413,0.0005848407745361328,0.0,-20.0
5414,0.0019299983978271484,0.0,-18.8
5415,0.0026836395263671875,0.0,-17.2
5416,0.0024971961975097656,0.0,-15.600000000000001
5417,0.0006034374237060547,0.0,-14.0
5418,0.0021791458129882812,0.0,-12.0
5419,0.000606536865234375,0.0,-10.4
5420,0.001897573471069336,0.0,-8.4
5421,0.0022461414337158203,0.0,-6.4
5422,0.0024025440216064453,0.0,-4.4
5423,0.0005998611450195312,0.0,-2.0
5424,0.0020515918731689453,0.0,0.0
5425,0.0022704601287841797,0.0,2.0
5426,0.002256631851196289,0.0,4.0
5427,0.002283811569213867,0.0,6.4
5428,0.0006206035614013672,0.0,8.4
5429,0.0019736289978027344,0.0,10.0
5430,0.002325773239135742,0.0,12.0
5431,0.002069711685180664,0.0,13.600000000000001
5432,0.0006248950958251953,0.0,15.200000000000001
5433,0.0019562244415283203,0.0,16.8
5434,0.0006034374237060547,0.0,18.400000000000002
5435,0.0019025802612304688,0.0,19.6
5436,0.001783609390258789,0.0,20.400000000000002
5437,0.0017237663269042969,0.0,21.200000000000003
5438,0.0016565322875976562,0.0,22.0
5439,0.0006113052368164062,0.0,22.8
5440,0.0018303394317626953,0.0,23.200000000000003
5441,0.0005943775177001953,0.0,23.200000000000003
5442,0.0018258094787597656,0.0,23.200000000000003
5443,0.0005681514739990234,0.0,23.200000000000003
5444,0.0009586811065673828,0.0,22.8
5445,0.002267599105834961,0.0,22.0
5446,0.0008556842803955078,0.0,21.6
5447,0.002204418182373047,0.0,20.400000000000002
5448,0.002125978469848633,0.0,18.400000000000002
5449,0.0006711483001708984,0.0,16.8
5450,0.0022509098052978516,0.0,15.600000000000001
5451,0.0006368160247802734,0.0,14.0
5452,0.002066373825073242,0.0,12.0
5453,0.0024194717407226562,0.0,10.4
5454,0.0006697177886962891,0.0,8.4
5455,0.0024862289428710938,0.0,6.4
5456,0.0024411678314208984,0.0,4.4
5457,0.0006635189056396484,0.0,2.4000000000000004
5458,0.0014927387237548828,0.0,0.4
5459,0.0006127357482910156,0.0,-1.6
5460,0.0018415451049804688,0.0,-3.6
5461,0.0006062984466552734,0.0,-5.6000000000000005
5462,0.001985788345336914,0.0,-7.6000000000000005
5463,0.0018107891082763672,0.0,-9.600000000000001
5464,0.001863241195678711,0.0,-11.200000000000001
5465,0.002379894256591797,0.0,-12.8
5466,0.0022678375244140625,0.0,-14.4
5467,0.0006537437438964844,0.0,-16.0
5468,0.0022339820861816406,0.0,-17.2
5469,0.0006692409515380859,0.0,-18.400000000000002
5470,0.001806020736694336,0.0,-19.6
5471,0.0019328594207763672,0.0,-20.400000000000002
5472,0.0018889904022216797,0.0,-21.200000000000003
5473,0.0024733543395996094,0.0,-22.0
5474,0.0022764205932617188,0.0,-22.400000000000002
5475,0.0019555091857910156,0.0,-22.400000000000002
5476,0.0024199485778808594,0.0,-22.400000000000002
5477,0.001867532730102539,0.0,-22.400000000000002
5478,0.0018994808197021484,0.0,-22.0
5479,0.0006937980651855469,0.0,-21.6
5480,0.0018939971923828125,0.0,-20.8
5481,0.0020704269409179688,0.0,-20.0
5482,0.0021746158599853516,0.0,-19.200000000000003
5483,0.0019106864929199219,0.0,-18.0
5484,0.0020749568939208984,0.0,-16.8
5485,0.0006921291351318359,0.0,-15.200000000000001
5486,0.0021386146545410156,0.0,-13.600000000000001
5487,0.0006771087646484375,0.0,-12.0
5488,0.0024089813232421875,0.0,-10.4
5489,0.0006041526794433594,0.0,-8.4
5490,0.0015490055084228516,0.0,-6.800000000000001
5491,0.002197742462158203,0.0,-4.800000000000001
5492,0.0015180110931396484,0.0,-2.8000000000000003
5493,0.0020263195037841797,0.0,-0.8
5494,0.0006079673767089844,0.0,1.2000000000000002
5495,0.001903533935546875,0.0,3.2
5496,0.0006144046783447266,0.0,4.800000000000001
5497,0.0015780925750732422,0.0,6.800000000000001
5498,0.0006134510040283203,0.0,8.8
5499,0.0015988349914550781,0.0,10.4
5500,0.0005662441253662109,0.0,12.0
5501,0.0018985271453857422,0.0,13.600000000000001
5502,0.0005805492401123047,0.0,15.200000000000001
5503,0.0015716552734375,0.0,16.400000000000002
5504,0.0006010532379150391,0.0,17.6
5505,0.0021305084228515625,0.0,18.8
5506,0.0007195472717285156,0.0,19.6
5507,0.0019779205322265625,0.0,20.400000000000002
5508,0.0006253719329833984,0.0,20.8
5509,0.001985311508178711,0.0,21.200000000000003
5510,0.0021538734436035156,0.0,21.6
5511,0.0026013851165771484,0.0,21.6
5512,0.0022454261779785156,0.0,21.6
5513,0.0021719932556152344,0.0,21.200000000000003
5514,0.002604961395263672,0.0,20.8
5515,0.001829385757446289,0.0,20.0
5516,0.0006439685821533203,0.0,19.6
5517,0.002355337142944336,0.0,18.400000000000002
5518,0.002505064010620117,0.0,17.6
5519,0.0022766590118408203,0.0,16.400000000000002
5520,0.002042055130004883,0.0,14.8
5521,0.0020024776458740234,0.0,13.600000000000001
5522,0.0022912025451660156,0.0,12.0
5523,0.0006425380706787109,0.0,10.4
5524,0.0018663406372070312,0.0,8.4
5525,0.0006504058837890625,0.0,6.800000000000001
5526,0.0020225048065185547,0.0,4.800000000000001
5527,0.0007593631744384766,0.0,3.2
5528,0.002171754837036133,0.0,1.2000000000000002
5529,0.002171754837036133,0.0,1.2000000000000002
5530,0.0016252994537353516,0.0,-0.8
5531,0.0020949840545654297,0.0,-2.8000000000000003
5532,0.0014812946319580078,0.0,-4.4
5533,0.001994609832763672,0.0,-6.4
5534,0.002243518829345703,0.0,-8.0
5535,0.0006115436553955078,0.0,-9.600000000000001
5536,0.0015592575073242188,0.0,-11.600000000000001
5537,0.0006172657012939453,0.0,-12.8
5538,0.001832723617553711,0.0,-14.4
5539,0.00060272216796875,0.0,-15.600000000000001
5540,0.0019240379333496094,0.0,-16.8
5541,0.002379179000854492,0.0,-18.0
5542,0.0020051002502441406,0.0,-18.8
5543,0.0018801689147949219,0.0,-19.6
5544,0.0006239414215087891,0.0,-20.0
5545,0.0021779537200927734,0.0,-20.400000000000002
5546,0.00254058837890625,0.0,-20.8
5547,0.0023441314697265625,0.0,-20.8
5548,0.0019505023956298828,0.0,-20.8
5549,0.0024123191833496094,0.0,-20.400000000000002
5550,0.0024118423461914062,0.0,-20.400000000000002
5551,0.002084493637084961,0.0,-19.6
5552,0.002188444137573242,0.0,-18.8
5553,0.0014681816101074219,0.0,-18.0
5554,0.0006434917449951172,0.0,-17.2
5555,0.0019519329071044922,0.0,-16.0
5556,0.0024175643920898438,0.0,-14.8
5557,0.0015478134155273438,0.0,-13.200000000000001
5558,0.0006628036499023438,0.0,-12.0
5559,0.0022110939025878906,0.0,-10.4
5560,0.0011513233184814453,0.0,-8.8
5561,0.0026235580444335938,0.0,-6.800000000000001
5562,0.002432584762573242,0.0,-5.2
5563,0.0023484230041503906,0.0,-3.2
5564,0.002142190933227539,0.0,-1.6
5565,0.00240325927734375,0.0,0.4
5566,0.00072479248046875,0.0,2.0
5567,0.0020818710327148438,0.0,4.0
5568,0.0006802082061767578,0.0,5.6000000000000005
5569,0.0019216537475585938,0.0,7.6000000000000005
5570,0.0015001296997070312,0.0,9.200000000000001
5571,0.001790761947631836,0.0,10.8
5572,0.0006513595581054688,0.0,12.0
5573,0.001409769058227539,0.0,13.600000000000001
5574,0.0015997886657714844,0.0,14.8
5575,0.001058816909790039,0.0,16.0
5576,0.0018162727355957031,0.0,17.2
5577,0.0008518695831298828,0.0,18.0
5578,0.0019605159759521484,0.0,18.8
5579,0.003237009048461914,0.0,19.200000000000003
5580,0.001954793930053711,0.0,19.6
5581,0.0008804798126220703,0.0,20.0
5582,0.0016047954559326172,0.0,20.0
5583,0.002043008804321289,0.0,20.0
5584,0.0009748935699462891,0.0,20.0
5585,0.0021049976348876953,0.0,19.6
5586,0.0010609626770019531,0.0,18.8
5587,0.0008270740509033203,0.0,18.400000000000002
5588,0.0007746219635009766,0.0,17.6
5589,0.0006322860717773438,0.0,16.400000000000002
5590,0.0008726119995117188,0.0,15.600000000000001
5591,0.0002837181091308594,0.0,14.4
5592,0.0007326602935791016,0.0,12.8
5593,0.0009636878967285156,0.0,11.600000000000001
5594,0.0007369518280029297,0.0,10.0
5595,0.001669168472290039,0.0,8.4
5596,0.0008487701416015625,0.0,6.800000000000001
5597,0.0009734630584716797,0.0,5.2
5598,0.0018677711486816406,0.0,3.2
5599,0.001928091049194336,0.0,1.6
5600,0.002336740493774414,0.0,0.0
5601,0.0021181106567382812,0.0,-2.0
5602,0.0006465911865234375,0.0,-3.6
5603,0.0020492076873779297,0.0,-5.2
5604,0.0006206035614013672,0.0,-7.2
5605,0.0024352073669433594,0.0,-8.8
5606,0.0007748603820800781,0.0,-10.4
5607,0.002806425094604492,0.0,-11.600000000000001
5608,0.0006933212280273438,0.0,-13.200000000000001
5609,0.002170562744140625,0.0,-14.4
5610,0.0006451606750488281,0.0,-15.600000000000001
5611,0.0018358230590820312,0.0,-16.400000000000002
5612,0.0018932819366455078,0.0,-17.2
5613,0.0006208419799804688,0.0,-18.0
5614,0.00150299072265625,0.0,-18.8
5615,0.0006258487701416016,0.0,-19.200000000000003
5616,0.001840353012084961,0.0,-19.200000000000003
5617,0.0006501674652099609,0.0,-19.6
5618,0.0014851093292236328,0.0,-19.6
5619,0.002335786819458008,0.0,-19.200000000000003
5620,0.0005996227264404297,0.0,-18.8
5621,0.002399921417236328,0.0,-18.400000000000002
5622,0.0006146430969238281,0.0,-18.0
5623,0.0019354820251464844,0.0,-17.2
5624,0.0005784034729003906,0.0,-16.0
5625,0.0019295215606689453,0.0,-15.200000000000001
5626,0.0005719661712646484,0.0,-14.0
5627,0.0018775463104248047,0.0,-12.8
5628,0.0005943775177001953,0.0,-11.200000000000001
5629,0.0022597312927246094,0.0,-10.0
5630,0.0005757808685302734,0.0,-8.4
5631,0.0022814273834228516,0.0,-6.800000000000001
5632,0.0005710124969482422,0.0,-5.2
5633,0.0020613670349121094,0.0,-3.6
5634,0.0006031990051269531,0.0,-1.6
5635,0.001917123794555664,0.0,0.0
5636,0.002437114715576172,0.0,1.6
5637,0.002164125442504883,0.0,3.2
5638,0.002006053924560547,0.0,4.800000000000001
5639,0.0026149749755859375,0.0,6.800000000000001
5640,0.0018322467803955078,0.0,8.0
5641,0.0022144317626953125,0.0,9.600000000000001
5642,0.0018427371978759766,0.0,11.200000000000001
5643,0.0018100738525390625,0.0,12.4
5644,0.0025987625122070312,0.0,13.600000000000001
5645,0.0024704933166503906,0.0,14.8
5646,0.0006203651428222656,0.0,15.600000000000001
5647,0.0015287399291992188,0.0,16.400000000000002
5648,0.0020699501037597656,0.0,17.2
5649,0.0021283626556396484,0.0,18.0
5650,0.0023064613342285156,0.0,18.400000000000002
5651,0.0006754398345947266,0.0,18.400000000000002
5652,0.0015621185302734375,0.0,18.8
5653,0.0006277561187744141,0.0,18.8
5654,0.0021250247955322266,0.0,18.400000000000002
5655,0.0006775856018066406,0.0,18.400000000000002
5656,0.0016894340515136719,0.0,17.6
5657,0.002224445343017578,0.0,17.2
5658,0.0023355484008789062,0.0,16.400000000000002
5659,0.0017752647399902344,0.0,15.600000000000001
5660,0.0022652149200439453,0.0,14.8
5661,0.0006804466247558594,0.0,13.600000000000001
5662,0.0024182796478271484,0.0,12.4
5663,0.0006403923034667969,0.0,11.200000000000001
5664,0.0015723705291748047,0.0,9.600000000000001
5665,0.0019338130950927734,0.0,8.0
5666,0.0006048679351806641,0.0,6.800000000000001
5667,0.002367258071899414,0.0,5.2
5668,0.0006716251373291016,0.0,3.6
5669,0.0015223026275634766,0.0,1.6
5670,0.0006177425384521484,0.0,0.0
5671,0.0015993118286132812,0.0,-1.6
5672,0.002683401107788086,0.0,-3.2
5673,0.0020134449005126953,0.0,-4.800000000000001
5674,0.00203704833984375,0.0,-6.4
5675,0.0007586479187011719,0.0,-8.0
5676,0.0024595260620117188,0.0,-9.200000000000001
5677,0.002331256866455078,0.0,-10.8
5678,0.002331256866455078,0.0,-10.8
5679,0.002492189407348633,0.0,-12.0
5680,0.002324819564819336,0.0,-13.200000000000001
5681,0.0006275177001953125,0.0,-14.4
5682,0.001924753189086914,0.0,-15.200000000000001
5683,0.0005857944488525391,0.0,-16.0
5684,0.0016987323760986328,0.0,-16.8
5685,0.0005931854248046875,0.0,-17.2
5686,0.0022373199462890625,0.0,-17.6
5687,0.0006110668182373047,0.0,-18.0
5688,0.0019192695617675781,0.0,-18.0
5689,0.0005867481231689453,0.0,-18.0
5690,0.0019266605377197266,0.0,-18.0
5691,0.001911163330078125,0.0,-17.6
5692,0.0020775794982910156,0.0,-17.2
5693,0.0005965232849121094,0.0,-16.8
5694,0.0015685558319091797,0.0,-16.0
5695,0.0020377635955810547,0.0,-15.200000000000001
5696,0.0021762847900390625,0.0,-14.4
5697,0.0006098747253417969,0.0,-13.200000000000001
5698,0.0019507408142089844,0.0,-12.0
5699,0.0018758773803710938,0.0,-10.8
5700,0.002638578414916992,0.0,-9.600000000000001
5701,0.001873016357421875,0.0,-8.0
5702,0.001828908920288086,0.0,-6.4
5703,0.0005884170532226562,0.0,-5.2
5704,0.0019783973693847656,0.0,-3.6
5705,0.0005218982696533203,0.0,-2.0
5706,0.0028820037841796875,0.0,-0.4
5707,0.0015628337860107422,0.0,1.2000000000000002
5708,0.0006382465362548828,0.0,2.8000000000000003
5709,0.0025293827056884766,0.0,4.4
5710,0.0006046295166015625,0.0,6.0
5711,0.0015282630920410156,0.0,7.6000000000000005
5712,0.0006716251373291016,0.0,8.8
5713,0.0017209053039550781,0.0,10.0
5714,0.0006220340728759766,0.0,11.600000000000001
5715,0.001996755599975586,0.0,12.4
5716,0.0006580352783203125,0.0,13.600000000000001
5717,0.0020341873168945312,0.0,14.4
5718,0.0016584396362304688,0.0,15.200000000000001
5719,0.002092123031616211,0.0,16.0
5720,0.002561807632446289,0.0,16.400000000000002
5721,0.0019059181213378906,0.0,17.2
5722,0.002193450927734375,0.0,17.2
5723,0.002227783203125,0.0,17.6
5724,0.0018398761749267578,0.0,17.6
5725,0.000675201416015625,0.0,17.2
5726,0.002170085906982422,0.0,17.2
5727,0.002424955368041992,0.0,16.8
5728,0.0006349086761474609,0.0,16.0
5729,0.002179861068725586,0.0,15.600000000000001
5730,0.002346038818359375,0.0,14.8
5731,0.0026445388793945312,0.0,13.600000000000001
5732,0.0017743110656738281,0.0,12.8
5733,0.0023488998413085938,0.0,11.600000000000001
5734,0.0006444454193115234,0.0,10.4
5735,0.0014903545379638672,0.0,9.200000000000001
5736,0.0022704601287841797,0.0,7.6000000000000005
5737,0.0006115436553955078,0.0,6.4
5738,0.0016536712646484375,0.0,4.800000000000001
5739,0.002423524856567383,0.0,3.2
5740,0.0015649795532226562,0.0,2.0
5741,0.001650094985961914,0.0,0.4
5742,0.0020432472229003906,0.0,-1.2000000000000002
5743,0.002238035202026367,0.0,-2.8000000000000003
5744,0.0006334781646728516,0.0,-4.4
5745,0.0028905868530273438,0.0,-5.6000000000000005
5746,0.0018568038940429688,0.0,-7.2
5747,0.0023009777069091797,0.0,-8.4
5748,0.0019812583923339844,0.0,-10.0
5749,0.001888275146484375,0.0,-11.200000000000001
5750,0.001918792724609375,0.0,-12.0
5751,0.0021028518676757812,0.0,-13.200000000000001
5752,0.0019979476928710938,0.0,-14.0
5753,0.0025806427001953125,0.0,-14.8
5754,0.0020151138305664062,0.0,-15.600000000000001
5755,0.0023508071899414062,0.0,-16.0
5756,0.0006515979766845703,0.0,-16.400000000000002
5757,0.0015554428100585938,0.0,-16.8
5758,0.0006365776062011719,0.0,-16.8
5759,0.0015583038330078125,0.0,-17.2
5760,0.0015194416046142578,0.0,-16.8
5761,0.0006592273712158203,0.0,-16.8
5762,0.001615762710571289,0.0,-16.400000000000002
5763,0.0006003379821777344,0.0,-15.600000000000001
5764,0.001589059829711914,0.0,-15.200000000000001
5765,0.0005803108215332031,0.0,-14.4
5766,0.0020394325256347656,0.0,-13.600000000000001
5767,0.002255678176879883,0.0,-12.4
5768,0.0019969940185546875,0.0,-11.200000000000001
5769,0.0006067752838134766,0.0,-10.0
5770,0.0015635490417480469,0.0,-8.8
5771,0.0020263195037841797,0.0,-7.6000000000000005
5772,0.0020232200622558594,0.0,-6.4
5773,0.0020482540130615234,0.0,-4.800000000000001
5774,0.0018963813781738281,0.0,-3.2
5775,0.0018801689147949219,0.0,-2.0
5776,0.0024423599243164062,0.0,-0.4
5777,0.0006756782531738281,0.0,1.2000000000000002
5778,0.0018756389617919922,0.0,2.8000000000000003
5779,0.0022203922271728516,0.0,4.0
5780,0.002054929733276367,0.0,5.6000000000000005
5781,0.0006587505340576172,0.0,6.800000000000001
5782,0.0016314983367919922,0.0,8.0
5783,0.0006372928619384766,0.0,9.600000000000001
5784,0.0017457008361816406,0.0,10.4
5785,0.0021505355834960938,0.0,11.600000000000001
5786,0.002460479736328125,0.0,12.8
5787,0.0017697811126708984,0.0,13.600000000000001
5788,0.0022988319396972656,0.0,14.4
5789,0.0006115436553955078,0.0,14.8
5790,0.001552581787109375,0.0,15.600000000000001
5791,0.0019855499267578125,0.0,16.0
5792,0.0005884170532226562,0.0,16.0
5793,0.0016407966613769531,0.0,16.400000000000002
5794,0.0024847984313964844,0.0,16.400000000000002
5795,0.0006184577941894531,0.0,16.400000000000002
5796,0.0019481182098388672,0.0,16.0
5797,0.0018274784088134766,0.0,15.600000000000001
5798,0.0017898082733154297,0.0,15.200000000000001
5799,0.001959085464477539,0.0,14.4
5800,0.0005908012390136719,0.0,13.600000000000001
5801,0.002008199691772461,0.0,12.8
5802,0.0005745887756347656,0.0,12.0
5803,0.0018372535705566406,0.0,10.8
5804,0.0014495849609375,0.0,9.600000000000001
5805,0.0005903244018554688,0.0,8.4
5806,0.0019881725311279297,0.0,7.2
5807,0.0006206035614013672,0.0,6.0
5808,0.001964092254638672,0.0,4.4
5809,0.0005841255187988281,0.0,3.2
5810,0.001865386962890625,0.0,1.6
5811,0.002246856689453125,0.0,0.4
5812,0.0005662441253662109,0.0,-1.2000000000000002
5813,0.001482248306274414,0.0,-2.4000000000000004
5814,0.0005879402160644531,0.0,-4.0
5815,0.0016453266143798828,0.0,-5.2
5816,0.0006403923034667969,0.0,-6.800000000000001
5817,0.0022945404052734375,0.0,-8.0
5818,0.0005984306335449219,0.0,-9.200000000000001
5819,0.0019407272338867188,0.0,-10.4
5820,0.0018990039825439453,0.0,-11.200000000000001
5821,0.0007562637329101562,0.0,-12.4
5822,0.001550436019897461,0.0,-13.200000000000001
5823,0.0008521080017089844,0.0,-14.0
5824,0.002012014389038086,0.0,-14.4
5825,0.002219676971435547,0.0,-15.200000000000001
5826,0.0027778148651123047,0.0,-15.600000000000001
5827,0.0018508434295654297,0.0,-15.600000000000001
5828,0.0018508434295654297,0.0,-15.600000000000001
5829,0.001766204833984375,0.0,-16.0
5830,0.0006504058837890625,0.0,-16.0
5831,0.0018353462219238281,0.0,-15.600000000000001
5832,0.002034902572631836,0.0,-15.600000000000001
5833,0.0006158351898193359,0.0,-15.200000000000001
5834,0.0015711784362792969,0.0,-14.8
5835,0.0005955696105957031,0.0,-14.0
5836,0.00193023681640625,0.0,-13.200000000000001
5837,0.0024368762969970703,0.0,-12.4
5838,0.0006074905395507812,0.0,-11.600000000000001
5839,0.0015306472778320312,0.0,-10.8
5840,0.0016045570373535156,0.0,-9.600000000000001
5841,0.0005986690521240234,0.0,-8.4
5842,0.0019788742065429688,0.0,-7.2
5843,0.0005633831024169922,0.0,-6.0
5844,0.0021233558654785156,0.0,-4.4
5845,0.0005817413330078125,0.0,-3.2
5846,0.002137899398803711,0.0,-1.6
5847,0.0005819797515869141,0.0,-0.4
5848,0.0025963783264160156,0.0,1.2000000000000002
5849,0.0018572807312011719,0.0,2.4000000000000004
5850,0.0023469924926757812,0.0,3.6
5851,0.001847982406616211,0.0,5.2
5852,0.0020079612731933594,0.0,6.4
5853,0.0006022453308105469,0.0,7.6000000000000005
5854,0.0017211437225341797,0.0,8.8
5855,0.0023627281188964844,0.0,10.0
5856,0.0006427764892578125,0.0,10.8
5857,0.001955747604370117,0.0,12.0
5858,0.002569913864135742,0.0,12.8
5859,0.0006203651428222656,0.0,13.200000000000001
5860,0.0016558170318603516,0.0,14.0
5861,0.0006170272827148438,0.0,14.4
5862,0.0015575885772705078,0.0,14.8
5863,0.0005815029144287109,0.0,15.200000000000001
5864,0.0017101764678955078,0.0,15.200000000000001
5865,0.002229452133178711,0.0,15.200000000000001
5866,0.0006330013275146484,0.0,15.200000000000001
5867,0.0019001960754394531,0.0,14.8
5868,0.0005860328674316406,0.0,14.4
5869,0.0020329952239990234,0.0,14.0
5870,0.0005621910095214844,0.0,13.600000000000001
5871,0.0020194053649902344,0.0,12.8
5872,0.0023703575134277344,0.0,12.0
5873,0.002751588821411133,0.0,11.200000000000001
5874,0.0019958019256591797,0.0,10.0
5875,0.0006420612335205078,0.0,9.200000000000001
5876,0.0025861263275146484,0.0,8.0
5877,0.0006401538848876953,0.0,6.800000000000001
5878,0.0019223690032958984,0.0,5.6000000000000005
5879,0.0005824565887451172,0.0,4.4
5880,0.0019698143005371094,0.0,2.8000000000000003
5881,0.0018284320831298828,0.0,1.6
5882,0.0015819072723388672,0.0,0.4
5883,0.002213001251220703,0.0,-1.2000000000000002
5884,0.0015304088592529297,0.0,-2.4000000000000004
5885,0.0018496513366699219,0.0,-3.6
5886,0.0005917549133300781,0.0,-5.2
5887,0.0020225048065185547,0.0,-6.4
5888,0.0006108283996582031,0.0,-7.6000000000000005
5889,0.001955270767211914,0.0,-8.8
5890,0.0005884170532226562,0.0,-9.600000000000001
5891,0.0017440319061279297,0.0,-10.8
5892,0.0024199485778808594,0.0,-11.600000000000001
5893,0.0005617141723632812,0.0,-12.4
5894,0.0016028881072998047,0.0,-13.200000000000001
5895,0.002146005630493164,0.0,-13.600000000000001
5896,0.0005831718444824219,0.0,-14.0
5897,0.0017559528350830078,0.0,-14.4
5898,0.0005998611450195312,0.0,-14.8
5899,0.0015575885772705078,0.0,-14.8
5900,0.0005779266357421875,0.0,-14.8
5901,0.0014662742614746094,0.0,-14.8
5902,0.0005781650543212891,0.0,-14.4
5903,0.0016396045684814453,0.0,-14.0
5904,0.0005114078521728516,0.0,-13.600000000000001
5905,0.0008776187896728516,0.0,-13.200000000000001
5906,0.0006277561187744141,0.0,-12.4
5907,0.0007293224334716797,0.0,-11.600000000000001
5908,0.0007452964782714844,0.0,-10.8
5909,0.002233743667602539,0.0,-10.0
5910,0.0006532669067382812,0.0,-8.8
5911,0.002302885055541992,0.0,-7.6000000000000005
5912,0.00066375732421875,0.0,-6.800000000000001
5913,0.0015921592712402344,0.0,-5.2
5914,0.0019228458404541016,0.0,-4.0
5915,0.002362966537475586,0.0,-2.8000000000000003
5916,0.0006229877471923828,0.0,-1.6
5917,0.001970052719116211,0.0,-0.4
5918,0.0006096363067626953,0.0,1.2000000000000002
5919,0.0019788742065429688,0.0,2.4000000000000004
5920,0.0019223690032958984,0.0,3.6
5921,0.0005810260772705078,0.0,4.800000000000001
5922,0.0018427371978759766,0.0,6.0
5923,0.0024504661560058594,0.0,7.2
5924,0.0006058216094970703,0.0,8.4
5925,0.0020678043365478516,0.0,9.200000000000001
5926,0.0024826526641845703,0.0,10.4
5927,0.0019102096557617188,0.0,11.200000000000001
5928,0.002042055130004883,0.0,12.0
5929,0.0006527900695800781,0.0,12.4
5930,0.0014920234680175781,0.0,13.200000000000001
5931,0.0006434917449951172,0.0,13.600000000000001
5932,0.0015523433685302734,0.0,14.0
5933,0.0006012916564941406,0.0,14.0
5934,0.0014805793762207031,0.0,14.4
5935,0.0005500316619873047,0.0,14.4
5936,0.001729726791381836,0.0,14.0
5937,0.0005331039428710938,0.0,14.0
5938,0.001977205276489258,0.0,13.600000000000001
5939,0.00199127197265625,0.0,13.200000000000001
5940,0.002337932586669922,0.0,12.4
5941,0.0019779205322265625,0.0,12.0
5942,0.002000570297241211,0.0,11.200000000000001
5943,0.0005950927734375,0.0,10.4
5944,0.002816915512084961,0.0,9.600000000000001
5945,0.0019404888153076172,0.0,8.4
5946,0.0006089210510253906,0.0,7.2
5947,0.002513885498046875,0.0,6.4
5948,0.0025691986083984375,0.0,5.2
5949,0.0023174285888671875,0.0,4.0
5950,0.002417325973510742,0.0,2.8000000000000003
5951,0.0006289482116699219,0.0,1.2000000000000002
5952,0.0020411014556884766,0.0,0.0
5953,0.002481222152709961,0.0,-1.2000000000000002
5954,0.0027112960815429688,0.0,-2.4000000000000004
5955,0.0005781650543212891,0.0,-3.6
5956,0.002555370330810547,0.0,-4.800000000000001
5957,0.0006628036499023438,0.0,-6.0
5958,0.0024886131286621094,0.0,-7.2
5959,0.0006406307220458984,0.0,-8.0
5960,0.0022678375244140625,0.0,-9.200000000000001
5961,0.0006575584411621094,0.0,-10.0
5962,0.0015583038330078125,0.0,-10.8
5963,0.0005941390991210938,0.0,-11.600000000000001
5964,0.002054929733276367,0.0,-12.4
5965,0.0006239414215087891,0.0,-12.8
5966,0.0005571842193603516,0.0,-13.200000000000001
5967,0.0006227493286132812,0.0,-13.600000000000001
5968,0.0032622814178466797,0.0,-13.600000000000001
5969,0.002485036849975586,0.0,-14.0
5970,0.0021882057189941406,0.0,-14.0
5971,0.002696514129638672,0.0,-13.600000000000001
5972,0.0023717880249023438,0.0,-13.600000000000001
5973,0.001984119415283203,0.0,-13.200000000000001
5974,0.002346515655517578,0.0,-12.8
5975,0.0014777183532714844,0.0,-12.0
5976,0.0021102428436279297,0.0,-11.600000000000001
5977,0.001990795135498047,0.0,-10.8
5978,0.00225067138671875,0.0,-10.0
5979,0.00225067138671875,0.0,-10.0
5980,0.002304553985595703,0.0,-9.200000000000001
5981,0.0016150474548339844,0.0,-8.0
5982,0.002234220504760742,0.0,-7.2
5983,0.0018475055694580078,0.0,-6.0
5984,0.0023555755615234375,0.0,-4.800000000000001
5985,0.0005130767822265625,0.0,-3.6
5986,0.0017948150634765625,0.0,-2.4000000000000004
5987,0.0006530284881591797,0.0,-1.2000000000000002
5988,0.002086639404296875,0.0,0.0
5989,0.002576112747192383,0.0,1.2000000000000002
5990,0.00257110595703125,0.0,2.4000000000000004
5991,0.0022602081298828125,0.0,3.6
5992,0.002447843551635742,0.0,4.800000000000001
5993,0.002321004867553711,0.0,5.6000000000000005
5994,0.002359151840209961,0.0,6.800000000000001
5995,0.0006575584411621094,0.0,8.0
5996,0.0015740394592285156,0.0,8.8
5997,0.0020732879638671875,0.0,9.600000000000001
5998,0.0020110607147216797,0.0,10.4
5999,0.001806497573852539,0.0,11.200000000000001
6000,0.002569913864135742,0.0,11.600000000000001
6001,0.0018229484558105469,0.0,12.4
6002,0.0006139278411865234,0.0,12.8
6003,0.002088785171508789,0.0,12.8
6004,0.0006103515625,0.0,13.200000000000001
6005,0.0016720294952392578,0.0,13.200000000000001
6006,0.0007727146148681641,0.0,13.200000000000001
6007,0.0023272037506103516,0.0,13.200000000000001
6008,0.0006434917449951172,0.0,12.8
6009,0.0017004013061523438,0.0,12.8
6010,0.0024871826171875,0.0,12.0
6011,0.0017616748809814453,0.0,11.600000000000001
6012,0.0016179084777832031,0.0,11.200000000000001
6013,0.0023450851440429688,0.0,10.4
6014,0.002320528030395508,0.0,9.600000000000001
6015,0.0006616115570068359,0.0,8.8
6016,0.001997709274291992,0.0,7.6000000000000005
6017,0.0006449222564697266,0.0,6.800000000000001
6018,0.0018689632415771484,0.0,5.6000000000000005
6019,0.0006077289581298828,0.0,4.800000000000001
6020,0.001592397689819336,0.0,3.6
6021,0.0006079673767089844,0.0,2.4000000000000004
6022,0.0017218589782714844,0.0,1.2000000000000002
6023,0.002193927764892578,0.0,0.0
6024,0.0019004344940185547,0.0,-1.2000000000000002
6025,0.0018773078918457031,0.0,-2.4000000000000004
6026,0.0025398731231689453,0.0,-3.6
6027,0.0015578269958496094,0.0,-4.800000000000001
6028,0.0023522377014160156,0.0,-5.6000000000000005
6029,0.0006678104400634766,0.0,-6.800000000000001
6030,0.00199127197265625,0.0,-7.6000000000000005
6031,0.002343893051147461,0.0,-8.4
6032,0.0017993450164794922,0.0,-9.600000000000001
6033,0.0019402503967285156,0.0,-10.0
6034,0.002112865447998047,0.0,-10.8
6035,0.0019235610961914062,0.0,-11.600000000000001
6036,0.00066375732421875,0.0,-12.0
6037,0.0018956661224365234,0.0,-12.4
6038,0.0006260871887207031,0.0,-12.8
6039,0.0017673969268798828,0.0,-12.8
6040,0.0020275115966796875,0.0,-12.8
6041,0.001958131790161133,0.0,-12.8
6042,0.0006117820739746094,0.0,-12.8
6043,0.0018916130065917969,0.0,-12.4
6044,0.0005886554718017578,0.0,-12.4
6045,0.0021185874938964844,0.0,-12.0
6046,0.0023293495178222656,0.0,-11.200000000000001
6047,0.0005917549133300781,0.0,-10.8
6048,0.0016794204711914062,0.0,-10.0
6049,0.0006110668182373047,0.0,-9.200000000000001
6050,0.0021810531616210938,0.0,-8.4
6051,0.000591278076171875,0.0,-7.6000000000000005
6052,0.002256155014038086,0.0,-6.4
6053,0.0019397735595703125,0.0,-5.6000000000000005
6054,0.0018727779388427734,0.0,-4.4
6055,0.0017879009246826172,0.0,-3.2
6056,0.0016171932220458984,0.0,-2.4000000000000004
6057,0.002268552780151367,0.0,-1.2000000000000002
6058,0.0006330013275146484,0.0,0.0
6059,0.002373218536376953,0.0,1.2000000000000002
6060,0.002053499221801758,0.0,2.4000000000000004
6061,0.0006430149078369141,0.0,3.2
6062,0.001512765884399414,0.0,4.4
6063,0.0019326210021972656,0.0,5.6000000000000005
6064,0.0014727115631103516,0.0,6.4
6065,0.000621795654296875,0.0,7.6000000000000005
6066,0.0015850067138671875,0.0,8.4
6067,0.0006132125854492188,0.0,9.200000000000001
6068,0.0016796588897705078,0.0,10.0
6069,0.0006196498870849609,0.0,10.4
6070,0.001992940902709961,0.0,11.200000000000001
6071,0.0022687911987304688,0.0,11.600000000000001
6072,0.002252340316772461,0.0,12.0
6073,0.0006213188171386719,0.0,12.0
6074,0.0019202232360839844,0.0,12.4
6075,0.0006840229034423828,0.0,12.4
6076,0.0015609264373779297,0.0,12.4
6077,0.001970529556274414,0.0,12.4
6078,0.0006999969482421875,0.0,12.0
6079,0.0019180774688720703,0.0,11.600000000000001
6080,0.0017850399017333984,0.0,11.200000000000001
6081,0.0006194114685058594,0.0,10.8
6082,0.0020656585693359375,0.0,10.0
6083,0.0005826950073242188,0.0,9.600000000000001
6084,0.002491474151611328,0.0,8.8
6085,0.0005867481231689453,0.0,8.0
6086,0.0016722679138183594,0.0,7.2
6087,0.002432584762573242,0.0,6.0
6088,0.0006306171417236328,0.0,5.2
6089,0.0020363330841064453,0.0,4.0
6090,0.002297639846801758,0.0,3.2
6091,0.0006177425384521484,0.0,2.0
6092,0.0019986629486083984,0.0,0.8
6093,0.002521038055419922,0.0,0.0
6094,0.0006029605865478516,0.0,-1.2000000000000002
6095,0.002432584762573242,0.0,-2.4000000000000004
6096,0.0022203922271728516,0.0,-3.6
6097,0.0005900859832763672,0.0,-4.4
6098,0.002427339553833008,0.0,-5.6000000000000005
6099,0.0006048679351806641,0.0,-6.4
6100,0.001680612564086914,0.0,-7.2
6101,0.0024526119232177734,0.0,-8.0
6102,0.0024633407592773438,0.0,-8.8
6103,0.0029582977294921875,0.0,-9.600000000000001
6104,0.002042531967163086,0.0,-10.4
6105,0.0019812583923339844,0.0,-10.8
6106,0.002295970916748047,0.0,-11.200000000000001
6107,0.0023374557495117188,0.0,-11.600000000000001
6108,0.0024399757385253906,0.0,-12.0
6109,0.0024194717407226562,0.0,-12.0
6110,0.0007419586181640625,0.0,-12.0
6111,0.0015664100646972656,0.0,-12.0
6112,0.0006797313690185547,0.0,-12.0
6113,0.0016360282897949219,0.0,-11.600000000000001
6114,0.001917123794555664,0.0,-11.200000000000001
6115,0.001917123794555664,0.0,-11.200000000000001
6116,0.00189971923828125,0.0,-10.8
6117,0.0008256435394287109,0.0,-10.4
6118,0.0023055076599121094,0.0,-10.0
6119,0.002333402633666992,0.0,-9.200000000000001
6120,0.0019500255584716797,0.0,-8.4
6121,0.0019192695617675781,0.0,-7.6000000000000005
6122,0.0018889904022216797,0.0,-6.800000000000001
6123,0.0005908012390136719,0.0,-6.0
6124,0.002022981643676758,0.0,-5.2
6125,0.002290964126586914,0.0,-4.0
6126,0.0006077289581298828,0.0,-2.8000000000000003
6127,0.0020058155059814453,0.0,-2.0
6128,0.0006270408630371094,0.0,-0.8
6129,0.002635478973388672,0.0,0.0
6130,0.0005819797515869141,0.0,1.2000000000000002
6131,0.001577615737915039,0.0,2.4000000000000004
6132,0.002015829086303711,0.0,3.2
6133,0.0006010532379150391,0.0,4.4
6134,0.0020127296447753906,0.0,5.2
6135,0.0005850791931152344,0.0,6.0
6136,0.0019795894622802734,0.0,7.2
6137,0.0005924701690673828,0.0,8.0
6138,0.001737356185913086,0.0,8.4
6139,0.0006039142608642578,0.0,9.200000000000001
6140,0.0017309188842773438,0.0,10.0
6141,0.0006024837493896484,0.0,10.4
6142,0.0019345283508300781,0.0,10.8
6143,0.0022046566009521484,0.0,11.200000000000001
6144,0.0005919933319091797,0.0,11.200000000000001
6145,0.0027048587799072266,0.0,11.600000000000001
6146,0.0005929470062255859,0.0,11.600000000000001
6147,0.0019800662994384766,0.0,11.600000000000001
6148,0.0006411075592041016,0.0,11.200000000000001
6149,0.002573251724243164,0.0,11.200000000000001
6150,0.0018377304077148438,0.0,10.8
6151,0.002393960952758789,0.0,10.4
6152,0.0015442371368408203,0.0,10.0
6153,0.0020453929901123047,0.0,9.200000000000001
6154,0.0018389225006103516,0.0,8.8
6155,0.0024271011352539062,0.0,8.0
6156,0.0006651878356933594,0.0,7.2
6157,0.002022266387939453,0.0,6.4
6158,0.0007121562957763672,0.0,5.6000000000000005
6159,0.0020482540130615234,0.0,4.800000000000001
6160,0.002435445785522461,0.0,3.6
6161,0.0006375312805175781,0.0,2.8000000000000003
6162,0.0015785694122314453,0.0,1.6
6163,0.0005810260772705078,0.0,0.8
6164,0.0019881725311279297,0.0,-0.4
6165,0.0015978813171386719,0.0,-1.2000000000000002
6166,0.0006594657897949219,0.0,-2.4000000000000004
6167,0.0018496513366699219,0.0,-3.2
6168,0.0022020339965820312,0.0,-4.4
6169,0.002002239227294922,0.0,-5.2
6170,0.0019445419311523438,0.0,-6.0
6171,0.0019905567169189453,0.0,-6.800000000000001
6172,0.0015668869018554688,0.0,-7.6000000000000005
6173,0.0023736953735351562,0.0,-8.4
6174,0.000667572021484375,0.0,-9.200000000000001
6175,0.0026369094848632812,0.0,-9.600000000000001
6176,0.0021660327911376953,0.0,-10.0
6177,0.0018279552459716797,0.0,-10.4
6178,0.002403736114501953,0.0,-10.8
6179,0.0023224353790283203,0.0,-11.200000000000001
6180,0.0006375312805175781,0.0,-11.200000000000001
6181,0.0021445751190185547,0.0,-11.200000000000001
6182,0.0019464492797851562,0.0,-11.200000000000001
6183,0.0006086826324462891,0.0,-11.200000000000001
6184,0.0021986961364746094,0.0,-10.8
6185,0.0023577213287353516,0.0,-10.4
6186,0.002652406692504883,0.0,-10.0
6187,0.002246379852294922,0.0,-9.600000000000001
6188,0.0006148815155029297,0.0,-9.200000000000001
6189,0.0021491050720214844,0.0,-8.4
6190,0.0023555755615234375,0.0,-7.6000000000000005
6191,0.0026094913482666016,0.0,-7.2
6192,0.0023508071899414062,0.0,-6.4
6193,0.0018951892852783203,0.0,-5.2
6194,0.0008487701416015625,0.0,-4.4
6195,0.0025496482849121094,0.0,-3.6
6196,0.0019121170043945312,0.0,-2.4000000000000004
6197,0.0007038116455078125,0.0,-1.6
6198,0.000293731689453125,0.0,-0.8
6199,0.0006730556488037109,0.0,0.4
6200,0.0013005733489990234,0.0,1.2000000000000002
6201,0.0010061264038085938,0.0,2.4000000000000004
6202,0.0015802383422851562,0.0,3.2
6203,0.0020902156829833984,0.0,4.0
6204,0.002017498016357422,0.0,5.2
6205,0.002401590347290039,0.0,6.0
6206,0.0012290477752685547,0.0,6.800000000000001
6207,0.001985788345336914,0.0,7.6000000000000005
6208,0.002067089080810547,0.0,8.0
6209,0.0031974315643310547,0.0,8.8
6210,0.0024459362030029297,0.0,9.200000000000001
6211,0.0024504661560058594,0.0,9.600000000000001
6212,0.0008821487426757812,0.0,10.0
6213,0.0019621849060058594,0.0,10.4
6214,0.0007205009460449219,0.0,10.4
6215,0.002611875534057617,0.0,10.8
6216,0.0006690025329589844,0.0,10.8
6217,0.001959562301635742,0.0,10.8
6218,0.0024826526641845703,0.0,10.4
6219,0.0015151500701904297,0.0,10.4
6220,0.0006337165832519531,0.0,10.0
6221,0.0016074180603027344,0.0,9.600000000000001
6222,0.0006086826324462891,0.0,9.200000000000001
6223,0.0020453929901123047,0.0,8.8
6224,0.0023474693298339844,0.0,8.0
6225,0.0020325183868408203,0.0,7.2
6226,0.0024566650390625,0.0,6.800000000000001
6227,0.0005085468292236328,0.0,6.0
6228,0.0005793571472167969,0.0,4.800000000000001
6229,0.0017001628875732422,0.0,4.0
6230,0.0006623268127441406,0.0,3.2
6231,0.0024144649505615234,0.0,2.4000000000000004
6232,0.001901865005493164,0.0,1.2000000000000002
6233,0.0021567344665527344,0.0,0.4
6234,0.002123117446899414,0.0,-0.4
6235,0.0024297237396240234,0.0,-1.6
6236,0.002399444580078125,0.0,-2.4000000000000004
6237,0.0012359619140625,0.0,-3.2
6238,0.0006134510040283203,0.0,-4.4
6239,0.0016930103302001953,0.0,-5.2
6240,0.0025110244750976562,0.0,-6.0
6241,0.0005848407745361328,0.0,-6.800000000000001
6242,0.0017173290252685547,0.0,-7.2
6243,0.0005705356597900391,0.0,-8.0
6244,0.0013878345489501953,0.0,-8.4
6245,0.0023756027221679688,0.0,-9.200000000000001
6246,0.0020599365234375,0.0,-9.600000000000001
6247,0.0015628337860107422,0.0,-10.0
6248,0.000579833984375,0.0,-10.0
6249,0.001960277557373047,0.0,-10.4
6250,0.0021355152130126953,0.0,-10.4
6251,0.0025877952575683594,0.0,-10.4
6252,0.001989603042602539,0.0,-10.4
6253,0.002154111862182617,0.0,-10.4
6254,0.0004951953887939453,0.0,-10.0
6255,0.0021851062774658203,0.0,-9.600000000000001
6256,0.002194643020629883,0.0,-9.200000000000001
6257,0.0022923946380615234,0.0,-8.8
6258,0.0021963119506835938,0.0,-8.4
6259,0.0021598339080810547,0.0,-7.6000000000000005
6260,0.002134084701538086,0.0,-7.2
6261,0.0022623538970947266,0.0,-6.4
6262,0.0020465850830078125,0.0,-5.6000000000000005
6263,0.0022125244140625,0.0,-4.800000000000001
6264,0.00089263916015625,0.0,-4.0
6265,0.001531839370727539,0.0,-3.2
6266,0.0016546249389648438,0.0,-2.0
6267,0.0008490085601806641,0.0,-1.2000000000000002
6268,0.0018277168273925781,0.0,-0.4
6269,0.002324342727661133,0.0,0.4
6270,0.0023064613342285156,0.0,1.6
6271,0.0023064613342285156,0.0,1.6
6272,0.0015528202056884766,0.0,2.4000000000000004
6273,0.000682830810546875,0.0,3.2
6274,0.0024101734161376953,0.0,4.0
6275,0.0025963783264160156,0.0,4.800000000000001
6276,0.002474069595336914,0.0,5.6000000000000005
6277,0.0022063255310058594,0.0,6.4
6278,0.001994609832763672,0.0,7.2
6279,0.0022835731506347656,0.0,7.6000000000000005
6280,0.0021653175354003906,0.0,8.4
6281,0.000690460205078125,0.0,8.8
6282,0.002317667007446289,0.0,9.200000000000001
6283,0.0006458759307861328,0.0,9.600000000000001
6284,0.0023872852325439453,0.0,9.600000000000001
6285,0.0024487972259521484,0.0,10.0
6286,0.0023474693298339844,0.0,10.0
6287,0.002581357955932617,0.0,10.0
6288,0.002068042755126953,0.0,10.0
6289,0.0019838809967041016,0.0,9.600000000000001
6290,0.0006685256958007812,0.0,9.600000000000001
6291,0.0015742778778076172,0.0,9.200000000000001
6292,0.0021944046020507812,0.0,8.8
6293,0.002554655075073242,0.0,8.4
6294,0.002433300018310547,0.0,8.0
6295,0.0021343231201171875,0.0,7.2
6296,0.0022029876708984375,0.0,6.800000000000001
6297,0.0007011890411376953,0.0,6.0
6298,0.0015947818756103516,0.0,5.2
6299,0.002282857894897461,0.0,4.4
6300,0.0023467540740966797,0.0,3.6
6301,0.0024383068084716797,0.0,2.8000000000000003
6302,0.0020227432250976562,0.0,2.0
6303,0.002571582794189453,0.0,1.2000000000000002
6304,0.0026607513427734375,0.0,0.0
6305,0.002359628677368164,0.0,-0.8
6306,0.0021600723266601562,0.0,-1.6
6307,0.0006871223449707031,0.0,-2.4000000000000004
6308,0.0019655227661132812,0.0,-3.2
6309,0.0021924972534179688,0.0,-4.0
6310,0.0019123554229736328,0.0,-4.800000000000001
6311,0.0021810531616210938,0.0,-5.6000000000000005
6312,0.002025604248046875,0.0,-6.4
6313,0.0015609264373779297,0.0,-7.2
6314,0.0006566047668457031,0.0,-7.6000000000000005
6315,0.0021300315856933594,0.0,-8.0
6316,0.0023856163024902344,0.0,-8.8
6317,0.0006570816040039062,0.0,-8.8
6318,0.0021076202392578125,0.0,-9.200000000000001
6319,0.0006330013275146484,0.0,-9.600000000000001
6320,0.0023162364959716797,0.0,-9.600000000000001
6321,0.00061798095703125,0.0,-9.600000000000001
6322,0.0018649101257324219,0.0,-9.600000000000001
6323,0.0006113052368164062,0.0,-9.600000000000001
6324,0.0017414093017578125,0.0,-9.600000000000001
6325,0.0005965232849121094,0.0,-9.200000000000001
6326,0.0023589134216308594,0.0,-8.8
6327,0.002173185348510742,0.0,-8.4
6328,0.0027265548706054688,0.0,-8.0
6329,0.0024328231811523438,0.0,-7.6000000000000005
6330,0.002346038818359375,0.0,-7.2
6331,0.002584218978881836,0.0,-6.4
6332,0.002437591552734375,0.0,-5.6000000000000005
6333,0.0006244182586669922,0.0,-5.2
6334,0.0017147064208984375,0.0,-4.4
6335,0.0005908012390136719,0.0,-3.6
6336,0.0020530223846435547,0.0,-2.8000000000000003
6337,0.002657175064086914,0.0,-2.0
6338,0.0005776882171630859,0.0,-0.8
6339,0.0020051002502441406,0.0,0.0
6340,0.002031087875366211,0.0,0.8
6341,0.0021927356719970703,0.0,1.6
6342,0.0020720958709716797,0.0,2.4000000000000004
6343,0.0005979537963867188,0.0,3.2
6344,0.002603769302368164,0.0,4.0
6345,0.0024521350860595703,0.0,4.800000000000001
6346,0.002597808837890625,0.0,5.6000000000000005
6347,0.002380847930908203,0.0,6.0
6348,0.0005838871002197266,0.0,6.800000000000001
6349,0.0020520687103271484,0.0,7.2
6350,0.0022034645080566406,0.0,7.6000000000000005
6351,0.002109527587890625,0.0,8.4
6352,0.0024633407592773438,0.0,8.4
6353,0.0005955696105957031,0.0,8.8
6354,0.0025148391723632812,0.0,9.200000000000001
6355,0.0017406940460205078,0.0,9.200000000000001
6356,0.002307415008544922,0.0,9.200000000000001
6357,0.0021860599517822266,0.0,9.200000000000001
6358,0.0020570755004882812,0.0,9.200000000000001
6359,0.0024929046630859375,0.0,9.200000000000001
6360,0.0022902488708496094,0.0,8.8
6361,0.0021021366119384766,0.0,8.4
6362,0.002304553985595703,0.0,8.0
6363,0.0006120204925537109,0.0,7.6000000000000005
6364,0.0015571117401123047,0.0,7.2
6365,0.0006093978881835938,0.0,6.4
6366,0.0016753673553466797,0.0,6.0
6367,0.002485513687133789,0.0,5.2
6368,0.0024297237396240234,0.0,4.800000000000001
6369,0.0025017261505126953,0.0,4.0
6370,0.0022461414337158203,0.0,3.2
6371,0.0026710033416748047,0.0,2.4000000000000004
6372,0.0018205642700195312,0.0,1.6
6373,0.0006389617919921875,0.0,0.8
6374,0.0014891624450683594,0.0,0.0
6375,0.0006206035614013672,0.0,-0.8
6376,0.0020368099212646484,0.0,-2.0
6377,0.0006344318389892578,0.0,-2.8000000000000003
6378,0.001985311508178711,0.0,-3.2
6379,0.0005910396575927734,0.0,-4.0
6380,0.0019092559814453125,0.0,-4.800000000000001
6381,0.0005986690521240234,0.0,-5.6000000000000005
6382,0.0022706985473632812,0.0,-6.0
6383,0.002095460891723633,0.0,-6.800000000000001
6384,0.0023567676544189453,0.0,-7.2
6385,0.0019023418426513672,0.0,-7.6000000000000005
6386,0.00164794921875,0.0,-8.0
6387,0.0023806095123291016,0.0,-8.4
6388,0.0005962848663330078,0.0,-8.8
6389,0.0021867752075195312,0.0,-8.8
6390,0.0022301673889160156,0.0,-9.200000000000001
6391,0.0025200843811035156,0.0,-9.200000000000001
6392,0.0017676353454589844,0.0,-9.200000000000001
6393,0.0015246868133544922,0.0,-8.8
6394,0.0006465911865234375,0.0,-8.8
6395,0.0022072792053222656,0.0,-8.4
6396,0.0023529529571533203,0.0,-8.4
6397,0.001963376998901367,0.0,-8.0
6398,0.002277374267578125,0.0,-7.6000000000000005
6399,0.0022270679473876953,0.0,-6.800000000000001
6400,0.0015933513641357422,0.0,-6.4
6401,0.0023679733276367188,0.0,-5.6000000000000005
6402,0.002352476119995117,0.0,-5.2
6403,0.0018744468688964844,0.0,-4.4
6404,0.0006463527679443359,0.0,-3.6
6405,0.002321481704711914,0.0,-2.8000000000000003
6406,0.0022280216217041016,0.0,-2.4000000000000004
6407,0.0006632804870605469,0.0,-1.6
6408,0.0019207000732421875,0.0,-0.8
6409,0.0006778240203857422,0.0,0.0
6410,0.002250194549560547,0.0,0.8
6411,0.0024411678314208984,0.0,1.6
6412,0.0018947124481201172,0.0,2.4000000000000004
6413,0.002172708511352539,0.0,3.2
6414,0.0022346973419189453,0.0,4.0
6415,0.002488374710083008,0.0,4.800000000000001
6416,0.0018389225006103516,0.0,5.2
6417,0.0023453235626220703,0.0,6.0
6418,0.002527952194213867,0.0,6.4
6419,0.002527952194213867,0.0,6.4
6420,0.0018126964569091797,0.0,6.800000000000001
6421,0.00069427490234375,0.0,7.2
6422,0.0016968250274658203,0.0,7.6000000000000005
6423,0.0021393299102783203,0.0,8.0
6424,0.0006313323974609375,0.0,8.4
6425,0.001936197280883789,0.0,8.4
6426,0.001934051513671875,0.0,8.4
6427,0.002396821975708008,0.0,8.8
6428,0.0014882087707519531,0.0,8.4
6429,0.0006582736968994141,0.0,8.4
6430,0.001789093017578125,0.0,8.4
6431,0.0006530284881591797,0.0,8.0
6432,0.0015192031860351562,0.0,7.6000000000000005
6433,0.002660036087036133,0.0,7.2
6434,0.0018649101257324219,0.0,6.800000000000001
6435,0.0018811225891113281,0.0,6.4
6436,0.0015993118286132812,0.0,6.0
6437,0.0006206035614013672,0.0,5.2
6438,0.0025489330291748047,0.0,4.800000000000001
6439,0.0020346641540527344,0.0,4.0
6440,0.002115011215209961,0.0,3.2
6441,0.0021791458129882812,0.0,2.8000000000000003
6442,0.002022266387939453,0.0,2.0
6443,0.0006158351898193359,0.0,1.2000000000000002
6444,0.0021615028381347656,0.0,0.4
6445,0.0014519691467285156,0.0,-0.4
6446,0.0024743080139160156,0.0,-1.2000000000000002
6447,0.0018625259399414062,0.0,-2.0
6448,0.0017807483673095703,0.0,-2.8000000000000003
6449,0.002184152603149414,0.0,-3.2
6450,0.0006003379821777344,0.0,-4.0
6451,0.001956939697265625,0.0,-4.800000000000001
6452,0.0006058216094970703,0.0,-5.2
6453,0.0018780231475830078,0.0,-6.0
6454,0.0021479129791259766,0.0,-6.4
6455,0.002521038055419922,0.0,-6.800000000000001
6456,0.0019145011901855469,0.0,-7.2
6457,0.0014736652374267578,0.0,-7.6000000000000005
6458,0.0006213188171386719,0.0,-8.0
6459,0.0016055107116699219,0.0,-8.0
6460,0.001798391342163086,0.0,-8.4
6461,0.0021562576293945312,0.0,-8.4
6462,0.0025548934936523438,0.0,-8.4
6463,0.0006577968597412109,0.0,-8.4
6464,0.0021593570709228516,0.0,-8.4
6465,0.0020902156829833984,0.0,-8.0
6466,0.002406597137451172,0.0,-8.0
6467,0.0020329952239990234,0.0,-7.6000000000000005
6468,0.0006101131439208984,0.0,-7.2
6469,0.0019164085388183594,0.0,-6.800000000000001
6470,0.0005857944488525391,0.0,-6.4
6471,0.0016825199127197266,0.0,-5.6000000000000005
6472,0.0005865097045898438,0.0,-5.2
6473,0.002213716506958008,0.0,-4.4
6474,0.0025861263275146484,0.0,-4.0
6475,0.0006685256958007812,0.0,-3.2
6476,0.002340555191040039,0.0,-2.4000000000000004
6477,0.0022292137145996094,0.0,-2.0
6478,0.0006098747253417969,0.0,-1.2000000000000002
6479,0.002489328384399414,0.0,-0.4
6480,0.002277851104736328,0.0,0.4
6481,0.0018343925476074219,0.0,1.2000000000000002
6482,0.0025179386138916016,0.0,2.0
6483,0.0006144046783447266,0.0,2.4000000000000004
6484,0.001847982406616211,0.0,3.2
6485,0.0022776126861572266,0.0,4.0
6486,0.0006082057952880859,0.0,4.4
6487,0.0020513534545898438,0.0,5.2
6488,0.002243518829345703,0.0,5.6000000000000005
6489,0.0019903182983398438,0.0,6.0
6490,0.002152681350708008,0.0,6.4
6491,0.002226591110229492,0.0,6.800000000000001
6492,0.002227783203125,0.0,7.2
6493,0.002233743667602539,0.0,7.6000000000000005
6494,0.002151012420654297,0.0,7.6000000000000005
6495,0.0007302761077880859,0.0,8.0
6496,0.0018002986907958984,0.0,8.0
6497,0.0017473697662353516,0.0,8.0
6498,0.002171754837036133,0.0,8.0
6499,0.0021712779998779297,0.0,8.0
6500,0.002256155014038086,0.0,7.6000000000000005
6501,0.0007236003875732422,0.0,7.2
6502,0.001905202865600586,0.0,7.2
6503,0.0006341934204101562,0.0,6.800000000000001
6504,0.0016789436340332031,0.0,6.4
6505,0.0006184577941894531,0.0,6.0
6506,0.0026094913482666016,0.0,5.2
6507,0.0005846023559570312,0.0,4.800000000000001
6508,0.002194643020629883,0.0,4.0
6509,0.002067089080810547,0.0,3.6
6510,0.002684354782104492,0.0,2.0
6511,0.0007195472717285156,0.0,1.6
6512,0.0023555755615234375,0.0,0.8
6513,0.0006120204925537109,0.0,0.0
6514,0.0019121170043945312,0.0,-0.8
6515,0.001856088638305664,0.0,-1.2000000000000002
6516,0.002142190933227539,0.0,-2.0
6517,0.002474546432495117,0.0,-2.8000000000000003
6518,0.0006682872772216797,0.0,-3.2
6519,0.0019335746765136719,0.0,-4.0
6520,0.0006384849548339844,0.0,-4.800000000000001
6521,0.002561807632446289,0.0,-5.2
6522,0.0006909370422363281,0.0,-5.6000000000000005
6523,0.0015485286712646484,0.0,-6.0
6524,0.0024149417877197266,0.0,-6.4
6525,0.0006318092346191406,0.0,-6.800000000000001
6526,0.002170085906982422,0.0,-7.2
6527,0.003207683563232422,0.0,-7.6000000000000005
6528,0.0006122589111328125,0.0,-7.6000000000000005
6529,0.0025818347930908203,0.0,-7.6000000000000005
6530,0.0006079673767089844,0.0,-8.0
6531,0.002104043960571289,0.0,-8.0
6532,0.0006024837493896484,0.0,-7.6000000000000005
6533,0.001924753189086914,0.0,-7.6000000000000005
6534,0.0020639896392822266,0.0,-7.6000000000000005
6535,0.002293825149536133,0.0,-7.2
6536,0.0019173622131347656,0.0,-6.800000000000001
6537,0.0017004013061523438,0.0,-6.4
6538,0.001714468002319336,0.0,-6.0
6539,0.0017955303192138672,0.0,-5.6000000000000005
6540,0.0021109580993652344,0.0,-5.2
6541,0.0024976730346679688,0.0,-4.4
6542,0.0025484561920166016,0.0,-4.0
6543,0.0006151199340820312,0.0,-3.2
6544,0.002262115478515625,0.0,-2.8000000000000003
6545,0.0005905628204345703,0.0,-2.0
6546,0.002370119094848633,0.0,-1.6
6547,0.002690553665161133,0.0,-0.8
6548,0.0005943775177001953,0.0,0.0
6549,0.0026404857635498047,0.0,0.8
6550,0.0005967617034912109,0.0,1.2000000000000002
6551,0.0020639896392822266,0.0,2.0
6552,0.0006127357482910156,0.0,2.8000000000000003
6553,0.0020194053649902344,0.0,3.2
6554,0.0023567676544189453,0.0,4.0
6555,0.002599000930786133,0.0,4.4
6556,0.0018215179443359375,0.0,4.800000000000001
6557,0.0014426708221435547,0.0,5.6000000000000005
6558,0.0007748603820800781,0.0,6.0
6559,0.002641916275024414,0.0,6.4
6560,0.002629518508911133,0.0,6.4
6561,0.0021424293518066406,0.0,6.800000000000001
6562,0.002315044403076172,0.0,7.2
6563,0.002315044403076172,0.0,7.2
6564,0.0015177726745605469,0.0,7.2
6565,0.0006506443023681641,0.0,7.2
6566,0.0025854110717773438,0.0,7.6000000000000005
6567,0.002489805221557617,0.0,7.2
6568,0.0023910999298095703,0.0,7.2
6569,0.0006892681121826172,0.0,7.2
6570,0.0021665096282958984,0.0,6.800000000000001
6571,0.0007042884826660156,0.0,6.800000000000001
6572,0.0015773773193359375,0.0,6.4
6573,0.0006039142608642578,0.0,6.0
6574,0.0017497539520263672,0.0,5.6000000000000005
6575,0.0006527900695800781,0.0,5.2
6576,0.0023484230041503906,0.0,4.800000000000001
6577,0.0006275177001953125,0.0,4.0
6578,0.0015752315521240234,0.0,3.6
6579,0.0017387866973876953,0.0,3.2
6580,0.0022835731506347656,0.0,2.4000000000000004
6581,0.002660989761352539,0.0,1.6
6582,0.001837015151977539,0.0,1.2000000000000002
6583,0.0006024837493896484,0.0,0.4
6584,0.0015823841094970703,0.0,-0.4
6585,0.0005812644958496094,0.0,-0.8
6586,0.0015811920166015625,0.0,-1.6
6587,0.000579833984375,0.0,-2.0
6588,0.0016989707946777344,0.0,-2.8000000000000003
6589,0.0005719661712646484,0.0,-3.2
6590,0.0027403831481933594,0.0,-4.0
6591,0.0021610260009765625,0.0,-4.4
6592,0.0021889209747314453,0.0,-4.800000000000001
6593,0.0022382736206054688,0.0,-5.6000000000000005
6594,0.0015807151794433594,0.0,-6.0
6595,0.0005950927734375,0.0,-6.4
6596,0.0022361278533935547,0.0,-6.4
6597,0.0005772113800048828,0.0,-6.800000000000001
6598,0.0020551681518554688,0.0,-6.800000000000001
6599,0.0005660057067871094,0.0,-7.2
6600,0.002053499221801758,0.0,-7.2
6601,0.0005888938903808594,0.0,-7.2
6602,0.0019953250885009766,0.0,-7.2
6603,0.000583648681640625,0.0,-7.2
6604,0.0019638538360595703,0.0,-6.800000000000001
6605,0.0005781650543212891,0.0,-6.800000000000001
6606,0.002187013626098633,0.0,-6.4
6607,0.0025110244750976562,0.0,-6.4
6608,0.0024759769439697266,0.0,-6.0
6609,0.0022225379943847656,0.0,-5.6000000000000005
6610,0.0020797252655029297,0.0,-5.2
6611,0.0025260448455810547,0.0,-4.4
6612,0.0018224716186523438,0.0,-4.0
6613,0.0006210803985595703,0.0,-3.6
6614,0.0018701553344726562,0.0,-2.8000000000000003
6615,0.0006194114685058594,0.0,-2.4000000000000004
6616,0.0017163753509521484,0.0,-1.6
6617,0.0026068687438964844,0.0,-1.2000000000000002
6618,0.0019981861114501953,0.0,-0.4
6619,0.0018193721771240234,0.0,0.4
6620,0.001840829849243164,0.0,0.8
6621,0.0006241798400878906,0.0,1.6
6622,0.0015861988067626953,0.0,2.0
6623,0.0006103515625,0.0,2.8000000000000003
6624,0.001562356948852539,0.0,3.2
6625,0.0017158985137939453,0.0,3.6
6626,0.0006284713745117188,0.0,4.4
6627,0.0017192363739013672,0.0,4.800000000000001
6628,0.0006420612335205078,0.0,5.2
6629,0.0020453929901123047,0.0,5.6000000000000005
6630,0.002528667449951172,0.0,6.0
6631,0.0018236637115478516,0.0,6.4
6632,0.0022013187408447266,0.0,6.4
6633,0.001796722412109375,0.0,6.800000000000001
6634,0.0019326210021972656,0.0,6.800000000000001
6635,0.0021495819091796875,0.0,6.800000000000001
6636,0.0021653175354003906,0.0,6.800000000000001
6637,0.002218961715698242,0.0,6.800000000000001
6638,0.0006384849548339844,0.0,6.800000000000001
6639,0.0030574798583984375,0.0,6.4
6640,0.0024309158325195312,0.0,6.4
6641,0.00193023681640625,0.0,6.0
6642,0.0019562244415283203,0.0,6.0
6643,0.0023872852325439453,0.0,5.6000000000000005
6644,0.0021734237670898438,0.0,5.2
6645,0.0006182193756103516,0.0,4.800000000000001
6646,0.0020749568939208984,0.0,4.0
6647,0.002414703369140625,0.0,3.6
6648,0.002240896224975586,0.0,3.2
6649,0.0006303787231445312,0.0,2.4000000000000004
6650,0.002871274948120117,0.0,2.0
6651,0.002875804901123047,0.0,1.2000000000000002
6652,0.0025835037231445312,0.0,0.8
6653,0.001960277557373047,0.0,0.0
6654,0.0020339488983154297,0.0,-0.4
6655,0.0006747245788574219,0.0,-1.2000000000000002
6656,0.002028942108154297,0.0,-1.6
6657,0.0023598670959472656,0.0,-2.4000000000000004
6658,0.0021657943725585938,0.0,-2.8000000000000003
6659,0.002493619918823242,0.0,-3.2
6660,0.0019345283508300781,0.0,-4.0
6661,0.0006930828094482422,0.0,-4.4
6662,0.0015995502471923828,0.0,-4.800000000000001
6663,0.0021181106567382812,0.0,-5.2
6664,0.0024869441986083984,0.0,-5.6000000000000005
6665,0.0018575191497802734,0.0,-6.0
6666,0.0006926059722900391,0.0,-6.0
6667,0.0016601085662841797,0.0,-6.4
6668,0.0006897449493408203,0.0,-6.4
6669,0.0016753673553466797,0.0,-6.800000000000001
6670,0.0006432533264160156,0.0,-6.800000000000001
6671,0.0015985965728759766,0.0,-6.800000000000001
6672,0.0020041465759277344,0.0,-6.800000000000001
6673,0.0006456375122070312,0.0,-6.4
6674,0.002226591110229492,0.0,-6.4
6675,0.0006630420684814453,0.0,-6.0
6676,0.001659393310546875,0.0,-6.0
6677,0.000621795654296875,0.0,-5.6000000000000005
6678,0.002070903778076172,0.0,-5.2
6679,0.0005643367767333984,0.0,-4.800000000000001
6680,0.001550436019897461,0.0,-4.4
6681,0.001708984375,0.0,-4.0
6682,0.0006055831909179688,0.0,-3.6
6683,0.0015969276428222656,0.0,-2.8000000000000003
6684,0.0021517276763916016,0.0,-2.4000000000000004
6685,0.002458333969116211,0.0,-2.0
6686,0.0018837451934814453,0.0,-1.2000000000000002
6687,0.0015037059783935547,0.0,-0.8
6688,0.0006163120269775391,0.0,0.0
6689,0.0016701221466064453,0.0,0.4
6690,0.0006012916564941406,0.0,1.2000000000000002
6691,0.0016984939575195312,0.0,1.6
6692,0.0006263256072998047,0.0,2.0
6693,0.0022249221801757812,0.0,2.8000000000000003
6694,0.002212047576904297,0.0,3.2
6695,0.0024459362030029297,0.0,3.6
6696,0.0006358623504638672,0.0,4.0
6697,0.002266407012939453,0.0,4.4
6698,0.0005695819854736328,0.0,4.800000000000001
6699,0.0019407272338867188,0.0,5.2
6700,0.0006375312805175781,0.0,5.6000000000000005
6701,0.0029006004333496094,0.0,6.0
6702,0.0007586479187011719,0.0,6.0
6703,0.002300262451171875,0.0,6.0
6704,0.0017490386962890625,0.0,6.4
6705,0.001880645751953125,0.0,6.4
6706,0.0023894309997558594,0.0,6.4
6707,0.0023894309997558594,0.0,6.4
6708,0.0018880367279052734,0.0,6.4
6709,0.002290964126586914,0.0,6.0
6710,0.0025551319122314453,0.0,6.0
6711,0.0019261837005615234,0.0,5.6000000000000005
6712,0.0019614696502685547,0.0,5.6000000000000005
6713,0.0015769004821777344,0.0,5.2
6714,0.0026247501373291016,0.0,4.800000000000001
6715,0.0023987293243408203,0.0,4.4
6716,0.0019910335540771484,0.0,4.0
6717,0.0007212162017822266,0.0,3.6
6718,0.0022516250610351562,0.0,3.2
6719,0.002209901809692383,0.0,2.8000000000000003
6720,0.002603292465209961,0.0,2.0
6721,0.0022039413452148438,0.0,1.6
6722,0.0006165504455566406,0.0,1.2000000000000002
6723,0.0017626285552978516,0.0,0.4
6724,0.0006299018859863281,0.0,0.0
6725,0.0015785694122314453,0.0,-0.8
6726,0.0006399154663085938,0.0,-1.2000000000000002
6727,0.0018758773803710938,0.0,-1.6
6728,0.0005815029144287109,0.0,-2.4000000000000004
6729,0.00154876708984375,0.0,-2.8000000000000003
6730,0.0005838871002197266,0.0,-3.2
6731,0.0016667842864990234,0.0,-3.6
6732,0.0019845962524414062,0.0,-4.0
6733,0.0005614757537841797,0.0,-4.4
6734,0.0022890567779541016,0.0,-4.800000000000001
6735,0.0005648136138916016,0.0,-5.2
6736,0.0023925304412841797,0.0,-5.6000000000000005
6737,0.002099275588989258,0.0,-5.6000000000000005
6738,0.0005602836608886719,0.0,-6.0
6739,0.0020754337310791016,0.0,-6.0
6740,0.0006012916564941406,0.0,-6.0
6741,0.0021431446075439453,0.0,-6.0
6742,0.0025849342346191406,0.0,-6.0
6743,0.0019028186798095703,0.0,-6.0
6744,0.0021996498107910156,0.0,-6.0
6745,0.0020418167114257812,0.0,-6.0
6746,0.001619577407836914,0.0,-5.6000000000000005
6747,0.002641439437866211,0.0,-5.2
6748,0.0021135807037353516,0.0,-5.2
6749,0.0006115436553955078,0.0,-4.800000000000001
6750,0.0012938976287841797,0.0,-4.4
6751,0.0013928413391113281,0.0,-4.0
6752,0.0027594566345214844,0.0,-3.6
6753,0.0018563270568847656,0.0,-3.2
6754,0.002185821533203125,0.0,-2.4000000000000004
6755,0.0024089813232421875,0.0,-2.0
6756,0.0020427703857421875,0.0,-1.6
6757,0.0019297599792480469,0.0,-0.8
6758,0.0007772445678710938,0.0,-0.4
6759,0.0017366409301757812,0.0,0.0
6760,0.0026128292083740234,0.0,0.8
6761,0.0027227401733398438,0.0,1.2000000000000002
6762,0.0022611618041992188,0.0,1.6
6763,0.00170135498046875,0.0,2.0
6764,0.0024535655975341797,0.0,2.8000000000000003
6765,0.0024080276489257812,0.0,3.2
6766,0.002110719680786133,0.0,3.6
6767,0.002312183380126953,0.0,4.0
6768,0.002209901809692383,0.0,4.4
6769,0.0007538795471191406,0.0,4.800000000000001
6770,0.002208232879638672,0.0,4.800000000000001
6771,0.0006737709045410156,0.0,5.2
6772,0.002413511276245117,0.0,5.6000000000000005
6773,0.0006246566772460938,0.0,5.6000000000000005
6774,0.002279520034790039,0.0,5.6000000000000005
6775,0.0006208419799804688,0.0,5.6000000000000005
6776,0.0020356178283691406,0.0,5.6000000000000005
6777,0.0017366409301757812,0.0,5.6000000000000005
6778,0.002502918243408203,0.0,5.6000000000000005
6779,0.0006117820739746094,0.0,5.6000000000000005
6780,0.00209808349609375,0.0,5.6000000000000005
6781,0.0006320476531982422,0.0,5.2
6782,0.002394437789916992,0.0,4.800000000000001
6783,0.0006024837493896484,0.0,4.800000000000001
6784,0.0020775794982910156,0.0,4.4
6785,0.001993417739868164,0.0,4.0
6786,0.0006122589111328125,0.0,3.6
6787,0.0019979476928710938,0.0,3.2
6788,0.0006318092346191406,0.0,2.8000000000000003
6789,0.002178668975830078,0.0,2.4000000000000004
6790,0.0023453235626220703,0.0,1.6
6791,0.002122163772583008,0.0,1.2000000000000002
6792,0.002153158187866211,0.0,0.8
6793,0.0006310939788818359,0.0,0.0
6794,0.0015916824340820312,0.0,-0.4
6795,0.0017862319946289062,0.0,-0.8
6796,0.0006101131439208984,0.0,-1.2000000000000002
6797,0.002503633499145508,0.0,-2.0
6798,0.0006000995635986328,0.0,-2.4000000000000004
6799,0.003131866455078125,0.0,-2.8000000000000003
6800,0.0024814605712890625,0.0,-3.2
6801,0.00234222412109375,0.0,-3.6
6802,0.0025026798248291016,0.0,-4.0
6803,0.0006017684936523438,0.0,-4.4
6804,0.002314329147338867,0.0,-4.800000000000001
6805,0.001969575881958008,0.0,-4.800000000000001
6806,0.0023903846740722656,0.0,-5.2
6807,0.002301454544067383,0.0,-5.2
6808,0.0006339550018310547,0.0,-5.6000000000000005
6809,0.0025026798248291016,0.0,-5.6000000000000005
6810,0.0018413066864013672,0.0,-5.6000000000000005
6811,0.0021376609802246094,0.0,-5.6000000000000005
6812,0.0021924972534179688,0.0,-5.6000000000000005
6813,0.002084493637084961,0.0,-5.6000000000000005
6814,0.00213623046875,0.0,-5.6000000000000005
6815,0.002430438995361328,0.0,-5.2
6816,0.0020067691802978516,0.0,-5.2
6817,0.001979827880859375,0.0,-4.800000000000001
6818,0.00289154052734375,0.0,-4.4
6819,0.0021975040435791016,0.0,-4.0
6820,0.0007278919219970703,0.0,-4.0
6821,0.0018498897552490234,0.0,-3.6
6822,0.0021126270294189453,0.0,-3.2
6823,0.0006814002990722656,0.0,-2.4000000000000004
6824,0.0019402503967285156,0.0,-2.0
6825,0.002123594284057617,0.0,-1.6
6826,0.002359628677368164,0.0,-1.2000000000000002
6827,0.0006325244903564453,0.0,-0.8
6828,0.0022623538970947266,0.0,0.0
6829,0.0006182193756103516,0.0,0.4
6830,0.0022568702697753906,0.0,0.8
6831,0.002672433853149414,0.0,1.2000000000000002
6832,0.0006103515625,0.0,1.6
6833,0.0020024776458740234,0.0,2.0
6834,0.0006375312805175781,0.0,2.8000000000000003
6835,0.002807140350341797,0.0,3.2
6836,0.002702474594116211,0.0,3.6
6837,0.002433300018310547,0.0,3.6
6838,0.0022530555725097656,0.0,4.0
6839,0.0015184879302978516,0.0,4.4
6840,0.001905202865600586,0.0,4.800000000000001
6841,0.0024826526641845703,0.0,4.800000000000001
6842,0.0030252933502197266,0.0,5.2
6843,0.0026199817657470703,0.0,5.2
6844,0.0028755664825439453,0.0,5.2
6845,0.00264739990234375,0.0,5.2
6846,0.0023529529571533203,0.0,5.2
6847,0.0015530586242675781,0.0,5.2
6848,0.002147197723388672,0.0,5.2
6849,0.0022399425506591797,0.0,5.2
6850,0.0008013248443603516,0.0,4.800000000000001
6851,0.001871347427368164,0.0,4.800000000000001
6852,0.0016717910766601562,0.0,4.4
6853,0.0008656978607177734,0.0,4.0
6854,0.002106189727783203,0.0,4.0
6855,0.0008213520050048828,0.0,3.6
6856,0.0025658607482910156,0.0,3.2
6857,0.0025658607482910156,0.0,3.2
6858,0.0020096302032470703,0.0,2.8000000000000003
6859,0.002317190170288086,0.0,2.4000000000000004
6860,0.0025970935821533203,0.0,2.0
6861,0.0021152496337890625,0.0,1.2000000000000002
6862,0.0022373199462890625,0.0,0.8
6863,0.0007154941558837891,0.0,0.4
6864,0.0019299983978271484,0.0,0.0
6865,0.0025115013122558594,0.0,-0.4
6866,0.002368450164794922,0.0,-0.8
6867,0.002508401870727539,0.0,-1.6
6868,0.0019385814666748047,0.0,-2.0
6869,0.0024499893188476562,0.0,-2.4000000000000004
6870,0.0007114410400390625,0.0,-2.8000000000000003
6871,0.002632617950439453,0.0,-3.2
6872,0.0007131099700927734,0.0,-3.6
6873,0.0022394657135009766,0.0,-4.0
6874,0.002412557601928711,0.0,-4.0
6875,0.0021162033081054688,0.0,-4.4
6876,0.0024764537811279297,0.0,-4.800000000000001
6877,0.002512216567993164,0.0,-4.800000000000001
6878,0.0007004737854003906,0.0,-4.800000000000001
6879,0.0019409656524658203,0.0,-5.2
6880,0.0006742477416992188,0.0,-5.2
6881,0.002587556838989258,0.0,-5.2
6882,0.0005803108215332031,0.0,-5.2
6883,0.0018663406372070312,0.0,-5.2
6884,0.0005853176116943359,0.0,-5.2
6885,0.0018565654754638672,0.0,-4.800000000000001
6886,0.002123117446899414,0.0,-4.800000000000001
6887,0.002245187759399414,0.0,-4.4
6888,0.0005955696105957031,0.0,-4.4
6889,0.0014896392822265625,0.0,-4.0
6890,0.0026128292083740234,0.0,-3.6
6891,0.0019176006317138672,0.0,-3.2
6892,0.0005695819854736328,0.0,-2.8000000000000003
6893,0.0016949176788330078,0.0,-2.4000000000000004
6894,0.0005655288696289062,0.0,-2.0
6895,0.0015721321105957031,0.0,-1.6
6896,0.0019390583038330078,0.0,-1.2000000000000002
6897,0.0006158351898193359,0.0,-0.8
6898,0.002051115036010742,0.0,-0.4
6899,0.0006272792816162109,0.0,0.0
6900,0.0018956661224365234,0.0,0.4
6901,0.0023572444915771484,0.0,0.8
6902,0.0005571842193603516,0.0,1.2000000000000002
6903,0.0018880367279052734,0.0,1.6
6904,0.0017125606536865234,0.0,2.0
6905,0.0005891323089599609,0.0,2.4000000000000004
6906,0.0007033348083496094,0.0,2.8000000000000003
6907,0.0004916191101074219,0.0,3.2
6908,0.0010883808135986328,0.0,3.6
6909,0.0005612373352050781,0.0,4.0
6910,0.001990079879760742,0.0,4.0
6911,0.0007352828979492188,0.0,4.4
6912,0.0019078254699707031,0.0,4.4
6913,0.0006544589996337891,0.0,4.800000000000001
6914,0.0016062259674072266,0.0,4.800000000000001
6915,0.0005979537963867188,0.0,4.800000000000001
6916,0.0016582012176513672,0.0,4.800000000000001
6917,0.002435922622680664,0.0,4.800000000000001
6918,0.0006785392761230469,0.0,4.800000000000001
6919,0.0015864372253417969,0.0,4.800000000000001
6920,0.002151966094970703,0.0,4.4
6921,0.0023403167724609375,0.0,4.4
6922,0.0020296573638916016,0.0,4.0
6923,0.0007238388061523438,0.0,4.0
6924,0.002138853073120117,0.0,3.6
6925,0.0019080638885498047,0.0,3.2
6926,0.0006384849548339844,0.0,2.8000000000000003
6927,0.0019545555114746094,0.0,2.8000000000000003
6928,0.0022568702697753906,0.0,2.4000000000000004
6929,0.0006337165832519531,0.0,2.0
6930,0.0015625953674316406,0.0,1.6
6931,0.0018815994262695312,0.0,1.2000000000000002
6932,0.0006122589111328125,0.0,0.8
6933,0.002120494842529297,0.0,0.0
6934,0.0022847652435302734,0.0,-0.4
6935,0.0006630420684814453,0.0,-0.8
6936,0.001538991928100586,0.0,-1.2000000000000002
6937,0.0015838146209716797,0.0,-1.6
6938,0.0005688667297363281,0.0,-2.0
6939,0.0015637874603271484,0.0,-2.4000000000000004
6940,0.0021584033966064453,0.0,-2.8000000000000003
6941,0.0006492137908935547,0.0,-3.2
6942,0.0014886856079101562,0.0,-3.2
6943,0.0006146430969238281,0.0,-3.6
6944,0.0022835731506347656,0.0,-4.0
6945,0.0020084381103515625,0.0,-4.0
6946,0.002290010452270508,0.0,-4.4
6947,0.0005922317504882812,0.0,-4.4
6948,0.0014910697937011719,0.0,-4.4
6949,0.0005931854248046875,0.0,-4.800000000000001
6950,0.0021462440490722656,0.0,-4.800000000000001
6951,0.0015406608581542969,0.0,-4.800000000000001
6952,0.001984834671020508,0.0,-4.800000000000001
6953,0.0018591880798339844,0.0,-4.800000000000001
6954,0.0006170272827148438,0.0,-4.4
6955,0.0021233558654785156,0.0,-4.4
6956,0.0006055831909179688,0.0,-4.4
6957,0.0014982223510742188,0.0,-4.0
6958,0.0017037391662597656,0.0,-3.6
6959,0.0020904541015625,0.0,-3.6
6960,0.0025358200073242188,0.0,-3.2
6961,0.0018880367279052734,0.0,-2.8000000000000003
6962,0.0014042854309082031,0.0,-2.4000000000000004
6963,0.002300739288330078,0.0,-2.4000000000000004
6964,0.0018978118896484375,0.0,-2.0
6965,0.0020895004272460938,0.0,-1.6
6966,0.0023109912872314453,0.0,-1.2000000000000002
6967,0.0014736652374267578,0.0,-0.8
6968,0.0007059574127197266,0.0,-0.4
6969,0.0018999576568603516,0.0,0.0
6970,0.0018222332000732422,0.0,0.4
6971,0.0007874965667724609,0.0,0.8
6972,0.0018324851989746094,0.0,1.2000000000000002
6973,0.0006380081176757812,0.0,1.6
6974,0.0019736289978027344,0.0,2.0
6975,0.0006589889526367188,0.0,2.4000000000000004
6976,0.003147602081298828,0.0,2.8000000000000003
6977,0.0006029605865478516,0.0,3.2
6978,0.0019168853759765625,0.0,3.2
6979,0.0005767345428466797,0.0,3.6
6980,0.0015485286712646484,0.0,4.0
6981,0.0005719661712646484,0.0,4.0
6982,0.0015850067138671875,0.0,4.0
6983,0.0020096302032470703,0.0,4.4
6984,0.0018486976623535156,0.0,4.4
6985,0.0006005764007568359,0.0,4.4
6986,0.0023505687713623047,0.0,4.4
6987,0.0005867481231689453,0.0,4.4
6988,0.0018649101257324219,0.0,4.4
6989,0.0006237030029296875,0.0,4.0
6990,0.0019278526306152344,0.0,4.0
6991,0.0006222724914550781,0.0,4.0
6992,0.0020530223846435547,0.0,3.6
6993,0.0005793571472167969,0.0,3.6
6994,0.002046346664428711,0.0,3.2
6995,0.002218961715698242,0.0,2.8000000000000003
6996,0.0006420612335205078,0.0,2.4000000000000004
6997,0.0019979476928710938,0.0,2.4000000000000004
6998,0.0019979476928710938,0.0,2.4000000000000004
6999,0.001844167709350586,0.0,2.0
7000,0.0006060600280761719,0.0,1.6
7001,0.0020906925201416016,0.0,1.2000000000000002
7002,0.0005850791931152344,0.0,0.8
7003,0.001554727554321289,0.0,0.4
7004,0.0020682811737060547,0.0,0.0
7005,0.0020956993103027344,0.0,-0.4
7006,0.0023360252380371094,0.0,-0.8
7007,0.0005717277526855469,0.0,-1.2000000000000002
7008,0.0019252300262451172,0.0,-1.6
7009,0.002498626708984375,0.0,-2.0
7010,0.0025246143341064453,0.0,-2.4000000000000004
7011,0.0018208026885986328,0.0,-2.4000000000000004
7012,0.0026764869689941406,0.0,-2.8000000000000003
7013,0.002346038818359375,0.0,-3.2
7014,0.0022287368774414062,0.0,-3.2
7015,0.0026869773864746094,0.0,-3.6
7016,0.0021741390228271484,0.0,-3.6
7017,0.0008411407470703125,0.0,-4.0
7018,0.002503633499145508,0.0,-4.0
7019,0.00070953369140625,0.0,-4.0
7020,0.0015437602996826172,0.0,-4.4
7021,0.0019652843475341797,0.0,-4.4
7022,0.0006215572357177734,0.0,-4.4
7023,0.001981496810913086,0.0,-4.4
7024,0.0024068355560302734,0.0,-4.0
7025,0.002000570297241211,0.0,-4.0
7026,0.002328157424926758,0.0,-4.0
7027,0.0023193359375,0.0,-3.6
7028,0.00064849853515625,0.0,-3.6
7029,0.0015995502471923828,0.0,-3.2
7030,0.002242565155029297,0.0,-3.2
7031,0.0006463527679443359,0.0,-2.8000000000000003
7032,0.0022394657135009766,0.0,-2.4000000000000004
7033,0.0026407241821289062,0.0,-2.0
7034,0.0006191730499267578,0.0,-2.0
7035,0.0021326541900634766,0.0,-1.6
7036,0.0006146430969238281,0.0,-1.2000000000000002
7037,0.0016143321990966797,0.0,-0.8
7038,0.0019588470458984375,0.0,-0.4
7039,0.0005829334259033203,0.0,0.0
7040,0.0022296905517578125,0.0,0.4
7041,0.0005636215209960938,0.0,0.8
7042,0.0016205310821533203,0.0,1.2000000000000002
7043,0.001894235610961914,0.0,1.6
7044,0.0020525455474853516,0.0,1.6
7045,0.0021631717681884766,0.0,2.0
7046,0.00206756591796875,0.0,2.4000000000000004
7047,0.0019502639770507812,0.0,2.8000000000000003
7048,0.0005996227264404297,0.0,2.8000000000000003
7049,0.001950979232788086,0.0,3.2
7050,0.002673625946044922,0.0,3.2
7051,0.0017855167388916016,0.0,3.6
7052,0.0019617080688476562,0.0,3.6
7053,0.002140045166015625,0.0,3.6
7054,0.0021109580993652344,0.0,4.0
7055,0.0006275177001953125,0.0,4.0
7056,0.0015022754669189453,0.0,4.0
7057,0.002500772476196289,0.0,4.0
7058,0.002440929412841797,0.0,4.0
7059,0.0018620491027832031,0.0,4.0
7060,0.0006923675537109375,0.0,3.6
7061,0.0019104480743408203,0.0,3.6
7062,0.0006947517395019531,0.0,3.2
7063,0.0020437240600585938,0.0,3.2
7064,0.0006232261657714844,0.0,2.8000000000000003
7065,0.001567840576171875,0.0,2.8000000000000003
7066,0.001989603042602539,0.0,2.4000000000000004
7067,0.0022568702697753906,0.0,2.0
7068,0.0014300346374511719,0.0,2.0
7069,0.002341032028198242,0.0,1.6
7070,0.0006875991821289062,0.0,1.2000000000000002
7071,0.0024080276489257812,0.0,0.8
7072,0.0020601749420166016,0.0,0.4
7073,0.0006875991821289062,0.0,0.0
7074,0.0021331310272216797,0.0,0.0
7075,0.002179861068725586,0.0,-0.4
7076,0.002209186553955078,0.0,-0.8
7077,0.0006444454193115234,0.0,-1.2000000000000002
7078,0.0015490055084228516,0.0,-1.6
7079,0.0006208419799804688,0.0,-2.0
7080,0.0017154216766357422,0.0,-2.0
7081,0.0008029937744140625,0.0,-2.4000000000000004
7082,0.0016660690307617188,0.0,-2.8000000000000003
7083,0.0005946159362792969,0.0,-2.8000000000000003
7084,0.001617431640625,0.0,-3.2
7085,0.0019729137420654297,0.0,-3.2
7086,0.0006158351898193359,0.0,-3.6
7087,0.002314329147338867,0.0,-3.6
7088,0.0024089813232421875,0.0,-3.6
7089,0.0027899742126464844,0.0,-3.6
7090,0.0023987293243408203,0.0,-4.0
7091,0.0005848407745361328,0.0,-4.0
7092,0.001813650131225586,0.0,-4.0
7093,0.0005724430084228516,0.0,-3.6
7094,0.0031816959381103516,0.0,-3.6
7095,0.0024268627166748047,0.0,-3.6
7096,0.0005693435668945312,0.0,-3.6
7097,0.0021843910217285156,0.0,-3.2
7098,0.0029528141021728516,0.0,-3.2
7099,0.0005505084991455078,0.0,-2.8000000000000003
7100,0.0024199485778808594,0.0,-2.8000000000000003
7101,0.0004913806915283203,0.0,-2.4000000000000004
7102,0.0020716190338134766,0.0,-2.0
7103,0.0005667209625244141,0.0,-2.0
7104,0.0016374588012695312,0.0,-1.6
7105,0.0005779266357421875,0.0,-1.2000000000000002
7106,0.0015950202941894531,0.0,-0.8
7107,0.0017423629760742188,0.0,-0.4
7108,0.0022737979888916016,0.0,-0.4
7109,0.002196788787841797,0.0,0.0
7110,0.0015120506286621094,0.0,0.4
7111,0.0023806095123291016,0.0,0.8
7112,0.001224517822265625,0.0,1.2000000000000002
7113,0.0006914138793945312,0.0,1.2000000000000002
7114,0.0014829635620117188,0.0,1.6
7115,0.0027256011962890625,0.0,2.0
7116,0.0023462772369384766,0.0,2.4000000000000004
7117,0.002040386199951172,0.0,2.4000000000000004
7118,0.0024878978729248047,0.0,2.8000000000000003
7119,0.0007224082946777344,0.0,2.8000000000000003
7120,0.0023996829986572266,0.0,3.2
7121,0.002037525177001953,0.0,3.2
7122,0.0006654262542724609,0.0,3.2
7123,0.001901388168334961,0.0,3.6
7124,0.0006272792816162109,0.0,3.6
7125,0.0019249916076660156,0.0,3.6
7126,0.0026717185974121094,0.0,3.6
7127,0.0023674964904785156,0.0,3.6
7128,0.002082347869873047,0.0,3.6
7129,0.002221345901489258,0.0,3.2
7130,0.0020987987518310547,0.0,3.2
7131,0.0024182796478271484,0.0,3.2
7132,0.0023276805877685547,0.0,2.8000000000000003
7133,0.0025343894958496094,0.0,2.8000000000000003
7134,0.002378225326538086,0.0,2.4000000000000004
7135,0.002235889434814453,0.0,2.4000000000000004
7136,0.0025339126586914062,0.0,2.0
7137,0.002599954605102539,0.0,2.0
7138,0.0006639957427978516,0.0,1.6
7139,0.001909494400024414,0.0,1.2000000000000002
7140,0.0006074905395507812,0.0,0.8
7141,0.0016109943389892578,0.0,0.8
7142,0.0024034976959228516,0.0,0.4
7143,0.0018570423126220703,0.0,0.0
7144,0.002399444580078125,0.0,-0.4
7145,0.0014920234680175781,0.0,-0.8
7146,0.0026395320892333984,0.0,-0.8
7147,0.001953125,0.0,-1.2000000000000002
7148,0.0007846355438232422,0.0,-1.6
7149,0.0007846355438232422,0.0,-1.6
7150,0.002513885498046875,0.0,-1.6
7151,0.0018510818481445312,0.0,-2.0
7152,0.0022842884063720703,0.0,-2.4000000000000004
7153,0.002068042755126953,0.0,-2.4000000000000004
7154,0.0023734569549560547,0.0,-2.8000000000000003
7155,0.0015532970428466797,0.0,-2.8000000000000003
7156,0.001898050308227539,0.0,-3.2
7157,0.0025348663330078125,0.0,-3.2
7158,0.002383708953857422,0.0,-3.2
7159,0.002167940139770508,0.0,-3.2
7160,0.0006551742553710938,0.0,-3.6
7161,0.0018911361694335938,0.0,-3.6
7162,0.0015621185302734375,0.0,-3.6
7163,0.0017576217651367188,0.0,-3.2
7164,0.0018610954284667969,0.0,-3.2
7165,0.0019714832305908203,0.0,-3.2
7166,0.0006971359252929688,0.0,-3.2
7167,0.0016057491302490234,0.0,-3.2
7168,0.0019674301147460938,0.0,-2.8000000000000003
7169,0.001848459243774414,0.0,-2.8000000000000003
7170,0.0006909370422363281,0.0,-2.4000000000000004
7171,0.0018949508666992188,0.0,-2.4000000000000004
7172,0.0006608963012695312,0.0,-2.0
7173,0.0015730857849121094,0.0,-1.6
7174,0.002534151077270508,0.0,-1.6
7175,0.0019762516021728516,0.0,-1.2000000000000002
7176,0.00148773193359375,0.0,-0.8
7177,0.0021636486053466797,0.0,-0.8
7178,0.001968860626220703,0.0,-0.4
7179,0.002423524856567383,0.0,0.0
7180,0.0006554126739501953,0.0,0.4
7181,0.0024459362030029297,0.0,0.4
7182,0.0006501674652099609,0.0,0.8
7183,0.0017898082733154297,0.0,1.2000000000000002
7184,0.0006349086761474609,0.0,1.2000000000000002
7185,0.002102375030517578,0.0,1.6
7186,0.0005869865417480469,0.0,2.0
7187,0.0015323162078857422,0.0,2.0
7188,0.0005648136138916016,0.0,2.4000000000000004
7189,0.0023093223571777344,0.0,2.4000000000000004
7190,0.0005900859832763672,0.0,2.8000000000000003
7191,0.0020928382873535156,0.0,2.8000000000000003
7192,0.0005738735198974609,0.0,2.8000000000000003
7193,0.0015957355499267578,0.0,2.8000000000000003
7194,0.0026221275329589844,0.0,3.2
7195,0.0005481243133544922,0.0,3.2
7196,0.001983165740966797,0.0,3.2
7197,0.0005903244018554688,0.0,3.2
7198,0.0015208721160888672,0.0,3.2
7199,0.0005905628204345703,0.0,2.8000000000000003
7200,0.0015790462493896484,0.0,2.8000000000000003
7201,0.0005974769592285156,0.0,2.8000000000000003
7202,0.001857757568359375,0.0,2.8000000000000003
7203,0.0005743503570556641,0.0,2.4000000000000004
7204,0.0019488334655761719,0.0,2.4000000000000004
7205,0.0024123191833496094,0.0,2.0
7206,0.0018911361694335938,0.0,2.0
7207,0.0018858909606933594,0.0,1.6
7208,0.001786947250366211,0.0,1.6
7209,0.0030694007873535156,0.0,1.2000000000000002
7210,0.0006318092346191406,0.0,0.8
7211,0.0025930404663085938,0.0,0.8
7212,0.002567768096923828,0.0,0.4
7213,0.0006618499755859375,0.0,0.0
7214,0.001940011978149414,0.0,0.0
7215,0.002056598663330078,0.0,-0.4
7216,0.0025980472564697266,0.0,-0.8
7217,0.0023152828216552734,0.0,-0.8
7218,0.000705718994140625,0.0,-1.2000000000000002
7219,0.0016021728515625,0.0,-1.6
7220,0.0024595260620117188,0.0,-1.6
7221,0.0006465911865234375,0.0,-2.0
7222,0.0019373893737792969,0.0,-2.0
7223,0.0020296573638916016,0.0,-2.4000000000000004
7224,0.002444744110107422,0.0,-2.4000000000000004
7225,0.0023539066314697266,0.0,-2.8000000000000003
7226,0.0006389617919921875,0.0,-2.8000000000000003
7227,0.0015037059783935547,0.0,-2.8000000000000003
7228,0.0025148391723632812,0.0,-2.8000000000000003
7229,0.000614166259765625,0.0,-2.8000000000000003
7230,0.001963376998901367,0.0,-3.2
7231,0.002418994903564453,0.0,-3.2
7232,0.002462148666381836,0.0,-3.2
7233,0.0005846023559570312,0.0,-2.8000000000000003
7234,0.0018572807312011719,0.0,-2.8000000000000003
7235,0.0006151199340820312,0.0,-2.8000000000000003
7236,0.0025315284729003906,0.0,-2.8000000000000003
7237,0.002047300338745117,0.0,-2.4000000000000004
7238,0.0006134510040283203,0.0,-2.4000000000000004
7239,0.0022437572479248047,0.0,-2.4000000000000004
7240,0.0020737648010253906,0.0,-2.0
7241,0.0005934238433837891,0.0,-2.0
7242,0.0015149116516113281,0.0,-1.6
7243,0.0006031990051269531,0.0,-1.6
7244,0.0015642642974853516,0.0,-1.2000000000000002
7245,0.0006089210510253906,0.0,-0.8
7246,0.0021255016326904297,0.0,-0.8
7247,0.0019168853759765625,0.0,-0.4
7248,0.002268075942993164,0.0,0.0
7249,0.0023941993713378906,0.0,0.0
7250,0.002492189407348633,0.0,0.4
7251,0.0006263256072998047,0.0,0.4
7252,0.001611471176147461,0.0,0.8
7253,0.0018239021301269531,0.0,1.2000000000000002
7254,0.0018794536590576172,0.0,1.2000000000000002
7255,0.0022542476654052734,0.0,1.6
7256,0.002074718475341797,0.0,1.6
7257,0.0006003379821777344,0.0,2.0
7258,0.0020766258239746094,0.0,2.0
7259,0.0019450187683105469,0.0,2.4000000000000004
7260,0.0022881031036376953,0.0,2.4000000000000004
7261,0.0018901824951171875,0.0,2.4000000000000004
7262,0.002312898635864258,0.0,2.4000000000000004
7263,0.0020613670349121094,0.0,2.8000000000000003
7264,0.001867532730102539,0.0,2.8000000000000003
7265,0.001287698745727539,0.0,2.8000000000000003
7266,0.0013835430145263672,0.0,2.8000000000000003
7267,0.0023970603942871094,0.0,2.8000000000000003
7268,0.0018732547760009766,0.0,2.8000000000000003
7269,0.001903533935546875,0.0,2.4000000000000004
7270,0.001865386962890625,0.0,2.4000000000000004
7271,0.0018641948699951172,0.0,2.4000000000000004
7272,0.0008618831634521484,0.0,2.4000000000000004
7273,0.0014717578887939453,0.0,2.0
7274,0.0007119178771972656,0.0,2.0
7275,0.002030611038208008,0.0,1.6
7276,0.0026922225952148438,0.0,1.6
7277,0.0007181167602539062,0.0,1.2000000000000002
7278,0.002118825912475586,0.0,1.2000000000000002
7279,0.0006515979766845703,0.0,0.8
7280,0.0020821094512939453,0.0,0.8
7281,0.001592397689819336,0.0,0.4
7282,0.0020372867584228516,0.0,0.4
7283,0.0021600723266601562,0.0,0.0
7284,0.0006003379821777344,0.0,-0.4
7285,0.0024175643920898438,0.0,-0.4
7286,0.000621795654296875,0.0,-0.8
7287,0.002275705337524414,0.0,-0.8
7288,0.0005972385406494141,0.0,-1.2000000000000002
7289,0.002017974853515625,0.0,-1.2000000000000002
7290,0.002135038375854492,0.0,-1.6
7291,0.0005621910095214844,0.0,-1.6
7292,0.0027587413787841797,0.0,-2.0
7293,0.002233743667602539,0.0,-2.0
7294,0.002233743667602539,0.0,-2.0
7295,0.0019202232360839844,0.0,-2.4000000000000004
7296,0.0008404254913330078,0.0,-2.4000000000000004
7297,0.0017476081848144531,0.0,-2.4000000000000004
7298,0.0006308555603027344,0.0,-2.4000000000000004
7299,0.0017163753509521484,0.0,-2.4000000000000004
7300,0.0022318363189697266,0.0,-2.8000000000000003
7301,0.002337932586669922,0.0,-2.8000000000000003
7302,0.0023064613342285156,0.0,-2.8000000000000003
7303,0.0021276473999023438,0.0,-2.8000000000000003
7304,0.0020835399627685547,0.0,-2.4000000000000004
7305,0.0006208419799804688,0.0,-2.4000000000000004
7306,0.0016045570373535156,0.0,-2.4000000000000004
7307,0.0006046295166015625,0.0,-2.4000000000000004
7308,0.0015645027160644531,0.0,-2.0
7309,0.0006220340728759766,0.0,-2.0
7310,0.0021009445190429688,0.0,-2.0
7311,0.0021615028381347656,0.0,-1.6
7312,0.00244140625,0.0,-1.6
7313,0.0021381378173828125,0.0,-1.2000000000000002
7314,0.0025959014892578125,0.0,-1.2000000000000002
7315,0.0019731521606445312,0.0,-0.8
7316,0.0021779537200927734,0.0,-0.8
7317,0.0021092891693115234,0.0,-0.4
7318,0.002026796340942383,0.0,-0.4
7319,0.0017268657684326172,0.0,0.0
7320,0.0025131702423095703,0.0,0.0
7321,0.0020143985748291016,0.0,0.4
7322,0.002432584762573242,0.0,0.8
7323,0.0019829273223876953,0.0,0.8
7324,0.0007774829864501953,0.0,1.2000000000000002
7325,0.0019865036010742188,0.0,1.2000000000000002
7326,0.0017476081848144531,0.0,1.2000000000000002
7327,0.0020334720611572266,0.0,1.6
7328,0.0006957054138183594,0.0,1.6
7329,0.002289295196533203,0.0,2.0
7330,0.002081155776977539,0.0,2.0
7331,0.0025169849395751953,0.0,2.0
7332,0.0024068355560302734,0.0,2.0
7333,0.0006597042083740234,0.0,2.4000000000000004
7334,0.002035856246948242,0.0,2.4000000000000004
7335,0.0006134510040283203,0.0,2.4000000000000004
7336,0.0019648075103759766,0.0,2.4000000000000004
7337,0.0026123523712158203,0.0,2.4000000000000004
7338,0.0006017684936523438,0.0,2.4000000000000004
7339,0.001990795135498047,0.0,2.4000000000000004
7340,0.000583648681640625,0.0,2.0
7341,0.002033710479736328,0.0,2.0
7342,0.0005578994750976562,0.0,2.0
7343,0.0021698474884033203,0.0,2.0
7344,0.001363992691040039,0.0,1.6
7345,0.0005908012390136719,0.0,1.6
7346,0.002041339874267578,0.0,1.6
7347,0.0019707679748535156,0.0,1.2000000000000002
7348,0.0005655288696289062,0.0,1.2000000000000002
7349,0.002115964889526367,0.0,0.8
7350,0.0005598068237304688,0.0,0.8
7351,0.001585245132446289,0.0,0.4
7352,0.00057220458984375,0.0,0.4
7353,0.0022430419921875,0.0,0.0
7354,0.0004639625549316406,0.0,0.0
7355,0.003101348876953125,0.0,-0.4
7356,0.0022020339965820312,0.0,-0.4
7357,0.0005714893341064453,0.0,-0.8
7358,0.001810312271118164,0.0,-0.8
7359,0.000606536865234375,0.0,-1.2000000000000002
7360,0.0015196800231933594,0.0,-1.2000000000000002
7361,0.0006394386291503906,0.0,-1.6
7362,0.0025103092193603516,0.0,-1.6
7363,0.0026733875274658203,0.0,-1.6
7364,0.0006432533264160156,0.0,-2.0
7365,0.0020546913146972656,0.0,-2.0
7366,0.0006225109100341797,0.0,-2.0
7367,0.002488374710083008,0.0,-2.0
7368,0.0024170875549316406,0.0,-2.0
7369,0.0006518363952636719,0.0,-2.4000000000000004
7370,0.002040386199951172,0.0,-2.4000000000000004
7371,0.0024302005767822266,0.0,-2.4000000000000004
7372,0.004359245300292969,0.0,-2.4000000000000004
7373,0.0022056102752685547,0.0,-2.4000000000000004
7374,0.0022063255310058594,0.0,-2.0
7375,0.002076387405395508,0.0,-2.0
7376,0.0021419525146484375,0.0,-2.0
7377,0.0023033618927001953,0.0,-2.0
7378,0.002135038375854492,0.0,-1.6
7379,0.002135753631591797,0.0,-1.6
7380,0.0024864673614501953,0.0,-1.6
7381,0.002184152603149414,0.0,-1.2000000000000002
7382,0.0006988048553466797,0.0,-1.2000000000000002
7383,0.001935720443725586,0.0,-1.2000000000000002
7384,0.0006494522094726562,0.0,-0.8
7385,0.0022382736206054688,0.0,-0.8
7386,0.0006153583526611328,0.0,-0.4
7387,0.0019178390502929688,0.0,-0.4
7388,0.0023517608642578125,0.0,0.0
7389,0.0005929470062255859,0.0,0.0
7390,0.0020360946655273438,0.0,0.4
7391,0.0006895065307617188,0.0,0.4
7392,0.0020203590393066406,0.0,0.8
7393,0.0005846023559570312,0.0,0.8
7394,0.0024383068084716797,0.0,0.8
7395,0.0005695819854736328,0.0,1.2000000000000002
7396,0.0016112327575683594,0.0,1.2000000000000002
7397,0.0006077289581298828,0.0,1.2000000000000002
7398,0.0024938583374023438,0.0,1.6
7399,0.0005795955657958984,0.0,1.6
7400,0.0019426345825195312,0.0,1.6
7401,0.0005576610565185547,0.0,1.6
7402,0.0018362998962402344,0.0,2.0
7403,0.0005595684051513672,0.0,2.0
7404,0.0020513534545898438,0.0,2.0
7405,0.0021309852600097656,0.0,2.0
7406,0.0006010532379150391,0.0,2.0
7407,0.0018308162689208984,0.0,2.0
7408,0.0005602836608886719,0.0,2.0
7409,0.001957416534423828,0.0,2.0
7410,0.0005786418914794922,0.0,1.6
7411,0.0021059513092041016,0.0,1.6
7412,0.0005905628204345703,0.0,1.6
7413,0.00202178955078125,0.0,1.6
7414,0.0006499290466308594,0.0,1.2000000000000002
7415,0.0019526481628417969,0.0,1.2000000000000002
7416,0.0006756782531738281,0.0,1.2000000000000002
7417,0.0019559860229492188,0.0,0.8
7418,0.0006139278411865234,0.0,0.8
7419,0.0015292167663574219,0.0,0.8
7420,0.002139568328857422,0.0,0.4
7421,0.0006012916564941406,0.0,0.4
7422,0.001964569091796875,0.0,0.0
7423,0.0006189346313476562,0.0,0.0
7424,0.001986265182495117,0.0,-0.4
7425,0.0005834102630615234,0.0,-0.4
7426,0.0022683143615722656,0.0,-0.4
7427,0.0019283294677734375,0.0,-0.8
7428,0.002326488494873047,0.0,-0.8
7429,0.0013415813446044922,0.0,-1.2000000000000002
7430,0.0006253719329833984,0.0,-1.2000000000000002
7431,0.0015718936920166016,0.0,-1.2000000000000002
7432,0.0020470619201660156,0.0,-1.2000000000000002
7433,0.002550363540649414,0.0,-1.6
7434,0.0025277137756347656,0.0,-1.6
7435,0.0020673274993896484,0.0,-1.6
7436,0.0018379688262939453,0.0,-1.6
7437,0.0006036758422851562,0.0,-2.0
7438,0.0015819072723388672,0.0,-2.0
7439,0.0018188953399658203,0.0,-2.0
7440,0.0018188953399658203,0.0,-2.0
7441,0.002125263214111328,0.0,-2.0
7442,0.0007424354553222656,0.0,-2.0
7443,0.0019986629486083984,0.0,-2.0
7444,0.00257110595703125,0.0,-2.0
7445,0.0020875930786132812,0.0,-1.6
7446,0.0006034374237060547,0.0,-1.6
7447,0.0017271041870117188,0.0,-1.6
7448,0.0006897449493408203,0.0,-1.6
7449,0.0016303062438964844,0.0,-1.6
7450,0.0025072097778320312,0.0,-1.2000000000000002
7451,0.0005617141723632812,0.0,-1.2000000000000002
7452,0.0020623207092285156,0.0,-1.2000000000000002
7453,0.0005671977996826172,0.0,-0.8
7454,0.001978635787963867,0.0,-0.8
7455,0.0018448829650878906,0.0,-0.8
7456,0.0005540847778320312,0.0,-0.4
7457,0.001491546630859375,0.0,-0.4
7458,0.0005939006805419922,0.0,-0.4
7459,0.0015857219696044922,0.0,0.0
7460,0.0005970001220703125,0.0,0.0
7461,0.0019800662994384766,0.0,0.4
7462,0.0006794929504394531,0.0,0.4
7463,0.0022788047790527344,0.0,0.4
7464,0.0023508071899414062,0.0,0.8
7465,0.0006022453308105469,0.0,0.8
7466,0.002126932144165039,0.0,0.8
7467,0.0005927085876464844,0.0,1.2000000000000002
7468,0.0018012523651123047,0.0,1.2000000000000002
7469,0.0019538402557373047,0.0,1.2000000000000002
7470,0.0006177425384521484,0.0,1.2000000000000002
7471,0.0006871223449707031,0.0,1.6
7472,0.0008053779602050781,0.0,1.6
7473,0.0007061958312988281,0.0,1.6
7474,0.0009272098541259766,0.0,1.6
7475,0.0010819435119628906,0.0,1.6
7476,0.0010266304016113281,0.0,1.6
7477,0.0007913112640380859,0.0,1.6
7478,0.0008676052093505859,0.0,1.6
7479,0.0007100105285644531,0.0,1.6
7480,0.0010216236114501953,0.0,1.6
7481,0.0009260177612304688,0.0,1.2000000000000002
7482,0.0009093284606933594,0.0,1.2000000000000002
7483,0.0008711814880371094,0.0,1.2000000000000002
7484,0.0006499290466308594,0.0,1.2000000000000002
7485,0.0009407997131347656,0.0,1.2000000000000002
7486,0.0012040138244628906,0.0,0.8
7487,0.0007138252258300781,0.0,0.8
7488,0.0005407333374023438,0.0,0.8
7489,0.0005047321319580078,0.0,0.4
7490,0.0004966259002685547,0.0,0.4
7491,0.00045228004455566406,0.0,0.4
7492,0.000453948974609375,0.0,0.0
7493,0.00045609474182128906,0.0,0.0
7494,0.000736236572265625,0.0,0.0
7495,0.0006349086761474609,0.0,-0.4
7496,0.0006792545318603516,0.0,-0.4
7497,0.0008568763732910156,0.0,-0.4
7498,0.0004851818084716797,0.0,-0.8
7499,0.0005006790161132812,0.0,-0.8
7500,0.0004470348358154297,0.0,-0.8
7501,0.0004432201385498047,0.0,-0.8
7502,0.0004551410675048828,0.0,-1.2000000000000002
7503,0.0005981922149658203,0.0,-1.2000000000000002
7504,0.0025382041931152344,0.0,-1.2000000000000002
7505,0.0006639957427978516,0.0,-1.2000000000000002
7506,0.0019948482513427734,0.0,-1.2000000000000002
7507,0.0006804466247558594,0.0,-1.6
7508,0.0018854141235351562,0.0,-1.6
7509,0.0006322860717773438,0.0,-1.6
7510,0.0009441375732421875,0.0,-1.6
7511,0.0011379718780517578,0.0,-1.6
7512,0.0023059844970703125,0.0,-1.6
7513,0.0005431175231933594,0.0,-1.6
7514,0.0020744800567626953,0.0,-1.6
7515,0.0007843971252441406,0.0,-1.2000000000000002
7516,0.0013685226440429688,0.0,-1.2000000000000002
7517,0.0004603862762451172,0.0,-1.2000000000000002
7518,0.0009839534759521484,0.0,-1.2000000000000002
7519,0.0004737377166748047,0.0,-1.2000000000000002
7520,0.0025119781494140625,0.0,-1.2000000000000002
7521,0.0007123947143554688,0.0,-0.8
7522,0.0017828941345214844,0.0,-0.8
7523,0.0016589164733886719,0.0,-0.8
7524,0.0006611347198486328,0.0,-0.4
7525,0.0010335445404052734,0.0,-0.4
7526,0.0008358955383300781,0.0,-0.4
7527,0.0018208026885986328,0.0,-0.4
7528,0.0006940364837646484,0.0,0.0
7529,0.0018303394317626953,0.0,0.0
7530,0.0019268989562988281,0.0,0.0
7531,0.0006296634674072266,0.0,0.4
7532,0.0014030933380126953,0.0,0.4
7533,0.0005650520324707031,0.0,0.4
