,Latency,PWM Value,Angle
0,0.0,0.0,0.0
1,0.0005974769592285156,0.0,0.0
2,0.0005016326904296875,0.0,0.0
3,0.0004487037658691406,0.0,0.0
4,0.0004391670227050781,0.0,0.0
5,0.0006301403045654297,0.0,0.0
6,0.002428293228149414,0.0,0.0
7,0.0006148815155029297,0.0,0.0
8,0.002911806106567383,0.0,0.0
9,0.0005540847778320312,0.0,0.0
10,0.0026824474334716797,0.0,0.0
11,0.0005812644958496094,0.0,0.0
12,0.0027723312377929688,0.0,0.0
13,0.0005528926849365234,0.0,0.0
14,0.0027599334716796875,0.0,0.0
15,0.0005447864532470703,0.0,0.0
16,0.002776622772216797,0.0,0.0
17,0.0006144046783447266,0.0,0.0
18,0.002630472183227539,0.0,0.0
19,0.0006060600280761719,0.0,0.0
20,0.002702951431274414,0.0,0.0
21,0.0005342960357666016,0.0,0.0
22,0.0021026134490966797,0.0,0.0
23,0.0005333423614501953,0.0,0.0
24,0.002729177474975586,0.0,0.0
25,0.0005478858947753906,0.0,0.0
26,0.0026216506958007812,0.0,0.0
27,0.0005719661712646484,0.0,0.0
28,0.0020494461059570312,0.0,0.0
29,0.0005824565887451172,0.0,0.0
30,0.0027391910552978516,0.0,0.0
31,0.0006878376007080078,0.0,0.0
32,0.002729654312133789,0.0,0.0
33,0.000598907470703125,0.0,0.0
34,0.0006999969482421875,0.0,0.0
35,0.0011353492736816406,0.0,0.0
36,0.0005080699920654297,0.0,0.0
37,0.002772092819213867,0.0,0.0
38,0.0006444454193115234,0.0,0.0
39,0.00048351287841796875,0.0,0.0
40,0.001966714859008789,0.0,0.0
41,0.002439260482788086,0.0,0.0
42,0.0005671977996826172,0.0,0.0
43,0.0026955604553222656,0.0,0.0
44,0.000598907470703125,0.0,0.0
45,0.0026633739471435547,0.0,0.0
46,0.0005915164947509766,0.0,0.0
47,0.0021581649780273438,0.0,0.0
48,0.0005507469177246094,0.0,0.0
49,0.0020787715911865234,0.0,0.0
50,0.002458333969116211,0.0,0.0
51,0.002360105514526367,0.0,0.0
52,0.0020530223846435547,0.0,0.0
53,0.002465963363647461,0.0,0.0
54,0.0006117820739746094,0.0,0.0
55,0.002384662628173828,0.0,0.0
56,0.002032041549682617,0.0,0.0
57,0.002162933349609375,0.0,0.0
58,0.0020263195037841797,0.0,0.0
59,0.0024085044860839844,0.0,0.0
60,0.002397298812866211,0.0,0.0
61,0.0006396770477294922,0.0,0.0
62,0.0026144981384277344,0.0,0.0
63,0.002832651138305664,0.0,0.0
64,0.002475261688232422,0.0,0.0
65,0.0010867118835449219,0.0,0.0
66,0.0025124549865722656,0.0,0.0
67,0.0025479793548583984,0.0,0.0
68,0.002483367919921875,0.0,0.0
69,0.0022430419921875,0.0,0.0
70,0.0010790824890136719,0.0,0.0
71,0.0027637481689453125,0.0,0.0
72,0.0027637481689453125,0.0,0.0
73,0.0020618438720703125,0.0,0.0
74,0.0006594657897949219,0.0,0.0
75,0.002229452133178711,0.0,0.0
76,0.0006701946258544922,0.0,0.0
77,0.002407550811767578,0.0,0.0
78,0.0006296634674072266,0.0,0.0
79,0.0027167797088623047,0.0,0.0
80,0.0005540847778320312,0.0,0.0
81,0.002730131149291992,0.0,0.0
82,0.0022954940795898438,0.0,0.0
83,0.0006861686706542969,0.0,0.0
84,0.002525806427001953,0.0,0.0
85,0.0006234645843505859,0.0,0.0
86,0.0027158260345458984,0.0,0.0
87,0.001775503158569336,0.0,0.0
88,0.0006277561187744141,0.0,0.0
89,0.003229856491088867,0.0,0.0
90,0.0006737709045410156,0.0,0.0
91,0.002680540084838867,0.0,0.0
92,0.0006258487701416016,0.0,0.0
93,0.0025415420532226562,0.0,0.0
94,0.001959562301635742,0.0,0.0
95,0.002898693084716797,0.0,0.0
96,0.002897977828979492,0.0,0.0
97,0.0025217533111572266,0.0,0.0
98,0.0021865367889404297,0.0,0.0
99,0.0025434494018554688,0.0,0.0
100,0.0024394989013671875,0.0,0.0
101,0.0011188983917236328,0.0,0.0
102,0.002559661865234375,0.0,0.0
103,0.002405881881713867,0.0,0.0
104,0.002638578414916992,0.0,0.0
105,0.0016663074493408203,0.0,0.0
106,0.0018436908721923828,0.0,0.0
107,0.0024826526641845703,0.0,0.0
108,0.0008118152618408203,0.0,0.0
109,0.0025458335876464844,0.0,0.0
110,0.002231121063232422,0.0,0.0
111,0.002451658248901367,0.0,0.0
112,0.0021190643310546875,0.0,0.0
113,0.001735687255859375,0.002,0.0
114,0.0025479793548583984,0.006,0.0
115,0.0020723342895507812,0.006,0.0
116,0.0025069713592529297,0.006,0.0
117,0.002413034439086914,0.009000000000000001,0.0
118,0.001988649368286133,0.009000000000000001,0.0
119,0.002335786819458008,0.009000000000000001,0.0
120,0.002288341522216797,0.009000000000000001,0.0
121,0.0018155574798583984,0.009000000000000001,0.0
122,0.0007810592651367188,0.011000000000000001,0.0
123,0.002702951431274414,0.011000000000000001,0.0
124,0.0005238056182861328,0.011000000000000001,0.0
125,0.0005280971527099609,0.011000000000000001,0.0
126,0.003434896469116211,0.013000000000000001,0.0
127,0.0006659030914306641,0.013000000000000001,0.0
128,0.0027370452880859375,0.013000000000000001,0.0
129,0.0006101131439208984,0.015,0.0
130,0.0025420188903808594,0.015,0.0
131,0.0005595684051513672,0.015,0.0
132,0.0006098747253417969,0.015,0.0
133,0.001434326171875,0.015,0.0
134,0.0011603832244873047,0.017,0.0
135,0.0022830963134765625,0.017,0.0
136,0.0025675296783447266,0.022000000000000002,0.0
137,0.002409219741821289,0.022000000000000002,0.0
138,0.0009212493896484375,0.022000000000000002,0.0
139,0.002597332000732422,0.022000000000000002,0.0
140,0.0006973743438720703,0.022000000000000002,0.0
141,0.0023636817932128906,0.022000000000000002,0.0
142,0.0017392635345458984,0.024,0.0
143,0.0019867420196533203,0.024,0.0
144,0.0026056766510009766,0.024,0.0
145,0.0006814002990722656,0.024,0.0
146,0.002608776092529297,0.024,0.0
147,0.0022706985473632812,0.024,0.0
148,0.002019166946411133,0.024,0.0
149,0.0022668838500976562,0.024,0.0
150,0.0022470951080322266,0.026000000000000002,0.0
151,0.001800537109375,0.026000000000000002,0.0
152,0.002512216567993164,0.027999999999999997,0.0
153,0.002445220947265625,0.027999999999999997,0.0
154,0.0005130767822265625,0.03,0.4
155,0.001299142837524414,0.03,0.4
156,0.0010335445404052734,0.03,0.4
157,0.002076864242553711,0.032,0.4
158,0.0023169517517089844,0.032,0.8
159,0.0026481151580810547,0.032,0.8
160,0.002098560333251953,0.039,0.8
161,0.0007758140563964844,0.039,1.2000000000000002
162,0.002655506134033203,0.040999999999999995,1.2000000000000002
163,0.0021653175354003906,0.043,1.2000000000000002
164,0.0006897449493408203,0.043,1.6
165,0.0026807785034179688,0.047,1.6
166,0.0006129741668701172,0.047,2.0
167,0.001953125,0.05,2.0
168,0.0021708011627197266,0.054000000000000006,2.4000000000000004
169,0.002331256866455078,0.055999999999999994,2.4000000000000004
170,0.001916646957397461,0.06,2.8000000000000003
171,0.0017361640930175781,0.063,2.8000000000000003
172,0.001811981201171875,0.065,3.2
173,0.0020804405212402344,0.069,3.6
174,0.0004818439483642578,0.075,3.6
175,0.0028448104858398438,0.08199999999999999,4.0
176,0.0005860328674316406,0.086,4.4
177,0.002653360366821289,0.08800000000000001,4.800000000000001
178,0.0005600452423095703,0.09300000000000001,5.2
179,0.0025625228881835938,0.09300000000000001,5.6000000000000005
180,0.002523183822631836,0.09699999999999999,6.0
181,0.0007207393646240234,0.09699999999999999,6.4
182,0.0026001930236816406,0.09699999999999999,6.800000000000001
183,0.0006465911865234375,0.099,7.2
184,0.002085447311401367,0.10099999999999999,7.6000000000000005
185,0.0015060901641845703,0.10099999999999999,8.4
186,0.0010614395141601562,0.10099999999999999,8.8
187,0.0024895668029785156,0.10300000000000001,9.600000000000001
188,0.0020635128021240234,0.106,10.4
189,0.0008091926574707031,0.106,10.8
190,0.002413034439086914,0.106,11.600000000000001
191,0.0006458759307861328,0.106,12.4
192,0.002683877944946289,0.106,13.200000000000001
193,0.0006630420684814453,0.106,14.0
194,0.002895355224609375,0.106,14.8
195,0.0006079673767089844,0.106,15.200000000000001
196,0.002508878707885742,0.106,16.0
197,0.0006134510040283203,0.10800000000000001,16.8
198,0.0024080276489257812,0.11,17.6
199,0.002457857131958008,0.11,18.400000000000002
200,0.0025262832641601562,0.11,19.200000000000003
201,0.0023818016052246094,0.114,19.6
202,0.002403736114501953,0.11599999999999999,20.400000000000002
203,0.0023293495178222656,0.11599999999999999,20.8
204,0.002399444580078125,0.11599999999999999,21.6
205,0.0006833076477050781,0.11599999999999999,22.0
206,0.0023453235626220703,0.11599999999999999,22.400000000000002
207,0.0021584033966064453,0.11599999999999999,22.8
208,0.0024116039276123047,0.11599999999999999,23.200000000000003
209,0.0025899410247802734,0.11599999999999999,23.6
210,0.0006334781646728516,0.11599999999999999,24.0
211,0.002608776092529297,0.11599999999999999,24.0
212,0.0007677078247070312,0.11599999999999999,24.400000000000002
213,0.002509593963623047,0.11599999999999999,24.400000000000002
214,0.0008945465087890625,0.11599999999999999,24.400000000000002
215,0.0008945465087890625,0.11599999999999999,24.400000000000002
216,0.001367807388305664,0.11599999999999999,24.400000000000002
217,0.0019452571868896484,0.11599999999999999,24.400000000000002
218,0.0020394325256347656,0.11599999999999999,24.400000000000002
219,0.0026581287384033203,0.11599999999999999,24.400000000000002
220,0.0007832050323486328,0.11599999999999999,24.400000000000002
221,0.0024912357330322266,0.11599999999999999,24.0
222,0.002291440963745117,0.114,23.6
223,0.002351522445678711,0.114,23.6
224,0.0006287097930908203,0.114,23.200000000000003
225,0.0024385452270507812,0.114,22.8
226,0.0005748271942138672,0.114,22.400000000000002
227,0.0025529861450195312,0.114,22.0
228,0.002248525619506836,0.11,21.6
229,0.0005977153778076172,0.10800000000000001,21.200000000000003
230,0.002002239227294922,0.10800000000000001,20.400000000000002
231,0.0023763179779052734,0.10800000000000001,20.0
232,0.0006890296936035156,0.10800000000000001,19.6
233,0.0030188560485839844,0.10800000000000001,18.8
234,0.0006728172302246094,0.10800000000000001,18.400000000000002
235,0.0026760101318359375,0.10800000000000001,18.0
236,0.002260446548461914,0.10800000000000001,17.2
237,0.002814054489135742,0.10800000000000001,16.8
238,0.002204418182373047,0.10800000000000001,16.0
239,0.0006527900695800781,0.10800000000000001,15.600000000000001
240,0.0023610591888427734,0.10800000000000001,15.200000000000001
241,0.0005707740783691406,0.10800000000000001,14.4
242,0.002451658248901367,0.10800000000000001,14.0
243,0.0027713775634765625,0.10800000000000001,13.600000000000001
244,0.0031104087829589844,0.11,12.8
245,0.00055694580078125,0.11,12.4
246,0.0034410953521728516,0.11,12.0
247,0.0007171630859375,0.11,11.600000000000001
248,0.0034787654876708984,0.11,11.200000000000001
249,0.0006775856018066406,0.11,11.200000000000001
250,0.0029959678649902344,0.11,10.8
251,0.0006563663482666016,0.11,10.4
252,0.0030748844146728516,0.11,10.4
253,0.0006258487701416016,0.11,10.0
254,0.0023453235626220703,0.11,10.0
255,0.0027074813842773438,0.11,10.0
256,0.0025136470794677734,0.11,10.4
257,0.002730131149291992,0.11,10.4
258,0.002432107925415039,0.11199999999999999,10.8
259,0.0023169517517089844,0.114,10.8
260,0.0006763935089111328,0.114,11.200000000000001
261,0.0024094581604003906,0.114,11.600000000000001
262,0.0026123523712158203,0.114,11.600000000000001
263,0.002731800079345703,0.114,12.0
264,0.0023517608642578125,0.114,12.8
265,0.002315044403076172,0.11599999999999999,13.200000000000001
266,0.0027282238006591797,0.11599999999999999,13.600000000000001
267,0.0022568702697753906,0.11599999999999999,14.0
268,0.0006616115570068359,0.11599999999999999,14.8
269,0.0022907257080078125,0.11599999999999999,15.200000000000001
270,0.0005970001220703125,0.11599999999999999,15.600000000000001
271,0.0019571781158447266,0.11599999999999999,16.400000000000002
272,0.002415895462036133,0.11599999999999999,16.8
273,0.002231597900390625,0.11599999999999999,17.6
274,0.001986980438232422,0.11900000000000001,18.0
275,0.002316713333129883,0.121,18.8
276,0.0006616115570068359,0.121,19.200000000000003
277,0.002799510955810547,0.121,20.0
278,0.0006091594696044922,0.121,20.400000000000002
279,0.002718210220336914,0.121,20.8
280,0.0021669864654541016,0.121,21.6
281,0.0007112026214599609,0.121,22.0
282,0.002264738082885742,0.121,22.400000000000002
283,0.0024399757385253906,0.12300000000000001,22.8
284,0.0006952285766601562,0.12300000000000001,23.200000000000003
285,0.002296924591064453,0.12300000000000001,23.6
286,0.0024580955505371094,0.12300000000000001,24.0
287,0.0006661415100097656,0.121,24.0
288,0.0025289058685302734,0.121,24.400000000000002
289,0.0006575584411621094,0.121,24.400000000000002
290,0.00035834312438964844,0.11900000000000001,24.8
291,0.0023114681243896484,0.11900000000000001,24.8
292,0.0006453990936279297,0.11900000000000001,24.8
293,0.0023789405822753906,0.114,24.8
294,0.0006589889526367188,0.114,24.8
295,0.002142667770385742,0.11199999999999999,24.8
296,0.0006191730499267578,0.11199999999999999,24.400000000000002
297,0.0027246475219726562,0.11,24.400000000000002
298,0.002136707305908203,0.11,24.0
299,0.0005679130554199219,0.11,24.0
300,0.002805471420288086,0.11,23.6
301,0.0005600452423095703,0.11,23.200000000000003
302,0.002608776092529297,0.11,22.8
303,0.0005924701690673828,0.11,22.400000000000002
304,0.00267791748046875,0.11,22.0
305,0.0005400180816650391,0.11,21.200000000000003
306,0.0025992393493652344,0.11,20.8
307,0.0005564689636230469,0.11,20.0
308,0.0027217864990234375,0.11,19.6
309,0.0006022453308105469,0.11199999999999999,18.8
310,0.0030024051666259766,0.11199999999999999,18.400000000000002
311,0.0005915164947509766,0.11199999999999999,17.6
312,0.0021872520446777344,0.11199999999999999,16.8
313,0.0021636486053466797,0.11199999999999999,16.400000000000002
314,0.0005927085876464844,0.11199999999999999,15.600000000000001
315,0.003050088882446289,0.114,15.200000000000001
316,0.0005829334259033203,0.114,14.4
317,0.0029897689819335938,0.114,13.600000000000001
318,0.0005719661712646484,0.11599999999999999,13.200000000000001
319,0.002207040786743164,0.11599999999999999,12.8
320,0.0018506050109863281,0.11599999999999999,12.0
321,0.002580404281616211,0.121,11.600000000000001
322,0.002751588821411133,0.12300000000000001,11.200000000000001
323,0.0026259422302246094,0.12300000000000001,10.8
324,0.0023393630981445312,0.125,10.4
325,0.0026047229766845703,0.127,10.4
326,0.0013227462768554688,0.127,10.0
327,0.0005714893341064453,0.127,10.0
328,0.0023450851440429688,0.127,10.0
329,0.0005459785461425781,0.127,10.0
330,0.0028417110443115234,0.127,10.0
331,0.0022382736206054688,0.127,10.0
332,0.0006327629089355469,0.127,10.4
333,0.0025925636291503906,0.127,10.8
334,0.0006735324859619141,0.127,11.200000000000001
335,0.0026624202728271484,0.127,11.600000000000001
336,0.0025839805603027344,0.127,12.0
337,0.0005822181701660156,0.127,12.4
338,0.0026018619537353516,0.121,13.200000000000001
339,0.0005881786346435547,0.11599999999999999,13.600000000000001
340,0.002346038818359375,0.11199999999999999,14.4
341,0.0028204917907714844,0.11199999999999999,15.200000000000001
342,0.0021958351135253906,0.11199999999999999,16.0
343,0.002828836441040039,0.11199999999999999,16.8
344,0.0018680095672607422,0.11199999999999999,17.6
345,0.0026924610137939453,0.11199999999999999,18.400000000000002
346,0.0006196498870849609,0.11199999999999999,19.200000000000003
347,0.0024406909942626953,0.11199999999999999,20.0
348,0.0005705356597900391,0.11199999999999999,20.8
349,0.002466440200805664,0.11199999999999999,21.200000000000003
350,0.002513408660888672,0.11199999999999999,22.0
351,0.0024988651275634766,0.11199999999999999,22.8
352,0.0024428367614746094,0.11199999999999999,23.200000000000003
353,0.0022377967834472656,0.11199999999999999,24.0
354,0.002893209457397461,0.11199999999999999,24.400000000000002
355,0.0006518363952636719,0.11199999999999999,24.8
356,0.0025424957275390625,0.11199999999999999,25.200000000000003
357,0.0005495548248291016,0.11199999999999999,25.200000000000003
358,0.0021657943725585938,0.11599999999999999,25.6
359,0.0021657943725585938,0.11599999999999999,25.6
360,0.0021393299102783203,0.11599999999999999,25.6
361,0.002498149871826172,0.11599999999999999,26.0
362,0.0005931854248046875,0.11599999999999999,26.0
363,0.0023429393768310547,0.11900000000000001,26.0
364,0.0025467872619628906,0.121,25.6
365,0.0026547908782958984,0.12300000000000001,25.6
366,0.002496004104614258,0.12300000000000001,25.200000000000003
367,0.0005838871002197266,0.125,24.8
368,0.0021104812622070312,0.125,24.8
369,0.0024802684783935547,0.125,24.400000000000002
370,0.0005931854248046875,0.125,23.6
371,0.0019412040710449219,0.125,23.200000000000003
372,0.0005655288696289062,0.125,22.400000000000002
373,0.00212860107421875,0.125,22.0
374,0.0013206005096435547,0.125,21.200000000000003
375,0.0026230812072753906,0.125,20.400000000000002
376,0.0005645751953125,0.125,19.6
377,0.0018711090087890625,0.125,19.200000000000003
378,0.0005555152893066406,0.125,18.400000000000002
379,0.002275705337524414,0.127,17.6
380,0.002676248550415039,0.127,16.8
381,0.0025136470794677734,0.125,16.400000000000002
382,0.002357006072998047,0.125,15.600000000000001
383,0.000614166259765625,0.125,14.8
384,0.0026607513427734375,0.125,14.4
385,0.002130746841430664,0.125,14.0
386,0.000629425048828125,0.125,13.600000000000001
387,0.002735614776611328,0.125,13.200000000000001
388,0.0006568431854248047,0.125,12.8
389,0.0022661685943603516,0.125,12.4
390,0.002623319625854492,0.125,12.0
391,0.000606536865234375,0.125,12.0
392,0.0025496482849121094,0.125,11.600000000000001
393,0.0022308826446533203,0.125,11.600000000000001
394,0.0006515979766845703,0.125,11.600000000000001
395,0.0023534297943115234,0.125,11.600000000000001
396,0.0027234554290771484,0.125,12.0
397,0.0005855560302734375,0.125,12.0
398,0.002844572067260742,0.125,12.4
399,0.002021312713623047,0.125,12.8
400,0.001972675323486328,0.125,12.8
401,0.0005857944488525391,0.125,13.200000000000001
402,0.0022826194763183594,0.125,13.600000000000001
403,0.0005824565887451172,0.125,14.4
404,0.002263307571411133,0.125,14.8
405,0.0017833709716796875,0.125,15.200000000000001
406,0.0005655288696289062,0.125,16.0
407,0.0026051998138427734,0.127,16.400000000000002
408,0.0005581378936767578,0.127,17.2
409,0.0018677711486816406,0.127,17.6
410,0.0005328655242919922,0.127,18.400000000000002
411,0.002935171127319336,0.127,18.8
412,0.0005881786346435547,0.127,19.6
413,0.0022432804107666016,0.127,20.400000000000002
414,0.0005242824554443359,0.127,20.8
415,0.002479076385498047,0.127,21.6
416,0.0005545616149902344,0.127,22.0
417,0.002359151840209961,0.127,22.8
418,0.0026564598083496094,0.127,23.200000000000003
419,0.0021448135375976562,0.125,23.6
420,0.0018510818481445312,0.121,24.400000000000002
421,0.0005950927734375,0.11599999999999999,24.8
422,0.0021483898162841797,0.11599999999999999,25.200000000000003
423,0.0019044876098632812,0.11599999999999999,25.6
424,0.0005753040313720703,0.11199999999999999,26.0
425,0.0020341873168945312,0.11199999999999999,26.0
426,0.0005612373352050781,0.11,26.400000000000002
427,0.0022614002227783203,0.11,26.400000000000002
428,0.0019304752349853516,0.11,26.8
429,0.0005390644073486328,0.11,26.8
430,0.002214193344116211,0.11,26.8
431,0.001959085464477539,0.11,26.400000000000002
432,0.0006856918334960938,0.11,26.400000000000002
433,0.0031571388244628906,0.11,26.0
434,0.0006058216094970703,0.11,26.0
435,0.002461671829223633,0.11,25.6
436,0.0008363723754882812,0.11,25.200000000000003
437,0.002094268798828125,0.11,24.400000000000002
438,0.0006670951843261719,0.11,24.0
439,0.0028350353240966797,0.11,23.200000000000003
440,0.00069427490234375,0.11,22.8
441,0.002681732177734375,0.114,22.0
442,0.002398967742919922,0.11599999999999999,21.200000000000003
443,0.002778291702270508,0.11900000000000001,20.400000000000002
444,0.0020475387573242188,0.121,19.6
445,0.0023615360260009766,0.121,18.8
446,0.0007555484771728516,0.121,18.0
447,0.0021584033966064453,0.125,17.2
448,0.0026938915252685547,0.129,16.400000000000002
449,0.0024187564849853516,0.129,15.600000000000001
450,0.0012722015380859375,0.129,14.8
451,0.0027322769165039062,0.131,14.0
452,0.002547740936279297,0.134,13.200000000000001
453,0.002634763717651367,0.134,12.8
454,0.0006995201110839844,0.134,12.0
455,0.0023403167724609375,0.134,11.600000000000001
456,0.002055644989013672,0.134,11.200000000000001
457,0.0006058216094970703,0.134,10.8
458,0.002998828887939453,0.134,10.4
459,0.0005972385406494141,0.129,10.0
460,0.002315044403076172,0.114,10.0
461,0.0028295516967773438,0.10099999999999999,10.0
462,0.0022001266479492188,0.095,10.0
463,0.0025970935821533203,0.09300000000000001,10.0
464,0.0006740093231201172,0.09300000000000001,10.0
465,0.003154754638671875,0.09300000000000001,10.4
466,0.0005719661712646484,0.09300000000000001,10.8
467,0.0029332637786865234,0.09300000000000001,11.200000000000001
468,0.0006222724914550781,0.09300000000000001,11.600000000000001
469,0.002779245376586914,0.09300000000000001,12.0
470,0.0005698204040527344,0.09300000000000001,12.4
471,0.0026574134826660156,0.09300000000000001,12.8
472,0.002846240997314453,0.09699999999999999,13.200000000000001
473,0.0022134780883789062,0.09699999999999999,13.600000000000001
474,0.0027322769165039062,0.10099999999999999,14.0
475,0.0023484230041503906,0.10800000000000001,14.4
476,0.0018122196197509766,0.11,14.8
477,0.0006699562072753906,0.114,15.200000000000001
478,0.002028226852416992,0.121,15.600000000000001
479,0.0021080970764160156,0.125,15.600000000000001
480,0.00225067138671875,0.127,16.0
481,0.0023479461669921875,0.127,16.400000000000002
482,0.0007193088531494141,0.131,16.8
483,0.0021448135375976562,0.131,17.2
484,0.0006532669067382812,0.131,17.2
485,0.002955198287963867,0.131,17.6
486,0.0006425380706787109,0.131,18.0
487,0.0029108524322509766,0.131,18.400000000000002
488,0.0005972385406494141,0.131,18.400000000000002
489,0.002359151840209961,0.131,18.8
490,0.002740621566772461,0.131,19.200000000000003
491,0.0026917457580566406,0.131,19.6
492,0.0024039745330810547,0.129,20.0
493,0.002431631088256836,0.12300000000000001,20.400000000000002
494,0.0020515918731689453,0.11900000000000001,20.8
495,0.0025315284729003906,0.11,21.200000000000003
496,0.0019412040710449219,0.11,21.6
497,0.0007252693176269531,0.11,21.6
498,0.002302408218383789,0.11,22.0
499,0.0022058486938476562,0.11,22.400000000000002
500,0.0005922317504882812,0.11,22.8
501,0.0022690296173095703,0.11,22.8
502,0.001968860626220703,0.11,23.200000000000003
503,0.0023050308227539062,0.11,23.200000000000003
504,0.002089262008666992,0.11,23.200000000000003
505,0.002365589141845703,0.11,23.200000000000003
506,0.0020635128021240234,0.114,23.200000000000003
507,0.003485441207885742,0.121,23.200000000000003
508,0.003485441207885742,0.12300000000000001,23.200000000000003
509,0.001070261001586914,0.129,23.200000000000003
510,0.0021028518676757812,0.134,22.8
511,0.0018622875213623047,0.138,22.8
512,0.002493143081665039,0.142,22.400000000000002
513,0.0018246173858642578,0.142,22.0
514,0.0022830963134765625,0.14400000000000002,22.0
515,0.0023903846740722656,0.147,21.6
516,0.0007259845733642578,0.147,21.200000000000003
517,0.002611398696899414,0.147,20.8
518,0.0019261837005615234,0.147,20.400000000000002
519,0.0006730556488037109,0.147,20.0
520,0.002292156219482422,0.147,20.0
521,0.0026357173919677734,0.142,19.6
522,0.002451181411743164,0.138,19.200000000000003
523,0.002283811569213867,0.131,19.200000000000003
524,0.0019686222076416016,0.129,19.200000000000003
525,0.0022215843200683594,0.125,18.8
526,0.002554655075073242,0.125,18.8
527,0.0005304813385009766,0.125,18.8
528,0.0004436969757080078,0.125,18.8
529,0.0008378028869628906,0.125,18.8
530,0.0012705326080322266,0.125,18.8
531,0.0009205341339111328,0.125,18.8
532,0.0022737979888916016,0.125,18.8
533,0.0007798671722412109,0.125,18.8
534,0.002323627471923828,0.125,18.8
535,0.002664804458618164,0.125,18.8
536,0.0007467269897460938,0.131,19.200000000000003
537,0.0023031234741210938,0.14,19.200000000000003
538,0.0025157928466796875,0.142,19.200000000000003
539,0.0021631717681884766,0.142,19.200000000000003
540,0.0006918907165527344,0.142,19.200000000000003
541,0.0018458366394042969,0.142,19.200000000000003
542,0.0026693344116210938,0.142,19.6
543,0.0007002353668212891,0.142,19.6
544,0.0023043155670166016,0.142,19.6
545,0.0006129741668701172,0.142,19.6
546,0.0026607513427734375,0.142,20.0
547,0.0005671977996826172,0.142,20.0
548,0.002771139144897461,0.142,20.400000000000002
549,0.0005714893341064453,0.142,20.400000000000002
550,0.002062082290649414,0.142,20.8
551,0.0005602836608886719,0.14,20.8
552,0.0022852420806884766,0.136,21.200000000000003
553,0.0006616115570068359,0.129,21.6
554,0.0029935836791992188,0.129,21.6
555,0.0021445751190185547,0.129,22.0
556,0.0023860931396484375,0.129,22.400000000000002
557,0.002490520477294922,0.129,22.8
558,0.0020134449005126953,0.129,22.8
559,0.0007467269897460938,0.129,23.200000000000003
560,0.002680540084838867,0.129,23.6
561,0.0027244091033935547,0.129,23.6
562,0.0026721954345703125,0.129,24.0
563,0.0021567344665527344,0.129,24.0
564,0.0022225379943847656,0.129,24.400000000000002
565,0.0018458366394042969,0.129,24.400000000000002
566,0.0018544197082519531,0.129,24.400000000000002
567,0.0006592273712158203,0.134,24.400000000000002
568,0.0021920204162597656,0.138,24.400000000000002
569,0.0019752979278564453,0.14,24.400000000000002
570,0.002084970474243164,0.142,24.400000000000002
571,0.0018727779388427734,0.142,24.400000000000002
572,0.002129077911376953,0.142,24.400000000000002
573,0.0005996227264404297,0.142,24.0
574,0.0031137466430664062,0.142,24.0
575,0.0019495487213134766,0.142,24.0
576,0.0018193721771240234,0.142,23.6
577,0.0016891956329345703,0.142,23.6
578,0.0019724369049072266,0.142,23.200000000000003
579,0.0006022453308105469,0.142,23.200000000000003
580,0.002628326416015625,0.142,22.8
581,0.0005674362182617188,0.142,22.8
582,0.0023386478424072266,0.142,22.400000000000002
583,0.002660989761352539,0.142,22.400000000000002
584,0.0007266998291015625,0.138,22.400000000000002
585,0.002418994903564453,0.138,22.0
586,0.0006480216979980469,0.138,22.0
587,0.0024118423461914062,0.138,22.0
588,0.0006046295166015625,0.138,21.6
589,0.0027887821197509766,0.138,21.6
590,0.0019881725311279297,0.138,21.6
591,0.0005934238433837891,0.138,21.6
592,0.0018575191497802734,0.138,21.200000000000003
593,0.0006163120269775391,0.138,21.200000000000003
594,0.0019495487213134766,0.138,21.200000000000003
595,0.0005962848663330078,0.138,21.200000000000003
596,0.0020911693572998047,0.138,21.200000000000003
597,0.0005779266357421875,0.14,20.8
598,0.0018486976623535156,0.142,20.8
599,0.0005574226379394531,0.142,20.8
600,0.0022351741790771484,0.147,20.8
601,0.0005545616149902344,0.147,20.8
602,0.0027878284454345703,0.147,20.8
603,0.0019087791442871094,0.147,20.8
604,0.001961231231689453,0.147,20.8
605,0.002160310745239258,0.149,21.200000000000003
606,0.0005948543548583984,0.149,21.200000000000003
607,0.0020782947540283203,0.149,21.200000000000003
608,0.0019423961639404297,0.149,21.200000000000003
609,0.0006268024444580078,0.151,21.6
610,0.0018944740295410156,0.151,21.6
611,0.002214193344116211,0.151,22.0
612,0.0018835067749023438,0.153,22.0
613,0.0006568431854248047,0.157,22.400000000000002
614,0.002262115478515625,0.157,22.400000000000002
615,0.002856016159057617,0.157,22.8
616,0.0006744861602783203,0.159,23.200000000000003
617,0.0021505355834960938,0.159,23.6
618,0.001897573471069336,0.162,23.6
619,0.0006129741668701172,0.162,24.0
620,0.0018429756164550781,0.162,24.400000000000002
621,0.0005753040313720703,0.162,24.8
622,0.0023224353790283203,0.162,25.200000000000003
623,0.0017404556274414062,0.162,25.6
624,0.0019114017486572266,0.162,26.400000000000002
625,0.0018687248229980469,0.162,26.8
626,0.0019483566284179688,0.162,27.200000000000003
627,0.0017883777618408203,0.162,27.6
628,0.0006060600280761719,0.162,28.0
629,0.0018303394317626953,0.162,28.8
630,0.0017740726470947266,0.162,29.200000000000003
631,0.0005724430084228516,0.159,29.6
632,0.0022084712982177734,0.155,30.0
633,0.0016982555389404297,0.149,30.400000000000002
634,0.0006964206695556641,0.14400000000000002,31.200000000000003
635,0.0023887157440185547,0.142,31.6
636,0.0020766258239746094,0.134,32.0
637,0.0006663799285888672,0.134,32.4
638,0.0021784305572509766,0.129,32.800000000000004
639,0.0005970001220703125,0.127,32.800000000000004
640,0.0017268657684326172,0.125,33.2
641,0.0005888938903808594,0.125,33.2
642,0.0018661022186279297,0.125,33.6
643,0.0017139911651611328,0.125,33.6
644,0.001734018325805664,0.125,33.6
645,0.0006186962127685547,0.125,33.2
646,0.002103090286254883,0.125,32.800000000000004
647,0.002199888229370117,0.125,32.800000000000004
648,0.00058746337890625,0.125,32.4
649,0.0018887519836425781,0.129,31.6
650,0.0007414817810058594,0.138,31.200000000000003
651,0.0027539730072021484,0.14400000000000002,30.400000000000002
652,0.0027539730072021484,0.153,30.400000000000002
653,0.0023598670959472656,0.157,29.6
654,0.0007572174072265625,0.157,28.8
655,0.002233266830444336,0.162,28.0
656,0.0025157928466796875,0.166,26.8
657,0.0022971630096435547,0.166,26.0
658,0.001990079879760742,0.168,24.8
659,0.0006165504455566406,0.17,24.0
660,0.002101898193359375,0.17,22.8
661,0.0005872249603271484,0.172,22.0
662,0.0030057430267333984,0.175,21.200000000000003
663,0.002244710922241211,0.18100000000000002,20.400000000000002
664,0.0017406940460205078,0.183,19.6
665,0.0018873214721679688,0.183,18.8
666,0.0021209716796875,0.183,18.400000000000002
667,0.0020952224731445312,0.183,17.6
668,0.0021152496337890625,0.183,17.2
669,0.0006105899810791016,0.183,17.2
670,0.0019173622131347656,0.183,16.8
671,0.002077817916870117,0.179,16.8
672,0.0021436214447021484,0.172,17.2
673,0.002235889434814453,0.166,17.2
674,0.0019903182983398438,0.162,17.6
675,0.0020971298217773438,0.157,18.400000000000002
676,0.0019059181213378906,0.155,18.8
677,0.0022668838500976562,0.151,19.6
678,0.0017764568328857422,0.151,20.400000000000002
679,0.0006418228149414062,0.151,21.200000000000003
680,0.001857757568359375,0.149,22.400000000000002
681,0.002738475799560547,0.147,23.200000000000003
682,0.0005965232849121094,0.147,24.400000000000002
683,0.002660989761352539,0.142,25.200000000000003
684,0.0006895065307617188,0.138,26.400000000000002
685,0.0023992061614990234,0.136,27.200000000000003
686,0.0022840499877929688,0.134,28.400000000000002
687,0.0015485286712646484,0.134,29.200000000000003
688,0.0006732940673828125,0.134,30.400000000000002
689,0.0029594898223876953,0.134,31.200000000000003
690,0.0024290084838867188,0.134,32.0
691,0.0006628036499023438,0.134,32.800000000000004
692,0.0020978450775146484,0.134,33.6
693,0.0006480216979980469,0.134,34.0
694,0.00218963623046875,0.134,34.800000000000004
695,0.0008308887481689453,0.134,35.2
696,0.0021157264709472656,0.134,35.6
697,0.0006957054138183594,0.142,35.6
698,0.0029904842376708984,0.14400000000000002,35.6
699,0.0024747848510742188,0.151,35.6
700,0.0006110668182373047,0.155,35.6
701,0.0018124580383300781,0.157,35.6
702,0.0005855560302734375,0.162,35.2
703,0.002137899398803711,0.162,34.800000000000004
704,0.0005631446838378906,0.166,34.4
705,0.002220630645751953,0.166,34.0
706,0.002390623092651367,0.168,33.6
707,0.0005793571472167969,0.168,32.800000000000004
708,0.0020639896392822266,0.168,32.4
709,0.0022993087768554688,0.168,31.6
710,0.0022194385528564453,0.168,30.8
711,0.0018267631530761719,0.168,30.400000000000002
712,0.0019617080688476562,0.168,29.6
713,0.001748800277709961,0.168,28.8
714,0.0021848678588867188,0.168,28.400000000000002
715,0.0024874210357666016,0.16399999999999998,27.6
716,0.0006642341613769531,0.155,27.200000000000003
717,0.0021469593048095703,0.151,26.400000000000002
718,0.0025467872619628906,0.138,26.0
719,0.0019407272338867188,0.136,25.6
720,0.002849102020263672,0.134,25.200000000000003
721,0.0019817352294921875,0.134,24.8
722,0.0018100738525390625,0.129,24.400000000000002
723,0.0006566047668457031,0.12300000000000001,24.0
724,0.002223491668701172,0.121,23.6
725,0.0022873878479003906,0.121,23.200000000000003
726,0.0019500255584716797,0.114,22.8
727,0.0020716190338134766,0.114,22.400000000000002
728,0.002318143844604492,0.11199999999999999,22.0
729,0.002317190170288086,0.11,21.6
730,0.0020744800567626953,0.10800000000000001,21.200000000000003
731,0.002356290817260742,0.106,20.8
732,0.0021965503692626953,0.10099999999999999,20.400000000000002
733,0.00252532958984375,0.10099999999999999,20.0
734,0.0018877983093261719,0.10099999999999999,19.6
735,0.0007781982421875,0.10099999999999999,18.8
736,0.0026051998138427734,0.10099999999999999,18.400000000000002
737,0.002172231674194336,0.10099999999999999,18.0
738,0.001965761184692383,0.10300000000000001,17.6
739,0.0020689964294433594,0.11,16.8
740,0.001867532730102539,0.11199999999999999,16.400000000000002
741,0.000728607177734375,0.11599999999999999,15.600000000000001
742,0.0021865367889404297,0.11599999999999999,15.200000000000001
743,0.0005850791931152344,0.12300000000000001,14.4
744,0.0018894672393798828,0.131,14.0
745,0.0005774497985839844,0.136,13.600000000000001
746,0.0018095970153808594,0.142,12.8
747,0.0006072521209716797,0.14400000000000002,12.4
748,0.0018129348754882812,0.149,12.0
749,0.0017249584197998047,0.151,11.600000000000001
750,0.0006122589111328125,0.153,11.200000000000001
751,0.002019166946411133,0.157,11.200000000000001
752,0.0006067752838134766,0.159,10.8
753,0.0019750595092773438,0.159,10.8
754,0.0005924701690673828,0.159,10.8
755,0.0021882057189941406,0.159,11.200000000000001
756,0.0006196498870849609,0.159,11.200000000000001
757,0.002122640609741211,0.159,11.600000000000001
758,0.0020067691802978516,0.159,12.0
759,0.0018193721771240234,0.159,12.8
760,0.0018925666809082031,0.159,13.600000000000001
761,0.0006773471832275391,0.155,14.4
762,0.0026633739471435547,0.149,15.200000000000001
763,0.0020515918731689453,0.14,16.0
764,0.0018358230590820312,0.127,17.2
765,0.0017728805541992188,0.121,18.400000000000002
766,0.0004858970642089844,0.11599999999999999,19.200000000000003
767,0.0028433799743652344,0.11199999999999999,20.8
768,0.0006291866302490234,0.10800000000000001,22.0
769,0.0026917457580566406,0.10099999999999999,23.200000000000003
770,0.0030531883239746094,0.099,24.400000000000002
771,0.002476215362548828,0.099,25.6
772,0.002428770065307617,0.099,26.8
773,0.0022394657135009766,0.099,28.0
774,0.002148151397705078,0.099,28.8
775,0.0019860267639160156,0.099,29.6
776,0.0018801689147949219,0.099,30.400000000000002
777,0.0006413459777832031,0.099,31.200000000000003
778,0.002188444137573242,0.099,31.6
779,0.00182342529296875,0.099,32.0
780,0.0006189346313476562,0.106,32.4
781,0.002471446990966797,0.11199999999999999,32.4
782,0.0018072128295898438,0.11900000000000001,32.4
783,0.002062082290649414,0.127,32.4
784,0.0006937980651855469,0.136,32.0
785,0.002221345901489258,0.14,31.6
786,0.000640869140625,0.142,31.200000000000003
787,0.0021109580993652344,0.142,30.400000000000002
788,0.002223968505859375,0.142,29.6
789,0.0006730556488037109,0.147,28.8
790,0.002203226089477539,0.147,28.0
791,0.0019192695617675781,0.147,27.200000000000003
792,0.0006253719329833984,0.147,26.400000000000002
793,0.003224611282348633,0.147,25.200000000000003
794,0.0024170875549316406,0.155,24.400000000000002
795,0.0006546974182128906,0.155,23.200000000000003
796,0.002532482147216797,0.155,22.400000000000002
797,0.0006327629089355469,0.155,21.6
798,0.0020558834075927734,0.155,20.400000000000002
799,0.0007975101470947266,0.155,19.6
800,0.0022711753845214844,0.155,18.8
801,0.0007562637329101562,0.155,18.0
802,0.0018897056579589844,0.151,17.2
803,0.0018460750579833984,0.142,16.8
804,0.0018460750579833984,0.131,16.8
805,0.0018639564514160156,0.125,16.0
806,0.0006260871887207031,0.11599999999999999,15.600000000000001
807,0.002377033233642578,0.11199999999999999,15.200000000000001
808,0.0005772113800048828,0.106,15.200000000000001
809,0.0015635490417480469,0.106,14.8
810,0.001104116439819336,0.106,14.8
811,0.002498149871826172,0.106,14.4
812,0.003023862838745117,0.106,14.4
813,0.0006852149963378906,0.106,14.4
814,0.0016837120056152344,0.106,14.4
815,0.00047898292541503906,0.106,14.4
816,0.00196075439453125,0.106,14.0
817,0.0010364055633544922,0.106,14.0
818,0.002433300018310547,0.106,14.0
819,0.0007050037384033203,0.11,14.4
820,0.0021486282348632812,0.11199999999999999,14.4
821,0.0027353763580322266,0.114,14.4
822,0.0026314258575439453,0.121,14.4
823,0.002514362335205078,0.127,14.4
824,0.0029764175415039062,0.129,14.4
825,0.0021522045135498047,0.134,14.4
826,0.0006530284881591797,0.142,14.8
827,0.0027713775634765625,0.147,14.8
828,0.0005803108215332031,0.151,15.200000000000001
829,0.0020875930786132812,0.151,15.200000000000001
830,0.0019927024841308594,0.151,15.600000000000001
831,0.001996755599975586,0.155,15.600000000000001
832,0.0021581649780273438,0.159,16.0
833,0.0021593570709228516,0.16399999999999998,16.400000000000002
834,0.0007641315460205078,0.166,16.8
835,0.0026400089263916016,0.168,17.2
836,0.000659942626953125,0.168,17.6
837,0.0016312599182128906,0.168,18.400000000000002
838,0.0006494522094726562,0.168,18.8
839,0.0006978511810302734,0.168,19.6
840,0.002326488494873047,0.168,20.400000000000002
841,0.0005702972412109375,0.168,21.200000000000003
842,0.0022220611572265625,0.168,22.0
843,0.0006494522094726562,0.168,22.8
844,0.0026662349700927734,0.162,24.0
845,0.002388477325439453,0.153,24.8
846,0.0006237030029296875,0.142,26.0
847,0.0026252269744873047,0.134,27.200000000000003
848,0.0026092529296875,0.131,28.400000000000002
849,0.0005986690521240234,0.131,29.200000000000003
850,0.0022475719451904297,0.131,30.400000000000002
851,0.0023162364959716797,0.127,31.6
852,0.0005993843078613281,0.12300000000000001,32.4
853,0.002636432647705078,0.12300000000000001,33.2
854,0.00058746337890625,0.121,34.4
855,0.0021126270294189453,0.121,34.800000000000004
856,0.002579212188720703,0.121,35.6
857,0.0005903244018554688,0.121,36.0
858,0.0019195079803466797,0.121,36.4
859,0.0005486011505126953,0.121,36.800000000000004
860,0.002435922622680664,0.121,37.2
861,0.002753734588623047,0.121,37.2
862,0.002153158187866211,0.12300000000000001,36.800000000000004
863,0.002584695816040039,0.127,36.800000000000004
864,0.0006568431854248047,0.131,36.4
865,0.0026319026947021484,0.138,36.0
866,0.0005619525909423828,0.14400000000000002,35.2
867,0.002281665802001953,0.149,34.4
868,0.0021851062774658203,0.153,33.6
869,0.0006215572357177734,0.157,32.800000000000004
870,0.002407550811767578,0.16399999999999998,32.0
871,0.002251863479614258,0.166,30.8
872,0.0005362033843994141,0.175,29.6
873,0.0022606849670410156,0.175,28.400000000000002
874,0.000537872314453125,0.179,27.200000000000003
875,0.002249002456665039,0.179,26.0
876,0.0005652904510498047,0.179,25.200000000000003
877,0.0022118091583251953,0.179,24.0
878,0.0023674964904785156,0.179,22.8
879,0.0024771690368652344,0.18100000000000002,22.0
880,0.0022368431091308594,0.18100000000000002,20.8
881,0.0005421638488769531,0.18100000000000002,20.0
882,0.0019440650939941406,0.18100000000000002,19.6
883,0.0025796890258789062,0.18100000000000002,18.8
884,0.0006792545318603516,0.179,18.400000000000002
885,0.002418994903564453,0.172,18.0
886,0.0005960464477539062,0.17,17.6
887,0.001949310302734375,0.162,17.6
888,0.0005705356597900391,0.153,17.6
889,0.0027616024017333984,0.151,17.6
890,0.0023169517517089844,0.147,17.6
891,0.0006628036499023438,0.14,18.0
892,0.0019936561584472656,0.131,18.400000000000002
893,0.0006253719329833984,0.131,18.8
894,0.0025827884674072266,0.131,19.6
895,0.0005972385406494141,0.131,20.0
896,0.0023941993713378906,0.131,20.8
897,0.002194643020629883,0.131,21.6
898,0.0005838871002197266,0.131,22.0
899,0.002370595932006836,0.131,22.8
900,0.0005810260772705078,0.131,23.6
901,0.002755403518676758,0.131,24.0
902,0.0005428791046142578,0.131,24.8
903,0.0018641948699951172,0.131,25.200000000000003
904,0.0022547245025634766,0.131,26.0
905,0.002224445343017578,0.131,26.400000000000002
906,0.0005671977996826172,0.131,26.8
907,0.0019538402557373047,0.131,27.200000000000003
908,0.0015716552734375,0.136,27.6
909,0.0005419254302978516,0.138,28.0
910,0.002849578857421875,0.147,28.0
911,0.002338409423828125,0.149,28.400000000000002
912,0.0021643638610839844,0.153,28.400000000000002
913,0.0022492408752441406,0.153,28.400000000000002
914,0.0017559528350830078,0.153,28.400000000000002
915,0.002296924591064453,0.159,28.400000000000002
916,0.0006849765777587891,0.16399999999999998,28.400000000000002
917,0.0025374889373779297,0.166,28.400000000000002
918,0.0005905628204345703,0.166,28.400000000000002
919,0.002198934555053711,0.166,28.0
920,0.002717733383178711,0.166,28.0
921,0.002256631851196289,0.166,28.0
922,0.0005764961242675781,0.166,27.6
923,0.002002716064453125,0.166,27.6
924,0.001880645751953125,0.166,27.6
925,0.0027065277099609375,0.166,27.200000000000003
926,0.001764535903930664,0.166,27.200000000000003
927,0.0020329952239990234,0.166,27.200000000000003
928,0.0017511844635009766,0.166,27.200000000000003
929,0.0006234645843505859,0.166,27.200000000000003
930,0.003006458282470703,0.166,27.200000000000003
931,0.0022606849670410156,0.16399999999999998,27.200000000000003
932,0.001851797103881836,0.155,27.200000000000003
933,0.0022432804107666016,0.149,27.200000000000003
934,0.0006785392761230469,0.14400000000000002,27.200000000000003
935,0.0022826194763183594,0.14,27.200000000000003
936,0.003115415573120117,0.14,27.6
937,0.0006799697875976562,0.136,27.6
938,0.0023534297943115234,0.131,27.6
939,0.0022361278533935547,0.131,28.0
940,0.0017583370208740234,0.125,28.0
941,0.002168416976928711,0.125,28.0
942,0.0006184577941894531,0.125,28.0
943,0.00157928466796875,0.125,28.0
944,0.0007576942443847656,0.125,28.0
945,0.002539396286010742,0.125,28.0
946,0.0005621910095214844,0.125,28.0
947,0.0023431777954101562,0.125,27.6
948,0.000732421875,0.125,27.200000000000003
949,0.001954793930053711,0.125,27.200000000000003
950,0.0018727779388427734,0.125,26.8
951,0.002293109893798828,0.125,26.400000000000002
952,0.0020618438720703125,0.125,26.0
953,0.0020618438720703125,0.129,26.0
954,0.002151966094970703,0.136,25.200000000000003
955,0.0031845569610595703,0.138,24.8
956,0.0019524097442626953,0.147,24.400000000000002
957,0.002374887466430664,0.151,23.6
958,0.0017352104187011719,0.157,23.200000000000003
959,0.0021860599517822266,0.157,22.400000000000002
960,0.00191497802734375,0.162,21.6
961,0.0016324520111083984,0.162,21.200000000000003
962,0.0025751590728759766,0.16399999999999998,20.400000000000002
963,0.0008544921875,0.166,19.6
964,0.002304553985595703,0.166,19.200000000000003
965,0.0006771087646484375,0.166,18.400000000000002
966,0.0018563270568847656,0.166,18.0
967,0.0029158592224121094,0.166,17.6
968,0.002159595489501953,0.166,17.2
969,0.0017077922821044922,0.166,17.2
970,0.0023462772369384766,0.166,16.8
971,0.0023698806762695312,0.166,16.8
972,0.002243518829345703,0.157,16.8
973,0.0019378662109375,0.155,16.8
974,0.0006685256958007812,0.149,17.2
975,0.0022003650665283203,0.142,17.6
976,0.0023076534271240234,0.136,18.0
977,0.0018460750579833984,0.129,18.400000000000002
978,0.0022673606872558594,0.129,18.8
979,0.0017580986022949219,0.127,19.6
980,0.0006990432739257812,0.12300000000000001,20.0
981,0.0022177696228027344,0.12300000000000001,20.8
982,0.0006210803985595703,0.12300000000000001,21.6
983,0.002509593963623047,0.11900000000000001,22.0
984,0.0024034976959228516,0.11900000000000001,22.8
985,0.0021615028381347656,0.11599999999999999,23.6
986,0.0007486343383789062,0.11599999999999999,24.0
987,0.002187967300415039,0.11599999999999999,24.8
988,0.0022208690643310547,0.11599999999999999,25.200000000000003
989,0.0007433891296386719,0.121,25.6
990,0.0017960071563720703,0.125,26.400000000000002
991,0.0016536712646484375,0.134,26.8
992,0.0016906261444091797,0.14,26.8
993,0.000713348388671875,0.147,27.200000000000003
994,0.00032401084899902344,0.155,27.200000000000003
995,0.0018084049224853516,0.16399999999999998,27.6
996,0.0023643970489501953,0.166,27.6
997,0.0021228790283203125,0.166,27.6
998,0.002232789993286133,0.17,27.6
999,0.000732421875,0.17,27.200000000000003
1000,0.002583742141723633,0.17,27.200000000000003
1001,0.0006277561187744141,0.17,27.200000000000003
1002,0.001974344253540039,0.17,27.200000000000003
1003,0.0006046295166015625,0.17,27.200000000000003
1004,0.0022363662719726562,0.17,27.200000000000003
1005,0.0005726814270019531,0.17,26.8
1006,0.0019996166229248047,0.17,26.8
1007,0.0018279552459716797,0.17,27.200000000000003
1008,0.00176239013671875,0.17,27.200000000000003
1009,0.0017476081848144531,0.17,27.200000000000003
1010,0.0017964839935302734,0.16399999999999998,27.200000000000003
1011,0.0006113052368164062,0.157,27.200000000000003
1012,0.0024721622467041016,0.14400000000000002,27.6
1013,0.0005877017974853516,0.131,27.6
1014,0.0022335052490234375,0.121,28.0
1015,0.0005619525909423828,0.11599999999999999,28.0
1016,0.002518892288208008,0.11599999999999999,28.400000000000002
1017,0.0005679130554199219,0.11599999999999999,28.400000000000002
1018,0.0021440982818603516,0.114,28.8
1019,0.0038192272186279297,0.11199999999999999,28.8
1020,0.00043845176696777344,0.11199999999999999,28.8
1021,0.002590656280517578,0.11199999999999999,28.8
1022,0.0006225109100341797,0.11199999999999999,28.8
1023,0.002675771713256836,0.11199999999999999,28.8
1024,0.0022940635681152344,0.11199999999999999,28.400000000000002
1025,0.0006089210510253906,0.11199999999999999,28.400000000000002
1026,0.0018944740295410156,0.11199999999999999,28.0
1027,0.0017876625061035156,0.11199999999999999,27.6
1028,0.0005400180816650391,0.11900000000000001,26.8
1029,0.0018765926361083984,0.127,26.400000000000002
1030,0.0005571842193603516,0.134,25.6
1031,0.002019166946411133,0.142,25.200000000000003
1032,0.0019631385803222656,0.149,24.400000000000002
1033,0.0022373199462890625,0.155,23.6
1034,0.0006992816925048828,0.162,22.8
1035,0.002218484878540039,0.168,21.6
1036,0.0006620883941650391,0.172,20.8
1037,0.0027332305908203125,0.177,20.0
1038,0.002185344696044922,0.177,19.200000000000003
1039,0.0007281303405761719,0.177,18.400000000000002
1040,0.002154111862182617,0.177,18.0
1041,0.0006494522094726562,0.177,17.2
1042,0.00196075439453125,0.177,16.8
1043,0.0025713443756103516,0.177,16.400000000000002
1044,0.0005755424499511719,0.177,16.0
1045,0.0020012855529785156,0.177,15.600000000000001
1046,0.0006749629974365234,0.177,15.600000000000001
1047,0.0021746158599853516,0.172,16.0
1048,0.0005779266357421875,0.157,16.0
1049,0.0018763542175292969,0.149,16.400000000000002
1050,0.0006206035614013672,0.142,16.8
1051,0.0018393993377685547,0.142,17.2
1052,0.0005795955657958984,0.142,18.0
1053,0.001990795135498047,0.138,18.8
1054,0.000560760498046875,0.138,19.6
1055,0.0022101402282714844,0.138,20.400000000000002
1056,0.0005595684051513672,0.138,21.200000000000003
1057,0.002192974090576172,0.138,22.400000000000002
1058,0.0005691051483154297,0.138,23.200000000000003
1059,0.0026459693908691406,0.136,24.0
1060,0.0005588531494140625,0.136,25.200000000000003
1061,0.0019795894622802734,0.136,26.0
1062,0.0006029605865478516,0.136,26.8
1063,0.002878427505493164,0.138,27.6
1064,0.0023899078369140625,0.14400000000000002,28.400000000000002
1065,0.0005812644958496094,0.153,29.200000000000003
1066,0.0024955272674560547,0.159,30.0
1067,0.0025026798248291016,0.16399999999999998,30.400000000000002
1068,0.0005960464477539062,0.168,31.200000000000003
1069,0.0022776126861572266,0.17,31.6
1070,0.0019192695617675781,0.172,32.0
1071,0.0017952919006347656,0.172,32.4
1072,0.0006029605865478516,0.172,32.800000000000004
1073,0.002031087875366211,0.172,33.2
1074,0.0005395412445068359,0.172,33.6
1075,0.0019800662994384766,0.172,33.6
1076,0.0005285739898681641,0.172,34.0
1077,0.002282857894897461,0.172,34.0
1078,0.0005373954772949219,0.172,34.4
1079,0.002136707305908203,0.168,34.4
1080,0.0005202293395996094,0.157,34.800000000000004
1081,0.0019309520721435547,0.14400000000000002,34.800000000000004
1082,0.0005791187286376953,0.131,34.800000000000004
1083,0.0019397735595703125,0.12300000000000001,35.2
1084,0.0006589889526367188,0.12300000000000001,35.2
1085,0.002276897430419922,0.121,35.2
1086,0.0006477832794189453,0.11900000000000001,35.2
1087,0.0020360946655273438,0.114,35.2
1088,0.0006422996520996094,0.114,34.800000000000004
1089,0.002070903778076172,0.114,34.800000000000004
1090,0.0006661415100097656,0.114,34.4
1091,0.002816915512084961,0.114,34.0
1092,0.0006527900695800781,0.114,33.2
1093,0.00231170654296875,0.114,32.800000000000004
1094,0.0007140636444091797,0.12300000000000001,32.0
1095,0.0018951892852783203,0.131,31.200000000000003
1096,0.0018951892852783203,0.136,31.200000000000003
1097,0.002179384231567383,0.138,30.0
1098,0.0006055831909179688,0.138,29.200000000000003
1099,0.0022330284118652344,0.142,28.0
1100,0.0006580352783203125,0.142,26.8
1101,0.0021469593048095703,0.142,25.6
1102,0.0005877017974853516,0.142,24.400000000000002
1103,0.002430438995361328,0.142,23.200000000000003
1104,0.0018498897552490234,0.14400000000000002,21.6
1105,0.0005946159362792969,0.14400000000000002,20.400000000000002
1106,0.0022673606872558594,0.14400000000000002,19.200000000000003
1107,0.0005412101745605469,0.131,18.0
1108,0.0020503997802734375,0.121,16.8
1109,0.0005824565887451172,0.11900000000000001,15.600000000000001
1110,0.0025742053985595703,0.114,14.4
1111,0.0006730556488037109,0.11199999999999999,13.600000000000001
1112,0.0020751953125,0.11199999999999999,12.4
1113,0.0006031990051269531,0.11199999999999999,11.600000000000001
1114,0.002058744430541992,0.114,10.8
1115,0.0005924701690673828,0.121,10.0
1116,0.0019261837005615234,0.131,9.200000000000001
1117,0.0025141239166259766,0.14,8.8
1118,0.0005922317504882812,0.157,8.4
1119,0.002263307571411133,0.162,7.6000000000000005
1120,0.0005640983581542969,0.162,7.6000000000000005
1121,0.002027273178100586,0.162,7.2
1122,0.0005679130554199219,0.162,6.800000000000001
1123,0.001973390579223633,0.162,6.800000000000001
1124,0.0005567073822021484,0.162,6.800000000000001
1125,0.0022428035736083984,0.162,7.2
1126,0.002012491226196289,0.159,7.6000000000000005
1127,0.0006041526794433594,0.153,8.0
1128,0.002012968063354492,0.125,8.4
1129,0.0005834102630615234,0.11900000000000001,9.200000000000001
1130,0.0020051002502441406,0.11900000000000001,10.0
1131,0.0006210803985595703,0.11900000000000001,11.200000000000001
1132,0.002381563186645508,0.11900000000000001,12.4
1133,0.0005712509155273438,0.11900000000000001,13.600000000000001
1134,0.0028455257415771484,0.11900000000000001,14.8
1135,0.0006682872772216797,0.127,16.0
1136,0.0021522045135498047,0.134,17.6
1137,0.0006124973297119141,0.136,18.8
1138,0.002771139144897461,0.14,20.400000000000002
1139,0.0021746158599853516,0.14400000000000002,21.6
1140,0.0006048679351806641,0.14400000000000002,22.8
1141,0.0018606185913085938,0.14400000000000002,24.0
1142,0.0006151199340820312,0.14400000000000002,25.200000000000003
1143,0.0018589496612548828,0.14400000000000002,26.400000000000002
1144,0.0006415843963623047,0.14400000000000002,27.6
1145,0.0017938613891601562,0.14400000000000002,28.8
1146,0.0005831718444824219,0.14400000000000002,30.0
1147,0.0019931793212890625,0.136,30.8
1148,0.0005650520324707031,0.127,31.6
1149,0.002276897430419922,0.12300000000000001,32.800000000000004
1150,0.0005857944488525391,0.12300000000000001,33.6
1151,0.002841949462890625,0.12300000000000001,34.4
1152,0.0005621910095214844,0.12300000000000001,34.800000000000004
1153,0.0021042823791503906,0.12300000000000001,35.6
1154,0.0005533695220947266,0.127,36.0
1155,0.0019040107727050781,0.151,36.4
1156,0.002043485641479492,0.166,36.4
1157,0.0005753040313720703,0.172,36.800000000000004
1158,0.002165079116821289,0.175,36.800000000000004
1159,0.0006012916564941406,0.175,36.4
1160,0.002204418182373047,0.175,36.4
1161,0.002259969711303711,0.175,36.0
1162,0.0005741119384765625,0.175,35.6
1163,0.0021944046020507812,0.172,35.2
1164,0.0020377635955810547,0.157,34.800000000000004
1165,0.0018448829650878906,0.14400000000000002,34.4
1166,0.0006122589111328125,0.131,33.6
1167,0.002214193344116211,0.127,33.2
1168,0.0005636215209960938,0.127,32.800000000000004
1169,0.0018723011016845703,0.127,32.4
1170,0.002432107925415039,0.127,31.6
1171,0.0006206035614013672,0.127,31.200000000000003
1172,0.0020453929901123047,0.127,30.400000000000002
1173,0.0022606849670410156,0.127,29.6
1174,0.0019707679748535156,0.127,28.8
1175,0.0005834102630615234,0.129,28.0
1176,0.0019731521606445312,0.136,27.200000000000003
1177,0.0020647048950195312,0.142,26.400000000000002
1178,0.0026595592498779297,0.14400000000000002,25.6
1179,0.0005826950073242188,0.14400000000000002,24.400000000000002
1180,0.002099752426147461,0.14400000000000002,23.6
1181,0.0005500316619873047,0.14400000000000002,22.400000000000002
1182,0.0018851757049560547,0.14400000000000002,21.6
1183,0.001733541488647461,0.14400000000000002,20.400000000000002
1184,0.0006742477416992188,0.131,19.6
1185,0.002067089080810547,0.11900000000000001,18.400000000000002
1186,0.002277374267578125,0.11,17.6
1187,0.0006384849548339844,0.10099999999999999,16.8
1188,0.0024797916412353516,0.10099999999999999,16.0
1189,0.002173185348510742,0.10099999999999999,15.200000000000001
1190,0.0005962848663330078,0.10099999999999999,14.4
1191,0.0019452571868896484,0.106,14.0
1192,0.0005905628204345703,0.125,13.200000000000001
1193,0.002304553985595703,0.147,12.8
1194,0.0006101131439208984,0.157,12.0
1195,0.0025751590728759766,0.16399999999999998,11.600000000000001
1196,0.0005478858947753906,0.16399999999999998,11.200000000000001
1197,0.002221822738647461,0.16399999999999998,10.8
1198,0.0005795955657958984,0.16399999999999998,10.4
1199,0.002320528030395508,0.16399999999999998,10.0
1200,0.0005764961242675781,0.157,9.600000000000001
1201,0.0018639564514160156,0.149,9.600000000000001
1202,0.002122640609741211,0.142,9.600000000000001
1203,0.0018818378448486328,0.131,10.0
1204,0.0006203651428222656,0.125,10.4
1205,0.0021505355834960938,0.11599999999999999,10.8
1206,0.0022547245025634766,0.11599999999999999,11.200000000000001
1207,0.000614166259765625,0.11599999999999999,12.0
1208,0.002773284912109375,0.11599999999999999,12.8
1209,0.001984834671020508,0.121,13.600000000000001
1210,0.0005958080291748047,0.138,14.4
1211,0.002098560333251953,0.16399999999999998,15.200000000000001
1212,0.0005548000335693359,0.166,16.400000000000002
1213,0.002584218978881836,0.166,17.2
1214,0.0005795955657958984,0.166,18.400000000000002
1215,0.002209901809692383,0.166,19.200000000000003
1216,0.0006060600280761719,0.166,20.400000000000002
1217,0.0018513202667236328,0.166,21.200000000000003
1218,0.0007236003875732422,0.157,22.400000000000002
1219,0.003220081329345703,0.138,23.200000000000003
1220,0.0025365352630615234,0.129,24.400000000000002
1221,0.0006701946258544922,0.129,25.6
1222,0.0022830963134765625,0.129,26.8
1223,0.0006103515625,0.129,28.0
1224,0.0022521018981933594,0.129,29.200000000000003
1225,0.0005862712860107422,0.129,30.0
1226,0.00220489501953125,0.129,31.200000000000003
1227,0.002607107162475586,0.131,32.0
1228,0.0006046295166015625,0.14400000000000002,32.800000000000004
1229,0.0021333694458007812,0.155,33.6
1230,0.002446413040161133,0.157,34.4
1231,0.002120494842529297,0.157,35.2
1232,0.000591278076171875,0.157,35.6
1233,0.0024428367614746094,0.157,36.0
1234,0.0006392002105712891,0.153,36.0
1235,0.0022470951080322266,0.142,36.4
1236,0.002019166946411133,0.125,36.4
1237,0.002018451690673828,0.11599999999999999,36.4
1238,0.0007216930389404297,0.11199999999999999,36.4
1239,0.0026254653930664062,0.11199999999999999,36.4
1240,0.0006747245788574219,0.11199999999999999,36.4
1241,0.0023031234741210938,0.11199999999999999,36.0
1242,0.002270936965942383,0.114,35.6
1243,0.002588987350463867,0.121,35.2
1244,0.002171039581298828,0.138,34.800000000000004
1245,0.002171039581298828,0.151,34.800000000000004
1246,0.0021338462829589844,0.159,34.0
1247,0.0006070137023925781,0.162,33.2
1248,0.0025017261505126953,0.162,32.4
1249,0.0006122589111328125,0.162,31.200000000000003
1250,0.001986980438232422,0.159,30.400000000000002
1251,0.0022764205932617188,0.151,29.200000000000003
1252,0.0005726814270019531,0.138,28.0
1253,0.002349853515625,0.12300000000000001,26.8
1254,0.0023040771484375,0.11599999999999999,25.6
1255,0.0006101131439208984,0.11199999999999999,24.400000000000002
1256,0.0019176006317138672,0.11,23.200000000000003
1257,0.002062559127807617,0.11,22.0
1258,0.002316713333129883,0.11,20.8
1259,0.0020835399627685547,0.11,19.6
1260,0.0006389617919921875,0.11900000000000001,18.400000000000002
1261,0.0026547908782958984,0.129,17.2
1262,0.002073526382446289,0.155,16.0
1263,0.0006351470947265625,0.16399999999999998,14.8
1264,0.0022058486938476562,0.16399999999999998,13.600000000000001
1265,0.002488374710083008,0.16399999999999998,12.4
1266,0.002140045166015625,0.16399999999999998,11.200000000000001
1267,0.0019443035125732422,0.16399999999999998,10.4
1268,0.0018341541290283203,0.16399999999999998,9.600000000000001
1269,0.0019741058349609375,0.157,8.8
1270,0.0018024444580078125,0.147,8.0
1271,0.0006387233734130859,0.138,7.6000000000000005
1272,0.001994609832763672,0.129,7.2
1273,0.0018665790557861328,0.127,7.2
1274,0.0018887519836425781,0.127,6.800000000000001
1275,0.002241849899291992,0.127,7.2
1276,0.0017650127410888672,0.127,7.6000000000000005
1277,0.0017979145050048828,0.127,8.0
1278,0.0018990039825439453,0.131,8.4
1279,0.0005755424499511719,0.157,8.8
1280,0.0023467540740966797,0.175,9.600000000000001
1281,0.0020689964294433594,0.177,10.4
1282,0.0006184577941894531,0.177,11.200000000000001
1283,0.001890420913696289,0.177,12.0
1284,0.0006756782531738281,0.177,13.200000000000001
1285,0.002051115036010742,0.175,14.0
1286,0.0007398128509521484,0.159,15.200000000000001
1287,0.002157449722290039,0.142,16.400000000000002
1288,0.0006210803985595703,0.129,18.0
1289,0.0019407272338867188,0.125,19.200000000000003
1290,0.002558469772338867,0.121,20.8
1291,0.0018908977508544922,0.121,22.400000000000002
1292,0.0021238327026367188,0.121,24.0
1293,0.0023012161254882812,0.121,25.6
1294,0.000743865966796875,0.121,27.200000000000003
1295,0.002458333969116211,0.121,28.8
1296,0.0006170272827148438,0.134,30.400000000000002
1297,0.0022177696228027344,0.147,31.6
1298,0.0006570816040039062,0.162,32.800000000000004
1299,0.002008676528930664,0.162,34.0
1300,0.0006287097930908203,0.162,35.2
1301,0.0020904541015625,0.162,36.0
1302,0.0006458759307861328,0.162,36.800000000000004
1303,0.0019383430480957031,0.162,37.6
1304,0.002218961715698242,0.159,38.400000000000006
1305,0.0005707740783691406,0.147,38.800000000000004
1306,0.0023729801177978516,0.131,39.2
1307,0.0018811225891113281,0.12300000000000001,39.6
1308,0.0006022453308105469,0.114,40.0
1309,0.0019125938415527344,0.11,40.400000000000006
1310,0.0005862712860107422,0.11,40.400000000000006
1311,0.002317190170288086,0.11,40.400000000000006
1312,0.0005900859832763672,0.11,40.400000000000006
1313,0.0021848678588867188,0.11,39.6
1314,0.0018126964569091797,0.121,39.2
1315,0.0017778873443603516,0.138,38.400000000000006
1316,0.0005757808685302734,0.151,37.6
1317,0.0024085044860839844,0.157,36.800000000000004
1318,0.0006120204925537109,0.159,35.6
1319,0.002224445343017578,0.159,34.4
1320,0.0005772113800048828,0.159,33.2
1321,0.0019266605377197266,0.157,32.0
1322,0.0005435943603515625,0.149,30.400000000000002
1323,0.0019071102142333984,0.136,28.8
1324,0.0019521713256835938,0.121,27.200000000000003
1325,0.0006015300750732422,0.099,26.0
1326,0.0021703243255615234,0.086,24.400000000000002
1327,0.0005779266357421875,0.086,22.8
1328,0.0019025802612304688,0.086,21.6
1329,0.0005524158477783203,0.086,20.0
1330,0.00183868408203125,0.09300000000000001,18.400000000000002
1331,0.0021262168884277344,0.114,17.2
1332,0.0005736351013183594,0.138,15.600000000000001
1333,0.001886606216430664,0.149,14.0
1334,0.0005953311920166016,0.151,12.8
1335,0.0020198822021484375,0.151,11.200000000000001
1336,0.0006701946258544922,0.151,9.600000000000001
1337,0.0019769668579101562,0.151,8.4
1338,0.0018851757049560547,0.151,7.2
1339,0.002290487289428711,0.147,6.0
1340,0.0022759437561035156,0.14,4.800000000000001
1341,0.0006642341613769531,0.14,4.0
1342,0.002153158187866211,0.14,3.2
1343,0.0006897449493408203,0.136,2.8000000000000003
1344,0.001863718032836914,0.136,2.4000000000000004
1345,0.0006098747253417969,0.136,2.0
1346,0.002024412155151367,0.136,2.0
1347,0.0005402565002441406,0.136,2.0
1348,0.0019659996032714844,0.136,2.4000000000000004
1349,0.0005552768707275391,0.136,2.8000000000000003
1350,0.002153635025024414,0.136,3.2
1351,0.0005359649658203125,0.136,4.0
1352,0.0018947124481201172,0.131,4.800000000000001
1353,0.0005819797515869141,0.12300000000000001,5.6000000000000005
1354,0.0019061565399169922,0.106,6.800000000000001
1355,0.0022590160369873047,0.099,8.0
1356,0.0006527900695800781,0.09300000000000001,9.200000000000001
1357,0.0019445419311523438,0.09300000000000001,10.8
1358,0.0006613731384277344,0.09300000000000001,12.0
1359,0.002139568328857422,0.099,13.600000000000001
1360,0.002371549606323242,0.114,15.200000000000001
1361,0.002470731735229492,0.14,16.400000000000002
1362,0.002173185348510742,0.147,18.0
1363,0.0019316673278808594,0.147,19.6
1364,0.0020017623901367188,0.147,20.8
1365,0.0027191638946533203,0.147,22.0
1366,0.0006275177001953125,0.147,23.6
1367,0.002532482147216797,0.147,24.8
1368,0.0005939006805419922,0.147,26.0
1369,0.0023827552795410156,0.147,27.200000000000003
1370,0.0006155967712402344,0.147,28.400000000000002
1371,0.0020856857299804688,0.14400000000000002,29.200000000000003
1372,0.002569437026977539,0.14400000000000002,30.400000000000002
1373,0.0005865097045898438,0.14400000000000002,31.6
1374,0.0024895668029785156,0.14400000000000002,32.4
1375,0.0005786418914794922,0.14400000000000002,33.2
1376,0.0023479461669921875,0.14400000000000002,34.0
1377,0.002307891845703125,0.14400000000000002,34.800000000000004
1378,0.0005934238433837891,0.14400000000000002,35.6
1379,0.0026373863220214844,0.14400000000000002,36.0
1380,0.0005803108215332031,0.14400000000000002,36.4
1381,0.0026824474334716797,0.14400000000000002,36.800000000000004
1382,0.0019350051879882812,0.14400000000000002,37.2
1383,0.0005593299865722656,0.14400000000000002,37.6
1384,0.0023069381713867188,0.14400000000000002,37.6
1385,0.0006690025329589844,0.157,37.6
1386,0.002488851547241211,0.17,37.6
1387,0.0006351470947265625,0.183,37.6
1388,0.002535581588745117,0.185,37.2
1389,0.0006043910980224609,0.185,36.800000000000004
1390,0.002225637435913086,0.185,36.4
1391,0.0007636547088623047,0.185,36.0
1392,0.0019328594207763672,0.185,35.6
1393,0.0008018016815185547,0.185,34.800000000000004
1394,0.0021865367889404297,0.185,34.4
1395,0.0021865367889404297,0.185,34.4
1396,0.0018267631530761719,0.18100000000000002,33.6
1397,0.0005812644958496094,0.166,33.2
1398,0.0019447803497314453,0.153,32.800000000000004
1399,0.0006632804870605469,0.14,32.0
1400,0.001995563507080078,0.131,31.6
1401,0.0005993843078613281,0.131,31.200000000000003
1402,0.002307415008544922,0.131,30.8
1403,0.000591278076171875,0.131,30.400000000000002
1404,0.0020990371704101562,0.131,30.0
1405,0.0005896091461181641,0.131,30.0
1406,0.0020127296447753906,0.131,29.6
1407,0.0006015300750732422,0.131,29.200000000000003
1408,0.0019898414611816406,0.131,29.200000000000003
1409,0.0005829334259033203,0.131,28.8
1410,0.0020151138305664062,0.131,28.8
1411,0.000576019287109375,0.131,28.400000000000002
1412,0.0024137496948242188,0.131,28.0
1413,0.0021822452545166016,0.138,27.6
1414,0.0006048679351806641,0.14400000000000002,26.8
1415,0.0023348331451416016,0.153,26.400000000000002
1416,0.0005791187286376953,0.157,26.0
1417,0.0022394657135009766,0.16399999999999998,25.200000000000003
1418,0.0006387233734130859,0.172,24.8
1419,0.002744436264038086,0.175,24.0
1420,0.0005950927734375,0.179,23.6
1421,0.0022246837615966797,0.183,22.8
1422,0.0006055831909179688,0.188,22.400000000000002
1423,0.0023093223571777344,0.192,21.6
1424,0.0005354881286621094,0.192,21.200000000000003
1425,0.0019996166229248047,0.192,20.8
1426,0.0019423961639404297,0.192,20.400000000000002
1427,0.0005812644958496094,0.192,20.0
1428,0.0022444725036621094,0.192,20.0
1429,0.0005807876586914062,0.192,20.0
1430,0.0022459030151367188,0.192,20.0
1431,0.0005710124969482422,0.192,20.400000000000002
1432,0.002655029296875,0.192,20.8
1433,0.0005700588226318359,0.185,21.200000000000003
1434,0.0022509098052978516,0.172,21.6
1435,0.0006334781646728516,0.157,22.400000000000002
1436,0.002377033233642578,0.147,23.200000000000003
1437,0.0019049644470214844,0.14400000000000002,24.0
1438,0.00069427490234375,0.14400000000000002,24.8
1439,0.001959562301635742,0.14400000000000002,26.0
1440,0.002191305160522461,0.14400000000000002,26.8
1441,0.0022895336151123047,0.14400000000000002,28.0
1442,0.0017418861389160156,0.14400000000000002,28.8
1443,0.0022606849670410156,0.14400000000000002,30.0
1444,0.0007169246673583984,0.14400000000000002,31.200000000000003
1445,0.002198934555053711,0.14400000000000002,32.0
1446,0.0006184577941894531,0.14400000000000002,32.800000000000004
1447,0.002341032028198242,0.14400000000000002,33.6
1448,0.0005867481231689453,0.14400000000000002,34.4
1449,0.002400636672973633,0.14400000000000002,35.2
1450,0.000591278076171875,0.14400000000000002,35.6
1451,0.0019447803497314453,0.14400000000000002,36.0
1452,0.0005476474761962891,0.155,36.4
1453,0.001922607421875,0.16399999999999998,36.800000000000004
1454,0.0005555152893066406,0.185,37.2
1455,0.002151012420654297,0.192,37.2
1456,0.0005533695220947266,0.19399999999999998,37.2
1457,0.001882314682006836,0.19399999999999998,37.2
1458,0.0005888938903808594,0.19399999999999998,37.2
1459,0.001889944076538086,0.19399999999999998,37.2
1460,0.0005881786346435547,0.19399999999999998,36.800000000000004
1461,0.0024247169494628906,0.19399999999999998,36.800000000000004
1462,0.000457763671875,0.19399999999999998,36.4
1463,0.0005795955657958984,0.19399999999999998,36.4
1464,0.0007441043853759766,0.19399999999999998,36.0
1465,0.002474546432495117,0.192,36.0
1466,0.0005769729614257812,0.177,35.6
1467,0.002567291259765625,0.166,35.6
1468,0.002603292465209961,0.155,35.6
1469,0.0004696846008300781,0.142,35.6
1470,0.0022182464599609375,0.134,35.2
1471,0.000583648681640625,0.134,35.2
1472,0.0020804405212402344,0.134,35.2
1473,0.0005474090576171875,0.134,35.2
1474,0.002173185348510742,0.134,35.2
1475,0.0005321502685546875,0.134,34.800000000000004
1476,0.002022981643676758,0.134,34.800000000000004
1477,0.0005354881286621094,0.134,34.4
1478,0.0023686885833740234,0.129,34.0
1479,0.0020067691802978516,0.11599999999999999,33.6
1480,0.0020627975463867188,0.10800000000000001,32.800000000000004
1481,0.0016965866088867188,0.10099999999999999,32.4
1482,0.0008234977722167969,0.099,31.6
1483,0.002464771270751953,0.099,30.8
1484,0.001992940902709961,0.099,30.0
1485,0.0007336139678955078,0.099,28.8
1486,0.002325773239135742,0.099,28.0
1487,0.0007033348083496094,0.099,26.8
1488,0.0023403167724609375,0.099,25.6
1489,0.002523183822631836,0.099,24.400000000000002
1490,0.0020542144775390625,0.099,23.200000000000003
1491,0.002201557159423828,0.099,21.6
1492,0.0007495880126953125,0.10800000000000001,20.400000000000002
1493,0.002070903778076172,0.121,18.8
1494,0.0006539821624755859,0.129,17.2
1495,0.0022406578063964844,0.138,16.0
1496,0.002427339553833008,0.14400000000000002,14.4
1497,0.0020313262939453125,0.151,12.8
1498,0.0005896091461181641,0.155,11.200000000000001
1499,0.0022351741790771484,0.159,10.0
1500,0.0006985664367675781,0.16399999999999998,8.4
1501,0.0023651123046875,0.16399999999999998,7.2
1502,0.0005896091461181641,0.168,6.0
1503,0.0019359588623046875,0.168,5.2
1504,0.0005691051483154297,0.172,4.4
1505,0.0018849372863769531,0.172,3.6
1506,0.0005533695220947266,0.172,3.2
1507,0.002210378646850586,0.175,2.8000000000000003
1508,0.0005197525024414062,0.177,2.8000000000000003
1509,0.0019953250885009766,0.177,2.8000000000000003
1510,0.0005428791046142578,0.177,3.2
1511,0.0022923946380615234,0.177,3.6
1512,0.0005972385406494141,0.177,4.4
1513,0.001924276351928711,0.177,5.2
1514,0.0005602836608886719,0.177,6.4
1515,0.0020291805267333984,0.177,7.6000000000000005
1516,0.0005700588226318359,0.177,9.200000000000001
1517,0.002192974090576172,0.177,10.8
1518,0.0005578994750976562,0.177,12.8
1519,0.0024890899658203125,0.177,14.8
1520,0.0020241737365722656,0.175,16.8
1521,0.0021588802337646484,0.17,19.200000000000003
1522,0.0006365776062011719,0.17,21.200000000000003
1523,0.0020134449005126953,0.166,23.6
1524,0.0023610591888427734,0.166,26.0
1525,0.0006136894226074219,0.166,28.400000000000002
1526,0.0026633739471435547,0.166,31.200000000000003
1527,0.0023627281188964844,0.166,33.6
1528,0.0006844997406005859,0.157,36.0
1529,0.0007712841033935547,0.157,38.400000000000006
1530,0.0007712841033935547,0.153,38.400000000000006
1531,0.00157928466796875,0.151,40.800000000000004
1532,0.0006234645843505859,0.147,42.800000000000004
1533,0.0027513504028320312,0.138,45.2
1534,0.0006768703460693359,0.138,47.2
1535,0.0023539066314697266,0.138,48.800000000000004
1536,0.0008437633514404297,0.134,50.800000000000004
1537,0.0022094249725341797,0.131,52.400000000000006
1538,0.0007472038269042969,0.131,53.6
1539,0.002146005630493164,0.131,54.800000000000004
1540,0.0025358200073242188,0.131,56.0
1541,0.0018777847290039062,0.131,56.800000000000004
1542,0.0019066333770751953,0.131,57.6
1543,0.0022344589233398438,0.131,58.0
1544,0.000978231430053711,0.131,58.0
1545,0.0026895999908447266,0.131,58.0
1546,0.0025177001953125,0.131,57.6
1547,0.0018396377563476562,0.131,57.2
1548,0.0017926692962646484,0.131,56.400000000000006
1549,0.0007448196411132812,0.131,55.2
1550,0.0022411346435546875,0.136,54.0
1551,0.0006473064422607422,0.147,52.800000000000004
1552,0.002105712890625,0.157,51.2
1553,0.0005781650543212891,0.16399999999999998,49.6
1554,0.002235889434814453,0.175,47.6
1555,0.0005383491516113281,0.179,45.2
1556,0.0022094249725341797,0.18100000000000002,43.2
1557,0.0006344318389892578,0.19,40.800000000000004
1558,0.0023374557495117188,0.19399999999999998,38.400000000000006
1559,0.0006616115570068359,0.19399999999999998,35.6
1560,0.002389669418334961,0.19399999999999998,33.2
1561,0.0025415420532226562,0.19399999999999998,30.8
1562,0.0005967617034912109,0.19399999999999998,28.0
1563,0.0020918846130371094,0.19399999999999998,25.6
1564,0.0005602836608886719,0.19399999999999998,23.6
1565,0.0021758079528808594,0.19399999999999998,21.200000000000003
1566,0.0005748271942138672,0.19399999999999998,19.200000000000003
1567,0.002196073532104492,0.19399999999999998,17.2
1568,0.0019915103912353516,0.19399999999999998,15.200000000000001
1569,0.0023207664489746094,0.19399999999999998,13.600000000000001
1570,0.0005984306335449219,0.19,12.4
1571,0.002207517623901367,0.18100000000000002,11.200000000000001
1572,0.0005571842193603516,0.172,10.0
1573,0.0018773078918457031,0.166,9.200000000000001
1574,0.0005629062652587891,0.162,8.8
1575,0.0025284290313720703,0.157,8.4
1576,0.0005686283111572266,0.157,8.0
1577,0.002249479293823242,0.153,8.0
1578,0.002335071563720703,0.14400000000000002,8.4
1579,0.0021817684173583984,0.14400000000000002,8.8
1580,0.0006251335144042969,0.14400000000000002,9.200000000000001
1581,0.0022296905517578125,0.14400000000000002,10.0
1582,0.0005710124969482422,0.14400000000000002,10.8
1583,0.0026445388793945312,0.14400000000000002,12.0
1584,0.0005850791931152344,0.14,12.8
1585,0.002198934555053711,0.134,14.0
1586,0.0007266998291015625,0.129,15.200000000000001
1587,0.0019197463989257812,0.12300000000000001,16.8
1588,0.0020008087158203125,0.11900000000000001,18.0
1589,0.002329587936401367,0.11900000000000001,19.200000000000003
1590,0.00193023681640625,0.11900000000000001,20.8
1591,0.0007469654083251953,0.11900000000000001,22.0
1592,0.0020589828491210938,0.11900000000000001,23.6
1593,0.0006647109985351562,0.11900000000000001,24.8
1594,0.002216339111328125,0.11900000000000001,26.0
1595,0.0023674964904785156,0.11900000000000001,27.200000000000003
1596,0.0019028186798095703,0.11900000000000001,28.400000000000002
1597,0.002243518829345703,0.11900000000000001,29.6
1598,0.0019216537475585938,0.11900000000000001,30.400000000000002
1599,0.0006830692291259766,0.11900000000000001,31.200000000000003
1600,0.0023467540740966797,0.11900000000000001,32.0
1601,0.0006308555603027344,0.127,32.800000000000004
1602,0.002618551254272461,0.134,33.2
1603,0.0006201267242431641,0.14,34.0
1604,0.001969575881958008,0.14400000000000002,34.0
1605,0.0005850791931152344,0.14400000000000002,34.4
1606,0.00260162353515625,0.147,34.4
1607,0.0005078315734863281,0.147,34.4
1608,0.0020093917846679688,0.147,34.4
1609,0.0005986690521240234,0.149,34.0
1610,0.0022127628326416016,0.151,34.0
1611,0.0005700588226318359,0.151,33.6
1612,0.0021495819091796875,0.155,33.2
1613,0.0005519390106201172,0.159,32.800000000000004
1614,0.0019075870513916016,0.159,32.0
1615,0.0005624294281005859,0.16399999999999998,31.6
1616,0.0022270679473876953,0.168,30.8
1617,0.0005326271057128906,0.17,30.0
1618,0.001901865005493164,0.17,29.6
1619,0.0006074905395507812,0.17,28.8
1620,0.0020613670349121094,0.17,28.0
1621,0.0022134780883789062,0.17,27.6
1622,0.0019915103912353516,0.17,26.8
1623,0.002198934555053711,0.17,26.0
1624,0.002450704574584961,0.17,25.6
1625,0.0018796920776367188,0.168,24.8
1626,0.0005817413330078125,0.159,24.400000000000002
1627,0.002263307571411133,0.157,24.0
1628,0.0018138885498046875,0.157,23.6
1629,0.0005872249603271484,0.157,23.200000000000003
1630,0.0023636817932128906,0.153,22.8
1631,0.0006005764007568359,0.153,22.400000000000002
1632,0.0022313594818115234,0.153,22.400000000000002
1633,0.0022330284118652344,0.153,22.400000000000002
1634,0.0020890235900878906,0.153,22.0
1635,0.0021431446075439453,0.153,22.0
1636,0.0006773471832275391,0.151,22.0
1637,0.0025212764739990234,0.151,22.0
1638,0.0019919872283935547,0.147,22.0
1639,0.0006041526794433594,0.147,22.400000000000002
1640,0.002675294876098633,0.147,22.400000000000002
1641,0.0024635791778564453,0.147,22.400000000000002
1642,0.0006525516510009766,0.147,22.8
1643,0.002231121063232422,0.147,22.8
1644,0.0024933815002441406,0.149,22.8
1645,0.0023627281188964844,0.159,23.200000000000003
1646,0.0017695426940917969,0.175,23.6
1647,0.002353191375732422,0.185,23.6
1648,0.0006666183471679688,0.19399999999999998,24.0
1649,0.002466917037963867,0.203,24.0
1650,0.0021605491638183594,0.207,24.400000000000002
1651,0.0005917549133300781,0.207,24.8
1652,0.0019462108612060547,0.207,25.200000000000003
1653,0.0006155967712402344,0.207,25.200000000000003
1654,0.0019078254699707031,0.207,26.0
1655,0.0006077289581298828,0.207,26.400000000000002
1656,0.001893758773803711,0.207,26.8
1657,0.0005941390991210938,0.207,27.6
1658,0.0018885135650634766,0.207,28.400000000000002
1659,0.0006155967712402344,0.207,29.200000000000003
1660,0.002074003219604492,0.207,30.400000000000002
1661,0.0025947093963623047,0.207,31.200000000000003
1662,0.0006504058837890625,0.203,32.4
1663,0.0024530887603759766,0.19399999999999998,33.6
1664,0.0005805492401123047,0.19,34.800000000000004
1665,0.0019106864929199219,0.188,36.0
1666,0.0021848678588867188,0.185,37.6
1667,0.0006029605865478516,0.175,38.800000000000004
1668,0.0024979114532470703,0.172,40.0
1669,0.0005781650543212891,0.17,41.6
1670,0.0020647048950195312,0.16399999999999998,42.800000000000004
1671,0.0025315284729003906,0.16399999999999998,44.0
1672,0.002375364303588867,0.159,45.6
1673,0.001917123794555664,0.157,46.400000000000006
1674,0.0005903244018554688,0.151,47.6
1675,0.0024483203887939453,0.147,48.800000000000004
1676,0.0005762577056884766,0.14400000000000002,49.6
1677,0.0018587112426757812,0.138,50.400000000000006
1678,0.0023822784423828125,0.138,50.800000000000004
1679,0.002259492874145508,0.134,51.2
1680,0.0005872249603271484,0.131,51.6
1681,0.002274036407470703,0.131,51.6
1682,0.0019979476928710938,0.131,51.6
1683,0.001983165740966797,0.131,51.6
1684,0.0006434917449951172,0.131,51.2
1685,0.0024566650390625,0.131,50.400000000000006
1686,0.0007073879241943359,0.142,49.6
1687,0.0018486976623535156,0.151,48.800000000000004
1688,0.0024619102478027344,0.162,47.6
1689,0.002393484115600586,0.166,46.400000000000006
1690,0.002373933792114258,0.17,45.2
1691,0.002373933792114258,0.172,45.2
1692,0.0022974014282226562,0.179,43.6
1693,0.0008678436279296875,0.185,41.6
1694,0.002119302749633789,0.19,40.0
1695,0.0006201267242431641,0.19399999999999998,38.0
1696,0.0026640892028808594,0.196,36.0
1697,0.0005970001220703125,0.196,34.0
1698,0.0027458667755126953,0.196,32.0
1699,0.0023987293243408203,0.196,30.0
1700,0.0006039142608642578,0.196,28.0
1701,0.0020837783813476562,0.196,26.400000000000002
1702,0.0006487369537353516,0.196,24.400000000000002
1703,0.0022199153900146484,0.192,22.8
1704,0.0006287097930908203,0.185,21.200000000000003
1705,0.0020101070404052734,0.177,19.6
1706,0.0005631446838378906,0.17,18.400000000000002
1707,0.0019137859344482422,0.155,17.2
1708,0.0006287097930908203,0.151,16.0
1709,0.0024216175079345703,0.147,15.200000000000001
1710,0.000576019287109375,0.14400000000000002,14.4
1711,0.0022149085998535156,0.138,14.0
1712,0.0005958080291748047,0.134,13.600000000000001
1713,0.0017724037170410156,0.134,13.200000000000001
1714,0.0005517005920410156,0.134,13.200000000000001
1715,0.002427339553833008,0.134,13.200000000000001
1716,0.0005664825439453125,0.134,13.200000000000001
1717,0.001873016357421875,0.134,13.200000000000001
1718,0.002283334732055664,0.134,13.200000000000001
1719,0.0017976760864257812,0.134,13.600000000000001
1720,0.0017306804656982422,0.134,13.600000000000001
1721,0.0006182193756103516,0.134,14.0
1722,0.0025360584259033203,0.136,14.4
1723,0.0005979537963867188,0.14400000000000002,14.8
1724,0.002513885498046875,0.153,15.600000000000001
1725,0.0005970001220703125,0.159,16.0
1726,0.0018928050994873047,0.162,16.400000000000002
1727,0.0005476474761962891,0.166,17.2
1728,0.002277374267578125,0.168,17.6
1729,0.0005981922149658203,0.175,18.400000000000002
1730,0.002489805221557617,0.18100000000000002,19.200000000000003
1731,0.0005605220794677734,0.185,20.0
1732,0.002488851547241211,0.185,20.8
1733,0.0005555152893066406,0.185,21.6
1734,0.00213623046875,0.185,22.400000000000002
1735,0.0005567073822021484,0.185,23.200000000000003
1736,0.002414226531982422,0.185,24.400000000000002
1737,0.0023627281188964844,0.185,25.6
1738,0.000690460205078125,0.185,26.400000000000002
1739,0.0023233890533447266,0.177,27.6
1740,0.002442598342895508,0.17,28.8
1741,0.0008335113525390625,0.149,30.0
1742,0.0024471282958984375,0.138,31.6
1743,0.0006489753723144531,0.138,32.800000000000004
1744,0.0012998580932617188,0.138,34.0
1745,0.0007128715515136719,0.138,35.2
1746,0.002902984619140625,0.134,36.4
1747,0.0022444725036621094,0.134,37.6
1748,0.0006144046783447266,0.134,38.800000000000004
1749,0.0024080276489257812,0.134,40.0
1750,0.000583648681640625,0.134,40.800000000000004
1751,0.002565145492553711,0.131,41.6
1752,0.0005953311920166016,0.131,42.0
1753,0.0019423961639404297,0.131,42.400000000000006
1754,0.0005648136138916016,0.136,42.800000000000004
1755,0.002117633819580078,0.149,42.800000000000004
1756,0.0022852420806884766,0.159,42.800000000000004
1757,0.00057220458984375,0.168,42.800000000000004
1758,0.002507925033569336,0.18100000000000002,42.400000000000006
1759,0.0006277561187744141,0.192,42.0
1760,0.0027277469635009766,0.196,41.6
1761,0.0006284713745117188,0.2,40.800000000000004
1762,0.002546072006225586,0.203,40.0
1763,0.0006008148193359375,0.203,39.2
1764,0.002586841583251953,0.203,38.400000000000006
1765,0.0019078254699707031,0.203,37.6
1766,0.0005970001220703125,0.203,36.4
1767,0.002046346664428711,0.203,35.6
1768,0.0006213188171386719,0.203,34.800000000000004
1769,0.0025403499603271484,0.203,34.0
1770,0.0005779266357421875,0.19399999999999998,33.2
1771,0.0022974014282226562,0.183,32.4
1772,0.0025734901428222656,0.17,31.6
1773,0.0023941993713378906,0.159,30.8
1774,0.0006148815155029297,0.149,30.400000000000002
1775,0.0019392967224121094,0.142,30.0
1776,0.0005934238433837891,0.142,29.6
1777,0.0019276142120361328,0.142,29.200000000000003
1778,0.0005300045013427734,0.142,28.8
1779,0.0023474693298339844,0.14,28.400000000000002
1780,0.0020079612731933594,0.138,28.400000000000002
1781,0.0018856525421142578,0.138,28.0
1782,0.0006406307220458984,0.134,27.6
1783,0.002546072006225586,0.134,27.200000000000003
1784,0.0005784034729003906,0.134,26.8
1785,0.0020782947540283203,0.134,26.400000000000002
1786,0.002482891082763672,0.134,26.0
1787,0.0007481575012207031,0.136,25.6
1788,0.002621889114379883,0.151,25.200000000000003
1789,0.0024423599243164062,0.17,24.400000000000002
1790,0.0006802082061767578,0.177,24.0
1791,0.002110004425048828,0.179,23.200000000000003
1792,0.002295255661010742,0.183,22.8
1793,0.0006475448608398438,0.185,22.400000000000002
1794,0.002151966094970703,0.19,21.6
1795,0.0005865097045898438,0.19,21.200000000000003
1796,0.0024492740631103516,0.19,20.8
1797,0.0005655288696289062,0.19,20.400000000000002
1798,0.002017498016357422,0.19,20.0
1799,0.0005738735198974609,0.19,20.0
1800,0.0024831295013427734,0.19,20.0
1801,0.0005929470062255859,0.185,20.0
1802,0.0020890235900878906,0.175,20.0
1803,0.0019066333770751953,0.16399999999999998,20.400000000000002
1804,0.0005609989166259766,0.153,20.8
1805,0.0017936229705810547,0.149,21.200000000000003
1806,0.0006163120269775391,0.147,22.0
1807,0.0026137828826904297,0.147,22.8
1808,0.0005960464477539062,0.147,23.200000000000003
1809,0.002173185348510742,0.147,24.400000000000002
1810,0.0005257129669189453,0.14400000000000002,25.200000000000003
1811,0.0021800994873046875,0.142,26.0
1812,0.0024538040161132812,0.142,26.8
1813,0.0005726814270019531,0.142,27.6
1814,0.001992464065551758,0.142,28.400000000000002
1815,0.0005369186401367188,0.142,29.200000000000003
1816,0.0023491382598876953,0.147,30.0
1817,0.0005772113800048828,0.159,30.8
1818,0.002104043960571289,0.172,31.6
1819,0.0005495548248291016,0.183,32.0
1820,0.0024874210357666016,0.185,32.4
1821,0.0005383491516113281,0.185,33.2
1822,0.0019273757934570312,0.19,33.6
1823,0.0005841255187988281,0.19,34.0
1824,0.0020198822021484375,0.19399999999999998,34.0
1825,0.0005331039428710938,0.19399999999999998,34.4
1826,0.0020704269409179688,0.19399999999999998,34.800000000000004
1827,0.0024187564849853516,0.19399999999999998,35.2
1828,0.0023584365844726562,0.19399999999999998,35.2
1829,0.0005733966827392578,0.19399999999999998,35.6
1830,0.002592802047729492,0.19399999999999998,36.0
1831,0.0005984306335449219,0.19399999999999998,36.4
1832,0.002353668212890625,0.18100000000000002,36.4
1833,0.0005810260772705078,0.168,36.800000000000004
1834,0.0024673938751220703,0.157,37.2
1835,0.0005626678466796875,0.151,37.6
1836,0.0023360252380371094,0.147,38.0
1837,0.0024902820587158203,0.138,38.400000000000006
1838,0.0008089542388916016,0.131,38.400000000000006
1839,0.002115011215209961,0.129,38.800000000000004
1840,0.0023038387298583984,0.129,38.800000000000004
1841,0.002391338348388672,0.129,39.2
1842,0.002717733383178711,0.129,39.2
1843,0.0023088455200195312,0.129,39.2
1844,0.0023088455200195312,0.129,39.2
1845,0.002727985382080078,0.136,38.800000000000004
1846,0.0021924972534179688,0.147,38.400000000000006
1847,0.0006511211395263672,0.157,38.0
1848,0.001909017562866211,0.166,37.6
1849,0.0020601749420166016,0.168,36.800000000000004
1850,0.0006036758422851562,0.175,36.0
1851,0.0025691986083984375,0.177,35.2
1852,0.0019328594207763672,0.179,34.4
1853,0.0006804466247558594,0.18100000000000002,33.6
1854,0.002045869827270508,0.18100000000000002,32.4
1855,0.0018739700317382812,0.18100000000000002,31.6
1856,0.0005910396575927734,0.18100000000000002,30.400000000000002
1857,0.0019176006317138672,0.179,29.6
1858,0.0006062984466552734,0.17,28.400000000000002
1859,0.0023043155670166016,0.159,27.6
1860,0.0006186962127685547,0.14400000000000002,26.8
1861,0.0028786659240722656,0.131,26.0
1862,0.001956939697265625,0.121,25.200000000000003
1863,0.0005817413330078125,0.11900000000000001,24.400000000000002
1864,0.0023086071014404297,0.11599999999999999,23.6
1865,0.0005388259887695312,0.114,23.200000000000003
1866,0.0018944740295410156,0.11,22.400000000000002
1867,0.0005562305450439453,0.10800000000000001,22.0
1868,0.0021042823791503906,0.10800000000000001,21.200000000000003
1869,0.0006356239318847656,0.10800000000000001,20.8
1870,0.002028942108154297,0.10800000000000001,20.0
1871,0.0005385875701904297,0.114,19.200000000000003
1872,0.002193450927734375,0.12300000000000001,18.8
1873,0.0005483627319335938,0.14,18.0
1874,0.0019040107727050781,0.159,17.2
1875,0.002229452133178711,0.168,16.8
1876,0.0005829334259033203,0.172,16.0
1877,0.0020630359649658203,0.172,15.200000000000001
1878,0.0005545616149902344,0.177,14.8
1879,0.002062559127807617,0.18100000000000002,14.0
1880,0.002048492431640625,0.18100000000000002,13.600000000000001
1881,0.0006251335144042969,0.18100000000000002,13.200000000000001
1882,0.0021257400512695312,0.18100000000000002,12.8
1883,0.0005462169647216797,0.18100000000000002,12.8
1884,0.0024068355560302734,0.18100000000000002,12.8
1885,0.0005636215209960938,0.18100000000000002,12.8
1886,0.0026199817657470703,0.18100000000000002,13.200000000000001
1887,0.0019030570983886719,0.16399999999999998,13.600000000000001
1888,0.0006949901580810547,0.149,14.0
1889,0.0025184154510498047,0.147,14.8
1890,0.0007359981536865234,0.147,15.600000000000001
1891,0.002245187759399414,0.147,16.400000000000002
1892,0.0007035732269287109,0.14400000000000002,17.6
1893,0.0023169517517089844,0.134,18.400000000000002
1894,0.0020563602447509766,0.134,19.6
1895,0.001975536346435547,0.134,20.8
1896,0.0006811618804931641,0.134,22.400000000000002
1897,0.0021419525146484375,0.134,23.6
1898,0.000583648681640625,0.134,24.8
1899,0.0026044845581054688,0.134,26.0
1900,0.0019326210021972656,0.136,27.200000000000003
1901,0.0007216930389404297,0.149,28.400000000000002
1902,0.0021381378173828125,0.155,29.6
1903,0.0006592273712158203,0.16399999999999998,30.400000000000002
1904,0.0022041797637939453,0.177,31.6
1905,0.0017404556274414062,0.183,32.4
1906,0.0006318092346191406,0.185,33.2
1907,0.002167940139770508,0.185,34.0
1908,0.0005860328674316406,0.185,34.800000000000004
1909,0.002067089080810547,0.185,35.2
1910,0.0005667209625244141,0.185,36.0
1911,0.0023238658905029297,0.185,36.4
1912,0.0026514530181884766,0.185,36.800000000000004
1913,0.0006136894226074219,0.185,37.6
1914,0.0020258426666259766,0.185,38.0
1915,0.0005559921264648438,0.185,38.400000000000006
1916,0.0022673606872558594,0.185,38.800000000000004
1917,0.0005574226379394531,0.185,39.2
1918,0.001890420913696289,0.179,39.6
1919,0.0005984306335449219,0.166,40.0
1920,0.002154827117919922,0.159,40.400000000000006
1921,0.0020263195037841797,0.159,40.800000000000004
1922,0.0006129741668701172,0.159,40.800000000000004
1923,0.002063274383544922,0.159,41.2
1924,0.0005848407745361328,0.159,41.2
1925,0.0023148059844970703,0.159,41.6
1926,0.0006136894226074219,0.159,41.6
1927,0.0020852088928222656,0.159,41.6
1928,0.0005977153778076172,0.159,41.2
1929,0.002267122268676758,0.159,41.2
1930,0.0005311965942382812,0.168,40.800000000000004
1931,0.0018639564514160156,0.183,40.400000000000006
1932,0.002523660659790039,0.192,40.0
1933,0.0021326541900634766,0.2,39.6
1934,0.0006000995635986328,0.209,38.800000000000004
1935,0.002093076705932617,0.21100000000000002,38.400000000000006
1936,0.002253293991088867,0.21600000000000003,37.6
1937,0.0020723342895507812,0.21600000000000003,36.800000000000004
1938,0.0006732940673828125,0.21600000000000003,36.0
1939,0.001852273941040039,0.21600000000000003,35.6
1940,0.00072479248046875,0.21600000000000003,34.800000000000004
1941,0.0021131038665771484,0.209,34.0
1942,0.0006649494171142578,0.2,33.6
1943,0.002489805221557617,0.192,33.2
1944,0.002168416976928711,0.18100000000000002,32.800000000000004
1945,0.0006425380706787109,0.166,32.4
1946,0.0025708675384521484,0.155,32.0
1947,0.0025081634521484375,0.151,32.0
1948,0.002202749252319336,0.151,32.0
1949,0.0022203922271728516,0.14400000000000002,32.0
1950,0.0006539821624755859,0.142,32.0
1951,0.0020492076873779297,0.142,32.0
1952,0.0006401538848876953,0.142,32.0
1953,0.0018084049224853516,0.142,32.0
1954,0.0006661415100097656,0.142,31.6
1955,0.0019605159759521484,0.142,31.6
1956,0.0006046295166015625,0.142,31.6
1957,0.0018596649169921875,0.142,31.200000000000003
1958,0.0005664825439453125,0.147,30.8
1959,0.0020644664764404297,0.162,30.400000000000002
1960,0.0005967617034912109,0.168,30.400000000000002
1961,0.002496480941772461,0.175,29.6
1962,0.0006184577941894531,0.175,29.200000000000003
1963,0.0021109580993652344,0.175,28.8
1964,0.002496004104614258,0.177,28.400000000000002
1965,0.0006091594696044922,0.177,27.6
1966,0.0020334720611572266,0.177,27.200000000000003
1967,0.0006313323974609375,0.177,26.8
1968,0.0023725032806396484,0.177,26.0
1969,0.000576019287109375,0.177,25.6
1970,0.0019359588623046875,0.177,25.200000000000003
1971,0.0024874210357666016,0.177,24.8
1972,0.0005676746368408203,0.177,24.8
1973,0.002071857452392578,0.172,24.400000000000002
1974,0.000568389892578125,0.168,24.400000000000002
1975,0.0022475719451904297,0.162,24.400000000000002
1976,0.0005650520324707031,0.155,24.0
1977,0.002364635467529297,0.151,24.0
1978,0.0005688667297363281,0.149,24.400000000000002
1979,0.0020134449005126953,0.149,24.400000000000002
1980,0.0005972385406494141,0.149,24.400000000000002
1981,0.0018565654754638672,0.149,24.8
1982,0.0005896091461181641,0.149,24.8
1983,0.002064228057861328,0.149,25.200000000000003
1984,0.002293825149536133,0.149,25.6
1985,0.0024039745330810547,0.149,25.6
1986,0.0020799636840820312,0.16399999999999998,26.0
1987,0.0019116401672363281,0.177,26.0
1988,0.0018000602722167969,0.19,26.400000000000002
1989,0.0021491050720214844,0.198,26.400000000000002
1990,0.0017323493957519531,0.198,26.8
1991,0.0017323493957519531,0.198,26.8
1992,0.0022306442260742188,0.198,26.8
1993,0.002001047134399414,0.198,27.200000000000003
1994,0.002028942108154297,0.198,27.6
1995,0.0018842220306396484,0.198,27.6
1996,0.0019576549530029297,0.198,28.0
1997,0.0018889904022216797,0.198,28.400000000000002
1998,0.0018928050994873047,0.19,28.8
1999,0.0023522377014160156,0.17,29.200000000000003
2000,0.002474069595336914,0.159,30.0
2001,0.0009219646453857422,0.14400000000000002,30.400000000000002
2002,0.0027360916137695312,0.142,31.200000000000003
2003,0.0023484230041503906,0.142,32.0
2004,0.0022084712982177734,0.142,32.4
2005,0.002240896224975586,0.138,33.2
2006,0.0024504661560058594,0.131,34.0
2007,0.0007636547088623047,0.131,34.800000000000004
2008,0.002075672149658203,0.131,35.2
2009,0.0006244182586669922,0.131,35.6
2010,0.002285480499267578,0.131,36.0
2011,0.0006403923034667969,0.134,36.4
2012,0.0023949146270751953,0.149,36.4
2013,0.0006098747253417969,0.159,36.800000000000004
2014,0.0019040107727050781,0.168,36.800000000000004
2015,0.002290010452270508,0.168,36.4
2016,0.0019381046295166016,0.168,36.4
2017,0.0006022453308105469,0.168,36.0
2018,0.002073049545288086,0.172,35.6
2019,0.0005586147308349609,0.179,35.2
2020,0.0023212432861328125,0.183,34.800000000000004
2021,0.002237081527709961,0.183,34.0
2022,0.0006589889526367188,0.183,33.6
2023,0.0026285648345947266,0.183,32.800000000000004
2024,0.0023102760314941406,0.179,32.4
2025,0.0006258487701416016,0.16399999999999998,31.6
2026,0.0021338462829589844,0.151,31.200000000000003
2027,0.0006384849548339844,0.134,30.400000000000002
2028,0.0022780895233154297,0.127,30.0
2029,0.0005595684051513672,0.121,29.6
2030,0.002143383026123047,0.11599999999999999,28.8
2031,0.0019750595092773438,0.11599999999999999,28.400000000000002
2032,0.0005891323089599609,0.11599999999999999,28.0
2033,0.002105236053466797,0.11599999999999999,27.6
2034,0.0006108283996582031,0.11599999999999999,26.8
2035,0.0018413066864013672,0.11599999999999999,26.400000000000002
2036,0.0005786418914794922,0.11599999999999999,25.6
2037,0.0022656917572021484,0.11599999999999999,25.200000000000003
2038,0.0007021427154541016,0.12300000000000001,24.400000000000002
2039,0.002178668975830078,0.134,23.6
2040,0.0024666786193847656,0.142,22.8
2041,0.0023698806762695312,0.147,22.0
2042,0.0020418167114257812,0.157,21.200000000000003
2043,0.003200054168701172,0.159,20.0
2044,0.001955270767211914,0.162,19.200000000000003
2045,0.0007205009460449219,0.162,18.400000000000002
2046,0.0027227401733398438,0.162,17.6
2047,0.002791881561279297,0.162,16.8
2048,0.003071308135986328,0.162,16.0
2049,0.002341032028198242,0.162,15.200000000000001
2050,0.0006711483001708984,0.162,14.8
2051,0.0023789405822753906,0.153,14.4
2052,0.000640869140625,0.151,14.0
2053,0.0019388198852539062,0.127,13.600000000000001
2054,0.0005927085876464844,0.11599999999999999,13.600000000000001
2055,0.0019190311431884766,0.11599999999999999,13.600000000000001
2056,0.0005748271942138672,0.11599999999999999,13.600000000000001
2057,0.002698659896850586,0.11599999999999999,14.0
2058,0.002254962921142578,0.11599999999999999,14.0
2059,0.0005750656127929688,0.11599999999999999,14.4
2060,0.0029497146606445312,0.125,14.8
2061,0.0006244182586669922,0.136,15.200000000000001
2062,0.0023665428161621094,0.153,15.600000000000001
2063,0.0005750656127929688,0.162,16.0
2064,0.0021746158599853516,0.17,16.400000000000002
2065,0.0005593299865722656,0.177,17.2
2066,0.002269744873046875,0.18100000000000002,17.6
2067,0.0005910396575927734,0.18100000000000002,18.0
2068,0.001967191696166992,0.18100000000000002,18.8
2069,0.0025968551635742188,0.18100000000000002,19.200000000000003
2070,0.0005538463592529297,0.18100000000000002,20.0
2071,0.0020723342895507812,0.18100000000000002,20.8
2072,0.0005910396575927734,0.18100000000000002,21.6
2073,0.0018129348754882812,0.168,22.400000000000002
2074,0.0005612373352050781,0.157,23.6
2075,0.0024557113647460938,0.14400000000000002,24.400000000000002
2076,0.0005545616149902344,0.138,25.6
2077,0.0019309520721435547,0.138,26.8
2078,0.0005500316619873047,0.138,28.0
2079,0.0021429061889648438,0.138,29.200000000000003
2080,0.0024378299713134766,0.138,30.400000000000002
2081,0.0023059844970703125,0.138,31.6
2082,0.00241851806640625,0.138,32.4
2083,0.0006258487701416016,0.138,33.6
2084,0.002574443817138672,0.138,34.4
2085,0.002299070358276367,0.138,35.6
2086,0.0005826950073242188,0.16399999999999998,36.4
2087,0.0027158260345458984,0.179,36.800000000000004
2088,0.0025625228881835938,0.179,37.6
2089,0.0007457733154296875,0.18100000000000002,38.0
2090,0.0022695064544677734,0.18100000000000002,38.400000000000006
2091,0.002432584762573242,0.18100000000000002,38.800000000000004
2092,0.002305746078491211,0.18100000000000002,38.800000000000004
2093,0.0024025440216064453,0.18100000000000002,38.800000000000004
2094,0.0007421970367431641,0.18100000000000002,39.2
2095,0.002379894256591797,0.18100000000000002,39.2
2096,0.0021979808807373047,0.172,39.2
2097,0.0019328594207763672,0.155,39.2
2098,0.0006725788116455078,0.142,38.800000000000004
2099,0.002349376678466797,0.127,38.800000000000004
2100,0.0020325183868408203,0.114,38.800000000000004
2101,0.0024454593658447266,0.11199999999999999,38.400000000000006
2102,0.002318859100341797,0.11199999999999999,38.400000000000006
2103,0.0006220340728759766,0.11199999999999999,38.0
2104,0.001880645751953125,0.11199999999999999,37.6
2105,0.0006175041198730469,0.11199999999999999,37.2
2106,0.002273082733154297,0.11199999999999999,36.800000000000004
2107,0.0005750656127929688,0.121,36.0
2108,0.0019750595092773438,0.134,35.2
2109,0.0022246837615966797,0.157,34.4
2110,0.0005795955657958984,0.162,33.2
2111,0.0027399063110351562,0.166,32.0
2112,0.0005867481231689453,0.166,30.8
2113,0.0030744075775146484,0.166,29.6
2114,0.00054931640625,0.166,28.0
2115,0.002421855926513672,0.166,26.8
2116,0.0005707740783691406,0.166,25.200000000000003
2117,0.0022649765014648438,0.166,24.0
2118,0.0005290508270263672,0.16399999999999998,22.400000000000002
2119,0.0020570755004882812,0.14400000000000002,21.200000000000003
2120,0.0005986690521240234,0.129,20.0
2121,0.0023403167724609375,0.114,18.8
2122,0.0005688667297363281,0.114,18.0
2123,0.0029129981994628906,0.114,16.8
2124,0.0005676746368408203,0.114,16.0
2125,0.002715587615966797,0.114,15.200000000000001
2126,0.002402067184448242,0.114,14.4
2127,0.0006091594696044922,0.11599999999999999,13.600000000000001
2128,0.002093791961669922,0.138,12.8
2129,0.0005888938903808594,0.149,12.4
2130,0.001918792724609375,0.159,11.600000000000001
2131,0.0006468296051025391,0.168,11.200000000000001
2132,0.00289154052734375,0.175,10.8
2133,0.002085447311401367,0.175,10.4
2134,0.0024976730346679688,0.175,10.0
2135,0.0007765293121337891,0.175,9.600000000000001
2136,0.0021750926971435547,0.175,9.600000000000001
2137,0.0021750926971435547,0.166,9.600000000000001
2138,0.002137422561645508,0.155,9.600000000000001
2139,0.0006792545318603516,0.138,10.0
2140,0.0020334720611572266,0.131,10.4
2141,0.0026178359985351562,0.127,10.8
2142,0.0021970272064208984,0.125,11.200000000000001
2143,0.002017498016357422,0.125,12.0
2144,0.0020189285278320312,0.125,12.8
2145,0.0020072460174560547,0.125,14.0
2146,0.0006909370422363281,0.125,14.8
2147,0.0020644664764404297,0.125,16.0
2148,0.0020895004272460938,0.125,17.2
2149,0.002650737762451172,0.142,18.400000000000002
2150,0.002266407012939453,0.155,19.6
2151,0.001983165740966797,0.162,20.8
2152,0.0023157596588134766,0.162,22.0
2153,0.0024225711822509766,0.162,22.8
2154,0.0006449222564697266,0.162,24.0
2155,0.0022058486938476562,0.159,25.200000000000003
2156,0.0019297599792480469,0.151,26.0
2157,0.0017733573913574219,0.142,27.200000000000003
2158,0.0022444725036621094,0.127,28.400000000000002
2159,0.001922607421875,0.11,29.200000000000003
2160,0.001966714859008789,0.10099999999999999,30.400000000000002
2161,0.000652313232421875,0.099,31.200000000000003
2162,0.002435922622680664,0.099,32.4
2163,0.0005710124969482422,0.099,33.2
2164,0.002123117446899414,0.099,34.0
2165,0.00058746337890625,0.114,34.4
2166,0.002163410186767578,0.134,35.2
2167,0.0005998611450195312,0.149,35.6
2168,0.002064228057861328,0.157,35.6
2169,0.0021429061889648438,0.168,36.0
2170,0.0005939006805419922,0.168,35.6
2171,0.002588987350463867,0.168,35.6
2172,0.0005779266357421875,0.168,35.2
2173,0.0022008419036865234,0.168,34.800000000000004
2174,0.0005626678466796875,0.168,34.4
2175,0.0018482208251953125,0.155,34.0
2176,0.0017352104187011719,0.142,33.2
2177,0.000579833984375,0.129,32.800000000000004
2178,0.002651214599609375,0.129,32.0
2179,0.0005879402160644531,0.129,31.6
2180,0.0021500587463378906,0.129,30.8
2181,0.0005667209625244141,0.129,30.0
2182,0.0020208358764648438,0.131,29.6
2183,0.0005650520324707031,0.151,28.8
2184,0.0021216869354248047,0.177,28.0
2185,0.003047943115234375,0.198,27.200000000000003
2186,0.0005655288696289062,0.209,26.0
2187,0.0021839141845703125,0.21100000000000002,25.200000000000003
2188,0.0024025440216064453,0.21100000000000002,24.400000000000002
2189,0.0020599365234375,0.21100000000000002,23.6
2190,0.0021924972534179688,0.203,22.400000000000002
2191,0.0023164749145507812,0.18100000000000002,22.0
2192,0.0007081031799316406,0.168,21.200000000000003
2193,0.0019068717956542969,0.142,20.8
2194,0.0026171207427978516,0.131,20.400000000000002
2195,0.0023827552795410156,0.129,20.0
2196,0.0006756782531738281,0.129,20.0
2197,0.0027790069580078125,0.129,20.0
2198,0.0006501674652099609,0.129,20.0
2199,0.0022797584533691406,0.129,20.0
2200,0.0024805068969726562,0.131,20.0
2201,0.0017802715301513672,0.151,20.400000000000002
2202,0.0019125938415527344,0.159,20.400000000000002
2203,0.0018982887268066406,0.162,20.8
2204,0.002119302749633789,0.162,20.8
2205,0.0006830692291259766,0.162,20.8
2206,0.0018291473388671875,0.162,21.200000000000003
2207,0.0019698143005371094,0.157,21.6
2208,0.002367258071899414,0.134,21.6
2209,0.002019643783569336,0.127,22.0
2210,0.0019829273223876953,0.11900000000000001,22.400000000000002
2211,0.002336263656616211,0.11900000000000001,22.400000000000002
2212,0.0006456375122070312,0.11900000000000001,22.8
2213,0.0019028186798095703,0.11900000000000001,23.200000000000003
2214,0.0006091594696044922,0.121,23.6
2215,0.0019965171813964844,0.134,24.0
2216,0.0005750656127929688,0.147,24.400000000000002
2217,0.001979827880859375,0.149,24.8
2218,0.0005674362182617188,0.153,25.200000000000003
2219,0.0022199153900146484,0.153,25.200000000000003
2220,0.00057220458984375,0.153,25.6
2221,0.0021026134490966797,0.153,25.6
2222,0.0005826950073242188,0.153,25.6
2223,0.0019915103912353516,0.153,26.0
2224,0.0005915164947509766,0.14,26.0
2225,0.0019652843475341797,0.127,26.0
2226,0.0005598068237304688,0.12300000000000001,26.0
2227,0.0021746158599853516,0.12300000000000001,26.0
2228,0.0005514621734619141,0.12300000000000001,26.400000000000002
2229,0.002214193344116211,0.12300000000000001,26.400000000000002
2230,0.002374410629272461,0.134,26.400000000000002
2231,0.0005915164947509766,0.147,26.400000000000002
2232,0.0019872188568115234,0.159,26.400000000000002
2233,0.0005645751953125,0.162,26.0
2234,0.0019023418426513672,0.162,26.0
2235,0.0005567073822021484,0.162,26.0
2236,0.001992464065551758,0.162,25.6
2237,0.0022466182708740234,0.162,25.6
2238,0.0006701946258544922,0.162,25.200000000000003
2239,0.002173185348510742,0.157,25.200000000000003
2240,0.0020449161529541016,0.157,24.8
2241,0.0006401538848876953,0.157,24.8
2242,0.0018093585968017578,0.157,24.400000000000002
2243,0.001745462417602539,0.157,24.400000000000002
2244,0.0020294189453125,0.172,24.400000000000002
2245,0.0017750263214111328,0.185,24.400000000000002
2246,0.002470254898071289,0.188,24.400000000000002
2247,0.0006730556488037109,0.188,24.400000000000002
2248,0.0021255016326904297,0.188,24.400000000000002
2249,0.0023806095123291016,0.179,24.400000000000002
2250,0.0017848014831542969,0.16399999999999998,24.400000000000002
2251,0.0021762847900390625,0.149,24.8
2252,0.001758575439453125,0.142,24.8
2253,0.0021352767944335938,0.142,25.200000000000003
2254,0.0006744861602783203,0.142,25.6
2255,0.002193927764892578,0.142,26.0
2256,0.0019233226776123047,0.142,26.400000000000002
2257,0.0018777847290039062,0.142,26.8
2258,0.001935720443725586,0.142,27.200000000000003
2259,0.0006890296936035156,0.147,27.6
2260,0.0033445358276367188,0.153,28.0
2261,0.0027315616607666016,0.157,28.400000000000002
2262,0.0021059513092041016,0.157,28.8
2263,0.0007965564727783203,0.157,29.200000000000003
2264,0.0026450157165527344,0.157,29.6
2265,0.0007269382476806641,0.157,29.6
2266,0.0020656585693359375,0.153,30.0
2267,0.0006380081176757812,0.14,30.0
2268,0.002718687057495117,0.131,30.0
2269,0.001596212387084961,0.127,30.400000000000002
2270,0.0005757808685302734,0.127,30.400000000000002
2271,0.001819610595703125,0.127,30.400000000000002
2272,0.0005931854248046875,0.127,30.400000000000002
2273,0.0022835731506347656,0.127,30.400000000000002
2274,0.0005733966827392578,0.14,30.400000000000002
2275,0.002851724624633789,0.153,30.0
2276,0.0005640983581542969,0.166,30.0
2277,0.002105236053466797,0.166,29.6
2278,0.0006108283996582031,0.166,29.200000000000003
2279,0.0021643638610839844,0.166,28.8
2280,0.0021643638610839844,0.159,28.8
2281,0.002902507781982422,0.153,28.400000000000002
2282,0.0005986690521240234,0.153,28.0
2283,0.002132415771484375,0.149,27.6
2284,0.0027129650115966797,0.149,27.200000000000003
2285,0.0006093978881835938,0.149,26.400000000000002
2286,0.0021321773529052734,0.149,26.0
2287,0.0006678104400634766,0.149,25.6
2288,0.0019943714141845703,0.153,25.200000000000003
2289,0.0007605552673339844,0.166,24.8
2290,0.002248525619506836,0.168,24.400000000000002
2291,0.0006194114685058594,0.168,24.0
2292,0.0023603439331054688,0.168,23.6
2293,0.0021920204162597656,0.168,23.6
2294,0.0006802082061767578,0.168,23.200000000000003
2295,0.003009319305419922,0.168,22.8
2296,0.002505064010620117,0.16399999999999998,22.8
2297,0.0020515918731689453,0.16399999999999998,22.400000000000002
2298,0.0024309158325195312,0.16399999999999998,22.400000000000002
2299,0.002048015594482422,0.16399999999999998,22.400000000000002
2300,0.002131938934326172,0.16399999999999998,22.400000000000002
2301,0.0019228458404541016,0.175,22.400000000000002
2302,0.001744985580444336,0.192,22.8
2303,0.002421855926513672,0.209,22.8
2304,0.002053976058959961,0.21100000000000002,23.200000000000003
2305,0.0022902488708496094,0.21100000000000002,23.200000000000003
2306,0.0006957054138183594,0.21100000000000002,23.6
2307,0.002104043960571289,0.207,24.0
2308,0.0020537376403808594,0.198,24.400000000000002
2309,0.0022208690643310547,0.19399999999999998,25.200000000000003
2310,0.0019202232360839844,0.185,25.6
2311,0.0026781558990478516,0.172,26.400000000000002
2312,0.0025594234466552734,0.168,27.6
2313,0.0022056102752685547,0.166,28.400000000000002
2314,0.0006859302520751953,0.157,29.6
2315,0.0019919872283935547,0.136,30.400000000000002
2316,0.0006356239318847656,0.129,31.6
2317,0.0018601417541503906,0.127,32.800000000000004
2318,0.0006184577941894531,0.127,34.0
2319,0.002779245376586914,0.127,35.2
2320,0.0005557537078857422,0.127,36.4
2321,0.0021851062774658203,0.147,37.2
2322,0.0005769729614257812,0.177,38.0
2323,0.002206563949584961,0.185,38.800000000000004
2324,0.0005645751953125,0.185,39.6
2325,0.002163410186767578,0.185,40.0
2326,0.0006105899810791016,0.185,40.400000000000006
2327,0.0013546943664550781,0.179,40.800000000000004
2328,0.0006070137023925781,0.175,40.800000000000004
2329,0.0018932819366455078,0.16399999999999998,40.800000000000004
2330,0.0005850791931152344,0.159,41.2
2331,0.0018575191497802734,0.159,41.2
2332,0.0005383491516113281,0.159,40.800000000000004
2333,0.002500772476196289,0.159,40.800000000000004
2334,0.0005781650543212891,0.159,40.800000000000004
2335,0.002476930618286133,0.159,40.400000000000006
2336,0.0005819797515869141,0.159,40.400000000000006
2337,0.0020127296447753906,0.159,40.0
2338,0.0021631717681884766,0.159,39.6
2339,0.0006814002990722656,0.159,39.2
2340,0.002501249313354492,0.159,38.400000000000006
2341,0.002382040023803711,0.159,38.0
2342,0.0006706714630126953,0.159,37.2
2343,0.002677440643310547,0.159,36.4
2344,0.0006568431854248047,0.159,35.6
2345,0.002184152603149414,0.159,34.800000000000004
2346,0.0006184577941894531,0.159,34.0
2347,0.002459287643432617,0.159,33.2
2348,0.0006091594696044922,0.175,32.0
2349,0.0023238658905029297,0.188,31.200000000000003
2350,0.002868175506591797,0.19,30.0
2351,0.0006315708160400391,0.19,29.200000000000003
2352,0.001987934112548828,0.19,28.400000000000002
2353,0.001990079879760742,0.19,27.200000000000003
2354,0.002129077911376953,0.188,26.400000000000002
2355,0.0021452903747558594,0.18100000000000002,25.6
2356,0.002422332763671875,0.166,24.8
2357,0.0006210803985595703,0.16399999999999998,24.0
2358,0.0021750926971435547,0.16399999999999998,23.200000000000003
2359,0.0021772384643554688,0.16399999999999998,22.8
2360,0.0024559497833251953,0.16399999999999998,22.400000000000002
2361,0.0006210803985595703,0.16399999999999998,22.0
2362,0.002735614776611328,0.175,21.6
2363,0.002408742904663086,0.185,21.6
2364,0.0025572776794433594,0.198,21.200000000000003
2365,0.0021555423736572266,0.2,21.200000000000003
2366,0.002300262451171875,0.203,21.200000000000003
2367,0.0006406307220458984,0.203,21.200000000000003
2368,0.0019762516021728516,0.203,21.6
2369,0.0005710124969482422,0.203,21.6
2370,0.0022487640380859375,0.203,22.0
2371,0.0005884170532226562,0.203,22.400000000000002
2372,0.0018296241760253906,0.203,23.200000000000003
2373,0.0005605220794677734,0.2,23.6
2374,0.0020885467529296875,0.19399999999999998,24.400000000000002
2375,0.0005564689636230469,0.177,26.400000000000002
2376,0.00263214111328125,0.157,27.6
2377,0.0005838871002197266,0.155,28.8
2378,0.002317667007446289,0.155,30.0
2379,0.0005657672882080078,0.155,31.200000000000003
2380,0.0027129650115966797,0.155,32.800000000000004
2381,0.000621795654296875,0.162,34.0
2382,0.0025284290313720703,0.175,35.2
2383,0.0005545616149902344,0.175,36.800000000000004
2384,0.002786397933959961,0.175,38.0
2385,0.0005393028259277344,0.175,39.2
2386,0.0022046566009521484,0.175,40.0
2387,0.0005674362182617188,0.168,41.2
2388,0.0018880367279052734,0.16399999999999998,42.0
2389,0.0006868839263916016,0.16399999999999998,42.800000000000004
2390,0.002069234848022461,0.16399999999999998,43.6
2391,0.0006792545318603516,0.166,44.400000000000006
2392,0.002034425735473633,0.183,44.800000000000004
2393,0.0006306171417236328,0.188,45.6
2394,0.0020754337310791016,0.188,46.0
2395,0.0005705356597900391,0.188,46.0
2396,0.0022275447845458984,0.188,46.400000000000006
2397,0.0005590915679931641,0.188,46.400000000000006
2398,0.0018229484558105469,0.188,46.400000000000006
2399,0.0005497932434082031,0.188,46.400000000000006
2400,0.002058267593383789,0.188,46.400000000000006
2401,0.0006401538848876953,0.188,46.0
2402,0.0024802684783935547,0.188,46.0
2403,0.0026204586029052734,0.188,45.6
2404,0.002004384994506836,0.185,45.2
2405,0.0018548965454101562,0.17,44.800000000000004
2406,0.0023109912872314453,0.159,44.400000000000006
2407,0.0022313594818115234,0.155,44.0
2408,0.0019330978393554688,0.155,43.2
2409,0.0023009777069091797,0.155,42.800000000000004
2410,0.002286672592163086,0.157,42.0
2411,0.002325773239135742,0.166,41.6
2412,0.0007014274597167969,0.179,40.800000000000004
2413,0.0018739700317382812,0.185,40.0
2414,0.0020852088928222656,0.185,38.800000000000004
2415,0.0006680488586425781,0.185,38.0
2416,0.0018177032470703125,0.185,36.800000000000004
2417,0.0005896091461181641,0.185,36.0
2418,0.002074003219604492,0.18100000000000002,34.800000000000004
2419,0.0006053447723388672,0.177,33.6
2420,0.002151966094970703,0.177,32.800000000000004
2421,0.0005807876586914062,0.177,31.6
2422,0.0023713111877441406,0.177,30.8
2423,0.0005769729614257812,0.177,29.6
2424,0.0021219253540039062,0.177,28.8
2425,0.0005810260772705078,0.177,27.6
2426,0.0018301010131835938,0.177,26.8
2427,0.0007569789886474609,0.177,26.0
2428,0.002379179000854492,0.175,25.200000000000003
2429,0.002379179000854492,0.17,25.200000000000003
2430,0.002019166946411133,0.17,24.8
2431,0.0005588531494140625,0.17,24.0
2432,0.0019915103912353516,0.17,23.6
2433,0.0005676746368408203,0.172,23.200000000000003
2434,0.0023331642150878906,0.177,22.8
2435,0.0005357265472412109,0.177,22.400000000000002
2436,0.0021979808807373047,0.177,22.0
2437,0.0006136894226074219,0.175,22.0
2438,0.0019683837890625,0.166,21.6
2439,0.0007686614990234375,0.153,21.6
2440,0.0021059513092041016,0.14,21.6
2441,0.0006632804870605469,0.129,22.0
2442,0.0018799304962158203,0.127,22.0
2443,0.0006539821624755859,0.127,22.400000000000002
2444,0.0021948814392089844,0.125,22.400000000000002
2445,0.0005674362182617188,0.134,22.8
2446,0.0022704601287841797,0.14,23.200000000000003
2447,0.000598907470703125,0.14,23.6
2448,0.002614259719848633,0.14400000000000002,24.0
2449,0.0006737709045410156,0.14400000000000002,24.0
2450,0.00225067138671875,0.14400000000000002,24.400000000000002
2451,0.0006124973297119141,0.153,24.8
2452,0.0021131038665771484,0.16399999999999998,24.8
2453,0.0005674362182617188,0.168,25.200000000000003
2454,0.0018470287322998047,0.17,25.200000000000003
2455,0.001979351043701172,0.175,25.6
2456,0.000629425048828125,0.179,25.6
2457,0.002723217010498047,0.185,25.6
2458,0.002042055130004883,0.19399999999999998,26.0
2459,0.0022547245025634766,0.205,26.0
2460,0.00220489501953125,0.21600000000000003,26.400000000000002
2461,0.003045320510864258,0.226,26.400000000000002
2462,0.002451181411743164,0.237,26.8
2463,0.0022089481353759766,0.24600000000000002,27.200000000000003
2464,0.002279043197631836,0.25,27.6
2465,0.001985311508178711,0.25,28.0
2466,0.000652313232421875,0.25,28.400000000000002
2467,0.00299835205078125,0.25,29.200000000000003
2468,0.0006086826324462891,0.25,30.0
2469,0.0020301342010498047,0.25,30.8
2470,0.0005934238433837891,0.25,32.0
2471,0.002026796340942383,0.25,33.2
2472,0.0005533695220947266,0.235,34.800000000000004
2473,0.0021834373474121094,0.226,36.0
2474,0.0005812644958496094,0.21100000000000002,37.6
2475,0.002039670944213867,0.2,39.6
2476,0.0006008148193359375,0.192,41.2
2477,0.002053976058959961,0.185,43.2
2478,0.0005331039428710938,0.175,45.2
2479,0.0024459362030029297,0.166,47.2
2480,0.0005669593811035156,0.166,49.2
2481,0.002236604690551758,0.166,51.2
2482,0.0005612373352050781,0.166,53.2
2483,0.002172708511352539,0.166,54.800000000000004
2484,0.0005602836608886719,0.166,56.400000000000006
2485,0.002184152603149414,0.166,58.0
2486,0.0005881786346435547,0.166,59.6
2487,0.0025925636291503906,0.166,60.800000000000004
2488,0.0006425380706787109,0.166,61.6
2489,0.0022003650665283203,0.166,62.400000000000006
2490,0.0007376670837402344,0.166,63.2
2491,0.002353668212890625,0.168,63.6
2492,0.0006353855133056641,0.177,64.0
2493,0.002172231674194336,0.19,64.0
2494,0.0006525516510009766,0.209,64.0
2495,0.002173185348510742,0.233,63.6
2496,0.0006403923034667969,0.244,63.2
2497,0.0021364688873291016,0.248,62.800000000000004
2498,0.0006091594696044922,0.248,62.0
2499,0.002095460891723633,0.25,61.2
2500,0.0005962848663330078,0.25,60.0
2501,0.0020580291748046875,0.25,59.2
2502,0.002516031265258789,0.25,58.0
2503,0.0006694793701171875,0.25,56.800000000000004
2504,0.002683401107788086,0.25,55.6
2505,0.0006208419799804688,0.25,54.800000000000004
2506,0.0023338794708251953,0.25,53.6
2507,0.0023925304412841797,0.25,52.800000000000004
2508,0.0019474029541015625,0.25,51.6
2509,0.0027132034301757812,0.25,50.800000000000004
2510,0.0022215843200683594,0.25,50.0
2511,0.0006475448608398438,0.25,49.2
2512,0.002324342727661133,0.25,48.800000000000004
2513,0.0025670528411865234,0.25,48.0
2514,0.0019979476928710938,0.248,47.6
2515,0.0022182464599609375,0.248,47.2
2516,0.0006005764007568359,0.248,46.800000000000004
2517,0.0019028186798095703,0.248,46.400000000000006
2518,0.0005788803100585938,0.248,46.400000000000006
2519,0.0021271705627441406,0.248,46.0
2520,0.0005807876586914062,0.25,46.0
2521,0.0026891231536865234,0.25,46.0
2522,0.000759124755859375,0.25,46.400000000000006
2523,0.0021600723266601562,0.25,46.400000000000006
2524,0.0006725788116455078,0.25,46.400000000000006
2525,0.002148151397705078,0.25,46.800000000000004
2526,0.0006103515625,0.25,47.2
2527,0.0020630359649658203,0.25,47.6
2528,0.0005819797515869141,0.25,48.0
2529,0.0022916793823242188,0.25,48.800000000000004
2530,0.0005183219909667969,0.25,49.2
2531,0.0003273487091064453,0.25,50.0
2532,0.0005173683166503906,0.248,50.800000000000004
2533,0.0006086826324462891,0.248,51.6
2534,0.0005509853363037109,0.244,52.400000000000006
2535,0.0019199848175048828,0.24100000000000002,53.2
2536,0.00047326087951660156,0.235,54.0
2537,0.0020999908447265625,0.226,54.800000000000004
2538,0.0007078647613525391,0.222,55.6
2539,0.00225067138671875,0.21600000000000003,56.800000000000004
2540,0.0007114410400390625,0.21100000000000002,57.6
2541,0.0022020339965820312,0.205,58.400000000000006
2542,0.002134561538696289,0.205,59.6
2543,0.0007386207580566406,0.2,60.400000000000006
2544,0.002208709716796875,0.198,61.2
2545,0.0004901885986328125,0.192,62.0
2546,0.0017282962799072266,0.185,62.800000000000004
2547,0.0006101131439208984,0.183,63.2
2548,0.0019731521606445312,0.179,63.6
2549,0.0004763603210449219,0.175,64.0
2550,0.0020639896392822266,0.175,64.4
2551,0.0011200904846191406,0.166,64.8
2552,0.0014460086822509766,0.16399999999999998,64.8
2553,0.0017571449279785156,0.16399999999999998,64.4
2554,0.0018038749694824219,0.16399999999999998,64.4
2555,0.002792835235595703,0.16399999999999998,64.0
2556,0.0014064311981201172,0.16399999999999998,63.2
2557,0.002254486083984375,0.16399999999999998,62.400000000000006
2558,0.002543210983276367,0.166,61.6
2559,0.0017845630645751953,0.17,60.400000000000006
2560,0.0017693042755126953,0.172,59.2
2561,0.0021288394927978516,0.172,58.0
2562,0.0008099079132080078,0.172,56.400000000000006
2563,0.0019621849060058594,0.172,54.400000000000006
2564,0.0023932456970214844,0.172,52.800000000000004
2565,0.0020706653594970703,0.17,50.800000000000004
2566,0.001132965087890625,0.159,48.800000000000004
2567,0.0015420913696289062,0.147,46.400000000000006
2568,0.002771139144897461,0.142,44.0
2569,0.0008521080017089844,0.138,42.0
2570,0.0021605491638183594,0.138,39.6
2571,0.0006592273712158203,0.138,36.800000000000004
2572,0.00142669677734375,0.138,34.4
2573,0.00142669677734375,0.138,34.4
2574,0.00180816650390625,0.138,32.0
2575,0.0006206035614013672,0.138,29.6
2576,0.001909017562866211,0.138,26.8
2577,0.0006587505340576172,0.147,24.400000000000002
2578,0.001847982406616211,0.155,21.6
2579,0.0005886554718017578,0.159,19.200000000000003
2580,0.0019941329956054688,0.162,16.8
2581,0.0005879402160644531,0.162,14.0
2582,0.0020751953125,0.162,11.600000000000001
2583,0.0005972385406494141,0.162,9.600000000000001
2584,0.0016846656799316406,0.159,7.2
2585,0.0005633831024169922,0.147,5.2
2586,0.002717256546020508,0.14,3.6
2587,0.0006444454193115234,0.14,2.0
2588,0.002158641815185547,0.14,0.4
2589,0.0007419586181640625,0.14,-0.8
2590,0.0020720958709716797,0.14,-2.0
2591,0.0006349086761474609,0.14,-2.8000000000000003
2592,0.0020720958709716797,0.14,-3.6
2593,0.002430438995361328,0.157,-4.0
2594,0.0006551742553710938,0.16399999999999998,-4.0
2595,0.0023369789123535156,0.16399999999999998,-4.0
2596,0.0006792545318603516,0.16399999999999998,-4.0
2597,0.0017285346984863281,0.16399999999999998,-3.6
2598,0.0005812644958496094,0.16399999999999998,-2.8000000000000003
2599,0.002469778060913086,0.16399999999999998,-2.0
2600,0.0005829334259033203,0.151,-0.8
2601,0.0021049976348876953,0.14400000000000002,0.4
2602,0.0005850791931152344,0.14,2.0
2603,0.0018198490142822266,0.14,4.0
2604,0.0005784034729003906,0.14,5.6000000000000005
2605,0.0016260147094726562,0.138,7.6000000000000005
2606,0.0025141239166259766,0.136,10.0
2607,0.0006163120269775391,0.136,12.0
2608,0.002022266387939453,0.136,14.4
2609,0.0006101131439208984,0.136,16.8
2610,0.0020241737365722656,0.136,19.200000000000003
2611,0.0005817413330078125,0.149,21.6
2612,0.002112865447998047,0.177,24.400000000000002
2613,0.0005705356597900391,0.19399999999999998,26.8
2614,0.0018804073333740234,0.198,28.8
2615,0.002110719680786133,0.198,31.200000000000003
2616,0.0005660057067871094,0.198,33.6
2617,0.0015377998352050781,0.185,35.6
2618,0.001977682113647461,0.17,37.6
2619,0.0022068023681640625,0.153,40.0
2620,0.0006070137023925781,0.142,42.0
2621,0.0020797252655029297,0.138,44.0
2622,0.0006451606750488281,0.138,45.6
2623,0.0019221305847167969,0.138,47.6
2624,0.0006146430969238281,0.138,49.2
2625,0.0015621185302734375,0.138,50.800000000000004
2626,0.0005872249603271484,0.138,52.0
2627,0.0015921592712402344,0.138,53.2
2628,0.0005726814270019531,0.142,54.400000000000006
2629,0.0013537406921386719,0.155,55.2
2630,0.0003743171691894531,0.162,55.6
2631,0.00023484230041503906,0.16399999999999998,56.0
2632,0.00047326087951660156,0.16399999999999998,56.400000000000006
2633,0.00045037269592285156,0.16399999999999998,56.400000000000006
2634,0.0004527568817138672,0.16399999999999998,56.0
2635,0.0005898475646972656,0.16399999999999998,55.6
2636,0.00045752525329589844,0.16399999999999998,55.2
2637,0.00042939186096191406,0.16399999999999998,54.400000000000006
2638,0.0004451274871826172,0.16399999999999998,53.2
2639,0.0009531974792480469,0.16399999999999998,52.400000000000006
2640,0.0035903453826904297,0.16399999999999998,51.2
2641,0.0005142688751220703,0.16399999999999998,50.0
2642,0.002856016159057617,0.16399999999999998,48.400000000000006
2643,0.0006732940673828125,0.162,46.800000000000004
2644,0.002805471420288086,0.157,45.2
2645,0.0006666183471679688,0.153,43.6
2646,0.0024771690368652344,0.14400000000000002,41.6
2647,0.0006093978881835938,0.14,40.0
2648,0.002585172653198242,0.14,38.0
2649,0.0006451606750488281,0.14,36.0
2650,0.0025756359100341797,0.14,34.0
2651,0.0005855560302734375,0.14,32.0
2652,0.0022029876708984375,0.155,30.0
2653,0.0005879402160644531,0.168,27.6
2654,0.0016274452209472656,0.177,25.6
2655,0.0004737377166748047,0.179,23.200000000000003
2656,0.0020799636840820312,0.179,21.200000000000003
2657,0.0006170272827148438,0.179,19.200000000000003
2658,0.002218484878540039,0.179,17.2
2659,0.0005552768707275391,0.179,15.200000000000001
2660,0.0024008750915527344,0.168,13.200000000000001
2661,0.0017418861389160156,0.157,11.600000000000001
2662,0.0025599002838134766,0.155,10.0
2663,0.0023927688598632812,0.149,8.8
2664,0.0020263195037841797,0.142,7.6000000000000005
2665,0.0020449161529541016,0.14,6.4
2666,0.0006461143493652344,0.14,5.6000000000000005
2667,0.0022602081298828125,0.14,5.2
2668,0.0006425380706787109,0.14,4.800000000000001
2669,0.002561807632446289,0.14,4.4
2670,0.0006048679351806641,0.157,4.4
2671,0.0022208690643310547,0.172,4.4
2672,0.0005891323089599609,0.18100000000000002,4.800000000000001
2673,0.0016777515411376953,0.18100000000000002,4.800000000000001
2674,0.0006008148193359375,0.18100000000000002,5.6000000000000005
2675,0.002285480499267578,0.18100000000000002,6.0
2676,0.002076864242553711,0.18100000000000002,6.800000000000001
2677,0.0005464553833007812,0.179,7.6000000000000005
2678,0.0019381046295166016,0.166,8.8
2679,0.0005800724029541016,0.153,10.0
2680,0.002168416976928711,0.136,11.600000000000001
2681,0.000652313232421875,0.136,13.200000000000001
2682,0.00212860107421875,0.136,14.8
2683,0.0025756359100341797,0.136,16.8
2684,0.0005936622619628906,0.136,18.400000000000002
2685,0.002077341079711914,0.136,20.400000000000002
2686,0.0005629062652587891,0.136,22.400000000000002
2687,0.0026352405548095703,0.155,24.400000000000002
2688,0.0005500316619873047,0.166,26.400000000000002
2689,0.0027494430541992188,0.17,28.400000000000002
2690,0.0024368762969970703,0.17,30.0
2691,0.0007877349853515625,0.17,32.0
2692,0.0023984909057617188,0.17,33.6
2693,0.0023589134216308594,0.168,35.2
2694,0.00029206275939941406,0.159,36.800000000000004
2695,0.0006692409515380859,0.14,38.400000000000006
2696,0.003437042236328125,0.131,40.0
2697,0.0006654262542724609,0.127,41.2
2698,0.0025985240936279297,0.11900000000000001,42.400000000000006
2699,0.0007429122924804688,0.11599999999999999,43.6
2700,0.002351999282836914,0.11599999999999999,44.800000000000004
2701,0.0006489753723144531,0.11599999999999999,45.6
2702,0.0025119781494140625,0.11599999999999999,46.400000000000006
2703,0.0006909370422363281,0.138,47.2
2704,0.0015478134155273438,0.153,47.6
2705,0.002412080764770508,0.172,47.6
2706,0.002264261245727539,0.179,47.6
2707,0.002235889434814453,0.179,47.6
2708,0.002140045166015625,0.18100000000000002,47.2
2709,0.0007164478302001953,0.18100000000000002,46.400000000000006
2710,0.0023174285888671875,0.18100000000000002,46.0
2711,0.0005619525909423828,0.172,45.2
2712,0.0025315284729003906,0.142,44.400000000000006
2713,0.002238750457763672,0.12300000000000001,43.2
2714,0.0021669864654541016,0.11900000000000001,42.0
2715,0.002437591552734375,0.11900000000000001,41.2
2716,0.0006477832794189453,0.11900000000000001,40.0
2717,0.002241849899291992,0.11900000000000001,38.800000000000004
2718,0.0022335052490234375,0.11900000000000001,37.2
2719,0.0015988349914550781,0.11900000000000001,36.0
2720,0.0021445751190185547,0.12300000000000001,34.4
2721,0.0006077289581298828,0.138,32.800000000000004
2722,0.0025146007537841797,0.159,31.200000000000003
2723,0.0025146007537841797,0.177,31.200000000000003
2724,0.0022439956665039062,0.183,29.200000000000003
2725,0.0005867481231689453,0.185,27.6
2726,0.0024645328521728516,0.185,25.6
2727,0.0005974769592285156,0.185,23.6
2728,0.0021533966064453125,0.183,21.6
2729,0.0023496150970458984,0.177,19.6
2730,0.002246379852294922,0.168,18.0
2731,0.0005898475646972656,0.151,16.0
2732,0.0022695064544677734,0.129,14.4
2733,0.0022001266479492188,0.11900000000000001,12.8
2734,0.0006201267242431641,0.11599999999999999,11.600000000000001
2735,0.001409292221069336,0.11599999999999999,10.4
2736,0.0017786026000976562,0.11900000000000001,9.200000000000001
2737,0.0006997585296630859,0.14,8.4
2738,0.001886129379272461,0.172,7.6000000000000005
2739,0.003149747848510742,0.192,6.800000000000001
2740,0.0020978450775146484,0.198,6.4
2741,0.0008072853088378906,0.198,6.0
2742,0.0021593570709228516,0.198,5.6000000000000005
2743,0.0007722377777099609,0.19399999999999998,5.6000000000000005
2744,0.002329587936401367,0.183,5.6000000000000005
2745,0.0006191730499267578,0.166,5.6000000000000005
2746,0.0020842552185058594,0.147,6.0
2747,0.0005958080291748047,0.131,6.4
2748,0.002573728561401367,0.127,7.2
2749,0.0005693435668945312,0.127,8.4
2750,0.0021674633026123047,0.127,9.600000000000001
2751,0.0023279190063476562,0.127,10.8
2752,0.0006313323974609375,0.134,12.0
2753,0.002253293991088867,0.14,13.600000000000001
2754,0.0006351470947265625,0.16399999999999998,15.200000000000001
2755,0.0022318363189697266,0.166,16.8
2756,0.0005784034729003906,0.166,18.400000000000002
2757,0.0019099712371826172,0.166,20.0
2758,0.002348184585571289,0.166,21.6
2759,0.0023000240325927734,0.162,23.200000000000003
2760,0.002323627471923828,0.147,24.8
2761,0.0006189346313476562,0.136,26.400000000000002
2762,0.0023245811462402344,0.127,28.0
2763,0.0006256103515625,0.127,29.6
2764,0.00217437744140625,0.127,31.200000000000003
2765,0.0023157596588134766,0.127,32.800000000000004
2766,0.0005877017974853516,0.127,34.4
2767,0.0022919178009033203,0.153,35.6
2768,0.002414226531982422,0.177,36.800000000000004
2769,0.0006113052368164062,0.183,38.0
2770,0.001863241195678711,0.183,39.2
2771,0.002046346664428711,0.183,40.0
2772,0.0005586147308349609,0.183,40.800000000000004
2773,0.0022668838500976562,0.183,41.2
2774,0.0005753040313720703,0.177,42.0
2775,0.0024356842041015625,0.162,42.400000000000006
2776,0.0005824565887451172,0.149,42.800000000000004
2777,0.002124309539794922,0.134,43.2
2778,0.0005905628204345703,0.129,43.2
2779,0.002370119094848633,0.129,43.6
2780,0.0005724430084228516,0.129,43.6
2781,0.002304553985595703,0.129,43.6
2782,0.0005924701690673828,0.131,43.2
2783,0.002314329147338867,0.151,43.2
2784,0.002360105514526367,0.159,42.800000000000004
2785,0.0023736953735351562,0.16399999999999998,42.0
2786,0.0005550384521484375,0.16399999999999998,41.6
2787,0.0021359920501708984,0.16399999999999998,40.800000000000004
2788,0.0021724700927734375,0.159,39.6
2789,0.0019588470458984375,0.153,38.800000000000004
2790,0.0007121562957763672,0.147,37.6
2791,0.0021631717681884766,0.142,36.4
2792,0.000621795654296875,0.142,35.2
2793,0.0023627281188964844,0.142,34.0
2794,0.0022919178009033203,0.142,32.4
2795,0.0021572113037109375,0.142,31.200000000000003
2796,0.000675201416015625,0.147,29.6
2797,0.0022521018981933594,0.16399999999999998,28.400000000000002
2798,0.0006480216979980469,0.177,26.8
2799,0.0021741390228271484,0.18100000000000002,25.200000000000003
2800,0.002306222915649414,0.18100000000000002,23.6
2801,0.0024116039276123047,0.18100000000000002,22.400000000000002
2802,0.0021080970764160156,0.185,20.8
2803,0.0006144046783447266,0.185,19.200000000000003
2804,0.0021209716796875,0.185,18.0
2805,0.0005791187286376953,0.185,16.8
2806,0.0023729801177978516,0.185,15.600000000000001
2807,0.0020685195922851562,0.185,14.8
2808,0.0023336410522460938,0.185,14.0
2809,0.0020296573638916016,0.185,13.200000000000001
2810,0.0006053447723388672,0.185,12.8
2811,0.0025746822357177734,0.179,12.4
2812,0.002489805221557617,0.16399999999999998,12.4
2813,0.002203226089477539,0.147,12.4
2814,0.0005822181701660156,0.138,12.4
2815,0.0023317337036132812,0.138,12.8
2816,0.0005681514739990234,0.138,13.200000000000001
2817,0.0021712779998779297,0.138,13.600000000000001
2818,0.0005381107330322266,0.142,14.4
2819,0.0018916130065917969,0.157,15.200000000000001
2820,0.002161264419555664,0.18100000000000002,16.400000000000002
2821,0.0005846023559570312,0.19,17.2
2822,0.00260162353515625,0.192,18.0
2823,0.0021729469299316406,0.196,19.200000000000003
2824,0.0005853176116943359,0.196,20.400000000000002
2825,0.0021600723266601562,0.205,21.200000000000003
2826,0.0021834373474121094,0.205,22.400000000000002
2827,0.001984834671020508,0.207,23.6
2828,0.0005960464477539062,0.207,25.200000000000003
2829,0.001817941665649414,0.207,26.400000000000002
2830,0.0005576610565185547,0.207,28.0
2831,0.0018563270568847656,0.207,29.200000000000003
2832,0.0024111270904541016,0.207,30.8
2833,0.0005784034729003906,0.205,32.4
2834,0.0022742748260498047,0.172,34.0
2835,0.0005588531494140625,0.159,36.0
2836,0.0018506050109863281,0.155,37.6
2837,0.002081155776977539,0.151,39.6
2838,0.0005691051483154297,0.151,41.2
2839,0.0031054019927978516,0.147,42.800000000000004
2840,0.0016226768493652344,0.138,44.800000000000004
2841,0.0023758411407470703,0.125,46.400000000000006
2842,0.0006794929504394531,0.125,47.6
2843,0.00250244140625,0.12300000000000001,49.2
2844,0.0005848407745361328,0.12300000000000001,50.400000000000006
2845,0.0018413066864013672,0.12300000000000001,51.2
2846,0.002301454544067383,0.136,52.400000000000006
2847,0.0005638599395751953,0.151,52.800000000000004
2848,0.001928567886352539,0.162,53.2
2849,0.002340078353881836,0.17,53.6
2850,0.0006134510040283203,0.172,53.6
2851,0.002136707305908203,0.175,53.6
2852,0.002379894256591797,0.177,53.2
2853,0.002309083938598633,0.177,52.400000000000006
2854,0.0022399425506591797,0.177,52.0
2855,0.002396106719970703,0.177,51.2
2856,0.00211334228515625,0.172,50.0
2857,0.0005791187286376953,0.17,48.800000000000004
2858,0.0018680095672607422,0.157,47.6
2859,0.0023360252380371094,0.14400000000000002,46.400000000000006
2860,0.0005850791931152344,0.134,45.2
2861,0.0024292469024658203,0.12300000000000001,43.6
2862,0.0006139278411865234,0.11900000000000001,42.0
2863,0.002727031707763672,0.11199999999999999,40.400000000000006
2864,0.00060272216796875,0.106,38.800000000000004
2865,0.0022237300872802734,0.099,37.2
2866,0.002021312713623047,0.099,35.2
2867,0.0019195079803466797,0.099,33.6
2868,0.0019195079803466797,0.095,33.6
2869,0.0021898746490478516,0.095,31.200000000000003
2870,0.0007581710815429688,0.095,29.200000000000003
2871,0.002147674560546875,0.095,27.200000000000003
2872,0.002363443374633789,0.08800000000000001,24.8
2873,0.002154111862182617,0.086,22.400000000000002
2874,0.0023348331451416016,0.086,20.0
2875,0.0021402835845947266,0.086,17.6
2876,0.0006084442138671875,0.086,15.200000000000001
2877,0.0027251243591308594,0.086,12.8
2878,0.0006072521209716797,0.086,10.4
2879,0.0021810531616210938,0.091,8.0
2880,0.0020623207092285156,0.10800000000000001,5.6000000000000005
2881,0.0023584365844726562,0.125,3.2
2882,0.0015158653259277344,0.127,1.2000000000000002
2883,0.0005815029144287109,0.129,-1.2000000000000002
2884,0.0021941661834716797,0.129,-3.2
2885,0.0024209022521972656,0.138,-4.800000000000001
2886,0.0006351470947265625,0.14400000000000002,-6.800000000000001
2887,0.0021164417266845703,0.147,-8.0
2888,0.0024552345275878906,0.151,-9.600000000000001
2889,0.0006525516510009766,0.151,-10.4
2890,0.0022284984588623047,0.151,-11.200000000000001
2891,0.002240419387817383,0.151,-12.0
2892,0.0007541179656982422,0.151,-12.0
2893,0.002440214157104492,0.151,-12.0
2894,0.0024580955505371094,0.151,-12.0
2895,0.0006701946258544922,0.151,-11.200000000000001
2896,0.0021257400512695312,0.151,-10.4
2897,0.0006041526794433594,0.151,-9.200000000000001
2898,0.0016448497772216797,0.151,-8.0
2899,0.0020592212677001953,0.151,-6.0
2900,0.0022220611572265625,0.151,-4.4
2901,0.002354145050048828,0.151,-2.0
2902,0.0006487369537353516,0.131,0.4
2903,0.0024619102478027344,0.125,2.8000000000000003
2904,0.0006072521209716797,0.11900000000000001,5.6000000000000005
2905,0.002068042755126953,0.11599999999999999,8.4
2906,0.0005452632904052734,0.11599999999999999,11.200000000000001
2907,0.0018587112426757812,0.11599999999999999,14.4
2908,0.0022323131561279297,0.11599999999999999,17.2
2909,0.0024814605712890625,0.11599999999999999,20.400000000000002
2910,0.0019707679748535156,0.11599999999999999,23.6
2911,0.0005905628204345703,0.11599999999999999,26.400000000000002
2912,0.0024051666259765625,0.11599999999999999,29.6
2913,0.0021364688873291016,0.11599999999999999,32.4
2914,0.0005776882171630859,0.131,35.2
2915,0.0016353130340576172,0.149,37.6
2916,0.0021736621856689453,0.168,40.0
2917,0.0005557537078857422,0.175,42.400000000000006
2918,0.0015759468078613281,0.179,44.400000000000006
2919,0.0020971298217773438,0.179,46.400000000000006
2920,0.0005993843078613281,0.179,48.0
2921,0.002645254135131836,0.18100000000000002,49.6
2922,0.002473115921020508,0.18100000000000002,51.2
2923,0.002277851104736328,0.18100000000000002,52.400000000000006
2924,0.0021448135375976562,0.177,53.6
2925,0.0023093223571777344,0.175,54.400000000000006
2926,0.0005824565887451172,0.16399999999999998,55.2
2927,0.0021986961364746094,0.149,56.0
2928,0.0006086826324462891,0.136,56.400000000000006
2929,0.001817464828491211,0.11900000000000001,57.2
2930,0.0019488334655761719,0.11199999999999999,57.2
2931,0.002284526824951172,0.10800000000000001,57.6
2932,0.002330780029296875,0.10300000000000001,57.6
2933,0.0005669593811035156,0.09699999999999999,57.2
2934,0.001918792724609375,0.09699999999999999,56.800000000000004
2935,0.0005688667297363281,0.095,56.400000000000006
2936,0.002568960189819336,0.095,55.6
2937,0.0005793571472167969,0.095,54.400000000000006
2938,0.002184152603149414,0.10099999999999999,53.2
2939,0.0007839202880859375,0.11900000000000001,51.6
2940,0.0016124248504638672,0.134,50.0
2941,0.0020966529846191406,0.14,47.6
2942,0.002652406692504883,0.147,45.6
2943,0.0021653175354003906,0.149,43.2
2944,0.002153635025024414,0.149,40.400000000000006
2945,0.002475261688232422,0.149,37.6
2946,0.002401590347290039,0.149,34.800000000000004
2947,0.0021195411682128906,0.149,32.0
2948,0.0007884502410888672,0.149,28.8
2949,0.0023088455200195312,0.149,25.6
2950,0.002309560775756836,0.149,22.8
2951,0.0021240711212158203,0.149,19.6
2952,0.002161741256713867,0.149,16.8
2953,0.0020415782928466797,0.149,13.600000000000001
2954,0.002227783203125,0.149,10.8
2955,0.002384662628173828,0.149,8.4
2956,0.0006878376007080078,0.149,5.6000000000000005
2957,0.0018298625946044922,0.149,3.2
2958,0.0021789073944091797,0.149,1.2000000000000002
2959,0.0021486282348632812,0.149,-0.8
2960,0.0021665096282958984,0.149,-2.8000000000000003
2961,0.0004642009735107422,0.149,-4.4
2962,0.002747058868408203,0.149,-5.6000000000000005
2963,0.002124786376953125,0.149,-6.800000000000001
2964,0.0006732940673828125,0.155,-7.6000000000000005
2965,0.0021889209747314453,0.159,-8.0
2966,0.0022106170654296875,0.168,-8.4
2967,0.0016417503356933594,0.183,-8.4
2968,0.0005955696105957031,0.19,-8.0
2969,0.002245187759399414,0.19399999999999998,-7.6000000000000005
2970,0.0022575855255126953,0.19399999999999998,-6.800000000000001
2971,0.0005512237548828125,0.19399999999999998,-5.6000000000000005
2972,0.0020515918731689453,0.19399999999999998,-4.4
2973,0.002057790756225586,0.188,-2.8000000000000003
2974,0.0022003650665283203,0.175,-0.8
2975,0.00229644775390625,0.16399999999999998,1.2000000000000002
2976,0.000637054443359375,0.16399999999999998,3.6
2977,0.0024292469024658203,0.16399999999999998,6.4
2978,0.0005850791931152344,0.157,9.200000000000001
2979,0.001615285873413086,0.149,12.0
2980,0.0005965232849121094,0.149,15.200000000000001
2981,0.0022237300872802734,0.149,18.400000000000002
2982,0.002258777618408203,0.149,21.6
2983,0.0005521774291992188,0.149,25.200000000000003
2984,0.0022001266479492188,0.149,28.400000000000002
2985,0.0005462169647216797,0.149,31.6
2986,0.0018503665924072266,0.149,35.2
2987,0.0020284652709960938,0.127,38.0
2988,0.002168893814086914,0.127,41.2
2989,0.002508401870727539,0.11,44.400000000000006
2990,0.0006928443908691406,0.099,47.2
2991,0.0024781227111816406,0.099,49.6
2992,0.0006992816925048828,0.09699999999999999,52.400000000000006
2993,0.0022482872009277344,0.095,54.400000000000006
2994,0.0006246566772460938,0.095,56.400000000000006
2995,0.0020627975463867188,0.095,58.400000000000006
2996,0.0024547576904296875,0.095,60.0
2997,0.0005846023559570312,0.095,61.2
2998,0.0020537376403808594,0.106,62.0
2999,0.0020263195037841797,0.12300000000000001,62.800000000000004
3000,0.0024716854095458984,0.136,63.2
3001,0.0006146430969238281,0.142,63.2
3002,0.0021257400512695312,0.14400000000000002,62.800000000000004
3003,0.002288341522216797,0.147,62.400000000000006
3004,0.0021851062774658203,0.147,61.6
3005,0.002054452896118164,0.147,60.400000000000006
3006,0.0017123222351074219,0.147,59.2
3007,0.0006012916564941406,0.14,57.6
3008,0.0020422935485839844,0.125,56.0
3009,0.002331256866455078,0.11199999999999999,54.0
3010,0.0006079673767089844,0.099,52.0
3011,0.002249479293823242,0.095,50.0
3012,0.0023660659790039062,0.095,47.6
3013,0.0023660659790039062,0.095,47.6
3014,0.0018236637115478516,0.095,44.800000000000004
3015,0.0005590915679931641,0.106,42.400000000000006
3016,0.002039670944213867,0.131,39.6
3017,0.0020530223846435547,0.153,36.4
3018,0.0005900859832763672,0.159,33.2
3019,0.0016984939575195312,0.159,30.0
3020,0.001976490020751953,0.159,26.8
3021,0.0021820068359375,0.162,23.200000000000003
3022,0.0021593570709228516,0.162,20.0
3023,0.0020914077758789062,0.162,16.400000000000002
3024,0.0022962093353271484,0.162,13.200000000000001
3025,0.002185821533203125,0.162,9.600000000000001
3026,0.0023758411407470703,0.147,6.4
3027,0.0018935203552246094,0.14,3.6
3028,0.0005824565887451172,0.138,0.8
3029,0.0018477439880371094,0.138,-2.0
3030,0.0020532608032226562,0.138,-4.0
3031,0.0018756389617919922,0.138,-6.4
3032,0.0006003379821777344,0.14,-8.0
3033,0.0023229122161865234,0.149,-9.600000000000001
3034,0.0005960464477539062,0.157,-10.8
3035,0.0022478103637695312,0.157,-11.600000000000001
3036,0.0005679130554199219,0.157,-12.4
3037,0.0017817020416259766,0.149,-12.8
3038,0.0005702972412109375,0.14400000000000002,-12.8
3039,0.0021142959594726562,0.136,-12.8
3040,0.0006442070007324219,0.131,-12.0
3041,0.0018279552459716797,0.129,-11.200000000000001
3042,0.002023935317993164,0.129,-10.0
3043,0.0020227432250976562,0.129,-8.8
3044,0.002092123031616211,0.129,-7.2
3045,0.002484560012817383,0.14400000000000002,-5.2
3046,0.0008707046508789062,0.162,-3.2
3047,0.002452373504638672,0.16399999999999998,-0.8
3048,0.0007014274597167969,0.16399999999999998,1.6
3049,0.0025331974029541016,0.16399999999999998,4.0
3050,0.0021810531616210938,0.16399999999999998,6.800000000000001
3051,0.002784252166748047,0.16399999999999998,9.600000000000001
3052,0.002516031265258789,0.157,12.4
3053,0.0006701946258544922,0.147,15.200000000000001
3054,0.0023763179779052734,0.138,18.400000000000002
3055,0.0006232261657714844,0.129,21.6
3056,0.002454519271850586,0.129,24.8
3057,0.0006115436553955078,0.129,28.0
3058,0.002339601516723633,0.129,30.8
3059,0.0023376941680908203,0.129,34.0
3060,0.0005996227264404297,0.14,37.2
3061,0.0016717910766601562,0.153,40.0
3062,0.0005786418914794922,0.159,42.800000000000004
3063,0.0020956993103027344,0.166,45.2
3064,0.0006597042083740234,0.166,47.6
3065,0.002302885055541992,0.166,50.0
3066,0.002420186996459961,0.16399999999999998,52.0
3067,0.002677440643310547,0.155,54.0
3068,0.0006210803985595703,0.138,55.6
3069,0.0023076534271240234,0.127,57.2
3070,0.0021734237670898438,0.11900000000000001,58.400000000000006
3071,0.0005900859832763672,0.11599999999999999,59.6
3072,0.0023643970489501953,0.11599999999999999,60.800000000000004
3073,0.0006201267242431641,0.11599999999999999,61.6
3074,0.0021800994873046875,0.11599999999999999,62.0
3075,0.002429485321044922,0.127,62.400000000000006
3076,0.0025093555450439453,0.149,62.400000000000006
3077,0.0018224716186523438,0.166,62.0
3078,0.002458810806274414,0.168,61.6
3079,0.0006175041198730469,0.168,61.2
3080,0.002139568328857422,0.168,60.0
3081,0.0020589828491210938,0.168,58.800000000000004
3082,0.00057220458984375,0.159,57.6
3083,0.002347230911254883,0.147,56.0
3084,0.0022602081298828125,0.136,54.400000000000006
3085,0.0006258487701416016,0.131,52.400000000000006
3086,0.002468109130859375,0.131,50.800000000000004
3087,0.002353668212890625,0.131,48.400000000000006
3088,0.0005660057067871094,0.131,46.400000000000006
3089,0.002307891845703125,0.131,44.0
3090,0.0007014274597167969,0.138,41.6
3091,0.0021986961364746094,0.155,39.2
3092,0.0006639957427978516,0.159,36.4
3093,0.0022077560424804688,0.162,34.0
3094,0.0006601810455322266,0.162,31.200000000000003
3095,0.0023260116577148438,0.162,28.0
3096,0.0006504058837890625,0.149,25.200000000000003
3097,0.002046823501586914,0.138,22.400000000000002
3098,0.0020537376403808594,0.131,19.6
3099,0.0006253719329833984,0.131,17.2
3100,0.002093791961669922,0.131,14.4
3101,0.0021643638610839844,0.131,12.0
3102,0.0006005764007568359,0.131,9.600000000000001
3103,0.0024056434631347656,0.142,7.2
3104,0.0006229877471923828,0.162,5.2
3105,0.002201080322265625,0.183,3.2
3106,0.0005893707275390625,0.185,1.2000000000000002
3107,0.0018534660339355469,0.185,-0.4
3108,0.0005559921264648438,0.185,-1.6
3109,0.0020775794982910156,0.185,-2.8000000000000003
3110,0.001990795135498047,0.17,-4.0
3111,0.0006020069122314453,0.151,-4.800000000000001
3112,0.0021257400512695312,0.14,-5.2
3113,0.0005843639373779297,0.131,-5.2
3114,0.0024132728576660156,0.131,-4.800000000000001
3115,0.0005781650543212891,0.131,-4.4
3116,0.0021514892578125,0.131,-3.6
3117,0.0020751953125,0.136,-2.8000000000000003
3118,0.0022172927856445312,0.155,-1.6
3119,0.002260923385620117,0.17,0.0
3120,0.002367258071899414,0.175,1.6
3121,0.0023500919342041016,0.175,3.2
3122,0.0023119449615478516,0.175,5.2
3123,0.0021364688873291016,0.175,7.2
3124,0.002239704132080078,0.16399999999999998,9.200000000000001
3125,0.002206563949584961,0.153,11.600000000000001
3126,0.002301454544067383,0.14,14.0
3127,0.0006153583526611328,0.136,16.400000000000002
3128,0.0018954277038574219,0.136,19.200000000000003
3129,0.0005815029144287109,0.136,21.6
3130,0.0023436546325683594,0.138,24.400000000000002
3131,0.0005660057067871094,0.155,27.200000000000003
3132,0.0025653839111328125,0.172,30.0
3133,0.0005452632904052734,0.175,32.4
3134,0.0022275447845458984,0.175,35.2
3135,0.0022971630096435547,0.175,37.6
3136,0.0022385120391845703,0.175,40.0
3137,0.0005567073822021484,0.157,42.400000000000006
3138,0.002250194549560547,0.136,44.400000000000006
3139,0.0005586147308349609,0.127,46.400000000000006
3140,0.0016613006591796875,0.127,48.400000000000006
3141,0.0022821426391601562,0.127,50.400000000000006
3142,0.0022614002227783203,0.127,52.0
3143,0.0024080276489257812,0.142,53.6
3144,0.0007486343383789062,0.166,55.2
3145,0.0024216175079345703,0.183,56.0
3146,0.0006105899810791016,0.188,57.2
3147,0.0021011829376220703,0.188,58.0
3148,0.0006463527679443359,0.185,58.400000000000006
3149,0.0026781558990478516,0.17,58.800000000000004
3150,0.002106189727783203,0.149,58.800000000000004
3151,0.00061798095703125,0.125,58.800000000000004
3152,0.002118825912475586,0.10300000000000001,58.800000000000004
3153,0.0006029605865478516,0.10300000000000001,58.400000000000006
3154,0.0020024776458740234,0.10300000000000001,58.0
3155,0.0026276111602783203,0.10300000000000001,57.6
3156,0.0005888938903808594,0.11199999999999999,56.800000000000004
3157,0.0023398399353027344,0.14,55.6
3158,0.0007727146148681641,0.159,54.400000000000006
3159,0.002202272415161133,0.168,53.2
3160,0.002275228500366211,0.168,51.6
3161,0.002117633819580078,0.168,49.6
3162,0.0023164749145507812,0.16399999999999998,47.6
3163,0.00197601318359375,0.14,45.6
3164,0.0023956298828125,0.129,43.2
3165,0.0023033618927001953,0.11900000000000001,40.800000000000004
3166,0.0019910335540771484,0.11900000000000001,38.400000000000006
3167,0.0019910335540771484,0.11900000000000001,38.400000000000006
3168,0.002161741256713867,0.12300000000000001,36.0
3169,0.0023055076599121094,0.14400000000000002,33.6
3170,0.002333402633666992,0.183,30.8
3171,0.0021305084228515625,0.207,28.400000000000002
3172,0.000640869140625,0.209,25.6
3173,0.0016736984252929688,0.209,22.8
3174,0.000652313232421875,0.198,20.400000000000002
3175,0.0022077560424804688,0.177,17.6
3176,0.0005943775177001953,0.162,15.200000000000001
3177,0.002290010452270508,0.162,12.8
3178,0.0024068355560302734,0.162,10.8
3179,0.0005979537963867188,0.162,8.8
3180,0.0020122528076171875,0.172,7.2
3181,0.0005822181701660156,0.19399999999999998,5.6000000000000005
3182,0.0025136470794677734,0.205,4.4
3183,0.002137899398803711,0.205,3.2
3184,0.0006361007690429688,0.205,2.4000000000000004
3185,0.002425670623779297,0.198,1.6
3186,0.0021848678588867188,0.172,1.6
3187,0.0025005340576171875,0.153,1.2000000000000002
3188,0.0023844242095947266,0.147,1.6
3189,0.0006022453308105469,0.147,2.0
3190,0.002342700958251953,0.147,2.8000000000000003
3191,0.0006670951843261719,0.147,3.6
3192,0.0022912025451660156,0.183,5.2
3193,0.002344369888305664,0.209,6.4
3194,0.002261638641357422,0.21100000000000002,8.0
3195,0.0022394657135009766,0.209,9.600000000000001
3196,0.0020203590393066406,0.198,11.600000000000001
3197,0.0023179054260253906,0.175,13.600000000000001
3198,0.0006594657897949219,0.155,15.600000000000001
3199,0.0022974014282226562,0.147,18.0
3200,0.0021338462829589844,0.147,20.400000000000002
3201,0.0019941329956054688,0.147,22.8
3202,0.002466440200805664,0.147,25.200000000000003
3203,0.002124309539794922,0.155,28.0
3204,0.0006394386291503906,0.166,30.400000000000002
3205,0.002052783966064453,0.17,33.2
3206,0.0006275177001953125,0.17,35.6
3207,0.0018818378448486328,0.17,38.0
3208,0.002209901809692383,0.153,40.400000000000006
3209,0.0023353099822998047,0.14,42.800000000000004
3210,0.0022618770599365234,0.138,44.800000000000004
3211,0.00150299072265625,0.138,46.800000000000004
3212,0.0023107528686523438,0.138,48.800000000000004
3213,0.0024149417877197266,0.151,50.800000000000004
3214,0.002321481704711914,0.16399999999999998,52.400000000000006
3215,0.0025877952575683594,0.166,54.0
3216,0.0025930404663085938,0.166,55.2
3217,0.0006127357482910156,0.166,56.400000000000006
3218,0.002140045166015625,0.166,57.2
3219,0.0006115436553955078,0.159,58.0
3220,0.0024292469024658203,0.153,58.400000000000006
3221,0.0025129318237304688,0.153,58.800000000000004
3222,0.0021529197692871094,0.153,58.800000000000004
3223,0.002301454544067383,0.153,58.800000000000004
3224,0.0023696422576904297,0.155,58.800000000000004
3225,0.0021986961364746094,0.17,58.400000000000006
3226,0.0006082057952880859,0.17,57.6
3227,0.0020775794982910156,0.17,57.2
3228,0.002457857131958008,0.17,56.400000000000006
3229,0.0026655197143554688,0.17,55.2
3230,0.002327442169189453,0.16399999999999998,54.0
3231,0.0006415843963623047,0.138,52.800000000000004
3232,0.001646280288696289,0.125,51.2
3233,0.0005917549133300781,0.125,49.6
3234,0.002415895462036133,0.131,48.0
3235,0.002268075942993164,0.153,46.400000000000006
3236,0.0017409324645996094,0.175,44.400000000000006
3237,0.001878976821899414,0.185,42.400000000000006
3238,0.0006351470947265625,0.188,40.400000000000006
3239,0.0023229122161865234,0.188,38.400000000000006
3240,0.0021209716796875,0.185,36.0
3241,0.0023641586303710938,0.18100000000000002,33.6
3242,0.0022211074829101562,0.166,31.6
3243,0.0023953914642333984,0.147,29.200000000000003
3244,0.0007030963897705078,0.131,26.8
3245,0.0020117759704589844,0.127,24.8
3246,0.0006923675537109375,0.127,22.8
3247,0.0023033618927001953,0.127,20.8
3248,0.0021104812622070312,0.138,18.8
3249,0.002393007278442383,0.177,17.2
3250,0.002671480178833008,0.188,15.600000000000001
3251,0.0021903514862060547,0.188,13.600000000000001
3252,0.0006515979766845703,0.188,12.0
3253,0.002285003662109375,0.185,10.8
3254,0.0006422996520996094,0.166,9.200000000000001
3255,0.002153158187866211,0.155,8.4
3256,0.0005893707275390625,0.14400000000000002,7.2
3257,0.0020711421966552734,0.136,6.4
3258,0.0022232532501220703,0.136,6.0
3259,0.000614166259765625,0.136,5.6000000000000005
3260,0.0026013851165771484,0.136,5.6000000000000005
3261,0.002542734146118164,0.14400000000000002,5.6000000000000005
3262,0.0006091594696044922,0.151,5.6000000000000005
3263,0.002304553985595703,0.151,6.0
3264,0.0026731491088867188,0.151,6.4
3265,0.002712249755859375,0.149,7.2
3266,0.0006144046783447266,0.131,8.0
3267,0.00223541259765625,0.127,8.8
3268,0.0019435882568359375,0.127,9.600000000000001
3269,0.002426624298095703,0.127,10.8
3270,0.0020275115966796875,0.129,12.0
3271,0.0025043487548828125,0.153,13.200000000000001
3272,0.0006110668182373047,0.159,14.8
3273,0.0022280216217041016,0.162,16.0
3274,0.0024268627166748047,0.162,17.6
3275,0.002213716506958008,0.162,19.200000000000003
3276,0.0018203258514404297,0.162,20.400000000000002
3277,0.002384185791015625,0.162,22.0
3278,0.0022552013397216797,0.157,23.6
3279,0.0020258426666259766,0.155,25.200000000000003
3280,0.0006039142608642578,0.155,26.8
3281,0.001603841781616211,0.157,28.400000000000002
3282,0.0022940635681152344,0.18100000000000002,29.6
3283,0.0021255016326904297,0.205,31.200000000000003
3284,0.001973867416381836,0.213,32.800000000000004
3285,0.002221345901489258,0.213,34.0
3286,0.0005738735198974609,0.213,35.6
3287,0.001905679702758789,0.209,36.800000000000004
3288,0.0005962848663330078,0.19,38.400000000000006
3289,0.002505064010620117,0.168,39.6
3290,0.0007252693176269531,0.168,40.800000000000004
3291,0.0028836727142333984,0.168,42.0
3292,0.0006628036499023438,0.168,43.6
3293,0.0022208690643310547,0.168,44.800000000000004
3294,0.0006012916564941406,0.185,46.0
3295,0.0025510787963867188,0.2,46.800000000000004
3296,0.00261688232421875,0.205,48.0
3297,0.0006110668182373047,0.205,48.800000000000004
3298,0.001947164535522461,0.205,49.6
3299,0.0024988651275634766,0.198,50.400000000000006
3300,0.0006260871887207031,0.177,51.2
3301,0.002460479736328125,0.157,51.6
3302,0.0005538463592529297,0.157,52.0
3303,0.002102375030517578,0.157,52.400000000000006
3304,0.0023484230041503906,0.157,52.800000000000004
3305,0.002340078353881836,0.17,53.2
3306,0.0024030208587646484,0.183,53.2
3307,0.0007598400115966797,0.207,53.2
3308,0.0022237300872802734,0.209,53.2
3309,0.002488374710083008,0.209,53.2
3310,0.0008649826049804688,0.209,52.800000000000004
3311,0.0028595924377441406,0.192,52.0
3312,0.0028595924377441406,0.166,52.0
3313,0.0021970272064208984,0.151,51.6
3314,0.0022568702697753906,0.151,50.800000000000004
3315,0.0018620491027832031,0.151,50.400000000000006
3316,0.0024144649505615234,0.153,49.6
3317,0.0020356178283691406,0.192,48.800000000000004
3318,0.0024552345275878906,0.218,48.0
3319,0.0006422996520996094,0.222,47.2
3320,0.002218008041381836,0.22,46.400000000000006
3321,0.0006387233734130859,0.209,45.6
3322,0.0023996829986572266,0.185,44.800000000000004
3323,0.0005784034729003906,0.166,44.0
3324,0.002293825149536133,0.16399999999999998,43.2
3325,0.0006165504455566406,0.16399999999999998,42.400000000000006
3326,0.0020368099212646484,0.16399999999999998,41.6
3327,0.002376079559326172,0.175,40.800000000000004
3328,0.0020225048065185547,0.19399999999999998,40.0
3329,0.002285003662109375,0.2,39.2
3330,0.002197265625,0.2,38.400000000000006
3331,0.0022270679473876953,0.2,37.6
3332,0.0006346702575683594,0.2,36.800000000000004
3333,0.002115964889526367,0.185,36.0
3334,0.002367734909057617,0.155,35.2
3335,0.0005831718444824219,0.153,34.4
3336,0.0021169185638427734,0.153,33.6
3337,0.0005621910095214844,0.153,32.800000000000004
3338,0.002231121063232422,0.162,32.0
3339,0.0005502700805664062,0.179,31.6
3340,0.0028083324432373047,0.183,30.8
3341,0.0007088184356689453,0.183,30.0
3342,0.002154827117919922,0.177,29.6
3343,0.0006411075592041016,0.159,28.8
3344,0.002314329147338867,0.14,28.0
3345,0.0006108283996582031,0.134,27.6
3346,0.0019795894622802734,0.134,26.8
3347,0.0005729198455810547,0.134,26.400000000000002
3348,0.001926422119140625,0.14,26.0
3349,0.0006699562072753906,0.16399999999999998,25.6
3350,0.0017452239990234375,0.185,25.200000000000003
3351,0.0018131732940673828,0.19,24.400000000000002
3352,0.0024738311767578125,0.19,24.0
3353,0.0019161701202392578,0.185,23.6
3354,0.0017554759979248047,0.177,23.200000000000003
3355,0.0006303787231445312,0.168,22.8
3356,0.0020639896392822266,0.14400000000000002,22.400000000000002
3357,0.0017604827880859375,0.134,22.400000000000002
3358,0.0006620883941650391,0.134,22.0
3359,0.001855611801147461,0.134,22.0
3360,0.0006620883941650391,0.14400000000000002,22.0
3361,0.00217437744140625,0.18100000000000002,22.0
3362,0.002188444137573242,0.22,22.0
3363,0.0020737648010253906,0.22399999999999998,22.0
3364,0.00066375732421875,0.226,22.400000000000002
3365,0.001909017562866211,0.218,22.400000000000002
3366,0.002538442611694336,0.19399999999999998,22.400000000000002
3367,0.002183198928833008,0.16399999999999998,22.8
3368,0.0006396770477294922,0.157,23.200000000000003
3369,0.002541065216064453,0.157,23.6
3370,0.0005934238433837891,0.157,24.0
3371,0.0021033287048339844,0.159,24.8
3372,0.0022208690643310547,0.18100000000000002,25.6
3373,0.002357006072998047,0.21600000000000003,26.400000000000002
3374,0.002454519271850586,0.228,27.200000000000003
3375,0.001786947250366211,0.228,28.0
3376,0.001729726791381836,0.222,28.8
3377,0.0005970001220703125,0.192,29.6
3378,0.0018067359924316406,0.153,30.400000000000002
3379,0.0004901885986328125,0.134,31.6
3380,0.0023779869079589844,0.131,32.4
3381,0.001986265182495117,0.131,33.6
3382,0.0012862682342529297,0.131,34.800000000000004
3383,0.0015401840209960938,0.151,36.0
3384,0.0005998611450195312,0.183,36.800000000000004
3385,0.00220489501953125,0.188,38.0
3386,0.0006372928619384766,0.188,38.800000000000004
3387,0.00244903564453125,0.175,39.6
3388,0.002649068832397461,0.153,40.400000000000006
3389,0.0005834102630615234,0.125,41.2
3390,0.0025942325592041016,0.114,41.6
3391,0.0006687641143798828,0.114,42.0
3392,0.0021097660064697266,0.114,42.400000000000006
3393,0.0006048679351806641,0.12300000000000001,42.800000000000004
3394,0.0016090869903564453,0.142,43.2
3395,0.0006895065307617188,0.168,43.2
3396,0.0022459030151367188,0.175,43.2
3397,0.0006301403045654297,0.175,42.800000000000004
3398,0.0018529891967773438,0.175,42.400000000000006
3399,0.0006203651428222656,0.162,42.0
3400,0.0016524791717529297,0.14400000000000002,41.2
3401,0.0005948543548583984,0.127,40.800000000000004
3402,0.001596212387084961,0.127,40.0
3403,0.0005538463592529297,0.127,38.800000000000004
3404,0.0018796920776367188,0.127,38.0
3405,0.0006580352783203125,0.153,37.2
3406,0.002629995346069336,0.18100000000000002,36.0
3407,0.002037525177001953,0.188,34.800000000000004
3408,0.0005917549133300781,0.188,33.6
3409,0.0020623207092285156,0.18100000000000002,32.4
3410,0.0006122589111328125,0.159,30.8
3411,0.0019659996032714844,0.136,29.6
3412,0.0006132125854492188,0.11199999999999999,28.0
3413,0.0016510486602783203,0.11199999999999999,26.8
3414,0.0005750656127929688,0.11199999999999999,25.200000000000003
3415,0.001649618148803711,0.11199999999999999,24.0
3416,0.0024569034576416016,0.129,22.8
3417,0.0005700588226318359,0.142,21.6
3418,0.0016329288482666016,0.149,20.400000000000002
3419,0.002265453338623047,0.149,19.200000000000003
3420,0.0006113052368164062,0.14400000000000002,18.0
3421,0.0025815963745117188,0.125,16.8
3422,0.0006191730499267578,0.11,15.600000000000001
3423,0.002475261688232422,0.11,14.4
3424,0.0022139549255371094,0.11,13.600000000000001
3425,0.0005958080291748047,0.11,12.4
3426,0.0018091201782226562,0.121,11.600000000000001
3427,0.0024297237396240234,0.134,10.8
3428,0.0006721019744873047,0.136,10.0
3429,0.002425670623779297,0.136,9.600000000000001
3430,0.0006067752838134766,0.136,8.8
3431,0.0018298625946044922,0.136,8.4
3432,0.0020253658294677734,0.136,8.0
3433,0.0024182796478271484,0.136,7.6000000000000005
3434,0.0021848678588867188,0.136,7.2
3435,0.0005936622619628906,0.136,7.2
3436,0.0018086433410644531,0.153,7.2
3437,0.0005502700805664062,0.17,7.2
3438,0.0020008087158203125,0.175,7.6000000000000005
3439,0.0005333423614501953,0.175,8.0
3440,0.0021157264709472656,0.175,8.4
3441,0.0007288455963134766,0.153,9.200000000000001
3442,0.002390623092651367,0.134,10.0
3443,0.0006735324859619141,0.134,10.8
3444,0.002718687057495117,0.134,12.0
3445,0.0006787776947021484,0.138,12.8
3446,0.002173185348510742,0.149,14.0
3447,0.0006649494171142578,0.157,15.600000000000001
3448,0.0023984909057617188,0.157,16.8
3449,0.0008180141448974609,0.157,18.400000000000002
3450,0.0020558834075927734,0.157,19.6
3451,0.0006034374237060547,0.149,21.200000000000003
3452,0.002224445343017578,0.129,22.8
3453,0.0008008480072021484,0.127,24.400000000000002
3454,0.0019273757934570312,0.127,26.0
3455,0.0019273757934570312,0.127,26.0
3456,0.0017936229705810547,0.153,27.200000000000003
3457,0.0023527145385742188,0.179,28.8
3458,0.0006163120269775391,0.196,30.400000000000002
3459,0.0019054412841796875,0.196,31.6
3460,0.0005786418914794922,0.192,33.2
3461,0.0014224052429199219,0.18100000000000002,34.4
3462,0.0005991458892822266,0.16399999999999998,35.6
3463,0.0018737316131591797,0.153,36.4
3464,0.002629995346069336,0.151,37.6
3465,0.0006151199340820312,0.151,38.400000000000006
3466,0.0025818347930908203,0.168,39.2
3467,0.002768278121948242,0.185,40.0
3468,0.0006053447723388672,0.19399999999999998,40.800000000000004
3469,0.002348661422729492,0.19399999999999998,41.6
3470,0.0005908012390136719,0.192,42.0
3471,0.0022623538970947266,0.177,42.800000000000004
3472,0.0005676746368408203,0.159,43.2
3473,0.002532958984375,0.136,43.6
3474,0.0026404857635498047,0.136,43.6
3475,0.0005676746368408203,0.136,44.0
3476,0.001825571060180664,0.157,44.0
3477,0.002035856246948242,0.179,44.400000000000006
3478,0.002657175064086914,0.192,44.400000000000006
3479,0.0006101131439208984,0.192,44.0
3480,0.0018699169158935547,0.192,44.0
3481,0.0005574226379394531,0.175,43.6
3482,0.0019221305847167969,0.157,43.2
3483,0.002191781997680664,0.147,42.400000000000006
3484,0.002397298812866211,0.14400000000000002,42.0
3485,0.0016906261444091797,0.14400000000000002,41.2
3486,0.0006029605865478516,0.166,40.800000000000004
3487,0.0022280216217041016,0.183,40.0
3488,0.0005881786346435547,0.188,39.2
3489,0.0021505355834960938,0.188,38.400000000000006
3490,0.0006852149963378906,0.188,37.2
3491,0.0021347999572753906,0.18100000000000002,36.4
3492,0.0007274150848388672,0.177,35.2
3493,0.0020732879638671875,0.17,34.4
3494,0.0007638931274414062,0.168,33.2
3495,0.0022585391998291016,0.168,32.4
3496,0.0006289482116699219,0.168,31.200000000000003
3497,0.0018916130065917969,0.168,30.400000000000002
3498,0.0006058216094970703,0.168,29.200000000000003
3499,0.0019445419311523438,0.162,28.400000000000002
3500,0.0005698204040527344,0.151,27.6
3501,0.0016214847564697266,0.136,26.8
3502,0.0005478858947753906,0.125,26.0
3503,0.0018453598022460938,0.121,25.200000000000003
3504,0.000701904296875,0.121,24.400000000000002
3505,0.002568960189819336,0.127,23.6
3506,0.0006191730499267578,0.138,23.200000000000003
3507,0.00201416015625,0.153,22.400000000000002
3508,0.0005660057067871094,0.155,21.6
3509,0.0021746158599853516,0.149,20.8
3510,0.0017576217651367188,0.14,20.400000000000002
3511,0.0023598670959472656,0.138,19.6
3512,0.0005917549133300781,0.131,18.8
3513,0.0021305084228515625,0.121,18.400000000000002
3514,0.0019233226776123047,0.121,18.0
3515,0.0006206035614013672,0.121,17.2
3516,0.002443552017211914,0.121,16.8
3517,0.002658367156982422,0.121,16.400000000000002
3518,0.0020875930786132812,0.121,16.0
3519,0.0005843639373779297,0.11900000000000001,15.600000000000001
3520,0.0018374919891357422,0.11199999999999999,15.200000000000001
3521,0.0023963451385498047,0.099,15.200000000000001
3522,0.0006053447723388672,0.09699999999999999,14.8
3523,0.001861572265625,0.095,14.4
3524,0.001961231231689453,0.099,14.4
3525,0.0005664825439453125,0.10300000000000001,14.4
3526,0.002179861068725586,0.11199999999999999,14.0
3527,0.002232789993286133,0.114,14.0
3528,0.00212860107421875,0.11599999999999999,14.0
3529,0.001995563507080078,0.11599999999999999,13.600000000000001
3530,0.001897573471069336,0.11199999999999999,13.600000000000001
3531,0.0025959014892578125,0.10800000000000001,13.600000000000001
3532,0.0007655620574951172,0.10800000000000001,13.600000000000001
3533,0.0008673667907714844,0.10800000000000001,13.200000000000001
3534,0.0009417533874511719,0.10800000000000001,13.200000000000001
3535,0.001027822494506836,0.10800000000000001,13.200000000000001
3536,0.0006444454193115234,0.11,13.200000000000001
3537,0.0021262168884277344,0.11199999999999999,13.600000000000001
3538,0.0007424354553222656,0.11,13.600000000000001
3539,0.0015964508056640625,0.10800000000000001,13.600000000000001
3540,0.0007102489471435547,0.10800000000000001,13.600000000000001
3541,0.002504110336303711,0.10800000000000001,14.0
3542,0.0007910728454589844,0.10800000000000001,14.0
3543,0.002069711685180664,0.10800000000000001,14.0
3544,0.0008387565612792969,0.10800000000000001,14.4
3545,0.0019237995147705078,0.10800000000000001,14.4
3546,0.0007154941558837891,0.11,14.8
3547,0.001920461654663086,0.11199999999999999,14.8
3548,0.0006244182586669922,0.14,15.200000000000001
3549,0.0018198490142822266,0.162,15.200000000000001
3550,0.0005884170532226562,0.172,15.600000000000001
3551,0.0021028518676757812,0.175,15.600000000000001
3552,0.0006046295166015625,0.175,16.0
3553,0.0020155906677246094,0.175,16.0
3554,0.0006093978881835938,0.175,16.400000000000002
3555,0.0023479461669921875,0.175,16.8
3556,0.0005824565887451172,0.175,17.2
3557,0.0020287036895751953,0.175,17.6
3558,0.0005674362182617188,0.175,18.0
3559,0.002088308334350586,0.175,18.8
3560,0.0005676746368408203,0.175,19.6
3561,0.002212047576904297,0.16399999999999998,20.400000000000002
3562,0.000583648681640625,0.149,21.200000000000003
3563,0.002055644989013672,0.125,22.0
3564,0.0008320808410644531,0.11599999999999999,23.200000000000003
3565,0.002686023712158203,0.11599999999999999,24.400000000000002
3566,0.0007729530334472656,0.11599999999999999,25.200000000000003
3567,0.0022652149200439453,0.11599999999999999,26.400000000000002
3568,0.0006234645843505859,0.11599999999999999,27.6
3569,0.0023956298828125,0.11599999999999999,28.8
3570,0.0005824565887451172,0.11599999999999999,29.6
3571,0.002171754837036133,0.11599999999999999,30.8
3572,0.0005967617034912109,0.125,31.6
3573,0.0021011829376220703,0.14400000000000002,32.4
3574,0.0005853176116943359,0.175,32.800000000000004
3575,0.0023789405822753906,0.183,33.2
3576,0.0023355484008789062,0.183,33.6
3577,0.0021986961364746094,0.183,34.0
3578,0.0025382041931152344,0.183,34.4
3579,0.000640869140625,0.183,34.4
3580,0.0014519691467285156,0.172,34.4
3581,0.0026912689208984375,0.155,34.4
3582,0.0006401538848876953,0.136,34.4
3583,0.0026085376739501953,0.127,34.4
3584,0.0025887489318847656,0.127,34.4
3585,0.0019228458404541016,0.127,34.4
3586,0.0005881786346435547,0.127,34.4
3587,0.0019283294677734375,0.127,34.0
3588,0.00061798095703125,0.157,34.0
3589,0.0020012855529785156,0.205,33.6
3590,0.0005671977996826172,0.233,33.2
3591,0.002420186996459961,0.235,32.800000000000004
3592,0.0007760524749755859,0.233,32.4
3593,0.002572298049926758,0.222,31.6
3594,0.0007207393646240234,0.188,31.200000000000003
3595,0.0022039413452148438,0.155,30.400000000000002
3596,0.0006058216094970703,0.147,30.0
3597,0.0024330615997314453,0.147,29.6
3598,0.0006163120269775391,0.147,29.200000000000003
3599,0.002208232879638672,0.157,28.8
3600,0.0007622241973876953,0.19399999999999998,28.8
3601,0.0018966197967529297,0.21600000000000003,28.400000000000002
3602,0.0018966197967529297,0.21600000000000003,28.400000000000002
3603,0.0025267601013183594,0.21600000000000003,28.400000000000002
3604,0.000652313232421875,0.213,28.0
3605,0.0022869110107421875,0.196,28.0
3606,0.000637054443359375,0.175,27.6
3607,0.002428293228149414,0.16399999999999998,27.6
3608,0.0006320476531982422,0.16399999999999998,27.6
3609,0.0021102428436279297,0.166,27.6
3610,0.000560760498046875,0.19,28.0
3611,0.0020372867584228516,0.2,28.0
3612,0.0005900859832763672,0.205,28.400000000000002
3613,0.0017881393432617188,0.205,28.8
3614,0.0005946159362792969,0.205,29.200000000000003
3615,0.00249481201171875,0.198,29.6
3616,0.0005817413330078125,0.198,30.0
3617,0.0026311874389648438,0.198,30.400000000000002
3618,0.0027875900268554688,0.198,30.8
3619,0.0005664825439453125,0.203,31.6
3620,0.002233743667602539,0.21100000000000002,32.4
3621,0.0005652904510498047,0.218,33.2
3622,0.0016214847564697266,0.21600000000000003,34.0
3623,0.0022552013397216797,0.205,34.800000000000004
3624,0.0006556510925292969,0.185,35.6
3625,0.0018105506896972656,0.177,36.4
3626,0.0005588531494140625,0.175,37.2
3627,0.00159454345703125,0.175,38.400000000000006
3628,0.0005445480346679688,0.175,39.2
3629,0.0026166439056396484,0.18100000000000002,40.400000000000006
3630,0.0005764961242675781,0.192,41.2
3631,0.002307891845703125,0.213,42.400000000000006
3632,0.0005633831024169922,0.22,43.2
3633,0.0017962455749511719,0.22,44.0
3634,0.002282381057739258,0.218,44.800000000000004
3635,0.0023148059844970703,0.198,45.6
3636,0.002875804901123047,0.172,46.0
3637,0.0005993843078613281,0.166,46.800000000000004
3638,0.00226593017578125,0.166,47.6
3639,0.0005815029144287109,0.166,48.0
3640,0.0019426345825195312,0.185,48.400000000000006
3641,0.0021657943725585938,0.228,49.2
3642,0.0006439685821533203,0.239,49.6
3643,0.002532958984375,0.239,49.6
3644,0.0006616115570068359,0.22399999999999998,50.0
3645,0.002112150192260742,0.213,50.0
3646,0.0006079673767089844,0.198,50.0
3647,0.0022687911987304688,0.196,50.400000000000006
3648,0.0005741119384765625,0.196,50.400000000000006
3649,0.002409219741821289,0.196,50.400000000000006
3650,0.0018765926361083984,0.196,50.0
3651,0.002360105514526367,0.196,50.0
3652,0.0021555423736572266,0.203,50.0
3653,0.0022301673889160156,0.205,50.0
3654,0.0006895065307617188,0.205,49.6
3655,0.002068042755126953,0.198,49.6
3656,0.0006430149078369141,0.19,49.2
3657,0.0021085739135742188,0.185,48.800000000000004
3658,0.0005645751953125,0.183,48.400000000000006
3659,0.0015728473663330078,0.183,48.400000000000006
3660,0.0017049312591552734,0.183,47.6
3661,0.0025205612182617188,0.183,47.2
3662,0.001779794692993164,0.183,46.800000000000004
3663,0.0005671977996826172,0.179,46.400000000000006
3664,0.0018460750579833984,0.179,45.6
3665,0.0007691383361816406,0.179,45.2
3666,0.0022513866424560547,0.179,44.400000000000006
3667,0.0006456375122070312,0.179,43.6
3668,0.0019009113311767578,0.19399999999999998,42.800000000000004
3669,0.002628326416015625,0.207,42.0
3670,0.002454519271850586,0.209,41.2
3671,0.0017359256744384766,0.209,40.0
3672,0.0006222724914550781,0.209,39.2
3673,0.002020597457885742,0.192,38.400000000000006
3674,0.0019850730895996094,0.159,37.2
3675,0.0005960464477539062,0.149,36.4
3676,0.002032041549682617,0.149,35.6
3677,0.0005998611450195312,0.149,34.800000000000004
3678,0.0018229484558105469,0.151,34.0
3679,0.0018284320831298828,0.168,33.2
3680,0.002235889434814453,0.175,32.4
3681,0.0005652904510498047,0.177,31.6
3682,0.0021104812622070312,0.177,30.8
3683,0.0005712509155273438,0.177,30.0
3684,0.002289295196533203,0.177,29.200000000000003
3685,0.0006113052368164062,0.168,28.400000000000002
3686,0.00171661376953125,0.162,27.6
3687,0.0019025802612304688,0.162,26.8
3688,0.0022459030151367188,0.162,26.0
3689,0.0006418228149414062,0.16399999999999998,25.200000000000003
3690,0.002216339111328125,0.185,24.400000000000002
3691,0.0006043910980224609,0.207,24.0
3692,0.002414226531982422,0.21100000000000002,23.6
3693,0.0007102489471435547,0.21100000000000002,22.8
3694,0.002294301986694336,0.207,22.400000000000002
3695,0.0007202625274658203,0.196,22.0
3696,0.0019321441650390625,0.172,22.0
3697,0.0006551742553710938,0.155,21.6
3698,0.002439737319946289,0.151,21.6
3699,0.00060272216796875,0.151,21.6
3700,0.0020575523376464844,0.151,22.0
3701,0.0005972385406494141,0.151,22.400000000000002
3702,0.0016338825225830078,0.159,22.8
3703,0.0005533695220947266,0.172,23.200000000000003
3704,0.0016405582427978516,0.183,23.6
3705,0.0006089210510253906,0.185,24.400000000000002
3706,0.0025708675384521484,0.185,24.8
3707,0.0006334781646728516,0.185,25.200000000000003
3708,0.0022139549255371094,0.185,26.0
3709,0.0006222724914550781,0.185,26.400000000000002
3710,0.0021708011627197266,0.18100000000000002,27.200000000000003
3711,0.0005538463592529297,0.177,28.0
3712,0.0022246837615966797,0.177,28.8
3713,0.0006127357482910156,0.175,29.6
3714,0.002572774887084961,0.175,30.400000000000002
3715,0.0025446414947509766,0.18100000000000002,31.200000000000003
3716,0.0005979537963867188,0.203,32.0
3717,0.0018453598022460938,0.209,32.800000000000004
3718,0.002355813980102539,0.209,33.6
3719,0.0022695064544677734,0.209,34.4
3720,0.0018596649169921875,0.209,35.2
3721,0.0020198822021484375,0.209,36.0
3722,0.0023717880249023438,0.209,37.2
3723,0.0005993843078613281,0.209,38.0
3724,0.0020809173583984375,0.19,38.800000000000004
3725,0.0005998611450195312,0.179,39.6
3726,0.0018115043640136719,0.177,40.400000000000006
3727,0.0005922317504882812,0.177,41.6
3728,0.0018444061279296875,0.177,42.400000000000006
3729,0.0027093887329101562,0.19399999999999998,43.2
3730,0.0025064945220947266,0.233,44.400000000000006
3731,0.0019414424896240234,0.244,45.2
3732,0.0006289482116699219,0.244,46.0
3733,0.001790761947631836,0.24100000000000002,46.800000000000004
3734,0.0005843639373779297,0.213,47.2
3735,0.0018711090087890625,0.18100000000000002,48.0
3736,0.002070188522338867,0.172,48.400000000000006
3737,0.0005428791046142578,0.172,49.2
3738,0.001592874526977539,0.172,50.0
3739,0.0023567676544189453,0.172,50.400000000000006
3740,0.0006051063537597656,0.172,51.2
3741,0.0021393299102783203,0.172,51.6
3742,0.0006501674652099609,0.188,52.0
3743,0.0023050308227539062,0.218,52.400000000000006
3744,0.002276182174682617,0.22399999999999998,52.400000000000006
3745,0.0007016658782958984,0.228,52.800000000000004
3746,0.002025127410888672,0.228,52.400000000000006
3747,0.0008327960968017578,0.22,52.400000000000006
3748,0.00193023681640625,0.196,52.400000000000006
3749,0.00193023681640625,0.175,52.400000000000006
3750,0.0018928050994873047,0.16399999999999998,52.0
3751,0.0006144046783447266,0.162,51.6
3752,0.0019330978393554688,0.162,51.6
3753,0.0005583763122558594,0.17,51.2
3754,0.0016696453094482422,0.209,50.800000000000004
3755,0.0019352436065673828,0.218,50.400000000000006
3756,0.0005581378936767578,0.22,50.0
3757,0.001627206802368164,0.22,49.2
3758,0.00058746337890625,0.22,48.800000000000004
3759,0.0017156600952148438,0.209,48.0
3760,0.0006136894226074219,0.2,47.2
3761,0.0020706653594970703,0.198,46.400000000000006
3762,0.0005819797515869141,0.198,45.6
3763,0.001939535140991211,0.248,45.2
3764,0.0005593299865722656,0.25,44.400000000000006
3765,0.002569913864135742,0.25,43.6
3766,0.0019876956939697266,0.25,42.800000000000004
3767,0.0005784034729003906,0.25,42.0
3768,0.001613616943359375,0.25,41.6
3769,0.0006356239318847656,0.22,40.800000000000004
3770,0.0015749931335449219,0.21600000000000003,40.400000000000006
3771,0.0005631446838378906,0.21600000000000003,40.0
3772,0.0015642642974853516,0.239,39.6
3773,0.0005583763122558594,0.25,39.2
3774,0.0025336742401123047,0.25,39.2
3775,0.0017917156219482422,0.25,39.2
3776,0.0006380081176757812,0.25,39.2
3777,0.0017778873443603516,0.25,39.2
3778,0.0018296241760253906,0.25,39.2
3779,0.00240325927734375,0.25,39.6
3780,0.0022089481353759766,0.25,40.0
3781,0.002493619918823242,0.25,40.400000000000006
3782,0.0005805492401123047,0.25,41.2
3783,0.0017170906066894531,0.25,41.6
3784,0.0005719661712646484,0.25,42.400000000000006
3785,0.0018308162689208984,0.25,43.2
3786,0.0006482601165771484,0.25,44.400000000000006
3787,0.0021462440490722656,0.25,45.2
3788,0.0006091594696044922,0.25,46.400000000000006
3789,0.001628875732421875,0.25,47.6
3790,0.0005655288696289062,0.25,48.800000000000004
3791,0.0018634796142578125,0.25,50.400000000000006
3792,0.0004668235778808594,0.25,51.6
3793,0.0006203651428222656,0.25,53.2
3794,0.0027265548706054688,0.25,54.400000000000006
3795,0.0007009506225585938,0.25,56.0
3796,0.0018360614776611328,0.228,57.2
3797,0.002260446548461914,0.2,58.800000000000004
3798,0.0005974769592285156,0.19399999999999998,60.400000000000006
3799,0.002054452896118164,0.19399999999999998,62.0
3800,0.0006084442138671875,0.19399999999999998,63.2
3801,0.0020830631256103516,0.19399999999999998,64.8
3802,0.0005676746368408203,0.19399999999999998,66.0
3803,0.0020618438720703125,0.19399999999999998,67.60000000000001
3804,0.0020558834075927734,0.19399999999999998,68.8
3805,0.0006008148193359375,0.19399999999999998,69.60000000000001
3806,0.002113819122314453,0.19399999999999998,70.8
3807,0.001956939697265625,0.19399999999999998,71.60000000000001
3808,0.0006570816040039062,0.19,72.0
3809,0.0009474754333496094,0.19,72.4
3810,0.0021970272064208984,0.19,72.8
3811,0.0006253719329833984,0.19,73.2
3812,0.0028069019317626953,0.19,73.2
3813,0.0005857944488525391,0.188,73.2
3814,0.0017271041870117188,0.188,72.8
3815,0.0003116130828857422,0.188,72.4
3816,0.0027005672454833984,0.19,72.0
3817,0.0030372142791748047,0.203,71.2
3818,0.000820159912109375,0.235,70.4
3819,0.002756834030151367,0.25,69.2
3820,0.000705718994140625,0.25,68.0
3821,0.0022430419921875,0.25,66.8
3822,0.0006127357482910156,0.25,65.60000000000001
3823,0.0019998550415039062,0.25,64.0
3824,0.0006256103515625,0.25,62.400000000000006
3825,0.0019207000732421875,0.25,60.800000000000004
3826,0.002428770065307617,0.25,59.2
3827,0.002286672592163086,0.25,58.0
3828,0.002466440200805664,0.25,56.400000000000006
3829,0.001976490020751953,0.25,54.800000000000004
3830,0.0006444454193115234,0.25,53.2
3831,0.0019435882568359375,0.25,52.0
3832,0.0005784034729003906,0.25,50.400000000000006
3833,0.002010345458984375,0.25,49.2
3834,0.0018186569213867188,0.25,48.0
3835,0.0006358623504638672,0.25,46.800000000000004
3836,0.0026254653930664062,0.239,45.6
3837,0.0006070137023925781,0.226,44.800000000000004
3838,0.002269744873046875,0.21100000000000002,44.0
3839,0.0021593570709228516,0.21100000000000002,43.2
3840,0.0024957656860351562,0.21100000000000002,42.400000000000006
3841,0.0020029544830322266,0.207,42.0
3842,0.002300262451171875,0.198,41.2
3843,0.0007164478302001953,0.188,40.800000000000004
3844,0.002816438674926758,0.188,40.800000000000004
3845,0.0007166862487792969,0.188,40.400000000000006
3846,0.002698183059692383,0.183,40.0
3847,0.002846956253051758,0.177,39.6
3848,0.0005967617034912109,0.168,39.6
3849,0.0023193359375,0.162,39.2
3850,0.0018191337585449219,0.162,39.2
3851,0.0005998611450195312,0.162,38.800000000000004
3852,0.0025718212127685547,0.157,38.400000000000006
3853,0.0006086826324462891,0.153,38.400000000000006
3854,0.002179861068725586,0.153,38.0
3855,0.0005846023559570312,0.153,37.6
3856,0.0019800662994384766,0.153,37.2
3857,0.0005686283111572266,0.153,36.800000000000004
3858,0.001672983169555664,0.153,36.0
3859,0.0005764961242675781,0.153,35.6
3860,0.00139617919921875,0.153,34.800000000000004
3861,0.0005645751953125,0.153,34.0
3862,0.0026628971099853516,0.168,33.2
3863,0.0020525455474853516,0.207,32.4
3864,0.0018498897552490234,0.25,31.6
3865,0.001840829849243164,0.25,30.8
3866,0.002260446548461914,0.25,30.0
3867,0.002058744430541992,0.25,28.8
3868,0.0024476051330566406,0.22,28.0
3869,0.0020918846130371094,0.19,27.200000000000003
3870,0.0019118785858154297,0.177,26.400000000000002
3871,0.002195596694946289,0.172,26.0
3872,0.0006115436553955078,0.172,25.6
3873,0.002093791961669922,0.172,25.200000000000003
3874,0.002228975296020508,0.172,25.200000000000003
3875,0.0026412010192871094,0.168,25.200000000000003
3876,0.0017473697662353516,0.166,25.200000000000003
3877,0.001840829849243164,0.159,25.200000000000003
3878,0.0006382465362548828,0.149,25.6
3879,0.002312183380126953,0.136,25.6
3880,0.0005831718444824219,0.127,26.0
3881,0.002588033676147461,0.125,26.400000000000002
3882,0.002474546432495117,0.12300000000000001,26.8
3883,0.002476930618286133,0.12300000000000001,27.200000000000003
3884,0.002792835235595703,0.121,27.200000000000003
3885,0.0010786056518554688,0.11900000000000001,27.6
3886,0.0024611949920654297,0.11900000000000001,28.0
3887,0.0022547245025634766,0.11900000000000001,28.0
3888,0.00269317626953125,0.129,28.400000000000002
3889,0.0024089813232421875,0.153,28.400000000000002
3890,0.0025205612182617188,0.166,28.400000000000002
3891,0.002529621124267578,0.166,28.400000000000002
3892,0.0023152828216552734,0.151,28.0
3893,0.0007407665252685547,0.127,28.0
3894,0.0024759769439697266,0.11900000000000001,27.6
3895,0.0007224082946777344,0.11900000000000001,27.200000000000003
3896,0.0024843215942382812,0.11900000000000001,27.200000000000003
3897,0.0007693767547607422,0.134,26.8
3898,0.0021746158599853516,0.149,26.400000000000002
3899,0.002533435821533203,0.153,26.0
3900,0.002533435821533203,0.153,26.0
3901,0.0025887489318847656,0.153,25.6
3902,0.0006239414215087891,0.147,25.200000000000003
3903,0.002132892608642578,0.131,24.400000000000002
3904,0.0006322860717773438,0.125,24.0
3905,0.0023801326751708984,0.125,23.6
3906,0.0005574226379394531,0.125,22.8
3907,0.0019643306732177734,0.127,22.400000000000002
3908,0.0005705356597900391,0.136,21.6
3909,0.001859426498413086,0.136,21.200000000000003
3910,0.002576112747192383,0.136,20.400000000000002
3911,0.0005726814270019531,0.12300000000000001,20.0
3912,0.002051115036010742,0.11599999999999999,19.6
3913,0.002073049545288086,0.11599999999999999,18.8
3914,0.0006463527679443359,0.12300000000000001,18.400000000000002
3915,0.0022165775299072266,0.142,17.6
3916,0.0005664825439453125,0.192,17.2
3917,0.001628875732421875,0.198,16.8
3918,0.0020766258239746094,0.198,16.400000000000002
3919,0.0021686553955078125,0.198,15.600000000000001
3920,0.002019166946411133,0.185,15.200000000000001
3921,0.0005300045013427734,0.17,14.8
3922,0.0018963813781738281,0.16399999999999998,14.4
3923,0.0025787353515625,0.162,14.4
3924,0.0005617141723632812,0.157,14.4
3925,0.0027549266815185547,0.153,14.4
3926,0.0005285739898681641,0.153,14.8
3927,0.002087831497192383,0.153,14.8
3928,0.002298593521118164,0.153,15.200000000000001
3929,0.0005774497985839844,0.153,16.0
3930,0.002421140670776367,0.153,16.400000000000002
3931,0.0005555152893066406,0.153,17.2
3932,0.0022459030151367188,0.153,18.0
3933,0.0005636215209960938,0.14,18.8
3934,0.0024039745330810547,0.136,19.6
3935,0.001920938491821289,0.136,20.400000000000002
3936,0.002434253692626953,0.136,21.200000000000003
3937,0.0025835037231445312,0.155,22.0
3938,0.0017354488372802734,0.188,22.8
3939,0.0005838871002197266,0.2,24.0
3940,0.0016090869903564453,0.2,24.8
3941,0.0005755424499511719,0.2,25.6
3942,0.0024471282958984375,0.192,26.400000000000002
3943,0.002218008041381836,0.155,27.200000000000003
3944,0.0006668567657470703,0.142,28.400000000000002
3945,0.002759218215942383,0.142,29.200000000000003
3946,0.0006003379821777344,0.142,30.0
3947,0.0026941299438476562,0.142,31.200000000000003
3948,0.002625703811645508,0.14400000000000002,32.0
3949,0.002536296844482422,0.149,32.800000000000004
3950,0.0006167888641357422,0.151,33.6
3951,0.001905679702758789,0.151,34.4
3952,0.0005674362182617188,0.151,35.2
3953,0.0018923282623291016,0.149,36.0
3954,0.0005688667297363281,0.138,36.4
3955,0.0020682811737060547,0.134,37.2
3956,0.0006105899810791016,0.134,37.6
3957,0.002150297164916992,0.134,37.6
3958,0.0022974014282226562,0.134,38.0
3959,0.002462148666381836,0.166,38.0
3960,0.0005538463592529297,0.185,38.0
3961,0.002315998077392578,0.196,38.0
3962,0.0023927688598632812,0.196,38.0
3963,0.0005614757537841797,0.192,37.6
3964,0.0018393993377685547,0.179,37.2
3965,0.0005805492401123047,0.155,36.800000000000004
3966,0.0016374588012695312,0.14400000000000002,36.0
3967,0.0005328655242919922,0.14400000000000002,35.6
3968,0.002073526382446289,0.14400000000000002,35.2
3969,0.0007495880126953125,0.157,34.4
3970,0.001928567886352539,0.166,34.0
3971,0.0005745887756347656,0.166,33.2
3972,0.002170562744140625,0.168,32.4
3973,0.0019953250885009766,0.168,32.0
3974,0.0024275779724121094,0.157,31.200000000000003
3975,0.0005412101745605469,0.14,30.400000000000002
3976,0.0018634796142578125,0.14,29.6
3977,0.002879619598388672,0.14,28.8
3978,0.0019752979278564453,0.14,28.0
3979,0.0017595291137695312,0.14,27.200000000000003
3980,0.0005414485931396484,0.142,26.400000000000002
3981,0.002155303955078125,0.14400000000000002,25.6
3982,0.002929210662841797,0.14400000000000002,24.8
3983,0.0005934238433837891,0.142,24.0
3984,0.002207040786743164,0.14,22.8
3985,0.0005578994750976562,0.125,22.0
3986,0.0022013187408447266,0.10300000000000001,21.200000000000003
3987,0.0005540847778320312,0.084,20.400000000000002
3988,0.0020329952239990234,0.084,19.6
3989,0.001967906951904297,0.084,18.8
3990,0.0022499561309814453,0.095,18.0
3991,0.0023391246795654297,0.10099999999999999,17.2
3992,0.0022051334381103516,0.10300000000000001,16.400000000000002
3993,0.0024399757385253906,0.10300000000000001,15.600000000000001
3994,0.0007140636444091797,0.10300000000000001,14.8
3995,0.0021643638610839844,0.09699999999999999,14.0
3996,0.0006420612335205078,0.09699999999999999,13.200000000000001
3997,0.001996755599975586,0.09699999999999999,12.4
3998,0.0005841255187988281,0.09699999999999999,11.600000000000001
3999,0.00189971923828125,0.09699999999999999,10.8
4000,0.0005643367767333984,0.09699999999999999,10.0
4001,0.001598358154296875,0.09699999999999999,9.200000000000001
4002,0.0005638599395751953,0.09699999999999999,8.4
4003,0.0019588470458984375,0.09699999999999999,8.0
4004,0.0022292137145996094,0.09699999999999999,7.2
4005,0.0021409988403320312,0.09699999999999999,6.800000000000001
4006,0.0018203258514404297,0.10099999999999999,6.4
4007,0.0022535324096679688,0.10099999999999999,6.0
4008,0.0017709732055664062,0.11,5.6000000000000005
4009,0.00067138671875,0.11199999999999999,5.2
4010,0.0021669864654541016,0.11199999999999999,4.800000000000001
4011,0.0006606578826904297,0.11199999999999999,4.4
4012,0.0024843215942382812,0.11199999999999999,4.4
4013,0.0020415782928466797,0.11199999999999999,4.4
4014,0.0006048679351806641,0.11199999999999999,4.4
4015,0.0024251937866210938,0.11199999999999999,4.4
4016,0.0005891323089599609,0.127,4.800000000000001
4017,0.0018157958984375,0.147,4.800000000000001
4018,0.0006260871887207031,0.159,5.2
4019,0.0019195079803466797,0.162,5.6000000000000005
4020,0.0026056766510009766,0.162,6.0
4021,0.0005762577056884766,0.162,6.800000000000001
4022,0.002176523208618164,0.157,7.6000000000000005
4023,0.0019943714141845703,0.136,8.0
4024,0.002307415008544922,0.10800000000000001,9.200000000000001
4025,0.0005924701690673828,0.09699999999999999,10.0
4026,0.00220489501953125,0.09300000000000001,11.200000000000001
4027,0.002452850341796875,0.08800000000000001,12.4
4028,0.0005548000335693359,0.084,13.600000000000001
4029,0.002132892608642578,0.084,14.8
4030,0.0005886554718017578,0.08199999999999999,16.400000000000002
4031,0.001598358154296875,0.086,17.6
4032,0.002295255661010742,0.10099999999999999,18.8
4033,0.002034902572631836,0.106,20.0
4034,0.0018069744110107422,0.11199999999999999,21.200000000000003
4035,0.002056121826171875,0.12300000000000001,22.400000000000002
4036,0.0022847652435302734,0.129,23.6
4037,0.002215147018432617,0.131,24.400000000000002
4038,0.0006232261657714844,0.131,25.200000000000003
4039,0.001861572265625,0.131,26.0
4040,0.0005764961242675781,0.114,26.8
4041,0.0021126270294189453,0.10099999999999999,27.200000000000003
4042,0.0008831024169921875,0.10099999999999999,27.6
4043,0.0015954971313476562,0.10099999999999999,28.400000000000002
4044,0.0019528865814208984,0.10099999999999999,28.8
4045,0.0023081302642822266,0.136,28.8
4046,0.0023081302642822266,0.177,28.8
4047,0.002123117446899414,0.18100000000000002,29.200000000000003
4048,0.0006504058837890625,0.18100000000000002,29.200000000000003
4049,0.002411365509033203,0.177,29.200000000000003
4050,0.002729654312133789,0.157,29.200000000000003
4051,0.0006372928619384766,0.142,28.8
4052,0.002492189407348633,0.138,28.8
4053,0.0025482177734375,0.138,28.400000000000002
4054,0.0018165111541748047,0.138,28.0
4055,0.0006670951843261719,0.138,28.0
4056,0.0025398731231689453,0.14400000000000002,27.6
4057,0.0005688667297363281,0.147,27.200000000000003
4058,0.0021309852600097656,0.147,26.8
4059,0.0021457672119140625,0.147,26.400000000000002
4060,0.00060272216796875,0.142,26.0
4061,0.0026099681854248047,0.131,25.6
4062,0.002696514129638672,0.129,25.200000000000003
4063,0.0006039142608642578,0.12300000000000001,24.8
4064,0.002660036087036133,0.11900000000000001,24.400000000000002
4065,0.0005362033843994141,0.11900000000000001,24.0
4066,0.001188039779663086,0.131,23.6
4067,0.0006666183471679688,0.155,23.200000000000003
4068,0.002912759780883789,0.17,22.8
4069,0.0020072460174560547,0.175,22.0
4070,0.0025489330291748047,0.172,21.6
4071,0.002140045166015625,0.162,20.8
4072,0.0006823539733886719,0.151,20.400000000000002
4073,0.002043485641479492,0.14400000000000002,20.0
4074,0.0023124217987060547,0.136,19.200000000000003
4075,0.002386331558227539,0.136,18.8
4076,0.002852916717529297,0.138,18.400000000000002
4077,0.0022072792053222656,0.155,18.400000000000002
4078,0.002251863479614258,0.166,18.0
4079,0.0007140636444091797,0.172,17.6
4080,0.0022025108337402344,0.17,17.6
4081,0.0025625228881835938,0.162,17.6
4082,0.0006208419799804688,0.151,17.2
4083,0.0026297569274902344,0.134,17.2
4084,0.0022182464599609375,0.131,17.2
4085,0.002528667449951172,0.131,17.6
4086,0.0006177425384521484,0.131,17.6
4087,0.002794027328491211,0.138,18.0
4088,0.0026459693908691406,0.14400000000000002,18.400000000000002
4089,0.0021898746490478516,0.151,18.400000000000002
4090,0.002362966537475586,0.153,18.8
4091,0.002447366714477539,0.151,19.200000000000003
4092,0.0013337135314941406,0.14,19.6
4093,0.002362966537475586,0.138,20.0
4094,0.002118825912475586,0.136,20.400000000000002
4095,0.00074005126953125,0.134,20.8
4096,0.002193450927734375,0.134,21.200000000000003
4097,0.0006365776062011719,0.151,21.6
4098,0.0019481182098388672,0.175,22.400000000000002
4099,0.0006585121154785156,0.183,22.8
4100,0.0023832321166992188,0.183,23.200000000000003
4101,0.0020995140075683594,0.183,23.6
4102,0.0005698204040527344,0.175,24.0
4103,0.0026276111602783203,0.147,24.400000000000002
4104,0.0007700920104980469,0.11,24.8
4105,0.0021636486053466797,0.086,25.6
4106,0.0005893707275390625,0.086,26.0
4107,0.0020608901977539062,0.086,26.400000000000002
4108,0.0024139881134033203,0.091,27.200000000000003
4109,0.0027780532836914062,0.11199999999999999,27.6
4110,0.0019598007202148438,0.142,28.0
4111,0.00251007080078125,0.155,28.400000000000002
4112,0.003228902816772461,0.155,28.8
4113,0.0005764961242675781,0.153,28.8
4114,0.002229928970336914,0.14,28.8
4115,0.002595186233520508,0.131,28.8
4116,0.0005772113800048828,0.129,28.8
4117,0.0018715858459472656,0.129,28.400000000000002
4118,0.0026595592498779297,0.138,28.400000000000002
4119,0.002030611038208008,0.172,28.0
4120,0.002412080764770508,0.196,27.6
4121,0.0006213188171386719,0.2,27.6
4122,0.0021545886993408203,0.2,27.200000000000003
4123,0.002767801284790039,0.2,26.8
4124,0.0025115013122558594,0.183,26.0
4125,0.002056121826171875,0.157,25.6
4126,0.0028276443481445312,0.149,25.200000000000003
4127,0.000576019287109375,0.149,25.200000000000003
4128,0.002619504928588867,0.149,24.8
4129,0.0020666122436523438,0.153,24.8
4130,0.002507448196411133,0.155,24.400000000000002
4131,0.002036571502685547,0.157,24.400000000000002
4132,0.0018813610076904297,0.157,24.400000000000002
4133,0.00060272216796875,0.157,24.400000000000002
4134,0.0020105838775634766,0.157,24.400000000000002
4135,0.002429485321044922,0.157,24.400000000000002
4136,0.0005943775177001953,0.157,24.400000000000002
4137,0.0018186569213867188,0.155,24.400000000000002
4138,0.0026407241821289062,0.125,24.400000000000002
4139,0.002046346664428711,0.106,24.400000000000002
4140,0.0006084442138671875,0.09300000000000001,24.400000000000002
4141,0.0020406246185302734,0.08800000000000001,24.400000000000002
4142,0.0006124973297119141,0.071,24.8
4143,0.0019397735595703125,0.052000000000000005,24.8
4144,0.0021359920501708984,0.037000000000000005,24.8
4145,0.002814769744873047,0.024,24.8
4146,0.002175569534301758,0.019,24.8
4147,0.002291440963745117,0.019,24.400000000000002
4148,0.002602815628051758,0.015,24.400000000000002
4149,0.0022652149200439453,0.015,24.0
4150,0.0007665157318115234,0.015,23.200000000000003
4151,0.0023713111877441406,0.015,22.400000000000002
4152,0.0006761550903320312,0.015,21.6
4153,0.002251148223876953,0.015,20.8
4154,0.0005936622619628906,0.015,19.6
4155,0.001644134521484375,0.015,18.0
4156,0.0019116401672363281,0.015,16.400000000000002
4157,0.0023005008697509766,0.015,14.8
4158,0.002331256866455078,0.015,13.200000000000001
4159,0.0006561279296875,0.015,11.200000000000001
4160,0.001989126205444336,0.015,9.600000000000001
4161,0.0018362998962402344,0.015,7.2
4162,0.002450227737426758,0.015,5.2
4163,0.002026081085205078,0.015,3.2
4164,0.0024137496948242188,0.015,1.2000000000000002
4165,0.0020427703857421875,0.015,-1.2000000000000002
4166,0.0006101131439208984,0.015,-3.2
4167,0.0019071102142333984,0.015,-5.2
4168,0.0006299018859863281,0.015,-7.2
4169,0.002022266387939453,0.015,-9.200000000000001
4170,0.0023474693298339844,0.015,-11.200000000000001
4171,0.002353191375732422,0.015,-13.200000000000001
4172,0.0019063949584960938,0.015,-14.8
4173,0.002333402633666992,0.015,-16.400000000000002
4174,0.002573728561401367,0.015,-17.6
4175,0.0005958080291748047,0.015,-19.200000000000003
4176,0.0018510818481445312,0.015,-20.400000000000002
4177,0.0021538734436035156,0.015,-21.200000000000003
4178,0.0005877017974853516,0.015,-22.0
4179,0.0024471282958984375,0.009000000000000001,-22.8
4180,0.0006299018859863281,0.009000000000000001,-23.200000000000003
4181,0.0021674633026123047,0.009000000000000001,-23.6
4182,0.0029692649841308594,0.009000000000000001,-23.6
4183,0.0005726814270019531,0.009000000000000001,-23.200000000000003
4184,0.002154827117919922,0.009000000000000001,-23.200000000000003
4185,0.0025217533111572266,0.006,-22.8
4186,0.0023033618927001953,0.0,-22.0
4187,0.0006084442138671875,0.0,-21.200000000000003
4188,0.0020265579223632812,0.0,-20.0
4189,0.0016601085662841797,0.0,-19.200000000000003
4190,0.0005619525909423828,0.0,-17.6
4191,0.002906322479248047,0.0,-16.400000000000002
4192,0.002906322479248047,0.0,-16.400000000000002
4193,0.0032041072845458984,0.0,-14.8
4194,0.0007967948913574219,0.0,-13.200000000000001
4195,0.0022726058959960938,0.0,-11.200000000000001
4196,0.0006744861602783203,0.0,-9.600000000000001
4197,0.002033710479736328,0.0,-7.6000000000000005
4198,0.0024013519287109375,0.0,-5.6000000000000005
4199,0.0006015300750732422,0.0,-3.6
4200,0.00212860107421875,0.0,-1.6
4201,0.0028951168060302734,0.0,0.4
4202,0.002269268035888672,0.0,2.4000000000000004
4203,0.0025360584259033203,0.0,4.4
4204,0.0008568763732910156,0.0,6.4
4205,0.002153635025024414,0.0,8.4
4206,0.002333402633666992,0.0,10.4
4207,0.0006465911865234375,0.0,12.0
4208,0.002138376235961914,0.0,13.600000000000001
4209,0.0022461414337158203,0.0,15.200000000000001
4210,0.0006356239318847656,0.0,16.8
4211,0.0027272701263427734,0.0,18.0
4212,0.0006356239318847656,0.0,19.200000000000003
4213,0.0023674964904785156,0.0,20.0
4214,0.0005962848663330078,0.0,20.8
4215,0.001924753189086914,0.0,21.6
4216,0.0005664825439453125,0.0,22.0
4217,0.0022993087768554688,0.0,22.400000000000002
4218,0.0005650520324707031,0.0,22.400000000000002
4219,0.0019562244415283203,0.0,22.400000000000002
4220,0.002282381057739258,0.0,22.0
4221,0.0005502700805664062,0.0,21.6
4222,0.0025086402893066406,0.0,21.200000000000003
4223,0.0005383491516113281,0.0,20.400000000000002
4224,0.002045154571533203,0.0,19.6
4225,0.0005502700805664062,0.0,18.400000000000002
4226,0.0020189285278320312,0.0,17.2
4227,0.0005702972412109375,0.0,16.0
4228,0.0027501583099365234,0.0,14.4
4229,0.0025560855865478516,0.0,12.8
4230,0.0027773380279541016,0.0,11.200000000000001
4231,0.0019927024841308594,0.0,9.600000000000001
4232,0.0017175674438476562,0.0,7.6000000000000005
4233,0.0026085376739501953,0.0,5.6000000000000005
4234,0.001844644546508789,0.0,3.6
4235,0.002356290817260742,0.0,1.6
4236,0.0005981922149658203,0.0,0.0
4237,0.0022401809692382812,0.0,-2.0
4238,0.002406597137451172,0.0,-4.0
4239,0.002049684524536133,0.0,-6.0
4240,0.0023145675659179688,0.0,-8.0
4241,0.002708911895751953,0.0,-9.600000000000001
4242,0.0022897720336914062,0.0,-11.600000000000001
4243,0.002515077590942383,0.0,-13.200000000000001
4244,0.0007047653198242188,0.0,-14.4
4245,0.002149343490600586,0.0,-16.0
4246,0.0006463527679443359,0.0,-17.2
4247,0.0018911361694335938,0.0,-18.400000000000002
4248,0.0018870830535888672,0.0,-19.200000000000003
4249,0.002375364303588867,0.0,-20.0
4250,0.0006175041198730469,0.0,-20.8
4251,0.0020821094512939453,0.0,-21.200000000000003
4252,0.0005781650543212891,0.0,-21.6
4253,0.0025763511657714844,0.0,-21.6
4254,0.0005900859832763672,0.0,-21.6
4255,0.0020215511322021484,0.0,-21.6
4256,0.0022232532501220703,0.0,-21.200000000000003
4257,0.002174854278564453,0.0,-20.8
4258,0.002576589584350586,0.0,-20.0
4259,0.002543926239013672,0.0,-19.200000000000003
4260,0.0020220279693603516,0.0,-18.0
4261,0.0006337165832519531,0.0,-16.8
4262,0.0025582313537597656,0.0,-15.600000000000001
4263,0.0005962848663330078,0.0,-14.4
4264,0.002361774444580078,0.0,-12.8
4265,0.0005564689636230469,0.0,-11.200000000000001
4266,0.0016155242919921875,0.0,-9.600000000000001
4267,0.002016782760620117,0.0,-7.6000000000000005
4268,0.0018630027770996094,0.0,-6.0
4269,0.002778768539428711,0.0,-4.0
4270,0.0023763179779052734,0.0,-2.0
4271,0.0013811588287353516,0.0,0.0
4272,0.0006096363067626953,0.0,1.6
4273,0.0019872188568115234,0.0,3.6
4274,0.0006422996520996094,0.0,5.6000000000000005
4275,0.0026559829711914062,0.0,7.2
4276,0.0005924701690673828,0.0,9.200000000000001
4277,0.0021266937255859375,0.0,10.8
4278,0.0022203922271728516,0.0,12.4
4279,0.002446889877319336,0.0,13.600000000000001
4280,0.002211332321166992,0.0,15.200000000000001
4281,0.0025250911712646484,0.0,16.400000000000002
4282,0.0025260448455810547,0.0,17.6
4283,0.0025327205657958984,0.0,18.400000000000002
4284,0.0023114681243896484,0.0,19.200000000000003
4285,0.002923250198364258,0.0,20.0
4286,0.0005917549133300781,0.0,20.400000000000002
4287,0.003088235855102539,0.0,20.8
4288,0.002354860305786133,0.0,20.8
4289,0.0020036697387695312,0.0,20.8
4290,0.0016641616821289062,0.0,20.8
4291,0.0006287097930908203,0.0,20.400000000000002
4292,0.002256155014038086,0.0,20.0
4293,0.0018439292907714844,0.0,19.200000000000003
4294,0.0016379356384277344,0.0,18.400000000000002
4295,0.0017979145050048828,0.0,17.6
4296,0.0018553733825683594,0.0,16.400000000000002
4297,0.0023453235626220703,0.0,15.200000000000001
4298,0.0024878978729248047,0.0,14.0
4299,0.000812530517578125,0.0,12.4
4300,0.0020079612731933594,0.0,10.8
4301,0.0006737709045410156,0.0,9.200000000000001
4302,0.002483844757080078,0.0,7.6000000000000005
4303,0.0006020069122314453,0.0,6.0
4304,0.002018451690673828,0.0,4.0
4305,0.0006017684936523438,0.0,2.4000000000000004
4306,0.001634836196899414,0.0,0.4
4307,0.00060272216796875,0.0,-1.6
4308,0.0016772747039794922,0.0,-3.2
4309,0.0006084442138671875,0.0,-5.2
4310,0.0016863346099853516,0.0,-6.800000000000001
4311,0.0017697811126708984,0.0,-8.4
4312,0.0023076534271240234,0.0,-10.0
4313,0.002179384231567383,0.0,-11.600000000000001
4314,0.0005941390991210938,0.0,-13.200000000000001
4315,0.0025048255920410156,0.0,-14.4
4316,0.0005743503570556641,0.0,-15.600000000000001
4317,0.0020456314086914062,0.0,-16.8
4318,0.0005533695220947266,0.0,-17.6
4319,0.0019211769104003906,0.0,-18.400000000000002
4320,0.002111673355102539,0.0,-19.200000000000003
4321,0.0006017684936523438,0.0,-19.6
4322,0.002490520477294922,0.0,-20.0
4323,0.0025768280029296875,0.0,-20.400000000000002
4324,0.0020606517791748047,0.0,-20.400000000000002
4325,0.0025482177734375,0.0,-20.0
4326,0.0020170211791992188,0.0,-20.0
4327,0.0023665428161621094,0.0,-19.6
4328,0.0007364749908447266,0.0,-18.8
4329,0.002228975296020508,0.0,-18.0
4330,0.0006721019744873047,0.0,-17.2
4331,0.0018260478973388672,0.0,-16.0
4332,0.0007016658782958984,0.0,-14.8
4333,0.0018618106842041016,0.0,-13.600000000000001
4334,0.0026748180389404297,0.0,-12.4
4335,0.0024602413177490234,0.0,-10.8
4336,0.0008139610290527344,0.0,-9.200000000000001
4337,0.0022139549255371094,0.0,-7.6000000000000005
4338,0.001932382583618164,0.0,-6.0
4339,0.001932382583618164,0.0,-6.0
4340,0.002258777618408203,0.0,-4.4
4341,0.0006377696990966797,0.0,-2.4000000000000004
4342,0.0020105838775634766,0.0,-0.8
4343,0.001863718032836914,0.0,1.2000000000000002
4344,0.0024809837341308594,0.0,2.8000000000000003
4345,0.0007245540618896484,0.0,4.800000000000001
4346,0.002022266387939453,0.0,6.4
4347,0.002330780029296875,0.0,8.0
4348,0.0020265579223632812,0.0,9.600000000000001
4349,0.0006618499755859375,0.0,11.200000000000001
4350,0.0023224353790283203,0.0,12.4
4351,0.0006511211395263672,0.0,13.600000000000001
4352,0.0026509761810302734,0.0,14.8
4353,0.0006015300750732422,0.0,16.0
4354,0.002256631851196289,0.0,16.8
4355,0.00058746337890625,0.0,17.6
4356,0.002526998519897461,0.0,18.400000000000002
4357,0.0005519390106201172,0.0,18.8
4358,0.002241373062133789,0.0,19.200000000000003
4359,0.0005593299865722656,0.0,19.6
4360,0.0021674633026123047,0.0,19.6
4361,0.0005519390106201172,0.0,19.6
4362,0.0029578208923339844,0.0,19.200000000000003
4363,0.0005412101745605469,0.0,18.8
4364,0.002223491668701172,0.0,18.0
4365,0.0005660057067871094,0.0,17.6
4366,0.0026845932006835938,0.0,16.8
4367,0.0026388168334960938,0.0,15.600000000000001
4368,0.0030660629272460938,0.0,14.4
4369,0.0018553733825683594,0.0,13.200000000000001
4370,0.0005891323089599609,0.0,12.0
4371,0.001993894577026367,0.0,10.4
4372,0.0005764961242675781,0.0,9.200000000000001
4373,0.0024001598358154297,0.0,7.6000000000000005
4374,0.0005526542663574219,0.0,6.0
4375,0.0022826194763183594,0.0,4.0
4376,0.002429962158203125,0.0,2.4000000000000004
4377,0.0019605159759521484,0.0,0.8
4378,0.0023212432861328125,0.0,-0.8
4379,0.0005767345428466797,0.0,-2.8000000000000003
4380,0.0022122859954833984,0.0,-4.4
4381,0.0005276203155517578,0.0,-6.0
4382,0.001645803451538086,0.0,-7.6000000000000005
4383,0.0025119781494140625,0.0,-9.200000000000001
4384,0.002068758010864258,0.0,-10.8
4385,0.0005922317504882812,0.0,-12.0
4386,0.001920938491821289,0.0,-13.200000000000001
4387,0.0021927356719970703,0.0,-14.4
4388,0.0005967617034912109,0.0,-15.600000000000001
4389,0.002526521682739258,0.0,-16.400000000000002
4390,0.0021712779998779297,0.0,-17.2
4391,0.0005981922149658203,0.0,-18.0
4392,0.002004384994506836,0.0,-18.400000000000002
4393,0.0006148815155029297,0.0,-18.8
4394,0.0027523040771484375,0.0,-18.8
4395,0.0006663799285888672,0.0,-18.8
4396,0.0023088455200195312,0.0,-18.8
4397,0.0006785392761230469,0.0,-18.8
4398,0.001950979232788086,0.0,-18.400000000000002
4399,0.0005640983581542969,0.0,-17.6
4400,0.0026407241821289062,0.0,-17.2
4401,0.002639293670654297,0.0,-16.400000000000002
4402,0.0005733966827392578,0.0,-15.200000000000001
4403,0.0025937557220458984,0.004,-14.4
4404,0.0007843971252441406,0.011000000000000001,-13.200000000000001
4405,0.0022988319396972656,0.013000000000000001,-11.600000000000001
4406,0.0005815029144287109,0.017,-10.4
4407,0.0024814605712890625,0.019,-8.8
4408,0.0005743503570556641,0.019,-7.6000000000000005
4409,0.0022509098052978516,0.019,-6.0
4410,0.002664327621459961,0.019,-4.4
4411,0.0005867481231689453,0.019,-2.8000000000000003
4412,0.0024008750915527344,0.019,-0.8
4413,0.0005550384521484375,0.019,0.8
4414,0.002076864242553711,0.019,2.4000000000000004
4415,0.0005342960357666016,0.019,4.0
4416,0.0017006397247314453,0.024,5.6000000000000005
4417,0.0005669593811035156,0.03,7.2
4418,0.002001047134399414,0.043,8.8
4419,0.0026946067810058594,0.045,10.0
4420,0.0005397796630859375,0.045,11.200000000000001
4421,0.0019774436950683594,0.045,12.8
4422,0.002351522445678711,0.045,13.600000000000001
4423,0.0005757808685302734,0.045,14.8
4424,0.0020020008087158203,0.05,16.0
4425,0.002378225326538086,0.055999999999999994,16.8
4426,0.0025756359100341797,0.065,17.6
4427,0.0005521774291992188,0.067,18.0
4428,0.002107381820678711,0.071,18.400000000000002
4429,0.0022859573364257812,0.075,18.8
4430,0.0005979537963867188,0.078,19.200000000000003
4431,0.0020143985748291016,0.084,19.6
4432,0.0023305416107177734,0.08800000000000001,19.6
4433,0.0005803108215332031,0.095,19.6
4434,0.002183198928833008,0.10300000000000001,19.6
4435,0.0005393028259277344,0.10800000000000001,19.200000000000003
4436,0.0019524097442626953,0.11,18.8
4437,0.0024220943450927734,0.11,18.8
4438,0.0005567073822021484,0.11,18.400000000000002
4439,0.002199411392211914,0.11,18.0
4440,0.0020630359649658203,0.11,17.2
4441,0.0015783309936523438,0.11,16.8
4442,0.002268552780151367,0.11,16.400000000000002
4443,0.0014913082122802734,0.11,16.0
4444,0.002415180206298828,0.11,15.600000000000001
4445,0.0028662681579589844,0.11,14.8
4446,0.0018260478973388672,0.11,14.4
4447,0.002245187759399414,0.11,14.0
4448,0.0007104873657226562,0.11,13.600000000000001
4449,0.002180337905883789,0.11,13.200000000000001
4450,0.0006248950958251953,0.11,12.8
4451,0.0022335052490234375,0.11,12.4
4452,0.0005822181701660156,0.11,12.0
4453,0.0025148391723632812,0.11,12.0
4454,0.0008120536804199219,0.106,11.600000000000001
4455,0.0016796588897705078,0.106,11.600000000000001
4456,0.0006060600280761719,0.106,11.200000000000001
4457,0.002571582794189453,0.106,11.200000000000001
4458,0.0005617141723632812,0.106,11.200000000000001
4459,0.0021820068359375,0.10300000000000001,11.200000000000001
4460,0.0007197856903076172,0.10300000000000001,11.200000000000001
4461,0.002946138381958008,0.10099999999999999,11.200000000000001
4462,0.0006570816040039062,0.10099999999999999,11.200000000000001
4463,0.0026671886444091797,0.10099999999999999,11.200000000000001
4464,0.0006666183471679688,0.09699999999999999,11.600000000000001
4465,0.002247333526611328,0.091,11.600000000000001
4466,0.002629518508911133,0.08800000000000001,12.0
4467,0.0018050670623779297,0.08800000000000001,12.0
4468,0.0022039413452148438,0.08800000000000001,12.4
4469,0.002293825149536133,0.08800000000000001,12.8
4470,0.0024139881134033203,0.08800000000000001,12.8
4471,0.002462625503540039,0.08800000000000001,13.200000000000001
4472,0.0022025108337402344,0.09300000000000001,13.600000000000001
4473,0.002343893051147461,0.10099999999999999,13.600000000000001
4474,0.0007016658782958984,0.10300000000000001,14.0
4475,0.002245664596557617,0.10300000000000001,14.0
4476,0.0006289482116699219,0.10300000000000001,14.4
4477,0.002564668655395508,0.10300000000000001,14.4
4478,0.0022172927856445312,0.10300000000000001,14.8
4479,0.0022079944610595703,0.10300000000000001,14.8
4480,0.002055644989013672,0.10300000000000001,15.200000000000001
4481,0.002085447311401367,0.10300000000000001,15.200000000000001
4482,0.0023555755615234375,0.10800000000000001,15.600000000000001
4483,0.0021669864654541016,0.121,15.600000000000001
4484,0.00189971923828125,0.134,15.600000000000001
4485,0.002403736114501953,0.136,16.0
4486,0.002260923385620117,0.136,16.0
4487,0.0018315315246582031,0.138,16.0
4488,0.002341747283935547,0.14,16.400000000000002
4489,0.002290487289428711,0.14,16.400000000000002
4490,0.002299070358276367,0.14,16.400000000000002
4491,0.002299070358276367,0.14,16.400000000000002
4492,0.0024085044860839844,0.14,16.8
4493,0.0016231536865234375,0.14,16.8
4494,0.002598285675048828,0.14,17.2
4495,0.0007402896881103516,0.134,17.2
4496,0.0025072097778320312,0.129,17.6
4497,0.0006737709045410156,0.12300000000000001,18.0
4498,0.0026259422302246094,0.12300000000000001,18.400000000000002
4499,0.0006606578826904297,0.11900000000000001,19.200000000000003
4500,0.002382040023803711,0.11599999999999999,19.6
4501,0.0023348331451416016,0.114,20.0
4502,0.0021741390228271484,0.114,20.400000000000002
4503,0.0021789073944091797,0.11199999999999999,20.8
4504,0.0006287097930908203,0.11199999999999999,21.200000000000003
4505,0.0019893646240234375,0.11199999999999999,21.6
4506,0.0006277561187744141,0.11199999999999999,22.0
4507,0.0008654594421386719,0.11199999999999999,22.400000000000002
4508,0.000797271728515625,0.11199999999999999,22.8
4509,0.0019333362579345703,0.11199999999999999,23.200000000000003
4510,0.002260923385620117,0.114,23.200000000000003
4511,0.0006229877471923828,0.114,23.6
4512,0.002542734146118164,0.114,23.6
4513,0.0005776882171630859,0.114,23.6
4514,0.002543926239013672,0.114,24.0
4515,0.0005471706390380859,0.114,23.6
4516,0.002209901809692383,0.114,23.6
4517,0.002270936965942383,0.114,23.6
4518,0.0005779266357421875,0.114,23.6
4519,0.0021889209747314453,0.121,23.200000000000003
4520,0.0024116039276123047,0.125,22.8
4521,0.0005893707275390625,0.129,22.8
4522,0.0024406909942626953,0.131,22.400000000000002
4523,0.0022051334381103516,0.131,22.0
4524,0.0024383068084716797,0.131,21.6
4525,0.0023326873779296875,0.131,21.200000000000003
4526,0.002401590347290039,0.131,20.8
4527,0.0004584789276123047,0.131,20.400000000000002
4528,0.0017199516296386719,0.131,20.0
4529,0.0020008087158203125,0.131,19.200000000000003
4530,0.002045869827270508,0.131,18.8
4531,0.0006325244903564453,0.131,18.400000000000002
4532,0.002195596694946289,0.131,18.0
4533,0.001291036605834961,0.131,18.0
4534,0.0006947517395019531,0.131,17.6
4535,0.0011243820190429688,0.131,17.2
4536,0.0022165775299072266,0.131,16.8
4537,0.0014204978942871094,0.131,16.8
4538,0.0021419525146484375,0.131,16.400000000000002
4539,0.0018908977508544922,0.131,16.400000000000002
4540,0.0022878646850585938,0.131,16.0
4541,0.00222015380859375,0.131,16.0
4542,0.0020935535430908203,0.131,16.0
4543,0.0024285316467285156,0.127,16.0
4544,0.0025086402893066406,0.127,15.600000000000001
4545,0.0008740425109863281,0.127,16.0
4546,0.002210855484008789,0.127,16.0
4547,0.002106189727783203,0.127,16.0
4548,0.0025107860565185547,0.127,16.0
4549,0.0023355484008789062,0.127,16.400000000000002
4550,0.0007953643798828125,0.127,16.400000000000002
4551,0.002396106719970703,0.127,16.8
4552,0.0006830692291259766,0.127,16.8
4553,0.0020225048065185547,0.127,17.2
4554,0.0006372928619384766,0.127,17.6
4555,0.0026731491088867188,0.127,17.6
4556,0.0005881786346435547,0.127,18.0
4557,0.0021283626556396484,0.127,18.400000000000002
4558,0.0005791187286376953,0.127,18.8
4559,0.0021715164184570312,0.127,19.200000000000003
4560,0.0023431777954101562,0.127,19.6
4561,0.0005674362182617188,0.14,19.6
4562,0.002783060073852539,0.149,20.0
4563,0.0006062984466552734,0.149,20.400000000000002
4564,0.002455472946166992,0.149,20.8
4565,0.0006413459777832031,0.149,21.200000000000003
4566,0.0021958351135253906,0.147,21.6
4567,0.0005910396575927734,0.129,21.6
4568,0.0021266937255859375,0.121,22.0
4569,0.0024225711822509766,0.114,22.400000000000002
4570,0.0006115436553955078,0.114,22.8
4571,0.0021669864654541016,0.114,23.200000000000003
4572,0.0006108283996582031,0.114,23.6
4573,0.0024917125701904297,0.114,24.0
4574,0.001967191696166992,0.114,24.400000000000002
4575,0.0006177425384521484,0.11900000000000001,24.400000000000002
4576,0.002628326416015625,0.11900000000000001,24.8
4577,0.0021250247955322266,0.11900000000000001,24.8
4578,0.0024843215942382812,0.11900000000000001,25.200000000000003
4579,0.002170085906982422,0.11900000000000001,25.200000000000003
4580,0.0006337165832519531,0.11599999999999999,25.200000000000003
4581,0.0028562545776367188,0.114,25.200000000000003
4582,0.0025527477264404297,0.114,25.200000000000003
4583,0.002187967300415039,0.114,24.8
4584,0.0024530887603759766,0.114,24.8
4585,0.002515077590942383,0.114,24.400000000000002
4586,0.002039194107055664,0.125,24.0
4587,0.0006349086761474609,0.127,24.0
4588,0.0025320053100585938,0.127,23.6
4589,0.002012491226196289,0.127,23.200000000000003
4590,0.0023686885833740234,0.125,22.400000000000002
4591,0.0022716522216796875,0.12300000000000001,22.0
4592,0.002374410629272461,0.12300000000000001,21.6
4593,0.002277374267578125,0.12300000000000001,21.200000000000003
4594,0.0009016990661621094,0.12300000000000001,20.400000000000002
4595,0.002547025680541992,0.12300000000000001,20.0
4596,0.0021820068359375,0.12300000000000001,19.200000000000003
4597,0.0025756359100341797,0.12300000000000001,18.8
4598,0.0024192333221435547,0.12300000000000001,18.400000000000002
4599,0.0026178359985351562,0.12300000000000001,17.6
4600,0.00222015380859375,0.12300000000000001,17.2
4601,0.0007793903350830078,0.121,16.8
4602,0.002296924591064453,0.11900000000000001,16.0
4603,0.0006954669952392578,0.11900000000000001,15.600000000000001
4604,0.0027730464935302734,0.11900000000000001,15.200000000000001
4605,0.0020570755004882812,0.11900000000000001,14.8
4606,0.0006060600280761719,0.11900000000000001,14.4
4607,0.0024056434631347656,0.11900000000000001,14.0
4608,0.0006279945373535156,0.11599999999999999,14.0
4609,0.0021791458129882812,0.11199999999999999,13.600000000000001
4610,0.0006344318389892578,0.11199999999999999,13.200000000000001
4611,0.0021893978118896484,0.11199999999999999,13.200000000000001
4612,0.0005917549133300781,0.11199999999999999,12.8
4613,0.002614736557006836,0.11199999999999999,12.8
4614,0.002187490463256836,0.11199999999999999,12.8
4615,0.0006067752838134766,0.114,12.8
4616,0.0024564266204833984,0.11900000000000001,12.8
4617,0.0006000995635986328,0.12300000000000001,12.8
4618,0.002482175827026367,0.127,12.8
4619,0.0023026466369628906,0.127,12.8
4620,0.00225067138671875,0.127,13.200000000000001
4621,0.002226114273071289,0.127,13.200000000000001
4622,0.002501964569091797,0.125,13.200000000000001
4623,0.0005953311920166016,0.11900000000000001,13.600000000000001
4624,0.002241373062133789,0.114,14.0
4625,0.0021605491638183594,0.114,14.0
4626,0.0005600452423095703,0.114,14.4
4627,0.0024247169494628906,0.114,14.8
4628,0.0007791519165039062,0.114,15.200000000000001
4629,0.0023272037506103516,0.121,15.600000000000001
4630,0.0022623538970947266,0.134,16.0
4631,0.0021767616271972656,0.14,16.400000000000002
4632,0.002371072769165039,0.14,16.8
4633,0.002371072769165039,0.14,16.8
4634,0.0024330615997314453,0.136,17.2
4635,0.0024566650390625,0.125,17.6
4636,0.0006239414215087891,0.11900000000000001,18.400000000000002
4637,0.002089262008666992,0.11199999999999999,18.8
4638,0.0006008148193359375,0.11,19.200000000000003
4639,0.000985860824584961,0.11,19.6
4640,0.0006463527679443359,0.11,20.0
4641,0.0017914772033691406,0.11,20.8
4642,0.0025892257690429688,0.121,21.200000000000003
4643,0.002061128616333008,0.14,21.6
4644,0.0023412704467773438,0.151,22.0
4645,0.0006654262542724609,0.151,22.400000000000002
4646,0.0019350051879882812,0.151,22.8
4647,0.0021657943725585938,0.14400000000000002,22.8
4648,0.002901315689086914,0.131,23.200000000000003
4649,0.0024902820587158203,0.129,23.200000000000003
4650,0.002354145050048828,0.129,23.6
4651,0.0024352073669433594,0.129,24.0
4652,0.002337932586669922,0.129,24.0
4653,0.0021712779998779297,0.14,24.400000000000002
4654,0.0028488636016845703,0.147,24.400000000000002
4655,0.002240896224975586,0.149,24.400000000000002
4656,0.0018506050109863281,0.149,24.8
4657,0.0023965835571289062,0.149,24.8
4658,0.0006890296936035156,0.142,24.8
4659,0.0022249221801757812,0.136,24.8
4660,0.0006194114685058594,0.134,24.8
4661,0.0026798248291015625,0.134,24.8
4662,0.0006155967712402344,0.131,24.8
4663,0.002787351608276367,0.134,24.8
4664,0.002225160598754883,0.151,24.8
4665,0.002020597457885742,0.151,24.8
4666,0.0005917549133300781,0.151,24.8
4667,0.0018949508666992188,0.151,24.8
4668,0.002249479293823242,0.153,24.400000000000002
4669,0.0005784034729003906,0.147,24.400000000000002
4670,0.0024166107177734375,0.147,24.400000000000002
4671,0.0026199817657470703,0.147,24.0
4672,0.0006132125854492188,0.147,24.0
4673,0.0024404525756835938,0.153,24.0
4674,0.0005555152893066406,0.162,23.6
4675,0.002790212631225586,0.168,23.6
4676,0.0005736351013183594,0.168,23.6
4677,0.002010822296142578,0.162,23.6
4678,0.0021390914916992188,0.155,23.6
4679,0.0027923583984375,0.149,23.200000000000003
4680,0.003683805465698242,0.147,23.200000000000003
4681,0.0005450248718261719,0.147,23.200000000000003
4682,0.00208282470703125,0.14400000000000002,23.6
4683,0.0005631446838378906,0.14400000000000002,23.6
4684,0.0016932487487792969,0.14400000000000002,23.6
4685,0.0005352497100830078,0.14400000000000002,23.6
4686,0.0027968883514404297,0.14400000000000002,24.0
4687,0.0022072792053222656,0.14400000000000002,24.0
4688,0.002286195755004883,0.138,24.400000000000002
4689,0.0007026195526123047,0.125,24.400000000000002
4690,0.0027289390563964844,0.11900000000000001,24.400000000000002
4691,0.0021588802337646484,0.11900000000000001,24.8
4692,0.002519845962524414,0.11900000000000001,24.8
4693,0.002902507781982422,0.11599999999999999,24.8
4694,0.0007109642028808594,0.121,24.8
4695,0.002428770065307617,0.125,25.200000000000003
4696,0.0006747245788574219,0.125,25.200000000000003
4697,0.00212860107421875,0.121,25.200000000000003
4698,0.002146005630493164,0.11900000000000001,24.8
4699,0.002696514129638672,0.11900000000000001,24.8
4700,0.0025680065155029297,0.11900000000000001,24.8
4701,0.0025169849395751953,0.11900000000000001,24.400000000000002
4702,0.0023946762084960938,0.11900000000000001,24.0
4703,0.0024042129516601562,0.125,24.0
4704,0.0027642250061035156,0.125,23.6
4705,0.002253293991088867,0.125,23.200000000000003
4706,0.0019137859344482422,0.114,22.8
4707,0.0019567012786865234,0.11199999999999999,22.400000000000002
4708,0.0006818771362304688,0.11,22.0
4709,0.0019063949584960938,0.11,21.6
4710,0.0006208419799804688,0.11199999999999999,20.8
4711,0.0024111270904541016,0.11900000000000001,20.400000000000002
4712,0.0005755424499511719,0.121,20.0
4713,0.0019409656524658203,0.121,19.200000000000003
4714,0.0006384849548339844,0.121,18.8
4715,0.0014679431915283203,0.121,18.0
4716,0.00241851806640625,0.11900000000000001,17.6
4717,0.002210855484008789,0.11900000000000001,16.8
4718,0.0023958683013916016,0.11900000000000001,16.400000000000002
4719,0.0026595592498779297,0.12300000000000001,16.0
4720,0.0023953914642333984,0.125,15.200000000000001
4721,0.0024139881134033203,0.125,14.8
4722,0.0006008148193359375,0.12300000000000001,14.4
4723,0.0021767616271972656,0.11,13.600000000000001
4724,0.0006067752838134766,0.10099999999999999,13.200000000000001
4725,0.001646280288696289,0.10099999999999999,12.8
4726,0.002410888671875,0.10099999999999999,12.4
4727,0.00185394287109375,0.10800000000000001,12.4
4728,0.0006113052368164062,0.11900000000000001,12.0
4729,0.0016713142395019531,0.125,11.600000000000001
4730,0.0023212432861328125,0.125,11.600000000000001
4731,0.002382993698120117,0.125,11.600000000000001
4732,0.002233743667602539,0.125,11.200000000000001
4733,0.002409219741821289,0.12300000000000001,11.200000000000001
4734,0.0020601749420166016,0.12300000000000001,11.200000000000001
4735,0.0005958080291748047,0.12300000000000001,11.200000000000001
4736,0.001897573471069336,0.12300000000000001,11.200000000000001
4737,0.0027976036071777344,0.125,11.200000000000001
4738,0.0019617080688476562,0.125,11.600000000000001
4739,0.0024385452270507812,0.136,11.600000000000001
4740,0.0026159286499023438,0.14,12.0
4741,0.0021622180938720703,0.14,12.4
4742,0.0020821094512939453,0.14,12.8
4743,0.002521514892578125,0.14,13.200000000000001
4744,0.0006384849548339844,0.14,13.600000000000001
4745,0.0021944046020507812,0.14,14.0
4746,0.0006642341613769531,0.14,14.8
4747,0.0019757747650146484,0.14,15.200000000000001
4748,0.0023338794708251953,0.14,16.0
4749,0.0028104782104492188,0.14,16.8
4750,0.002029895782470703,0.14,17.6
4751,0.0006949901580810547,0.14,18.0
4752,0.002509593963623047,0.14,19.200000000000003
4753,0.002465963363647461,0.147,20.0
4754,0.0006914138793945312,0.149,20.8
4755,0.001981973648071289,0.149,21.6
4756,0.002413034439086914,0.149,22.400000000000002
4757,0.0006136894226074219,0.149,23.200000000000003
4758,0.0024585723876953125,0.149,24.0
4759,0.0006203651428222656,0.142,24.8
4760,0.002600431442260742,0.129,25.6
4761,0.0023593902587890625,0.125,26.8
4762,0.0024602413177490234,0.125,27.6
4763,0.0028023719787597656,0.125,28.0
4764,0.002214670181274414,0.125,28.8
4765,0.0024614334106445312,0.14400000000000002,29.6
4766,0.0006403923034667969,0.159,30.400000000000002
4767,0.0021452903747558594,0.17,30.8
4768,0.0006170272827148438,0.175,31.200000000000003
4769,0.0024454593658447266,0.175,31.6
4770,0.0024068355560302734,0.175,32.0
4771,0.0025947093963623047,0.172,32.4
4772,0.002418994903564453,0.166,32.4
4773,0.0027761459350585938,0.151,32.4
4774,0.0008013248443603516,0.14400000000000002,32.800000000000004
4775,0.0021774768829345703,0.142,32.800000000000004
4776,0.002397298812866211,0.142,32.800000000000004
4777,0.0022737979888916016,0.142,32.800000000000004
4778,0.0022737979888916016,0.157,32.800000000000004
4779,0.001995086669921875,0.179,33.2
4780,0.0005810260772705078,0.19,33.2
4781,0.0026030540466308594,0.19,32.800000000000004
4782,0.0005595684051513672,0.19,32.800000000000004
4783,0.002342700958251953,0.19,32.800000000000004
4784,0.0005691051483154297,0.188,32.4
4785,0.0024709701538085938,0.172,32.0
4786,0.0021529197692871094,0.166,31.6
4787,0.0024347305297851562,0.16399999999999998,31.200000000000003
4788,0.0022678375244140625,0.16399999999999998,30.400000000000002
4789,0.002551555633544922,0.16399999999999998,30.0
4790,0.001787424087524414,0.16399999999999998,29.200000000000003
4791,0.0005741119384765625,0.16399999999999998,28.8
4792,0.0019254684448242188,0.183,28.0
4793,0.0024251937866210938,0.19399999999999998,27.6
4794,0.0022232532501220703,0.196,27.200000000000003
4795,0.002590656280517578,0.196,26.400000000000002
4796,0.002064228057861328,0.196,26.0
4797,0.0006589889526367188,0.183,25.6
4798,0.0023660659790039062,0.16399999999999998,25.200000000000003
4799,0.0023736953735351562,0.153,24.8
4800,0.0019805431365966797,0.153,24.400000000000002
4801,0.0006456375122070312,0.153,24.400000000000002
4802,0.002446413040161133,0.153,24.0
4803,0.0006060600280761719,0.155,24.0
4804,0.0024881362915039062,0.166,24.0
4805,0.0021195411682128906,0.19399999999999998,24.400000000000002
4806,0.0005934238433837891,0.196,24.400000000000002
4807,0.002154827117919922,0.196,24.400000000000002
4808,0.0006325244903564453,0.192,24.400000000000002
4809,0.002197265625,0.185,24.8
4810,0.0024399757385253906,0.175,24.8
4811,0.0005908012390136719,0.17,25.200000000000003
4812,0.0028357505798339844,0.17,25.6
4813,0.0021178722381591797,0.17,26.0
4814,0.002342700958251953,0.17,26.400000000000002
4815,0.002778768539428711,0.17,26.8
4816,0.0026617050170898438,0.172,27.200000000000003
4817,0.0024678707122802734,0.175,28.0
4818,0.0017020702362060547,0.175,28.400000000000002
4819,0.0017969608306884766,0.175,29.200000000000003
4820,0.0013725757598876953,0.175,30.0
4821,0.002443075180053711,0.168,30.400000000000002
4822,0.0006105899810791016,0.162,31.200000000000003
4823,0.0022013187408447266,0.162,31.6
4824,0.0026543140411376953,0.162,32.4
4825,0.0027923583984375,0.162,33.2
4826,0.002390623092651367,0.159,33.6
4827,0.0006186962127685547,0.166,34.4
4828,0.0023031234741210938,0.179,34.800000000000004
4829,0.0025506019592285156,0.183,35.6
4830,0.002593994140625,0.183,36.0
4831,0.002862215042114258,0.175,36.4
4832,0.0020804405212402344,0.162,36.800000000000004
4833,0.0022749900817871094,0.14400000000000002,37.2
4834,0.0006580352783203125,0.131,37.2
4835,0.002399444580078125,0.131,37.6
4836,0.00274658203125,0.131,38.0
4837,0.002471923828125,0.131,38.0
4838,0.0022847652435302734,0.14400000000000002,38.0
4839,0.0006566047668457031,0.159,38.0
4840,0.0018382072448730469,0.17,38.0
4841,0.002516031265258789,0.17,38.0
4842,0.0019311904907226562,0.17,37.6
4843,0.0005962848663330078,0.17,37.2
4844,0.001659393310546875,0.155,36.800000000000004
4845,0.0016374588012695312,0.147,36.0
4846,0.0006451606750488281,0.147,35.6
4847,0.0019483566284179688,0.147,34.800000000000004
4848,0.0024907588958740234,0.147,34.0
4849,0.0024106502532958984,0.149,33.2
4850,0.002557039260864258,0.17,32.4
4851,0.002267599105834961,0.175,31.6
4852,0.0024263858795166016,0.175,30.8
4853,0.0017800331115722656,0.175,29.6
4854,0.0008685588836669922,0.175,28.8
4855,0.0024063587188720703,0.166,28.0
4856,0.002192258834838867,0.162,26.8
4857,0.0024886131286621094,0.162,26.0
4858,0.002329587936401367,0.162,25.200000000000003
4859,0.0025157928466796875,0.159,24.400000000000002
4860,0.0007526874542236328,0.172,23.6
4861,0.0029854774475097656,0.183,22.8
4862,0.0006473064422607422,0.183,22.0
4863,0.0021762847900390625,0.183,21.6
4864,0.000823974609375,0.183,20.8
4865,0.0019528865814208984,0.166,20.400000000000002
4866,0.0005972385406494141,0.151,20.0
4867,0.0025229454040527344,0.149,19.6
4868,0.0026092529296875,0.149,19.200000000000003
4869,0.001874685287475586,0.149,19.200000000000003
4870,0.0024454593658447266,0.149,19.200000000000003
4871,0.0006506443023681641,0.172,19.200000000000003
4872,0.002235889434814453,0.19,19.200000000000003
4873,0.0027666091918945312,0.19,19.6
4874,0.0022101402282714844,0.19,19.6
4875,0.002378702163696289,0.183,20.0
4876,0.002287149429321289,0.175,20.0
4877,0.0023865699768066406,0.155,20.400000000000002
4878,0.0006597042083740234,0.153,20.8
4879,0.0020036697387695312,0.153,21.6
4880,0.0019278526306152344,0.153,22.0
4881,0.0017075538635253906,0.151,22.8
4882,0.0024297237396240234,0.153,23.6
4883,0.002407073974609375,0.159,24.400000000000002
4884,0.0021657943725585938,0.162,25.200000000000003
4885,0.002455472946166992,0.162,26.0
4886,0.001722574234008789,0.162,26.8
4887,0.0006337165832519531,0.155,27.6
4888,0.001880645751953125,0.14400000000000002,28.400000000000002
4889,0.0006804466247558594,0.142,29.200000000000003
4890,0.0019221305847167969,0.142,29.6
4891,0.0014295578002929688,0.142,30.400000000000002
4892,0.002644777297973633,0.151,31.200000000000003
4893,0.002924680709838867,0.17,32.0
4894,0.0021398067474365234,0.172,32.4
4895,0.0028963088989257812,0.172,33.2
4896,0.0007719993591308594,0.172,33.6
4897,0.0026977062225341797,0.168,34.0
4898,0.0029840469360351562,0.16399999999999998,34.4
4899,0.002133607864379883,0.162,34.800000000000004
4900,0.0023734569549560547,0.162,34.800000000000004
4901,0.0023407936096191406,0.162,35.2
4902,0.0006971359252929688,0.162,35.2
4903,0.0028617382049560547,0.175,35.6
4904,0.0006844997406005859,0.185,35.6
4905,0.0020117759704589844,0.19,35.6
4906,0.0024881362915039062,0.19,35.6
4907,0.00273895263671875,0.185,35.6
4908,0.002584695816040039,0.17,35.6
4909,0.0025854110717773438,0.153,35.6
4910,0.0020132064819335938,0.147,35.6
4911,0.002462625503540039,0.147,35.2
4912,0.0006365776062011719,0.147,35.2
4913,0.0021805763244628906,0.147,35.2
4914,0.0006780624389648438,0.162,34.800000000000004
4915,0.0026702880859375,0.177,34.800000000000004
4916,0.0005757808685302734,0.185,34.4
4917,0.002638101577758789,0.188,34.0
4918,0.0005605220794677734,0.188,33.6
4919,0.0029230117797851562,0.183,33.2
4920,0.0007407665252685547,0.159,32.800000000000004
4921,0.002181529998779297,0.147,32.4
4922,0.002181529998779297,0.14400000000000002,32.4
4923,0.0018534660339355469,0.14400000000000002,32.0
4924,0.0022966861724853516,0.14400000000000002,31.6
4925,0.0015299320220947266,0.147,31.200000000000003
4926,0.0023446083068847656,0.175,30.8
4927,0.002054929733276367,0.179,30.400000000000002
4928,0.0023419857025146484,0.179,30.0
4929,0.002168416976928711,0.179,29.6
4930,0.0024566650390625,0.175,29.200000000000003
4931,0.0021600723266601562,0.155,28.400000000000002
4932,0.0022454261779785156,0.14,28.0
4933,0.002184152603149414,0.134,27.6
4934,0.002618551254272461,0.134,26.8
4935,0.0021202564239501953,0.134,26.400000000000002
4936,0.0006315708160400391,0.14400000000000002,26.0
4937,0.00199127197265625,0.17,25.6
4938,0.0027313232421875,0.179,25.200000000000003
4939,0.0018093585968017578,0.183,24.8
4940,0.0026361942291259766,0.183,24.8
4941,0.0007233619689941406,0.17,24.400000000000002
4942,0.002282857894897461,0.16399999999999998,24.0
4943,0.0028839111328125,0.162,23.6
4944,0.001966238021850586,0.159,23.200000000000003
4945,0.0027229785919189453,0.157,23.200000000000003
4946,0.0027763843536376953,0.157,23.200000000000003
4947,0.0021820068359375,0.159,23.200000000000003
4948,0.0026056766510009766,0.166,22.8
4949,0.0007975101470947266,0.168,23.200000000000003
4950,0.0028564929962158203,0.168,23.200000000000003
4951,0.0019483566284179688,0.168,23.200000000000003
4952,0.0007088184356689453,0.168,23.200000000000003
4953,0.0023376941680908203,0.162,23.6
4954,0.0018634796142578125,0.155,23.6
4955,0.0014297962188720703,0.155,24.0
4956,0.000629425048828125,0.153,24.400000000000002
4957,0.002549886703491211,0.151,24.400000000000002
4958,0.0006082057952880859,0.151,24.8
4959,0.002241373062133789,0.153,25.200000000000003
4960,0.0019423961639404297,0.155,25.6
4961,0.00046539306640625,0.155,26.0
4962,0.0029196739196777344,0.155,26.400000000000002
4963,0.0005669593811035156,0.155,26.8
4964,0.0023009777069091797,0.149,27.200000000000003
4965,0.0026311874389648438,0.14400000000000002,27.6
4966,0.0005772113800048828,0.14,28.0
4967,0.002234220504760742,0.14,28.400000000000002
4968,0.0024847984313964844,0.142,28.8
4969,0.0007407665252685547,0.151,29.200000000000003
4970,0.002181529998779297,0.166,29.200000000000003
4971,0.002737760543823242,0.172,29.6
4972,0.0005652904510498047,0.172,30.0
4973,0.002202749252319336,0.172,30.0
4974,0.0006313323974609375,0.17,30.0
4975,0.002270221710205078,0.166,30.400000000000002
4976,0.0005714893341064453,0.162,30.400000000000002
4977,0.0019745826721191406,0.151,30.400000000000002
4978,0.0023279190063476562,0.151,30.400000000000002
4979,0.002140522003173828,0.151,30.400000000000002
4980,0.002357959747314453,0.151,30.8
4981,0.0022203922271728516,0.153,30.8
4982,0.002496957778930664,0.172,30.8
4983,0.0005702972412109375,0.177,30.8
4984,0.0019268989562988281,0.177,30.8
4985,0.0021615028381347656,0.177,30.8
4986,0.002340078353881836,0.177,30.8
4987,0.002441883087158203,0.172,30.400000000000002
4988,0.0023241043090820312,0.157,30.400000000000002
4989,0.0006000995635986328,0.157,30.400000000000002
4990,0.002620220184326172,0.157,30.400000000000002
4991,0.0005733966827392578,0.157,30.0
4992,0.001962423324584961,0.162,30.0
4993,0.00063323974609375,0.18100000000000002,30.0
4994,0.00241851806640625,0.188,30.0
4995,0.0005972385406494141,0.188,30.0
4996,0.002237558364868164,0.188,30.0
4997,0.0014390945434570312,0.188,29.6
4998,0.000675201416015625,0.183,29.6
4999,0.0019490718841552734,0.18100000000000002,29.6
5000,0.0028836727142333984,0.18100000000000002,29.6
5001,0.0006477832794189453,0.18100000000000002,29.6
5002,0.002130746841430664,0.18100000000000002,29.6
5003,0.002435445785522461,0.188,29.6
5004,0.0021865367889404297,0.198,30.0
5005,0.0022897720336914062,0.2,30.0
5006,0.002310514450073242,0.198,30.0
5007,0.0026268959045410156,0.19,30.400000000000002
5008,0.0006372928619384766,0.18100000000000002,30.8
5009,0.0022869110107421875,0.172,30.8
5010,0.0013899803161621094,0.166,31.200000000000003
5011,0.0006623268127441406,0.166,31.6
5012,0.0028285980224609375,0.166,32.0
5013,0.002232789993286133,0.166,32.4
5014,0.0006630420684814453,0.166,32.800000000000004
5015,0.0019404888153076172,0.157,33.2
5016,0.0005776882171630859,0.153,33.6
5017,0.0024461746215820312,0.153,34.0
5018,0.0027778148651123047,0.153,34.4
5019,0.0006222724914550781,0.153,34.800000000000004
5020,0.002002716064453125,0.155,35.2
5021,0.0005545616149902344,0.162,35.6
5022,0.001984834671020508,0.166,35.6
5023,0.0017504692077636719,0.168,36.0
5024,0.0005629062652587891,0.172,36.0
5025,0.0018262863159179688,0.172,36.0
5026,0.0022809505462646484,0.172,36.0
5027,0.002326488494873047,0.172,36.0
5028,0.0020241737365722656,0.175,36.0
5029,0.002422809600830078,0.177,35.6
5030,0.0018973350524902344,0.177,35.6
5031,0.0005843639373779297,0.177,35.2
5032,0.0018877983093261719,0.177,35.2
5033,0.002444744110107422,0.177,34.800000000000004
5034,0.002128124237060547,0.177,34.4
5035,0.0023851394653320312,0.177,34.4
5036,0.0005815029144287109,0.179,34.0
5037,0.0022313594818115234,0.185,33.6
5038,0.002476930618286133,0.19,33.2
5039,0.0019481182098388672,0.196,33.2
5040,0.0005843639373779297,0.196,32.800000000000004
5041,0.0023512840270996094,0.196,32.4
5042,0.0023272037506103516,0.196,32.4
5043,0.0019795894622802734,0.196,32.0
5044,0.0023889541625976562,0.196,32.0
5045,0.0027053356170654297,0.196,31.6
5046,0.0006530284881591797,0.196,31.6
5047,0.0026683807373046875,0.196,31.6
5048,0.0006420612335205078,0.196,31.6
5049,0.0022301673889160156,0.196,31.6
5050,0.0006465911865234375,0.196,31.6
5051,0.002044677734375,0.196,31.6
5052,0.0021562576293945312,0.196,32.0
5053,0.0028028488159179688,0.196,32.0
5054,0.002347707748413086,0.196,32.4
5055,0.0023870468139648438,0.196,32.800000000000004
5056,0.0022516250610351562,0.196,33.2
5057,0.0024268627166748047,0.192,33.6
5058,0.0022025108337402344,0.183,34.0
5059,0.0006821155548095703,0.172,34.4
5060,0.0027260780334472656,0.166,34.800000000000004
5061,0.0005843639373779297,0.16399999999999998,35.2
5062,0.0021636486053466797,0.162,36.0
5063,0.002108335494995117,0.162,36.4
5064,0.0027697086334228516,0.162,36.800000000000004
5065,0.002074718475341797,0.159,37.6
5066,0.0023326873779296875,0.155,38.0
5067,0.0020809173583984375,0.153,38.400000000000006
5068,0.0007915496826171875,0.153,38.800000000000004
5069,0.0021941661834716797,0.153,38.800000000000004
5070,0.0025472640991210938,0.149,39.2
5071,0.0027506351470947266,0.149,39.2
5072,0.002016305923461914,0.149,39.2
5073,0.002016305923461914,0.149,39.2
5074,0.0026848316192626953,0.149,39.2
5075,0.002687692642211914,0.149,39.2
5076,0.002330780029296875,0.149,38.800000000000004
5077,0.0025043487548828125,0.149,38.400000000000006
5078,0.001972675323486328,0.162,38.400000000000006
5079,0.002726316452026367,0.172,37.6
5080,0.0020864009857177734,0.175,37.2
5081,0.000629425048828125,0.175,36.4
5082,0.0024933815002441406,0.175,36.0
5083,0.0022194385528564453,0.175,35.2
5084,0.0029108524322509766,0.175,34.4
5085,0.0021867752075195312,0.175,33.2
5086,0.001997709274291992,0.175,32.4
5087,0.0023834705352783203,0.175,31.6
5088,0.0006098747253417969,0.168,30.8
5089,0.002728700637817383,0.166,29.6
5090,0.0029144287109375,0.157,28.8
5091,0.002325296401977539,0.155,28.0
5092,0.002537965774536133,0.14400000000000002,27.200000000000003
5093,0.0021483898162841797,0.136,26.400000000000002
5094,0.0025300979614257812,0.131,25.6
5095,0.0006508827209472656,0.129,24.8
5096,0.0019659996032714844,0.129,24.0
5097,0.0021986961364746094,0.129,23.6
5098,0.002931356430053711,0.129,22.8
5099,0.0024585723876953125,0.129,22.0
5100,0.00234222412109375,0.129,21.6
5101,0.002440929412841797,0.131,20.8
5102,0.000690460205078125,0.136,20.400000000000002
5103,0.002448558807373047,0.136,19.6
5104,0.0023827552795410156,0.136,18.8
5105,0.0027806758880615234,0.138,18.400000000000002
5106,0.0023806095123291016,0.138,17.6
5107,0.0024216175079345703,0.138,17.2
5108,0.0020165443420410156,0.138,16.8
5109,0.0008294582366943359,0.138,16.0
5110,0.0018777847290039062,0.138,15.600000000000001
5111,0.0007050037384033203,0.138,15.200000000000001
5112,0.0020399093627929688,0.138,14.8
5113,0.0023567676544189453,0.138,14.4
5114,0.0028760433197021484,0.134,14.4
5115,0.0025625228881835938,0.12300000000000001,14.0
5116,0.0025336742401123047,0.12300000000000001,14.0
5117,0.002157926559448242,0.12300000000000001,14.0
5118,0.002580404281616211,0.12300000000000001,14.0
5119,0.0022745132446289062,0.12300000000000001,14.0
5120,0.0024552345275878906,0.12300000000000001,14.0
5121,0.0007545948028564453,0.134,14.0
5122,0.0019221305847167969,0.136,14.4
5123,0.0006587505340576172,0.162,14.4
5124,0.001987457275390625,0.162,14.8
5125,0.0019245147705078125,0.162,15.200000000000001
5126,0.0023658275604248047,0.162,15.600000000000001
5127,0.0017733573913574219,0.162,15.600000000000001
5128,0.002316713333129883,0.162,16.400000000000002
5129,0.002183198928833008,0.155,16.8
5130,0.0023479461669921875,0.149,17.2
5131,0.0006546974182128906,0.14,17.6
5132,0.002039670944213867,0.138,18.400000000000002
5133,0.0027086734771728516,0.138,19.200000000000003
5134,0.002084493637084961,0.138,20.0
5135,0.0026178359985351562,0.138,20.8
5136,0.002170562744140625,0.138,21.6
5137,0.0006465911865234375,0.138,22.400000000000002
5138,0.001988649368286133,0.138,23.200000000000003
5139,0.0029435157775878906,0.138,24.400000000000002
5140,0.000629425048828125,0.138,25.200000000000003
5141,0.0027551651000976562,0.155,26.0
5142,0.0006213188171386719,0.159,26.8
5143,0.0021872520446777344,0.162,27.6
5144,0.0025637149810791016,0.162,28.0
5145,0.0022132396697998047,0.162,28.8
5146,0.001850128173828125,0.159,29.200000000000003
5147,0.002493619918823242,0.149,30.0
5148,0.0020198822021484375,0.14,30.400000000000002
5149,0.002518892288208008,0.131,31.200000000000003
5150,0.0007147789001464844,0.127,31.6
5151,0.0021178722381591797,0.127,32.0
5152,0.0024628639221191406,0.125,32.4
5153,0.0030891895294189453,0.125,32.800000000000004
5154,0.0022857189178466797,0.12300000000000001,33.2
5155,0.0025184154510498047,0.11199999999999999,33.2
5156,0.001993417739868164,0.10300000000000001,33.2
5157,0.002424478530883789,0.10300000000000001,33.6
5158,0.0028769969940185547,0.10300000000000001,33.2
5159,0.0018253326416015625,0.10300000000000001,33.2
5160,0.0023703575134277344,0.10300000000000001,32.800000000000004
5161,0.0006735324859619141,0.106,32.4
5162,0.0022394657135009766,0.11599999999999999,32.0
5163,0.002658843994140625,0.12300000000000001,31.6
5164,0.002775430679321289,0.125,30.8
5165,0.0022826194763183594,0.125,30.0
5166,0.0006458759307861328,0.125,28.8
5167,0.002358675003051758,0.12300000000000001,28.0
5168,0.0027618408203125,0.12300000000000001,26.8
5169,0.0006728172302246094,0.12300000000000001,25.6
5170,0.002204418182373047,0.11599999999999999,24.400000000000002
5171,0.0024242401123046875,0.11199999999999999,23.200000000000003
5172,0.002346038818359375,0.11199999999999999,22.0
5173,0.0006353855133056641,0.11199999999999999,20.8
5174,0.0026776790618896484,0.11199999999999999,19.200000000000003
5175,0.0005905628204345703,0.11199999999999999,18.0
5176,0.0021829605102539062,0.11199999999999999,16.8
5177,0.0024034976959228516,0.11199999999999999,15.600000000000001
5178,0.0006072521209716797,0.10800000000000001,14.4
5179,0.0025453567504882812,0.10800000000000001,12.8
5180,0.0023343563079833984,0.10800000000000001,11.600000000000001
5181,0.002044200897216797,0.10800000000000001,10.8
5182,0.0027735233306884766,0.10800000000000001,9.600000000000001
5183,0.002018451690673828,0.10800000000000001,8.4
5184,0.0006859302520751953,0.10800000000000001,7.6000000000000005
5185,0.0020384788513183594,0.10800000000000001,6.800000000000001
5186,0.0018606185913085938,0.10800000000000001,5.6000000000000005
5187,0.002704143524169922,0.10800000000000001,5.2
5188,0.0022144317626953125,0.10800000000000001,4.4
5189,0.0019268989562988281,0.10800000000000001,4.0
5190,0.0023241043090820312,0.10800000000000001,3.6
5191,0.0020923614501953125,0.10800000000000001,3.2
5192,0.00066375732421875,0.10800000000000001,2.8000000000000003
5193,0.0022430419921875,0.10800000000000001,2.8000000000000003
5194,0.0018093585968017578,0.10800000000000001,2.8000000000000003
5195,0.002480030059814453,0.10800000000000001,2.8000000000000003
5196,0.0019872188568115234,0.10800000000000001,3.2
5197,0.0007150173187255859,0.10800000000000001,3.6
5198,0.0020143985748291016,0.10800000000000001,4.0
5199,0.002324819564819336,0.10800000000000001,4.4
5200,0.002144336700439453,0.106,4.800000000000001
5201,0.0025687217712402344,0.106,5.6000000000000005
5202,0.0021600723266601562,0.106,6.4
5203,0.002308368682861328,0.106,7.2
5204,0.0007498264312744141,0.106,8.0
5205,0.0026319026947021484,0.10300000000000001,8.8
5206,0.0006401538848876953,0.10300000000000001,9.600000000000001
5207,0.002679109573364258,0.10300000000000001,10.8
5208,0.002751588821411133,0.10300000000000001,12.0
5209,0.0023386478424072266,0.10300000000000001,12.8
5210,0.0026319026947021484,0.099,14.0
5211,0.0021712779998779297,0.09699999999999999,15.200000000000001
5212,0.0025787353515625,0.09699999999999999,16.0
5213,0.002315044403076172,0.09699999999999999,17.2
5214,0.0022792816162109375,0.091,18.400000000000002
5215,0.0006430149078369141,0.086,19.200000000000003
5216,0.002576112747192383,0.086,20.400000000000002
5217,0.002814769744873047,0.086,21.200000000000003
5218,0.002814769744873047,0.08,21.200000000000003
5219,0.0023381710052490234,0.071,22.0
5220,0.0006291866302490234,0.069,22.8
5221,0.002291440963745117,0.063,23.6
5222,0.0025663375854492188,0.063,24.0
5223,0.0026602745056152344,0.054000000000000006,24.8
5224,0.0006358623504638672,0.047,25.200000000000003
5225,0.0026242733001708984,0.043,25.6
5226,0.002187490463256836,0.040999999999999995,25.6
5227,0.0021314620971679688,0.037000000000000005,25.6
5228,0.000579833984375,0.03,25.6
5229,0.0026810169219970703,0.024,25.6
5230,0.002793550491333008,0.019,25.200000000000003
5231,0.0005991458892822266,0.015,24.8
5232,0.0022420883178710938,0.011000000000000001,24.400000000000002
5233,0.0027472972869873047,0.004,23.6
5234,0.002476930618286133,0.002,22.8
5235,0.0021696090698242188,0.002,21.6
5236,0.0006227493286132812,0.002,20.400000000000002
5237,0.0020532608032226562,0.002,19.200000000000003
5238,0.002142190933227539,0.0,17.6
5239,0.0020456314086914062,0.0,16.0
5240,0.002524852752685547,0.0,14.4
5241,0.002773284912109375,0.0,12.4
5242,0.002354145050048828,0.0,10.4
5243,0.002358675003051758,0.0,8.4
5244,0.0006515979766845703,0.0,6.0
5245,0.0025718212127685547,0.0,4.0
5246,0.0006802082061767578,0.0,1.6
5247,0.0024204254150390625,0.0,-0.4
5248,0.0024127960205078125,0.0,-2.8000000000000003
5249,0.002560138702392578,0.0,-4.800000000000001
5250,0.002037525177001953,0.0,-6.800000000000001
5251,0.0021452903747558594,0.0,-9.200000000000001
5252,0.002166271209716797,0.0,-11.200000000000001
5253,0.001833200454711914,0.0,-12.8
5254,0.002244234085083008,0.0,-14.8
5255,0.0006699562072753906,0.0,-16.400000000000002
5256,0.0022995471954345703,0.0,-18.0
5257,0.0028378963470458984,0.0,-19.200000000000003
5258,0.0027534961700439453,0.0,-20.400000000000002
5259,0.0021562576293945312,0.0,-21.6
5260,0.002407550811767578,0.0,-22.400000000000002
5261,0.0021517276763916016,0.0,-23.200000000000003
5262,0.0024428367614746094,0.0,-23.6
5263,0.0026993751525878906,0.0,-24.0
5264,0.002580404281616211,0.0,-24.400000000000002
5265,0.0006456375122070312,0.0,-24.400000000000002
5266,0.002209901809692383,0.0,-24.0
5267,0.002391815185546875,0.0,-23.6
5268,0.0018966197967529297,0.0,-22.8
5269,0.002396821975708008,0.0,-22.0
5270,0.0006017684936523438,0.0,-21.200000000000003
5271,0.00225067138671875,0.0,-20.0
5272,0.0005898475646972656,0.0,-18.8
5273,0.0020494461059570312,0.0,-17.2
5274,0.002375364303588867,0.0,-16.0
5275,0.0005984306335449219,0.0,-14.0
5276,0.0021953582763671875,0.0,-12.4
5277,0.002084970474243164,0.0,-10.4
5278,0.0024056434631347656,0.0,-8.4
5279,0.0007402896881103516,0.0,-6.4
5280,0.0021898746490478516,0.0,-4.4
5281,0.0005764961242675781,0.0,-2.4000000000000004
5282,0.0019016265869140625,0.0,0.0
5283,0.0005636215209960938,0.0,2.0
5284,0.0020551681518554688,0.0,4.0
5285,0.001888275146484375,0.0,6.0
5286,0.0005619525909423828,0.0,8.0
5287,0.0013551712036132812,0.0,10.0
5288,0.0024580955505371094,0.0,12.0
5289,0.0007874965667724609,0.0,13.600000000000001
5290,0.002698659896850586,0.0,15.200000000000001
5291,0.0006041526794433594,0.0,16.8
5292,0.0022971630096435547,0.0,18.400000000000002
5293,0.0019087791442871094,0.0,19.6
5294,0.0006785392761230469,0.0,20.400000000000002
5295,0.0021283626556396484,0.0,21.6
5296,0.0006937980651855469,0.0,22.400000000000002
5297,0.0019562244415283203,0.0,22.8
5298,0.002413034439086914,0.0,23.200000000000003
5299,0.0006875991821289062,0.0,23.200000000000003
5300,0.0022792816162109375,0.0,23.200000000000003
5301,0.0006556510925292969,0.0,23.200000000000003
5302,0.002424001693725586,0.0,22.8
5303,0.0019767284393310547,0.0,22.400000000000002
5304,0.0017852783203125,0.0,21.6
5305,0.001909017562866211,0.0,20.8
5306,0.002386808395385742,0.0,19.6
5307,0.0023016929626464844,0.0,18.400000000000002
5308,0.0022122859954833984,0.0,17.2
5309,0.0007436275482177734,0.0,15.600000000000001
5310,0.0021305084228515625,0.0,14.0
5311,0.0020551681518554688,0.0,12.4
5312,0.002401113510131836,0.0,10.4
5313,0.00197601318359375,0.0,8.4
5314,0.0026836395263671875,0.0,6.4
5315,0.0022225379943847656,0.0,4.4
5316,0.0006735324859619141,0.0,2.4000000000000004
5317,0.002430438995361328,0.0,0.4
5318,0.002668619155883789,0.0,-1.6
5319,0.0023391246795654297,0.0,-3.6
5320,0.002657175064086914,0.0,-5.6000000000000005
5321,0.002373933792114258,0.0,-7.6000000000000005
5322,0.0006566047668457031,0.0,-9.600000000000001
5323,0.002155780792236328,0.0,-11.200000000000001
5324,0.000606536865234375,0.0,-13.200000000000001
5325,0.0022313594818115234,0.0,-14.8
5326,0.0005681514739990234,0.0,-16.400000000000002
5327,0.0020210742950439453,0.0,-17.6
5328,0.002506732940673828,0.0,-18.8
5329,0.0006647109985351562,0.0,-20.0
5330,0.0022187232971191406,0.0,-20.8
5331,0.0027561187744140625,0.0,-21.6
5332,0.0005979537963867188,0.0,-22.0
5333,0.0026617050170898438,0.0,-22.400000000000002
5334,0.002818584442138672,0.0,-22.8
5335,0.0005962848663330078,0.0,-22.8
5336,0.0022857189178466797,0.0,-22.8
5337,0.0005896091461181641,0.0,-22.400000000000002
5338,0.001951456069946289,0.0,-22.0
5339,0.002498149871826172,0.0,-21.200000000000003
5340,0.002518892288208008,0.0,-20.400000000000002
5341,0.0022611618041992188,0.0,-19.200000000000003
5342,0.0005624294281005859,0.0,-18.0
5343,0.0020236968994140625,0.0,-16.8
5344,0.0006639957427978516,0.0,-15.600000000000001
5345,0.0024492740631103516,0.0,-14.0
5346,0.0006251335144042969,0.0,-12.4
5347,0.0028417110443115234,0.0,-10.4
5348,0.0027217864990234375,0.0,-8.8
5349,0.0007619857788085938,0.0,-6.800000000000001
5350,0.002091646194458008,0.0,-4.800000000000001
5351,0.0023937225341796875,0.0,-2.8000000000000003
5352,0.002548694610595703,0.0,-0.8
5353,0.0022678375244140625,0.0,1.2000000000000002
5354,0.002063274383544922,0.0,3.2
5355,0.002329111099243164,0.0,4.800000000000001
5356,0.002577066421508789,0.0,6.800000000000001
5357,0.0006678104400634766,0.0,8.8
5358,0.0024683475494384766,0.0,10.4
5359,0.0006783008575439453,0.0,12.0
5360,0.0027098655700683594,0.0,13.600000000000001
5361,0.0026702880859375,0.0,15.200000000000001
5362,0.002192258834838867,0.0,16.400000000000002
5363,0.002378702163696289,0.0,17.6
5364,0.0006139278411865234,0.0,18.8
5365,0.0030472278594970703,0.0,19.6
5366,0.0030472278594970703,0.0,19.6
5367,0.0022444725036621094,0.0,20.400000000000002
5368,0.0024411678314208984,0.0,21.200000000000003
5369,0.0028617382049560547,0.0,21.6
5370,0.002674102783203125,0.0,21.6
5371,0.0007681846618652344,0.0,22.0
5372,0.002857208251953125,0.0,21.6
5373,0.0006954669952392578,0.0,21.6
5374,0.002344369888305664,0.0,21.200000000000003
5375,0.0006299018859863281,0.0,20.400000000000002
5376,0.001996278762817383,0.0,19.6
5377,0.0014543533325195312,0.0,18.8
5378,0.0005888938903808594,0.0,17.6
5379,0.002047300338745117,0.0,16.400000000000002
5380,0.0005910396575927734,0.0,15.200000000000001
5381,0.002653837203979492,0.0,13.600000000000001
5382,0.0006127357482910156,0.0,12.0
5383,0.002782106399536133,0.0,10.4
5384,0.00286865234375,0.0,8.8
5385,0.002283811569213867,0.0,6.800000000000001
5386,0.0022809505462646484,0.0,5.2
5387,0.0024154186248779297,0.0,3.2
5388,0.0005881786346435547,0.0,1.2000000000000002
5389,0.002172708511352539,0.0,-0.8
5390,0.0021653175354003906,0.0,-2.8000000000000003
5391,0.0006344318389892578,0.0,-4.4
5392,0.0020265579223632812,0.0,-6.4
5393,0.002447843551635742,0.0,-8.4
5394,0.0008294582366943359,0.0,-10.0
5395,0.0021674633026123047,0.0,-11.600000000000001
5396,0.0006301403045654297,0.0,-13.200000000000001
5397,0.002632617950439453,0.0,-14.8
5398,0.002260446548461914,0.0,-16.0
5399,0.002559661865234375,0.0,-17.2
5400,0.0020830631256103516,0.0,-18.0
5401,0.0006709098815917969,0.0,-19.200000000000003
5402,0.0024826526641845703,0.0,-20.0
5403,0.0006618499755859375,0.0,-20.400000000000002
5404,0.0023643970489501953,0.0,-20.8
5405,0.0018241405487060547,0.0,-21.200000000000003
5406,0.002196073532104492,0.0,-21.200000000000003
5407,0.002453327178955078,0.0,-21.200000000000003
5408,0.002226591110229492,0.0,-20.8
5409,0.002582073211669922,0.0,-20.400000000000002
5410,0.002116680145263672,0.0,-20.0
5411,0.0006279945373535156,0.0,-19.200000000000003
5412,0.0014834403991699219,0.0,-18.400000000000002
5413,0.00202178955078125,0.0,-17.2
5414,0.002499818801879883,0.0,-16.400000000000002
5415,0.002043485641479492,0.0,-14.8
5416,0.0023963451385498047,0.0,-13.600000000000001
5417,0.0006670951843261719,0.0,-12.0
5418,0.0019960403442382812,0.0,-10.4
5419,0.0006194114685058594,0.0,-8.8
5420,0.00264739990234375,0.0,-7.2
5421,0.002105236053466797,0.0,-5.2
5422,0.0006237030029296875,0.0,-3.2
5423,0.0021393299102783203,0.0,-1.6
5424,0.0006260871887207031,0.0,0.4
5425,0.002739429473876953,0.0,2.0
5426,0.0005941390991210938,0.0,4.0
5427,0.002004861831665039,0.0,6.0
5428,0.0022559165954589844,0.0,7.6000000000000005
5429,0.0006296634674072266,0.0,9.200000000000001
5430,0.002224445343017578,0.0,10.8
5431,0.00060272216796875,0.0,12.4
5432,0.0019762516021728516,0.0,14.0
5433,0.0005867481231689453,0.0,15.200000000000001
5434,0.0025696754455566406,0.0,16.400000000000002
5435,0.002329587936401367,0.0,17.2
5436,0.0005767345428466797,0.0,18.400000000000002
5437,0.0022177696228027344,0.0,18.8
5438,0.0005571842193603516,0.0,19.6
5439,0.002051830291748047,0.0,20.0
5440,0.0018067359924316406,0.0,20.400000000000002
5441,0.0005729198455810547,0.0,20.400000000000002
5442,0.0016765594482421875,0.0,20.400000000000002
5443,0.0025272369384765625,0.0,20.400000000000002
5444,0.0026459693908691406,0.0,20.0
5445,0.0006246566772460938,0.0,19.200000000000003
5446,0.0023038387298583984,0.0,18.8
5447,0.0006618499755859375,0.0,18.0
5448,0.0019388198852539062,0.0,16.8
5449,0.0024623870849609375,0.0,15.600000000000001
5450,0.0021567344665527344,0.0,14.4
5451,0.0022711753845214844,0.0,13.200000000000001
5452,0.0023577213287353516,0.0,11.600000000000001
5453,0.0021245479583740234,0.0,10.4
5454,0.002543210983276367,0.0,8.8
5455,0.0007023811340332031,0.0,6.800000000000001
5456,0.002218484878540039,0.0,5.2
5457,0.0006036758422851562,0.0,3.6
5458,0.002194643020629883,0.0,1.6
5459,0.0027112960815429688,0.0,0.0
5460,0.0023179054260253906,0.0,-2.0
5461,0.0024666786193847656,0.0,-3.6
5462,0.002434968948364258,0.0,-5.6000000000000005
5463,0.0005955696105957031,0.0,-7.2
5464,0.0022754669189453125,0.0,-8.8
5465,0.0005869865417480469,0.0,-10.4
5466,0.0025866031646728516,0.0,-12.0
5467,0.002170562744140625,0.0,-13.200000000000001
5468,0.001960277557373047,0.0,-14.4
5469,0.0006175041198730469,0.0,-15.600000000000001
5470,0.002290010452270508,0.0,-16.8
5471,0.002064228057861328,0.0,-17.6
5472,0.002115011215209961,0.0,-18.400000000000002
5473,0.002231597900390625,0.0,-18.8
5474,0.0023021697998046875,0.0,-19.6
5475,0.0006303787231445312,0.0,-19.6
5476,0.002295970916748047,0.0,-20.0
5477,0.0006525516510009766,0.0,-20.0
5478,0.0025153160095214844,0.0,-19.6
5479,0.0005993843078613281,0.0,-19.200000000000003
5480,0.002302408218383789,0.0,-18.8
5481,0.0005762577056884766,0.0,-18.0
5482,0.0024688243865966797,0.0,-17.6
5483,0.0005860328674316406,0.0,-16.400000000000002
5484,0.0022134780883789062,0.0,-15.600000000000001
5485,0.0005397796630859375,0.0,-14.4
5486,0.002245187759399414,0.0,-12.8
5487,0.000530242919921875,0.0,-11.600000000000001
5488,0.0016963481903076172,0.0,-10.0
5489,0.002177715301513672,0.0,-8.4
5490,0.0006492137908935547,0.0,-6.800000000000001
5491,0.002931833267211914,0.0,-5.2
5492,0.0006234645843505859,0.0,-3.6
5493,0.0025568008422851562,0.0,-2.0
5494,0.0008397102355957031,0.0,0.0
5495,0.0023386478424072266,0.0,1.6
5496,0.0005807876586914062,0.0,3.2
5497,0.002441883087158203,0.0,5.2
5498,0.0007045269012451172,0.0,6.800000000000001
5499,0.002500295639038086,0.0,8.4
5500,0.0022840499877929688,0.0,10.0
5501,0.0006711483001708984,0.0,11.200000000000001
5502,0.0022406578063964844,0.0,12.8
5503,0.0024662017822265625,0.0,14.0
5504,0.0020759105682373047,0.0,14.8
5505,0.002449512481689453,0.0,16.0
5506,0.000621795654296875,0.0,16.8
5507,0.0021827220916748047,0.0,17.6
5508,0.0006656646728515625,0.0,18.400000000000002
5509,0.002144336700439453,0.0,18.8
5510,0.002144336700439453,0.0,18.8
5511,0.002290010452270508,0.0,18.8
5512,0.002552509307861328,0.0,19.200000000000003
5513,0.0006306171417236328,0.0,19.200000000000003
5514,0.0024607181549072266,0.0,18.8
5515,0.002195119857788086,0.0,18.8
5516,0.002227306365966797,0.0,18.0
5517,0.00266265869140625,0.0,17.6
5518,0.0020134449005126953,0.0,16.8
5519,0.0006463527679443359,0.0,16.0
5520,0.002121448516845703,0.0,14.8
5521,0.002321958541870117,0.0,14.0
5522,0.0024302005767822266,0.0,12.8
5523,0.0015633106231689453,0.0,11.200000000000001
5524,0.0005860328674316406,0.0,10.0
5525,0.002508401870727539,0.0,8.4
5526,0.0005733966827392578,0.0,6.800000000000001
5527,0.0021533966064453125,0.0,5.2
5528,0.0005710124969482422,0.0,3.6
5529,0.002214670181274414,0.0,2.0
5530,0.0005559921264648438,0.0,0.0
5531,0.0026497840881347656,0.0,-1.6
5532,0.0022094249725341797,0.0,-3.2
5533,0.0005500316619873047,0.0,-4.800000000000001
5534,0.0022597312927246094,0.0,-6.4
5535,0.00038814544677734375,0.0,-8.0
5536,0.00046896934509277344,0.0,-9.600000000000001
5537,0.0004916191101074219,0.0,-10.8
5538,0.00044608116149902344,0.0,-12.0
5539,0.0005738735198974609,0.0,-13.200000000000001
5540,0.0005519390106201172,0.0,-14.4
5541,0.0021431446075439453,0.0,-15.600000000000001
5542,0.0005757808685302734,0.0,-16.400000000000002
5543,0.0023756027221679688,0.0,-17.2
5544,0.0006277561187744141,0.0,-17.6
5545,0.002555370330810547,0.0,-18.0
5546,0.0005829334259033203,0.0,-18.400000000000002
5547,0.0023839473724365234,0.0,-18.400000000000002
5548,0.0007507801055908203,0.0,-18.400000000000002
5549,0.0023546218872070312,0.0,-18.400000000000002
5550,0.0020668506622314453,0.0,-18.0
5551,0.00072479248046875,0.0,-17.6
5552,0.0025620460510253906,0.0,-17.2
5553,0.0006532669067382812,0.0,-16.400000000000002
5554,0.0025010108947753906,0.0,-15.600000000000001
5555,0.0006062984466552734,0.0,-14.8
5556,0.0019221305847167969,0.0,-13.600000000000001
5557,0.0005600452423095703,0.0,-12.4
5558,0.001874685287475586,0.0,-11.200000000000001
5559,0.0007882118225097656,0.0,-9.600000000000001
5560,0.0023162364959716797,0.0,-8.4
5561,0.0022287368774414062,0.0,-5.2
5562,0.0006093978881835938,0.0,-3.6
5563,0.002033710479736328,0.0,-2.0
5564,0.0007894039154052734,0.0,-0.4
5565,0.0027010440826416016,0.0,1.2000000000000002
5566,0.0005702972412109375,0.0,2.8000000000000003
5567,0.0022172927856445312,0.0,4.4
5568,0.002371072769165039,0.0,6.0
5569,0.0022001266479492188,0.0,7.6000000000000005
5570,0.002269744873046875,0.0,8.8
5571,0.0022363662719726562,0.0,10.4
5572,0.0005853176116943359,0.0,11.600000000000001
5573,0.002214670181274414,0.0,12.8
5574,0.002241373062133789,0.0,14.0
5575,0.0005884170532226562,0.0,14.8
5576,0.002385854721069336,0.0,15.600000000000001
5577,0.000560760498046875,0.0,16.400000000000002
5578,0.002145051956176758,0.0,16.8
5579,0.0005590915679931641,0.0,17.6
5580,0.0022437572479248047,0.0,17.6
5581,0.0006501674652099609,0.0,18.0
5582,0.001619100570678711,0.0,18.0
5583,0.0005486011505126953,0.0,17.6
5584,0.0022802352905273438,0.0,17.6
5585,0.0005536079406738281,0.0,17.2
5586,0.002152681350708008,0.0,16.400000000000002
5587,0.0005407333374023438,0.0,16.0
5588,0.0023484230041503906,0.0,15.200000000000001
5589,0.0005481243133544922,0.0,14.0
5590,0.002321958541870117,0.0,13.200000000000001
5591,0.0005924701690673828,0.0,12.0
5592,0.002054452896118164,0.0,10.8
5593,0.0006275177001953125,0.0,9.600000000000001
5594,0.0021965503692626953,0.0,8.0
5595,0.0005903244018554688,0.0,6.4
5596,0.0034406185150146484,0.0,5.2
5597,0.0006058216094970703,0.0,3.6
5598,0.002577066421508789,0.0,2.0
5599,0.0019807815551757812,0.0,0.4
5600,0.0020651817321777344,0.0,-1.2000000000000002
5601,0.0023572444915771484,0.0,-2.8000000000000003
5602,0.0022192001342773438,0.0,-4.4
5603,0.002503633499145508,0.0,-6.0
5604,0.0006916522979736328,0.0,-7.2
5605,0.002077817916870117,0.0,-8.8
5606,0.0006678104400634766,0.0,-10.0
5607,0.002202272415161133,0.0,-11.200000000000001
5608,0.0025501251220703125,0.0,-12.4
5609,0.0021359920501708984,0.0,-13.600000000000001
5610,0.002387523651123047,0.0,-14.4
5611,0.0006525516510009766,0.0,-15.200000000000001
5612,0.002199411392211914,0.0,-16.0
5613,0.0006237030029296875,0.0,-16.400000000000002
5614,0.0022640228271484375,0.0,-16.8
5615,0.002275705337524414,0.0,-17.2
5616,0.0006344318389892578,0.0,-17.2
5617,0.0024750232696533203,0.0,-17.2
5618,0.0005793571472167969,0.0,-17.2
5619,0.0023665428161621094,0.0,-17.2
5620,0.0022826194763183594,0.0,-16.8
5621,0.0024323463439941406,0.0,-16.0
5622,0.0021185874938964844,0.0,-15.600000000000001
5623,0.0005877017974853516,0.0,-14.8
5624,0.002174854278564453,0.0,-13.600000000000001
5625,0.0006010532379150391,0.0,-12.8
5626,0.0019068717956542969,0.0,-11.600000000000001
5627,0.0006062984466552734,0.0,-10.4
5628,0.0028166770935058594,0.0,-9.200000000000001
5629,0.0005505084991455078,0.0,-8.0
5630,0.0025517940521240234,0.0,-6.4
5631,0.0007739067077636719,0.0,-5.2
5632,0.001611948013305664,0.0,-3.6
5633,0.0022292137145996094,0.0,-2.0
5634,0.0007078647613525391,0.0,-0.4
5635,0.002237081527709961,0.0,1.2000000000000002
5636,0.0023393630981445312,0.0,2.4000000000000004
5637,0.0006737709045410156,0.0,4.0
5638,0.0025093555450439453,0.0,5.6000000000000005
5639,0.0006024837493896484,0.0,6.800000000000001
5640,0.002089977264404297,0.0,8.4
5641,0.0005433559417724609,0.0,9.600000000000001
5642,0.0018460750579833984,0.0,10.8
5643,0.0021696090698242188,0.0,12.0
5644,0.002155303955078125,0.0,12.8
5645,0.0019273757934570312,0.0,13.600000000000001
5646,0.0006155967712402344,0.0,14.4
5647,0.0020875930786132812,0.0,15.200000000000001
5648,0.0007503032684326172,0.0,15.600000000000001
5649,0.00298309326171875,0.0,16.400000000000002
5650,0.0019981861114501953,0.0,16.400000000000002
5651,0.0021157264709472656,0.0,16.8
5652,0.0020983219146728516,0.0,16.8
5653,0.002489805221557617,0.0,16.8
5654,0.0020956993103027344,0.0,16.400000000000002
5655,0.0007066726684570312,0.0,16.0
5656,0.002254486083984375,0.0,15.600000000000001
5657,0.0021219253540039062,0.0,14.8
5658,0.0024251937866210938,0.0,14.0
5659,0.0021860599517822266,0.0,13.200000000000001
5660,0.002191781997680664,0.0,12.4
5661,0.0022211074829101562,0.0,11.200000000000001
5662,0.0023870468139648438,0.0,10.0
5663,0.0023870468139648438,0.0,10.0
5664,0.002347707748413086,0.0,8.8
5665,0.0020394325256347656,0.0,7.6000000000000005
5666,0.0006537437438964844,0.0,6.4
5667,0.0022389888763427734,0.0,4.800000000000001
5668,0.0023908615112304688,0.0,3.6
5669,0.0006856918334960938,0.0,2.0
5670,0.002250194549560547,0.0,0.4
5671,0.002156972885131836,0.0,-1.2000000000000002
5672,0.0021829605102539062,0.0,-2.4000000000000004
5673,0.002149343490600586,0.0,-4.0
5674,0.002499103546142578,0.0,-5.2
5675,0.002518892288208008,0.0,-6.800000000000001
5676,0.0024497509002685547,0.0,-8.0
5677,0.002098560333251953,0.0,-9.200000000000001
5678,0.0006220340728759766,0.0,-10.4
5679,0.00267791748046875,0.0,-11.600000000000001
5680,0.000614166259765625,0.0,-12.4
5681,0.0021448135375976562,0.0,-13.200000000000001
5682,0.0005550384521484375,0.0,-14.0
5683,0.002270936965942383,0.0,-14.8
5684,0.0025196075439453125,0.0,-15.200000000000001
5685,0.002295970916748047,0.0,-15.600000000000001
5686,0.0022492408752441406,0.0,-16.0
5687,0.0005769729614257812,0.0,-16.400000000000002
5688,0.0024437904357910156,0.0,-16.400000000000002
5689,0.002599477767944336,0.0,-16.0
5690,0.0005974769592285156,0.0,-16.0
5691,0.0026056766510009766,0.0,-15.600000000000001
5692,0.0005979537963867188,0.0,-15.200000000000001
5693,0.0028078556060791016,0.0,-14.4
5694,0.0005905628204345703,0.0,-13.600000000000001
5695,0.001102447509765625,0.0,-12.8
5696,0.0005440711975097656,0.0,-12.0
5697,0.0017917156219482422,0.0,-10.8
5698,0.0013217926025390625,0.0,-10.0
5699,0.0009710788726806641,0.0,-8.8
5700,0.0021767616271972656,0.0,-7.6000000000000005
5701,0.002198934555053711,0.0,-6.0
5702,0.0005145072937011719,0.0,-4.800000000000001
5703,0.002338886260986328,0.0,-3.2
5704,0.0007359981536865234,0.0,-2.0
5705,0.0025403499603271484,0.0,-0.4
5706,0.0024085044860839844,0.0,0.8
5707,0.0006382465362548828,0.0,2.4000000000000004
5708,0.0014829635620117188,0.0,3.6
5709,0.002269268035888672,0.0,5.2
5710,0.002638578414916992,0.0,6.4
5711,0.0022208690643310547,0.0,7.6000000000000005
5712,0.0023632049560546875,0.0,8.8
5713,0.002107381820678711,0.0,10.0
5714,0.0012030601501464844,0.0,11.200000000000001
5715,0.0013346672058105469,0.0,12.0
5716,0.0012593269348144531,0.0,12.8
5717,0.0016748905181884766,0.0,13.600000000000001
5718,0.0020563602447509766,0.0,14.4
5719,0.0016372203826904297,0.0,14.8
5720,0.0022199153900146484,0.0,15.200000000000001
5721,0.0008320808410644531,0.0,15.600000000000001
5722,0.0026628971099853516,0.0,15.600000000000001
5723,0.0015828609466552734,0.0,15.600000000000001
5724,0.0017955303192138672,0.0,15.600000000000001
5725,0.000720977783203125,0.0,15.200000000000001
5726,0.0025491714477539062,0.0,14.8
5727,0.0022459030151367188,0.0,14.4
5728,0.0006258487701416016,0.0,14.0
5729,0.0022020339965820312,0.0,13.200000000000001
5730,0.00064849853515625,0.0,12.4
5731,0.002429962158203125,0.0,11.600000000000001
5732,0.0006678104400634766,0.0,10.4
5733,0.0023849010467529297,0.0,9.600000000000001
5734,0.002160310745239258,0.0,8.4
5735,0.0004730224609375,0.0,7.2
5736,0.0023124217987060547,0.0,6.0
5737,0.0006847381591796875,0.0,4.4
5738,0.0023818016052246094,0.0,3.2
5739,0.0006718635559082031,0.0,1.6
5740,0.001230001449584961,0.0,0.4
5741,0.0005886554718017578,0.0,-0.8
5742,0.0022928714752197266,0.0,-2.4000000000000004
5743,0.0005612373352050781,0.0,-3.6
5744,0.0027625560760498047,0.0,-5.2
5745,0.0006182193756103516,0.0,-6.4
5746,0.002287149429321289,0.0,-7.6000000000000005
5747,0.0006012916564941406,0.0,-8.8
5748,0.0022804737091064453,0.0,-9.600000000000001
5749,0.0023431777954101562,0.0,-10.8
5750,0.002208709716796875,0.0,-11.600000000000001
5751,0.0029709339141845703,0.0,-12.4
5752,0.002461671829223633,0.0,-13.200000000000001
5753,0.000732421875,0.0,-14.0
5754,0.002285003662109375,0.0,-14.4
5755,0.0021638870239257812,0.0,-14.8
5756,0.00215911865234375,0.0,-15.200000000000001
5757,0.0019948482513427734,0.0,-15.200000000000001
5758,0.0023949146270751953,0.0,-15.200000000000001
5759,0.001850128173828125,0.0,-15.200000000000001
5760,0.0023345947265625,0.0,-14.8
5761,0.0007073879241943359,0.0,-14.4
5762,0.0023124217987060547,0.0,-14.0
5763,0.001628875732421875,0.0,-13.600000000000001
5764,0.002294301986694336,0.0,-12.8
5765,0.0020046234130859375,0.0,-12.0
5766,0.0023262500762939453,0.0,-11.200000000000001
5767,0.0022339820861816406,0.0,-10.4
5768,0.0022535324096679688,0.0,-9.200000000000001
5769,0.002271890640258789,0.0,-8.0
5770,0.0021724700927734375,0.0,-6.800000000000001
5771,0.0022695064544677734,0.0,-5.6000000000000005
5772,0.0019936561584472656,0.0,-4.4
5773,0.0007135868072509766,0.0,-3.2
5774,0.0020732879638671875,0.0,-2.0
5775,0.002112150192260742,0.0,-0.4
5776,0.002749919891357422,0.0,0.8
5777,0.0023462772369384766,0.0,2.0
5778,0.002349376678466797,0.0,3.6
5779,0.0005104541778564453,0.0,4.800000000000001
5780,0.000621795654296875,0.0,6.0
5781,0.00037860870361328125,0.0,7.2
5782,0.00037860870361328125,0.0,7.2
5783,0.00034689903259277344,0.0,8.4
5784,0.00015473365783691406,0.0,9.200000000000001
5785,0.0004668235778808594,0.0,10.4
5786,0.00022411346435546875,0.0,11.200000000000001
5787,0.0003902912139892578,0.0,12.0
5788,0.00015163421630859375,0.0,12.8
5789,0.0005822181701660156,0.0,13.200000000000001
5790,0.0002231597900390625,0.0,13.600000000000001
5791,0.0007250308990478516,0.0,14.0
5792,0.001474142074584961,0.0,14.4
5793,0.0007786750793457031,0.0,14.4
5794,0.002446413040161133,0.0,14.4
5795,0.0007388591766357422,0.0,14.4
5796,0.0024368762969970703,0.0,14.4
5797,0.0006473064422607422,0.0,14.0
5798,0.0025205612182617188,0.0,13.600000000000001
5799,0.0024449825286865234,0.0,12.8
5800,0.0007627010345458984,0.0,12.4
5801,0.0021715164184570312,0.0,11.600000000000001
5802,0.0006890296936035156,0.0,10.8
5803,0.0025107860565185547,0.0,9.600000000000001
5804,0.002681255340576172,0.0,8.8
5805,0.0023610591888427734,0.0,7.6000000000000005
5806,0.0006451606750488281,0.0,6.4
5807,0.0020780563354492188,0.0,5.2
5808,0.0020732879638671875,0.0,4.0
5809,0.002668619155883789,0.0,2.8000000000000003
5810,0.0023953914642333984,0.0,1.6
5811,0.0006594657897949219,0.0,0.4
5812,0.0025017261505126953,0.0,-0.8
5813,0.0006399154663085938,0.0,-2.4000000000000004
5814,0.0018041133880615234,0.0,-3.6
5815,0.00226593017578125,0.0,-4.800000000000001
5816,0.0024862289428710938,0.0,-6.0
5817,0.0020618438720703125,0.0,-7.2
5818,0.00061798095703125,0.0,-8.0
5819,0.001916646957397461,0.0,-9.200000000000001
5820,0.0021038055419921875,0.0,-10.0
5821,0.0006341934204101562,0.0,-10.8
5822,0.0023202896118164062,0.0,-11.600000000000001
5823,0.002634286880493164,0.0,-12.4
5824,0.0025517940521240234,0.0,-12.8
5825,0.0025882720947265625,0.0,-13.600000000000001
5826,0.0025169849395751953,0.0,-13.600000000000001
5827,0.002393007278442383,0.0,-14.0
5828,0.002196073532104492,0.0,-14.0
5829,0.0024924278259277344,0.0,-14.0
5830,0.0006091594696044922,0.0,-14.0
5831,0.0026242733001708984,0.0,-14.0
5832,0.0006265640258789062,0.0,-13.600000000000001
5833,0.00255584716796875,0.0,-13.200000000000001
5834,0.0007672309875488281,0.0,-12.4
5835,0.002572298049926758,0.0,-12.0
5836,0.0005698204040527344,0.0,-11.200000000000001
5837,0.0018618106842041016,0.0,-10.4
5838,0.0006213188171386719,0.0,-9.600000000000001
5839,0.0028078556060791016,0.0,-8.4
5840,0.0005359649658203125,0.0,-7.6000000000000005
5841,0.002389669418334961,0.0,-6.4
5842,0.002023935317993164,0.0,-5.2
5843,0.00057220458984375,0.0,-4.0
5844,0.002194643020629883,0.0,-2.8000000000000003
5845,0.0006275177001953125,0.0,-1.6
5846,0.0023026466369628906,0.0,-0.4
5847,0.0020742416381835938,0.0,0.8
5848,0.002530813217163086,0.0,2.0
5849,0.002176523208618164,0.0,3.2
5850,0.002277374267578125,0.0,4.4
5851,0.00191497802734375,0.0,5.6000000000000005
5852,0.002480745315551758,0.0,6.800000000000001
5853,0.0007140636444091797,0.0,8.0
5854,0.002219676971435547,0.0,8.8
5855,0.0006608963012695312,0.0,9.600000000000001
5856,0.002496480941772461,0.0,10.4
5857,0.0005786418914794922,0.0,11.200000000000001
5858,0.002299070358276367,0.0,12.0
5859,0.0019328594207763672,0.0,12.4
5860,0.0005617141723632812,0.0,12.8
5861,0.0028345584869384766,0.0,13.200000000000001
5862,0.0006341934204101562,0.0,13.600000000000001
5863,0.0024933815002441406,0.0,13.600000000000001
5864,0.002350330352783203,0.0,13.600000000000001
5865,0.0028138160705566406,0.0,13.600000000000001
5866,0.0027976036071777344,0.0,13.200000000000001
5867,0.0019237995147705078,0.0,12.8
5868,0.0005707740783691406,0.0,12.4
5869,0.001687765121459961,0.0,12.0
5870,0.000553131103515625,0.0,11.600000000000001
5871,0.0017330646514892578,0.0,10.8
5872,0.0006206035614013672,0.0,10.0
5873,0.002550363540649414,0.0,9.200000000000001
5874,0.0007424354553222656,0.0,8.0
5875,0.002114534378051758,0.0,7.2
5876,0.0005936622619628906,0.0,6.0
5877,0.00228118896484375,0.0,4.800000000000001
5878,0.0005333423614501953,0.0,3.6
5879,0.0019478797912597656,0.0,2.4000000000000004
5880,0.002482891082763672,0.0,1.2000000000000002
5881,0.0005557537078857422,0.0,0.0
5882,0.0026826858520507812,0.0,-1.2000000000000002
5883,0.0005588531494140625,0.0,-2.4000000000000004
5884,0.0022780895233154297,0.0,-3.2
5885,0.0005514621734619141,0.0,-4.4
5886,0.0016722679138183594,0.0,-5.6000000000000005
5887,0.00054931640625,0.0,-6.800000000000001
5888,0.00247955322265625,0.0,-7.6000000000000005
5889,0.0006315708160400391,0.0,-8.8
5890,0.0022373199462890625,0.0,-9.600000000000001
5891,0.0008053779602050781,0.0,-10.4
5892,0.0024039745330810547,0.0,-11.200000000000001
5893,0.0025718212127685547,0.0,-11.600000000000001
5894,0.0007321834564208984,0.0,-12.0
5895,0.0021924972534179688,0.0,-12.4
5896,0.000659942626953125,0.0,-12.8
5897,0.002051115036010742,0.0,-13.200000000000001
5898,0.0006561279296875,0.0,-13.200000000000001
5899,0.0019838809967041016,0.0,-13.200000000000001
5900,0.001847982406616211,0.0,-13.200000000000001
5901,0.0006744861602783203,0.0,-12.8
5902,0.0020067691802978516,0.0,-12.8
5903,0.0006992816925048828,0.0,-12.0
5904,0.0020995140075683594,0.0,-11.600000000000001
5905,0.0006387233734130859,0.0,-11.200000000000001
5906,0.001985788345336914,0.0,-10.4
5907,0.0005688667297363281,0.0,-9.600000000000001
5908,0.0019156932830810547,0.0,-8.8
5909,0.0005624294281005859,0.0,-8.0
5910,0.0025701522827148438,0.0,-6.800000000000001
5911,0.0006282329559326172,0.0,-6.0
5912,0.0025892257690429688,0.0,-4.800000000000001
5913,0.0006518363952636719,0.0,-3.6
5914,0.0019931793212890625,0.0,-2.4000000000000004
5915,0.0006241798400878906,0.0,-1.2000000000000002
5916,0.0024564266204833984,0.0,-0.4
5917,0.002806425094604492,0.0,0.8
5918,0.0023212432861328125,0.0,2.0
5919,0.002524852752685547,0.0,3.2
5920,0.0020189285278320312,0.0,4.4
5921,0.0023665428161621094,0.0,5.6000000000000005
5922,0.00061798095703125,0.0,6.4
5923,0.002360820770263672,0.0,7.6000000000000005
5924,0.0018944740295410156,0.0,8.4
5925,0.0006682872772216797,0.0,9.200000000000001
5926,0.0013568401336669922,0.0,10.0
5927,0.0006239414215087891,0.0,10.4
5928,0.0013692378997802734,0.0,11.200000000000001
5929,0.0018279552459716797,0.0,11.600000000000001
5930,0.0020904541015625,0.0,12.0
5931,0.0027892589569091797,0.0,12.4
5932,0.0006134510040283203,0.0,12.4
5933,0.002740621566772461,0.0,12.8
5934,0.0005924701690673828,0.0,12.8
5935,0.002434253692626953,0.0,12.4
5936,0.0005681514739990234,0.0,12.4
5937,0.0019388198852539062,0.0,12.0
5938,0.0005669593811035156,0.0,11.600000000000001
5939,0.003131866455078125,0.0,11.200000000000001
5940,0.0005893707275390625,0.0,10.4
5941,0.0022547245025634766,0.0,10.0
5942,0.0024042129516601562,0.0,9.200000000000001
5943,0.0005862712860107422,0.0,8.4
5944,0.0033273696899414062,0.0,7.6000000000000005
5945,0.0005769729614257812,0.0,6.4
5946,0.002325773239135742,0.0,5.6000000000000005
5947,0.0006089210510253906,0.0,4.4
5948,0.0021333694458007812,0.0,3.6
5949,0.0006797313690185547,0.0,2.4000000000000004
5950,0.002008199691772461,0.0,1.2000000000000002
5951,0.0006678104400634766,0.0,0.0
5952,0.0025627613067626953,0.0,-1.2000000000000002
5953,0.0006394386291503906,0.0,-2.0
5954,0.00223541259765625,0.0,-3.2
5955,0.002241373062133789,0.0,-4.4
5956,0.0024406909942626953,0.0,-5.2
5957,0.0027434825897216797,0.0,-6.4
5958,0.002147197723388672,0.0,-7.2
5959,0.002147197723388672,0.0,-7.2
5960,0.0019638538360595703,0.0,-8.0
5961,0.002441883087158203,0.0,-8.8
5962,0.0019254684448242188,0.0,-9.600000000000001
5963,0.000667572021484375,0.0,-10.4
5964,0.002291440963745117,0.0,-10.8
5965,0.00197601318359375,0.0,-11.200000000000001
5966,0.0006473064422607422,0.0,-11.600000000000001
5967,0.0022759437561035156,0.0,-12.0
5968,0.002343416213989258,0.0,-12.4
5969,0.00215911865234375,0.0,-12.4
5970,0.0006301403045654297,0.0,-12.4
5971,0.0027937889099121094,0.0,-12.4
5972,0.0022192001342773438,0.0,-12.0
5973,0.0020678043365478516,0.0,-11.600000000000001
5974,0.0030951499938964844,0.0,-11.200000000000001
5975,0.0006656646728515625,0.0,-10.8
5976,0.0028553009033203125,0.0,-10.4
5977,0.0006232261657714844,0.0,-9.600000000000001
5978,0.0023355484008789062,0.0,-8.8
5979,0.0018770694732666016,0.0,-8.0
5980,0.0005900859832763672,0.0,-7.2
5981,0.0019237995147705078,0.0,-6.4
5982,0.0026688575744628906,0.0,-5.2
5983,0.0006077289581298828,0.0,-4.4
5984,0.003143310546875,0.0,-3.2
5985,0.0005650520324707031,0.0,-2.4000000000000004
5986,0.0023276805877685547,0.0,-1.2000000000000002
5987,0.0005466938018798828,0.0,0.0
5988,0.002628326416015625,0.0,1.2000000000000002
5989,0.0029261112213134766,0.0,2.0
5990,0.0005900859832763672,0.0,3.2
5991,0.0023148059844970703,0.0,4.0
5992,0.0005884170532226562,0.0,5.2
5993,0.0020754337310791016,0.0,6.0
5994,0.0005769729614257812,0.0,7.2
5995,0.0025899410247802734,0.0,8.0
5996,0.0005750656127929688,0.0,8.8
5997,0.0023009777069091797,0.0,9.200000000000001
5998,0.0005583763122558594,0.0,10.0
5999,0.002238750457763672,0.0,10.4
6000,0.0006592273712158203,0.0,10.8
6001,0.0023512840270996094,0.0,11.200000000000001
6002,0.0005810260772705078,0.0,11.600000000000001
6003,0.0023164749145507812,0.0,11.600000000000001
6004,0.0018534660339355469,0.0,12.0
6005,0.0005562305450439453,0.0,12.0
6006,0.0019931793212890625,0.0,11.600000000000001
6007,0.0006043910980224609,0.0,11.600000000000001
6008,0.0026378631591796875,0.0,11.200000000000001
6009,0.002816438674926758,0.0,10.8
6010,0.002758026123046875,0.0,10.4
6011,0.001832723617553711,0.0,9.600000000000001
6012,0.0010867118835449219,0.0,9.200000000000001
6013,0.0025796890258789062,0.0,8.4
6014,0.002735614776611328,0.0,7.6000000000000005
6015,0.0006275177001953125,0.0,6.800000000000001
6016,0.002580404281616211,0.0,6.0
6017,0.002832174301147461,0.0,5.2
6018,0.0023539066314697266,0.0,4.0
6019,0.002507925033569336,0.0,3.2
6020,0.0017855167388916016,0.0,2.0
6021,0.0006306171417236328,0.0,0.8
6022,0.0024781227111816406,0.0,0.0
6023,0.001967191696166992,0.0,-1.2000000000000002
6024,0.0024268627166748047,0.0,-2.0
6025,0.0006237030029296875,0.0,-3.2
6026,0.0026390552520751953,0.0,-4.4
6027,0.0023670196533203125,0.0,-5.2
6028,0.0017616748809814453,0.0,-6.0
6029,0.002321481704711914,0.0,-6.800000000000001
6030,0.0019979476928710938,0.0,-7.6000000000000005
6031,0.0019307136535644531,0.0,-8.4
6032,0.0022597312927246094,0.0,-9.200000000000001
6033,0.0006337165832519531,0.0,-9.600000000000001
6034,0.002305269241333008,0.0,-10.4
6035,0.0006127357482910156,0.0,-10.8
6036,0.0024118423461914062,0.0,-11.200000000000001
6037,0.0005919933319091797,0.0,-11.200000000000001
6038,0.002438783645629883,0.0,-11.600000000000001
6039,0.0006346702575683594,0.0,-11.600000000000001
6040,0.002028226852416992,0.0,-11.600000000000001
6041,0.0005702972412109375,0.0,-11.200000000000001
6042,0.0016558170318603516,0.0,-11.200000000000001
6043,0.0005621910095214844,0.0,-10.8
6044,0.002787351608276367,0.0,-10.4
6045,0.0005714893341064453,0.0,-10.0
6046,0.002236604690551758,0.0,-9.600000000000001
6047,0.002329587936401367,0.0,-8.8
6048,0.0030007362365722656,0.0,-8.0
6049,0.0022068023681640625,0.0,-7.6000000000000005
6050,0.0006875991821289062,0.0,-6.800000000000001
6051,0.0019860267639160156,0.0,-5.6000000000000005
6052,0.0006887912750244141,0.0,-4.800000000000001
6053,0.0020220279693603516,0.0,-4.0
6054,0.0006263256072998047,0.0,-2.8000000000000003
6055,0.002552032470703125,0.0,-2.0
6056,0.0005786418914794922,0.0,-0.8
6057,0.0020515918731689453,0.0,0.0
6058,0.0005655288696289062,0.0,1.2000000000000002
6059,0.0024335384368896484,0.0,2.0
6060,0.0005364418029785156,0.0,3.2
6061,0.002541780471801758,0.0,4.0
6062,0.0006163120269775391,0.0,4.800000000000001
6063,0.0022764205932617188,0.0,6.0
6064,0.002420663833618164,0.0,6.800000000000001
6065,0.00212860107421875,0.0,7.6000000000000005
6066,0.0024988651275634766,0.0,8.0
6067,0.002036571502685547,0.0,8.8
6068,0.0021386146545410156,0.0,9.200000000000001
6069,0.0019218921661376953,0.0,10.0
6070,0.0006012916564941406,0.0,10.4
6071,0.002062082290649414,0.0,10.4
6072,0.0006318092346191406,0.0,10.8
6073,0.001964569091796875,0.0,10.8
6074,0.002095937728881836,0.0,11.200000000000001
6075,0.001795053482055664,0.0,10.8
6076,0.0021102428436279297,0.0,10.8
6077,0.0022580623626708984,0.0,10.8
6078,0.0006172657012939453,0.0,10.4
6079,0.0023114681243896484,0.0,10.0
6080,0.0018525123596191406,0.0,9.600000000000001
6081,0.0024542808532714844,0.0,8.8
6082,0.0026726722717285156,0.0,8.4
6083,0.0021409988403320312,0.0,7.6000000000000005
6084,0.0024580955505371094,0.0,6.800000000000001
6085,0.0017659664154052734,0.0,6.0
6086,0.002296924591064453,0.0,5.2
6087,0.0006263256072998047,0.0,4.4
6088,0.0020112991333007812,0.0,3.6
6089,0.0020647048950195312,0.0,2.4000000000000004
6090,0.0006566047668457031,0.0,1.6
6091,0.0029397010803222656,0.0,0.8
6092,0.0006685256958007812,0.0,-0.4
6093,0.0023162364959716797,0.0,-1.2000000000000002
6094,0.0018308162689208984,0.0,-2.4000000000000004
6095,0.0006668567657470703,0.0,-3.2
6096,0.002026081085205078,0.0,-4.0
6097,0.0006349086761474609,0.0,-5.2
6098,0.002074718475341797,0.0,-6.0
6099,0.0008971691131591797,0.0,-6.800000000000001
6100,0.0008971691131591797,0.0,-6.800000000000001
6101,0.0018720626831054688,0.0,-7.2
6102,0.0007262229919433594,0.0,-8.0
6103,0.0027434825897216797,0.0,-8.8
6104,0.0006542205810546875,0.0,-9.200000000000001
6105,0.002229452133178711,0.0,-9.600000000000001
6106,0.0005843639373779297,0.0,-10.0
6107,0.002715587615966797,0.0,-10.4
6108,0.0027217864990234375,0.0,-10.4
6109,0.0005645751953125,0.0,-10.8
6110,0.0021898746490478516,0.0,-10.8
6111,0.0006191730499267578,0.0,-10.8
6112,0.002262115478515625,0.0,-10.8
6113,0.0018100738525390625,0.0,-10.4
6114,0.001844167709350586,0.0,-10.0
6115,0.0025377273559570312,0.0,-9.600000000000001
6116,0.0005817413330078125,0.0,-9.200000000000001
6117,0.002760171890258789,0.0,-8.8
6118,0.0005786418914794922,0.0,-8.0
6119,0.0025222301483154297,0.0,-7.6000000000000005
6120,0.0005908012390136719,0.0,-6.800000000000001
6121,0.002221822738647461,0.0,-6.0
6122,0.002277374267578125,0.0,-5.2
6123,0.0005850791931152344,0.0,-4.4
6124,0.0025043487548828125,0.0,-3.6
6125,0.0022270679473876953,0.0,-2.4000000000000004
6126,0.0025169849395751953,0.0,-1.6
6127,0.0025663375854492188,0.0,-0.8
6128,0.0021550655364990234,0.0,0.4
6129,0.0023756027221679688,0.0,1.2000000000000002
6130,0.0022623538970947266,0.0,2.0
6131,0.0027132034301757812,0.0,3.2
6132,0.0023720264434814453,0.0,4.0
6133,0.002234935760498047,0.0,4.800000000000001
6134,0.0006515979766845703,0.0,5.6000000000000005
6135,0.001983165740966797,0.0,6.4
6136,0.0005698204040527344,0.0,7.2
6137,0.0019683837890625,0.0,7.6000000000000005
6138,0.0005736351013183594,0.0,8.4
6139,0.0032792091369628906,0.0,8.8
6140,0.0006461143493652344,0.0,9.200000000000001
6141,0.0031843185424804688,0.0,9.600000000000001
6142,0.0005786418914794922,0.0,10.0
6143,0.0030455589294433594,0.0,10.0
6144,0.0006115436553955078,0.0,10.4
6145,0.002402067184448242,0.0,10.4
6146,0.002958059310913086,0.0,10.0
6147,0.0006163120269775391,0.0,10.0
6148,0.0005304813385009766,0.0,10.0
6149,0.0028390884399414062,0.0,9.600000000000001
6150,0.0021028518676757812,0.0,9.200000000000001
6151,0.00081634521484375,0.0,8.8
6152,0.0027163028717041016,0.0,8.4
6153,0.0018181800842285156,0.0,7.6000000000000005
6154,0.0007226467132568359,0.0,6.800000000000001
6155,0.0025191307067871094,0.0,6.4
6156,0.00067138671875,0.0,5.6000000000000005
6157,0.002021312713623047,0.0,4.800000000000001
6158,0.0006260871887207031,0.0,4.0
6159,0.0019791126251220703,0.0,3.2
6160,0.0006082057952880859,0.0,2.0
6161,0.0027627944946289062,0.0,1.2000000000000002
6162,0.000579833984375,0.0,0.4
6163,0.0023412704467773438,0.0,-0.4
6164,0.002507448196411133,0.0,-1.6
6165,0.0028009414672851562,0.0,-2.4000000000000004
6166,0.002481222152709961,0.0,-3.2
6167,0.0025835037231445312,0.0,-4.0
6168,0.0006067752838134766,0.0,-4.800000000000001
6169,0.0025985240936279297,0.0,-5.6000000000000005
6170,0.0027832984924316406,0.0,-6.4
6171,0.0016202926635742188,0.0,-7.2
6172,0.0024292469024658203,0.0,-7.6000000000000005
6173,0.0030031204223632812,0.0,-8.4
6174,0.0020737648010253906,0.0,-8.8
6175,0.002667665481567383,0.0,-9.200000000000001
6176,0.0018122196197509766,0.0,-9.600000000000001
6177,0.0006260871887207031,0.0,-9.600000000000001
6178,0.0025632381439208984,0.0,-10.0
6179,0.0006647109985351562,0.0,-10.0
6180,0.0020656585693359375,0.0,-10.0
6181,0.002431631088256836,0.0,-10.0
6182,0.0031197071075439453,0.0,-9.600000000000001
6183,0.0026292800903320312,0.0,-9.600000000000001
6184,0.000659942626953125,0.0,-9.200000000000001
6185,0.002009153366088867,0.0,-8.8
6186,0.002265453338623047,0.0,-8.4
6187,0.0006015300750732422,0.0,-8.0
6188,0.0022521018981933594,0.0,-7.2
6189,0.0005602836608886719,0.0,-6.800000000000001
6190,0.0019114017486572266,0.0,-6.0
6191,0.002735614776611328,0.0,-5.2
6192,0.0005948543548583984,0.0,-4.4
6193,0.0024089813232421875,0.0,-3.6
6194,0.000583648681640625,0.0,-2.8000000000000003
6195,0.001958131790161133,0.0,-2.0
6196,0.0005655288696289062,0.0,-1.2000000000000002
6197,0.0021381378173828125,0.0,-0.4
6198,0.0027785301208496094,0.0,0.4
6199,0.0008311271667480469,0.0,1.6
6200,0.0025358200073242188,0.0,2.4000000000000004
6201,0.0006473064422607422,0.0,3.2
6202,0.0026092529296875,0.0,4.0
6203,0.0005702972412109375,0.0,4.800000000000001
6204,0.0024023056030273438,0.0,5.6000000000000005
6205,0.0005633831024169922,0.0,6.0
6206,0.002299070358276367,0.0,6.800000000000001
6207,0.0006093978881835938,0.0,7.2
6208,0.002664327621459961,0.0,8.0
6209,0.0005850791931152344,0.0,8.4
6210,0.0033359527587890625,0.0,8.8
6211,0.0005450248718261719,0.0,9.200000000000001
6212,0.0023756027221679688,0.0,9.200000000000001
6213,0.0020608901977539062,0.0,9.600000000000001
6214,0.0005922317504882812,0.0,9.600000000000001
6215,0.002045154571533203,0.0,9.600000000000001
6216,0.0006000995635986328,0.0,9.600000000000001
6217,0.0020148754119873047,0.0,9.200000000000001
6218,0.002665996551513672,0.0,9.200000000000001
6219,0.0021142959594726562,0.0,8.8
6220,0.0026082992553710938,0.0,8.4
6221,0.0026924610137939453,0.0,8.0
6222,0.00222015380859375,0.0,7.6000000000000005
6223,0.0006265640258789062,0.0,6.800000000000001
6224,0.001459360122680664,0.0,6.4
6225,0.0011260509490966797,0.0,5.6000000000000005
6226,0.000598907470703125,0.0,4.800000000000001
6227,0.0019066333770751953,0.0,4.0
6228,0.002782583236694336,0.0,3.2
6229,0.0021746158599853516,0.0,2.4000000000000004
6230,0.002191305160522461,0.0,1.6
6231,0.002326488494873047,0.0,0.8
6232,0.0027604103088378906,0.0,0.0
6233,0.002131938934326172,0.0,-0.8
6234,0.0006346702575683594,0.0,-1.6
6235,0.0019259452819824219,0.0,-2.4000000000000004
6236,0.0006210803985595703,0.0,-3.2
6237,0.002128124237060547,0.0,-4.0
6238,0.0005810260772705078,0.0,-4.800000000000001
6239,0.0023169517517089844,0.0,-5.6000000000000005
6240,0.000568389892578125,0.0,-6.0
6241,0.0027747154235839844,0.0,-6.800000000000001
6242,0.0005590915679931641,0.0,-7.2
6243,0.002375364303588867,0.0,-7.6000000000000005
6244,0.0005421638488769531,0.0,-8.4
6245,0.0019812583923339844,0.0,-8.4
6246,0.000591278076171875,0.0,-8.8
6247,0.0018296241760253906,0.0,-9.200000000000001
6248,0.0007443428039550781,0.0,-9.200000000000001
6249,0.002538919448852539,0.0,-9.200000000000001
6250,0.0007729530334472656,0.0,-9.200000000000001
6251,0.0023298263549804688,0.0,-9.200000000000001
6252,0.0025157928466796875,0.0,-9.200000000000001
6253,0.0008368492126464844,0.0,-8.8
6254,0.0028412342071533203,0.0,-8.4
6255,0.0028412342071533203,0.0,-8.4
6256,0.0030884742736816406,0.0,-8.0
6257,0.0006082057952880859,0.0,-7.6000000000000005
6258,0.002987384796142578,0.0,-7.2
6259,0.0028312206268310547,0.0,-6.800000000000001
6260,0.0021126270294189453,0.0,-6.0
6261,0.002599477767944336,0.0,-5.6000000000000005
6262,0.0028634071350097656,0.0,-4.800000000000001
6263,0.0022301673889160156,0.0,-4.0
6264,0.002471923828125,0.0,-3.2
6265,0.002238750457763672,0.0,-2.4000000000000004
6266,0.0014133453369140625,0.0,-1.6
6267,0.0006320476531982422,0.0,-0.8
6268,0.0028421878814697266,0.0,0.0
6269,0.0006165504455566406,0.0,0.8
6270,0.002819538116455078,0.0,1.6
6271,0.0005779266357421875,0.0,2.4000000000000004
6272,0.0030303001403808594,0.0,3.2
6273,0.002233266830444336,0.0,4.0
6274,0.0018107891082763672,0.0,4.800000000000001
6275,0.002737283706665039,0.0,5.2
6276,0.0020797252655029297,0.0,6.0
6277,0.0018508434295654297,0.0,6.4
6278,0.0018639564514160156,0.0,7.2
6279,0.0006334781646728516,0.0,7.6000000000000005
6280,0.0025370121002197266,0.0,8.0
6281,0.0026531219482421875,0.0,8.4
6282,0.002708911895751953,0.0,8.4
6283,0.0006122589111328125,0.0,8.8
6284,0.0024619102478027344,0.0,8.8
6285,0.0005965232849121094,0.0,8.8
6286,0.002409696578979492,0.0,8.8
6287,0.0005805492401123047,0.0,8.8
6288,0.0022432804107666016,0.0,8.4
6289,0.0006203651428222656,0.0,8.4
6290,0.0023164749145507812,0.0,8.0
6291,0.0006098747253417969,0.0,7.6000000000000005
6292,0.0026328563690185547,0.0,7.2
6293,0.002354145050048828,0.0,6.800000000000001
6294,0.0019385814666748047,0.0,6.4
6295,0.0006432533264160156,0.0,5.6000000000000005
6296,0.001953601837158203,0.0,5.2
6297,0.0005855560302734375,0.0,4.4
6298,0.0020275115966796875,0.0,3.6
6299,0.0006186962127685547,0.0,2.8000000000000003
6300,0.0026688575744628906,0.0,2.0
6301,0.002835988998413086,0.0,1.2000000000000002
6302,0.0023736953735351562,0.0,0.4
6303,0.002280712127685547,0.0,0.0
6304,0.0027344226837158203,0.0,-0.8
6305,0.0021026134490966797,0.0,-1.6
6306,0.0007021427154541016,0.0,-2.4000000000000004
6307,0.0028493404388427734,0.0,-3.2
6308,0.0031347274780273438,0.0,-4.0
6309,0.002131938934326172,0.0,-4.800000000000001
6310,0.0023822784423828125,0.0,-5.2
6311,0.002456188201904297,0.0,-6.0
6312,0.0006554126739501953,0.0,-6.4
6313,0.001794576644897461,0.0,-6.800000000000001
6314,0.0006594657897949219,0.0,-7.2
6315,0.0020329952239990234,0.0,-7.6000000000000005
6316,0.001998424530029297,0.0,-8.0
6317,0.0026171207427978516,0.0,-8.4
6318,0.00225830078125,0.0,-8.4
6319,0.0024268627166748047,0.0,-8.4
6320,0.0017786026000976562,0.0,-8.8
6321,0.0006203651428222656,0.0,-8.8
6322,0.002372264862060547,0.0,-8.4
6323,0.002039670944213867,0.0,-8.4
6324,0.0006129741668701172,0.0,-8.0
6325,0.002026796340942383,0.0,-7.6000000000000005
6326,0.0017032623291015625,0.0,-7.6000000000000005
6327,0.0023369789123535156,0.0,-7.2
6328,0.0026628971099853516,0.0,-6.4
6329,0.0022840499877929688,0.0,-6.0
6330,0.002234220504760742,0.0,-5.6000000000000005
6331,0.0019478797912597656,0.0,-4.800000000000001
6332,0.0026204586029052734,0.0,-4.0
6333,0.0020287036895751953,0.0,-3.6
6334,0.0018486976623535156,0.0,-2.8000000000000003
6335,0.0027391910552978516,0.0,-2.0
6336,0.0006682872772216797,0.0,-1.2000000000000002
6337,0.002171754837036133,0.0,-0.4
6338,0.0006437301635742188,0.0,0.4
6339,0.002807140350341797,0.0,1.2000000000000002
6340,0.002081155776977539,0.0,1.6
6341,0.0006120204925537109,0.0,2.4000000000000004
6342,0.0024297237396240234,0.0,3.2
6343,0.0006744861602783203,0.0,4.0
6344,0.002269268035888672,0.0,4.4
6345,0.0005908012390136719,0.0,5.2
6346,0.0021305084228515625,0.0,5.6000000000000005
6347,0.0024061203002929688,0.0,6.4
6348,0.0005915164947509766,0.0,6.800000000000001
6349,0.0024890899658203125,0.0,7.2
6350,0.0006339550018310547,0.0,7.6000000000000005
6351,0.0021975040435791016,0.0,7.6000000000000005
6352,0.0006582736968994141,0.0,8.0
6353,0.0020232200622558594,0.0,8.0
6354,0.0018041133880615234,0.0,8.4
6355,0.0026602745056152344,0.0,8.4
6356,0.0006148815155029297,0.0,8.0
6357,0.0022203922271728516,0.0,8.0
6358,0.002213001251220703,0.0,8.0
6359,0.001804351806640625,0.0,7.6000000000000005
6360,0.0006024837493896484,0.0,7.2
6361,0.0020623207092285156,0.0,7.2
6362,0.0017385482788085938,0.0,6.4
6363,0.0018715858459472656,0.0,6.0
6364,0.0019202232360839844,0.0,5.6000000000000005
6365,0.0006041526794433594,0.0,5.2
6366,0.0019762516021728516,0.0,4.4
6367,0.000621795654296875,0.0,4.0
6368,0.001981019973754883,0.0,3.2
6369,0.001847982406616211,0.0,2.4000000000000004
6370,0.001905679702758789,0.0,1.6
6371,0.0023450851440429688,0.0,1.2000000000000002
6372,0.0020215511322021484,0.0,0.4
6373,0.0005984306335449219,0.0,-0.4
6374,0.0019893646240234375,0.0,-1.2000000000000002
6375,0.0023148059844970703,0.0,-2.0
6376,0.002099752426147461,0.0,-2.8000000000000003
6377,0.00060272216796875,0.0,-3.2
6378,0.001973390579223633,0.0,-4.0
6379,0.0018460750579833984,0.0,-4.4
6380,0.0025250911712646484,0.0,-5.2
6381,0.0006239414215087891,0.0,-5.6000000000000005
6382,0.0021936893463134766,0.0,-6.0
6383,0.002509593963623047,0.0,-6.4
6384,0.002710103988647461,0.0,-6.800000000000001
6385,0.0020613670349121094,0.0,-7.2
6386,0.002369403839111328,0.0,-7.6000000000000005
6387,0.002049684524536133,0.0,-7.6000000000000005
6388,0.002511262893676758,0.0,-8.0
6389,0.0006797313690185547,0.0,-8.0
6390,0.002226591110229492,0.0,-8.0
6391,0.002755880355834961,0.0,-8.0
6392,0.0006113052368164062,0.0,-8.0
6393,0.0020020008087158203,0.0,-7.6000000000000005
6394,0.0006654262542724609,0.0,-7.6000000000000005
6395,0.002539396286010742,0.0,-7.2
6396,0.0007517337799072266,0.0,-6.800000000000001
6397,0.0022232532501220703,0.0,-6.4
6398,0.0022232532501220703,0.0,-6.4
6399,0.0024366378784179688,0.0,-6.0
6400,0.0008714199066162109,0.0,-5.2
6401,0.0019774436950683594,0.0,-4.800000000000001
6402,0.0006437301635742188,0.0,-4.4
6403,0.0020914077758789062,0.0,-3.6
6404,0.002544879913330078,0.0,-2.8000000000000003
6405,0.0006163120269775391,0.0,-2.4000000000000004
6406,0.002196073532104492,0.0,-1.6
6407,0.0005822181701660156,0.0,-0.8
6408,0.0020356178283691406,0.0,-0.4
6409,0.000621795654296875,0.0,0.4
6410,0.00250244140625,0.0,1.2000000000000002
6411,0.0005664825439453125,0.0,2.0
6412,0.0023508071899414062,0.0,2.4000000000000004
6413,0.002054929733276367,0.0,3.2
6414,0.0008296966552734375,0.0,4.0
6415,0.0026133060455322266,0.0,4.4
6416,0.0006742477416992188,0.0,4.800000000000001
6417,0.002217531204223633,0.0,5.6000000000000005
6418,0.0006189346313476562,0.0,6.0
6419,0.0023279190063476562,0.0,6.4
6420,0.0005593299865722656,0.0,6.800000000000001
6421,0.0019648075103759766,0.0,7.2
6422,0.0019030570983886719,0.0,7.2
6423,0.0005502700805664062,0.0,7.6000000000000005
6424,0.0024650096893310547,0.0,7.6000000000000005
6425,0.00272369384765625,0.0,7.6000000000000005
6426,0.0006120204925537109,0.0,7.6000000000000005
6427,0.002274751663208008,0.0,7.6000000000000005
6428,0.0030798912048339844,0.0,7.6000000000000005
6429,0.002070903778076172,0.0,7.2
6430,0.0005800724029541016,0.0,6.800000000000001
6431,0.0019567012786865234,0.0,6.800000000000001
6432,0.0005841255187988281,0.0,6.4
6433,0.002565145492553711,0.0,6.0
6434,0.002752542495727539,0.0,5.6000000000000005
6435,0.002707958221435547,0.0,4.800000000000001
6436,0.0005998611450195312,0.0,4.4
6437,0.0018756389617919922,0.0,4.0
6438,0.0030770301818847656,0.0,3.2
6439,0.0022575855255126953,0.0,2.8000000000000003
6440,0.0014102458953857422,0.0,2.0
6441,0.0017781257629394531,0.0,1.2000000000000002
6442,0.0006458759307861328,0.0,0.8
6443,0.0014116764068603516,0.0,0.0
6444,0.000690460205078125,0.0,-0.8
6445,0.002627849578857422,0.0,-1.2000000000000002
6446,0.0006358623504638672,0.0,-2.0
6447,0.002256155014038086,0.0,-2.8000000000000003
6448,0.0005922317504882812,0.0,-3.2
6449,0.001973390579223633,0.0,-4.0
6450,0.0007274150848388672,0.0,-4.4
6451,0.0019996166229248047,0.0,-4.800000000000001
6452,0.0007007122039794922,0.0,-5.6000000000000005
6453,0.0018162727355957031,0.0,-6.0
6454,0.0006325244903564453,0.0,-6.4
6455,0.002608060836791992,0.0,-6.800000000000001
6456,0.0005784034729003906,0.0,-6.800000000000001
6457,0.0026504993438720703,0.0,-7.2
6458,0.0005636215209960938,0.0,-7.2
6459,0.0025200843811035156,0.0,-7.2
6460,0.0005452632904052734,0.0,-7.6000000000000005
6461,0.0018262863159179688,0.0,-7.6000000000000005
6462,0.0004897117614746094,0.0,-7.2
6463,0.002825498580932617,0.0,-7.2
6464,0.0006673336029052734,0.0,-7.2
6465,0.0024220943450927734,0.0,-6.800000000000001
6466,0.0006263256072998047,0.0,-6.4
6467,0.0024423599243164062,0.0,-6.0
6468,0.0005724430084228516,0.0,-5.6000000000000005
6469,0.001950979232788086,0.0,-5.2
6470,0.0005490779876708984,0.0,-4.800000000000001
6471,0.0019497871398925781,0.0,-4.4
6472,0.0024056434631347656,0.0,-3.6
6473,0.0005815029144287109,0.0,-3.2
6474,0.002215147018432617,0.0,-2.4000000000000004
6475,0.0028553009033203125,0.0,-2.0
6476,0.0006263256072998047,0.0,-1.2000000000000002
6477,0.002088785171508789,0.0,-0.4
6478,0.002358675003051758,0.0,0.0
6479,0.0006380081176757812,0.0,0.8
6480,0.0022284984588623047,0.0,1.2000000000000002
6481,0.0005924701690673828,0.0,2.0
6482,0.002550363540649414,0.0,2.8000000000000003
6483,0.0027959346771240234,0.0,3.2
6484,0.0006036758422851562,0.0,3.6
6485,0.002450704574584961,0.0,4.4
6486,0.0024099349975585938,0.0,4.800000000000001
6487,0.002700328826904297,0.0,5.2
6488,0.0019459724426269531,0.0,5.6000000000000005
6489,0.0024497509002685547,0.0,6.0
6490,0.0026667118072509766,0.0,6.4
6491,0.0021953582763671875,0.0,6.4
6492,0.0006573200225830078,0.0,6.800000000000001
6493,0.0019524097442626953,0.0,6.800000000000001
6494,0.0006551742553710938,0.0,7.2
6495,0.0026955604553222656,0.0,7.2
6496,0.0005977153778076172,0.0,7.2
6497,0.0023069381713867188,0.0,6.800000000000001
6498,0.0005698204040527344,0.0,6.800000000000001
6499,0.0024836063385009766,0.0,6.800000000000001
6500,0.0006287097930908203,0.0,6.4
6501,0.002293109893798828,0.0,6.0
6502,0.0006561279296875,0.0,5.6000000000000005
6503,0.0025763511657714844,0.0,5.2
6504,0.0006365776062011719,0.0,4.800000000000001
6505,0.001993894577026367,0.0,4.4
6506,0.0005776882171630859,0.0,4.0
6507,0.0026335716247558594,0.0,3.2
6508,0.0005605220794677734,0.0,2.8000000000000003
6509,0.002423524856567383,0.0,2.0
6510,0.0006198883056640625,0.0,1.6
6511,0.0028502941131591797,0.0,0.8
6512,0.0006196498870849609,0.0,0.4
6513,0.0028183460235595703,0.0,-0.4
6514,0.0006289482116699219,0.0,-0.8
6515,0.002347230911254883,0.0,-1.6
6516,0.0005590915679931641,0.0,-2.0
6517,0.002049684524536133,0.0,-2.8000000000000003
6518,0.0017812252044677734,0.0,-3.2
6519,0.0007314682006835938,0.0,-4.0
6520,0.0018339157104492188,0.0,-4.4
6521,0.0005812644958496094,0.0,-4.800000000000001
6522,0.002015352249145508,0.0,-5.2
6523,0.0005826950073242188,0.0,-5.6000000000000005
6524,0.002495288848876953,0.0,-6.0
6525,0.0005404949188232422,0.0,-6.4
6526,0.002719402313232422,0.0,-6.4
6527,0.0005948543548583984,0.0,-6.800000000000001
6528,0.0022802352905273438,0.0,-6.800000000000001
6529,0.0028166770935058594,0.0,-6.800000000000001
6530,0.0005354881286621094,0.0,-6.800000000000001
6531,0.002404451370239258,0.0,-6.800000000000001
6532,0.0006101131439208984,0.0,-6.800000000000001
6533,0.002390146255493164,0.0,-6.4
6534,0.0019097328186035156,0.0,-6.4
6535,0.0005719661712646484,0.0,-6.0
6536,0.0014872550964355469,0.0,-6.0
6537,0.0014872550964355469,0.0,-6.0
6538,0.0011200904846191406,0.0,-5.6000000000000005
6539,0.0008234977722167969,0.0,-5.2
6540,0.0018367767333984375,0.0,-4.800000000000001
6541,0.0008528232574462891,0.0,-4.4
6542,0.001981496810913086,0.0,-3.6
6543,0.0006530284881591797,0.0,-3.2
6544,0.0020215511322021484,0.0,-2.8000000000000003
6545,0.0006449222564697266,0.0,-2.0
6546,0.0019712448120117188,0.0,-1.6
6547,0.0008420944213867188,0.0,-0.8
6548,0.002030611038208008,0.0,-0.4
6549,0.00177764892578125,0.0,0.4
6550,0.0007054805755615234,0.0,0.8
6551,0.0025634765625,0.0,1.6
6552,0.0007536411285400391,0.0,2.0
6553,0.0030455589294433594,0.0,2.8000000000000003
6554,0.0006673336029052734,0.0,3.2
6555,0.0027086734771728516,0.0,3.6
6556,0.0006201267242431641,0.0,4.0
6557,0.002336263656616211,0.0,4.4
6558,0.0019843578338623047,0.0,4.800000000000001
6559,0.0005865097045898438,0.0,5.2
6560,0.0019690990447998047,0.0,5.6000000000000005
6561,0.0006051063537597656,0.0,6.0
6562,0.0020513534545898438,0.0,6.0
6563,0.0005919933319091797,0.0,6.4
6564,0.0028104782104492188,0.0,6.4
6565,0.0027756690979003906,0.0,6.4
6566,0.0005657672882080078,0.0,6.4
6567,0.001926422119140625,0.0,6.4
6568,0.0005505084991455078,0.0,6.4
6569,0.002041339874267578,0.0,6.4
6570,0.0023484230041503906,0.0,6.0
6571,0.0026786327362060547,0.0,5.6000000000000005
6572,0.0019855499267578125,0.0,5.6000000000000005
6573,0.0006096363067626953,0.0,5.2
6574,0.0026023387908935547,0.0,4.800000000000001
6575,0.0020651817321777344,0.0,4.4
6576,0.002889394760131836,0.0,4.0
6577,0.0021800994873046875,0.0,3.2
6578,0.002465963363647461,0.0,2.8000000000000003
6579,0.002928495407104492,0.0,2.4000000000000004
6580,0.002821683883666992,0.0,1.6
6581,0.0026726722717285156,0.0,1.2000000000000002
6582,0.002267122268676758,0.0,0.8
6583,0.0024852752685546875,0.0,0.0
6584,0.002407550811767578,0.0,-0.4
6585,0.0006690025329589844,0.0,-1.2000000000000002
6586,0.0023076534271240234,0.0,-1.6
6587,0.002153158187866211,0.0,-2.4000000000000004
6588,0.0019452571868896484,0.0,-2.8000000000000003
6589,0.0025186538696289062,0.0,-3.2
6590,0.0006000995635986328,0.0,-3.6
6591,0.0005970001220703125,0.0,-4.0
6592,0.002096891403198242,0.0,-4.4
6593,0.0006744861602783203,0.0,-4.800000000000001
6594,0.0020301342010498047,0.0,-5.2
6595,0.0006029605865478516,0.0,-5.6000000000000005
6596,0.0020041465759277344,0.0,-6.0
6597,0.0018165111541748047,0.0,-6.0
6598,0.0005834102630615234,0.0,-6.0
6599,0.0019125938415527344,0.0,-6.4
6600,0.0005972385406494141,0.0,-6.4
6601,0.0026369094848632812,0.0,-6.4
6602,0.0006740093231201172,0.0,-6.4
6603,0.002471446990966797,0.0,-6.0
6604,0.0006265640258789062,0.0,-6.0
6605,0.0022280216217041016,0.0,-6.0
6606,0.0006351470947265625,0.0,-5.6000000000000005
6607,0.002254486083984375,0.0,-5.2
6608,0.0005698204040527344,0.0,-4.800000000000001
6609,0.0023245811462402344,0.0,-4.4
6610,0.0022923946380615234,0.0,-4.0
6611,0.002124786376953125,0.0,-3.6
6612,0.0005779266357421875,0.0,-3.2
6613,0.0020055770874023438,0.0,-2.8000000000000003
6614,0.002526998519897461,0.0,-2.4000000000000004
6615,0.0006306171417236328,0.0,-1.6
6616,0.002268552780151367,0.0,-1.2000000000000002
6617,0.0028603076934814453,0.0,-0.4
6618,0.002448558807373047,0.0,0.0
6619,0.002657651901245117,0.0,0.4
6620,0.002296924591064453,0.0,1.2000000000000002
6621,0.0014128684997558594,0.0,1.6
6622,0.0022630691528320312,0.0,2.8000000000000003
6623,0.0020453929901123047,0.0,3.2
6624,0.0027108192443847656,0.0,3.6
6625,0.0022737979888916016,0.0,4.0
6626,0.0006644725799560547,0.0,4.4
6627,0.0021576881408691406,0.0,4.800000000000001
6628,0.002111196517944336,0.0,5.2
6629,0.0022957324981689453,0.0,5.2
6630,0.002321481704711914,0.0,5.6000000000000005
6631,0.00052642822265625,0.0,5.6000000000000005
6632,0.0006463527679443359,0.0,6.0
6633,0.0012288093566894531,0.0,6.0
6634,0.0011894702911376953,0.0,6.0
6635,0.002087116241455078,0.0,6.0
6636,0.0008661746978759766,0.0,6.0
6637,0.002344369888305664,0.0,5.6000000000000005
6638,0.002199888229370117,0.0,5.6000000000000005
6639,0.0007786750793457031,0.0,5.6000000000000005
6640,0.0018475055694580078,0.0,5.2
6641,0.0006706714630126953,0.0,4.800000000000001
6642,0.0027692317962646484,0.0,4.4
6643,0.0006830692291259766,0.0,4.0
6644,0.002535104751586914,0.0,3.6
6645,0.002548694610595703,0.0,3.2
6646,0.0006504058837890625,0.0,2.8000000000000003
6647,0.0023012161254882812,0.0,2.4000000000000004
6648,0.0006535053253173828,0.0,2.0
6649,0.0026378631591796875,0.0,1.2000000000000002
6650,0.0031125545501708984,0.0,0.8
6651,0.0007312297821044922,0.0,0.4
6652,0.002037525177001953,0.0,-0.4
6653,0.0007469654083251953,0.0,-0.8
6654,0.002359151840209961,0.0,-1.2000000000000002
6655,0.0006875991821289062,0.0,-1.6
6656,0.0019893646240234375,0.0,-2.4000000000000004
6657,0.00063323974609375,0.0,-2.8000000000000003
6658,0.002505064010620117,0.0,-3.2
6659,0.002733945846557617,0.0,-3.6
6660,0.0020761489868164062,0.0,-4.0
6661,0.002590656280517578,0.0,-4.4
6662,0.0006241798400878906,0.0,-4.800000000000001
6663,0.0023517608642578125,0.0,-5.2
6664,0.0018413066864013672,0.0,-5.2
6665,0.0006155967712402344,0.0,-5.6000000000000005
6666,0.0025136470794677734,0.0,-5.6000000000000005
6667,0.0028591156005859375,0.0,-5.6000000000000005
6668,0.002750396728515625,0.0,-6.0
6669,0.0025184154510498047,0.0,-6.0
6670,0.0020678043365478516,0.0,-6.0
6671,0.0024080276489257812,0.0,-5.6000000000000005
6672,0.0005729198455810547,0.0,-5.6000000000000005
6673,0.003580331802368164,0.0,-5.6000000000000005
6674,0.0024297237396240234,0.0,-5.2
6675,0.0007138252258300781,0.0,-5.2
6676,0.002464771270751953,0.0,-4.800000000000001
6677,0.0021390914916992188,0.0,-4.4
6678,0.0018901824951171875,0.0,-4.0
6679,0.0024039745330810547,0.0,-3.6
6680,0.0027680397033691406,0.0,-3.2
6681,0.0006437301635742188,0.0,-2.8000000000000003
6682,0.0019783973693847656,0.0,-2.4000000000000004
6683,0.0006039142608642578,0.0,-2.0
6684,0.0023903846740722656,0.0,-1.2000000000000002
6685,0.0005781650543212891,0.0,-0.8
6686,0.002657175064086914,0.0,-0.4
6687,0.0005686283111572266,0.0,0.4
6688,0.0025174617767333984,0.0,0.8
6689,0.0018165111541748047,0.0,1.2000000000000002
6690,0.001817464828491211,0.0,1.6
6691,0.0007715225219726562,0.0,2.0
6692,0.0020437240600585938,0.0,2.8000000000000003
6693,0.002101421356201172,0.0,3.2
6694,0.0024411678314208984,0.0,3.6
6695,0.0020439624786376953,0.0,4.0
6696,0.0024187564849853516,0.0,4.0
6697,0.0024187564849853516,0.0,4.0
6698,0.002462625503540039,0.0,4.4
6699,0.0006954669952392578,0.0,4.800000000000001
6700,0.0023772716522216797,0.0,5.2
6701,0.0007119178771972656,0.0,5.2
6702,0.002011537551879883,0.0,5.2
6703,0.0018167495727539062,0.0,5.6000000000000005
6704,0.0007059574127197266,0.0,5.6000000000000005
6705,0.0028700828552246094,0.0,5.6000000000000005
6706,0.0006439685821533203,0.0,5.6000000000000005
6707,0.0028083324432373047,0.0,5.2
6708,0.0006232261657714844,0.0,5.2
6709,0.0022203922271728516,0.0,5.2
6710,0.002604246139526367,0.0,4.800000000000001
6711,0.0006108283996582031,0.0,4.800000000000001
6712,0.0023767948150634766,0.0,4.4
6713,0.0006203651428222656,0.0,4.0
6714,0.0020797252655029297,0.0,3.6
6715,0.002478361129760742,0.0,3.2
6716,0.0021758079528808594,0.0,2.8000000000000003
6717,0.0024759769439697266,0.0,2.4000000000000004
6718,0.0023047924041748047,0.0,2.0
6719,0.0031042098999023438,0.0,1.6
6720,0.0028700828552246094,0.0,1.2000000000000002
6721,0.0021729469299316406,0.0,0.4
6722,0.0026116371154785156,0.0,0.0
6723,0.0020720958709716797,0.0,-0.4
6724,0.0024416446685791016,0.0,-0.8
6725,0.0022363662719726562,0.0,-1.2000000000000002
6726,0.0024275779724121094,0.0,-2.0
6727,0.0006496906280517578,0.0,-2.4000000000000004
6728,0.002291440963745117,0.0,-2.8000000000000003
6729,0.0006418228149414062,0.0,-3.2
6730,0.002073526382446289,0.0,-3.6
6731,0.0005908012390136719,0.0,-4.0
6732,0.0020444393157958984,0.0,-4.0
6733,0.0005860328674316406,0.0,-4.4
6734,0.0020961761474609375,0.0,-4.800000000000001
6735,0.002311229705810547,0.0,-4.800000000000001
6736,0.002755403518676758,0.0,-5.2
6737,0.002179384231567383,0.0,-5.2
6738,0.0021905899047851562,0.0,-5.2
6739,0.0021173954010009766,0.0,-5.2
6740,0.0027589797973632812,0.0,-5.2
6741,0.0005929470062255859,0.0,-5.2
6742,0.0019986629486083984,0.0,-5.2
6743,0.0005829334259033203,0.0,-5.2
6744,0.002440214157104492,0.0,-4.800000000000001
6745,0.002378702163696289,0.0,-4.800000000000001
6746,0.0005953311920166016,0.0,-4.4
6747,0.0022525787353515625,0.0,-4.0
6748,0.0005972385406494141,0.0,-4.0
6749,0.0021696090698242188,0.0,-3.6
6750,0.0027205944061279297,0.0,-3.2
6751,0.001722574234008789,0.0,-2.8000000000000003
6752,0.0024514198303222656,0.0,-2.4000000000000004
6753,0.001943349838256836,0.0,-2.0
6754,0.0007350444793701172,0.0,-1.6
6755,0.001988649368286133,0.0,-1.2000000000000002
6756,0.0006620883941650391,0.0,-0.4
6757,0.0020623207092285156,0.0,0.0
6758,0.002730131149291992,0.0,0.4
6759,0.0029277801513671875,0.0,0.8
6760,0.0020537376403808594,0.0,1.2000000000000002
6761,0.0014233589172363281,0.0,1.6
6762,0.0006203651428222656,0.0,2.0
6763,0.002531290054321289,0.0,2.4000000000000004
6764,0.002448558807373047,0.0,2.8000000000000003
6765,0.0006864070892333984,0.0,3.2
6766,0.001943826675415039,0.0,3.6
6767,0.0024759769439697266,0.0,4.0
6768,0.002185344696044922,0.0,4.4
6769,0.002919912338256836,0.0,4.4
6770,0.002315998077392578,0.0,4.800000000000001
6771,0.0023965835571289062,0.0,4.800000000000001
6772,0.0028862953186035156,0.0,4.800000000000001
6773,0.0006442070007324219,0.0,4.800000000000001
6774,0.002736806869506836,0.0,5.2
6775,0.0006279945373535156,0.0,5.2
6776,0.0022208690643310547,0.0,4.800000000000001
6777,0.0018448829650878906,0.0,4.800000000000001
6778,0.001873016357421875,0.0,4.800000000000001
6779,0.002439260482788086,0.0,4.4
6780,0.0018472671508789062,0.0,4.4
6781,0.0017628669738769531,0.0,4.0
6782,0.002460002899169922,0.0,4.0
6783,0.002821207046508789,0.0,3.6
6784,0.0020329952239990234,0.0,3.2
6785,0.0006175041198730469,0.0,2.8000000000000003
6786,0.0019431114196777344,0.0,2.4000000000000004
6787,0.0017139911651611328,0.0,2.0
6788,0.0018219947814941406,0.0,1.6
6789,0.0006775856018066406,0.0,1.2000000000000002
6790,0.0025963783264160156,0.0,0.8
6791,0.0020914077758789062,0.0,0.4
6792,0.001943826675415039,0.0,0.0
6793,0.0023314952850341797,0.0,-0.4
6794,0.0026946067810058594,0.0,-1.2000000000000002
6795,0.002818584442138672,0.0,-1.6
6796,0.0006132125854492188,0.0,-2.0
6797,0.0023097991943359375,0.0,-2.4000000000000004
6798,0.0018906593322753906,0.0,-2.8000000000000003
6799,0.001428365707397461,0.0,-3.2
6800,0.0022246837615966797,0.0,-3.2
6801,0.0006921291351318359,0.0,-3.6
6802,0.002736806869506836,0.0,-4.0
6803,0.0027205944061279297,0.0,-4.4
6804,0.002505064010620117,0.0,-4.4
6805,0.0006783008575439453,0.0,-4.4
6806,0.0022399425506591797,0.0,-4.800000000000001
6807,0.002482891082763672,0.0,-4.800000000000001
6808,0.0006535053253173828,0.0,-4.800000000000001
6809,0.0010182857513427734,0.0,-4.800000000000001
6810,0.003134489059448242,0.0,-4.800000000000001
6811,0.0035936832427978516,0.0,-4.800000000000001
6812,0.0021424293518066406,0.0,-4.800000000000001
6813,0.0029702186584472656,0.0,-4.4
6814,0.0004527568817138672,0.0,-4.4
6815,0.0010814666748046875,0.0,-4.4
6816,0.0017142295837402344,0.0,-4.0
6817,0.0011188983917236328,0.0,-3.6
6818,0.002832651138305664,0.0,-3.6
6819,0.002277374267578125,0.0,-3.2
6820,0.0008413791656494141,0.0,-2.8000000000000003
6821,0.0020160675048828125,0.0,-2.4000000000000004
6822,0.0007317066192626953,0.0,-2.0
6823,0.0023806095123291016,0.0,-1.6
6824,0.0006375312805175781,0.0,-1.2000000000000002
6825,0.0026082992553710938,0.0,-0.8
6826,0.0006389617919921875,0.0,-0.4
6827,0.0014538764953613281,0.0,0.0
6828,0.0005123615264892578,0.0,0.4
6829,0.0023148059844970703,0.0,0.8
6830,0.0006053447723388672,0.0,1.2000000000000002
6831,0.002531766891479492,0.0,1.6
6832,0.0006151199340820312,0.0,2.0
6833,0.002391815185546875,0.0,2.4000000000000004
6834,0.002871274948120117,0.0,2.8000000000000003
6835,0.0005710124969482422,0.0,3.2
6836,0.0022821426391601562,0.0,3.6
6837,0.0006015300750732422,0.0,3.6
6838,0.0025000572204589844,0.0,4.0
6839,0.0008044242858886719,0.0,4.0
6840,0.0022559165954589844,0.0,4.4
6841,0.000774383544921875,0.0,4.4
6842,0.0022542476654052734,0.0,4.4
6843,0.0022542476654052734,0.0,4.4
6844,0.002445697784423828,0.0,4.4
6845,0.0006194114685058594,0.0,4.4
6846,0.002283811569213867,0.0,4.4
6847,0.002341032028198242,0.0,4.4
6848,0.0006392002105712891,0.0,4.4
6849,0.002166271209716797,0.0,4.4
6850,0.0006086826324462891,0.0,4.0
6851,0.0023643970489501953,0.0,4.0
6852,0.0006716251373291016,0.0,3.6
6853,0.0024187564849853516,0.0,3.2
6854,0.0006923675537109375,0.0,3.2
6855,0.0022156238555908203,0.0,2.8000000000000003
6856,0.0006380081176757812,0.0,2.4000000000000004
6857,0.0022249221801757812,0.0,2.0
6858,0.0005984306335449219,0.0,1.6
6859,0.0026504993438720703,0.0,1.2000000000000002
6860,0.0022344589233398438,0.0,0.8
6861,0.0006248950958251953,0.0,0.4
6862,0.0021038055419921875,0.0,0.0
6863,0.0006232261657714844,0.0,-0.4
6864,0.0022842884063720703,0.0,-0.8
6865,0.002575397491455078,0.0,-1.2000000000000002
6866,0.0005741119384765625,0.0,-1.6
6867,0.0021812915802001953,0.0,-2.0
6868,0.0005702972412109375,0.0,-2.4000000000000004
6869,0.0015950202941894531,0.0,-2.4000000000000004
6870,0.0005950927734375,0.0,-2.8000000000000003
6871,0.0022394657135009766,0.0,-3.2
6872,0.0021986961364746094,0.0,-3.6
6873,0.0005502700805664062,0.0,-3.6
6874,0.0023603439331054688,0.0,-4.0
6875,0.0005733966827392578,0.0,-4.0
6876,0.001664876937866211,0.0,-4.4
6877,0.0006198883056640625,0.0,-4.4
6878,0.0022389888763427734,0.0,-4.4
6879,0.0024034976959228516,0.0,-4.4
6880,0.0024008750915527344,0.0,-4.4
6881,0.0021741390228271484,0.0,-4.4
6882,0.0024881362915039062,0.0,-4.4
6883,0.0022430419921875,0.0,-4.4
6884,0.0006234645843505859,0.0,-4.0
6885,0.0026073455810546875,0.0,-4.0
6886,0.0006079673767089844,0.0,-3.6
6887,0.0021026134490966797,0.0,-3.6
6888,0.0005731582641601562,0.0,-3.2
6889,0.0024144649505615234,0.0,-2.8000000000000003
6890,0.0006470680236816406,0.0,-2.8000000000000003
6891,0.002533435821533203,0.0,-2.4000000000000004
6892,0.0022170543670654297,0.0,-2.0
6893,0.0015766620635986328,0.0,-1.6
6894,0.0016999244689941406,0.0,-1.2000000000000002
6895,0.0023441314697265625,0.0,-0.8
6896,0.0022161006927490234,0.0,-0.4
6897,0.0006999969482421875,0.0,0.0
6898,0.002610445022583008,0.0,0.4
6899,0.0006289482116699219,0.0,0.8
6900,0.002473592758178711,0.0,1.2000000000000002
6901,0.0006589889526367188,0.0,1.6
6902,0.002093076705932617,0.0,1.6
6903,0.0006840229034423828,0.0,2.0
6904,0.0021514892578125,0.0,2.4000000000000004
6905,0.0012001991271972656,0.0,2.8000000000000003
6906,0.0006411075592041016,0.0,2.8000000000000003
6907,0.001842498779296875,0.0,3.2
6908,0.0006341934204101562,0.0,3.6
6909,0.0016405582427978516,0.0,3.6
6910,0.002214670181274414,0.0,4.0
6911,0.0005984306335449219,0.0,4.0
6912,0.0023429393768310547,0.0,4.0
6913,0.002542734146118164,0.0,4.0
6914,0.0006651878356933594,0.0,4.0
6915,0.002218484878540039,0.0,4.0
6916,0.0005767345428466797,0.0,4.0
6917,0.002081632614135742,0.0,4.0
6918,0.0005624294281005859,0.0,4.0
6919,0.002288818359375,0.0,3.6
6920,0.0005757808685302734,0.0,3.6
6921,0.0021283626556396484,0.0,3.2
6922,0.002295970916748047,0.0,3.2
6923,0.0005495548248291016,0.0,2.8000000000000003
6924,0.0022597312927246094,0.0,2.8000000000000003
6925,0.0005428791046142578,0.0,2.4000000000000004
6926,0.0025517940521240234,0.0,2.0
6927,0.0005829334259033203,0.0,1.6
6928,0.0024132728576660156,0.0,1.2000000000000002
6929,0.002146482467651367,0.0,1.2000000000000002
6930,0.0005826950073242188,0.0,0.8
6931,0.0024857521057128906,0.0,0.4
6932,0.0005843639373779297,0.0,0.0
6933,0.0019145011901855469,0.0,-0.4
6934,0.0006620883941650391,0.0,-0.8
6935,0.0023496150970458984,0.0,-1.2000000000000002
6936,0.0007004737854003906,0.0,-1.6
6937,0.002185821533203125,0.0,-2.0
6938,0.0006451606750488281,0.0,-2.0
6939,0.002570629119873047,0.0,-2.4000000000000004
6940,0.002249479293823242,0.0,-2.8000000000000003
6941,0.00209808349609375,0.0,-2.8000000000000003
6942,0.002060413360595703,0.0,-3.2
6943,0.0006124973297119141,0.0,-3.6
6944,0.002423524856567383,0.0,-3.6
6945,0.0006268024444580078,0.0,-3.6
6946,0.0022971630096435547,0.0,-4.0
6947,0.0021293163299560547,0.0,-4.0
6948,0.0006244182586669922,0.0,-4.0
6949,0.0023958683013916016,0.0,-4.0
6950,0.0005967617034912109,0.0,-4.0
6951,0.0026557445526123047,0.0,-4.0
6952,0.0006704330444335938,0.0,-4.0
6953,0.0024323463439941406,0.0,-3.6
6954,0.0006930828094482422,0.0,-3.6
6955,0.0029053688049316406,0.0,-3.6
6956,0.0006444454193115234,0.0,-3.2
6957,0.002541065216064453,0.0,-3.2
6958,0.0006124973297119141,0.0,-2.8000000000000003
6959,0.002265453338623047,0.0,-2.4000000000000004
6960,0.0020532608032226562,0.0,-2.4000000000000004
6961,0.0006270408630371094,0.0,-2.0
6962,0.0028357505798339844,0.0,-1.6
6963,0.002424001693725586,0.0,-1.2000000000000002
6964,0.0006375312805175781,0.0,-0.8
6965,0.0023720264434814453,0.0,-0.8
6966,0.0005812644958496094,0.0,-0.4
6967,0.0020983219146728516,0.0,0.0
6968,0.002173900604248047,0.0,0.4
6969,0.002203226089477539,0.0,0.8
6970,0.0005662441253662109,0.0,1.2000000000000002
6971,0.0014374256134033203,0.0,1.6
6972,0.002114534378051758,0.0,1.6
6973,0.0005705356597900391,0.0,2.0
6974,0.002808094024658203,0.0,2.4000000000000004
6975,0.0022635459899902344,0.0,2.4000000000000004
6976,0.0006206035614013672,0.0,2.8000000000000003
6977,0.0026366710662841797,0.0,2.8000000000000003
6978,0.0022673606872558594,0.0,3.2
6979,0.0024793148040771484,0.0,3.2
6980,0.0005681514739990234,0.0,3.6
6981,0.0014634132385253906,0.0,3.6
6982,0.0005578994750976562,0.0,3.6
6983,0.0022110939025878906,0.0,3.6
6984,0.0005717277526855469,0.0,3.6
6985,0.002255678176879883,0.0,3.6
6986,0.0024290084838867188,0.0,3.6
6987,0.0007576942443847656,0.0,3.6
6988,0.002306699752807617,0.0,3.6
6989,0.00257110595703125,0.0,3.2
6990,0.00257110595703125,0.0,3.2
6991,0.0025451183319091797,0.0,3.2
6992,0.0023407936096191406,0.0,2.8000000000000003
6993,0.0005662441253662109,0.0,2.8000000000000003
6994,0.0023620128631591797,0.0,2.4000000000000004
6995,0.0005660057067871094,0.0,2.4000000000000004
6996,0.002670764923095703,0.0,2.0
6997,0.0006361007690429688,0.0,1.6
6998,0.0014524459838867188,0.0,1.6
6999,0.0015463829040527344,0.0,1.2000000000000002
7000,0.002310037612915039,0.0,0.8
7001,0.00047659873962402344,0.0,0.4
7002,0.0019643306732177734,0.0,0.0
7003,0.0006506443023681641,0.0,-0.4
7004,0.002198934555053711,0.0,-0.4
7005,0.0006272792816162109,0.0,-0.8
7006,0.0022525787353515625,0.0,-1.2000000000000002
7007,0.0024514198303222656,0.0,-1.6
7008,0.0006268024444580078,0.0,-1.6
7009,0.002497434616088867,0.0,-2.0
7010,0.0006585121154785156,0.0,-2.4000000000000004
7011,0.0026595592498779297,0.0,-2.4000000000000004
7012,0.0006148815155029297,0.0,-2.8000000000000003
7013,0.002597808837890625,0.0,-2.8000000000000003
7014,0.00047326087951660156,0.0,-3.2
7015,0.0016911029815673828,0.0,-3.2
7016,0.0005822181701660156,0.0,-3.6
7017,0.0022706985473632812,0.0,-3.6
7018,0.0005347728729248047,0.0,-3.6
7019,0.002263307571411133,0.0,-3.6
7020,0.002554655075073242,0.0,-3.6
7021,0.002411365509033203,0.0,-3.6
7022,0.0005996227264404297,0.0,-3.6
7023,0.0022461414337158203,0.0,-3.6
7024,0.0005791187286376953,0.0,-3.2
7025,0.0025777816772460938,0.0,-3.2
7026,0.0005388259887695312,0.0,-3.2
7027,0.002339601516723633,0.0,-2.8000000000000003
7028,0.0005295276641845703,0.0,-2.8000000000000003
7029,0.0022389888763427734,0.0,-2.4000000000000004
7030,0.0005857944488525391,0.0,-2.0
7031,0.0024967193603515625,0.0,-2.0
7032,0.0005793571472167969,0.0,-1.6
7033,0.0023527145385742188,0.0,-1.2000000000000002
7034,0.0006089210510253906,0.0,-1.2000000000000002
7035,0.0023009777069091797,0.0,-0.8
7036,0.002069711685180664,0.0,-0.4
7037,0.0005342960357666016,0.0,0.0
7038,0.0023195743560791016,0.0,0.0
7039,0.0025436878204345703,0.0,0.4
7040,0.0027561187744140625,0.0,0.8
7041,0.0006041526794433594,0.0,1.2000000000000002
7042,0.002256155014038086,0.0,1.2000000000000002
7043,0.0024733543395996094,0.0,1.6
7044,0.0024394989013671875,0.0,2.0
7045,0.0006983280181884766,0.0,2.0
7046,0.002453327178955078,0.0,2.4000000000000004
7047,0.0024421215057373047,0.0,2.4000000000000004
7048,0.00215911865234375,0.0,2.8000000000000003
7049,0.0023915767669677734,0.0,2.8000000000000003
7050,0.0007266998291015625,0.0,3.2
7051,0.0023736953735351562,0.0,3.2
7052,0.002407550811767578,0.0,3.2
7053,0.002631664276123047,0.0,3.2
7054,0.002553224563598633,0.0,3.2
7055,0.0007102489471435547,0.0,3.2
7056,0.001764059066772461,0.0,3.2
7057,0.0007238388061523438,0.0,3.2
7058,0.0026559829711914062,0.0,3.2
7059,0.0024306774139404297,0.0,3.2
7060,0.0006260871887207031,0.0,2.8000000000000003
7061,0.0027430057525634766,0.0,2.8000000000000003
7062,0.002485990524291992,0.0,2.4000000000000004
7063,0.0006265640258789062,0.0,2.4000000000000004
7064,0.0023131370544433594,0.0,2.0
7065,0.002213001251220703,0.0,2.0
7066,0.0006144046783447266,0.0,1.6
7067,0.002483367919921875,0.0,1.2000000000000002
7068,0.0006031990051269531,0.0,1.2000000000000002
7069,0.0025207996368408203,0.0,0.8
7070,0.002479076385498047,0.0,0.4
7071,0.0006186962127685547,0.0,0.4
7072,0.0030438899993896484,0.0,0.0
7073,0.0006616115570068359,0.0,-0.4
7074,0.0027353763580322266,0.0,-0.8
7075,0.0006449222564697266,0.0,-0.8
7076,0.002317667007446289,0.0,-1.2000000000000002
7077,0.002076864242553711,0.0,-1.6
7078,0.0006120204925537109,0.0,-1.6
7079,0.0025751590728759766,0.0,-2.0
7080,0.0022253990173339844,0.0,-2.0
7081,0.0022573471069335938,0.0,-2.4000000000000004
7082,0.0025365352630615234,0.0,-2.4000000000000004
7083,0.002375364303588867,0.0,-2.8000000000000003
7084,0.002124309539794922,0.0,-2.8000000000000003
7085,0.0021560192108154297,0.0,-2.8000000000000003
7086,0.0006556510925292969,0.0,-3.2
7087,0.0021638870239257812,0.0,-3.2
7088,0.0006566047668457031,0.0,-3.2
7089,0.0023467540740966797,0.0,-3.2
7090,0.0021524429321289062,0.0,-3.2
7091,0.0006654262542724609,0.0,-3.2
7092,0.002089977264404297,0.0,-3.2
7093,0.0006470680236816406,0.0,-3.2
7094,0.0022008419036865234,0.0,-2.8000000000000003
7095,0.002017498016357422,0.0,-2.8000000000000003
7096,0.0006978511810302734,0.0,-2.8000000000000003
7097,0.0022368431091308594,0.0,-2.4000000000000004
7098,0.0006814002990722656,0.0,-2.4000000000000004
7099,0.0023877620697021484,0.0,-2.0
7100,0.0006313323974609375,0.0,-2.0
7101,0.0022830963134765625,0.0,-1.6
7102,0.002150297164916992,0.0,-1.2000000000000002
7103,0.002094268798828125,0.0,-1.2000000000000002
7104,0.002490997314453125,0.0,-0.8
7105,0.0006806850433349609,0.0,-0.4
7106,0.0021181106567382812,0.0,-0.4
7107,0.0006453990936279297,0.0,0.0
7108,0.002557039260864258,0.0,0.4
7109,0.0006661415100097656,0.0,0.4
7110,0.0022945404052734375,0.0,0.8
7111,0.0015232563018798828,0.0,1.2000000000000002
7112,0.0006022453308105469,0.0,1.2000000000000002
7113,0.002238035202026367,0.0,1.6
7114,0.0007834434509277344,0.0,1.6
7115,0.0024614334106445312,0.0,2.0
7116,0.0005922317504882812,0.0,2.0
7117,0.0018513202667236328,0.0,2.4000000000000004
7118,0.0005586147308349609,0.0,2.4000000000000004
7119,0.002178668975830078,0.0,2.8000000000000003
7120,0.0005993843078613281,0.0,2.8000000000000003
7121,0.0022034645080566406,0.0,2.8000000000000003
7122,0.0022056102752685547,0.0,2.8000000000000003
7123,0.0006074905395507812,0.0,2.8000000000000003
7124,0.00243377685546875,0.0,2.8000000000000003
7125,0.002537965774536133,0.0,2.8000000000000003
7126,0.0005927085876464844,0.0,2.8000000000000003
7127,0.0022153854370117188,0.0,2.8000000000000003
7128,0.0005793571472167969,0.0,2.8000000000000003
7129,0.0023474693298339844,0.0,2.4000000000000004
7130,0.0006246566772460938,0.0,2.4000000000000004
7131,0.0027315616607666016,0.0,2.4000000000000004
7132,0.0025177001953125,0.0,2.0
7133,0.0006773471832275391,0.0,2.0
7134,0.002590179443359375,0.0,1.6
7135,0.0022284984588623047,0.0,1.6
7136,0.0020203590393066406,0.0,1.2000000000000002
7137,0.0020203590393066406,0.0,1.2000000000000002
7138,0.001569509506225586,0.0,1.2000000000000002
7139,0.0021920204162597656,0.0,0.8
7140,0.002454996109008789,0.0,0.8
7141,0.002228260040283203,0.0,0.4
7142,0.0006008148193359375,0.0,0.0
7143,0.0021359920501708984,0.0,0.0
7144,0.0021812915802001953,0.0,-0.4
7145,0.0006117820739746094,0.0,-0.8
7146,0.0019106864929199219,0.0,-0.8
7147,0.0023963451385498047,0.0,-1.2000000000000002
7148,0.0006411075592041016,0.0,-1.2000000000000002
7149,0.0021059513092041016,0.0,-1.6
7150,0.002007007598876953,0.0,-1.6
7151,0.0006194114685058594,0.0,-2.0
7152,0.002161741256713867,0.0,-2.0
7153,0.0006899833679199219,0.0,-2.4000000000000004
7154,0.0018641948699951172,0.0,-2.4000000000000004
7155,0.0006587505340576172,0.0,-2.4000000000000004
7156,0.002748250961303711,0.0,-2.8000000000000003
7157,0.0006232261657714844,0.0,-2.8000000000000003
7158,0.002390146255493164,0.0,-2.8000000000000003
7159,0.0015869140625,0.0,-2.8000000000000003
7160,0.0006110668182373047,0.0,-2.8000000000000003
7161,0.0022945404052734375,0.0,-2.8000000000000003
7162,0.002139568328857422,0.0,-2.8000000000000003
7163,0.0006804466247558594,0.0,-2.8000000000000003
7164,0.0013310909271240234,0.0,-2.4000000000000004
7165,0.0006158351898193359,0.0,-2.4000000000000004
7166,0.002162933349609375,0.0,-2.4000000000000004
7167,0.0005831718444824219,0.0,-2.4000000000000004
7168,0.0019381046295166016,0.0,-2.0
7169,0.000553131103515625,0.0,-2.0
7170,0.002144336700439453,0.0,-1.6
7171,0.0025687217712402344,0.0,-1.6
7172,0.0005707740783691406,0.0,-1.2000000000000002
7173,0.0018575191497802734,0.0,-1.2000000000000002
7174,0.002343893051147461,0.0,-0.8
7175,0.0006256103515625,0.0,-0.4
7176,0.0023040771484375,0.0,-0.4
7177,0.0006279945373535156,0.0,0.0
7178,0.0023093223571777344,0.0,0.0
7179,0.0005762577056884766,0.0,0.4
7180,0.0024290084838867188,0.0,0.4
7181,0.002266407012939453,0.0,0.8
7182,0.0005850791931152344,0.0,1.2000000000000002
7183,0.002451658248901367,0.0,1.2000000000000002
7184,0.002124309539794922,0.0,1.6
7185,0.0005962848663330078,0.0,1.6
7186,0.002176523208618164,0.0,1.6
7187,0.0005929470062255859,0.0,2.0
7188,0.002192258834838867,0.0,2.0
7189,0.0007293224334716797,0.0,2.4000000000000004
7190,0.0019192695617675781,0.0,2.4000000000000004
7191,0.0006151199340820312,0.0,2.4000000000000004
7192,0.0022029876708984375,0.0,2.4000000000000004
7193,0.002835512161254883,0.0,2.4000000000000004
7194,0.0007815361022949219,0.0,2.4000000000000004
7195,0.002411365509033203,0.0,2.4000000000000004
7196,0.0007994174957275391,0.0,2.4000000000000004
7197,0.0026082992553710938,0.0,2.4000000000000004
7198,0.0022287368774414062,0.0,2.4000000000000004
7199,0.0023958683013916016,0.0,2.4000000000000004
7200,0.002348661422729492,0.0,2.0
7201,0.0006861686706542969,0.0,2.0
7202,0.0029294490814208984,0.0,2.0
7203,0.0025620460510253906,0.0,1.6
7204,0.0007503032684326172,0.0,1.6
7205,0.0022706985473632812,0.0,1.6
7206,0.0006501674652099609,0.0,1.2000000000000002
7207,0.002491474151611328,0.0,1.2000000000000002
7208,0.0005934238433837891,0.0,0.8
7209,0.002454519271850586,0.0,0.8
7210,0.0006225109100341797,0.0,0.4
7211,0.002348661422729492,0.0,0.0
7212,0.0005681514739990234,0.0,0.0
7213,0.0021295547485351562,0.0,-0.4
7214,0.0006349086761474609,0.0,-0.4
7215,0.0022869110107421875,0.0,-0.8
7216,0.0006558895111083984,0.0,-0.8
7217,0.0020227432250976562,0.0,-1.2000000000000002
7218,0.0020313262939453125,0.0,-1.2000000000000002
7219,0.002519369125366211,0.0,-1.6
7220,0.002317190170288086,0.0,-1.6
7221,0.0005958080291748047,0.0,-2.0
7222,0.002130746841430664,0.0,-2.0
7223,0.0021038055419921875,0.0,-2.0
7224,0.0006480216979980469,0.0,-2.0
7225,0.002418994903564453,0.0,-2.4000000000000004
7226,0.0023720264434814453,0.0,-2.4000000000000004
7227,0.0006060600280761719,0.0,-2.4000000000000004
7228,0.0022771358489990234,0.0,-2.4000000000000004
7229,0.0020742416381835938,0.0,-2.4000000000000004
7230,0.002112865447998047,0.0,-2.4000000000000004
7231,0.00211334228515625,0.0,-2.4000000000000004
7232,0.0006144046783447266,0.0,-2.4000000000000004
7233,0.0024039745330810547,0.0,-2.4000000000000004
7234,0.0007734298706054688,0.0,-2.0
7235,0.0023741722106933594,0.0,-2.0
7236,0.0005929470062255859,0.0,-2.0
7237,0.0017287731170654297,0.0,-2.0
7238,0.0022306442260742188,0.0,-1.6
7239,0.0006284713745117188,0.0,-1.6
7240,0.0021178722381591797,0.0,-1.2000000000000002
7241,0.0021059513092041016,0.0,-1.2000000000000002
7242,0.000644683837890625,0.0,-1.2000000000000002
7243,0.0024611949920654297,0.0,-0.8
7244,0.002338409423828125,0.0,-0.8
7245,0.002396821975708008,0.0,-0.4
7246,0.0021963119506835938,0.0,-0.4
7247,0.0006365776062011719,0.0,0.0
7248,0.00252532958984375,0.0,0.0
7249,0.0006527900695800781,0.0,0.4
7250,0.002122163772583008,0.0,0.4
7251,0.0020246505737304688,0.0,0.8
7252,0.0019412040710449219,0.0,0.8
7253,0.0022118091583251953,0.0,1.2000000000000002
7254,0.0006804466247558594,0.0,1.2000000000000002
7255,0.002109050750732422,0.0,1.6
7256,0.0025119781494140625,0.0,1.6
7257,0.0007433891296386719,0.0,1.6
7258,0.0023193359375,0.0,1.6
7259,0.0006771087646484375,0.0,2.0
7260,0.0029456615447998047,0.0,2.0
7261,0.0006384849548339844,0.0,2.0
7262,0.0023660659790039062,0.0,2.0
7263,0.0005931854248046875,0.0,2.0
7264,0.0019605159759521484,0.0,2.0
7265,0.0005776882171630859,0.0,2.0
7266,0.0028624534606933594,0.0,2.0
7267,0.0005595684051513672,0.0,2.0
7268,0.002309083938598633,0.0,2.0
7269,0.0006258487701416016,0.0,2.0
7270,0.0021924972534179688,0.0,1.6
7271,0.001844644546508789,0.0,1.6
7272,0.0005941390991210938,0.0,1.6
7273,0.0025916099548339844,0.0,1.6
7274,0.0006563663482666016,0.0,1.2000000000000002
7275,0.0022420883178710938,0.0,1.2000000000000002
7276,0.002458333969116211,0.0,0.8
7277,0.002075672149658203,0.0,0.8
7278,0.0024309158325195312,0.0,0.8
7279,0.0006427764892578125,0.0,0.4
7280,0.002269268035888672,0.0,0.4
7281,0.0028238296508789062,0.0,0.0
7282,0.0028238296508789062,0.0,0.0
7283,0.002446413040161133,0.0,0.0
7284,0.002276897430419922,0.0,-0.4
7285,0.0007741451263427734,0.0,-0.4
7286,0.0025985240936279297,0.0,-0.8
7287,0.002737283706665039,0.0,-0.8
7288,0.003007173538208008,0.0,-0.8
7289,0.0008051395416259766,0.0,-1.2000000000000002
7290,0.0027725696563720703,0.0,-1.2000000000000002
7291,0.0006160736083984375,0.0,-1.2000000000000002
7292,0.0031538009643554688,0.0,-1.6
7293,0.0028886795043945312,0.0,-1.6
7294,0.0018055438995361328,0.0,-1.6
7295,0.0006346702575683594,0.0,-1.6
7296,0.0019652843475341797,0.0,-2.0
7297,0.0018374919891357422,0.0,-2.0
7298,0.002508401870727539,0.0,-2.0
7299,0.0021276473999023438,0.0,-2.0
7300,0.002462625503540039,0.0,-2.0
7301,0.0007319450378417969,0.0,-2.0
7302,0.0022215843200683594,0.0,-2.0
7303,0.0026705265045166016,0.0,-2.0
7304,0.0008099079132080078,0.0,-2.0
7305,0.0027883052825927734,0.0,-1.6
7306,0.0006992816925048828,0.0,-1.6
7307,0.0022897720336914062,0.0,-1.6
7308,0.0022094249725341797,0.0,-1.6
7309,0.0006182193756103516,0.0,-1.2000000000000002
7310,0.0019402503967285156,0.0,-1.2000000000000002
7311,0.0006115436553955078,0.0,-1.2000000000000002
7312,0.0018541812896728516,0.0,-0.8
7313,0.0006201267242431641,0.0,-0.8
7314,0.0019135475158691406,0.0,-0.8
7315,0.0024251937866210938,0.0,-0.4
7316,0.0006160736083984375,0.0,-0.4
7317,0.0014653205871582031,0.0,0.0
7318,0.0021681785583496094,0.0,0.0
7319,0.0007238388061523438,0.0,0.4
7320,0.002015352249145508,0.0,0.4
7321,0.0006194114685058594,0.0,0.4
7322,0.002499818801879883,0.0,0.8
7323,0.0032291412353515625,0.0,0.8
7324,0.0005922317504882812,0.0,0.8
7325,0.0021643638610839844,0.0,1.2000000000000002
7326,0.0005877017974853516,0.0,1.2000000000000002
7327,0.001970529556274414,0.0,1.2000000000000002
7328,0.0005984306335449219,0.0,1.6
7329,0.0019390583038330078,0.0,1.6
7330,0.0006098747253417969,0.0,1.6
7331,0.001882791519165039,0.0,1.6
7332,0.0022640228271484375,0.0,1.6
7333,0.0021200180053710938,0.0,1.6
7334,0.0016124248504638672,0.0,1.6
7335,0.002342700958251953,0.0,1.6
7336,0.002217531204223633,0.0,1.6
7337,0.0025348663330078125,0.0,1.6
7338,0.0021402835845947266,0.0,1.6
7339,0.0019540786743164062,0.0,1.6
7340,0.0024573802947998047,0.0,1.6
7341,0.0006470680236816406,0.0,1.6
7342,0.0020198822021484375,0.0,1.2000000000000002
7343,0.0024566650390625,0.0,1.2000000000000002
7344,0.0028977394104003906,0.0,1.2000000000000002
7345,0.0006620883941650391,0.0,0.8
7346,0.0022132396697998047,0.0,0.8
7347,0.0006754398345947266,0.0,0.8
7348,0.0019376277923583984,0.0,0.4
7349,0.0006349086761474609,0.0,0.4
7350,0.0018277168273925781,0.0,0.4
7351,0.0024271011352539062,0.0,0.0
7352,0.0006439685821533203,0.0,0.0
7353,0.0020608901977539062,0.0,0.0
7354,0.002465486526489258,0.0,-0.4
7355,0.0006766319274902344,0.0,-0.4
7356,0.0021109580993652344,0.0,-0.4
7357,0.0018138885498046875,0.0,-0.8
7358,0.0006973743438720703,0.0,-0.8
7359,0.0014231204986572266,0.0,-0.8
7360,0.0006556510925292969,0.0,-1.2000000000000002
7361,0.0026292800903320312,0.0,-1.2000000000000002
7362,0.0006225109100341797,0.0,-1.2000000000000002
7363,0.0019180774688720703,0.0,-1.2000000000000002
7364,0.0005910396575927734,0.0,-1.6
7365,0.0019326210021972656,0.0,-1.6
7366,0.0005829334259033203,0.0,-1.6
7367,0.002141714096069336,0.0,-1.6
7368,0.0005900859832763672,0.0,-1.6
7369,0.0018661022186279297,0.0,-1.6
7370,0.0018208026885986328,0.0,-1.6
7371,0.0018231868743896484,0.0,-1.6
7372,0.002367734909057617,0.0,-1.6
7373,0.0006277561187744141,0.0,-1.6
7374,0.0021049976348876953,0.0,-1.6
7375,0.0016951560974121094,0.0,-1.2000000000000002
7376,0.0018067359924316406,0.0,-1.2000000000000002
7377,0.002211332321166992,0.0,-1.2000000000000002
7378,0.0019028186798095703,0.0,-1.2000000000000002
7379,0.002307891845703125,0.0,-1.2000000000000002
7380,0.0006606578826904297,0.0,-0.8
7381,0.002180814743041992,0.0,-0.8
7382,0.0024216175079345703,0.0,-0.8
7383,0.00235748291015625,0.0,-0.4
7384,0.0030536651611328125,0.0,-0.4
7385,0.002978801727294922,0.0,-0.4
7386,0.0020427703857421875,0.0,0.0
7387,0.00067138671875,0.0,0.0
7388,0.001636505126953125,0.0,0.0
7389,0.0018165111541748047,0.0,0.4
7390,0.0025148391723632812,0.0,0.4
7391,0.00205230712890625,0.0,0.4
7392,0.0027704238891601562,0.0,0.4
7393,0.0015718936920166016,0.0,0.8
7394,0.0017828941345214844,0.0,0.8
7395,0.002439737319946289,0.0,0.8
7396,0.0007030963897705078,0.0,0.8
7397,0.0020933151245117188,0.0,1.2000000000000002
7398,0.0021820068359375,0.0,1.2000000000000002
7399,0.002464771270751953,0.0,1.2000000000000002
7400,0.0020520687103271484,0.0,1.2000000000000002
7401,0.0006785392761230469,0.0,1.2000000000000002
7402,0.002032756805419922,0.0,1.2000000000000002
7403,0.0017697811126708984,0.0,1.2000000000000002
7404,0.0016665458679199219,0.0,1.2000000000000002
7405,0.002421855926513672,0.0,1.2000000000000002
7406,0.0028901100158691406,0.0,1.2000000000000002
7407,0.0021734237670898438,0.0,1.2000000000000002
7408,0.0025055408477783203,0.0,1.2000000000000002
7409,0.0028541088104248047,0.0,1.2000000000000002
7410,0.0006897449493408203,0.0,1.2000000000000002
7411,0.002953052520751953,0.0,1.2000000000000002
7412,0.0006642341613769531,0.0,0.8
7413,0.001857757568359375,0.0,0.8
7414,0.0006315708160400391,0.0,0.8
7415,0.0023894309997558594,0.0,0.8
7416,0.0006577968597412109,0.0,0.4
7417,0.0022575855255126953,0.0,0.4
7418,0.0006895065307617188,0.0,0.4
7419,0.0024328231811523438,0.0,0.4
7420,0.0005941390991210938,0.0,0.0
7421,0.0021049976348876953,0.0,0.0
7422,0.0006010532379150391,0.0,0.0
7423,0.0019369125366210938,0.0,-0.4
7424,0.002390623092651367,0.0,-0.4
7425,0.0026192665100097656,0.0,-0.4
7426,0.0006144046783447266,0.0,-0.4
7427,0.002052783966064453,0.0,-0.8
7428,0.0006449222564697266,0.0,-0.8
7429,0.0016262531280517578,0.0,-0.8
7430,0.002420186996459961,0.0,-0.8
7431,0.00205230712890625,0.0,-0.8
7432,0.0019297599792480469,0.0,-1.2000000000000002
7433,0.0023729801177978516,0.0,-1.2000000000000002
7434,0.0007977485656738281,0.0,-1.2000000000000002
7435,0.002694368362426758,0.0,-1.2000000000000002
7436,0.002804994583129883,0.0,-1.2000000000000002
7437,0.002804994583129883,0.0,-1.2000000000000002
7438,0.0018453598022460938,0.0,-1.2000000000000002
7439,0.002492189407348633,0.0,-1.2000000000000002
7440,0.0007305145263671875,0.0,-1.2000000000000002
7441,0.0019876956939697266,0.0,-1.2000000000000002
7442,0.0025582313537597656,0.0,-1.2000000000000002
7443,0.002129793167114258,0.0,-1.2000000000000002
7444,0.0023856163024902344,0.0,-1.2000000000000002
7445,0.0017733573913574219,0.0,-1.2000000000000002
7446,0.0006306171417236328,0.0,-1.2000000000000002
7447,0.002424478530883789,0.0,-0.8
7448,0.0006513595581054688,0.0,-0.8
7449,0.002169370651245117,0.0,-0.8
7450,0.002359151840209961,0.0,-0.8
7451,0.0020694732666015625,0.0,-0.8
7452,0.0018444061279296875,0.0,-0.4
7453,0.0006504058837890625,0.0,-0.4
7454,0.0016379356384277344,0.0,-0.4
7455,0.0007832050323486328,0.0,-0.4
7456,0.0025713443756103516,0.0,-0.4
7457,0.0008525848388671875,0.0,0.0
7458,0.0017993450164794922,0.0,0.0
7459,0.002276182174682617,0.0,0.0
7460,0.002122640609741211,0.0,0.0
7461,0.0008015632629394531,0.0,0.4
7462,0.0014421939849853516,0.0,0.4
7463,0.0006642341613769531,0.0,0.4
7464,0.0019533634185791016,0.0,0.4
7465,0.0006334781646728516,0.0,0.8
7466,0.0025703907012939453,0.0,0.8
7467,0.000614166259765625,0.0,0.8
7468,0.003275156021118164,0.0,0.8
7469,0.0006003379821777344,0.0,0.8
7470,0.0020952224731445312,0.0,0.8
7471,0.0005662441253662109,0.0,0.8
7472,0.0026459693908691406,0.0,0.8
7473,0.0005638599395751953,0.0,0.8
7474,0.002370119094848633,0.0,0.8
7475,0.0005676746368408203,0.0,0.8
7476,0.0025680065155029297,0.0,0.8
7477,0.002794027328491211,0.0,0.8
7478,0.0006539821624755859,0.0,0.8
7479,0.0024814605712890625,0.0,0.8
7480,0.0020971298217773438,0.0,0.8
7481,0.0006663799285888672,0.0,0.8
7482,0.0019545555114746094,0.0,0.8
7483,0.0006482601165771484,0.0,0.8
7484,0.0013568401336669922,0.0,0.8
7485,0.0019779205322265625,0.0,0.4
7486,0.0006597042083740234,0.0,0.4
7487,0.0024030208587646484,0.0,0.4
7488,0.0022902488708496094,0.0,0.4
7489,0.0029036998748779297,0.0,0.4
7490,0.0020983219146728516,0.0,0.0
7491,0.002485990524291992,0.0,0.0
7492,0.0020911693572998047,0.0,0.0
7493,0.0025217533111572266,0.0,0.0
7494,0.0029060840606689453,0.0,0.0
7495,0.0027060508728027344,0.0,-0.4
7496,0.0007386207580566406,0.0,-0.4
7497,0.0018610954284667969,0.0,-0.4
7498,0.0006835460662841797,0.0,-0.4
7499,0.0023031234741210938,0.0,-0.4
7500,0.0006272792816162109,0.0,-0.8
7501,0.002719879150390625,0.0,-0.8
7502,0.0006165504455566406,0.0,-0.8
7503,0.002719879150390625,0.0,-0.8
7504,0.0020852088928222656,0.0,-0.8
7505,0.0025098323822021484,0.0,-0.8
7506,0.0006926059722900391,0.0,-0.8
7507,0.002387523651123047,0.0,-0.8
7508,0.0020780563354492188,0.0,-0.8
7509,0.0006575584411621094,0.0,-0.8
7510,0.0022644996643066406,0.0,-0.8
7511,0.0028913021087646484,0.0,-0.8
7512,0.000652313232421875,0.0,-0.8
7513,0.002307415008544922,0.0,-0.8
7514,0.0006134510040283203,0.0,-0.8
7515,0.0017962455749511719,0.0,-0.8
7516,0.0006492137908935547,0.0,-0.8
7517,0.002458810806274414,0.0,-0.8
7518,0.0006530284881591797,0.0,-0.8
7519,0.002343416213989258,0.0,-0.4
7520,0.0005826950073242188,0.0,-0.4
7521,0.0025298595428466797,0.0,-0.4
7522,0.0006012916564941406,0.0,-0.4
7523,0.0027115345001220703,0.0,-0.4
7524,0.000759124755859375,0.0,-0.4
7525,0.0021619796752929688,0.0,0.0
7526,0.0006189346313476562,0.0,0.0
7527,0.002449512481689453,0.0,0.0
7528,0.0005805492401123047,0.0,0.0
7529,0.0022766590118408203,0.0,0.0
7530,0.0005702972412109375,0.0,0.0
7531,0.002145528793334961,0.0,0.0
7532,0.002566099166870117,0.0,0.4
7533,0.0006015300750732422,0.0,0.4
