,Latency,PWM Value,Angle
0,0.0,0.0,0.0
1,0.00022411346435546875,0.0,0.0
2,0.0008614063262939453,0.0,0.0
3,0.00045943260192871094,0.0,0.0
4,0.0005338191986083984,0.0,0.0
5,0.00042247772216796875,0.0,0.0
6,0.00044417381286621094,0.0,0.0
7,0.0010902881622314453,0.0,0.0
8,0.0004444122314453125,0.0,0.0
9,0.0017094612121582031,0.0,0.0
10,0.00046324729919433594,0.0,0.0
11,0.001607656478881836,0.0,0.0
12,0.0016713142395019531,0.0,0.0
13,0.0005021095275878906,0.0,0.0
14,0.0016510486602783203,0.0,0.0
15,0.0004792213439941406,0.0,0.0
16,0.001667022705078125,0.0,0.0
17,0.0004563331604003906,0.0,0.0
18,0.0017118453979492188,0.0,0.0
19,0.0004525184631347656,0.0,0.0
20,0.0015254020690917969,0.0,0.0
21,0.00044417381286621094,0.0,0.0
22,0.0015459060668945312,0.0,0.0
23,0.00047206878662109375,0.0,0.0
24,0.0018610954284667969,0.0,0.0
25,0.00044608116149902344,0.0,0.0
26,0.0016658306121826172,0.0,0.0
27,0.00048089027404785156,0.0,0.0
28,0.0016086101531982422,0.0,0.0
29,0.00048279762268066406,0.0,0.0
30,0.0013778209686279297,0.0,0.0
31,0.0005030632019042969,0.0,0.0
32,0.001371145248413086,0.0,0.0
33,0.0016040802001953125,0.0,0.0
34,0.0015866756439208984,0.0,0.0
35,0.0015721321105957031,0.0,0.0
36,0.0005095005035400391,0.0,0.0
37,0.0015895366668701172,0.0,0.0
38,0.00047898292541503906,0.0,0.0
39,0.0016591548919677734,0.0,0.0
40,0.0004363059997558594,0.0,0.0
41,0.001573801040649414,0.0,0.0
42,0.00042939186096191406,0.0,0.0
43,0.0016019344329833984,0.0,0.0
44,0.00048089027404785156,0.0,0.0
45,0.0015819072723388672,0.0,0.0
46,0.0017430782318115234,0.0,0.0
47,0.0016109943389892578,0.0,0.0
48,0.001590728759765625,0.0,0.0
49,0.001554727554321289,0.0,0.0
50,0.00043320655822753906,0.0,0.0
51,0.0016145706176757812,0.0,0.0
52,0.00046539306640625,0.0,0.0
53,0.0016415119171142578,0.0,0.0
54,0.0004363059997558594,0.0,0.0
55,0.0015759468078613281,0.0,0.0
56,0.00042629241943359375,0.0,0.0
57,0.001539468765258789,0.0,0.0
58,0.0016102790832519531,0.0,0.0
59,0.0016224384307861328,0.0,0.0
60,0.0007698535919189453,0.0,0.0
61,0.0004887580871582031,0.0,0.0
62,0.0013811588287353516,0.0,0.0
63,0.0015988349914550781,0.0,0.0
64,0.0016145706176757812,0.0,0.0
65,0.001520395278930664,0.0,0.0
66,0.0005075931549072266,0.0,0.0
67,0.0004696846008300781,0.0,0.0
68,0.000476837158203125,0.0,0.0
69,0.00159454345703125,0.0,0.0
70,0.0004620552062988281,0.0,0.0
71,0.0017094612121582031,0.0,0.0
72,0.0004317760467529297,0.0,0.0
73,0.001665353775024414,0.0,0.0
74,0.0004525184631347656,0.0,0.0
75,0.0015501976013183594,0.0,0.0
76,0.0004661083221435547,0.0,0.0
77,0.0016124248504638672,0.0,0.0
78,0.00043272972106933594,0.0,0.0
79,0.0015611648559570312,0.0,0.0
80,0.0015208721160888672,0.0,0.0
81,0.0017240047454833984,0.0,0.0
82,0.00150299072265625,0.0,0.0
83,0.0014853477478027344,0.0,0.0
84,0.0004801750183105469,0.0,0.0
85,0.0015108585357666016,0.0,0.0
86,0.000438690185546875,0.0,0.0
87,0.0016021728515625,0.0,0.0
88,0.0015444755554199219,0.0,0.0
89,0.0014600753784179688,0.0,0.0
90,0.001566171646118164,0.0,0.0
91,0.0005877017974853516,0.0,0.0
92,0.0015933513641357422,0.0,0.0
93,0.001664876937866211,0.0,0.0
94,0.0015075206756591797,0.0,0.0
95,0.0005044937133789062,0.0,0.0
96,0.001577615737915039,0.0,0.0
97,0.00045371055603027344,0.0,0.0
98,0.0015900135040283203,0.0,0.0
99,0.0004894733428955078,0.0,0.0
100,0.0016510486602783203,0.0,0.0
101,0.00047135353088378906,0.0,0.0
102,0.0015645027160644531,0.0,0.0
103,0.0004596710205078125,0.0,0.0
104,0.0015475749969482422,0.0,0.0
105,0.0015506744384765625,0.0,0.0
106,0.00044083595275878906,0.0,0.0
107,0.001634359359741211,0.0,0.0
108,0.0004329681396484375,0.0,0.0
109,0.0017468929290771484,0.0,0.0
110,0.0015625953674316406,0.0,0.0
111,0.0004630088806152344,0.0,0.0
112,0.0015454292297363281,0.0,0.0
113,0.0015876293182373047,0.002,0.0
114,0.0004913806915283203,0.006,0.0
115,0.0016074180603027344,0.006,0.0
116,0.0016326904296875,0.006,0.0
117,0.0015230178833007812,0.009000000000000001,0.0
118,0.001682281494140625,0.009000000000000001,0.0
119,0.00048613548278808594,0.009000000000000001,0.0
120,0.0018672943115234375,0.009000000000000001,0.0
121,0.00054168701171875,0.009000000000000001,0.0
122,0.0018017292022705078,0.011000000000000001,0.0
123,0.00047206878662109375,0.011000000000000001,0.0
124,0.0016677379608154297,0.011000000000000001,0.0
125,0.0016677379608154297,0.011000000000000001,0.0
126,0.001585245132446289,0.013000000000000001,0.0
127,0.00048661231994628906,0.013000000000000001,0.0
128,0.0016317367553710938,0.013000000000000001,0.0
129,0.00048232078552246094,0.015,0.0
130,0.0017461776733398438,0.015,0.0
131,0.001565694808959961,0.015,0.0
132,0.001497507095336914,0.015,0.0
133,0.00150299072265625,0.015,0.0
134,0.0014925003051757812,0.017,0.0
135,0.0014634132385253906,0.017,0.0
136,0.000461578369140625,0.022000000000000002,0.0
137,0.001634359359741211,0.022000000000000002,0.0
138,0.0004737377166748047,0.022000000000000002,0.0
139,0.001535177230834961,0.022000000000000002,0.0
140,0.0014941692352294922,0.022000000000000002,0.0
141,0.0004696846008300781,0.022000000000000002,0.0
142,0.0016431808471679688,0.024,0.0
143,0.00046372413635253906,0.024,0.0
144,0.00164031982421875,0.024,0.0
145,0.0015175342559814453,0.024,0.0
146,0.0015072822570800781,0.024,0.0
147,0.001613616943359375,0.024,0.0
148,0.0015490055084228516,0.024,0.0
149,0.001432180404663086,0.024,0.0
150,0.0005092620849609375,0.026000000000000002,0.0
151,0.0008089542388916016,0.026000000000000002,0.0
152,0.0004968643188476562,0.027999999999999997,0.0
153,0.001539468765258789,0.027999999999999997,0.0
154,0.0015411376953125,0.03,0.0
155,0.0015447139739990234,0.03,0.0
156,0.001653909683227539,0.03,0.0
157,0.0015714168548583984,0.032,0.0
158,0.0015330314636230469,0.032,0.0
159,0.0015263557434082031,0.032,0.4
160,0.0004901885986328125,0.039,0.4
161,0.0015642642974853516,0.039,0.4
162,0.0014977455139160156,0.040999999999999995,0.4
163,0.0004725456237792969,0.043,0.4
164,0.0015480518341064453,0.043,0.4
165,0.0014786720275878906,0.047,0.4
166,0.00048613548278808594,0.047,0.4
167,0.0015649795532226562,0.05,0.4
168,0.0015499591827392578,0.054000000000000006,0.4
169,0.0015316009521484375,0.055999999999999994,0.4
170,0.0016481876373291016,0.06,0.4
171,0.0004608631134033203,0.063,0.4
172,0.0014870166778564453,0.065,0.4
173,0.0004665851593017578,0.069,0.4
174,0.0015943050384521484,0.075,0.4
175,0.0004546642303466797,0.08199999999999999,0.4
176,0.0014774799346923828,0.086,0.4
177,0.0004363059997558594,0.08800000000000001,0.4
178,0.001600503921508789,0.09300000000000001,0.4
179,0.0004642009735107422,0.09300000000000001,0.4
180,0.0013706684112548828,0.09699999999999999,0.4
181,0.0007004737854003906,0.09699999999999999,0.4
182,0.0016078948974609375,0.09699999999999999,0.4
183,0.0015935897827148438,0.099,0.4
184,0.0016744136810302734,0.10099999999999999,0.8
185,0.0014982223510742188,0.10099999999999999,0.8
186,0.0005459785461425781,0.10099999999999999,1.2000000000000002
187,0.001596689224243164,0.10300000000000001,1.6
188,0.0016207695007324219,0.106,2.0
189,0.00152587890625,0.106,2.4000000000000004
190,0.0015041828155517578,0.106,3.2
191,0.0004932880401611328,0.106,3.6
192,0.0015616416931152344,0.106,4.4
193,0.00047707557678222656,0.106,5.2
194,0.0016245841979980469,0.106,6.4
195,0.0015404224395751953,0.106,7.2
196,0.0017371177673339844,0.106,8.4
197,0.0016057491302490234,0.10800000000000001,9.200000000000001
198,0.0004856586456298828,0.11,10.4
199,0.0015726089477539062,0.11,11.600000000000001
200,0.00046753883361816406,0.11,12.8
201,0.0016696453094482422,0.114,14.0
202,0.0014989376068115234,0.11599999999999999,15.200000000000001
203,0.0015511512756347656,0.11599999999999999,16.400000000000002
204,0.0014841556549072266,0.11599999999999999,17.6
205,0.0015380382537841797,0.11599999999999999,18.8
206,0.00046563148498535156,0.11599999999999999,20.0
207,0.0015933513641357422,0.11599999999999999,21.200000000000003
208,0.0015685558319091797,0.11599999999999999,22.400000000000002
209,0.001499176025390625,0.11599999999999999,23.200000000000003
210,0.0012896060943603516,0.11599999999999999,24.400000000000002
211,0.0007567405700683594,0.11599999999999999,25.200000000000003
212,0.0014379024505615234,0.11599999999999999,26.0
213,0.0016045570373535156,0.11599999999999999,26.8
214,0.0014314651489257812,0.11599999999999999,27.6
215,0.0014388561248779297,0.11599999999999999,28.400000000000002
216,0.0016198158264160156,0.11599999999999999,28.8
217,0.001439809799194336,0.11599999999999999,29.6
218,0.0005323886871337891,0.11599999999999999,30.0
219,0.0015614032745361328,0.11599999999999999,30.0
220,0.0004913806915283203,0.11599999999999999,30.400000000000002
221,0.0015804767608642578,0.11599999999999999,30.400000000000002
222,0.00045680999755859375,0.114,30.400000000000002
223,0.0015690326690673828,0.114,30.400000000000002
224,0.00045943260192871094,0.114,30.400000000000002
225,0.0014982223510742188,0.114,30.0
226,0.00046372413635253906,0.114,29.6
227,0.0017130374908447266,0.114,29.200000000000003
228,0.0004646778106689453,0.11,28.8
229,0.0016319751739501953,0.10800000000000001,28.400000000000002
230,0.001567840576171875,0.10800000000000001,27.6
231,0.0015625953674316406,0.10800000000000001,26.8
232,0.0014362335205078125,0.10800000000000001,26.0
233,0.000453948974609375,0.10800000000000001,25.200000000000003
234,0.001504659652709961,0.10800000000000001,24.400000000000002
235,0.00046634674072265625,0.10800000000000001,23.200000000000003
236,0.0016028881072998047,0.10800000000000001,22.400000000000002
237,0.0015282630920410156,0.10800000000000001,21.200000000000003
238,0.0016529560089111328,0.10800000000000001,20.400000000000002
239,0.0015006065368652344,0.10800000000000001,19.200000000000003
240,0.0005114078521728516,0.10800000000000001,18.0
241,0.0004799365997314453,0.10800000000000001,16.8
242,0.0018467903137207031,0.10800000000000001,15.600000000000001
243,0.0015816688537597656,0.10800000000000001,14.8
244,0.0016224384307861328,0.11,13.600000000000001
245,0.001554250717163086,0.11,12.4
246,0.0015978813171386719,0.11,11.600000000000001
247,0.0015735626220703125,0.11,10.4
248,0.0004820823669433594,0.11,9.600000000000001
249,0.0017447471618652344,0.11,8.4
250,0.0016884803771972656,0.11,7.6000000000000005
251,0.0015232563018798828,0.11,6.800000000000001
252,0.0004761219024658203,0.11,6.4
253,0.0015566349029541016,0.11,5.6000000000000005
254,0.0014681816101074219,0.11,5.2
255,0.0014979839324951172,0.11,4.800000000000001
256,0.0015406608581542969,0.11,4.4
257,0.0016243457794189453,0.11,4.0
258,0.0004482269287109375,0.11199999999999999,4.0
259,0.0015511512756347656,0.114,4.0
260,0.0015215873718261719,0.114,4.0
261,0.0015673637390136719,0.114,4.0
262,0.0015079975128173828,0.114,4.4
263,0.0014977455139160156,0.114,4.800000000000001
264,0.0015621185302734375,0.114,5.2
265,0.0015270709991455078,0.11599999999999999,5.6000000000000005
266,0.0004968643188476562,0.11599999999999999,6.4
267,0.0016891956329345703,0.11599999999999999,6.800000000000001
268,0.0004723072052001953,0.11599999999999999,7.6000000000000005
269,0.0015864372253417969,0.11599999999999999,8.4
270,0.001546621322631836,0.11599999999999999,9.600000000000001
271,0.001546621322631836,0.11599999999999999,9.600000000000001
272,0.0015106201171875,0.11599999999999999,10.4
273,0.0004515647888183594,0.11599999999999999,11.200000000000001
274,0.001592874526977539,0.11900000000000001,12.4
275,0.00043320655822753906,0.121,13.600000000000001
276,0.0016050338745117188,0.121,15.600000000000001
277,0.0004596710205078125,0.121,16.8
278,0.0015954971313476562,0.121,18.0
279,0.00046563148498535156,0.121,19.200000000000003
280,0.0015339851379394531,0.121,20.400000000000002
281,0.0015604496002197266,0.121,21.200000000000003
282,0.001538991928100586,0.121,22.400000000000002
283,0.0004401206970214844,0.12300000000000001,23.200000000000003
284,0.0015892982482910156,0.12300000000000001,24.400000000000002
285,0.00046443939208984375,0.12300000000000001,25.200000000000003
286,0.0015087127685546875,0.12300000000000001,26.0
287,0.0004627704620361328,0.121,26.8
288,0.0016024112701416016,0.121,27.6
289,0.0015971660614013672,0.121,28.400000000000002
290,0.0015332698822021484,0.11900000000000001,28.8
291,0.001443624496459961,0.11900000000000001,29.200000000000003
292,0.001512289047241211,0.11900000000000001,29.6
293,0.0014421939849853516,0.114,30.0
294,0.0004718303680419922,0.114,30.400000000000002
295,0.0015518665313720703,0.11199999999999999,30.400000000000002
296,0.0015790462493896484,0.11199999999999999,30.8
297,0.001468658447265625,0.11,30.8
298,0.0004639625549316406,0.11,30.400000000000002
299,0.0015194416046142578,0.11,30.400000000000002
300,0.0014829635620117188,0.11,30.0
301,0.0015418529510498047,0.11,29.6
302,0.001459360122680664,0.11,29.200000000000003
303,0.0004642009735107422,0.11,28.400000000000002
304,0.0015175342559814453,0.11,28.0
305,0.0014600753784179688,0.11,27.200000000000003
306,0.0014557838439941406,0.11,26.400000000000002
307,0.0015594959259033203,0.11,25.6
308,0.0015268325805664062,0.11,24.400000000000002
309,0.00048279762268066406,0.11199999999999999,23.6
310,0.0015642642974853516,0.11199999999999999,22.400000000000002
311,0.0014302730560302734,0.11199999999999999,21.200000000000003
312,0.0016489028930664062,0.11199999999999999,20.400000000000002
313,0.001463174819946289,0.11199999999999999,19.200000000000003
314,0.001476287841796875,0.11199999999999999,18.0
315,0.0005030632019042969,0.114,16.8
316,0.0014739036560058594,0.114,15.600000000000001
317,0.00045871734619140625,0.114,14.4
318,0.001636505126953125,0.11599999999999999,13.200000000000001
319,0.0015420913696289062,0.11599999999999999,12.4
320,0.0004570484161376953,0.11599999999999999,11.200000000000001
321,0.00156402587890625,0.121,10.0
322,0.0004432201385498047,0.12300000000000001,9.200000000000001
323,0.0014767646789550781,0.12300000000000001,8.4
324,0.00048041343688964844,0.125,7.6000000000000005
325,0.0015954971313476562,0.127,6.800000000000001
326,0.00046324729919433594,0.127,6.0
327,0.0015802383422851562,0.127,5.6000000000000005
328,0.00045609474182128906,0.127,5.2
329,0.0015077590942382812,0.127,4.800000000000001
330,0.0015041828155517578,0.127,4.800000000000001
331,0.0004489421844482422,0.127,4.4
332,0.0015952587127685547,0.127,4.4
333,0.00046372413635253906,0.127,4.800000000000001
334,0.0015752315521240234,0.127,4.800000000000001
335,0.0014560222625732422,0.127,5.2
336,0.00043320655822753906,0.127,6.0
337,0.001611948013305664,0.127,6.4
338,0.00042748451232910156,0.121,7.2
339,0.0014688968658447266,0.11599999999999999,8.0
340,0.0004322528839111328,0.11199999999999999,8.8
341,0.0015072822570800781,0.11199999999999999,9.600000000000001
342,0.0004570484161376953,0.11199999999999999,10.4
343,0.0015065670013427734,0.11199999999999999,11.600000000000001
344,0.0014810562133789062,0.11199999999999999,12.8
345,0.0004353523254394531,0.11199999999999999,14.0
346,0.0016913414001464844,0.11199999999999999,15.200000000000001
347,0.001569509506225586,0.11199999999999999,16.400000000000002
348,0.0015707015991210938,0.11199999999999999,17.2
349,0.0015718936920166016,0.11199999999999999,18.400000000000002
350,0.001542806625366211,0.11199999999999999,19.6
351,0.00045943260192871094,0.11199999999999999,20.8
352,0.0015666484832763672,0.11199999999999999,22.0
353,0.0014638900756835938,0.11199999999999999,22.8
354,0.0015156269073486328,0.11199999999999999,24.0
355,0.00043845176696777344,0.11199999999999999,24.8
356,0.001641988754272461,0.11199999999999999,25.6
357,0.00045800209045410156,0.11199999999999999,26.400000000000002
358,0.0015537738800048828,0.11599999999999999,27.200000000000003
359,0.001544952392578125,0.11599999999999999,27.6
360,0.00043129920959472656,0.11599999999999999,28.400000000000002
361,0.0015430450439453125,0.11599999999999999,28.8
362,0.0004570484161376953,0.11599999999999999,29.200000000000003
363,0.0015375614166259766,0.11900000000000001,29.200000000000003
364,0.001567840576171875,0.121,29.6
365,0.001523733139038086,0.12300000000000001,29.6
366,0.0014920234680175781,0.12300000000000001,29.6
367,0.0017614364624023438,0.125,29.6
368,0.0013985633850097656,0.125,29.6
369,0.0004909038543701172,0.125,29.200000000000003
370,0.0015447139739990234,0.125,28.8
371,0.00046706199645996094,0.125,28.400000000000002
372,0.0015790462493896484,0.125,28.0
373,0.0004506111145019531,0.125,27.200000000000003
374,0.0016169548034667969,0.125,26.8
375,0.0004360675811767578,0.125,26.0
376,0.0015745162963867188,0.125,25.6
377,0.00043272972106933594,0.125,24.8
378,0.0016336441040039062,0.125,24.0
379,0.0004398822784423828,0.127,23.200000000000003
380,0.0015711784362792969,0.127,22.400000000000002
381,0.0004684925079345703,0.125,21.6
382,0.0015041828155517578,0.125,20.8
383,0.001458883285522461,0.125,19.6
384,0.0016217231750488281,0.125,18.8
385,0.0014147758483886719,0.125,18.0
386,0.0015041828155517578,0.125,17.2
387,0.0016918182373046875,0.125,16.400000000000002
388,0.0004608631134033203,0.125,15.600000000000001
389,0.0017235279083251953,0.125,14.8
390,0.0016090869903564453,0.125,14.4
391,0.0004885196685791016,0.125,13.600000000000001
392,0.001538991928100586,0.125,12.8
393,0.0015959739685058594,0.125,12.4
394,0.0015649795532226562,0.125,12.0
395,0.001409292221069336,0.125,11.600000000000001
396,0.001543283462524414,0.125,11.200000000000001
397,0.0016698837280273438,0.125,10.8
398,0.00047898292541503906,0.125,10.4
399,0.0016167163848876953,0.125,10.4
400,0.001512765884399414,0.125,10.4
401,0.00147247314453125,0.125,10.0
402,0.0015430450439453125,0.125,10.4
403,0.00047779083251953125,0.125,10.4
404,0.001550436019897461,0.125,10.4
405,0.0014812946319580078,0.125,10.8
406,0.0004596710205078125,0.125,11.200000000000001
407,0.0015239715576171875,0.127,11.200000000000001
408,0.0016126632690429688,0.127,12.0
409,0.0015912055969238281,0.127,12.4
410,0.0017960071563720703,0.127,12.8
411,0.0015034675598144531,0.127,13.200000000000001
412,0.0004627704620361328,0.127,14.0
413,0.0015413761138916016,0.127,14.8
414,0.00048470497131347656,0.127,15.200000000000001
415,0.001592397689819336,0.127,16.0
416,0.0015385150909423828,0.127,16.8
417,0.0016863346099853516,0.127,17.6
418,0.0015857219696044922,0.127,18.400000000000002
419,0.001550436019897461,0.125,19.200000000000003
420,0.0015056133270263672,0.121,20.0
421,0.001737833023071289,0.11599999999999999,20.8
422,0.0016222000122070312,0.11599999999999999,21.6
423,0.0016222000122070312,0.11599999999999999,21.6
424,0.0015425682067871094,0.11199999999999999,22.0
425,0.0004687309265136719,0.11199999999999999,22.8
426,0.0015709400177001953,0.11,23.6
427,0.00045371055603027344,0.11,24.0
428,0.0016543865203857422,0.11,24.8
429,0.0004487037658691406,0.11,25.200000000000003
430,0.0015895366668701172,0.11,26.0
431,0.0004355907440185547,0.11,26.400000000000002
432,0.0015177726745605469,0.11,26.400000000000002
433,0.0004699230194091797,0.11,26.8
434,0.0016384124755859375,0.11,27.200000000000003
435,0.0004649162292480469,0.11,27.200000000000003
436,0.0015249252319335938,0.11,27.200000000000003
437,0.0015304088592529297,0.11,27.200000000000003
438,0.0015459060668945312,0.11,27.200000000000003
439,0.0016646385192871094,0.11,26.8
440,0.00045609474182128906,0.11,26.400000000000002
441,0.0015718936920166016,0.114,26.400000000000002
442,0.0004398822784423828,0.11599999999999999,25.6
443,0.0014808177947998047,0.11900000000000001,25.200000000000003
444,0.00047087669372558594,0.121,24.8
445,0.0015034675598144531,0.121,24.0
446,0.0004642009735107422,0.121,23.6
447,0.0015969276428222656,0.125,22.8
448,0.0016083717346191406,0.129,22.0
449,0.0015933513641357422,0.129,21.200000000000003
450,0.0015799999237060547,0.129,20.400000000000002
451,0.00156402587890625,0.131,19.6
452,0.0015690326690673828,0.134,18.8
453,0.0015535354614257812,0.134,18.0
454,0.0015137195587158203,0.134,17.2
455,0.0014867782592773438,0.134,16.400000000000002
456,0.0014536380767822266,0.134,15.600000000000001
457,0.0014832019805908203,0.134,15.200000000000001
458,0.000469207763671875,0.134,14.4
459,0.0015704631805419922,0.129,14.0
460,0.0015201568603515625,0.114,13.200000000000001
461,0.0014090538024902344,0.10099999999999999,12.8
462,0.00045752525329589844,0.095,12.4
463,0.0017321109771728516,0.09300000000000001,12.0
464,0.0004680156707763672,0.09300000000000001,12.0
465,0.0015454292297363281,0.09300000000000001,11.600000000000001
466,0.00159454345703125,0.09300000000000001,11.600000000000001
467,0.0004520416259765625,0.09300000000000001,11.200000000000001
468,0.001577138900756836,0.09300000000000001,11.200000000000001
469,0.0004723072052001953,0.09300000000000001,11.200000000000001
470,0.0015711784362792969,0.09300000000000001,11.200000000000001
471,0.0015935897827148438,0.09300000000000001,11.200000000000001
472,0.0004324913024902344,0.09699999999999999,11.200000000000001
473,0.0015492439270019531,0.09699999999999999,11.200000000000001
474,0.00046706199645996094,0.10099999999999999,11.200000000000001
475,0.0015070438385009766,0.10800000000000001,11.200000000000001
476,0.0004379749298095703,0.11,11.600000000000001
477,0.0016548633575439453,0.114,11.600000000000001
478,0.00043702125549316406,0.121,11.600000000000001
479,0.001744985580444336,0.125,12.0
480,0.00045752525329589844,0.127,12.0
481,0.0018177032470703125,0.127,12.4
482,0.002303600311279297,0.131,12.4
483,0.00043010711669921875,0.131,12.8
484,0.0016274452209472656,0.131,13.200000000000001
485,0.00043392181396484375,0.131,13.200000000000001
486,0.0015285015106201172,0.131,13.600000000000001
487,0.0004355907440185547,0.131,14.0
488,0.0015773773193359375,0.131,14.8
489,0.00043582916259765625,0.131,15.200000000000001
490,0.0015881061553955078,0.131,15.600000000000001
491,0.00045990943908691406,0.131,16.0
492,0.0016124248504638672,0.129,16.8
493,0.00043129920959472656,0.12300000000000001,17.2
494,0.001527547836303711,0.11900000000000001,18.0
495,0.0004374980926513672,0.11,18.8
496,0.0016622543334960938,0.11,19.200000000000003
497,0.00044083595275878906,0.11,20.0
498,0.001607656478881836,0.11,20.8
499,0.0015866756439208984,0.11,21.200000000000003
500,0.0004298686981201172,0.11,22.0
501,0.001584768295288086,0.11,22.400000000000002
502,0.00046515464782714844,0.11,23.200000000000003
503,0.0015680789947509766,0.11,23.6
504,0.001550912857055664,0.11,24.0
505,0.00047469139099121094,0.11,24.400000000000002
506,0.001585245132446289,0.114,24.8
507,0.0015368461608886719,0.121,24.8
508,0.00043320655822753906,0.12300000000000001,25.200000000000003
509,0.0015997886657714844,0.129,25.200000000000003
510,0.0015521049499511719,0.134,25.200000000000003
511,0.0014739036560058594,0.138,25.200000000000003
512,0.00045871734619140625,0.142,25.200000000000003
513,0.001577615737915039,0.142,25.200000000000003
514,0.00045800209045410156,0.14400000000000002,24.8
515,0.0015254020690917969,0.147,24.8
516,0.0004649162292480469,0.147,24.400000000000002
517,0.0015492439270019531,0.147,24.0
518,0.0004341602325439453,0.147,24.0
519,0.0016603469848632812,0.147,23.6
520,0.0015397071838378906,0.147,23.200000000000003
521,0.00043010711669921875,0.142,22.8
522,0.0016224384307861328,0.138,22.8
523,0.0015294551849365234,0.131,22.400000000000002
524,0.001560211181640625,0.129,22.400000000000002
525,0.0015406608581542969,0.125,22.0
526,0.0004696846008300781,0.125,21.6
527,0.0015385150909423828,0.125,21.6
528,0.00044465065002441406,0.125,21.6
529,0.001588582992553711,0.125,21.200000000000003
530,0.00046062469482421875,0.125,21.200000000000003
531,0.0015513896942138672,0.125,20.8
532,0.0004451274871826172,0.125,20.8
533,0.0015506744384765625,0.125,20.400000000000002
534,0.0004363059997558594,0.125,20.400000000000002
535,0.0015461444854736328,0.125,20.0
536,0.0004572868347167969,0.131,20.0
537,0.0015528202056884766,0.14,19.6
538,0.00043511390686035156,0.142,19.6
539,0.0016112327575683594,0.142,19.200000000000003
540,0.0015468597412109375,0.142,19.200000000000003
541,0.001565694808959961,0.142,18.8
542,0.0015091896057128906,0.142,18.8
543,0.001592874526977539,0.142,18.8
544,0.0015492439270019531,0.142,18.400000000000002
545,0.0014450550079345703,0.142,18.400000000000002
546,0.0015201568603515625,0.142,18.400000000000002
547,0.0015521049499511719,0.142,18.400000000000002
548,0.0004458427429199219,0.142,18.400000000000002
549,0.0015630722045898438,0.142,18.400000000000002
550,0.00165557861328125,0.142,18.8
551,0.00043201446533203125,0.14,18.8
552,0.0015916824340820312,0.136,18.8
553,0.001590728759765625,0.129,19.200000000000003
554,0.0004374980926513672,0.129,19.200000000000003
555,0.0015566349029541016,0.129,19.6
556,0.0015065670013427734,0.129,20.0
557,0.00046825408935546875,0.129,20.0
558,0.0015647411346435547,0.129,20.400000000000002
559,0.0015707015991210938,0.129,20.8
560,0.0004642009735107422,0.129,21.200000000000003
561,0.0015707015991210938,0.129,21.6
562,0.0015392303466796875,0.129,21.6
563,0.001477956771850586,0.129,22.0
564,0.0015149116516113281,0.129,22.400000000000002
565,0.0016286373138427734,0.129,22.8
566,0.0019173622131347656,0.129,22.8
567,0.0019173622131347656,0.134,22.8
568,0.0015683174133300781,0.138,23.200000000000003
569,0.0016512870788574219,0.14,23.200000000000003
570,0.0004737377166748047,0.142,23.6
571,0.001550912857055664,0.142,23.6
572,0.0015521049499511719,0.142,23.6
573,0.0014414787292480469,0.142,24.0
574,0.000484466552734375,0.142,24.0
575,0.00164794921875,0.142,24.0
576,0.0015306472778320312,0.142,24.0
577,0.00044083595275878906,0.142,24.0
578,0.0015521049499511719,0.142,24.0
579,0.00043845176696777344,0.142,24.0
580,0.0016179084777832031,0.142,24.0
581,0.0004410743713378906,0.142,24.0
582,0.001585245132446289,0.142,24.0
583,0.0004305839538574219,0.142,23.6
584,0.0015816688537597656,0.138,23.6
585,0.0004584789276123047,0.138,23.6
586,0.0015342235565185547,0.138,23.6
587,0.00046253204345703125,0.138,23.6
588,0.0015463829040527344,0.138,23.6
589,0.001607656478881836,0.138,23.6
590,0.0004286766052246094,0.138,23.200000000000003
591,0.0006077289581298828,0.138,23.200000000000003
592,0.0005407333374023438,0.138,23.200000000000003
593,0.0013577938079833984,0.138,23.200000000000003
594,0.0004942417144775391,0.138,23.200000000000003
595,0.001577138900756836,0.138,22.8
596,0.0015411376953125,0.138,22.8
597,0.00046539306640625,0.14,22.8
598,0.0015306472778320312,0.142,22.8
599,0.0004677772521972656,0.142,22.400000000000002
600,0.0014913082122802734,0.147,22.400000000000002
601,0.00046253204345703125,0.147,22.400000000000002
602,0.0014967918395996094,0.147,22.400000000000002
603,0.0004429817199707031,0.147,22.0
604,0.0016789436340332031,0.147,22.0
605,0.0004367828369140625,0.149,22.0
606,0.0015609264373779297,0.149,22.0
607,0.0004379749298095703,0.149,22.0
608,0.0016067028045654297,0.149,21.6
609,0.0004322528839111328,0.151,21.6
610,0.0015676021575927734,0.151,21.6
611,0.0004754066467285156,0.151,21.6
612,0.001547098159790039,0.153,22.0
613,0.0014615058898925781,0.157,22.0
614,0.0015871524810791016,0.157,22.0
615,0.0014791488647460938,0.157,22.0
616,0.0004909038543701172,0.159,22.400000000000002
617,0.0016071796417236328,0.159,22.400000000000002
618,0.001737356185913086,0.162,22.8
619,0.0004668235778808594,0.162,22.8
620,0.0016078948974609375,0.162,23.200000000000003
621,0.001683950424194336,0.162,23.6
622,0.00045418739318847656,0.162,24.0
623,0.0017306804656982422,0.162,24.0
624,0.00047206878662109375,0.162,24.400000000000002
625,0.0014908313751220703,0.162,24.8
626,0.0004353523254394531,0.162,25.200000000000003
627,0.0015518665313720703,0.162,26.0
628,0.00044226646423339844,0.162,26.400000000000002
629,0.0015568733215332031,0.162,26.8
630,0.0014755725860595703,0.162,27.200000000000003
631,0.00044918060302734375,0.159,27.6
632,0.0015926361083984375,0.155,28.400000000000002
633,0.0004711151123046875,0.149,28.8
634,0.0015411376953125,0.14400000000000002,29.200000000000003
635,0.00043654441833496094,0.142,29.6
636,0.001520395278930664,0.134,30.400000000000002
637,0.0004334449768066406,0.134,30.8
638,0.0015759468078613281,0.129,31.200000000000003
639,0.0004322528839111328,0.127,31.6
640,0.0015377998352050781,0.125,32.0
641,0.000457763671875,0.125,32.0
642,0.0015268325805664062,0.125,32.4
643,0.00045990943908691406,0.125,32.4
644,0.0015521049499511719,0.125,32.800000000000004
645,0.00044655799865722656,0.125,32.4
646,0.0015473365783691406,0.125,32.4
647,0.0015664100646972656,0.125,32.4
648,0.00043654441833496094,0.125,32.0
649,0.0016601085662841797,0.129,31.6
650,0.0004706382751464844,0.138,31.200000000000003
651,0.0016684532165527344,0.14400000000000002,30.8
652,0.0004482269287109375,0.153,30.0
653,0.0015382766723632812,0.157,29.200000000000003
654,0.0004525184631347656,0.157,28.8
655,0.0015540122985839844,0.162,28.0
656,0.00047278404235839844,0.166,27.200000000000003
657,0.0015532970428466797,0.166,26.0
658,0.0016939640045166016,0.168,25.200000000000003
659,0.0004482269287109375,0.17,24.400000000000002
660,0.0015645027160644531,0.17,23.6
661,0.0015523433685302734,0.172,22.8
662,0.00043272972106933594,0.175,22.0
663,0.0015680789947509766,0.18100000000000002,21.200000000000003
664,0.00046563148498535156,0.183,20.8
665,0.0015745162963867188,0.183,20.0
666,0.00045800209045410156,0.183,19.6
667,0.0016126632690429688,0.183,19.200000000000003
668,0.0017235279083251953,0.183,18.8
669,0.0005018711090087891,0.183,18.8
670,0.0015454292297363281,0.183,18.400000000000002
671,0.0004878044128417969,0.179,18.400000000000002
672,0.0014576911926269531,0.172,18.8
673,0.0015072822570800781,0.166,18.8
674,0.0004532337188720703,0.162,19.200000000000003
675,0.0014834403991699219,0.157,20.0
676,0.001550912857055664,0.155,20.400000000000002
677,0.00043773651123046875,0.151,21.200000000000003
678,0.0015838146209716797,0.151,22.0
679,0.0015649795532226562,0.151,22.8
680,0.00045990943908691406,0.149,23.6
681,0.0014641284942626953,0.147,24.400000000000002
682,0.0004649162292480469,0.147,25.200000000000003
683,0.0015354156494140625,0.142,26.400000000000002
684,0.00046706199645996094,0.138,27.200000000000003
685,0.001562356948852539,0.136,28.0
686,0.0015766620635986328,0.134,28.8
687,0.00043654441833496094,0.134,29.6
688,0.0015225410461425781,0.134,30.400000000000002
689,0.0016422271728515625,0.134,31.200000000000003
690,0.0014832019805908203,0.134,32.0
691,0.0004787445068359375,0.134,32.800000000000004
692,0.0014781951904296875,0.134,33.2
693,0.0004367828369140625,0.134,33.6
694,0.0015473365783691406,0.134,34.0
695,0.000461578369140625,0.134,34.4
696,0.0015866756439208984,0.134,34.4
697,0.0015716552734375,0.142,34.4
698,0.0004658699035644531,0.14400000000000002,34.4
699,0.0015366077423095703,0.151,34.4
700,0.00043320655822753906,0.155,34.0
701,0.0015845298767089844,0.157,33.6
702,0.0004260540008544922,0.162,33.2
703,0.0015299320220947266,0.162,32.800000000000004
704,0.00044035911560058594,0.166,32.4
705,0.0016016960144042969,0.166,31.6
706,0.0004565715789794922,0.168,31.200000000000003
707,0.001538991928100586,0.168,30.400000000000002
708,0.0015506744384765625,0.168,30.0
709,0.0015506744384765625,0.168,30.0
710,0.0015692710876464844,0.168,29.200000000000003
711,0.001569986343383789,0.168,28.400000000000002
712,0.0015950202941894531,0.168,28.0
713,0.0004744529724121094,0.168,27.200000000000003
714,0.0015947818756103516,0.168,26.400000000000002
715,0.00045871734619140625,0.16399999999999998,26.0
716,0.0015408992767333984,0.155,25.6
717,0.001672983169555664,0.151,24.8
718,0.0004661083221435547,0.138,24.400000000000002
719,0.0015599727630615234,0.136,24.0
720,0.001535654067993164,0.134,23.6
721,0.000438690185546875,0.134,23.200000000000003
722,0.001645803451538086,0.129,23.200000000000003
723,0.0014400482177734375,0.12300000000000001,22.8
724,0.0016040802001953125,0.121,22.400000000000002
725,0.0004715919494628906,0.121,22.400000000000002
726,0.0015606880187988281,0.114,22.0
727,0.0004515647888183594,0.114,21.6
728,0.0015513896942138672,0.11199999999999999,21.6
729,0.0004940032958984375,0.11,21.200000000000003
730,0.0016160011291503906,0.10800000000000001,20.8
731,0.0015869140625,0.106,20.400000000000002
732,0.00044274330139160156,0.10099999999999999,20.400000000000002
733,0.0015573501586914062,0.10099999999999999,20.0
734,0.001506805419921875,0.10099999999999999,19.6
735,0.0015273094177246094,0.10099999999999999,19.200000000000003
736,0.0004711151123046875,0.10099999999999999,18.8
737,0.0015981197357177734,0.10099999999999999,18.400000000000002
738,0.0004341602325439453,0.10300000000000001,18.0
739,0.0015838146209716797,0.11,17.6
740,0.0004279613494873047,0.11199999999999999,17.2
741,0.0015418529510498047,0.11599999999999999,16.400000000000002
742,0.0004284381866455078,0.11599999999999999,16.0
743,0.0015511512756347656,0.12300000000000001,15.600000000000001
744,0.0004703998565673828,0.131,14.8
745,0.0015215873718261719,0.136,14.4
746,0.00044417381286621094,0.142,14.0
747,0.0016069412231445312,0.14400000000000002,13.600000000000001
748,0.0015552043914794922,0.149,13.200000000000001
749,0.0004832744598388672,0.151,12.8
750,0.0015072822570800781,0.153,12.4
751,0.0015056133270263672,0.157,12.0
752,0.0004374980926513672,0.159,12.0
753,0.0015130043029785156,0.159,11.600000000000001
754,0.0015912055969238281,0.159,11.600000000000001
755,0.0014994144439697266,0.159,11.600000000000001
756,0.00046634674072265625,0.159,12.0
757,0.0015826225280761719,0.159,12.0
758,0.00045680999755859375,0.159,12.4
759,0.0015714168548583984,0.159,13.200000000000001
760,0.0015816688537597656,0.159,13.600000000000001
761,0.0004267692565917969,0.155,14.4
762,0.0015785694122314453,0.149,15.200000000000001
763,0.0015480518341064453,0.14,16.0
764,0.00043964385986328125,0.127,16.8
765,0.0015211105346679688,0.121,18.0
766,0.0004782676696777344,0.11599999999999999,19.200000000000003
767,0.0015077590942382812,0.11199999999999999,20.0
768,0.0016870498657226562,0.10800000000000001,21.200000000000003
769,0.00045752525329589844,0.10099999999999999,22.400000000000002
770,0.001573801040649414,0.099,23.6
771,0.0015039443969726562,0.099,24.8
772,0.001585245132446289,0.099,26.0
773,0.00046753883361816406,0.099,26.8
774,0.0015530586242675781,0.099,28.0
775,0.0004334449768066406,0.099,28.8
776,0.0015406608581542969,0.099,29.6
777,0.0004680156707763672,0.099,30.0
778,0.0015597343444824219,0.099,30.400000000000002
779,0.0004334449768066406,0.099,30.8
780,0.0015606880187988281,0.106,31.200000000000003
781,0.0015494823455810547,0.11199999999999999,31.200000000000003
782,0.0004596710205078125,0.11900000000000001,31.200000000000003
783,0.001546621322631836,0.127,31.200000000000003
784,0.0015079975128173828,0.136,30.8
785,0.0015025138854980469,0.14,30.8
786,0.0015749931335449219,0.142,30.0
787,0.0014944076538085938,0.142,29.6
788,0.0004405975341796875,0.142,28.8
789,0.0015285015106201172,0.147,28.0
790,0.001512289047241211,0.147,27.200000000000003
791,0.0004761219024658203,0.147,26.400000000000002
792,0.0015385150909423828,0.147,25.6
793,0.001550912857055664,0.147,24.8
794,0.00048065185546875,0.155,24.0
795,0.001552581787109375,0.155,23.200000000000003
796,0.0015091896057128906,0.155,22.0
797,0.00046896934509277344,0.155,21.200000000000003
798,0.0015070438385009766,0.155,20.400000000000002
799,0.0004553794860839844,0.155,19.6
800,0.0015311241149902344,0.155,18.8
801,0.0015451908111572266,0.155,18.400000000000002
802,0.0004436969757080078,0.151,17.6
803,0.0015540122985839844,0.142,17.2
804,0.0004405975341796875,0.131,16.8
805,0.0015246868133544922,0.125,16.400000000000002
806,0.0014977455139160156,0.11599999999999999,16.0
807,0.0015637874603271484,0.11199999999999999,15.600000000000001
808,0.0015187263488769531,0.106,15.600000000000001
809,0.00045752525329589844,0.106,15.200000000000001
810,0.0017211437225341797,0.106,15.200000000000001
811,0.00043964385986328125,0.106,15.200000000000001
812,0.0015175342559814453,0.106,15.200000000000001
813,0.0004763603210449219,0.106,15.200000000000001
814,0.0015461444854736328,0.106,15.200000000000001
815,0.00045561790466308594,0.106,15.200000000000001
816,0.0015571117401123047,0.106,15.600000000000001
817,0.00046324729919433594,0.106,15.600000000000001
818,0.0016617774963378906,0.106,15.600000000000001
819,0.0015838146209716797,0.11,15.600000000000001
820,0.0004372596740722656,0.11199999999999999,15.600000000000001
821,0.001522064208984375,0.114,15.600000000000001
822,0.0004611015319824219,0.121,16.0
823,0.0014960765838623047,0.127,16.0
824,0.001514434814453125,0.129,16.0
825,0.0004324913024902344,0.134,16.0
826,0.0015254020690917969,0.142,16.0
827,0.0004608631134033203,0.147,16.0
828,0.0015230178833007812,0.151,16.400000000000002
829,0.0015797615051269531,0.151,16.400000000000002
830,0.0004367828369140625,0.151,16.400000000000002
831,0.0015347003936767578,0.155,16.8
832,0.00153350830078125,0.159,16.8
833,0.0004734992980957031,0.16399999999999998,17.2
834,0.0015223026275634766,0.166,17.2
835,0.0004367828369140625,0.168,17.6
836,0.0015032291412353516,0.168,18.0
837,0.0004305839538574219,0.168,18.400000000000002
838,0.0015304088592529297,0.168,19.200000000000003
839,0.00043487548828125,0.168,19.6
840,0.0015544891357421875,0.168,20.0
841,0.0015227794647216797,0.168,20.8
842,0.0004718303680419922,0.168,21.6
843,0.001491546630859375,0.168,22.400000000000002
844,0.0004296302795410156,0.162,23.200000000000003
845,0.0015301704406738281,0.153,24.0
846,0.0015645027160644531,0.142,25.200000000000003
847,0.000469207763671875,0.134,26.0
848,0.0015411376953125,0.131,27.200000000000003
849,0.00047969818115234375,0.131,28.0
850,0.00154876708984375,0.131,29.200000000000003
851,0.0014879703521728516,0.127,30.0
852,0.00046133995056152344,0.12300000000000001,30.8
853,0.001569509506225586,0.12300000000000001,31.6
854,0.0015497207641601562,0.121,32.4
855,0.0005972385406494141,0.121,33.2
856,0.0015230178833007812,0.121,34.0
857,0.001519918441772461,0.121,34.4
858,0.0015032291412353516,0.121,34.800000000000004
859,0.0015099048614501953,0.121,35.2
860,0.0015099048614501953,0.121,35.2
861,0.0015370845794677734,0.121,35.2
862,0.001455545425415039,0.12300000000000001,35.2
863,0.0015006065368652344,0.127,35.2
864,0.00151824951171875,0.131,34.800000000000004
865,0.0014698505401611328,0.138,34.800000000000004
866,0.00048065185546875,0.14400000000000002,34.4
867,0.0016636848449707031,0.149,33.6
868,0.0016329288482666016,0.153,33.2
869,0.00146484375,0.157,32.4
870,0.0014774799346923828,0.16399999999999998,31.6
871,0.0015532970428466797,0.166,30.8
872,0.0014688968658447266,0.175,29.6
873,0.0014636516571044922,0.175,28.8
874,0.0004832744598388672,0.179,28.0
875,0.0017344951629638672,0.179,26.8
876,0.00046753883361816406,0.179,26.0
877,0.001636505126953125,0.179,25.200000000000003
878,0.00046515464782714844,0.179,24.0
879,0.0017809867858886719,0.18100000000000002,23.200000000000003
880,0.0016999244689941406,0.18100000000000002,22.400000000000002
881,0.0015385150909423828,0.18100000000000002,22.0
882,0.0015003681182861328,0.18100000000000002,21.200000000000003
883,0.0004634857177734375,0.18100000000000002,20.8
884,0.001432657241821289,0.179,20.400000000000002
885,0.0004432201385498047,0.172,20.0
886,0.0014491081237792969,0.17,20.0
887,0.00046634674072265625,0.162,19.6
888,0.0016536712646484375,0.153,19.6
889,0.00045800209045410156,0.151,19.6
890,0.0014414787292480469,0.147,20.0
891,0.0013604164123535156,0.14,20.400000000000002
892,0.0015017986297607422,0.131,20.8
893,0.0013918876647949219,0.131,21.200000000000003
894,0.0012218952178955078,0.131,21.6
895,0.000438690185546875,0.131,22.0
896,0.0015671253204345703,0.131,22.400000000000002
897,0.0004737377166748047,0.131,23.200000000000003
898,0.001697540283203125,0.131,23.6
899,0.0015406608581542969,0.131,24.0
900,0.00045108795166015625,0.131,24.400000000000002
901,0.0014486312866210938,0.131,24.8
902,0.00043773651123046875,0.131,25.200000000000003
903,0.001445770263671875,0.131,25.6
904,0.0004420280456542969,0.131,26.0
905,0.0014541149139404297,0.131,26.400000000000002
906,0.00046062469482421875,0.131,26.8
907,0.0014977455139160156,0.131,26.8
908,0.0004589557647705078,0.136,26.8
909,0.0015442371368408203,0.138,27.200000000000003
910,0.0014986991882324219,0.147,27.200000000000003
911,0.001462697982788086,0.149,27.200000000000003
912,0.0014295578002929688,0.153,27.200000000000003
913,0.0004825592041015625,0.153,26.8
914,0.0014405250549316406,0.153,26.8
915,0.00047278404235839844,0.159,26.8
916,0.0014688968658447266,0.16399999999999998,26.400000000000002
917,0.0004799365997314453,0.166,26.400000000000002
918,0.0015575885772705078,0.166,26.0
919,0.0004553794860839844,0.166,26.0
920,0.0015077590942382812,0.166,25.6
921,0.0004322528839111328,0.166,25.6
922,0.0014390945434570312,0.166,25.200000000000003
923,0.0004458427429199219,0.166,25.200000000000003
924,0.00151824951171875,0.166,24.8
925,0.0014617443084716797,0.166,24.8
926,0.00048232078552246094,0.166,24.8
927,0.0015385150909423828,0.166,24.8
928,0.0004470348358154297,0.166,24.8
929,0.0015506744384765625,0.166,24.8
930,0.0004413127899169922,0.166,24.8
931,0.0014848709106445312,0.16399999999999998,25.200000000000003
932,0.00043511390686035156,0.155,25.200000000000003
933,0.0016062259674072266,0.149,25.6
934,0.00044345855712890625,0.14400000000000002,25.6
935,0.0015482902526855469,0.14,26.0
936,0.00045752525329589844,0.14,26.400000000000002
937,0.0015003681182861328,0.136,26.400000000000002
938,0.00043964385986328125,0.131,26.8
939,0.001538991928100586,0.131,27.200000000000003
940,0.0004334449768066406,0.125,27.200000000000003
941,0.00152587890625,0.125,27.6
942,0.0004246234893798828,0.125,28.0
943,0.0016574859619140625,0.125,28.0
944,0.00043010711669921875,0.125,28.0
945,0.0014824867248535156,0.125,28.0
946,0.0004620552062988281,0.125,28.0
947,0.0015826225280761719,0.125,28.0
948,0.0004284381866455078,0.125,28.0
949,0.0015196800231933594,0.125,28.0
950,0.00043487548828125,0.125,27.6
951,0.0015888214111328125,0.125,27.200000000000003
952,0.0004305839538574219,0.125,26.8
953,0.0015435218811035156,0.129,26.400000000000002
954,0.00043463706970214844,0.136,26.0
955,0.0015680789947509766,0.138,25.6
956,0.0004298686981201172,0.147,25.200000000000003
957,0.0015151500701904297,0.151,24.400000000000002
958,0.00043773651123046875,0.157,23.6
959,0.0015790462493896484,0.157,23.200000000000003
960,0.0004336833953857422,0.162,22.400000000000002
961,0.0015408992767333984,0.162,21.6
962,0.00042629241943359375,0.16399999999999998,21.200000000000003
963,0.0015094280242919922,0.166,20.400000000000002
964,0.000461578369140625,0.166,20.0
965,0.0015239715576171875,0.166,19.200000000000003
966,0.00047278404235839844,0.166,18.8
967,0.0014722347259521484,0.166,18.400000000000002
968,0.00043463706970214844,0.166,18.0
969,0.0017037391662597656,0.166,18.0
970,0.0015344619750976562,0.166,17.6
971,0.0014221668243408203,0.166,17.6
972,0.0015299320220947266,0.157,17.6
973,0.001451253890991211,0.155,17.6
974,0.0004742145538330078,0.149,18.0
975,0.001512765884399414,0.142,18.0
976,0.0016176700592041016,0.136,18.400000000000002
977,0.0004572868347167969,0.129,18.8
978,0.0014925003051757812,0.129,19.200000000000003
979,0.001695394515991211,0.127,20.0
980,0.0004627704620361328,0.12300000000000001,20.400000000000002
981,0.00154876708984375,0.12300000000000001,21.200000000000003
982,0.0016202926635742188,0.12300000000000001,21.6
983,0.0004343986511230469,0.11900000000000001,22.400000000000002
984,0.0015616416931152344,0.11900000000000001,22.8
985,0.00044155120849609375,0.11599999999999999,23.6
986,0.0015189647674560547,0.11599999999999999,24.0
987,0.0004696846008300781,0.11599999999999999,24.400000000000002
988,0.001466989517211914,0.11599999999999999,24.8
989,0.0004565715789794922,0.121,25.200000000000003
990,0.0015616416931152344,0.125,25.6
991,0.00043702125549316406,0.134,26.0
992,0.0015025138854980469,0.14,26.400000000000002
993,0.0004391670227050781,0.147,26.400000000000002
994,0.0015494823455810547,0.155,26.400000000000002
995,0.00046324729919433594,0.16399999999999998,26.400000000000002
996,0.0019087791442871094,0.166,26.400000000000002
997,0.000461578369140625,0.166,26.400000000000002
998,0.001542806625366211,0.17,26.400000000000002
999,0.0015332698822021484,0.17,26.400000000000002
1000,0.0004417896270751953,0.17,26.0
1001,0.001430511474609375,0.17,26.0
1002,0.001430511474609375,0.17,26.0
1003,0.001462697982788086,0.17,26.0
1004,0.0004341602325439453,0.17,26.0
1005,0.0016200542449951172,0.17,26.0
1006,0.0004584789276123047,0.17,25.6
1007,0.0015370845794677734,0.17,26.0
1008,0.0015273094177246094,0.17,26.0
1009,0.00043964385986328125,0.17,26.0
1010,0.0015153884887695312,0.16399999999999998,26.0
1011,0.0014793872833251953,0.157,26.400000000000002
1012,0.00043511390686035156,0.14400000000000002,26.400000000000002
1013,0.0014700889587402344,0.131,26.8
1014,0.0004401206970214844,0.121,26.8
1015,0.0014569759368896484,0.11599999999999999,27.200000000000003
1016,0.0004470348358154297,0.11599999999999999,27.6
1017,0.0014867782592773438,0.11599999999999999,27.6
1018,0.0004372596740722656,0.114,28.0
1019,0.0015718936920166016,0.11199999999999999,28.400000000000002
1020,0.0004601478576660156,0.11199999999999999,28.400000000000002
1021,0.001520395278930664,0.11199999999999999,28.400000000000002
1022,0.0015149116516113281,0.11199999999999999,28.8
1023,0.0004291534423828125,0.11199999999999999,28.400000000000002
1024,0.0016694068908691406,0.11199999999999999,28.400000000000002
1025,0.00043010711669921875,0.11199999999999999,28.400000000000002
1026,0.0014410018920898438,0.11199999999999999,28.0
1027,0.00045561790466308594,0.11199999999999999,27.6
1028,0.0015168190002441406,0.11900000000000001,27.200000000000003
1029,0.0015485286712646484,0.127,26.8
1030,0.0015065670013427734,0.134,26.0
1031,0.0014438629150390625,0.142,25.6
1032,0.0014815330505371094,0.149,24.8
1033,0.00044989585876464844,0.155,24.0
1034,0.001529693603515625,0.162,23.200000000000003
1035,0.00046253204345703125,0.168,22.400000000000002
1036,0.0014281272888183594,0.172,21.6
1037,0.0004458427429199219,0.177,20.8
1038,0.001439809799194336,0.177,19.6
1039,0.00044798851013183594,0.177,19.200000000000003
1040,0.0015332698822021484,0.177,18.400000000000002
1041,0.0004258155822753906,0.177,17.6
1042,0.0014824867248535156,0.177,17.2
1043,0.00046181678771972656,0.177,16.8
1044,0.0015113353729248047,0.177,16.400000000000002
1045,0.0004305839538574219,0.177,16.0
1046,0.0015964508056640625,0.177,16.0
1047,0.0004661083221435547,0.172,16.0
1048,0.001687765121459961,0.157,16.400000000000002
1049,0.00045013427734375,0.149,16.400000000000002
1050,0.0015721321105957031,0.142,16.8
1051,0.001528024673461914,0.142,17.2
1052,0.00044465065002441406,0.142,18.0
1053,0.0015075206756591797,0.138,18.8
1054,0.0004467964172363281,0.138,19.200000000000003
1055,0.001501321792602539,0.138,20.0
1056,0.0004611015319824219,0.138,21.200000000000003
1057,0.0014734268188476562,0.138,22.0
1058,0.000431060791015625,0.138,22.8
1059,0.0016489028930664062,0.136,23.6
1060,0.0004298686981201172,0.136,24.400000000000002
1061,0.0015339851379394531,0.136,25.200000000000003
1062,0.0004265308380126953,0.136,26.0
1063,0.0015006065368652344,0.138,26.8
1064,0.0004374980926513672,0.14400000000000002,27.6
1065,0.0014619827270507812,0.153,28.400000000000002
1066,0.0004401206970214844,0.159,28.8
1067,0.0016484260559082031,0.16399999999999998,29.6
1068,0.0015227794647216797,0.168,30.0
1069,0.00045299530029296875,0.17,30.400000000000002
1070,0.001470804214477539,0.172,30.8
1071,0.001466512680053711,0.172,31.200000000000003
1072,0.00043773651123046875,0.172,31.6
1073,0.001461029052734375,0.172,32.0
1074,0.0004725456237792969,0.172,32.4
1075,0.0014390945434570312,0.172,32.4
1076,0.0004570484161376953,0.172,32.800000000000004
1077,0.001468658447265625,0.172,33.2
1078,0.0015382766723632812,0.172,33.2
1079,0.0004436969757080078,0.168,33.6
1080,0.0014677047729492188,0.157,33.6
1081,0.000457763671875,0.14400000000000002,33.6
1082,0.0014467239379882812,0.131,34.0
1083,0.0015277862548828125,0.12300000000000001,34.0
1084,0.00044035911560058594,0.12300000000000001,34.0
1085,0.0015056133270263672,0.121,34.0
1086,0.0004489421844482422,0.11900000000000001,34.0
1087,0.0015416145324707031,0.114,34.0
1088,0.0004341602325439453,0.114,34.0
1089,0.0015115737915039062,0.114,33.6
1090,0.0014863014221191406,0.114,33.6
1091,0.0004665851593017578,0.114,33.2
1092,0.001497030258178711,0.114,32.4
1093,0.0004322528839111328,0.114,32.0
1094,0.0015070438385009766,0.12300000000000001,31.200000000000003
1095,0.00043201446533203125,0.131,30.400000000000002
1096,0.0015101432800292969,0.136,29.200000000000003
1097,0.0014507770538330078,0.138,28.400000000000002
1098,0.0004687309265136719,0.138,27.200000000000003
1099,0.0015435218811035156,0.142,26.0
1100,0.00044274330139160156,0.142,24.8
1101,0.0015103816986083984,0.142,23.6
1102,0.0004341602325439453,0.142,22.400000000000002
1103,0.0014872550964355469,0.142,21.200000000000003
1104,0.0015654563903808594,0.14400000000000002,20.0
1105,0.0004563331604003906,0.14400000000000002,18.8
1106,0.0014753341674804688,0.14400000000000002,17.6
1107,0.00042700767517089844,0.131,16.400000000000002
1108,0.0015215873718261719,0.121,15.200000000000001
1109,0.00045490264892578125,0.11900000000000001,14.4
1110,0.0014867782592773438,0.114,13.200000000000001
1111,0.0004673004150390625,0.11199999999999999,12.4
1112,0.0015382766723632812,0.11199999999999999,11.600000000000001
1113,0.001535654067993164,0.11199999999999999,10.8
1114,0.0004444122314453125,0.114,10.4
1115,0.0014879703521728516,0.121,9.600000000000001
1116,0.00047278404235839844,0.131,9.200000000000001
1117,0.001615285873413086,0.14,8.8
1118,0.0004417896270751953,0.157,8.4
1119,0.0014858245849609375,0.162,8.0
1120,0.0004324913024902344,0.162,8.0
1121,0.001489400863647461,0.162,7.6000000000000005
1122,0.00046062469482421875,0.162,7.6000000000000005
1123,0.00156402587890625,0.162,7.6000000000000005
1124,0.0014986991882324219,0.162,8.0
1125,0.00044155120849609375,0.162,8.4
1126,0.0014729499816894531,0.159,8.8
1127,0.00043487548828125,0.153,9.200000000000001
1128,0.0015103816986083984,0.125,10.0
1129,0.00046634674072265625,0.11900000000000001,10.8
1130,0.0015208721160888672,0.11900000000000001,12.0
1131,0.0015692710876464844,0.11900000000000001,13.200000000000001
1132,0.00044727325439453125,0.11900000000000001,14.0
1133,0.0015063285827636719,0.11900000000000001,15.600000000000001
1134,0.0015442371368408203,0.11900000000000001,16.8
1135,0.0014274120330810547,0.127,18.0
1136,0.0015113353729248047,0.134,19.200000000000003
1137,0.0004494190216064453,0.136,20.8
1138,0.0014619827270507812,0.14,22.0
1139,0.00044798851013183594,0.14400000000000002,23.200000000000003
1140,0.001447439193725586,0.14400000000000002,24.400000000000002
1141,0.00042819976806640625,0.14400000000000002,25.6
1142,0.0015091896057128906,0.14400000000000002,26.8
1143,0.0004684925079345703,0.14400000000000002,28.0
1144,0.0014500617980957031,0.14400000000000002,29.200000000000003
1145,0.00044155120849609375,0.14400000000000002,30.0
1146,0.0014710426330566406,0.14400000000000002,30.8
1147,0.0005161762237548828,0.136,32.0
1148,0.0015327930450439453,0.127,32.800000000000004
1149,0.0015327930450439453,0.12300000000000001,32.800000000000004
1150,0.0014584064483642578,0.12300000000000001,33.2
1151,0.00043964385986328125,0.12300000000000001,34.0
1152,0.0014379024505615234,0.12300000000000001,34.800000000000004
1153,0.0004317760467529297,0.12300000000000001,35.2
1154,0.001508474349975586,0.127,35.6
1155,0.0004725456237792969,0.151,36.0
1156,0.0016672611236572266,0.166,36.0
1157,0.0004355907440185547,0.172,36.0
1158,0.00153350830078125,0.175,36.0
1159,0.0015268325805664062,0.175,36.0
1160,0.0004715919494628906,0.175,35.6
1161,0.0015282630920410156,0.175,35.2
1162,0.0014836788177490234,0.175,34.800000000000004
1163,0.001390218734741211,0.172,34.4
1164,0.0016121864318847656,0.157,34.0
1165,0.0004363059997558594,0.14400000000000002,33.6
1166,0.0015079975128173828,0.131,33.2
1167,0.0004405975341796875,0.127,32.800000000000004
1168,0.0014824867248535156,0.127,32.0
1169,0.00048661231994628906,0.127,31.6
1170,0.0014960765838623047,0.127,31.200000000000003
1171,0.0016207695007324219,0.127,30.400000000000002
1172,0.0004718303680419922,0.127,30.0
1173,0.001501321792602539,0.127,29.200000000000003
1174,0.0004718303680419922,0.127,28.400000000000002
1175,0.0015034675598144531,0.129,27.6
1176,0.00043487548828125,0.136,26.8
1177,0.0015261173248291016,0.142,26.0
1178,0.00047469139099121094,0.14400000000000002,24.8
1179,0.001455068588256836,0.14400000000000002,24.0
1180,0.00043892860412597656,0.14400000000000002,22.8
1181,0.0014903545379638672,0.14400000000000002,22.0
1182,0.00042510032653808594,0.14400000000000002,20.8
1183,0.0015156269073486328,0.14400000000000002,20.0
1184,0.0015273094177246094,0.131,18.8
1185,0.00043010711669921875,0.11900000000000001,18.0
1186,0.0014481544494628906,0.11,17.2
1187,0.0015015602111816406,0.10099999999999999,16.400000000000002
1188,0.0004544258117675781,0.10099999999999999,15.600000000000001
1189,0.0014653205871582031,0.10099999999999999,14.8
1190,0.0004334449768066406,0.10099999999999999,14.0
1191,0.0015056133270263672,0.106,13.600000000000001
1192,0.0014297962188720703,0.125,12.8
1193,0.00046372413635253906,0.147,12.4
1194,0.0015344619750976562,0.157,11.600000000000001
1195,0.0004379749298095703,0.16399999999999998,11.200000000000001
1196,0.001501321792602539,0.16399999999999998,10.8
1197,0.0004603862762451172,0.16399999999999998,10.4
1198,0.001523733139038086,0.16399999999999998,10.0
1199,0.00045990943908691406,0.16399999999999998,9.600000000000001
1200,0.0014607906341552734,0.157,9.600000000000001
1201,0.001447439193725586,0.149,9.600000000000001
1202,0.00042891502380371094,0.142,9.600000000000001
1203,0.0014927387237548828,0.131,9.600000000000001
1204,0.0004487037658691406,0.125,10.0
1205,0.0016722679138183594,0.11599999999999999,10.4
1206,0.0014219284057617188,0.11599999999999999,11.200000000000001
1207,0.00047087669372558594,0.11599999999999999,12.0
1208,0.001451730728149414,0.11599999999999999,12.8
1209,0.0015659332275390625,0.121,13.600000000000001
1210,0.001453399658203125,0.138,14.4
1211,0.0014929771423339844,0.16399999999999998,15.200000000000001
1212,0.00044465065002441406,0.166,16.400000000000002
1213,0.0014986991882324219,0.166,17.2
1214,0.0004398822784423828,0.166,18.0
1215,0.0014600753784179688,0.166,19.200000000000003
1216,0.0004775524139404297,0.166,20.0
1217,0.001508951187133789,0.166,21.200000000000003
1218,0.00045871734619140625,0.157,22.0
1219,0.0015113353729248047,0.138,23.200000000000003
1220,0.0004477500915527344,0.129,24.400000000000002
1221,0.0015392303466796875,0.129,25.6
1222,0.0015218257904052734,0.129,26.8
1223,0.0014727115631103516,0.129,27.6
1224,0.0014979839324951172,0.129,28.8
1225,0.0014500617980957031,0.129,30.0
1226,0.0015416145324707031,0.129,30.8
1227,0.0004467964172363281,0.131,32.0
1228,0.0014595985412597656,0.14400000000000002,32.800000000000004
1229,0.0014393329620361328,0.155,33.6
1230,0.00044608116149902344,0.157,34.4
1231,0.0014843940734863281,0.157,34.800000000000004
1232,0.0015516281127929688,0.157,35.2
1233,0.0004391670227050781,0.157,35.6
1234,0.0014996528625488281,0.153,36.0
1235,0.0004305839538574219,0.142,36.0
1236,0.0014619827270507812,0.125,36.4
1237,0.001634359359741211,0.11599999999999999,36.4
1238,0.0015091896057128906,0.11199999999999999,36.4
1239,0.0014715194702148438,0.11199999999999999,36.0
1240,0.0014541149139404297,0.11199999999999999,36.0
1241,0.00044465065002441406,0.11199999999999999,35.6
1242,0.0014367103576660156,0.114,35.2
1243,0.0004329681396484375,0.121,34.800000000000004
1244,0.0014297962188720703,0.138,34.4
1245,0.0004680156707763672,0.151,33.6
1246,0.0015342235565185547,0.159,32.800000000000004
1247,0.0015392303466796875,0.162,31.6
1248,0.0004398822784423828,0.162,30.8
1249,0.0015120506286621094,0.162,29.6
1250,0.00046062469482421875,0.159,28.400000000000002
1251,0.0014870166778564453,0.151,27.200000000000003
1252,0.0015518665313720703,0.138,26.0
1253,0.0014801025390625,0.12300000000000001,24.8
1254,0.0004737377166748047,0.11599999999999999,23.6
1255,0.0014922618865966797,0.11199999999999999,22.400000000000002
1256,0.000457763671875,0.11,21.200000000000003
1257,0.0014874935150146484,0.11,20.400000000000002
1258,0.0015113353729248047,0.11,19.200000000000003
1259,0.0004482269287109375,0.11,18.0
1260,0.0015003681182861328,0.11900000000000001,17.2
1261,0.0004305839538574219,0.129,16.0
1262,0.0014615058898925781,0.155,15.200000000000001
1263,0.0014522075653076172,0.16399999999999998,14.0
1264,0.000461578369140625,0.16399999999999998,13.200000000000001
1265,0.001504659652709961,0.16399999999999998,12.4
1266,0.0014424324035644531,0.16399999999999998,11.200000000000001
1267,0.0004448890686035156,0.16399999999999998,10.4
1268,0.0015180110931396484,0.16399999999999998,10.0
1269,0.0015485286712646484,0.157,9.200000000000001
1270,0.0004425048828125,0.147,8.8
1271,0.0015103816986083984,0.138,8.4
1272,0.0015437602996826172,0.129,8.4
1273,0.0014619827270507812,0.127,8.4
1274,0.0015316009521484375,0.127,8.4
1275,0.0004391670227050781,0.127,8.8
1276,0.0014750957489013672,0.127,9.200000000000001
1277,0.0014958381652832031,0.127,9.600000000000001
1278,0.0004303455352783203,0.131,10.4
1279,0.0014982223510742188,0.157,10.8
1280,0.00046324729919433594,0.175,11.600000000000001
1281,0.001523733139038086,0.177,12.4
1282,0.0014832019805908203,0.177,13.200000000000001
1283,0.00043010711669921875,0.177,14.0
1284,0.0015218257904052734,0.177,15.200000000000001
1285,0.00042748451232910156,0.175,16.0
1286,0.0015132427215576172,0.159,17.2
1287,0.0015201568603515625,0.142,18.400000000000002
1288,0.0014789104461669922,0.129,19.6
1289,0.0014848709106445312,0.125,20.8
1290,0.0004684925079345703,0.121,22.400000000000002
1291,0.001580953598022461,0.121,23.6
1292,0.00043702125549316406,0.121,25.200000000000003
1293,0.001508951187133789,0.121,26.400000000000002
1294,0.001508951187133789,0.121,26.400000000000002
1295,0.0014379024505615234,0.121,28.0
1296,0.00043702125549316406,0.134,29.200000000000003
1297,0.0015752315521240234,0.147,30.400000000000002
1298,0.0015468597412109375,0.162,31.6
1299,0.0004432201385498047,0.162,32.800000000000004
1300,0.0014939308166503906,0.162,33.6
1301,0.0004291534423828125,0.162,34.800000000000004
1302,0.0015366077423095703,0.162,35.2
1303,0.00046324729919433594,0.162,36.0
1304,0.0015666484832763672,0.159,36.4
1305,0.0014553070068359375,0.147,36.800000000000004
1306,0.0014657974243164062,0.131,37.2
1307,0.0014979839324951172,0.12300000000000001,37.6
1308,0.0014445781707763672,0.114,37.6
1309,0.00043654441833496094,0.11,37.6
1310,0.001542806625366211,0.11,37.6
1311,0.00043487548828125,0.11,37.6
1312,0.0014863014221191406,0.11,37.2
1313,0.00045990943908691406,0.11,36.800000000000004
1314,0.001501321792602539,0.121,36.4
1315,0.001493215560913086,0.138,36.0
1316,0.0004723072052001953,0.151,35.2
1317,0.0014846324920654297,0.157,34.4
1318,0.00043487548828125,0.159,33.2
1319,0.0014557838439941406,0.159,32.0
1320,0.0014989376068115234,0.159,30.8
1321,0.0015482902526855469,0.157,29.6
1322,0.0014834403991699219,0.149,28.400000000000002
1323,0.0014007091522216797,0.136,26.8
1324,0.0004582405090332031,0.121,25.6
1325,0.0014884471893310547,0.099,24.400000000000002
1326,0.0015032291412353516,0.086,23.200000000000003
1327,0.0004684925079345703,0.086,21.6
1328,0.001748800277709961,0.086,20.400000000000002
1329,0.0012788772583007812,0.086,19.200000000000003
1330,0.0005979537963867188,0.09300000000000001,18.0
1331,0.0013871192932128906,0.114,16.8
1332,0.0015413761138916016,0.138,15.600000000000001
1333,0.0014581680297851562,0.149,14.4
1334,0.0015041828155517578,0.151,13.200000000000001
1335,0.0004582405090332031,0.151,12.0
1336,0.0015170574188232422,0.151,10.8
1337,0.00047135353088378906,0.151,9.600000000000001
1338,0.0014736652374267578,0.151,7.6000000000000005
1339,0.0004780292510986328,0.147,6.800000000000001
1340,0.0014908313751220703,0.14,6.0
1341,0.0015459060668945312,0.14,5.2
1342,0.0004754066467285156,0.14,4.800000000000001
1343,0.001489400863647461,0.136,4.800000000000001
1344,0.00045180320739746094,0.136,4.800000000000001
1345,0.0014693737030029297,0.136,4.800000000000001
1346,0.0004527568817138672,0.136,4.800000000000001
1347,0.001489877700805664,0.136,5.2
1348,0.0014848709106445312,0.136,5.6000000000000005
1349,0.0004494190216064453,0.136,6.4
1350,0.001477956771850586,0.136,6.800000000000001
1351,0.00048160552978515625,0.136,7.6000000000000005
1352,0.0015628337860107422,0.131,8.8
1353,0.00044035911560058594,0.12300000000000001,9.600000000000001
1354,0.0014677047729492188,0.106,10.8
1355,0.001500844955444336,0.099,12.0
1356,0.0014672279357910156,0.09300000000000001,13.200000000000001
1357,0.0014123916625976562,0.09300000000000001,14.4
1358,0.00047588348388671875,0.09300000000000001,16.0
1359,0.0015594959259033203,0.099,17.2
1360,0.0015332698822021484,0.114,18.8
1361,0.0004334449768066406,0.14,20.0
1362,0.0014367103576660156,0.147,21.200000000000003
1363,0.0005233287811279297,0.147,22.400000000000002
1364,0.0014066696166992188,0.147,23.6
1365,0.0013995170593261719,0.147,24.8
1366,0.0012371540069580078,0.147,25.6
1367,0.0014760494232177734,0.147,26.8
1368,0.0004494190216064453,0.147,27.6
1369,0.00148773193359375,0.147,28.400000000000002
1370,0.0004477500915527344,0.147,29.200000000000003
1371,0.001482248306274414,0.14400000000000002,30.0
1372,0.0015239715576171875,0.14400000000000002,30.8
1373,0.001386404037475586,0.14400000000000002,31.200000000000003
1374,0.00048232078552246094,0.14400000000000002,32.0
1375,0.001538991928100586,0.14400000000000002,32.4
1376,0.0004336833953857422,0.14400000000000002,32.800000000000004
1377,0.0014984607696533203,0.14400000000000002,33.2
1378,0.0004305839538574219,0.14400000000000002,33.6
1379,0.0014901161193847656,0.14400000000000002,34.0
1380,0.0015020370483398438,0.14400000000000002,34.0
1381,0.00046324729919433594,0.14400000000000002,34.0
1382,0.001451730728149414,0.14400000000000002,34.0
1383,0.0014438629150390625,0.14400000000000002,34.0
1384,0.0004382133483886719,0.14400000000000002,34.0
1385,0.0015149116516113281,0.157,33.6
1386,0.000453948974609375,0.17,33.6
1387,0.0014910697937011719,0.183,33.2
1388,0.0017614364624023438,0.185,32.800000000000004
1389,0.001497030258178711,0.185,32.4
1390,0.0015063285827636719,0.185,32.0
1391,0.0014147758483886719,0.185,31.200000000000003
1392,0.0014526844024658203,0.185,30.8
1393,0.00045371055603027344,0.185,30.400000000000002
1394,0.0015034675598144531,0.185,29.6
1395,0.00044345855712890625,0.185,29.200000000000003
1396,0.001531362533569336,0.18100000000000002,28.8
1397,0.0004508495330810547,0.166,28.400000000000002
1398,0.0016813278198242188,0.153,28.0
1399,0.00044155120849609375,0.14,27.6
1400,0.0014843940734863281,0.131,27.6
1401,0.00046825408935546875,0.131,27.200000000000003
1402,0.0015027523040771484,0.131,27.200000000000003
1403,0.0014994144439697266,0.131,26.8
1404,0.0004451274871826172,0.131,26.8
1405,0.0014660358428955078,0.131,26.8
1406,0.00042891502380371094,0.131,26.400000000000002
1407,0.001825571060180664,0.131,26.400000000000002
1408,0.0004303455352783203,0.131,26.0
1409,0.0017387866973876953,0.131,26.0
1410,0.00044536590576171875,0.131,25.6
1411,0.0004742145538330078,0.131,25.200000000000003
1412,0.0002791881561279297,0.131,24.8
1413,0.00043010711669921875,0.138,24.400000000000002
1414,0.0005929470062255859,0.14400000000000002,24.0
1415,0.0005884170532226562,0.153,23.6
1416,0.0007648468017578125,0.157,23.200000000000003
1417,0.0003986358642578125,0.16399999999999998,22.8
1418,0.00037789344787597656,0.172,22.400000000000002
1419,0.00019240379333496094,0.175,21.6
1420,0.0006899833679199219,0.179,21.200000000000003
1421,0.0006072521209716797,0.183,20.8
1422,0.0009357929229736328,0.188,20.400000000000002
1423,0.0005121231079101562,0.192,20.0
1424,0.0015478134155273438,0.192,20.0
1425,0.0004899501800537109,0.192,19.6
1426,0.0015413761138916016,0.192,19.6
1427,0.0016446113586425781,0.192,19.6
1428,0.0004794597625732422,0.192,19.6
1429,0.0015401840209960938,0.192,20.0
1430,0.0006289482116699219,0.192,20.400000000000002
1431,0.0018160343170166016,0.192,20.8
1432,0.0013887882232666016,0.192,21.6
1433,0.0014986991882324219,0.185,22.0
1434,0.0015420913696289062,0.172,22.8
1435,0.0015044212341308594,0.157,24.0
1436,0.0014972686767578125,0.147,24.8
1437,0.001474618911743164,0.14400000000000002,26.0
1438,0.0004928112030029297,0.14400000000000002,27.200000000000003
1439,0.001604318618774414,0.14400000000000002,28.400000000000002
1440,0.0014793872833251953,0.14400000000000002,29.6
1441,0.0005984306335449219,0.14400000000000002,30.8
1442,0.0015606880187988281,0.14400000000000002,32.0
1443,0.0015606880187988281,0.14400000000000002,32.0
1444,0.0016062259674072266,0.14400000000000002,33.2
1445,0.0004611015319824219,0.14400000000000002,34.4
1446,0.0015246868133544922,0.14400000000000002,35.2
1447,0.000453948974609375,0.14400000000000002,36.4
1448,0.0015978813171386719,0.14400000000000002,37.2
1449,0.0004515647888183594,0.14400000000000002,38.0
1450,0.001538991928100586,0.14400000000000002,38.400000000000006
1451,0.0004763603210449219,0.14400000000000002,39.2
1452,0.001535177230834961,0.155,39.6
1453,0.00046253204345703125,0.16399999999999998,40.0
1454,0.0015985965728759766,0.185,40.400000000000006
1455,0.00043392181396484375,0.192,40.400000000000006
1456,0.0014865398406982422,0.19399999999999998,40.400000000000006
1457,0.0004277229309082031,0.19399999999999998,40.400000000000006
1458,0.0015413761138916016,0.19399999999999998,40.400000000000006
1459,0.0004398822784423828,0.19399999999999998,40.0
1460,0.001500844955444336,0.19399999999999998,39.6
1461,0.0015194416046142578,0.19399999999999998,39.6
1462,0.0016465187072753906,0.19399999999999998,39.2
1463,0.001821279525756836,0.19399999999999998,38.800000000000004
1464,0.0014798641204833984,0.19399999999999998,38.400000000000006
1465,0.00156402587890625,0.192,38.0
1466,0.0004935264587402344,0.177,38.0
1467,0.0016880035400390625,0.166,37.6
1468,0.0004410743713378906,0.155,37.2
1469,0.0015285015106201172,0.142,37.2
1470,0.0014793872833251953,0.134,36.800000000000004
1471,0.0015759468078613281,0.134,36.4
1472,0.0014395713806152344,0.134,36.4
1473,0.0015001296997070312,0.134,36.0
1474,0.0014636516571044922,0.134,35.6
1475,0.0004990100860595703,0.134,35.2
1476,0.001516103744506836,0.134,34.800000000000004
1477,0.0004744529724121094,0.134,34.4
1478,0.0015063285827636719,0.129,33.6
1479,0.00046706199645996094,0.11599999999999999,32.800000000000004
1480,0.0015022754669189453,0.10800000000000001,32.0
1481,0.0016131401062011719,0.10099999999999999,31.200000000000003
1482,0.0014853477478027344,0.099,30.400000000000002
1483,0.001466989517211914,0.099,29.6
1484,0.00154876708984375,0.099,28.400000000000002
1485,0.0015256404876708984,0.099,27.200000000000003
1486,0.0014522075653076172,0.099,26.0
1487,0.0014758110046386719,0.099,24.8
1488,0.0015020370483398438,0.099,23.6
1489,0.0004892349243164062,0.099,22.400000000000002
1490,0.0014581680297851562,0.099,20.8
1491,0.0015156269073486328,0.099,19.6
1492,0.00046133995056152344,0.10800000000000001,18.0
1493,0.0015060901641845703,0.121,16.400000000000002
1494,0.0014553070068359375,0.129,15.200000000000001
1495,0.00044846534729003906,0.138,13.600000000000001
1496,0.0015926361083984375,0.14400000000000002,12.0
1497,0.00047707557678222656,0.151,10.8
1498,0.0015239715576171875,0.155,9.200000000000001
1499,0.0004496574401855469,0.159,8.0
1500,0.001485586166381836,0.16399999999999998,6.800000000000001
1501,0.001497030258178711,0.16399999999999998,5.6000000000000005
1502,0.00044417381286621094,0.168,4.800000000000001
1503,0.0015361309051513672,0.168,4.0
1504,0.0016279220581054688,0.172,3.2
1505,0.0004379749298095703,0.172,2.8000000000000003
1506,0.0015833377838134766,0.172,2.4000000000000004
1507,0.00046372413635253906,0.175,2.4000000000000004
1508,0.0014710426330566406,0.177,2.4000000000000004
1509,0.00044035911560058594,0.177,2.8000000000000003
1510,0.0014891624450683594,0.177,3.2
1511,0.0004355907440185547,0.177,4.0
1512,0.001432657241821289,0.177,5.2
1513,0.0014393329620361328,0.177,6.4
1514,0.0004439353942871094,0.177,7.6000000000000005
1515,0.0014870166778564453,0.177,9.200000000000001
1516,0.0004494190216064453,0.177,10.8
1517,0.0015001296997070312,0.177,12.8
1518,0.0016047954559326172,0.177,14.8
1519,0.0004744529724121094,0.177,16.8
1520,0.0015234947204589844,0.175,19.200000000000003
1521,0.0019085407257080078,0.17,21.6
1522,0.0007138252258300781,0.17,24.0
1523,0.0021867752075195312,0.166,26.400000000000002
1524,0.002573251724243164,0.166,28.8
1525,0.0006566047668457031,0.166,31.200000000000003
1526,0.0022439956665039062,0.166,33.6
1527,0.0006024837493896484,0.166,36.4
1528,0.0020172595977783203,0.157,38.800000000000004
1529,0.0005986690521240234,0.157,40.800000000000004
1530,0.002083301544189453,0.153,43.2
1531,0.002190113067626953,0.151,45.6
1532,0.0006694793701171875,0.147,47.6
1533,0.002132892608642578,0.138,49.6
1534,0.0025544166564941406,0.138,51.2
1535,0.0022399425506591797,0.138,52.800000000000004
1536,0.0025815963745117188,0.134,54.400000000000006
1537,0.002195596694946289,0.131,55.6
1538,0.0022974014282226562,0.131,56.800000000000004
1539,0.0019352436065673828,0.131,57.6
1540,0.002330303192138672,0.131,58.400000000000006
1541,0.0018491744995117188,0.131,58.800000000000004
1542,0.002269268035888672,0.131,58.800000000000004
1543,0.0007102489471435547,0.131,58.800000000000004
1544,0.0019273757934570312,0.131,58.800000000000004
1545,0.0006489753723144531,0.131,58.0
1546,0.0022270679473876953,0.131,57.6
1547,0.0006103515625,0.131,56.400000000000006
1548,0.002110719680786133,0.131,55.2
1549,0.0006008148193359375,0.131,54.0
1550,0.002054929733276367,0.136,52.400000000000006
1551,0.0006301403045654297,0.147,50.800000000000004
1552,0.0019958019256591797,0.157,48.800000000000004
1553,0.0005986690521240234,0.16399999999999998,46.800000000000004
1554,0.0020928382873535156,0.175,44.400000000000006
1555,0.0006110668182373047,0.179,42.0
1556,0.0019872188568115234,0.18100000000000002,39.6
1557,0.0018188953399658203,0.19,36.800000000000004
1558,0.0005917549133300781,0.19399999999999998,34.0
1559,0.0022001266479492188,0.19399999999999998,31.6
1560,0.000606536865234375,0.19399999999999998,28.8
1561,0.002211332321166992,0.19399999999999998,26.0
1562,0.0006012916564941406,0.19399999999999998,23.6
1563,0.0021970272064208984,0.19399999999999998,20.8
1564,0.0005791187286376953,0.19399999999999998,18.400000000000002
1565,0.002658367156982422,0.19399999999999998,16.400000000000002
1566,0.001870870590209961,0.19399999999999998,14.0
1567,0.0006475448608398438,0.19399999999999998,12.4
1568,0.0019221305847167969,0.19399999999999998,10.4
1569,0.0005862712860107422,0.19399999999999998,9.200000000000001
1570,0.002102375030517578,0.19,7.6000000000000005
1571,0.0006358623504638672,0.18100000000000002,6.800000000000001
1572,0.002027750015258789,0.172,6.0
1573,0.0019919872283935547,0.166,5.2
1574,0.0019054412841796875,0.162,5.2
1575,0.0017955303192138672,0.157,4.800000000000001
1576,0.0021517276763916016,0.157,5.2
1577,0.0006632804870605469,0.153,5.6000000000000005
1578,0.0019638538360595703,0.14400000000000002,6.0
1579,0.0006105899810791016,0.14400000000000002,6.800000000000001
1580,0.0019161701202392578,0.14400000000000002,7.6000000000000005
1581,0.0005748271942138672,0.14400000000000002,8.8
1582,0.0019719600677490234,0.14400000000000002,10.0
1583,0.0019059181213378906,0.14400000000000002,11.200000000000001
1584,0.0021142959594726562,0.14,12.8
1585,0.0006327629089355469,0.134,14.4
1586,0.0020780563354492188,0.129,16.0
1587,0.002184152603149414,0.12300000000000001,17.6
1588,0.0006582736968994141,0.11900000000000001,19.200000000000003
1589,0.0027472972869873047,0.11900000000000001,20.8
1590,0.0017838478088378906,0.11900000000000001,22.8
1591,0.002398967742919922,0.11900000000000001,24.400000000000002
1592,0.0006411075592041016,0.11900000000000001,26.0
1593,0.0006411075592041016,0.11900000000000001,26.0
1594,0.0013606548309326172,0.11900000000000001,27.6
1595,0.0005402565002441406,0.11900000000000001,29.200000000000003
1596,0.0022974014282226562,0.11900000000000001,30.400000000000002
1597,0.0007085800170898438,0.11900000000000001,32.0
1598,0.002021312713623047,0.11900000000000001,33.2
1599,0.0007748603820800781,0.11900000000000001,34.0
1600,0.0019495487213134766,0.11900000000000001,35.2
1601,0.0007724761962890625,0.127,36.0
1602,0.001975536346435547,0.134,36.800000000000004
1603,0.0005834102630615234,0.14,37.6
1604,0.0021898746490478516,0.14400000000000002,38.0
1605,0.0005984306335449219,0.14400000000000002,38.0
1606,0.0020728111267089844,0.147,38.400000000000006
1607,0.00057220458984375,0.147,38.400000000000006
1608,0.002221345901489258,0.147,38.400000000000006
1609,0.0006041526794433594,0.149,38.0
1610,0.0020651817321777344,0.151,37.6
1611,0.0006492137908935547,0.151,37.2
1612,0.0019521713256835938,0.155,36.800000000000004
1613,0.0025777816772460938,0.159,36.4
1614,0.0006113052368164062,0.159,35.6
1615,0.002215862274169922,0.16399999999999998,34.800000000000004
1616,0.0007126331329345703,0.168,34.0
1617,0.0030472278594970703,0.17,33.2
1618,0.0007884502410888672,0.17,32.0
1619,0.0027446746826171875,0.17,31.200000000000003
1620,0.0006353855133056641,0.17,30.400000000000002
1621,0.002432107925415039,0.17,29.200000000000003
1622,0.0023827552795410156,0.17,28.400000000000002
1623,0.0019311904907226562,0.17,27.200000000000003
1624,0.0015418529510498047,0.17,26.400000000000002
1625,0.0006451606750488281,0.168,25.6
1626,0.00228118896484375,0.159,24.8
1627,0.0006339550018310547,0.157,24.0
1628,0.0022034645080566406,0.157,23.200000000000003
1629,0.0019636154174804688,0.157,22.400000000000002
1630,0.002599477767944336,0.153,22.0
1631,0.0019867420196533203,0.153,21.200000000000003
1632,0.0006990432739257812,0.153,20.8
1633,0.0022079944610595703,0.153,20.400000000000002
1634,0.0006258487701416016,0.153,20.0
1635,0.0022313594818115234,0.153,19.6
1636,0.0006175041198730469,0.151,19.200000000000003
1637,0.002323627471923828,0.151,19.200000000000003
1638,0.0006308555603027344,0.147,18.8
1639,0.0022034645080566406,0.147,18.8
1640,0.0005602836608886719,0.147,18.8
1641,0.002329587936401367,0.147,18.8
1642,0.0023627281188964844,0.147,18.8
1643,0.0005888938903808594,0.147,18.8
1644,0.0020961761474609375,0.149,18.8
1645,0.00064849853515625,0.159,19.200000000000003
1646,0.002213716506958008,0.175,19.200000000000003
1647,0.0006098747253417969,0.185,19.6
1648,0.0024619102478027344,0.19399999999999998,20.0
1649,0.0006337165832519531,0.203,20.0
1650,0.001905679702758789,0.207,20.400000000000002
1651,0.0018849372863769531,0.207,20.8
1652,0.0006110668182373047,0.207,21.200000000000003
1653,0.0023581981658935547,0.207,22.0
1654,0.0006124973297119141,0.207,22.400000000000002
1655,0.0026946067810058594,0.207,23.200000000000003
1656,0.0006337165832519531,0.207,24.0
1657,0.002566099166870117,0.207,24.8
1658,0.0006325244903564453,0.207,26.0
1659,0.002411365509033203,0.207,27.200000000000003
1660,0.0015146732330322266,0.207,28.400000000000002
1661,0.0005817413330078125,0.207,29.6
1662,0.0019426345825195312,0.203,30.8
1663,0.0005602836608886719,0.19399999999999998,32.4
1664,0.002095460891723633,0.19,34.0
1665,0.0005705356597900391,0.188,35.6
1666,0.0021889209747314453,0.185,37.2
1667,0.0005834102630615234,0.175,38.800000000000004
1668,0.0011217594146728516,0.172,40.400000000000006
1669,0.0006749629974365234,0.17,42.0
1670,0.0022034645080566406,0.16399999999999998,43.6
1671,0.0006363391876220703,0.16399999999999998,45.2
1672,0.0020189285278320312,0.159,46.800000000000004
1673,0.0005834102630615234,0.157,48.0
1674,0.0020494461059570312,0.151,49.2
1675,0.0006289482116699219,0.147,50.400000000000006
1676,0.0020751953125,0.14400000000000002,51.6
1677,0.0006122589111328125,0.138,52.400000000000006
1678,0.003402233123779297,0.138,53.2
1679,0.0005795955657958984,0.134,53.6
1680,0.0025796890258789062,0.131,54.0
1681,0.0020558834075927734,0.131,54.400000000000006
1682,0.0006136894226074219,0.131,54.400000000000006
1683,0.0027649402618408203,0.131,54.400000000000006
1684,0.0005924701690673828,0.131,54.0
1685,0.0026061534881591797,0.131,53.6
1686,0.0006086826324462891,0.142,52.800000000000004
1687,0.002288341522216797,0.151,51.6
1688,0.002313852310180664,0.162,50.800000000000004
1689,0.0005717277526855469,0.166,49.2
1690,0.002196788787841797,0.17,48.0
1691,0.0008261203765869141,0.172,46.0
1692,0.002953767776489258,0.179,44.400000000000006
1693,0.0006575584411621094,0.185,42.400000000000006
1694,0.0024149417877197266,0.19,40.400000000000006
1695,0.0006775856018066406,0.19399999999999998,38.400000000000006
1696,0.0029115676879882812,0.196,36.0
1697,0.0024178028106689453,0.196,34.0
1698,0.0023262500762939453,0.196,31.6
1699,0.002390146255493164,0.196,29.6
1700,0.0006527900695800781,0.196,27.6
1701,0.0027375221252441406,0.196,25.6
1702,0.0006020069122314453,0.196,23.6
1703,0.002504587173461914,0.192,21.6
1704,0.0023844242095947266,0.185,20.0
1705,0.00067138671875,0.177,18.400000000000002
1706,0.0020339488983154297,0.17,16.8
1707,0.0006270408630371094,0.155,15.600000000000001
1708,0.0022420883178710938,0.151,14.4
1709,0.000560760498046875,0.147,13.600000000000001
1710,0.002566814422607422,0.14400000000000002,12.8
1711,0.0005941390991210938,0.138,12.4
1712,0.002091646194458008,0.134,12.0
1713,0.0019435882568359375,0.134,11.600000000000001
1714,0.0006291866302490234,0.134,11.200000000000001
1715,0.002698183059692383,0.134,11.200000000000001
1716,0.0006475448608398438,0.134,11.200000000000001
1717,0.0025844573974609375,0.134,11.200000000000001
1718,0.0017132759094238281,0.134,11.600000000000001
1719,0.0007650852203369141,0.134,11.600000000000001
1720,0.0026960372924804688,0.134,12.0
1721,0.002002716064453125,0.134,12.4
1722,0.0006647109985351562,0.136,12.8
1723,0.0026786327362060547,0.14400000000000002,13.600000000000001
1724,0.000659942626953125,0.153,14.0
1725,0.0026290416717529297,0.159,14.8
1726,0.0006506443023681641,0.162,15.200000000000001
1727,0.002211332321166992,0.166,16.0
1728,0.0007989406585693359,0.168,16.8
1729,0.0005807876586914062,0.175,17.6
1730,0.0024750232696533203,0.18100000000000002,18.400000000000002
1731,0.0008120536804199219,0.185,19.200000000000003
1732,0.0024585723876953125,0.185,20.0
1733,0.0022165775299072266,0.185,21.200000000000003
1734,0.0005979537963867188,0.185,22.400000000000002
1735,0.0027256011962890625,0.185,23.200000000000003
1736,0.0005764961242675781,0.185,24.400000000000002
1737,0.002509593963623047,0.185,25.6
1738,0.002322673797607422,0.185,26.8
1739,0.0006270408630371094,0.177,28.0
1740,0.0019991397857666016,0.17,29.6
1741,0.0005888938903808594,0.149,30.8
1742,0.0022041797637939453,0.138,32.0
1743,0.0005891323089599609,0.138,33.6
1744,0.002406597137451172,0.138,34.800000000000004
1745,0.0020902156829833984,0.138,36.4
1746,0.0006463527679443359,0.134,37.6
1747,0.0023224353790283203,0.134,38.800000000000004
1748,0.0006985664367675781,0.134,40.0
1749,0.002293109893798828,0.134,40.800000000000004
1750,0.0006051063537597656,0.134,41.6
1751,0.002751588821411133,0.131,42.400000000000006
1752,0.0005915164947509766,0.131,43.2
1753,0.002237081527709961,0.131,43.6
1754,0.001585245132446289,0.136,44.0
1755,0.001585245132446289,0.149,44.0
1756,0.0023870468139648438,0.159,44.0
1757,0.0021572113037109375,0.168,44.0
1758,0.0015726089477539062,0.18100000000000002,43.6
1759,0.0023186206817626953,0.192,43.2
1760,0.0006437301635742188,0.196,42.800000000000004
1761,0.002177000045776367,0.2,42.0
1762,0.0005586147308349609,0.203,41.2
1763,0.0028505325317382812,0.203,40.400000000000006
1764,0.0022323131561279297,0.203,39.2
1765,0.0005519390106201172,0.203,38.400000000000006
1766,0.0021681785583496094,0.203,36.800000000000004
1767,0.0006554126739501953,0.203,35.6
1768,0.0021719932556152344,0.203,34.4
1769,0.0006787776947021484,0.203,33.2
1770,0.00234222412109375,0.19399999999999998,32.0
1771,0.0006518363952636719,0.183,30.8
1772,0.0023458003997802734,0.17,29.6
1773,0.0024123191833496094,0.159,28.400000000000002
1774,0.0006625652313232422,0.149,27.6
1775,0.0021622180938720703,0.142,26.8
1776,0.000629425048828125,0.142,26.0
1777,0.002287626266479492,0.142,25.200000000000003
1778,0.0006349086761474609,0.142,24.8
1779,0.0026807785034179688,0.14,24.0
1780,0.0014019012451171875,0.138,23.200000000000003
1781,0.0026154518127441406,0.138,22.8
1782,0.0005812644958496094,0.134,22.400000000000002
1783,0.0027065277099609375,0.134,21.6
1784,0.0023000240325927734,0.134,21.200000000000003
1785,0.0026199817657470703,0.134,20.8
1786,0.0020647048950195312,0.134,20.0
1787,0.0006244182586669922,0.136,19.6
1788,0.002113819122314453,0.151,19.200000000000003
1789,0.0005745887756347656,0.17,18.8
1790,0.002048492431640625,0.177,18.400000000000002
1791,0.000598907470703125,0.179,18.0
1792,0.0033006668090820312,0.183,17.6
1793,0.0006062984466552734,0.185,17.2
1794,0.0019888877868652344,0.19,16.8
1795,0.002722501754760742,0.19,16.8
1796,0.001997232437133789,0.19,16.8
1797,0.002451181411743164,0.19,16.8
1798,0.002517223358154297,0.19,16.8
1799,0.0006344318389892578,0.19,17.2
1800,0.0021009445190429688,0.19,17.2
1801,0.0005729198455810547,0.185,18.0
1802,0.002126932144165039,0.175,18.400000000000002
1803,0.0005500316619873047,0.16399999999999998,19.200000000000003
1804,0.0021543502807617188,0.153,20.0
1805,0.0006058216094970703,0.149,21.200000000000003
1806,0.0019898414611816406,0.147,22.0
1807,0.0024077892303466797,0.147,23.200000000000003
1808,0.0005724430084228516,0.147,24.400000000000002
1809,0.0018191337585449219,0.147,25.6
1810,0.0015616416931152344,0.14400000000000002,26.8
1811,0.0026934146881103516,0.142,28.0
1812,0.0006377696990966797,0.142,29.200000000000003
1813,0.0029115676879882812,0.142,30.400000000000002
1814,0.0006256103515625,0.142,31.6
1815,0.002290964126586914,0.142,32.800000000000004
1816,0.0006067752838134766,0.147,33.6
1817,0.0030393600463867188,0.159,34.800000000000004
1818,0.0015981197357177734,0.172,35.6
1819,0.0006494522094726562,0.183,36.4
1820,0.0023622512817382812,0.185,36.800000000000004
1821,0.000606536865234375,0.185,37.6
1822,0.002221345901489258,0.19,38.0
1823,0.0006020069122314453,0.19,38.400000000000006
1824,0.0021619796752929688,0.19399999999999998,38.800000000000004
1825,0.0005702972412109375,0.19399999999999998,38.800000000000004
1826,0.0020198822021484375,0.19399999999999998,39.2
1827,0.0006020069122314453,0.19399999999999998,39.2
1828,0.0019571781158447266,0.19399999999999998,39.6
1829,0.0019054412841796875,0.19399999999999998,39.6
1830,0.0016376972198486328,0.19399999999999998,39.6
1831,0.0007121562957763672,0.19399999999999998,39.6
1832,0.0020253658294677734,0.18100000000000002,40.0
1833,0.0006220340728759766,0.168,40.0
1834,0.0027360916137695312,0.157,40.0
1835,0.0005867481231689453,0.151,40.0
1836,0.002435922622680664,0.147,40.0
1837,0.0005824565887451172,0.138,40.0
1838,0.0020465850830078125,0.131,40.0
1839,0.0006198883056640625,0.129,40.0
1840,0.0020351409912109375,0.129,40.0
1841,0.002122640609741211,0.129,39.6
1842,0.002565622329711914,0.129,39.2
1843,0.0021009445190429688,0.129,38.800000000000004
1844,0.0013203620910644531,0.129,38.400000000000006
1845,0.0007507801055908203,0.136,37.6
1846,0.002356290817260742,0.147,36.800000000000004
1847,0.002347230911254883,0.157,36.0
1848,0.0005218982696533203,0.166,35.2
1849,0.001283884048461914,0.168,34.0
1850,0.0004837512969970703,0.175,32.800000000000004
1851,0.0007967948913574219,0.177,31.6
1852,0.0004961490631103516,0.179,30.400000000000002
1853,0.0013282299041748047,0.18100000000000002,29.200000000000003
1854,0.0031862258911132812,0.18100000000000002,27.6
1855,0.002275705337524414,0.18100000000000002,26.400000000000002
1856,0.0006377696990966797,0.18100000000000002,25.200000000000003
1857,0.0022666454315185547,0.179,24.0
1858,0.000591278076171875,0.17,22.8
1859,0.002861499786376953,0.159,22.0
1860,0.0006260871887207031,0.14400000000000002,20.8
1861,0.0026197433471679688,0.131,20.0
1862,0.0006082057952880859,0.121,19.200000000000003
1863,0.002590656280517578,0.11900000000000001,18.400000000000002
1864,0.0006415843963623047,0.11599999999999999,18.0
1865,0.002238750457763672,0.114,17.2
1866,0.00168609619140625,0.11,16.8
1867,0.0028829574584960938,0.10800000000000001,16.400000000000002
1868,0.002349853515625,0.10800000000000001,16.0
1869,0.0021376609802246094,0.10800000000000001,15.600000000000001
1870,0.0016684532165527344,0.10800000000000001,15.600000000000001
1871,0.0007531642913818359,0.114,15.200000000000001
1872,0.0021486282348632812,0.12300000000000001,14.8
1873,0.0019092559814453125,0.14,14.8
1874,0.0017075538635253906,0.159,14.4
1875,0.002336740493774414,0.168,14.0
1876,0.002520322799682617,0.172,14.0
1877,0.0024368762969970703,0.172,13.600000000000001
1878,0.0006961822509765625,0.177,13.600000000000001
1879,0.0022764205932617188,0.18100000000000002,13.600000000000001
1880,0.0006246566772460938,0.18100000000000002,13.600000000000001
1881,0.002285003662109375,0.18100000000000002,13.600000000000001
1882,0.0006012916564941406,0.18100000000000002,13.600000000000001
1883,0.002698183059692383,0.18100000000000002,14.0
1884,0.0027494430541992188,0.18100000000000002,14.4
1885,0.0020780563354492188,0.18100000000000002,14.8
1886,0.002309083938598633,0.18100000000000002,15.600000000000001
1887,0.0025200843811035156,0.16399999999999998,16.400000000000002
1888,0.0025892257690429688,0.149,17.6
1889,0.0006754398345947266,0.147,18.400000000000002
1890,0.002445697784423828,0.147,19.6
1891,0.0022478103637695312,0.147,20.8
1892,0.002644777297973633,0.14400000000000002,22.0
1893,0.0024263858795166016,0.134,23.6
1894,0.0019049644470214844,0.134,24.8
1895,0.002037525177001953,0.134,26.400000000000002
1896,0.0014443397521972656,0.134,27.6
1897,0.0007216930389404297,0.134,29.200000000000003
1898,0.0020284652709960938,0.134,30.400000000000002
1899,0.002255678176879883,0.134,31.6
1900,0.0016329288482666016,0.136,32.800000000000004
1901,0.0023391246795654297,0.149,34.0
1902,0.0023391246795654297,0.155,34.0
1903,0.0023107528686523438,0.16399999999999998,34.800000000000004
1904,0.0006725788116455078,0.177,35.6
1905,0.0026688575744628906,0.183,36.4
1906,0.002315521240234375,0.185,37.2
1907,0.0005950927734375,0.185,37.6
1908,0.0022325515747070312,0.185,38.400000000000006
1909,0.002408742904663086,0.185,38.800000000000004
1910,0.0025572776794433594,0.185,38.800000000000004
1911,0.0018019676208496094,0.185,39.2
1912,0.0006022453308105469,0.185,39.2
1913,0.0022766590118408203,0.185,39.6
1914,0.0005903244018554688,0.185,39.6
1915,0.0020949840545654297,0.185,39.6
1916,0.0005784034729003906,0.185,39.6
1917,0.002730131149291992,0.185,39.6
1918,0.0007355213165283203,0.179,39.6
1919,0.0026006698608398438,0.166,39.6
1920,0.0006890296936035156,0.159,39.6
1921,0.0022401809692382812,0.159,39.2
1922,0.00151824951171875,0.159,39.2
1923,0.0027015209197998047,0.159,38.800000000000004
1924,0.0011818408966064453,0.159,38.800000000000004
1925,0.0024471282958984375,0.159,38.400000000000006
1926,0.0011837482452392578,0.159,38.0
1927,0.0027298927307128906,0.159,37.6
1928,0.0015664100646972656,0.159,37.2
1929,0.0028922557830810547,0.159,36.800000000000004
1930,0.0007281303405761719,0.168,36.4
1931,0.002671480178833008,0.183,35.6
1932,0.0015015602111816406,0.192,34.800000000000004
1933,0.0006525516510009766,0.2,34.4
1934,0.0024116039276123047,0.209,33.6
1935,0.0006337165832519531,0.21100000000000002,32.800000000000004
1936,0.0022077560424804688,0.21600000000000003,32.0
1937,0.0005779266357421875,0.21600000000000003,31.200000000000003
1938,0.001055002212524414,0.21600000000000003,30.400000000000002
1939,0.0020749568939208984,0.21600000000000003,29.6
1940,0.0019941329956054688,0.21600000000000003,29.200000000000003
1941,0.002374410629272461,0.209,28.400000000000002
1942,0.0006134510040283203,0.2,28.0
1943,0.0022013187408447266,0.192,27.6
1944,0.002513408660888672,0.18100000000000002,27.6
1945,0.002043485641479492,0.166,27.200000000000003
1946,0.0017337799072265625,0.155,27.200000000000003
1947,0.0020029544830322266,0.151,27.6
1948,0.001646280288696289,0.151,27.6
1949,0.0006968975067138672,0.14400000000000002,28.0
1950,0.002061128616333008,0.142,28.0
1951,0.0006768703460693359,0.142,28.400000000000002
1952,0.0024785995483398438,0.142,28.8
1953,0.0024025440216064453,0.142,29.200000000000003
1954,0.0008089542388916016,0.142,29.200000000000003
1955,0.0024085044860839844,0.142,29.6
1956,0.0007071495056152344,0.142,30.0
1957,0.002115011215209961,0.142,30.0
1958,0.0022172927856445312,0.147,30.0
1959,0.0006878376007080078,0.162,30.0
1960,0.002067089080810547,0.168,30.0
1961,0.0006625652313232422,0.175,30.0
1962,0.002006053924560547,0.175,30.0
1963,0.0005509853363037109,0.175,30.0
1964,0.0020453929901123047,0.177,29.6
1965,0.0019085407257080078,0.177,29.6
1966,0.002124309539794922,0.177,29.200000000000003
1967,0.001943826675415039,0.177,29.200000000000003
1968,0.0016698837280273438,0.177,28.8
1969,0.0021109580993652344,0.177,28.8
1970,0.002515554428100586,0.177,28.400000000000002
1971,0.0023012161254882812,0.177,28.400000000000002
1972,0.0007832050323486328,0.177,28.0
1973,0.002665281295776367,0.172,28.0
1974,0.0006568431854248047,0.168,28.0
1975,0.002211332321166992,0.162,28.0
1976,0.0006380081176757812,0.155,28.0
1977,0.0021665096282958984,0.151,28.0
1978,0.0005841255187988281,0.149,28.0
1979,0.0028028488159179688,0.149,28.0
1980,0.0014433860778808594,0.149,28.400000000000002
1981,0.002611875534057617,0.149,28.400000000000002
1982,0.0019233226776123047,0.149,28.400000000000002
1983,0.0023813247680664062,0.149,28.400000000000002
1984,0.002145528793334961,0.149,28.400000000000002
1985,0.0020525455474853516,0.149,28.400000000000002
1986,0.0006172657012939453,0.16399999999999998,28.8
1987,0.0022935867309570312,0.177,28.8
1988,0.0015552043914794922,0.19,28.400000000000002
1989,0.002357006072998047,0.198,28.400000000000002
1990,0.0017118453979492188,0.198,28.400000000000002
1991,0.002154111862182617,0.198,28.400000000000002
1992,0.0018322467803955078,0.198,28.400000000000002
1993,0.0020592212677001953,0.198,28.0
1994,0.0006186962127685547,0.198,28.0
1995,0.0021588802337646484,0.198,28.0
1996,0.0010542869567871094,0.198,28.0
1997,0.002743959426879883,0.198,28.400000000000002
1998,0.0024023056030273438,0.19,28.400000000000002
1999,0.0006256103515625,0.17,28.8
2000,0.001961231231689453,0.159,28.8
2001,0.0018415451049804688,0.14400000000000002,29.200000000000003
2002,0.0006160736083984375,0.142,29.6
2003,0.002084016799926758,0.142,30.400000000000002
2004,0.0028934478759765625,0.142,30.8
2005,0.002451658248901367,0.138,31.200000000000003
2006,0.0006110668182373047,0.131,31.6
2007,0.0026311874389648438,0.131,32.4
2008,0.0005900859832763672,0.131,32.800000000000004
2009,0.002825021743774414,0.131,33.2
2010,0.0006380081176757812,0.131,33.2
2011,0.0025920867919921875,0.134,33.6
2012,0.0006132125854492188,0.149,33.6
2013,0.0029408931732177734,0.159,33.6
2014,0.0005609989166259766,0.168,33.6
2015,0.0023288726806640625,0.168,33.6
2016,0.0025141239166259766,0.168,33.2
2017,0.0005893707275390625,0.168,32.800000000000004
2018,0.0020895004272460938,0.172,32.4
2019,0.0024094581604003906,0.179,32.0
2020,0.0018038749694824219,0.183,31.6
2021,0.0023529529571533203,0.183,31.200000000000003
2022,0.002629995346069336,0.183,30.8
2023,0.0022966861724853516,0.183,30.0
2024,0.0007212162017822266,0.179,29.6
2025,0.0026264190673828125,0.16399999999999998,29.200000000000003
2026,0.002353191375732422,0.151,28.8
2027,0.0006649494171142578,0.134,28.400000000000002
2028,0.0024940967559814453,0.127,28.0
2029,0.002415180206298828,0.121,28.0
2030,0.0006577968597412109,0.11599999999999999,27.6
2031,0.002222776412963867,0.11599999999999999,27.200000000000003
2032,0.0023107528686523438,0.11599999999999999,27.200000000000003
2033,0.002570629119873047,0.11599999999999999,26.8
2034,0.0005953311920166016,0.11599999999999999,26.400000000000002
2035,0.0026688575744628906,0.11599999999999999,26.0
2036,0.002293825149536133,0.11599999999999999,25.6
2037,0.0006132125854492188,0.11599999999999999,25.200000000000003
2038,0.0019898414611816406,0.12300000000000001,24.8
2039,0.0019898414611816406,0.134,24.8
2040,0.0019614696502685547,0.142,24.0
2041,0.0005648136138916016,0.147,23.6
2042,0.002210378646850586,0.157,22.8
2043,0.0005517005920410156,0.159,22.400000000000002
2044,0.002115964889526367,0.162,21.6
2045,0.002434253692626953,0.162,20.8
2046,0.0007071495056152344,0.162,20.0
2047,0.0027413368225097656,0.162,19.6
2048,0.0005128383636474609,0.162,18.8
2049,0.002648591995239258,0.162,18.0
2050,0.0006299018859863281,0.162,17.6
2051,0.002439737319946289,0.153,17.2
2052,0.0008184909820556641,0.151,16.8
2053,0.002364635467529297,0.127,16.400000000000002
2054,0.0006005764007568359,0.11599999999999999,16.0
2055,0.002208709716796875,0.11599999999999999,16.0
2056,0.0005993843078613281,0.11599999999999999,16.0
2057,0.002737760543823242,0.11599999999999999,15.600000000000001
2058,0.0019397735595703125,0.11599999999999999,16.0
2059,0.0023097991943359375,0.11599999999999999,16.0
2060,0.0021390914916992188,0.125,16.0
2061,0.0005910396575927734,0.136,16.400000000000002
2062,0.0022437572479248047,0.153,16.400000000000002
2063,0.002515554428100586,0.162,16.8
2064,0.0006098747253417969,0.17,16.8
2065,0.0019299983978271484,0.177,17.2
2066,0.001577138900756836,0.18100000000000002,17.2
2067,0.0005958080291748047,0.18100000000000002,17.6
2068,0.0027408599853515625,0.18100000000000002,18.0
2069,0.002021312713623047,0.18100000000000002,18.400000000000002
2070,0.0007102489471435547,0.18100000000000002,18.8
2071,0.0025768280029296875,0.18100000000000002,19.200000000000003
2072,0.0006449222564697266,0.18100000000000002,19.6
2073,0.0023348331451416016,0.168,20.400000000000002
2074,0.0005905628204345703,0.157,21.200000000000003
2075,0.0024232864379882812,0.14400000000000002,22.0
2076,0.0024766921997070312,0.138,22.8
2077,0.002198457717895508,0.138,24.0
2078,0.0015950202941894531,0.138,24.8
2079,0.0006012916564941406,0.138,26.0
2080,0.0021440982818603516,0.138,27.200000000000003
2081,0.0020101070404052734,0.138,28.400000000000002
2082,0.0006492137908935547,0.138,29.200000000000003
2083,0.002460956573486328,0.138,30.400000000000002
2084,0.0022051334381103516,0.138,31.200000000000003
2085,0.0005955696105957031,0.138,32.0
2086,0.0024170875549316406,0.16399999999999998,32.800000000000004
2087,0.0005741119384765625,0.179,33.6
2088,0.0020563602447509766,0.179,34.0
2089,0.0019342899322509766,0.18100000000000002,34.800000000000004
2090,0.0006036758422851562,0.18100000000000002,35.2
2091,0.002828359603881836,0.18100000000000002,35.6
2092,0.0018815994262695312,0.18100000000000002,35.6
2093,0.0020046234130859375,0.18100000000000002,36.0
2094,0.0015592575073242188,0.18100000000000002,36.4
2095,0.0005593299865722656,0.18100000000000002,36.4
2096,0.0022916793823242188,0.172,36.4
2097,0.0020766258239746094,0.155,36.800000000000004
2098,0.0006320476531982422,0.142,36.800000000000004
2099,0.0028808116912841797,0.127,36.800000000000004
2100,0.0006198883056640625,0.114,36.800000000000004
2101,0.0022766590118408203,0.11199999999999999,37.2
2102,0.0018837451934814453,0.11199999999999999,37.2
2103,0.0018393993377685547,0.11199999999999999,36.800000000000004
2104,0.002275705337524414,0.11199999999999999,36.800000000000004
2105,0.0005998611450195312,0.11199999999999999,36.4
2106,0.0018818378448486328,0.11199999999999999,36.4
2107,0.0006320476531982422,0.121,35.6
2108,0.001931905746459961,0.134,35.2
2109,0.0005943775177001953,0.157,34.4
2110,0.0020809173583984375,0.162,33.6
2111,0.0006802082061767578,0.166,32.800000000000004
2112,0.002103090286254883,0.166,31.6
2113,0.0020933151245117188,0.166,30.400000000000002
2114,0.0025441646575927734,0.166,29.200000000000003
2115,0.0020380020141601562,0.166,28.0
2116,0.0022745132446289062,0.166,26.8
2117,0.0034003257751464844,0.166,25.6
2118,0.0007212162017822266,0.16399999999999998,24.400000000000002
2119,0.0027925968170166016,0.14400000000000002,23.200000000000003
2120,0.0006208419799804688,0.129,22.0
2121,0.002506732940673828,0.114,20.8
2122,0.0013039112091064453,0.114,20.0
2123,0.0023636817932128906,0.114,18.8
2124,0.002533435821533203,0.114,18.0
2125,0.00067138671875,0.114,17.2
2126,0.002386331558227539,0.114,16.400000000000002
2127,0.0006153583526611328,0.11599999999999999,15.600000000000001
2128,0.0021877288818359375,0.138,14.8
2129,0.002009868621826172,0.149,14.4
2130,0.0015854835510253906,0.159,13.600000000000001
2131,0.0006475448608398438,0.168,12.8
2132,0.002613544464111328,0.175,12.4
2133,0.002201080322265625,0.175,12.0
2134,0.0006353855133056641,0.175,11.600000000000001
2135,0.002529144287109375,0.175,11.200000000000001
2136,0.0025086402893066406,0.175,10.8
2137,0.0019919872283935547,0.166,10.8
2138,0.0024552345275878906,0.155,10.8
2139,0.0006601810455322266,0.138,10.8
2140,0.002151966094970703,0.131,11.200000000000001
2141,0.0006017684936523438,0.127,11.600000000000001
2142,0.0020902156829833984,0.125,12.4
2143,0.0006108283996582031,0.125,12.8
2144,0.0020792484283447266,0.125,13.600000000000001
2145,0.001982450485229492,0.125,14.8
2146,0.0015988349914550781,0.125,15.600000000000001
2147,0.0005919933319091797,0.125,16.400000000000002
2148,0.002515554428100586,0.125,17.6
2149,0.0020906925201416016,0.142,18.400000000000002
2150,0.0006163120269775391,0.155,19.6
2151,0.0027856826782226562,0.162,20.8
2152,0.0005934238433837891,0.162,21.6
2153,0.002803325653076172,0.162,22.8
2154,0.0005910396575927734,0.162,23.6
2155,0.002568483352661133,0.159,24.400000000000002
2156,0.0005881786346435547,0.151,25.6
2157,0.002564668655395508,0.142,26.400000000000002
2158,0.0005528926849365234,0.127,27.6
2159,0.0023522377014160156,0.11,28.400000000000002
2160,0.002524137496948242,0.10099999999999999,29.200000000000003
2161,0.0005903244018554688,0.099,30.400000000000002
2162,0.0018634796142578125,0.099,31.200000000000003
2163,0.0005998611450195312,0.099,32.0
2164,0.0020461082458496094,0.099,32.800000000000004
2165,0.0005998611450195312,0.114,33.2
2166,0.002279520034790039,0.134,33.6
2167,0.0005712509155273438,0.149,34.0
2168,0.0023746490478515625,0.157,34.4
2169,0.0006594657897949219,0.168,34.4
2170,0.0019621849060058594,0.168,34.4
2171,0.0005865097045898438,0.168,34.0
2172,0.0020723342895507812,0.168,34.0
2173,0.0006325244903564453,0.168,33.6
2174,0.002103090286254883,0.168,33.2
2175,0.0006237030029296875,0.155,32.800000000000004
2176,0.0021202564239501953,0.142,32.0
2177,0.0024461746215820312,0.129,31.6
2178,0.000579833984375,0.129,31.200000000000003
2179,0.0022208690643310547,0.129,30.400000000000002
2180,0.0005924701690673828,0.129,30.0
2181,0.0022935867309570312,0.129,29.6
2182,0.0005562305450439453,0.131,28.8
2183,0.002178668975830078,0.151,28.0
2184,0.0017223358154296875,0.177,27.6
2185,0.0007631778717041016,0.198,26.8
2186,0.0021398067474365234,0.209,26.0
2187,0.002273082733154297,0.21100000000000002,25.200000000000003
2188,0.00060272216796875,0.21100000000000002,24.400000000000002
2189,0.002224445343017578,0.21100000000000002,23.6
2190,0.0023806095123291016,0.203,23.200000000000003
2191,0.0020432472229003906,0.18100000000000002,22.400000000000002
2192,0.0008778572082519531,0.168,22.0
2193,0.002326488494873047,0.142,21.6
2194,0.0025310516357421875,0.131,21.200000000000003
2195,0.0023348331451416016,0.129,21.200000000000003
2196,0.0008158683776855469,0.129,21.200000000000003
2197,0.002216339111328125,0.129,21.200000000000003
2198,0.002216339111328125,0.129,21.200000000000003
2199,0.0023927688598632812,0.129,21.6
2200,0.000576019287109375,0.131,21.6
2201,0.0021474361419677734,0.151,22.0
2202,0.0021386146545410156,0.159,22.400000000000002
2203,0.0019865036010742188,0.162,22.400000000000002
2204,0.0006351470947265625,0.162,22.8
2205,0.0023696422576904297,0.162,22.8
2206,0.0006289482116699219,0.162,23.200000000000003
2207,0.002152681350708008,0.157,23.6
2208,0.0006086826324462891,0.134,23.6
2209,0.002512216567993164,0.127,24.0
2210,0.0005877017974853516,0.11900000000000001,24.400000000000002
2211,0.002254009246826172,0.11900000000000001,24.8
2212,0.0005710124969482422,0.11900000000000001,25.200000000000003
2213,0.002064228057861328,0.11900000000000001,25.200000000000003
2214,0.0027616024017333984,0.121,25.6
2215,0.0021016597747802734,0.134,26.0
2216,0.0007708072662353516,0.147,26.400000000000002
2217,0.0026636123657226562,0.149,26.400000000000002
2218,0.0007596015930175781,0.153,26.8
2219,0.0030498504638671875,0.153,26.8
2220,0.0028133392333984375,0.153,26.8
2221,0.0021238327026367188,0.153,26.8
2222,0.0022077560424804688,0.153,26.8
2223,0.0007212162017822266,0.153,26.8
2224,0.0027120113372802734,0.14,26.8
2225,0.0022101402282714844,0.127,26.8
2226,0.0022423267364501953,0.12300000000000001,26.400000000000002
2227,0.002000093460083008,0.12300000000000001,26.400000000000002
2228,0.0029456615447998047,0.12300000000000001,26.400000000000002
2229,0.00249481201171875,0.12300000000000001,26.400000000000002
2230,0.0007121562957763672,0.134,26.0
2231,0.0025932788848876953,0.147,26.0
2232,0.0006277561187744141,0.159,25.6
2233,0.0023622512817382812,0.162,25.6
2234,0.0017266273498535156,0.162,25.200000000000003
2235,0.0006089210510253906,0.162,24.8
2236,0.002062082290649414,0.162,24.8
2237,0.0006053447723388672,0.162,24.400000000000002
2238,0.002093076705932617,0.162,24.0
2239,0.0006072521209716797,0.157,23.6
2240,0.0020585060119628906,0.157,23.6
2241,0.001897573471069336,0.157,23.200000000000003
2242,0.0014286041259765625,0.157,23.200000000000003
2243,0.002075672149658203,0.157,22.8
2244,0.0018107891082763672,0.172,22.8
2245,0.002240419387817383,0.185,22.8
2246,0.0006222724914550781,0.188,22.8
2247,0.0029981136322021484,0.188,22.8
2248,0.0011506080627441406,0.188,22.8
2249,0.0006189346313476562,0.179,22.8
2250,0.0020067691802978516,0.16399999999999998,22.8
2251,0.0006074905395507812,0.149,23.200000000000003
2252,0.002016782760620117,0.142,23.6
2253,0.0006134510040283203,0.142,24.0
2254,0.0022706985473632812,0.142,24.400000000000002
2255,0.0005893707275390625,0.142,24.8
2256,0.00244140625,0.142,25.200000000000003
2257,0.0005619525909423828,0.142,26.0
2258,0.002274036407470703,0.142,26.400000000000002
2259,0.0005738735198974609,0.147,26.8
2260,0.0022161006927490234,0.153,27.6
2261,0.0005502700805664062,0.157,28.0
2262,0.0023870468139648438,0.157,28.400000000000002
2263,0.0005881786346435547,0.157,28.8
2264,0.002186298370361328,0.157,29.200000000000003
2265,0.0005850791931152344,0.157,29.6
2266,0.002123117446899414,0.153,30.0
2267,0.0005543231964111328,0.14,30.400000000000002
2268,0.0021491050720214844,0.131,30.400000000000002
2269,0.00064849853515625,0.127,30.8
2270,0.002168416976928711,0.127,30.8
2271,0.0024728775024414062,0.127,31.200000000000003
2272,0.0006492137908935547,0.127,31.200000000000003
2273,0.0022902488708496094,0.127,31.200000000000003
2274,0.002313852310180664,0.14,31.6
2275,0.002044677734375,0.153,31.200000000000003
2276,0.0006110668182373047,0.166,31.200000000000003
2277,0.0027785301208496094,0.166,31.200000000000003
2278,0.0005729198455810547,0.166,30.8
2279,0.0021758079528808594,0.166,30.400000000000002
2280,0.0025789737701416016,0.159,30.0
2281,0.0006015300750732422,0.153,29.6
2282,0.0022652149200439453,0.153,29.200000000000003
2283,0.0024497509002685547,0.149,28.8
2284,0.0006077289581298828,0.149,28.0
2285,0.0025300979614257812,0.149,27.6
2286,0.002470254898071289,0.149,27.200000000000003
2287,0.0005514621734619141,0.149,26.8
2288,0.002075672149658203,0.153,26.400000000000002
2289,0.002249002456665039,0.166,26.0
2290,0.0017094612121582031,0.168,25.200000000000003
2291,0.0006222724914550781,0.168,24.8
2292,0.001954793930053711,0.168,24.400000000000002
2293,0.0005528926849365234,0.168,24.0
2294,0.0022678375244140625,0.168,23.6
2295,0.0005373954772949219,0.168,23.200000000000003
2296,0.0022735595703125,0.16399999999999998,22.8
2297,0.0005750656127929688,0.16399999999999998,22.400000000000002
2298,0.002170085906982422,0.16399999999999998,22.400000000000002
2299,0.0023512840270996094,0.16399999999999998,22.0
2300,0.0018301010131835938,0.16399999999999998,22.0
2301,0.002026796340942383,0.175,22.0
2302,0.0005936622619628906,0.192,22.0
2303,0.0022165775299072266,0.209,22.0
2304,0.0005595684051513672,0.21100000000000002,22.0
2305,0.00252532958984375,0.21100000000000002,22.400000000000002
2306,0.0006051063537597656,0.21100000000000002,22.400000000000002
2307,0.0014505386352539062,0.207,22.8
2308,0.0006256103515625,0.198,23.200000000000003
2309,0.002345561981201172,0.19399999999999998,23.6
2310,0.0025713443756103516,0.185,24.400000000000002
2311,0.0005509853363037109,0.172,25.200000000000003
2312,0.0021369457244873047,0.168,26.0
2313,0.0006053447723388672,0.166,26.8
2314,0.002378702163696289,0.157,27.6
2315,0.0006101131439208984,0.136,28.8
2316,0.0020186901092529297,0.129,30.0
2317,0.0019876956939697266,0.127,31.200000000000003
2318,0.0016758441925048828,0.127,32.4
2319,0.0006384849548339844,0.127,33.6
2320,0.002058267593383789,0.127,34.4
2321,0.0006384849548339844,0.147,35.6
2322,0.002185344696044922,0.177,36.4
2323,0.0005774497985839844,0.185,37.2
2324,0.0024003982543945312,0.185,38.0
2325,0.0023632049560546875,0.185,38.400000000000006
2326,0.001971006393432617,0.185,39.2
2327,0.0022406578063964844,0.179,39.2
2328,0.002602815628051758,0.175,39.6
2329,0.0022935867309570312,0.16399999999999998,40.0
2330,0.00136566162109375,0.159,40.0
2331,0.0007076263427734375,0.159,40.0
2332,0.0021927356719970703,0.159,40.0
2333,0.0022726058959960938,0.159,40.400000000000006
2334,0.001308441162109375,0.159,40.0
2335,0.0025377273559570312,0.159,40.0
2336,0.0018215179443359375,0.159,40.0
2337,0.0019860267639160156,0.159,39.6
2338,0.0019137859344482422,0.159,39.2
2339,0.0019137859344482422,0.159,39.2
2340,0.002073049545288086,0.159,39.2
2341,0.0018739700317382812,0.159,38.400000000000006
2342,0.0015478134155273438,0.159,38.0
2343,0.0024137496948242188,0.159,37.6
2344,0.0014595985412597656,0.159,36.800000000000004
2345,0.0006887912750244141,0.159,36.4
2346,0.0022199153900146484,0.159,35.6
2347,0.0019745826721191406,0.159,34.800000000000004
2348,0.0015518665313720703,0.175,34.0
2349,0.002435922622680664,0.188,33.2
2350,0.0007100105285644531,0.19,32.4
2351,0.0026738643646240234,0.19,31.6
2352,0.0022814273834228516,0.19,30.8
2353,0.0024747848510742188,0.19,30.0
2354,0.0011682510375976562,0.188,29.200000000000003
2355,0.002071857452392578,0.18100000000000002,28.400000000000002
2356,0.002596139907836914,0.166,27.6
2357,0.002254486083984375,0.16399999999999998,26.8
2358,0.0007107257843017578,0.16399999999999998,26.400000000000002
2359,0.0020830631256103516,0.16399999999999998,25.6
2360,0.0006194114685058594,0.16399999999999998,25.200000000000003
2361,0.0021066665649414062,0.16399999999999998,24.8
2362,0.0006952285766601562,0.175,24.400000000000002
2363,0.0019311904907226562,0.185,24.0
2364,0.0005908012390136719,0.198,24.0
2365,0.002749204635620117,0.2,23.6
2366,0.0005736351013183594,0.203,23.6
2367,0.0024368762969970703,0.203,23.200000000000003
2368,0.0005700588226318359,0.203,23.200000000000003
2369,0.0025849342346191406,0.203,23.200000000000003
2370,0.0006389617919921875,0.203,23.6
2371,0.002268552780151367,0.203,23.6
2372,0.002353191375732422,0.203,24.0
2373,0.0006532669067382812,0.2,24.400000000000002
2374,0.003325223922729492,0.19399999999999998,25.200000000000003
2375,0.0006372928619384766,0.177,25.6
2376,0.002680540084838867,0.157,26.400000000000002
2377,0.0005700588226318359,0.155,27.6
2378,0.0017697811126708984,0.155,28.400000000000002
2379,0.0022559165954589844,0.155,29.6
2380,0.0014595985412597656,0.155,30.400000000000002
2381,0.0006272792816162109,0.162,31.6
2382,0.002048492431640625,0.175,32.800000000000004
2383,0.0006101131439208984,0.175,34.0
2384,0.001960277557373047,0.175,35.2
2385,0.0019392967224121094,0.175,36.0
2386,0.0021011829376220703,0.175,37.2
2387,0.0019371509552001953,0.168,38.0
2388,0.002414226531982422,0.16399999999999998,38.800000000000004
2389,0.001978635787963867,0.16399999999999998,39.6
2390,0.0006382465362548828,0.16399999999999998,40.400000000000006
2391,0.002084970474243164,0.166,41.2
2392,0.0006539821624755859,0.183,42.0
2393,0.0021152496337890625,0.188,42.400000000000006
2394,0.001585245132446289,0.188,42.800000000000004
2395,0.001809835433959961,0.188,43.2
2396,0.0017125606536865234,0.188,43.6
2397,0.002503633499145508,0.188,44.0
2398,0.0014681816101074219,0.188,44.400000000000006
2399,0.0024261474609375,0.188,44.400000000000006
2400,0.0023605823516845703,0.188,44.400000000000006
2401,0.0006546974182128906,0.188,44.400000000000006
2402,0.0019087791442871094,0.188,44.400000000000006
2403,0.0018367767333984375,0.188,44.400000000000006
2404,0.002115011215209961,0.185,44.400000000000006
2405,0.000629425048828125,0.17,44.400000000000006
2406,0.0020585060119628906,0.159,44.0
2407,0.0019044876098632812,0.155,44.0
2408,0.002330303192138672,0.155,43.6
2409,0.0005781650543212891,0.155,43.2
2410,0.0020961761474609375,0.157,42.800000000000004
2411,0.0005924701690673828,0.166,42.400000000000006
2412,0.0019469261169433594,0.179,42.0
2413,0.0005445480346679688,0.185,41.6
2414,0.0021479129791259766,0.185,40.800000000000004
2415,0.0005595684051513672,0.185,40.400000000000006
2416,0.002002239227294922,0.185,39.6
2417,0.0005464553833007812,0.185,38.800000000000004
2418,0.0021262168884277344,0.18100000000000002,38.0
2419,0.0006053447723388672,0.177,37.2
2420,0.002006053924560547,0.177,36.0
2421,0.0006487369537353516,0.177,35.2
2422,0.002084493637084961,0.177,34.4
2423,0.0005853176116943359,0.177,33.6
2424,0.0019073486328125,0.177,32.800000000000004
2425,0.0005781650543212891,0.177,32.0
2426,0.0020678043365478516,0.177,31.200000000000003
2427,0.0005736351013183594,0.177,30.400000000000002
2428,0.0020029544830322266,0.175,30.0
2429,0.0005793571472167969,0.17,29.200000000000003
2430,0.001926422119140625,0.17,28.400000000000002
2431,0.0024836063385009766,0.17,28.0
2432,0.0021524429321289062,0.17,27.6
2433,0.0018870830535888672,0.172,26.8
2434,0.0006978511810302734,0.177,26.400000000000002
2435,0.0027625560760498047,0.177,26.0
2436,0.002286195755004883,0.177,25.6
2437,0.0006144046783447266,0.175,25.6
2438,0.0020952224731445312,0.166,25.200000000000003
2439,0.0006170272827148438,0.153,24.8
2440,0.0019512176513671875,0.14,24.8
2441,0.0017812252044677734,0.129,24.8
2442,0.002145528793334961,0.127,24.8
2443,0.0019888877868652344,0.127,24.8
2444,0.0018944740295410156,0.125,24.8
2445,0.0020046234130859375,0.134,24.8
2446,0.0011372566223144531,0.14,25.200000000000003
2447,0.0021657943725585938,0.14,25.200000000000003
2448,0.0015628337860107422,0.14400000000000002,25.200000000000003
2449,0.002042531967163086,0.14400000000000002,25.200000000000003
2450,0.0006659030914306641,0.14400000000000002,25.200000000000003
2451,0.002248525619506836,0.153,25.200000000000003
2452,0.0023429393768310547,0.16399999999999998,25.200000000000003
2453,0.001962900161743164,0.168,25.200000000000003
2454,0.0021791458129882812,0.17,25.200000000000003
2455,0.0022132396697998047,0.175,25.200000000000003
2456,0.00067138671875,0.179,25.200000000000003
2457,0.002171754837036133,0.185,24.8
2458,0.0021300315856933594,0.19399999999999998,24.8
2459,0.002289295196533203,0.205,24.8
2460,0.0005922317504882812,0.21600000000000003,24.8
2461,0.0024847984313964844,0.226,25.200000000000003
2462,0.0005779266357421875,0.237,25.200000000000003
2463,0.0024662017822265625,0.24600000000000002,25.6
2464,0.0005629062652587891,0.25,25.6
2465,0.002029895782470703,0.25,26.0
2466,0.0005590915679931641,0.25,26.8
2467,0.0025823116302490234,0.25,27.200000000000003
2468,0.0005893707275390625,0.25,28.0
2469,0.0026879310607910156,0.25,28.8
2470,0.0006363391876220703,0.25,30.0
2471,0.0024352073669433594,0.25,31.200000000000003
2472,0.0006225109100341797,0.235,32.800000000000004
2473,0.002351522445678711,0.226,34.4
2474,0.0005896091461181641,0.21100000000000002,36.0
2475,0.0030028820037841797,0.2,37.6
2476,0.0007081031799316406,0.192,39.6
2477,0.002335786819458008,0.185,41.6
2478,0.0007383823394775391,0.175,44.0
2479,0.0029370784759521484,0.166,46.0
2480,0.0006396770477294922,0.166,48.0
2481,0.0022988319396972656,0.166,50.400000000000006
2482,0.0006320476531982422,0.166,52.400000000000006
2483,0.0031538009643554688,0.166,54.400000000000006
2484,0.0015764236450195312,0.166,56.0
2485,0.0006608963012695312,0.166,58.0
2486,0.0019016265869140625,0.166,59.6
2487,0.001386404037475586,0.166,60.800000000000004
2488,0.001046895980834961,0.166,62.0
2489,0.003434896469116211,0.166,63.2
2490,0.0016024112701416016,0.166,64.0
2491,0.0016024112701416016,0.168,64.0
2492,0.001298666000366211,0.177,64.8
2493,0.0006399154663085938,0.19,65.2
2494,0.002658843994140625,0.209,65.60000000000001
2495,0.0014705657958984375,0.233,65.60000000000001
2496,0.002180337905883789,0.244,65.60000000000001
2497,0.0013904571533203125,0.248,65.60000000000001
2498,0.0021598339080810547,0.248,65.2
2499,0.001421213150024414,0.25,64.4
2500,0.0008263587951660156,0.25,64.0
2501,0.0029616355895996094,0.25,63.2
2502,0.000667572021484375,0.25,62.400000000000006
2503,0.0026192665100097656,0.25,61.6
2504,0.0018548965454101562,0.25,60.800000000000004
2505,0.0023779869079589844,0.25,60.400000000000006
2506,0.0017170906066894531,0.25,59.6
2507,0.0012662410736083984,0.25,58.800000000000004
2508,0.002259969711303711,0.25,58.0
2509,0.0028502941131591797,0.25,57.6
2510,0.0007307529449462891,0.25,56.800000000000004
2511,0.003091096878051758,0.25,56.400000000000006
2512,0.0006344318389892578,0.25,56.0
2513,0.0018947124481201172,0.25,55.6
2514,0.0006210803985595703,0.248,55.2
2515,0.0030546188354492188,0.248,54.800000000000004
2516,0.0006024837493896484,0.248,54.400000000000006
2517,0.002546072006225586,0.248,54.400000000000006
2518,0.0006573200225830078,0.248,54.0
2519,0.0017781257629394531,0.248,54.0
2520,0.0007185935974121094,0.25,54.0
2521,0.0030608177185058594,0.25,54.0
2522,0.0006093978881835938,0.25,54.0
2523,0.0017688274383544922,0.25,54.0
2524,0.0006480216979980469,0.25,54.0
2525,0.0017769336700439453,0.25,54.400000000000006
2526,0.0021805763244628906,0.25,54.400000000000006
2527,0.0013554096221923828,0.25,54.800000000000004
2528,0.0021643638610839844,0.25,55.2
2529,0.0015196800231933594,0.25,55.2
2530,0.001283407211303711,0.25,55.6
2531,0.0012199878692626953,0.25,56.0
2532,0.0006694793701171875,0.248,56.800000000000004
2533,0.0031180381774902344,0.248,57.2
2534,0.0006995201110839844,0.244,57.6
2535,0.001749277114868164,0.24100000000000002,58.0
2536,0.0010595321655273438,0.235,58.800000000000004
2537,0.0031626224517822266,0.226,59.2
2538,0.0023849010467529297,0.222,60.0
2539,0.0023164749145507812,0.21600000000000003,60.400000000000006
2540,0.0007188320159912109,0.21100000000000002,60.800000000000004
2541,0.001959085464477539,0.205,61.6
2542,0.002804279327392578,0.205,62.0
2543,0.0026488304138183594,0.2,62.800000000000004
2544,0.0006365776062011719,0.198,63.2
2545,0.0027120113372802734,0.192,63.6
2546,0.001415252685546875,0.185,64.0
2547,0.003194570541381836,0.183,64.0
2548,0.0012192726135253906,0.179,64.4
2549,0.0028486251831054688,0.175,64.4
2550,0.0013010501861572266,0.175,64.4
2551,0.003117084503173828,0.166,64.4
2552,0.0006694793701171875,0.16399999999999998,64.0
2553,0.002555370330810547,0.16399999999999998,63.6
2554,0.0017311573028564453,0.16399999999999998,63.2
2555,0.0028154850006103516,0.16399999999999998,62.400000000000006
2556,0.0006794929504394531,0.16399999999999998,61.6
2557,0.002847433090209961,0.16399999999999998,60.400000000000006
2558,0.0006763935089111328,0.166,59.6
2559,0.002635955810546875,0.17,58.0
2560,0.0017838478088378906,0.172,56.800000000000004
2561,0.0012960433959960938,0.172,55.2
2562,0.003016948699951172,0.172,53.6
2563,0.0006003379821777344,0.172,51.6
2564,0.0013909339904785156,0.172,49.6
2565,0.0005691051483154297,0.17,47.6
2566,0.0023386478424072266,0.159,45.6
2567,0.0005998611450195312,0.147,43.2
2568,0.002213716506958008,0.142,41.2
2569,0.000576019287109375,0.138,38.800000000000004
2570,0.0020759105682373047,0.138,36.4
2571,0.0007236003875732422,0.138,34.0
2572,0.0020623207092285156,0.138,31.6
2573,0.0006229877471923828,0.138,29.200000000000003
2574,0.0014424324035644531,0.138,26.8
2575,0.0005960464477539062,0.138,24.0
2576,0.0014524459838867188,0.138,21.6
2577,0.0007112026214599609,0.147,19.200000000000003
2578,0.0013117790222167969,0.155,16.8
2579,0.002552032470703125,0.159,14.4
2580,0.0017497539520263672,0.162,12.4
2581,0.0012607574462890625,0.162,10.0
2582,0.0006127357482910156,0.162,8.0
2583,0.001413106918334961,0.162,6.0
2584,0.0006465911865234375,0.159,4.4
2585,0.003100872039794922,0.147,2.8000000000000003
2586,0.0006132125854492188,0.14,1.2000000000000002
2587,0.0026667118072509766,0.14,0.0
2588,0.0005922317504882812,0.14,-0.8
2589,0.0017435550689697266,0.14,-1.6
2590,0.002779245376586914,0.14,-2.0
2591,0.001421213150024414,0.14,-2.4000000000000004
2592,0.002780437469482422,0.14,-2.4000000000000004
2593,0.0015571117401123047,0.157,-2.4000000000000004
2594,0.00025653839111328125,0.16399999999999998,-2.0
2595,0.0005776882171630859,0.16399999999999998,-1.2000000000000002
2596,0.0013239383697509766,0.16399999999999998,-0.4
2597,0.0011374950408935547,0.16399999999999998,0.4
2598,0.002056121826171875,0.16399999999999998,1.6
2599,0.002257108688354492,0.16399999999999998,2.8000000000000003
2600,0.0014400482177734375,0.151,4.4
2601,0.0008325576782226562,0.14400000000000002,6.0
2602,0.0029959678649902344,0.14,8.0
2603,0.0006937980651855469,0.14,10.0
2604,0.001988649368286133,0.14,12.0
2605,0.0021638870239257812,0.138,14.0
2606,0.0018830299377441406,0.136,16.400000000000002
2607,0.0028791427612304688,0.136,18.8
2608,0.001857757568359375,0.136,21.200000000000003
2609,0.001981973648071289,0.136,23.6
2610,0.002464771270751953,0.136,26.0
2611,0.0006465911865234375,0.149,28.0
2612,0.002062082290649414,0.177,30.400000000000002
2613,0.0006082057952880859,0.19399999999999998,32.800000000000004
2614,0.002054929733276367,0.198,34.800000000000004
2615,0.0006313323974609375,0.198,36.800000000000004
2616,0.002151012420654297,0.198,38.800000000000004
2617,0.0006532669067382812,0.185,40.400000000000006
2618,0.0020775794982910156,0.17,42.400000000000006
2619,0.0006568431854248047,0.153,44.0
2620,0.002538919448852539,0.142,45.6
2621,0.0008046627044677734,0.138,47.2
2622,0.0021834373474121094,0.138,48.400000000000006
2623,0.0006909370422363281,0.138,50.0
2624,0.0020847320556640625,0.138,51.2
2625,0.0007262229919433594,0.138,52.0
2626,0.002460956573486328,0.138,53.2
2627,0.0007693767547607422,0.138,53.6
2628,0.0020706653594970703,0.142,54.400000000000006
2629,0.0020706653594970703,0.155,54.400000000000006
2630,0.002199411392211914,0.162,54.800000000000004
2631,0.0006480216979980469,0.16399999999999998,54.800000000000004
2632,0.0020482540130615234,0.16399999999999998,54.800000000000004
2633,0.0006151199340820312,0.16399999999999998,54.400000000000006
2634,0.0022521018981933594,0.16399999999999998,54.0
2635,0.0006268024444580078,0.16399999999999998,53.2
2636,0.002504110336303711,0.16399999999999998,52.400000000000006
2637,0.0021500587463378906,0.16399999999999998,51.6
2638,0.0019524097442626953,0.16399999999999998,50.400000000000006
2639,0.0006389617919921875,0.16399999999999998,49.2
2640,0.002248048782348633,0.16399999999999998,47.6
2641,0.0006361007690429688,0.16399999999999998,46.400000000000006
2642,0.0019435882568359375,0.16399999999999998,44.800000000000004
2643,0.0006060600280761719,0.162,42.800000000000004
2644,0.0019032955169677734,0.157,41.2
2645,0.0018401145935058594,0.153,39.2
2646,0.0019371509552001953,0.14400000000000002,37.2
2647,0.002221822738647461,0.14,35.6
2648,0.0026848316192626953,0.14,33.6
2649,0.0019462108612060547,0.14,31.200000000000003
2650,0.002224445343017578,0.14,29.200000000000003
2651,0.0020589828491210938,0.14,27.200000000000003
2652,0.0021431446075439453,0.155,25.200000000000003
2653,0.0006868839263916016,0.168,23.200000000000003
2654,0.002062559127807617,0.177,20.8
2655,0.0024039745330810547,0.179,18.8
2656,0.002675771713256836,0.179,16.8
2657,0.0024085044860839844,0.179,14.8
2658,0.0019464492797851562,0.179,13.200000000000001
2659,0.002332925796508789,0.179,11.200000000000001
2660,0.0015070438385009766,0.168,9.600000000000001
2661,0.0017535686492919922,0.157,8.4
2662,0.0020308494567871094,0.155,7.2
2663,0.002247333526611328,0.149,6.0
2664,0.002487659454345703,0.142,5.2
2665,0.0006682872772216797,0.14,4.4
2666,0.00041413307189941406,0.14,4.0
2667,0.0006573200225830078,0.14,3.6
2668,0.0014767646789550781,0.14,3.6
2669,0.0008411407470703125,0.14,3.6
2670,0.0023305416107177734,0.157,4.0
2671,0.0008165836334228516,0.172,4.4
2672,0.0020580291748046875,0.18100000000000002,4.800000000000001
2673,0.0007245540618896484,0.18100000000000002,5.6000000000000005
2674,0.0016489028930664062,0.18100000000000002,6.4
2675,0.0007879734039306641,0.18100000000000002,7.6000000000000005
2676,0.0031862258911132812,0.18100000000000002,8.4
2677,0.0007309913635253906,0.179,9.600000000000001
2678,0.0026543140411376953,0.166,11.200000000000001
2679,0.0006365776062011719,0.153,12.8
2680,0.0021843910217285156,0.136,14.4
2681,0.0006456375122070312,0.136,16.400000000000002
2682,0.0021648406982421875,0.136,18.0
2683,0.0005872249603271484,0.136,20.400000000000002
2684,0.002014636993408203,0.136,22.400000000000002
2685,0.0020914077758789062,0.136,24.400000000000002
2686,0.0006167888641357422,0.136,26.400000000000002
2687,0.002574920654296875,0.155,28.400000000000002
2688,0.0008759498596191406,0.166,30.400000000000002
2689,0.0024137496948242188,0.17,32.4
2690,0.0006740093231201172,0.17,34.4
2691,0.0021996498107910156,0.17,36.0
2692,0.0005896091461181641,0.17,37.6
2693,0.002724885940551758,0.168,39.2
2694,0.0005648136138916016,0.159,40.800000000000004
2695,0.0022492408752441406,0.14,42.0
2696,0.0015888214111328125,0.131,43.2
2697,0.0029327869415283203,0.127,44.400000000000006
2698,0.0007421970367431641,0.11900000000000001,45.6
2699,0.002761363983154297,0.11599999999999999,46.800000000000004
2700,0.0013599395751953125,0.11599999999999999,47.6
2701,0.0022296905517578125,0.11599999999999999,48.0
2702,0.0016396045684814453,0.11599999999999999,48.800000000000004
2703,0.0007050037384033203,0.138,48.800000000000004
2704,0.001976490020751953,0.153,49.2
2705,0.0006144046783447266,0.172,49.2
2706,0.0020987987518310547,0.179,48.800000000000004
2707,0.001912832260131836,0.179,48.400000000000006
2708,0.0021219253540039062,0.18100000000000002,47.6
2709,0.001992464065551758,0.18100000000000002,46.800000000000004
2710,0.0016033649444580078,0.18100000000000002,46.0
2711,0.001718282699584961,0.172,44.800000000000004
2712,0.001447916030883789,0.142,43.6
2713,0.0006418228149414062,0.12300000000000001,42.400000000000006
2714,0.001834869384765625,0.11900000000000001,41.2
2715,0.0006365776062011719,0.11900000000000001,39.6
2716,0.0018470287322998047,0.11900000000000001,38.400000000000006
2717,0.0006010532379150391,0.11900000000000001,36.800000000000004
2718,0.0021250247955322266,0.11900000000000001,35.6
2719,0.0005800724029541016,0.11900000000000001,33.6
2720,0.002083301544189453,0.12300000000000001,32.0
2721,0.0006990432739257812,0.138,30.400000000000002
2722,0.0018770694732666016,0.159,28.400000000000002
2723,0.0007040500640869141,0.177,26.400000000000002
2724,0.002028942108154297,0.183,24.8
2725,0.0006418228149414062,0.185,22.8
2726,0.002151966094970703,0.185,20.8
2727,0.0007152557373046875,0.185,18.8
2728,0.0025298595428466797,0.183,16.8
2729,0.0006422996520996094,0.177,14.8
2730,0.002167224884033203,0.168,13.200000000000001
2731,0.0005834102630615234,0.151,11.600000000000001
2732,0.0020313262939453125,0.129,10.0
2733,0.0006134510040283203,0.11900000000000001,8.8
2734,0.001983165740966797,0.11599999999999999,8.0
2735,0.000885009765625,0.11599999999999999,7.2
2736,0.002383708953857422,0.11900000000000001,6.4
2737,0.0007181167602539062,0.14,6.0
2738,0.0021822452545166016,0.172,5.6000000000000005
2739,0.0006773471832275391,0.192,5.2
2740,0.0023572444915771484,0.198,5.2
2741,0.0005984306335449219,0.198,5.2
2742,0.002248525619506836,0.198,5.2
2743,0.0006461143493652344,0.19399999999999998,5.2
2744,0.002424955368041992,0.183,5.6000000000000005
2745,0.0005993843078613281,0.166,6.4
2746,0.0026073455810546875,0.147,7.2
2747,0.0006103515625,0.131,8.0
2748,0.0022470951080322266,0.127,9.200000000000001
2749,0.0006639957427978516,0.127,10.8
2750,0.0024750232696533203,0.127,12.4
2751,0.0024156570434570312,0.127,14.0
2752,0.0006198883056640625,0.134,15.600000000000001
2753,0.002990245819091797,0.14,17.6
2754,0.0020186901092529297,0.16399999999999998,19.200000000000003
2755,0.0020592212677001953,0.166,21.200000000000003
2756,0.0006833076477050781,0.166,22.8
2757,0.0025599002838134766,0.166,24.8
2758,0.002025604248046875,0.166,26.400000000000002
2759,0.0006318092346191406,0.162,28.0
2760,0.0021066665649414062,0.147,30.0
2761,0.0006096363067626953,0.136,31.6
2762,0.002080202102661133,0.127,33.2
2763,0.0006012916564941406,0.127,34.800000000000004
2764,0.0021424293518066406,0.127,36.4
2765,0.0020232200622558594,0.127,38.0
2766,0.0005867481231689453,0.127,39.2
2767,0.002834796905517578,0.153,40.400000000000006
2768,0.0005903244018554688,0.177,41.6
2769,0.002226114273071289,0.183,42.800000000000004
2770,0.0006496906280517578,0.183,43.6
2771,0.0021812915802001953,0.183,44.0
2772,0.0006182193756103516,0.183,44.800000000000004
2773,0.002209186553955078,0.183,45.2
2774,0.000629425048828125,0.177,45.6
2775,0.0025451183319091797,0.162,45.6
2776,0.0006413459777832031,0.149,45.6
2777,0.002218961715698242,0.134,46.0
2778,0.0007910728454589844,0.129,45.6
2779,0.0027709007263183594,0.129,45.6
2780,0.0007803440093994141,0.129,45.6
2781,0.002476215362548828,0.129,45.2
2782,0.002476215362548828,0.131,45.2
2783,0.0029418468475341797,0.151,44.800000000000004
2784,0.000576019287109375,0.159,44.400000000000006
2785,0.002293109893798828,0.16399999999999998,43.6
2786,0.0026297569274902344,0.16399999999999998,42.800000000000004
2787,0.0005612373352050781,0.16399999999999998,42.0
2788,0.0028052330017089844,0.159,40.800000000000004
2789,0.0005733966827392578,0.153,39.6
2790,0.002420663833618164,0.147,38.0
2791,0.0005893707275390625,0.142,36.800000000000004
2792,0.002031087875366211,0.142,35.2
2793,0.0006284713745117188,0.142,33.2
2794,0.0019783973693847656,0.142,31.6
2795,0.0005862712860107422,0.142,29.6
2796,0.0022771358489990234,0.147,27.6
2797,0.0006184577941894531,0.16399999999999998,25.6
2798,0.002445697784423828,0.177,23.6
2799,0.0006091594696044922,0.18100000000000002,22.0
2800,0.002429962158203125,0.18100000000000002,20.0
2801,0.0006225109100341797,0.18100000000000002,18.0
2802,0.0019567012786865234,0.185,16.0
2803,0.0005609989166259766,0.185,14.4
2804,0.0021317005157470703,0.185,12.8
2805,0.0026025772094726562,0.185,11.200000000000001
2806,0.0019631385803222656,0.185,10.0
2807,0.002432107925415039,0.185,8.8
2808,0.0019073486328125,0.185,8.0
2809,0.002254486083984375,0.185,7.2
2810,0.0006451606750488281,0.185,6.800000000000001
2811,0.0027687549591064453,0.179,6.4
2812,0.002359628677368164,0.16399999999999998,6.4
2813,0.0021004676818847656,0.147,6.4
2814,0.0022749900817871094,0.138,6.800000000000001
2815,0.0019421577453613281,0.138,7.2
2816,0.0022592544555664062,0.138,8.0
2817,0.0006811618804931641,0.138,8.8
2818,0.002279043197631836,0.142,10.0
2819,0.0006358623504638672,0.157,11.200000000000001
2820,0.002299070358276367,0.18100000000000002,12.4
2821,0.0006902217864990234,0.19,14.0
2822,0.0023546218872070312,0.192,15.200000000000001
2823,0.0006303787231445312,0.196,16.8
2824,0.0020532608032226562,0.196,18.400000000000002
2825,0.0005726814270019531,0.205,20.0
2826,0.001993894577026367,0.205,21.6
2827,0.0005941390991210938,0.207,23.200000000000003
2828,0.0019888877868652344,0.207,25.200000000000003
2829,0.0005924701690673828,0.207,27.200000000000003
2830,0.0028734207153320312,0.207,29.200000000000003
2831,0.0023450851440429688,0.207,31.200000000000003
2832,0.0006232261657714844,0.207,33.2
2833,0.0023412704467773438,0.205,35.2
2834,0.0006160736083984375,0.172,37.2
2835,0.0021262168884277344,0.159,39.6
2836,0.0006639957427978516,0.155,41.6
2837,0.0023550987243652344,0.151,44.0
2838,0.0008275508880615234,0.151,46.0
2839,0.0022716522216796875,0.147,48.0
2840,0.0005712509155273438,0.138,50.400000000000006
2841,0.002171754837036133,0.125,52.0
2842,0.0024008750915527344,0.125,54.0
2843,0.0006361007690429688,0.12300000000000001,55.6
2844,0.0020427703857421875,0.12300000000000001,56.800000000000004
2845,0.0019192695617675781,0.12300000000000001,58.0
2846,0.0005970001220703125,0.136,59.2
2847,0.002820730209350586,0.151,59.6
2848,0.0024871826171875,0.162,60.400000000000006
2849,0.0005984306335449219,0.17,60.400000000000006
2850,0.0019643306732177734,0.172,60.800000000000004
2851,0.002360105514526367,0.175,60.400000000000006
2852,0.0006310939788818359,0.177,60.0
2853,0.0026891231536865234,0.177,59.2
2854,0.0025458335876464844,0.177,58.400000000000006
2855,0.0019986629486083984,0.177,57.6
2856,0.0023453235626220703,0.172,56.400000000000006
2857,0.0024406909942626953,0.17,55.2
2858,0.001628875732421875,0.157,54.0
2859,0.002325773239135742,0.14400000000000002,52.400000000000006
2860,0.0017170906066894531,0.134,50.800000000000004
2861,0.0019872188568115234,0.12300000000000001,49.2
2862,0.0017163753509521484,0.11900000000000001,47.2
2863,0.002156972885131836,0.11199999999999999,45.2
2864,0.0006814002990722656,0.106,43.6
2865,0.002592325210571289,0.099,41.2
2866,0.0006253719329833984,0.099,39.2
2867,0.0024285316467285156,0.099,36.800000000000004
2868,0.0025382041931152344,0.095,34.4
2869,0.0005929470062255859,0.095,32.0
2870,0.001984834671020508,0.095,29.200000000000003
2871,0.0007069110870361328,0.095,26.8
2872,0.0019834041595458984,0.08800000000000001,24.0
2873,0.0006847381591796875,0.086,21.200000000000003
2874,0.002055644989013672,0.086,18.400000000000002
2875,0.0018007755279541016,0.086,15.200000000000001
2876,0.0006372928619384766,0.086,12.4
2877,0.0022788047790527344,0.086,9.600000000000001
2878,0.0007927417755126953,0.086,6.800000000000001
2879,0.002112865447998047,0.091,4.0
2880,0.0006377696990966797,0.10800000000000001,1.2000000000000002
2881,0.0023796558380126953,0.125,-1.2000000000000002
2882,0.0005824565887451172,0.127,-3.6
2883,0.002140045166015625,0.129,-6.0
2884,0.0006151199340820312,0.129,-8.0
2885,0.002029895782470703,0.138,-10.0
2886,0.0024805068969726562,0.14400000000000002,-12.0
2887,0.0005905628204345703,0.147,-13.600000000000001
2888,0.001961231231689453,0.151,-14.8
2889,0.0006315708160400391,0.151,-15.600000000000001
2890,0.0020723342895507812,0.151,-16.400000000000002
2891,0.0005609989166259766,0.151,-16.8
2892,0.002119302749633789,0.151,-16.8
2893,0.0018954277038574219,0.151,-16.8
2894,0.0006198883056640625,0.151,-16.0
2895,0.0024623870849609375,0.151,-15.200000000000001
2896,0.0006685256958007812,0.151,-14.0
2897,0.002357959747314453,0.151,-12.8
2898,0.0006108283996582031,0.151,-10.8
2899,0.002184152603149414,0.151,-8.8
2900,0.0006177425384521484,0.151,-6.4
2901,0.0023953914642333984,0.151,-4.0
2902,0.0013897418975830078,0.131,-1.2000000000000002
2903,0.0006248950958251953,0.125,1.6
2904,0.0018606185913085938,0.11900000000000001,4.800000000000001
2905,0.001951456069946289,0.11599999999999999,8.0
2906,0.002199411392211914,0.11599999999999999,11.600000000000001
2907,0.0019373893737792969,0.11599999999999999,14.8
2908,0.0022881031036376953,0.11599999999999999,18.400000000000002
2909,0.0018465518951416016,0.11599999999999999,22.0
2910,0.0006322860717773438,0.11599999999999999,25.200000000000003
2911,0.002649545669555664,0.11599999999999999,28.400000000000002
2912,0.0005872249603271484,0.11599999999999999,32.0
2913,0.002511739730834961,0.11599999999999999,35.2
2914,0.0025599002838134766,0.131,38.0
2915,0.0024411678314208984,0.149,40.800000000000004
2916,0.0023500919342041016,0.168,43.6
2917,0.0019593238830566406,0.175,46.0
2918,0.001566171646118164,0.179,48.400000000000006
2919,0.0005774497985839844,0.179,50.400000000000006
2920,0.0020263195037841797,0.179,52.400000000000006
2921,0.0019288063049316406,0.18100000000000002,54.0
2922,0.0007541179656982422,0.18100000000000002,55.6
2923,0.002331256866455078,0.18100000000000002,56.800000000000004
2924,0.002451181411743164,0.177,58.0
2925,0.00235748291015625,0.175,59.2
2926,0.0008029937744140625,0.16399999999999998,60.0
2927,0.002336740493774414,0.149,60.800000000000004
2928,0.0009188652038574219,0.136,61.2
2929,0.0024595260620117188,0.11900000000000001,61.6
2930,0.0024595260620117188,0.11199999999999999,61.6
2931,0.0025196075439453125,0.10800000000000001,61.6
2932,0.0006122589111328125,0.10300000000000001,62.0
2933,0.002634286880493164,0.09699999999999999,61.6
2934,0.0005960464477539062,0.09699999999999999,61.2
2935,0.0022897720336914062,0.095,60.800000000000004
2936,0.0006403923034667969,0.095,60.0
2937,0.0024750232696533203,0.095,59.2
2938,0.0007107257843017578,0.10099999999999999,58.0
2939,0.0021703243255615234,0.11900000000000001,56.400000000000006
2940,0.0006072521209716797,0.134,54.400000000000006
2941,0.0026216506958007812,0.14,52.400000000000006
2942,0.0006020069122314453,0.147,50.400000000000006
2943,0.002260446548461914,0.149,47.6
2944,0.0006074905395507812,0.149,45.2
2945,0.002185344696044922,0.149,42.0
2946,0.0006287097930908203,0.149,39.2
2947,0.0015320777893066406,0.149,36.0
2948,0.0006527900695800781,0.149,32.800000000000004
2949,0.0024781227111816406,0.149,29.6
2950,0.0005881786346435547,0.149,26.400000000000002
2951,0.0023298263549804688,0.149,22.8
2952,0.0005776882171630859,0.149,19.6
2953,0.002445220947265625,0.149,16.400000000000002
2954,0.000560760498046875,0.149,13.200000000000001
2955,0.001979351043701172,0.149,10.4
2956,0.0006670951843261719,0.149,7.2
2957,0.002335786819458008,0.149,4.4
2958,0.0023894309997558594,0.149,2.0
2959,0.0025260448455810547,0.149,-0.4
2960,0.0006024837493896484,0.149,-2.4000000000000004
2961,0.002347230911254883,0.149,-4.4
2962,0.0005743503570556641,0.149,-6.0
2963,0.0023033618927001953,0.149,-7.6000000000000005
2964,0.0006041526794433594,0.155,-8.8
2965,0.00226593017578125,0.159,-9.600000000000001
2966,0.002331972122192383,0.168,-10.4
2967,0.002432584762573242,0.183,-10.4
2968,0.0006659030914306641,0.19,-10.4
2969,0.0024390220642089844,0.19399999999999998,-10.4
2970,0.0006070137023925781,0.19399999999999998,-9.600000000000001
2971,0.0024459362030029297,0.19399999999999998,-8.8
2972,0.0014476776123046875,0.19399999999999998,-7.6000000000000005
2973,0.0006897449493408203,0.188,-6.4
2974,0.002016782760620117,0.175,-4.4
2975,0.0019216537475585938,0.16399999999999998,-2.4000000000000004
2976,0.0007143020629882812,0.16399999999999998,-0.4
2977,0.0026073455810546875,0.16399999999999998,2.4000000000000004
2978,0.0007314682006835938,0.157,5.2
2979,0.0023822784423828125,0.149,8.0
2980,0.0006244182586669922,0.149,11.200000000000001
2981,0.0020973682403564453,0.149,14.8
2982,0.0006313323974609375,0.149,18.0
2983,0.002475738525390625,0.149,21.6
2984,0.0006263256072998047,0.149,25.200000000000003
2985,0.0025072097778320312,0.149,28.400000000000002
2986,0.0005819797515869141,0.149,32.0
2987,0.0026023387908935547,0.127,35.6
2988,0.0006089210510253906,0.127,38.800000000000004
2989,0.0023937225341796875,0.11,42.0
2990,0.0006046295166015625,0.099,45.2
2991,0.0020439624786376953,0.099,48.0
2992,0.0005602836608886719,0.09699999999999999,50.800000000000004
2993,0.0020105838775634766,0.095,53.2
2994,0.0006256103515625,0.095,55.6
2995,0.002710103988647461,0.095,58.0
2996,0.0007719993591308594,0.095,59.6
2997,0.0025415420532226562,0.095,61.2
2998,0.0020995140075683594,0.106,62.400000000000006
2999,0.0007030963897705078,0.12300000000000001,63.2
3000,0.00206756591796875,0.136,64.0
3001,0.000644683837890625,0.142,64.4
3002,0.0017163753509521484,0.14400000000000002,64.4
3003,0.0023767948150634766,0.147,64.0
3004,0.0006656646728515625,0.147,63.2
3005,0.002335786819458008,0.147,62.400000000000006
3006,0.0005877017974853516,0.147,61.6
3007,0.0023016929626464844,0.14,60.0
3008,0.002443552017211914,0.125,58.800000000000004
3009,0.002604961395263672,0.11199999999999999,56.800000000000004
3010,0.0023543834686279297,0.099,54.800000000000004
3011,0.0025522708892822266,0.095,52.800000000000004
3012,0.0006101131439208984,0.095,50.400000000000006
3013,0.0023527145385742188,0.095,48.0
3014,0.0005991458892822266,0.095,45.6
3015,0.002644062042236328,0.106,42.800000000000004
3016,0.0006263256072998047,0.131,39.6
3017,0.0027170181274414062,0.153,36.4
3018,0.0024056434631347656,0.159,33.2
3019,0.0006253719329833984,0.159,30.0
3020,0.001961231231689453,0.159,26.400000000000002
3021,0.000659942626953125,0.162,22.8
3022,0.0019910335540771484,0.162,19.6
3023,0.0006320476531982422,0.162,16.0
3024,0.002187490463256836,0.162,12.4
3025,0.0006093978881835938,0.162,9.200000000000001
3026,0.0020127296447753906,0.147,6.0
3027,0.002501964569091797,0.14,2.8000000000000003
3028,0.0006153583526611328,0.138,0.0
3029,0.002473592758178711,0.138,-2.4000000000000004
3030,0.0006039142608642578,0.138,-4.800000000000001
3031,0.0023806095123291016,0.138,-6.800000000000001
3032,0.0025501251220703125,0.14,-8.4
3033,0.0005726814270019531,0.149,-10.0
3034,0.002122640609741211,0.157,-11.200000000000001
3035,0.0020017623901367188,0.157,-12.4
3036,0.0006403923034667969,0.157,-12.8
3037,0.0025572776794433594,0.149,-13.200000000000001
3038,0.0017862319946289062,0.14400000000000002,-13.200000000000001
3039,0.0005958080291748047,0.136,-13.200000000000001
3040,0.002104520797729492,0.131,-12.4
3041,0.0005686283111572266,0.129,-11.600000000000001
3042,0.002068042755126953,0.129,-10.4
3043,0.0006079673767089844,0.129,-9.200000000000001
3044,0.0021429061889648438,0.129,-7.2
3045,0.0006291866302490234,0.14400000000000002,-5.6000000000000005
3046,0.0028235912322998047,0.162,-3.2
3047,0.0021278858184814453,0.16399999999999998,-0.8
3048,0.0005867481231689453,0.16399999999999998,1.6
3049,0.0025069713592529297,0.16399999999999998,4.0
3050,0.0005824565887451172,0.16399999999999998,6.800000000000001
3051,0.0022780895233154297,0.16399999999999998,9.600000000000001
3052,0.0017096996307373047,0.157,12.8
3053,0.0006008148193359375,0.147,15.600000000000001
3054,0.0022721290588378906,0.138,18.8
3055,0.0006196498870849609,0.129,22.0
3056,0.0027396678924560547,0.129,25.200000000000003
3057,0.002167940139770508,0.129,28.400000000000002
3058,0.0007178783416748047,0.129,31.6
3059,0.0025606155395507812,0.129,34.800000000000004
3060,0.002196788787841797,0.14,37.6
3061,0.0006163120269775391,0.153,40.400000000000006
3062,0.001997232437133789,0.159,43.2
3063,0.001997232437133789,0.166,43.2
3064,0.0020351409912109375,0.166,46.0
3065,0.0024628639221191406,0.166,48.400000000000006
3066,0.001641988754272461,0.16399999999999998,50.400000000000006
3067,0.002499818801879883,0.155,52.400000000000006
3068,0.0023696422576904297,0.138,54.400000000000006
3069,0.0008080005645751953,0.127,56.0
3070,0.001991748809814453,0.11900000000000001,57.6
3071,0.001966714859008789,0.11599999999999999,58.800000000000004
3072,0.0007026195526123047,0.11599999999999999,60.0
3073,0.002222299575805664,0.11599999999999999,60.800000000000004
3074,0.0007312297821044922,0.11599999999999999,61.6
3075,0.0026445388793945312,0.127,62.0
3076,0.0008242130279541016,0.149,62.400000000000006
3077,0.0023927688598632812,0.166,62.400000000000006
3078,0.0023491382598876953,0.168,62.0
3079,0.0026099681854248047,0.168,61.6
3080,0.0016551017761230469,0.168,60.800000000000004
3081,0.002025604248046875,0.168,59.6
3082,0.000652313232421875,0.159,58.400000000000006
3083,0.0026273727416992188,0.147,57.2
3084,0.0027141571044921875,0.136,55.6
3085,0.0020399093627929688,0.131,53.6
3086,0.002256631851196289,0.131,51.6
3087,0.002112150192260742,0.131,49.6
3088,0.0024445056915283203,0.131,47.6
3089,0.0019221305847167969,0.131,45.2
3090,0.0006589889526367188,0.138,42.800000000000004
3091,0.0024116039276123047,0.155,40.400000000000006
3092,0.002345561981201172,0.159,38.0
3093,0.002020120620727539,0.162,35.2
3094,0.0022361278533935547,0.162,32.4
3095,0.0006203651428222656,0.162,29.6
3096,0.0019683837890625,0.149,26.400000000000002
3097,0.0019023418426513672,0.138,23.6
3098,0.0024652481079101562,0.131,20.8
3099,0.002204418182373047,0.131,18.0
3100,0.0006821155548095703,0.131,15.200000000000001
3101,0.0023272037506103516,0.131,12.8
3102,0.0025331974029541016,0.131,10.0
3103,0.0020728111267089844,0.142,7.6000000000000005
3104,0.002169370651245117,0.162,5.6000000000000005
3105,0.0006186962127685547,0.183,3.6
3106,0.0019998550415039062,0.185,1.6
3107,0.0006036758422851562,0.185,-0.4
3108,0.0020813941955566406,0.185,-1.6
3109,0.0018782615661621094,0.185,-3.2
3110,0.0022063255310058594,0.17,-4.4
3111,0.000614166259765625,0.151,-5.2
3112,0.002054452896118164,0.14,-5.6000000000000005
3113,0.0020606517791748047,0.131,-6.0
3114,0.002272367477416992,0.131,-5.6000000000000005
3115,0.0019989013671875,0.131,-5.2
3116,0.0021784305572509766,0.131,-4.800000000000001
3117,0.0019562244415283203,0.136,-3.6
3118,0.0023500919342041016,0.155,-2.8000000000000003
3119,0.0020818710327148438,0.17,-1.2000000000000002
3120,0.0017900466918945312,0.175,0.4
3121,0.0007359981536865234,0.175,2.0
3122,0.0020322799682617188,0.175,3.6
3123,0.0007309913635253906,0.175,5.6000000000000005
3124,0.0018410682678222656,0.16399999999999998,8.0
3125,0.0006616115570068359,0.153,10.0
3126,0.0019936561584472656,0.14,12.4
3127,0.0006392002105712891,0.136,15.200000000000001
3128,0.0021631717681884766,0.136,17.6
3129,0.0019071102142333984,0.136,20.400000000000002
3130,0.00201416015625,0.138,23.200000000000003
3131,0.0006113052368164062,0.155,26.0
3132,0.001974344253540039,0.172,28.8
3133,0.0006151199340820312,0.175,31.6
3134,0.0019922256469726562,0.175,34.0
3135,0.0006096363067626953,0.175,36.800000000000004
3136,0.0019299983978271484,0.175,39.2
3137,0.0006315708160400391,0.157,41.6
3138,0.0020961761474609375,0.136,43.6
3139,0.0006167888641357422,0.127,46.0
3140,0.0019092559814453125,0.127,48.0
3141,0.0019409656524658203,0.127,50.0
3142,0.0012803077697753906,0.127,51.6
3143,0.0006248950958251953,0.142,53.2
3144,0.0020928382873535156,0.166,54.800000000000004
3145,0.0019459724426269531,0.183,56.0
3146,0.000598907470703125,0.188,56.800000000000004
3147,0.0029633045196533203,0.188,57.6
3148,0.0025882720947265625,0.185,58.400000000000006
3149,0.0006272792816162109,0.17,58.800000000000004
3150,0.002061128616333008,0.149,58.800000000000004
3151,0.0005741119384765625,0.125,58.800000000000004
3152,0.002317667007446289,0.10300000000000001,58.800000000000004
3153,0.0005819797515869141,0.10300000000000001,58.400000000000006
3154,0.0020895004272460938,0.10300000000000001,58.0
3155,0.0005471706390380859,0.10300000000000001,57.6
3156,0.001953125,0.11199999999999999,56.800000000000004
3157,0.001979351043701172,0.14,56.0
3158,0.0006175041198730469,0.159,54.800000000000004
3159,0.002531766891479492,0.168,53.2
3160,0.0006628036499023438,0.168,51.6
3161,0.002481222152709961,0.168,50.0
3162,0.000606536865234375,0.16399999999999998,48.0
3163,0.0028371810913085938,0.14,45.6
3164,0.0005791187286376953,0.129,43.2
3165,0.0024018287658691406,0.11900000000000001,40.800000000000004
3166,0.0006148815155029297,0.11900000000000001,38.400000000000006
3167,0.002196788787841797,0.11900000000000001,36.0
3168,0.0018210411071777344,0.12300000000000001,33.2
3169,0.0005977153778076172,0.14400000000000002,30.8
3170,0.0019626617431640625,0.183,28.0
3171,0.0006031990051269531,0.207,25.200000000000003
3172,0.0021588802337646484,0.209,22.400000000000002
3173,0.0020537376403808594,0.209,20.0
3174,0.0006725788116455078,0.198,17.2
3175,0.0027008056640625,0.177,14.4
3176,0.0006971359252929688,0.162,12.0
3177,0.0025975704193115234,0.162,9.600000000000001
3178,0.0006668567657470703,0.162,7.6000000000000005
3179,0.002444028854370117,0.162,5.6000000000000005
3180,0.0006020069122314453,0.172,4.0
3181,0.0021996498107910156,0.19399999999999998,2.8000000000000003
3182,0.0026521682739257812,0.205,1.6
3183,0.0006196498870849609,0.205,0.8
3184,0.0021164417266845703,0.205,0.0
3185,0.0006320476531982422,0.198,-0.4
3186,0.002373933792114258,0.172,-0.4
3187,0.0020329952239990234,0.153,-0.4
3188,0.0006818771362304688,0.147,0.0
3189,0.0028798580169677734,0.147,0.8
3190,0.0022192001342773438,0.147,1.6
3191,0.0005762577056884766,0.147,2.8000000000000003
3192,0.0020551681518554688,0.183,4.4
3193,0.0021860599517822266,0.209,6.0
3194,0.0006415843963623047,0.21100000000000002,8.0
3195,0.002065420150756836,0.209,10.0
3196,0.0018506050109863281,0.198,12.0
3197,0.0022568702697753906,0.175,14.0
3198,0.0006248950958251953,0.155,16.400000000000002
3199,0.002196073532104492,0.147,18.8
3200,0.0006008148193359375,0.147,21.6
3201,0.002605438232421875,0.147,24.0
3202,0.002659320831298828,0.147,26.8
3203,0.00045752525329589844,0.155,29.6
3204,0.003026247024536133,0.166,32.4
3205,0.002857685089111328,0.17,35.2
3206,0.0005788803100585938,0.17,38.0
3207,0.0026056766510009766,0.17,40.400000000000006
3208,0.0014503002166748047,0.153,42.800000000000004
3209,0.0006239414215087891,0.14,45.2
3210,0.0020818710327148438,0.138,47.6
3211,0.0020818710327148438,0.138,47.6
3212,0.0022737979888916016,0.138,49.6
3213,0.0005886554718017578,0.151,51.6
3214,0.0019218921661376953,0.16399999999999998,53.2
3215,0.0005803108215332031,0.166,54.800000000000004
3216,0.0020978450775146484,0.166,56.400000000000006
3217,0.002002716064453125,0.166,57.6
3218,0.0006275177001953125,0.166,58.800000000000004
3219,0.0022449493408203125,0.159,59.6
3220,0.0027008056640625,0.153,60.400000000000006
3221,0.002026081085205078,0.153,60.800000000000004
3222,0.001733541488647461,0.153,61.2
3223,0.002080678939819336,0.153,61.2
3224,0.0023233890533447266,0.155,61.2
3225,0.0006861686706542969,0.17,61.2
3226,0.0019876956939697266,0.17,60.800000000000004
3227,0.0006649494171142578,0.17,60.0
3228,0.0020914077758789062,0.17,59.2
3229,0.0006814002990722656,0.17,58.400000000000006
3230,0.002446413040161133,0.16399999999999998,57.2
3231,0.0019991397857666016,0.138,56.0
3232,0.0006046295166015625,0.125,54.400000000000006
3233,0.002148151397705078,0.125,52.800000000000004
3234,0.0006363391876220703,0.131,51.2
3235,0.002139568328857422,0.153,49.6
3236,0.0022306442260742188,0.175,47.6
3237,0.0006387233734130859,0.185,45.6
3238,0.002072572708129883,0.188,43.2
3239,0.0006656646728515625,0.188,40.800000000000004
3240,0.0024187564849853516,0.185,38.400000000000006
3241,0.0019097328186035156,0.18100000000000002,36.0
3242,0.0025396347045898438,0.166,33.6
3243,0.002054929733276367,0.147,31.200000000000003
3244,0.0025887489318847656,0.131,28.400000000000002
3245,0.0006155967712402344,0.127,26.0
3246,0.0020987987518310547,0.127,23.6
3247,0.0021638870239257812,0.127,21.6
3248,0.002247333526611328,0.138,19.200000000000003
3249,0.002112150192260742,0.177,17.2
3250,0.0019576549530029297,0.188,15.200000000000001
3251,0.0018796920776367188,0.188,13.200000000000001
3252,0.0026178359985351562,0.188,11.200000000000001
3253,0.0021708011627197266,0.185,9.600000000000001
3254,0.0006458759307861328,0.166,7.6000000000000005
3255,0.0027577877044677734,0.155,6.4
3256,0.001453399658203125,0.14400000000000002,5.2
3257,0.0019884109497070312,0.136,4.0
3258,0.0012557506561279297,0.136,3.2
3259,0.0028798580169677734,0.136,2.4000000000000004
3260,0.0008294582366943359,0.136,2.0
3261,0.0025005340576171875,0.14400000000000002,2.0
3262,0.0026693344116210938,0.151,2.0
3263,0.0006816387176513672,0.151,2.4000000000000004
3264,0.0019805431365966797,0.151,2.8000000000000003
3265,0.0006353855133056641,0.149,3.2
3266,0.002116680145263672,0.131,4.0
3267,0.0006105899810791016,0.127,4.800000000000001
3268,0.002185344696044922,0.127,5.6000000000000005
3269,0.0006308555603027344,0.127,6.800000000000001
3270,0.0021135807037353516,0.129,8.0
3271,0.0021436214447021484,0.153,9.600000000000001
3272,0.0023148059844970703,0.159,11.200000000000001
3273,0.0025720596313476562,0.162,12.8
3274,0.0013709068298339844,0.162,14.4
3275,0.0025484561920166016,0.162,16.0
3276,0.0007336139678955078,0.162,17.6
3277,0.0026879310607910156,0.162,19.6
3278,0.0006802082061767578,0.157,21.200000000000003
3279,0.0027322769165039062,0.155,23.200000000000003
3280,0.0006515979766845703,0.155,24.8
3281,0.0021452903747558594,0.157,26.8
3282,0.0006222724914550781,0.18100000000000002,28.8
3283,0.002775430679321289,0.205,30.400000000000002
3284,0.0005700588226318359,0.213,32.4
3285,0.0026264190673828125,0.213,34.0
3286,0.0006222724914550781,0.213,36.0
3287,0.0024771690368652344,0.209,37.6
3288,0.0005915164947509766,0.19,39.2
3289,0.002365589141845703,0.168,40.800000000000004
3290,0.0006151199340820312,0.168,42.400000000000006
3291,0.00304412841796875,0.168,44.0
3292,0.0005919933319091797,0.168,45.6
3293,0.002739429473876953,0.168,47.2
3294,0.0005800724029541016,0.185,48.400000000000006
3295,0.0028846263885498047,0.2,50.0
3296,0.002488851547241211,0.205,51.2
3297,0.0006537437438964844,0.205,52.400000000000006
3298,0.0024073123931884766,0.205,53.6
3299,0.0006601810455322266,0.198,54.400000000000006
3300,0.0022521018981933594,0.177,55.2
3301,0.0023353099822998047,0.157,56.0
3302,0.002019166946411133,0.157,56.800000000000004
3303,0.0019779205322265625,0.157,57.2
3304,0.002841949462890625,0.157,57.6
3305,0.0020623207092285156,0.17,58.0
3306,0.002316713333129883,0.183,58.400000000000006
3307,0.002146005630493164,0.207,58.400000000000006
3308,0.0015239715576171875,0.209,58.400000000000006
3309,0.002191305160522461,0.209,58.400000000000006
3310,0.0022051334381103516,0.209,58.0
3311,0.002190828323364258,0.192,57.2
3312,0.0022025108337402344,0.166,56.800000000000004
3313,0.0022563934326171875,0.151,56.0
3314,0.002796173095703125,0.151,55.2
3315,0.00067901611328125,0.151,54.800000000000004
3316,0.0021753311157226562,0.153,53.6
3317,0.0023055076599121094,0.192,52.800000000000004
3318,0.0021467208862304688,0.218,51.6
3319,0.0006563663482666016,0.222,50.400000000000006
3320,0.0023260116577148438,0.22,49.2
3321,0.0022077560424804688,0.209,48.0
3322,0.0019388198852539062,0.185,46.400000000000006
3323,0.0022497177124023438,0.166,44.800000000000004
3324,0.0013349056243896484,0.16399999999999998,43.2
3325,0.0020356178283691406,0.16399999999999998,42.0
3326,0.0022072792053222656,0.16399999999999998,40.400000000000006
3327,0.0007917881011962891,0.175,38.800000000000004
3328,0.002321004867553711,0.19399999999999998,37.2
3329,0.0007140636444091797,0.2,36.0
3330,0.002198457717895508,0.2,34.4
3331,0.000644683837890625,0.2,32.800000000000004
3332,0.0021877288818359375,0.2,31.6
3333,0.0006439685821533203,0.185,30.0
3334,0.0021071434020996094,0.155,28.8
3335,0.0023784637451171875,0.153,27.6
3336,0.0006382465362548828,0.153,26.400000000000002
3337,0.002248525619506836,0.153,25.200000000000003
3338,0.0006532669067382812,0.162,24.400000000000002
3339,0.0025908946990966797,0.179,23.6
3340,0.0018761157989501953,0.183,22.8
3341,0.0006165504455566406,0.183,22.0
3342,0.001943826675415039,0.177,21.200000000000003
3343,0.0006151199340820312,0.159,20.8
3344,0.002081155776977539,0.14,20.400000000000002
3345,0.0005974769592285156,0.134,20.0
3346,0.00214385986328125,0.134,19.6
3347,0.002747774124145508,0.134,19.200000000000003
3348,0.0015997886657714844,0.14,19.200000000000003
3349,0.002740144729614258,0.16399999999999998,19.200000000000003
3350,0.0006680488586425781,0.185,19.200000000000003
3351,0.0025157928466796875,0.19,19.200000000000003
3352,0.0006334781646728516,0.19,19.6
3353,0.0027539730072021484,0.185,19.6
3354,0.0006012916564941406,0.177,20.0
3355,0.002257108688354492,0.168,20.0
3356,0.0027451515197753906,0.14400000000000002,20.400000000000002
3357,0.0020613670349121094,0.134,21.200000000000003
3358,0.0021774768829345703,0.134,21.6
3359,0.0019452571868896484,0.134,22.0
3360,0.0016715526580810547,0.14400000000000002,22.8
3361,0.002006053924560547,0.18100000000000002,23.6
3362,0.002390146255493164,0.22,24.400000000000002
3363,0.0022292137145996094,0.22399999999999998,25.200000000000003
3364,0.0022292137145996094,0.226,25.200000000000003
3365,0.002173185348510742,0.218,26.0
3366,0.0019309520721435547,0.19399999999999998,26.8
3367,0.0020852088928222656,0.16399999999999998,27.6
3368,0.001680612564086914,0.157,28.400000000000002
3369,0.001911163330078125,0.157,29.200000000000003
3370,0.0006890296936035156,0.157,30.0
3371,0.0025970935821533203,0.159,31.200000000000003
3372,0.002271890640258789,0.18100000000000002,32.0
3373,0.0025970935821533203,0.21600000000000003,33.2
3374,0.00228118896484375,0.228,34.4
3375,0.002226114273071289,0.228,35.6
3376,0.001417398452758789,0.222,36.4
3377,0.0007300376892089844,0.192,37.6
3378,0.002185821533203125,0.153,38.400000000000006
3379,0.0006918907165527344,0.134,39.2
3380,0.0020182132720947266,0.131,40.400000000000006
3381,0.0005860328674316406,0.131,41.2
3382,0.001992940902709961,0.131,42.400000000000006
3383,0.00058746337890625,0.151,43.2
3384,0.002103090286254883,0.183,44.400000000000006
3385,0.0006358623504638672,0.188,44.800000000000004
3386,0.0019881725311279297,0.188,45.6
3387,0.002293109893798828,0.175,46.0
3388,0.0005750656127929688,0.153,46.400000000000006
3389,0.0026960372924804688,0.125,46.400000000000006
3390,0.0006339550018310547,0.114,46.800000000000004
3391,0.002514362335205078,0.114,46.800000000000004
3392,0.0005960464477539062,0.114,46.400000000000006
3393,0.0024552345275878906,0.12300000000000001,46.400000000000006
3394,0.0006201267242431641,0.142,46.0
3395,0.0024309158325195312,0.168,45.6
3396,0.0006260871887207031,0.175,44.800000000000004
3397,0.002367734909057617,0.175,44.0
3398,0.0021789073944091797,0.175,43.2
3399,0.0025048255920410156,0.162,42.0
3400,0.0006349086761474609,0.14400000000000002,40.800000000000004
3401,0.002222776412963867,0.127,39.6
3402,0.0013244152069091797,0.127,38.400000000000006
3403,0.0006437301635742188,0.127,36.800000000000004
3404,0.0018842220306396484,0.127,35.6
3405,0.0026221275329589844,0.153,34.0
3406,0.00151824951171875,0.18100000000000002,32.4
3407,0.0006728172302246094,0.188,30.8
3408,0.0023293495178222656,0.188,29.200000000000003
3409,0.0020797252655029297,0.18100000000000002,27.6
3410,0.0006127357482910156,0.159,26.0
3411,0.002932310104370117,0.136,24.400000000000002
3412,0.0006330013275146484,0.11199999999999999,22.8
3413,0.002225160598754883,0.11199999999999999,21.200000000000003
3414,0.0005931854248046875,0.11199999999999999,19.6
3415,0.002460479736328125,0.11199999999999999,18.400000000000002
3416,0.0020003318786621094,0.129,17.2
3417,0.0024864673614501953,0.142,16.0
3418,0.002010822296142578,0.149,14.8
3419,0.0021109580993652344,0.149,13.600000000000001
3420,0.0024902820587158203,0.14400000000000002,12.8
3421,0.0020020008087158203,0.125,11.600000000000001
3422,0.0007495880126953125,0.11,10.8
3423,0.0022439956665039062,0.11,10.0
3424,0.002000570297241211,0.11,9.200000000000001
3425,0.0007052421569824219,0.11,8.8
3426,0.0018892288208007812,0.121,8.4
3427,0.0018453598022460938,0.134,8.0
3428,0.002114534378051758,0.136,7.6000000000000005
3429,0.0006501674652099609,0.136,7.6000000000000005
3430,0.002056598663330078,0.136,7.2
3431,0.0006375312805175781,0.136,7.2
3432,0.002021312713623047,0.136,7.6000000000000005
3433,0.0005788803100585938,0.136,7.6000000000000005
3434,0.0021719932556152344,0.136,8.0
3435,0.0005936622619628906,0.136,8.4
3436,0.00312042236328125,0.153,8.8
3437,0.0006062984466552734,0.17,9.600000000000001
3438,0.0026824474334716797,0.175,10.4
3439,0.002354860305786133,0.175,11.200000000000001
3440,0.0016493797302246094,0.175,12.0
3441,0.0021593570709228516,0.153,12.8
3442,0.002574920654296875,0.134,14.0
3443,0.0006403923034667969,0.134,15.200000000000001
3444,0.002202749252319336,0.134,16.400000000000002
3445,0.0005965232849121094,0.138,18.0
3446,0.0022432804107666016,0.149,19.6
3447,0.001980304718017578,0.157,20.8
3448,0.001940011978149414,0.157,22.400000000000002
3449,0.0022797584533691406,0.157,24.0
3450,0.0029020309448242188,0.157,25.6
3451,0.0006208419799804688,0.149,27.200000000000003
3452,0.0023217201232910156,0.129,28.8
3453,0.002167940139770508,0.127,30.400000000000002
3454,0.002167940139770508,0.127,31.6
3455,0.0017316341400146484,0.127,33.2
3456,0.0006356239318847656,0.153,34.4
3457,0.002396821975708008,0.179,36.0
3458,0.0006444454193115234,0.196,37.2
3459,0.002527952194213867,0.196,38.0
3460,0.0018165111541748047,0.192,39.2
3461,0.0006284713745117188,0.18100000000000002,40.800000000000004
3462,0.0021164417266845703,0.16399999999999998,41.6
3463,0.0006108283996582031,0.153,42.0
3464,0.002109527587890625,0.151,42.800000000000004
3465,0.001981973648071289,0.151,43.2
3466,0.00058746337890625,0.168,44.0
3467,0.0022153854370117188,0.185,44.400000000000006
3468,0.0016636848449707031,0.19399999999999998,44.800000000000004
3469,0.0020449161529541016,0.19399999999999998,44.800000000000004
3470,0.0019989013671875,0.192,45.2
3471,0.0006425380706787109,0.177,45.2
3472,0.0019309520721435547,0.159,45.2
3473,0.0006823539733886719,0.136,45.2
3474,0.0020787715911865234,0.136,44.800000000000004
3475,0.0006096363067626953,0.136,44.800000000000004
3476,0.0019540786743164062,0.157,44.800000000000004
3477,0.0006051063537597656,0.179,44.400000000000006
3478,0.0021820068359375,0.192,44.0
3479,0.0024628639221191406,0.192,43.6
3480,0.001161336898803711,0.192,42.800000000000004
3481,0.0006859302520751953,0.175,42.400000000000006
3482,0.0021619796752929688,0.157,41.6
3483,0.0021555423736572266,0.147,40.800000000000004
3484,0.0006451606750488281,0.14400000000000002,40.0
3485,0.002256155014038086,0.14400000000000002,39.2
3486,0.0006012916564941406,0.166,38.0
3487,0.0026018619537353516,0.183,37.2
3488,0.0005910396575927734,0.188,36.4
3489,0.002359628677368164,0.188,35.2
3490,0.002554655075073242,0.188,34.4
3491,0.0006239414215087891,0.18100000000000002,33.2
3492,0.0020775794982910156,0.177,32.4
3493,0.0006225109100341797,0.17,31.200000000000003
3494,0.0025031566619873047,0.168,30.0
3495,0.0005977153778076172,0.168,29.200000000000003
3496,0.002474069595336914,0.168,28.400000000000002
3497,0.0006039142608642578,0.168,27.6
3498,0.0021424293518066406,0.168,26.8
3499,0.0023348331451416016,0.162,26.0
3500,0.002463817596435547,0.151,25.200000000000003
3501,0.0008282661437988281,0.136,24.8
3502,0.001920461654663086,0.125,24.0
3503,0.001920461654663086,0.121,24.0
3504,0.002149820327758789,0.121,23.6
3505,0.002194643020629883,0.127,23.200000000000003
3506,0.0005919933319091797,0.138,22.8
3507,0.0027327537536621094,0.153,22.400000000000002
3508,0.001750946044921875,0.155,22.0
3509,0.0006201267242431641,0.149,21.6
3510,0.002058267593383789,0.14,21.6
3511,0.0006096363067626953,0.138,21.200000000000003
3512,0.002330780029296875,0.131,21.200000000000003
3513,0.0005905628204345703,0.121,20.8
3514,0.0021314620971679688,0.121,20.8
3515,0.0005929470062255859,0.121,20.400000000000002
3516,0.0019779205322265625,0.121,20.400000000000002
3517,0.0007612705230712891,0.121,20.400000000000002
3518,0.002211332321166992,0.121,20.400000000000002
3519,0.0022330284118652344,0.11900000000000001,20.400000000000002
3520,0.0017821788787841797,0.11199999999999999,20.400000000000002
3521,0.0007226467132568359,0.099,20.0
3522,0.0021157264709472656,0.09699999999999999,20.0
3523,0.0007734298706054688,0.095,20.0
3524,0.002490997314453125,0.099,20.0
3525,0.0007359981536865234,0.10300000000000001,20.0
3526,0.0022368431091308594,0.11199999999999999,20.0
3527,0.0007002353668212891,0.114,20.0
3528,0.002444744110107422,0.11599999999999999,19.6
3529,0.0006635189056396484,0.11599999999999999,19.6
3530,0.0019922256469726562,0.11199999999999999,19.200000000000003
3531,0.0006420612335205078,0.10800000000000001,19.200000000000003
3532,0.0019767284393310547,0.10800000000000001,18.8
3533,0.0021326541900634766,0.10800000000000001,18.8
3534,0.0006101131439208984,0.10800000000000001,18.400000000000002
3535,0.002508401870727539,0.10800000000000001,18.0
3536,0.0025932788848876953,0.11,18.0
3537,0.0007078647613525391,0.11199999999999999,17.6
3538,0.002344846725463867,0.11,17.6
3539,0.003027200698852539,0.10800000000000001,17.2
3540,0.0006542205810546875,0.10800000000000001,17.2
3541,0.002397298812866211,0.10800000000000001,16.8
3542,0.0006465911865234375,0.10800000000000001,16.400000000000002
3543,0.0026030540466308594,0.10800000000000001,16.400000000000002
3544,0.002663850784301758,0.10800000000000001,16.0
3545,0.0006062984466552734,0.10800000000000001,16.0
3546,0.002348184585571289,0.11,15.600000000000001
3547,0.002752065658569336,0.11199999999999999,15.600000000000001
3548,0.001295328140258789,0.14,15.200000000000001
3549,0.0025856494903564453,0.162,15.200000000000001
3550,0.0014023780822753906,0.172,15.200000000000001
3551,0.0006628036499023438,0.175,14.8
3552,0.0021457672119140625,0.175,14.8
3553,0.0006196498870849609,0.175,14.8
3554,0.002444028854370117,0.175,14.8
3555,0.0019741058349609375,0.175,14.8
3556,0.0026297569274902344,0.175,14.8
3557,0.0021605491638183594,0.175,15.200000000000001
3558,0.0022912025451660156,0.175,15.600000000000001
3559,0.0006413459777832031,0.175,16.0
3560,0.0024416446685791016,0.175,16.8
3561,0.0006282329559326172,0.16399999999999998,17.2
3562,0.0021810531616210938,0.149,18.400000000000002
3563,0.002536773681640625,0.125,19.200000000000003
3564,0.0020439624786376953,0.11599999999999999,20.0
3565,0.002758502960205078,0.11599999999999999,21.200000000000003
3566,0.0013401508331298828,0.11599999999999999,22.400000000000002
3567,0.0006372928619384766,0.11599999999999999,23.6
3568,0.0022509098052978516,0.11599999999999999,24.8
3569,0.002064943313598633,0.11599999999999999,26.0
3570,0.0019614696502685547,0.11599999999999999,27.200000000000003
3571,0.0024497509002685547,0.11599999999999999,28.400000000000002
3572,0.0019335746765136719,0.125,29.6
3573,0.002454519271850586,0.14400000000000002,30.400000000000002
3574,0.0027167797088623047,0.175,31.200000000000003
3575,0.0007064342498779297,0.183,32.0
3576,0.0021839141845703125,0.183,32.800000000000004
3577,0.0023488998413085938,0.183,33.6
3578,0.0026946067810058594,0.183,34.0
3579,0.0024259090423583984,0.183,34.4
3580,0.0007064342498779297,0.172,34.800000000000004
3581,0.0027153491973876953,0.155,35.2
3582,0.0006623268127441406,0.136,35.2
3583,0.002164602279663086,0.127,35.6
3584,0.0006163120269775391,0.127,36.0
3585,0.0023496150970458984,0.127,36.0
3586,0.0005764961242675781,0.127,36.4
3587,0.0027136802673339844,0.127,36.4
3588,0.0005860328674316406,0.157,36.4
3589,0.002063751220703125,0.205,36.4
3590,0.0006089210510253906,0.233,36.4
3591,0.002284526824951172,0.235,36.0
3592,0.0005753040313720703,0.233,35.6
3593,0.002683401107788086,0.222,35.2
3594,0.0013606548309326172,0.188,34.800000000000004
3595,0.0005300045013427734,0.155,34.4
3596,0.00040793418884277344,0.147,34.0
3597,0.0005664825439453125,0.147,33.6
3598,0.0014026165008544922,0.147,33.2
3599,0.0011034011840820312,0.157,33.2
3600,0.002275705337524414,0.19399999999999998,33.2
3601,0.002733945846557617,0.21600000000000003,32.800000000000004
3602,0.0013899803161621094,0.21600000000000003,32.800000000000004
3603,0.0026438236236572266,0.21600000000000003,32.4
3604,0.0025186538696289062,0.213,32.4
3605,0.0025725364685058594,0.196,32.0
3606,0.0007727146148681641,0.175,32.0
3607,0.0027413368225097656,0.16399999999999998,32.0
3608,0.0021567344665527344,0.16399999999999998,32.0
3609,0.0026628971099853516,0.166,32.0
3610,0.0024471282958984375,0.19,32.0
3611,0.0022644996643066406,0.2,32.0
3612,0.0017180442810058594,0.205,32.4
3613,0.002306699752807617,0.205,32.4
3614,0.0007238388061523438,0.205,32.4
3615,0.0026733875274658203,0.198,32.800000000000004
3616,0.0015451908111572266,0.198,33.2
3617,0.002770662307739258,0.198,33.2
3618,0.002270221710205078,0.198,33.6
3619,0.001964569091796875,0.203,34.0
3620,0.0022721290588378906,0.21100000000000002,34.4
3621,0.0006952285766601562,0.218,34.800000000000004
3622,0.001871347427368164,0.21600000000000003,35.2
3623,0.0018734931945800781,0.205,36.0
3624,0.0025110244750976562,0.185,36.4
3625,0.0017750263214111328,0.177,37.2
3626,0.0013623237609863281,0.175,38.0
3627,0.002813577651977539,0.175,38.400000000000006
3628,0.001413583755493164,0.175,39.2
3629,0.0007662773132324219,0.18100000000000002,40.0
3630,0.0021202564239501953,0.192,40.800000000000004
3631,0.002033710479736328,0.213,41.6
3632,0.0025675296783447266,0.22,42.400000000000006
3633,0.0024106502532958984,0.22,43.2
3634,0.0006771087646484375,0.218,43.6
3635,0.002620697021484375,0.198,44.400000000000006
3636,0.0006480216979980469,0.172,44.800000000000004
3637,0.002076864242553711,0.166,45.2
3638,0.0006268024444580078,0.166,46.0
3639,0.002576112747192383,0.166,46.400000000000006
3640,0.0006504058837890625,0.185,46.800000000000004
3641,0.002384662628173828,0.228,47.6
3642,0.0006411075592041016,0.239,48.0
3643,0.0023088455200195312,0.239,48.0
3644,0.0005886554718017578,0.22399999999999998,48.400000000000006
3645,0.0025064945220947266,0.213,48.800000000000004
3646,0.0010592937469482422,0.198,48.800000000000004
3647,0.0005922317504882812,0.196,48.800000000000004
3648,0.0019316673278808594,0.196,48.800000000000004
3649,0.0019316673278808594,0.196,48.800000000000004
3650,0.0022652149200439453,0.196,49.2
3651,0.0006659030914306641,0.196,49.2
3652,0.002039194107055664,0.203,49.2
3653,0.0020003318786621094,0.205,49.2
3654,0.001592874526977539,0.205,49.2
3655,0.0006003379821777344,0.198,49.2
3656,0.002147674560546875,0.19,49.2
3657,0.0006110668182373047,0.185,49.2
3658,0.0020570755004882812,0.183,49.2
3659,0.0006062984466552734,0.183,49.2
3660,0.0019600391387939453,0.183,48.800000000000004
3661,0.0020439624786376953,0.183,48.800000000000004
3662,0.000667572021484375,0.183,48.400000000000006
3663,0.002242565155029297,0.179,48.0
3664,0.002627134323120117,0.179,48.0
3665,0.001901388168334961,0.179,47.6
3666,0.0025310516357421875,0.179,46.800000000000004
3667,0.00174713134765625,0.179,46.400000000000006
3668,0.0013580322265625,0.19399999999999998,46.0
3669,0.0006771087646484375,0.207,45.2
3670,0.0021338462829589844,0.209,44.400000000000006
3671,0.0006296634674072266,0.209,44.0
3672,0.0023500919342041016,0.209,43.2
3673,0.0020685195922851562,0.192,42.400000000000006
3674,0.0007295608520507812,0.159,41.6
3675,0.002140522003173828,0.149,40.800000000000004
3676,0.0021343231201171875,0.149,40.0
3677,0.0007376670837402344,0.149,39.2
3678,0.001905679702758789,0.151,38.400000000000006
3679,0.0006220340728759766,0.168,37.6
3680,0.002116680145263672,0.175,36.800000000000004
3681,0.0019652843475341797,0.177,36.0
3682,0.0022623538970947266,0.177,35.2
3683,0.0006239414215087891,0.177,34.0
3684,0.0018668174743652344,0.177,33.2
3685,0.0006148815155029297,0.168,32.4
3686,0.0018455982208251953,0.162,31.200000000000003
3687,0.0006291866302490234,0.162,30.400000000000002
3688,0.0018696784973144531,0.162,29.6
3689,0.0005977153778076172,0.16399999999999998,28.400000000000002
3690,0.0017452239990234375,0.185,27.6
3691,0.0006022453308105469,0.207,26.8
3692,0.0017919540405273438,0.21100000000000002,26.0
3693,0.0006105899810791016,0.21100000000000002,25.200000000000003
3694,0.00208282470703125,0.207,24.8
3695,0.0005621910095214844,0.196,24.0
3696,0.0021398067474365234,0.172,23.200000000000003
3697,0.0006015300750732422,0.155,22.8
3698,0.002008676528930664,0.151,22.400000000000002
3699,0.002038717269897461,0.151,22.400000000000002
3700,0.000640869140625,0.151,22.0
3701,0.0023686885833740234,0.151,22.0
3702,0.0006308555603027344,0.159,22.400000000000002
3703,0.002462625503540039,0.172,22.400000000000002
3704,0.0005857944488525391,0.183,22.400000000000002
3705,0.002346515655517578,0.185,22.8
3706,0.001859426498413086,0.185,23.200000000000003
3707,0.0021469593048095703,0.185,23.200000000000003
3708,0.0006914138793945312,0.185,23.6
3709,0.002639293670654297,0.185,24.0
3710,0.0022954940795898438,0.18100000000000002,24.400000000000002
3711,0.0006189346313476562,0.177,24.8
3712,0.002059459686279297,0.177,25.6
3713,0.0020134449005126953,0.175,26.0
3714,0.000591278076171875,0.175,26.8
3715,0.0024704933166503906,0.18100000000000002,27.200000000000003
3716,0.0005931854248046875,0.203,28.0
3717,0.002197265625,0.209,28.8
3718,0.0006468296051025391,0.209,29.6
3719,0.002942800521850586,0.209,30.400000000000002
3720,0.0006194114685058594,0.209,31.200000000000003
3721,0.002148866653442383,0.209,32.0
3722,0.0006041526794433594,0.209,32.800000000000004
3723,0.0025756359100341797,0.209,34.0
3724,0.0007290840148925781,0.19,34.800000000000004
3725,0.0021479129791259766,0.179,36.0
3726,0.0006325244903564453,0.177,36.800000000000004
3727,0.002848386764526367,0.177,38.0
3728,0.0024127960205078125,0.177,39.2
3729,0.0006437301635742188,0.19399999999999998,40.400000000000006
3730,0.0019347667694091797,0.233,41.6
3731,0.00063323974609375,0.244,42.400000000000006
3732,0.002714872360229492,0.244,43.6
3733,0.002061128616333008,0.24100000000000002,44.400000000000006
3734,0.0005946159362792969,0.213,45.6
3735,0.0021753311157226562,0.18100000000000002,46.400000000000006
3736,0.0005726814270019531,0.172,47.2
3737,0.0021581649780273438,0.172,48.0
3738,0.0007119178771972656,0.172,49.2
3739,0.002566099166870117,0.172,50.0
3740,0.0006213188171386719,0.172,50.800000000000004
3741,0.002622842788696289,0.172,51.6
3742,0.0005717277526855469,0.188,52.400000000000006
3743,0.002596616744995117,0.218,53.2
3744,0.0005822181701660156,0.22399999999999998,53.6
3745,0.002427816390991211,0.228,54.0
3746,0.000629425048828125,0.228,54.400000000000006
3747,0.002279043197631836,0.22,54.400000000000006
3748,0.0007927417755126953,0.196,54.800000000000004
3749,0.002170085906982422,0.175,54.800000000000004
3750,0.0006024837493896484,0.16399999999999998,54.800000000000004
3751,0.00304412841796875,0.162,54.800000000000004
3752,0.0005593299865722656,0.162,54.400000000000006
3753,0.002485990524291992,0.17,54.400000000000006
3754,0.0006170272827148438,0.209,54.400000000000006
3755,0.0022568702697753906,0.218,54.0
3756,0.0015845298767089844,0.22,53.6
3757,0.0005824565887451172,0.22,53.2
3758,0.002140045166015625,0.22,52.400000000000006
3759,0.0006084442138671875,0.209,51.6
3760,0.0019834041595458984,0.2,50.800000000000004
3761,0.0018317699432373047,0.198,50.0
3762,0.0024330615997314453,0.198,49.2
3763,0.002123594284057617,0.248,48.400000000000006
3764,0.0024759769439697266,0.25,47.6
3765,0.0026140213012695312,0.25,46.800000000000004
3766,0.0005838871002197266,0.25,45.6
3767,0.0021276473999023438,0.25,44.800000000000004
3768,0.0015811920166015625,0.25,44.0
3769,0.0005507469177246094,0.22,43.2
3770,0.0019137859344482422,0.21600000000000003,42.400000000000006
3771,0.0018856525421142578,0.21600000000000003,41.6
3772,0.002073049545288086,0.239,41.2
3773,0.0007715225219726562,0.25,40.800000000000004
3774,0.0021686553955078125,0.25,40.400000000000006
3775,0.0007185935974121094,0.25,40.0
3776,0.0022428035736083984,0.25,40.0
3777,0.0024442672729492188,0.25,39.6
3778,0.0008492469787597656,0.25,39.6
3779,0.0022225379943847656,0.25,39.6
3780,0.0019414424896240234,0.25,40.0
3781,0.002449512481689453,0.25,40.0
3782,0.000774383544921875,0.25,40.400000000000006
3783,0.0022203922271728516,0.25,40.800000000000004
3784,0.0006532669067382812,0.25,41.6
3785,0.0021986961364746094,0.25,42.400000000000006
3786,0.0006546974182128906,0.25,43.2
3787,0.002477884292602539,0.25,44.0
3788,0.0006010532379150391,0.25,44.800000000000004
3789,0.0021424293518066406,0.25,46.0
3790,0.0006196498870849609,0.25,47.2
3791,0.0028464794158935547,0.25,48.0
3792,0.0005726814270019531,0.25,49.6
3793,0.0022568702697753906,0.25,50.800000000000004
3794,0.0005540847778320312,0.25,52.0
3795,0.0028922557830810547,0.25,53.6
3796,0.000522613525390625,0.228,54.800000000000004
3797,0.002185821533203125,0.2,56.400000000000006
3798,0.0013439655303955078,0.19399999999999998,57.6
3799,0.002773284912109375,0.19399999999999998,59.2
3800,0.002773284912109375,0.19399999999999998,59.2
3801,0.0009067058563232422,0.19399999999999998,60.400000000000006
3802,0.0020880699157714844,0.19399999999999998,62.0
3803,0.0006976127624511719,0.19399999999999998,63.2
3804,0.0025110244750976562,0.19399999999999998,64.8
3805,0.0006237030029296875,0.19399999999999998,66.0
3806,0.0022912025451660156,0.19399999999999998,67.2
3807,0.0006215572357177734,0.19399999999999998,68.0
3808,0.0023703575134277344,0.19,68.8
3809,0.0005600452423095703,0.19,69.60000000000001
3810,0.002151966094970703,0.19,70.4
3811,0.0022258758544921875,0.19,70.8
3812,0.0006172657012939453,0.19,71.2
3813,0.0020856857299804688,0.188,71.2
3814,0.0016584396362304688,0.188,71.2
3815,0.0020923614501953125,0.188,71.2
3816,0.0005967617034912109,0.19,70.8
3817,0.0029180049896240234,0.203,70.4
3818,0.0006685256958007812,0.235,69.60000000000001
3819,0.00225067138671875,0.25,69.2
3820,0.0006680488586425781,0.25,68.0
3821,0.002306699752807617,0.25,67.2
3822,0.0005986690521240234,0.25,66.0
3823,0.0021698474884033203,0.25,64.8
3824,0.0007910728454589844,0.25,63.6
3825,0.002139568328857422,0.25,62.0
3826,0.0005996227264404297,0.25,60.800000000000004
3827,0.0028045177459716797,0.25,59.6
3828,0.0019674301147460938,0.25,58.400000000000006
3829,0.002023935317993164,0.25,56.800000000000004
3830,0.0026960372924804688,0.25,55.6
3831,0.0006954669952392578,0.25,54.400000000000006
3832,0.0023298263549804688,0.25,53.2
3833,0.0006628036499023438,0.25,52.400000000000006
3834,0.002006053924560547,0.25,51.2
3835,0.000583648681640625,0.25,50.400000000000006
3836,0.0022211074829101562,0.239,49.2
3837,0.0005869865417480469,0.226,48.400000000000006
3838,0.002050161361694336,0.21100000000000002,47.6
3839,0.0006256103515625,0.21100000000000002,47.2
3840,0.0022325515747070312,0.21100000000000002,46.400000000000006
3841,0.0006613731384277344,0.207,46.0
3842,0.002117156982421875,0.198,45.6
3843,0.0006501674652099609,0.188,45.2
3844,0.002093076705932617,0.188,44.800000000000004
3845,0.0005819797515869141,0.188,44.400000000000006
3846,0.002103567123413086,0.183,44.0
3847,0.0005915164947509766,0.177,43.6
3848,0.002348661422729492,0.168,43.2
3849,0.0005946159362792969,0.162,43.2
3850,0.0019965171813964844,0.162,42.800000000000004
3851,0.000583648681640625,0.162,42.400000000000006
3852,0.0022521018981933594,0.157,42.0
3853,0.0006146430969238281,0.153,41.6
3854,0.00250244140625,0.153,40.800000000000004
3855,0.0005717277526855469,0.153,40.400000000000006
3856,0.0019996166229248047,0.153,39.6
3857,0.0021483898162841797,0.153,38.800000000000004
3858,0.0016789436340332031,0.153,38.0
3859,0.0006430149078369141,0.153,37.2
3860,0.0021581649780273438,0.153,36.4
3861,0.0006051063537597656,0.153,35.2
3862,0.002457141876220703,0.168,34.4
3863,0.002864360809326172,0.207,33.2
3864,0.0022325515747070312,0.25,32.0
3865,0.0026388168334960938,0.25,30.8
3866,0.0021812915802001953,0.25,29.6
3867,0.002675771713256836,0.25,28.400000000000002
3868,0.0005993843078613281,0.22,27.200000000000003
3869,0.002693653106689453,0.19,26.400000000000002
3870,0.0005919933319091797,0.177,25.200000000000003
3871,0.0020389556884765625,0.172,24.400000000000002
3872,0.0016736984252929688,0.172,24.0
3873,0.0005712509155273438,0.172,23.200000000000003
3874,0.0020647048950195312,0.172,23.200000000000003
3875,0.0006988048553466797,0.168,22.8
3876,0.0017094612121582031,0.166,22.8
3877,0.0005729198455810547,0.159,22.8
3878,0.002277374267578125,0.149,22.8
3879,0.0023691654205322266,0.136,22.8
3880,0.0006425380706787109,0.127,23.200000000000003
3881,0.0022628307342529297,0.125,23.200000000000003
3882,0.002406597137451172,0.12300000000000001,23.6
3883,0.000637054443359375,0.12300000000000001,24.0
3884,0.0025892257690429688,0.121,24.400000000000002
3885,0.002689838409423828,0.11900000000000001,24.8
3886,0.001668691635131836,0.11900000000000001,24.8
3887,0.002460956573486328,0.11900000000000001,25.200000000000003
3888,0.0024132728576660156,0.129,25.6
3889,0.0006453990936279297,0.153,25.6
3890,0.0021555423736572266,0.166,25.6
3891,0.0005846023559570312,0.166,25.6
3892,0.002117633819580078,0.151,26.0
3893,0.0005559921264648438,0.127,25.6
3894,0.0019979476928710938,0.11900000000000001,25.6
3895,0.0005865097045898438,0.11900000000000001,25.6
3896,0.002190828323364258,0.11900000000000001,25.6
3897,0.0005707740783691406,0.134,25.200000000000003
3898,0.002061605453491211,0.149,25.200000000000003
3899,0.0006296634674072266,0.153,25.200000000000003
3900,0.002227783203125,0.153,24.8
3901,0.0006289482116699219,0.153,24.8
3902,0.002115488052368164,0.147,24.400000000000002
3903,0.0005767345428466797,0.131,24.0
3904,0.0022118091583251953,0.125,23.6
3905,0.0005540847778320312,0.125,23.6
3906,0.0020873546600341797,0.125,23.200000000000003
3907,0.0005640983581542969,0.127,22.8
3908,0.0022466182708740234,0.136,22.400000000000002
3909,0.0005712509155273438,0.136,22.400000000000002
3910,0.0019936561584472656,0.136,22.0
3911,0.0021152496337890625,0.12300000000000001,21.6
3912,0.0005693435668945312,0.11599999999999999,21.200000000000003
3913,0.0023386478424072266,0.11599999999999999,20.8
3914,0.0006184577941894531,0.12300000000000001,20.8
3915,0.0024559497833251953,0.142,20.400000000000002
3916,0.0005786418914794922,0.192,20.0
3917,0.002388477325439453,0.198,19.6
3918,0.0005855560302734375,0.198,19.200000000000003
3919,0.0025849342346191406,0.198,18.8
3920,0.0005986690521240234,0.185,18.400000000000002
3921,0.0023856163024902344,0.17,18.0
3922,0.0005900859832763672,0.16399999999999998,18.0
3923,0.0023326873779296875,0.162,17.6
3924,0.0006444454193115234,0.157,17.6
3925,0.0025522708892822266,0.153,18.0
3926,0.002334117889404297,0.153,18.0
3927,0.002815723419189453,0.153,18.400000000000002
3928,0.0007619857788085938,0.153,18.8
3929,0.002165555953979492,0.153,19.200000000000003
3930,0.002371549606323242,0.153,19.6
3931,0.0019555091857910156,0.153,20.0
3932,0.0017468929290771484,0.153,20.8
3933,0.0020287036895751953,0.14,21.200000000000003
3934,0.0023217201232910156,0.136,22.0
3935,0.0008611679077148438,0.136,22.8
3936,0.0019876956939697266,0.136,23.200000000000003
3937,0.0019876956939697266,0.155,23.200000000000003
3938,0.0025320053100585938,0.188,24.0
3939,0.0006480216979980469,0.2,24.8
3940,0.0020377635955810547,0.2,25.6
3941,0.0006232261657714844,0.2,26.0
3942,0.002150297164916992,0.192,26.8
3943,0.0005824565887451172,0.155,27.6
3944,0.0025370121002197266,0.142,28.0
3945,0.0005939006805419922,0.142,28.8
3946,0.002221345901489258,0.142,29.200000000000003
3947,0.0006098747253417969,0.142,30.0
3948,0.0026373863220214844,0.14400000000000002,30.8
3949,0.0005896091461181641,0.149,31.200000000000003
3950,0.0020024776458740234,0.151,32.0
3951,0.0005562305450439453,0.151,32.4
3952,0.002151966094970703,0.151,33.2
3953,0.0006003379821777344,0.149,33.6
3954,0.001963376998901367,0.138,34.0
3955,0.000614166259765625,0.134,34.4
3956,0.0019555091857910156,0.134,34.4
3957,0.0005986690521240234,0.134,34.800000000000004
3958,0.0020029544830322266,0.134,34.800000000000004
3959,0.0005996227264404297,0.166,34.800000000000004
3960,0.0019876956939697266,0.185,34.800000000000004
3961,0.0005772113800048828,0.196,34.800000000000004
3962,0.0019371509552001953,0.196,34.4
3963,0.0006034374237060547,0.192,34.0
3964,0.002138376235961914,0.179,33.6
3965,0.001974821090698242,0.155,33.2
3966,0.0024156570434570312,0.14400000000000002,32.800000000000004
3967,0.0006031990051269531,0.14400000000000002,32.4
3968,0.0021681785583496094,0.14400000000000002,32.0
3969,0.0020110607147216797,0.157,31.6
3970,0.0006101131439208984,0.166,31.200000000000003
3971,0.0026509761810302734,0.166,30.8
3972,0.0016193389892578125,0.168,30.400000000000002
3973,0.002071380615234375,0.168,30.0
3974,0.000659942626953125,0.157,29.200000000000003
3975,0.0022814273834228516,0.14,28.8
3976,0.0017070770263671875,0.14,28.400000000000002
3977,0.0006198883056640625,0.14,28.0
3978,0.0021300315856933594,0.14,27.200000000000003
3979,0.0006358623504638672,0.14,26.8
3980,0.002295970916748047,0.142,26.400000000000002
3981,0.0005884170532226562,0.14400000000000002,26.0
3982,0.002076864242553711,0.14400000000000002,25.200000000000003
3983,0.0005822181701660156,0.142,24.8
3984,0.0021698474884033203,0.14,24.400000000000002
3985,0.002124309539794922,0.125,23.6
3986,0.0006062984466552734,0.10300000000000001,23.200000000000003
3987,0.0026662349700927734,0.084,22.8
3988,0.0019135475158691406,0.084,22.0
3989,0.0005769729614257812,0.084,21.6
3990,0.002712726593017578,0.095,21.200000000000003
3991,0.0005884170532226562,0.10099999999999999,20.400000000000002
3992,0.0022292137145996094,0.10300000000000001,20.0
3993,0.0006232261657714844,0.10300000000000001,19.200000000000003
3994,0.0021893978118896484,0.10300000000000001,18.8
3995,0.0005736351013183594,0.09699999999999999,18.0
3996,0.0018930435180664062,0.09699999999999999,17.2
3997,0.0005648136138916016,0.09699999999999999,16.400000000000002
3998,0.00051116943359375,0.09699999999999999,15.600000000000001
3999,0.0005962848663330078,0.09699999999999999,15.200000000000001
4000,0.0005371570587158203,0.09699999999999999,14.4
4001,0.002167224884033203,0.09699999999999999,13.600000000000001
4002,0.0006194114685058594,0.09699999999999999,12.8
4003,0.001795053482055664,0.09699999999999999,12.0
4004,0.0006353855133056641,0.09699999999999999,11.200000000000001
4005,0.0005152225494384766,0.09699999999999999,10.4
4006,0.002241373062133789,0.10099999999999999,9.600000000000001
4007,0.0005559921264648438,0.10099999999999999,9.200000000000001
4008,0.0021026134490966797,0.11,8.4
4009,0.0005645751953125,0.11199999999999999,8.0
4010,0.002309560775756836,0.11199999999999999,7.2
4011,0.0005462169647216797,0.11199999999999999,6.800000000000001
4012,0.002724170684814453,0.11199999999999999,6.4
4013,0.0005502700805664062,0.11199999999999999,6.0
4014,0.0018172264099121094,0.11199999999999999,5.6000000000000005
4015,0.0006194114685058594,0.11199999999999999,5.6000000000000005
4016,0.002048015594482422,0.127,5.6000000000000005
4017,0.002145528793334961,0.147,5.2
4018,0.0019123554229736328,0.159,5.6000000000000005
4019,0.0006353855133056641,0.162,5.6000000000000005
4020,0.0021440982818603516,0.162,5.6000000000000005
4021,0.0005657672882080078,0.162,6.0
4022,0.002286195755004883,0.157,6.4
4023,0.0005824565887451172,0.136,6.800000000000001
4024,0.002148866653442383,0.10800000000000001,7.6000000000000005
4025,0.0006940364837646484,0.09699999999999999,8.4
4026,0.0020494461059570312,0.09300000000000001,9.200000000000001
4027,0.0006809234619140625,0.08800000000000001,10.0
4028,0.0020837783813476562,0.084,11.200000000000001
4029,0.0007522106170654297,0.084,12.4
4030,0.0020308494567871094,0.08199999999999999,13.600000000000001
4031,0.0005815029144287109,0.086,14.8
4032,0.002004384994506836,0.10099999999999999,16.0
4033,0.0022568702697753906,0.106,17.2
4034,0.001667022705078125,0.11199999999999999,18.400000000000002
4035,0.002619504928588867,0.12300000000000001,19.6
4036,0.002361297607421875,0.129,20.8
4037,0.0023190975189208984,0.131,21.6
4038,0.0010955333709716797,0.131,22.400000000000002
4039,0.002475738525390625,0.131,23.200000000000003
4040,0.001598358154296875,0.114,24.0
4041,0.0007917881011962891,0.10099999999999999,24.8
4042,0.0019655227661132812,0.10099999999999999,25.6
4043,0.0007097721099853516,0.10099999999999999,26.400000000000002
4044,0.0019550323486328125,0.10099999999999999,26.8
4045,0.0006382465362548828,0.136,27.200000000000003
4046,0.0026721954345703125,0.177,27.6
4047,0.0006415843963623047,0.18100000000000002,28.0
4048,0.0022416114807128906,0.18100000000000002,28.400000000000002
4049,0.0005977153778076172,0.177,28.400000000000002
4050,0.002221345901489258,0.157,28.8
4051,0.0006048679351806641,0.142,28.8
4052,0.0017185211181640625,0.138,28.8
4053,0.0005886554718017578,0.138,28.8
4054,0.0019392967224121094,0.138,28.8
4055,0.0006113052368164062,0.138,28.8
4056,0.0021178722381591797,0.14400000000000002,28.8
4057,0.0005881786346435547,0.147,28.8
4058,0.0021877288818359375,0.147,28.400000000000002
4059,0.0006084442138671875,0.147,28.400000000000002
4060,0.0019719600677490234,0.142,28.400000000000002
4061,0.0005707740783691406,0.131,28.0
4062,0.0016622543334960938,0.129,28.0
4063,0.0005774497985839844,0.12300000000000001,27.6
4064,0.0016353130340576172,0.11900000000000001,27.6
4065,0.0020210742950439453,0.11900000000000001,27.200000000000003
4066,0.0020759105682373047,0.131,26.8
4067,0.0005755424499511719,0.155,26.400000000000002
4068,0.0025992393493652344,0.17,26.400000000000002
4069,0.0005397796630859375,0.175,25.6
4070,0.0016202926635742188,0.172,25.200000000000003
4071,0.0005905628204345703,0.162,24.8
4072,0.0019185543060302734,0.151,24.400000000000002
4073,0.0024957656860351562,0.14400000000000002,24.0
4074,0.0016336441040039062,0.136,23.200000000000003
4075,0.0006525516510009766,0.136,22.8
4076,0.002237558364868164,0.138,22.400000000000002
4077,0.0006542205810546875,0.155,22.0
4078,0.00228118896484375,0.166,21.6
4079,0.0006489753723144531,0.172,21.6
4080,0.0016226768493652344,0.17,21.200000000000003
4081,0.0006172657012939453,0.162,20.8
4082,0.0019371509552001953,0.151,20.8
4083,0.0025796890258789062,0.134,20.400000000000002
4084,0.0006582736968994141,0.131,20.400000000000002
4085,0.001878976821899414,0.131,20.400000000000002
4086,0.0009658336639404297,0.131,20.400000000000002
4087,0.0009658336639404297,0.138,20.400000000000002
4088,0.0024826526641845703,0.14400000000000002,20.400000000000002
4089,0.0006499290466308594,0.151,20.400000000000002
4090,0.0021827220916748047,0.153,20.400000000000002
4091,0.002171754837036133,0.151,20.400000000000002
4092,0.0005998611450195312,0.14,20.8
4093,0.0023992061614990234,0.138,20.8
4094,0.0007925033569335938,0.136,20.8
4095,0.002574443817138672,0.134,21.200000000000003
4096,0.0005753040313720703,0.134,21.200000000000003
4097,0.0019600391387939453,0.151,21.6
4098,0.0006430149078369141,0.175,22.0
4099,0.0028159618377685547,0.183,22.0
4100,0.0006480216979980469,0.183,22.400000000000002
4101,0.002135753631591797,0.183,22.400000000000002
4102,0.0005788803100585938,0.175,22.8
4103,0.0020563602447509766,0.147,23.200000000000003
4104,0.0006005764007568359,0.11,23.200000000000003
4105,0.0019028186798095703,0.086,23.6
4106,0.0005688667297363281,0.086,24.0
4107,0.0020291805267333984,0.086,24.0
4108,0.0005788803100585938,0.091,24.400000000000002
4109,0.002409219741821289,0.11199999999999999,24.8
4110,0.0005893707275390625,0.142,25.200000000000003
4111,0.0018124580383300781,0.155,25.200000000000003
4112,0.0005497932434082031,0.155,25.200000000000003
4113,0.0025458335876464844,0.153,25.200000000000003
4114,0.0014960765838623047,0.14,25.200000000000003
4115,0.0005590915679931641,0.131,25.200000000000003
4116,0.0016791820526123047,0.129,25.200000000000003
4117,0.0005998611450195312,0.129,24.8
4118,0.0019500255584716797,0.138,24.8
4119,0.0006070137023925781,0.172,24.400000000000002
4120,0.0019407272338867188,0.196,24.400000000000002
4121,0.0015902519226074219,0.2,24.0
4122,0.0016198158264160156,0.2,24.0
4123,0.0005781650543212891,0.2,23.6
4124,0.0021927356719970703,0.183,23.200000000000003
4125,0.0027425289154052734,0.157,23.200000000000003
4126,0.001422882080078125,0.149,23.200000000000003
4127,0.0027778148651123047,0.149,22.8
4128,0.0021843910217285156,0.149,22.8
4129,0.0026683807373046875,0.153,23.200000000000003
4130,0.0007462501525878906,0.155,23.200000000000003
4131,0.002093076705932617,0.157,23.6
4132,0.0006697177886962891,0.157,23.6
4133,0.0018358230590820312,0.157,24.0
4134,0.0013117790222167969,0.157,24.400000000000002
4135,0.0006158351898193359,0.157,24.8
4136,0.0019137859344482422,0.157,24.8
4137,0.002873659133911133,0.155,25.200000000000003
4138,0.0017228126525878906,0.125,25.6
4139,0.002206563949584961,0.106,26.0
4140,0.0025184154510498047,0.09300000000000001,26.400000000000002
4141,0.002081632614135742,0.08800000000000001,26.8
4142,0.0006496906280517578,0.071,27.200000000000003
4143,0.0018310546875,0.052000000000000005,27.6
4144,0.0013811588287353516,0.037000000000000005,28.0
4145,0.0006527900695800781,0.024,28.0
4146,0.0019779205322265625,0.019,28.400000000000002
4147,0.0006754398345947266,0.019,28.400000000000002
4148,0.002374887466430664,0.015,28.400000000000002
4149,0.0005996227264404297,0.015,28.0
4150,0.0019109249114990234,0.015,27.6
4151,0.0025954246520996094,0.015,26.8
4152,0.0006101131439208984,0.015,26.0
4153,0.002612590789794922,0.015,25.200000000000003
4154,0.0020761489868164062,0.015,24.0
4155,0.0005915164947509766,0.015,22.400000000000002
4156,0.002343416213989258,0.015,20.8
4157,0.0021576881408691406,0.015,19.200000000000003
4158,0.002277851104736328,0.015,17.2
4159,0.002449512481689453,0.015,15.200000000000001
4160,0.0006022453308105469,0.015,13.200000000000001
4161,0.0026695728302001953,0.015,10.8
4162,0.0006449222564697266,0.015,8.8
4163,0.002572774887084961,0.015,6.4
4164,0.0006129741668701172,0.015,4.0
4165,0.001817464828491211,0.015,1.6
4166,0.0011568069458007812,0.015,-1.2000000000000002
4167,0.0023200511932373047,0.015,-3.6
4168,0.0022139549255371094,0.015,-6.0
4169,0.001802206039428711,0.015,-8.4
4170,0.0006299018859863281,0.015,-10.4
4171,0.002037525177001953,0.015,-12.8
4172,0.002148151397705078,0.015,-14.8
4173,0.0006778240203857422,0.015,-16.8
4174,0.0019769668579101562,0.015,-18.8
4175,0.002340555191040039,0.015,-20.400000000000002
4176,0.0007512569427490234,0.015,-22.0
4177,0.0025794506072998047,0.015,-23.200000000000003
4178,0.002581357955932617,0.015,-24.400000000000002
4179,0.002386331558227539,0.009000000000000001,-25.200000000000003
4180,0.001359701156616211,0.009000000000000001,-26.0
4181,0.0007390975952148438,0.009000000000000001,-26.8
4182,0.0020525455474853516,0.009000000000000001,-26.8
4183,0.0021076202392578125,0.009000000000000001,-27.200000000000003
4184,0.0018839836120605469,0.009000000000000001,-27.200000000000003
4185,0.0019435882568359375,0.006,-26.8
4186,0.001817941665649414,0.0,-26.400000000000002
4187,0.0020596981048583984,0.0,-25.6
4188,0.000728607177734375,0.0,-24.400000000000002
4189,0.0023958683013916016,0.0,-23.6
4190,0.0006275177001953125,0.0,-22.400000000000002
4191,0.002111196517944336,0.0,-20.8
4192,0.0006136894226074219,0.0,-19.200000000000003
4193,0.0018069744110107422,0.0,-17.2
4194,0.0005502700805664062,0.0,-15.600000000000001
4195,0.002526998519897461,0.0,-13.600000000000001
4196,0.0005922317504882812,0.0,-11.200000000000001
4197,0.002852916717529297,0.0,-9.200000000000001
4198,0.002341747283935547,0.0,-6.800000000000001
4199,0.0006387233734130859,0.0,-4.4
4200,0.00189208984375,0.0,-2.4000000000000004
4201,0.0006895065307617188,0.0,0.0
4202,0.0018787384033203125,0.0,2.4000000000000004
4203,0.0016014575958251953,0.0,4.800000000000001
4204,0.0012221336364746094,0.0,7.2
4205,0.0017604827880859375,0.0,9.200000000000001
4206,0.001848459243774414,0.0,11.600000000000001
4207,0.0006043910980224609,0.0,13.600000000000001
4208,0.0020797252655029297,0.0,15.600000000000001
4209,0.0018727779388427734,0.0,17.2
4210,0.0006470680236816406,0.0,19.200000000000003
4211,0.002355813980102539,0.0,20.400000000000002
4212,0.0006198883056640625,0.0,22.0
4213,0.002092599868774414,0.0,23.200000000000003
4214,0.001180410385131836,0.0,24.0
4215,0.0017528533935546875,0.0,24.8
4216,0.0006029605865478516,0.0,25.6
4217,0.002031564712524414,0.0,26.0
4218,0.0007483959197998047,0.0,26.0
4219,0.0024902820587158203,0.0,26.0
4220,0.0006263256072998047,0.0,26.0
4221,0.0021212100982666016,0.0,25.6
4222,0.0005936622619628906,0.0,24.8
4223,0.0025207996368408203,0.0,24.0
4224,0.0024471282958984375,0.0,23.200000000000003
4225,0.002242565155029297,0.0,22.0
4226,0.0006542205810546875,0.0,20.400000000000002
4227,0.0024805068969726562,0.0,18.8
4228,0.0017116069793701172,0.0,17.2
4229,0.0006847381591796875,0.0,15.600000000000001
4230,0.0027883052825927734,0.0,13.600000000000001
4231,0.0023276805877685547,0.0,11.600000000000001
4232,0.0019183158874511719,0.0,9.600000000000001
4233,0.0017876625061035156,0.0,7.2
4234,0.0014431476593017578,0.0,5.2
4235,0.0015270709991455078,0.0,2.8000000000000003
4236,0.0008096694946289062,0.0,0.4
4237,0.0018684864044189453,0.0,-2.0
4238,0.0023431777954101562,0.0,-4.0
4239,0.0019855499267578125,0.0,-6.4
4240,0.002245187759399414,0.0,-8.4
4241,0.0018537044525146484,0.0,-10.8
4242,0.0024068355560302734,0.0,-12.8
4243,0.0024068355560302734,0.0,-12.8
4244,0.0006361007690429688,0.0,-14.4
4245,0.0018568038940429688,0.0,-16.400000000000002
4246,0.0006275177001953125,0.0,-18.0
4247,0.0025844573974609375,0.0,-19.6
4248,0.0005931854248046875,0.0,-20.8
4249,0.0021147727966308594,0.0,-22.0
4250,0.0005986690521240234,0.0,-23.200000000000003
4251,0.0026667118072509766,0.0,-24.0
4252,0.0005764961242675781,0.0,-24.400000000000002
4253,0.0027458667755126953,0.0,-25.200000000000003
4254,0.0006089210510253906,0.0,-25.200000000000003
4255,0.0025415420532226562,0.0,-25.200000000000003
4256,0.0005822181701660156,0.0,-25.200000000000003
4257,0.0021233558654785156,0.0,-24.8
4258,0.0012769699096679688,0.0,-24.400000000000002
4259,0.0008375644683837891,0.0,-23.6
4260,0.0017278194427490234,0.0,-22.400000000000002
4261,0.0016353130340576172,0.0,-21.6
4262,0.0017521381378173828,0.0,-20.400000000000002
4263,0.0020575523376464844,0.0,-18.8
4264,0.0023627281188964844,0.0,-17.2
4265,0.0017838478088378906,0.0,-15.600000000000001
4266,0.0017440319061279297,0.0,-13.600000000000001
4267,0.0022606849670410156,0.0,-11.600000000000001
4268,0.0006983280181884766,0.0,-9.600000000000001
4269,0.002616405487060547,0.0,-7.6000000000000005
4270,0.0006899833679199219,0.0,-5.6000000000000005
4271,0.0021812915802001953,0.0,-3.2
4272,0.0006299018859863281,0.0,-1.2000000000000002
4273,0.0024178028106689453,0.0,1.2000000000000002
4274,0.0006115436553955078,0.0,3.2
4275,0.0025665760040283203,0.0,5.6000000000000005
4276,0.0022020339965820312,0.0,7.6000000000000005
4277,0.0018393993377685547,0.0,9.600000000000001
4278,0.0006940364837646484,0.0,11.600000000000001
4279,0.0024902820587158203,0.0,13.600000000000001
4280,0.001959085464477539,0.0,15.200000000000001
4281,0.0007536411285400391,0.0,16.8
4282,0.0026497840881347656,0.0,18.400000000000002
4283,0.0024907588958740234,0.0,19.6
4284,0.0006716251373291016,0.0,20.8
4285,0.0021817684173583984,0.0,22.0
4286,0.0013654232025146484,0.0,22.8
4287,0.0015456676483154297,0.0,23.6
4288,0.0006358623504638672,0.0,24.0
4289,0.002488374710083008,0.0,24.400000000000002
4290,0.0014777183532714844,0.0,24.400000000000002
4291,0.0005979537963867188,0.0,24.400000000000002
4292,0.0019021034240722656,0.0,24.0
4293,0.0006043910980224609,0.0,23.6
4294,0.0019369125366210938,0.0,22.8
4295,0.0006015300750732422,0.0,22.0
4296,0.001661062240600586,0.0,20.8
4297,0.0006299018859863281,0.0,19.6
4298,0.0016849040985107422,0.0,18.400000000000002
4299,0.0006725788116455078,0.0,16.8
4300,0.0026993751525878906,0.0,15.200000000000001
4301,0.0006632804870605469,0.0,13.600000000000001
4302,0.0019996166229248047,0.0,11.600000000000001
4303,0.002211332321166992,0.0,10.0
4304,0.0013027191162109375,0.0,8.0
4305,0.0006129741668701172,0.0,5.6000000000000005
4306,0.0016984939575195312,0.0,3.6
4307,0.0005705356597900391,0.0,1.6
4308,0.0019502639770507812,0.0,-0.8
4309,0.0006330013275146484,0.0,-2.8000000000000003
4310,0.0019745826721191406,0.0,-4.800000000000001
4311,0.000576019287109375,0.0,-6.800000000000001
4312,0.00160980224609375,0.0,-8.8
4313,0.001565694808959961,0.0,-10.8
4314,0.001355886459350586,0.0,-12.8
4315,0.0005867481231689453,0.0,-14.4
4316,0.0016345977783203125,0.0,-16.0
4317,0.0016078948974609375,0.0,-17.6
4318,0.00107574462890625,0.0,-18.8
4319,0.0005879402160644531,0.0,-20.0
4320,0.002007007598876953,0.0,-21.200000000000003
4321,0.003554105758666992,0.0,-22.0
4322,0.00079345703125,0.0,-22.8
4323,0.0018367767333984375,0.0,-23.200000000000003
4324,0.0006556510925292969,0.0,-23.6
4325,0.0018124580383300781,0.0,-23.6
4326,0.0006506443023681641,0.0,-23.6
4327,0.0019378662109375,0.0,-23.200000000000003
4328,0.0022237300872802734,0.0,-22.8
4329,0.0022630691528320312,0.0,-22.400000000000002
4330,0.002610921859741211,0.0,-21.6
4331,0.0007038116455078125,0.0,-20.400000000000002
4332,0.001962423324584961,0.0,-19.6
4333,0.001982450485229492,0.0,-18.400000000000002
4334,0.0006647109985351562,0.0,-16.8
4335,0.0027730464935302734,0.0,-15.200000000000001
4336,0.0015177726745605469,0.0,-13.600000000000001
4337,0.0017547607421875,0.0,-12.0
4338,0.0007169246673583984,0.0,-10.0
4339,0.002930164337158203,0.0,-8.0
4340,0.001828908920288086,0.0,-6.0
4341,0.002499103546142578,0.0,-4.0
4342,0.002016782760620117,0.0,-2.0
4343,0.0018622875213623047,0.0,0.0
4344,0.001917123794555664,0.0,2.0
4345,0.0018749237060546875,0.0,4.0
4346,0.0015230178833007812,0.0,6.0
4347,0.0006308555603027344,0.0,8.0
4348,0.0018239021301269531,0.0,10.0
4349,0.0006041526794433594,0.0,11.600000000000001
4350,0.0020051002502441406,0.0,13.600000000000001
4351,0.0005946159362792969,0.0,15.200000000000001
4352,0.0019299983978271484,0.0,16.400000000000002
4353,0.0005729198455810547,0.0,18.0
4354,0.001886129379272461,0.0,19.200000000000003
4355,0.0006144046783447266,0.0,20.0
4356,0.001798391342163086,0.0,20.8
4357,0.0017652511596679688,0.0,21.6
4358,0.0025577545166015625,0.0,22.0
4359,0.0022385120391845703,0.0,22.400000000000002
4360,0.0017616748809814453,0.0,22.8
4361,0.001901388168334961,0.0,22.8
4362,0.001527547836303711,0.0,22.400000000000002
4363,0.0005929470062255859,0.0,22.0
4364,0.0020852088928222656,0.0,21.6
4365,0.0005903244018554688,0.0,20.8
4366,0.001833200454711914,0.0,20.0
4367,0.0018734931945800781,0.0,18.8
4368,0.0017833709716796875,0.0,17.6
4369,0.0019030570983886719,0.0,16.400000000000002
4370,0.0005993843078613281,0.0,14.8
4371,0.002715587615966797,0.0,13.600000000000001
4372,0.0020766258239746094,0.0,11.600000000000001
4373,0.002210378646850586,0.0,10.0
4374,0.0017173290252685547,0.0,8.0
4375,0.002080202102661133,0.0,6.4
4376,0.0007102489471435547,0.0,4.4
4377,0.0024361610412597656,0.0,2.4000000000000004
4378,0.001537322998046875,0.0,0.4
4379,0.001764535903930664,0.0,-1.6
4380,0.0019998550415039062,0.0,-3.6
4381,0.002095460891723633,0.0,-5.6000000000000005
4382,0.001771688461303711,0.0,-7.6000000000000005
4383,0.0016429424285888672,0.0,-9.200000000000001
4384,0.0013892650604248047,0.0,-11.200000000000001
4385,0.0013892650604248047,0.0,-11.200000000000001
4386,0.0016040802001953125,0.0,-12.8
4387,0.0006487369537353516,0.0,-14.4
4388,0.001983642578125,0.0,-16.0
4389,0.0006048679351806641,0.0,-17.2
4390,0.0022110939025878906,0.0,-18.400000000000002
4391,0.002118349075317383,0.0,-19.200000000000003
4392,0.0018410682678222656,0.0,-20.400000000000002
4393,0.001973867416381836,0.0,-20.8
4394,0.0006551742553710938,0.0,-21.6
4395,0.002027273178100586,0.0,-22.0
4396,0.0017313957214355469,0.0,-22.0
4397,0.0025420188903808594,0.0,-22.0
4398,0.001832723617553711,0.0,-22.0
4399,0.0006616115570068359,0.0,-21.6
4400,0.0020384788513183594,0.0,-21.200000000000003
4401,0.0005905628204345703,0.0,-20.400000000000002
4402,0.0019373893737792969,0.0,-19.6
4403,0.0006268024444580078,0.004,-18.400000000000002
4404,0.0020906925201416016,0.011000000000000001,-17.6
4405,0.0005924701690673828,0.013000000000000001,-16.0
4406,0.0019364356994628906,0.017,-14.8
4407,0.0018639564514160156,0.019,-13.200000000000001
4408,0.0018570423126220703,0.019,-11.600000000000001
4409,0.0021581649780273438,0.019,-10.0
4410,0.0005691051483154297,0.019,-8.4
4411,0.00189208984375,0.019,-6.4
4412,0.0006911754608154297,0.019,-4.4
4413,0.0017251968383789062,0.019,-2.8000000000000003
4414,0.0005877017974853516,0.019,-0.8
4415,0.0011546611785888672,0.019,1.2000000000000002
4416,0.0005662441253662109,0.024,3.2
4417,0.0014815330505371094,0.03,5.2
4418,0.0012691020965576172,0.043,6.800000000000001
4419,0.002378225326538086,0.045,8.8
4420,0.0005936622619628906,0.045,10.4
4421,0.002094268798828125,0.045,12.0
4422,0.0019528865814208984,0.045,13.600000000000001
4423,0.000579833984375,0.045,14.8
4424,0.0022115707397460938,0.05,16.400000000000002
4425,0.0006074905395507812,0.055999999999999994,17.2
4426,0.0020368099212646484,0.065,18.400000000000002
4427,0.002028942108154297,0.067,19.200000000000003
4428,0.0014684200286865234,0.071,20.0
4429,0.0018725395202636719,0.075,20.400000000000002
4430,0.002650737762451172,0.078,20.8
4431,0.0020995140075683594,0.084,21.200000000000003
4432,0.0006895065307617188,0.08800000000000001,21.200000000000003
4433,0.002146482467651367,0.095,21.200000000000003
4434,0.0006425380706787109,0.10300000000000001,20.8
4435,0.001875162124633789,0.10800000000000001,20.400000000000002
4436,0.0020394325256347656,0.11,20.0
4437,0.002516508102416992,0.11,19.200000000000003
4438,0.0011448860168457031,0.11,18.0
4439,0.0006237030029296875,0.11,17.2
4440,0.0017151832580566406,0.11,16.0
4441,0.0006263256072998047,0.11,14.8
4442,0.002355337142944336,0.11,13.600000000000001
4443,0.0006361007690429688,0.11,12.4
4444,0.002218008041381836,0.11,11.200000000000001
4445,0.0025267601013183594,0.11,10.4
4446,0.0012085437774658203,0.11,9.200000000000001
4447,0.002471923828125,0.11,8.0
4448,0.00060272216796875,0.11,6.800000000000001
4449,0.002251148223876953,0.11,6.0
4450,0.0018489360809326172,0.11,5.2
4451,0.0005991458892822266,0.11,4.4
4452,0.002087116241455078,0.11,3.6
4453,0.0006654262542724609,0.11,3.2
4454,0.002124786376953125,0.106,2.8000000000000003
4455,0.0020055770874023438,0.106,2.4000000000000004
4456,0.0023441314697265625,0.106,2.0
4457,0.002356290817260742,0.106,2.0
4458,0.002035379409790039,0.106,2.0
4459,0.0006296634674072266,0.10300000000000001,2.0
4460,0.0018665790557861328,0.10300000000000001,2.0
4461,0.0005736351013183594,0.10099999999999999,2.4000000000000004
4462,0.0016322135925292969,0.10099999999999999,2.8000000000000003
4463,0.0005786418914794922,0.10099999999999999,3.2
4464,0.0017549991607666016,0.09699999999999999,4.0
4465,0.0015456676483154297,0.091,4.4
4466,0.0006148815155029297,0.08800000000000001,5.2
4467,0.002661466598510742,0.08800000000000001,6.0
4468,0.0015652179718017578,0.08800000000000001,6.800000000000001
4469,0.00063323974609375,0.08800000000000001,7.6000000000000005
4470,0.0016922950744628906,0.08800000000000001,8.8
4471,0.0005536079406738281,0.08800000000000001,9.600000000000001
4472,0.0016067028045654297,0.09300000000000001,10.8
4473,0.0015687942504882812,0.10099999999999999,11.600000000000001
4474,0.001710653305053711,0.10300000000000001,12.4
4475,0.0007262229919433594,0.10300000000000001,13.600000000000001
4476,0.001623392105102539,0.10300000000000001,14.4
4477,0.0008637905120849609,0.10300000000000001,15.200000000000001
4478,0.001814126968383789,0.10300000000000001,16.400000000000002
4479,0.0006172657012939453,0.10300000000000001,17.2
4480,0.0008020401000976562,0.10300000000000001,18.0
4481,0.0017657279968261719,0.10300000000000001,18.8
4482,0.0005502700805664062,0.10800000000000001,19.6
4483,0.002228260040283203,0.121,20.400000000000002
4484,0.0011873245239257812,0.134,20.8
4485,0.000713348388671875,0.136,21.6
4486,0.0018506050109863281,0.136,22.0
4487,0.0004892349243164062,0.138,22.8
4488,0.0018565654754638672,0.14,23.200000000000003
4489,0.001764535903930664,0.14,23.6
4490,0.002492666244506836,0.14,24.0
4491,0.0006632804870605469,0.14,24.400000000000002
4492,0.002146005630493164,0.14,24.400000000000002
4493,0.0019893646240234375,0.14,24.8
4494,0.0015835762023925781,0.14,25.200000000000003
4495,0.0006325244903564453,0.134,25.6
4496,0.0015437602996826172,0.129,25.6
4497,0.0015859603881835938,0.12300000000000001,26.0
4498,0.0011532306671142578,0.12300000000000001,26.0
4499,0.0007045269012451172,0.11900000000000001,26.400000000000002
4500,0.0021419525146484375,0.11599999999999999,26.400000000000002
4501,0.0005002021789550781,0.114,26.400000000000002
4502,0.0014345645904541016,0.114,26.400000000000002
4503,0.0015900135040283203,0.11199999999999999,26.400000000000002
4504,0.0006930828094482422,0.11199999999999999,26.400000000000002
4505,0.0012478828430175781,0.11199999999999999,26.400000000000002
4506,0.0006709098815917969,0.11199999999999999,26.400000000000002
4507,0.0014150142669677734,0.11199999999999999,26.0
4508,0.002259492874145508,0.11199999999999999,26.0
4509,0.0018303394317626953,0.11199999999999999,25.6
4510,0.0006473064422607422,0.114,25.200000000000003
4511,0.002371072769165039,0.114,24.8
4512,0.0006430149078369141,0.114,24.400000000000002
4513,0.0025985240936279297,0.114,23.6
4514,0.0013990402221679688,0.114,23.200000000000003
4515,0.001969575881958008,0.114,22.400000000000002
4516,0.0006799697875976562,0.114,22.0
4517,0.0025899410247802734,0.114,21.200000000000003
4518,0.0006561279296875,0.114,20.400000000000002
4519,0.0012989044189453125,0.121,19.6
4520,0.0006394386291503906,0.125,19.200000000000003
4521,0.0022742748260498047,0.129,18.400000000000002
4522,0.0006258487701416016,0.131,17.6
4523,0.0018956661224365234,0.131,16.0
4524,0.0016014575958251953,0.131,15.200000000000001
4525,0.0006270408630371094,0.131,14.8
4526,0.002054929733276367,0.131,14.0
4527,0.002054929733276367,0.131,14.0
4528,0.002207517623901367,0.131,13.600000000000001
4529,0.0007405281066894531,0.131,12.8
4530,0.0015761852264404297,0.131,12.4
4531,0.0020096302032470703,0.131,12.0
4532,0.00251007080078125,0.131,11.600000000000001
4533,0.0006537437438964844,0.131,11.600000000000001
4534,0.0019028186798095703,0.131,11.200000000000001
4535,0.0020112991333007812,0.131,11.200000000000001
4536,0.0006139278411865234,0.131,11.200000000000001
4537,0.0022804737091064453,0.131,11.200000000000001
4538,0.0019254684448242188,0.131,11.200000000000001
4539,0.0006768703460693359,0.131,11.600000000000001
4540,0.001979827880859375,0.131,11.600000000000001
4541,0.0025696754455566406,0.131,12.0
4542,0.0022933483123779297,0.131,12.4
4543,0.0006101131439208984,0.127,12.8
4544,0.002198457717895508,0.127,13.200000000000001
4545,0.000576019287109375,0.127,14.0
4546,0.0016841888427734375,0.127,14.4
4547,0.0005612373352050781,0.127,15.200000000000001
4548,0.001642465591430664,0.127,16.0
4549,0.0027093887329101562,0.127,16.8
4550,0.0006515979766845703,0.127,17.2
4551,0.0018568038940429688,0.127,18.0
4552,0.0006165504455566406,0.127,18.8
4553,0.0026416778564453125,0.127,19.6
4554,0.0006127357482910156,0.127,20.400000000000002
4555,0.002586841583251953,0.127,21.200000000000003
4556,0.0014350414276123047,0.127,22.0
4557,0.0005941390991210938,0.127,22.8
4558,0.0018951892852783203,0.127,23.6
4559,0.0020678043365478516,0.127,24.400000000000002
4560,0.0007541179656982422,0.127,25.200000000000003
4561,0.0018494129180908203,0.14,25.6
4562,0.0005991458892822266,0.149,26.400000000000002
4563,0.000518798828125,0.149,26.8
4564,0.00015044212341308594,0.149,27.200000000000003
4565,0.00016689300537109375,0.149,27.6
4566,0.0005478858947753906,0.147,28.0
4567,0.0005214214324951172,0.129,28.400000000000002
4568,0.0004405975341796875,0.121,28.8
4569,0.0005228519439697266,0.114,29.200000000000003
4570,0.0011491775512695312,0.114,29.200000000000003
4571,0.0005419254302978516,0.114,29.6
4572,0.0013461112976074219,0.114,29.6
4573,0.0009310245513916016,0.114,30.0
4574,0.002253293991088867,0.114,30.0
4575,0.0007240772247314453,0.11900000000000001,30.0
4576,0.0022585391998291016,0.11900000000000001,29.6
4577,0.0007574558258056641,0.11900000000000001,29.6
4578,0.0022051334381103516,0.11900000000000001,29.200000000000003
4579,0.0006515979766845703,0.11900000000000001,28.8
4580,0.002261638641357422,0.11599999999999999,28.400000000000002
4581,0.0006651878356933594,0.114,28.0
4582,0.002343893051147461,0.114,27.6
4583,0.0024530887603759766,0.114,26.8
4584,0.0007460117340087891,0.114,26.0
4585,0.002443075180053711,0.114,25.6
4586,0.0024023056030273438,0.125,24.8
4587,0.002251148223876953,0.127,24.0
4588,0.0014390945434570312,0.127,23.200000000000003
4589,0.0024929046630859375,0.127,22.0
4590,0.0006878376007080078,0.125,21.200000000000003
4591,0.002291440963745117,0.12300000000000001,20.400000000000002
4592,0.002285003662109375,0.12300000000000001,19.200000000000003
4593,0.0023651123046875,0.12300000000000001,18.400000000000002
4594,0.0007009506225585938,0.12300000000000001,17.6
4595,0.0025653839111328125,0.12300000000000001,16.400000000000002
4596,0.0009367465972900391,0.12300000000000001,15.600000000000001
4597,0.0005257129669189453,0.12300000000000001,14.8
4598,0.0006046295166015625,0.12300000000000001,14.0
4599,0.0021970272064208984,0.12300000000000001,13.600000000000001
4600,0.0010955333709716797,0.12300000000000001,12.8
4601,0.0011088848114013672,0.121,12.0
4602,0.0022759437561035156,0.11900000000000001,11.600000000000001
4603,0.0007910728454589844,0.11900000000000001,11.200000000000001
4604,0.0019354820251464844,0.11900000000000001,10.8
4605,0.0006818771362304688,0.11900000000000001,10.4
4606,0.001995563507080078,0.11900000000000001,10.0
4607,0.0006029605865478516,0.11900000000000001,10.0
4608,0.002413034439086914,0.11599999999999999,9.600000000000001
4609,0.0006110668182373047,0.11199999999999999,9.600000000000001
4610,0.001981496810913086,0.11199999999999999,9.600000000000001
4611,0.0006074905395507812,0.11199999999999999,9.600000000000001
4612,0.0016813278198242188,0.11199999999999999,10.0
4613,0.0020339488983154297,0.11199999999999999,10.0
4614,0.0006265640258789062,0.11199999999999999,10.4
4615,0.001150369644165039,0.114,10.8
4616,0.0006709098815917969,0.11900000000000001,11.200000000000001
4617,0.0029501914978027344,0.12300000000000001,11.600000000000001
4618,0.0006577968597412109,0.127,12.0
4619,0.002031564712524414,0.127,12.8
4620,0.0005981922149658203,0.127,13.200000000000001
4621,0.0018627643585205078,0.127,14.0
4622,0.0017120838165283203,0.125,14.4
4623,0.0009086132049560547,0.11900000000000001,15.200000000000001
4624,0.0018906593322753906,0.114,16.0
4625,0.0006120204925537109,0.114,16.400000000000002
4626,0.0029306411743164062,0.114,17.2
4627,0.0007283687591552734,0.114,18.0
4628,0.001967191696166992,0.114,18.8
4629,0.0006418228149414062,0.121,19.6
4630,0.002248048782348633,0.134,20.400000000000002
4631,0.0019156932830810547,0.14,20.8
4632,0.0006120204925537109,0.14,21.6
4633,0.002504110336303711,0.14,22.400000000000002
4634,0.0025763511657714844,0.136,22.8
4635,0.0006268024444580078,0.125,23.6
4636,0.0021729469299316406,0.11900000000000001,24.0
4637,0.0006775856018066406,0.11199999999999999,24.400000000000002
4638,0.0017192363739013672,0.11,25.200000000000003
4639,0.002385377883911133,0.11,25.6
4640,0.0006320476531982422,0.11,26.0
4641,0.002603292465209961,0.11,26.400000000000002
4642,0.0014925003051757812,0.121,26.8
4643,0.0006470680236816406,0.14,27.200000000000003
4644,0.0019068717956542969,0.151,27.200000000000003
4645,0.002094268798828125,0.151,27.200000000000003
4646,0.0014183521270751953,0.151,27.6
4647,0.0024771690368652344,0.14400000000000002,27.6
4648,0.0014948844909667969,0.131,27.200000000000003
4649,0.0006031990051269531,0.129,27.200000000000003
4650,0.0019106864929199219,0.129,27.200000000000003
4651,0.002532958984375,0.129,26.8
4652,0.0006320476531982422,0.129,26.8
4653,0.0018215179443359375,0.14,26.400000000000002
4654,0.0006349086761474609,0.147,26.400000000000002
4655,0.0018894672393798828,0.149,26.0
4656,0.0005826950073242188,0.149,25.6
4657,0.0019330978393554688,0.149,25.6
4658,0.0006082057952880859,0.142,25.200000000000003
4659,0.0018432140350341797,0.136,24.8
4660,0.001857757568359375,0.134,24.400000000000002
4661,0.0005769729614257812,0.134,24.0
4662,0.001943349838256836,0.131,23.6
4663,0.0006477832794189453,0.134,23.200000000000003
4664,0.001965045928955078,0.151,22.8
4665,0.0005707740783691406,0.151,22.400000000000002
4666,0.0019245147705078125,0.151,22.0
4667,0.0006067752838134766,0.151,22.0
4668,0.002274036407470703,0.153,21.6
4669,0.002557516098022461,0.147,21.200000000000003
4670,0.0012128353118896484,0.147,20.8
4671,0.0005996227264404297,0.147,20.400000000000002
4672,0.0022077560424804688,0.147,20.400000000000002
4673,0.002164602279663086,0.153,20.0
4674,0.0005769729614257812,0.162,20.0
4675,0.0021066665649414062,0.168,20.0
4676,0.0018162727355957031,0.168,20.0
4677,0.0018162727355957031,0.162,20.0
4678,0.0019218921661376953,0.155,20.0
4679,0.0021266937255859375,0.149,20.0
4680,0.0016884803771972656,0.147,20.0
4681,0.0017230510711669922,0.147,20.0
4682,0.0007936954498291016,0.14400000000000002,20.400000000000002
4683,0.002703428268432617,0.14400000000000002,20.400000000000002
4684,0.0013370513916015625,0.14400000000000002,20.8
4685,0.002666950225830078,0.14400000000000002,21.200000000000003
4686,0.0013866424560546875,0.14400000000000002,21.6
4687,0.0007236003875732422,0.14400000000000002,22.0
4688,0.0022230148315429688,0.138,22.400000000000002
4689,0.0024154186248779297,0.125,22.8
4690,0.0010502338409423828,0.11900000000000001,23.200000000000003
4691,0.0023043155670166016,0.11900000000000001,24.0
4692,0.002662181854248047,0.11900000000000001,24.400000000000002
4693,0.0026242733001708984,0.11599999999999999,24.8
4694,0.001766204833984375,0.121,25.200000000000003
4695,0.002465486526489258,0.125,25.6
4696,0.0015110969543457031,0.125,26.0
4697,0.0024871826171875,0.121,26.0
4698,0.0007026195526123047,0.11900000000000001,26.400000000000002
4699,0.002157449722290039,0.11900000000000001,26.400000000000002
4700,0.0009000301361083984,0.11900000000000001,26.400000000000002
4701,0.0020356178283691406,0.11900000000000001,26.400000000000002
4702,0.002315044403076172,0.11900000000000001,26.400000000000002
4703,0.002151012420654297,0.125,26.400000000000002
4704,0.0006799697875976562,0.125,26.400000000000002
4705,0.0022339820861816406,0.125,26.0
4706,0.0006465911865234375,0.114,26.0
4707,0.002482175827026367,0.11199999999999999,25.6
4708,0.0006062984466552734,0.11,25.200000000000003
4709,0.0025680065155029297,0.11,24.8
4710,0.0018227100372314453,0.11199999999999999,24.400000000000002
4711,0.0006003379821777344,0.11900000000000001,24.0
4712,0.0017654895782470703,0.121,23.6
4713,0.0006129741668701172,0.121,22.8
4714,0.0017333030700683594,0.121,22.400000000000002
4715,0.0006206035614013672,0.121,21.6
4716,0.0019223690032958984,0.11900000000000001,21.200000000000003
4717,0.002360105514526367,0.11900000000000001,20.400000000000002
4718,0.0005846023559570312,0.11900000000000001,19.6
4719,0.0018460750579833984,0.12300000000000001,18.8
4720,0.0017955303192138672,0.125,18.400000000000002
4721,0.002724885940551758,0.125,17.6
4722,0.0014927387237548828,0.12300000000000001,16.8
4723,0.0006852149963378906,0.11,16.400000000000002
4724,0.0020246505737304688,0.10099999999999999,15.600000000000001
4725,0.0006933212280273438,0.10099999999999999,14.8
4726,0.0022852420806884766,0.10099999999999999,14.4
4727,0.002209901809692383,0.10800000000000001,14.0
4728,0.0016651153564453125,0.11900000000000001,13.200000000000001
4729,0.0007710456848144531,0.125,12.8
4730,0.0020804405212402344,0.125,12.4
4731,0.002333402633666992,0.125,12.0
4732,0.0012040138244628906,0.125,11.600000000000001
4733,0.0026133060455322266,0.12300000000000001,11.200000000000001
4734,0.0016622543334960938,0.12300000000000001,10.8
4735,0.001767873764038086,0.12300000000000001,10.4
4736,0.0012748241424560547,0.12300000000000001,10.4
4737,0.000762939453125,0.125,10.4
4738,0.0016472339630126953,0.125,10.4
4739,0.0006890296936035156,0.136,10.4
4740,0.0019352436065673828,0.14,10.4
4741,0.002031564712524414,0.14,10.4
4742,0.0015575885772705078,0.14,10.8
4743,0.0019211769104003906,0.14,10.8
4744,0.002702474594116211,0.14,11.200000000000001
4745,0.002307891845703125,0.14,11.600000000000001
4746,0.0007681846618652344,0.14,12.0
4747,0.0017688274383544922,0.14,12.8
4748,0.0013239383697509766,0.14,13.200000000000001
4749,0.0020825862884521484,0.14,14.0
4750,0.002582550048828125,0.14,14.8
4751,0.0006856918334960938,0.14,15.600000000000001
4752,0.0020737648010253906,0.14,16.400000000000002
4753,0.0015974044799804688,0.147,17.2
4754,0.002350330352783203,0.149,18.400000000000002
4755,0.0006411075592041016,0.149,19.200000000000003
4756,0.0020895004272460938,0.149,20.400000000000002
4757,0.002302885055541992,0.149,21.200000000000003
4758,0.0006692409515380859,0.149,22.0
4759,0.0018227100372314453,0.142,23.200000000000003
4760,0.0006542205810546875,0.129,24.400000000000002
4761,0.002212047576904297,0.125,25.200000000000003
4762,0.000644683837890625,0.125,26.400000000000002
4763,0.0013904571533203125,0.125,27.200000000000003
4764,0.0006084442138671875,0.125,28.0
4765,0.002786874771118164,0.14400000000000002,29.200000000000003
4766,0.0005857944488525391,0.159,30.0
4767,0.0018894672393798828,0.17,30.8
4768,0.0005767345428466797,0.175,31.6
4769,0.0014767646789550781,0.175,32.0
4770,0.0017998218536376953,0.175,32.800000000000004
4771,0.0005807876586914062,0.172,33.2
4772,0.0016663074493408203,0.166,33.6
4773,0.0006392002105712891,0.151,34.0
4774,0.0020334720611572266,0.14400000000000002,34.4
4775,0.0005626678466796875,0.142,34.800000000000004
4776,0.002126455307006836,0.142,34.800000000000004
4777,0.0018763542175292969,0.142,35.2
4778,0.002405405044555664,0.157,35.6
4779,0.0007083415985107422,0.179,35.6
4780,0.0019116401672363281,0.19,35.6
4781,0.0006721019744873047,0.19,35.6
4782,0.0019526481628417969,0.19,35.6
4783,0.0006520748138427734,0.19,35.6
4784,0.0022008419036865234,0.188,35.6
4785,0.0005924701690673828,0.172,35.2
4786,0.0016944408416748047,0.166,35.2
4787,0.002470254898071289,0.16399999999999998,34.800000000000004
4788,0.0006089210510253906,0.16399999999999998,34.4
4789,0.0018992424011230469,0.16399999999999998,34.4
4790,0.0017015933990478516,0.16399999999999998,34.0
4791,0.001844644546508789,0.16399999999999998,34.0
4792,0.0006368160247802734,0.183,33.6
4793,0.0023250579833984375,0.19399999999999998,33.6
4794,0.0013813972473144531,0.196,33.2
4795,0.002272367477416992,0.196,32.800000000000004
4796,0.0010788440704345703,0.196,32.800000000000004
4797,0.002326488494873047,0.183,32.4
4798,0.002009153366088867,0.16399999999999998,32.0
4799,0.0006327629089355469,0.153,32.0
4800,0.0017154216766357422,0.153,31.6
4801,0.002321004867553711,0.153,31.6
4802,0.002004384994506836,0.153,31.200000000000003
4803,0.002263784408569336,0.155,31.200000000000003
4804,0.0006554126739501953,0.166,31.200000000000003
4805,0.0025267601013183594,0.19399999999999998,30.8
4806,0.0006282329559326172,0.196,30.8
4807,0.002515554428100586,0.196,30.400000000000002
4808,0.0006296634674072266,0.192,30.400000000000002
4809,0.0020558834075927734,0.185,30.400000000000002
4810,0.0017185211181640625,0.175,30.0
4811,0.0006227493286132812,0.17,30.0
4812,0.0017094612121582031,0.17,29.6
4813,0.0005931854248046875,0.17,29.6
4814,0.001604318618774414,0.17,29.6
4815,0.0015988349914550781,0.17,29.6
4816,0.0005168914794921875,0.172,29.6
4817,0.0021026134490966797,0.175,30.0
4818,0.0007092952728271484,0.175,30.0
4819,0.002297639846801758,0.175,30.0
4820,0.001299142837524414,0.175,30.0
4821,0.0007598400115966797,0.168,30.400000000000002
4822,0.0020782947540283203,0.162,30.400000000000002
4823,0.0020782947540283203,0.162,30.400000000000002
4824,0.0016663074493408203,0.162,30.400000000000002
4825,0.0006496906280517578,0.162,30.8
4826,0.0016067028045654297,0.159,30.8
4827,0.0025866031646728516,0.166,30.8
4828,0.00091552734375,0.179,31.200000000000003
4829,0.0026967525482177734,0.183,31.200000000000003
4830,0.0008661746978759766,0.183,31.6
4831,0.002294778823852539,0.175,31.6
4832,0.002384662628173828,0.162,31.6
4833,0.0026443004608154297,0.14400000000000002,32.0
4834,0.0023047924041748047,0.131,32.0
4835,0.0024538040161132812,0.131,32.0
4836,0.0015494823455810547,0.131,32.4
4837,0.0018908977508544922,0.131,32.4
4838,0.0014352798461914062,0.14400000000000002,32.4
4839,0.0024673938751220703,0.159,32.4
4840,0.0006930828094482422,0.17,32.4
4841,0.0022573471069335938,0.17,32.4
4842,0.00067901611328125,0.17,32.4
4843,0.002157449722290039,0.17,32.0
4844,0.0006971359252929688,0.155,31.6
4845,0.002720355987548828,0.147,31.6
4846,0.0019087791442871094,0.147,31.200000000000003
4847,0.002386808395385742,0.147,30.8
4848,0.0008251667022705078,0.147,30.400000000000002
4849,0.0013282299041748047,0.149,30.0
4850,0.0005252361297607422,0.17,29.6
4851,0.0016047954559326172,0.175,29.200000000000003
4852,0.0014057159423828125,0.175,28.8
4853,0.0021228790283203125,0.175,28.400000000000002
4854,0.0014395713806152344,0.175,28.0
4855,0.002379179000854492,0.166,27.6
4856,0.0011551380157470703,0.162,27.200000000000003
4857,0.0024785995483398438,0.162,26.8
4858,0.001199483871459961,0.162,26.400000000000002
4859,0.0009136199951171875,0.159,26.0
4860,0.001909494400024414,0.172,25.6
4861,0.0007216930389404297,0.183,25.200000000000003
4862,0.0017199516296386719,0.183,25.200000000000003
4863,0.0013778209686279297,0.183,24.8
4864,0.0006794929504394531,0.183,24.8
4865,0.0025725364685058594,0.166,24.8
4866,0.0006709098815917969,0.151,24.8
4867,0.002530336380004883,0.149,24.400000000000002
4868,0.0006704330444335938,0.149,24.8
4869,0.002776622772216797,0.149,24.8
4870,0.0006372928619384766,0.149,24.8
4871,0.0021321773529052734,0.172,25.200000000000003
4872,0.0024673938751220703,0.19,25.6
4873,0.0006318092346191406,0.19,25.6
4874,0.0019936561584472656,0.19,26.0
4875,0.0006246566772460938,0.183,26.0
4876,0.0019783973693847656,0.175,26.400000000000002
4877,0.002233743667602539,0.155,26.8
4878,0.0017917156219482422,0.153,27.200000000000003
4879,0.00222015380859375,0.153,27.6
4880,0.001779794692993164,0.153,28.0
4881,0.002081155776977539,0.151,28.400000000000002
4882,0.0016169548034667969,0.153,28.8
4883,0.0024814605712890625,0.159,29.6
4884,0.0017659664154052734,0.162,30.0
4885,0.0007848739624023438,0.162,30.400000000000002
4886,0.0019576549530029297,0.162,30.8
4887,0.0007419586181640625,0.155,31.200000000000003
4888,0.002794504165649414,0.14400000000000002,31.6
4889,0.002374410629272461,0.142,32.0
4890,0.002609729766845703,0.142,32.4
4891,0.0023190975189208984,0.142,32.4
4892,0.001435995101928711,0.151,32.800000000000004
4893,0.0020554065704345703,0.17,32.800000000000004
4894,0.0013532638549804688,0.172,33.2
4895,0.0006697177886962891,0.172,33.2
4896,0.002129793167114258,0.172,33.2
4897,0.0006401538848876953,0.168,33.2
4898,0.0023555755615234375,0.16399999999999998,32.800000000000004
4899,0.002273082733154297,0.162,32.800000000000004
4900,0.0006685256958007812,0.162,32.800000000000004
4901,0.0022857189178466797,0.162,32.4
4902,0.0006616115570068359,0.162,32.4
4903,0.0023162364959716797,0.175,32.0
4904,0.0018036365509033203,0.185,32.0
4905,0.002000093460083008,0.19,31.6
4906,0.0017516613006591797,0.19,31.6
4907,0.00222015380859375,0.185,31.200000000000003
4908,0.0017704963684082031,0.17,31.200000000000003
4909,0.0006604194641113281,0.153,30.8
4910,0.0017006397247314453,0.147,30.400000000000002
4911,0.0006093978881835938,0.147,30.400000000000002
4912,0.002012491226196289,0.147,30.400000000000002
4913,0.0005960464477539062,0.147,30.0
4914,0.0023674964904785156,0.162,30.0
4915,0.0005719661712646484,0.177,30.0
4916,0.0019931793212890625,0.185,29.6
4917,0.0019381046295166016,0.188,29.6
4918,0.0006194114685058594,0.188,29.200000000000003
4919,0.002157926559448242,0.183,29.200000000000003
4920,0.0005898475646972656,0.159,28.8
4921,0.0024712085723876953,0.147,28.8
4922,0.0005521774291992188,0.14400000000000002,28.400000000000002
4923,0.0019154548645019531,0.14400000000000002,28.400000000000002
4924,0.0006163120269775391,0.14400000000000002,28.400000000000002
4925,0.00164031982421875,0.147,28.0
4926,0.0014688968658447266,0.175,28.0
4927,0.0007641315460205078,0.179,28.0
4928,0.0022034645080566406,0.179,28.0
4929,0.0007126331329345703,0.179,28.0
4930,0.0020186901092529297,0.175,28.0
4931,0.0027780532836914062,0.155,27.6
4932,0.0014300346374511719,0.14,27.6
4933,0.002457141876220703,0.134,27.6
4934,0.002262592315673828,0.134,27.6
4935,0.002567291259765625,0.134,27.6
4936,0.0006814002990722656,0.14400000000000002,27.6
4937,0.0021505355834960938,0.17,27.6
4938,0.0006444454193115234,0.179,27.6
4939,0.0024900436401367188,0.183,27.6
4940,0.0015420913696289062,0.183,27.6
4941,0.0006818771362304688,0.17,27.6
4942,0.0027561187744140625,0.16399999999999998,27.6
4943,0.002511262893676758,0.162,27.6
4944,0.0010640621185302734,0.159,27.200000000000003
4945,0.0027370452880859375,0.157,27.200000000000003
4946,0.0006554126739501953,0.157,27.6
4947,0.0015256404876708984,0.159,27.6
4948,0.0019762516021728516,0.166,27.6
4949,0.0021157264709472656,0.168,27.6
4950,0.0023369789123535156,0.168,27.6
4951,0.0026655197143554688,0.168,28.0
4952,0.003017902374267578,0.168,28.0
4953,0.0021834373474121094,0.162,28.0
4954,0.0006690025329589844,0.155,28.400000000000002
4955,0.002512693405151367,0.155,28.400000000000002
4956,0.0013380050659179688,0.153,28.400000000000002
4957,0.0006732940673828125,0.151,28.8
4958,0.002153158187866211,0.151,28.8
4959,0.0006148815155029297,0.153,29.200000000000003
4960,0.0024237632751464844,0.155,29.200000000000003
4961,0.0006520748138427734,0.155,29.6
4962,0.002161264419555664,0.155,29.6
4963,0.0005884170532226562,0.155,29.6
4964,0.0015032291412353516,0.149,30.0
4965,0.0015032291412353516,0.14400000000000002,30.0
4966,0.0025746822357177734,0.14,30.0
4967,0.0006399154663085938,0.14,30.0
4968,0.001978635787963867,0.142,30.0
4969,0.002801179885864258,0.151,30.0
4970,0.0005497932434082031,0.166,30.0
4971,0.0025627613067626953,0.172,30.0
4972,0.0018301010131835938,0.172,30.0
4973,0.0006575584411621094,0.172,30.0
4974,0.0021970272064208984,0.17,29.6
4975,0.0006110668182373047,0.166,29.6
4976,0.0020356178283691406,0.162,29.200000000000003
4977,0.0006289482116699219,0.151,29.200000000000003
4978,0.002360820770263672,0.151,28.8
4979,0.0006978511810302734,0.151,28.8
4980,0.002075672149658203,0.151,28.8
4981,0.0005993843078613281,0.153,28.400000000000002
4982,0.001978158950805664,0.172,28.400000000000002
4983,0.0024862289428710938,0.177,28.0
4984,0.0012204647064208984,0.177,28.0
4985,0.0006062984466552734,0.177,27.6
4986,0.002227783203125,0.177,27.6
4987,0.0006201267242431641,0.172,27.200000000000003
4988,0.0023009777069091797,0.157,27.200000000000003
4989,0.0019500255584716797,0.157,26.8
4990,0.0023713111877441406,0.157,26.8
4991,0.0006241798400878906,0.157,26.8
4992,0.002349853515625,0.162,26.8
4993,0.0020294189453125,0.18100000000000002,26.8
4994,0.0006308555603027344,0.188,26.8
4995,0.0026993751525878906,0.188,26.8
4996,0.0007059574127197266,0.188,26.8
4997,0.002233743667602539,0.188,26.8
4998,0.0014770030975341797,0.183,27.200000000000003
4999,0.0006337165832519531,0.18100000000000002,27.200000000000003
5000,0.001733541488647461,0.18100000000000002,27.200000000000003
5001,0.0006527900695800781,0.18100000000000002,27.6
5002,0.0020034313201904297,0.18100000000000002,28.0
5003,0.0006525516510009766,0.188,28.400000000000002
5004,0.001987457275390625,0.198,28.400000000000002
5005,0.0005993843078613281,0.2,28.8
5006,0.002078533172607422,0.198,29.6
5007,0.0029642581939697266,0.19,30.0
5008,0.0005748271942138672,0.18100000000000002,30.400000000000002
5009,0.002136707305908203,0.172,31.200000000000003
5010,0.0005950927734375,0.166,31.6
5011,0.0019078254699707031,0.166,32.4
5012,0.0005857944488525391,0.166,32.800000000000004
5013,0.0018260478973388672,0.166,33.6
5014,0.0005576610565185547,0.166,34.4
5015,0.0024776458740234375,0.157,35.2
5016,0.0005900859832763672,0.153,36.0
5017,0.002336740493774414,0.153,36.4
5018,0.0007774829864501953,0.153,37.2
5019,0.0018122196197509766,0.153,37.6
5020,0.0005958080291748047,0.155,38.0
5021,0.002463102340698242,0.162,38.400000000000006
5022,0.0005846023559570312,0.166,38.800000000000004
5023,0.002031087875366211,0.168,39.2
5024,0.0005686283111572266,0.172,39.6
5025,0.002547740936279297,0.172,39.6
5026,0.0005586147308349609,0.172,39.6
5027,0.0018658638000488281,0.172,39.6
5028,0.0007038116455078125,0.175,39.2
5029,0.0017428398132324219,0.177,39.2
5030,0.0018963813781738281,0.177,38.800000000000004
5031,0.0006690025329589844,0.177,38.800000000000004
5032,0.001659393310546875,0.177,38.400000000000006
5033,0.0020728111267089844,0.177,38.0
5034,0.0006692409515380859,0.177,37.6
5035,0.0018467903137207031,0.177,37.2
5036,0.0010683536529541016,0.179,36.800000000000004
5037,0.0004551410675048828,0.185,36.4
5038,0.0016102790832519531,0.19,35.6
5039,0.0005977153778076172,0.196,35.2
5040,0.0016117095947265625,0.196,34.800000000000004
5041,0.0006344318389892578,0.196,34.0
5042,0.001994609832763672,0.196,33.6
5043,0.002177000045776367,0.196,33.2
5044,0.0019292831420898438,0.196,32.800000000000004
5045,0.0019080638885498047,0.196,32.4
5046,0.0016989707946777344,0.196,32.0
5047,0.0005993843078613281,0.196,31.6
5048,0.0017516613006591797,0.196,31.200000000000003
5049,0.0005996227264404297,0.196,30.8
5050,0.0017409324645996094,0.196,30.8
5051,0.0026383399963378906,0.196,30.8
5052,0.0007359981536865234,0.196,30.8
5053,0.0024526119232177734,0.196,30.8
5054,0.0006632804870605469,0.196,30.8
5055,0.0018908977508544922,0.196,30.8
5056,0.0021686553955078125,0.196,30.8
5057,0.003078460693359375,0.192,31.200000000000003
5058,0.002154827117919922,0.183,31.6
5059,0.002483367919921875,0.172,31.6
5060,0.0007054805755615234,0.166,32.0
5061,0.002847433090209961,0.16399999999999998,32.4
5062,0.0006287097930908203,0.162,33.2
5063,0.0012664794921875,0.162,33.6
5064,0.0005898475646972656,0.162,34.0
5065,0.0027434825897216797,0.159,34.4
5066,0.0006415843963623047,0.155,34.800000000000004
5067,0.002079486846923828,0.153,35.2
5068,0.0005576610565185547,0.153,35.6
5069,0.0018246173858642578,0.153,36.0
5070,0.0005784034729003906,0.149,36.4
5071,0.0017940998077392578,0.149,36.800000000000004
5072,0.0005736351013183594,0.149,36.800000000000004
5073,0.0026254653930664062,0.149,36.800000000000004
5074,0.0006000995635986328,0.149,36.800000000000004
5075,0.002321481704711914,0.149,36.800000000000004
5076,0.0006010532379150391,0.149,36.800000000000004
5077,0.0025169849395751953,0.149,36.800000000000004
5078,0.0006515979766845703,0.162,36.4
5079,0.0021431446075439453,0.172,36.0
5080,0.0006053447723388672,0.175,35.6
5081,0.002868175506591797,0.175,35.2
5082,0.0004572868347167969,0.175,34.800000000000004
5083,0.0027742385864257812,0.175,34.0
5084,0.0005724430084228516,0.175,33.2
5085,0.0018706321716308594,0.175,32.800000000000004
5086,0.0006208419799804688,0.175,32.0
5087,0.0019550323486328125,0.175,31.6
5088,0.0022821426391601562,0.168,30.8
5089,0.002712249755859375,0.166,30.0
5090,0.0014081001281738281,0.157,29.6
5091,0.0024530887603759766,0.155,28.8
5092,0.0005781650543212891,0.14400000000000002,28.400000000000002
5093,0.002773284912109375,0.136,27.6
5094,0.0005724430084228516,0.131,27.200000000000003
5095,0.002506732940673828,0.129,26.8
5096,0.0015685558319091797,0.129,26.400000000000002
5097,0.0006146430969238281,0.129,26.0
5098,0.0018854141235351562,0.129,25.200000000000003
5099,0.0006325244903564453,0.129,24.8
5100,0.0020132064819335938,0.129,24.400000000000002
5101,0.0023832321166992188,0.131,24.0
5102,0.0006046295166015625,0.136,23.6
5103,0.0019016265869140625,0.136,22.8
5104,0.001779794692993164,0.136,22.400000000000002
5105,0.0025162696838378906,0.138,21.6
5106,0.0006339550018310547,0.138,21.200000000000003
5107,0.0027437210083007812,0.138,20.8
5108,0.001417398452758789,0.138,20.0
5109,0.0021371841430664062,0.138,19.6
5110,0.0006449222564697266,0.138,19.200000000000003
5111,0.002516031265258789,0.138,18.400000000000002
5112,0.0006430149078369141,0.138,18.0
5113,0.0025637149810791016,0.138,17.6
5114,0.0005972385406494141,0.134,17.2
5115,0.0026979446411132812,0.12300000000000001,16.8
5116,0.0006287097930908203,0.12300000000000001,16.400000000000002
5117,0.0023984909057617188,0.12300000000000001,16.400000000000002
5118,0.0007803440093994141,0.12300000000000001,16.0
5119,0.002454042434692383,0.12300000000000001,15.600000000000001
5120,0.001672983169555664,0.12300000000000001,15.600000000000001
5121,0.001672983169555664,0.134,15.600000000000001
5122,0.0019779205322265625,0.136,15.600000000000001
5123,0.0008254051208496094,0.162,15.600000000000001
5124,0.0019466876983642578,0.162,15.200000000000001
5125,0.0019233226776123047,0.162,15.200000000000001
5126,0.0006632804870605469,0.162,15.200000000000001
5127,0.002058744430541992,0.162,15.600000000000001
5128,0.0007348060607910156,0.162,15.600000000000001
5129,0.0019965171813964844,0.155,15.600000000000001
5130,0.0006833076477050781,0.149,16.0
5131,0.0021529197692871094,0.14,16.400000000000002
5132,0.0018138885498046875,0.138,16.8
5133,0.0006561279296875,0.138,17.2
5134,0.002215147018432617,0.138,17.6
5135,0.0022156238555908203,0.138,18.400000000000002
5136,0.0023956298828125,0.138,19.200000000000003
5137,0.002546548843383789,0.138,19.6
5138,0.0011200904846191406,0.138,20.400000000000002
5139,0.0006749629974365234,0.138,21.200000000000003
5140,0.0026078224182128906,0.138,22.0
5141,0.0022835731506347656,0.155,22.8
5142,0.0009424686431884766,0.159,23.6
5143,0.0023505687713623047,0.162,24.400000000000002
5144,0.0006208419799804688,0.162,24.8
5145,0.002348661422729492,0.162,25.6
5146,0.0017197132110595703,0.159,26.400000000000002
5147,0.0006299018859863281,0.149,26.8
5148,0.002219676971435547,0.14,27.6
5149,0.002076387405395508,0.131,28.400000000000002
5150,0.002190113067626953,0.127,28.8
5151,0.002254009246826172,0.127,29.6
5152,0.0006020069122314453,0.125,30.0
5153,0.002225637435913086,0.125,30.8
5154,0.0006098747253417969,0.12300000000000001,31.200000000000003
5155,0.002566814422607422,0.11199999999999999,31.6
5156,0.0011181831359863281,0.10300000000000001,32.0
5157,0.0023941993713378906,0.10300000000000001,32.4
5158,0.0023162364959716797,0.10300000000000001,32.4
5159,0.002095460891723633,0.10300000000000001,32.4
5160,0.0017011165618896484,0.10300000000000001,32.4
5161,0.0005879402160644531,0.106,32.4
5162,0.002070903778076172,0.11599999999999999,32.0
5163,0.0005805492401123047,0.12300000000000001,31.6
5164,0.0020329952239990234,0.125,31.200000000000003
5165,0.0006079673767089844,0.125,30.8
5166,0.002993345260620117,0.125,30.0
5167,0.0006129741668701172,0.12300000000000001,29.200000000000003
5168,0.002329111099243164,0.12300000000000001,28.400000000000002
5169,0.0005860328674316406,0.12300000000000001,27.200000000000003
5170,0.0022330284118652344,0.11599999999999999,26.400000000000002
5171,0.0006322860717773438,0.11199999999999999,25.200000000000003
5172,0.0022013187408447266,0.11199999999999999,24.0
5173,0.0005884170532226562,0.11199999999999999,22.8
5174,0.0019817352294921875,0.11199999999999999,21.6
5175,0.0005927085876464844,0.11199999999999999,20.400000000000002
5176,0.0016908645629882812,0.11199999999999999,19.200000000000003
5177,0.0005609989166259766,0.11199999999999999,18.0
5178,0.0020055770874023438,0.10800000000000001,16.8
5179,0.002194643020629883,0.10800000000000001,15.600000000000001
5180,0.0007097721099853516,0.10800000000000001,14.4
5181,0.0018000602722167969,0.10800000000000001,13.200000000000001
5182,0.0012018680572509766,0.10800000000000001,12.0
5183,0.00087738037109375,0.10800000000000001,10.8
5184,0.0019497871398925781,0.10800000000000001,10.0
5185,0.0006153583526611328,0.10800000000000001,8.8
5186,0.0019147396087646484,0.10800000000000001,8.0
5187,0.002524137496948242,0.10800000000000001,7.2
5188,0.00066375732421875,0.10800000000000001,6.4
5189,0.0028526782989501953,0.10800000000000001,5.6000000000000005
5190,0.00061798095703125,0.10800000000000001,4.800000000000001
5191,0.0026018619537353516,0.10800000000000001,4.4
5192,0.0024993419647216797,0.10800000000000001,4.0
5193,0.0029668807983398438,0.10800000000000001,3.6
5194,0.0021855831146240234,0.10800000000000001,3.2
5195,0.0023872852325439453,0.10800000000000001,3.2
5196,0.0006861686706542969,0.10800000000000001,3.2
5197,0.0019130706787109375,0.10800000000000001,3.2
5198,0.0018024444580078125,0.10800000000000001,3.6
5199,0.002263307571411133,0.10800000000000001,3.6
5200,0.0011265277862548828,0.106,4.0
5201,0.0025606155395507812,0.106,4.4
5202,0.0009992122650146484,0.106,5.2
5203,0.0024394989013671875,0.106,5.6000000000000005
5204,0.0019807815551757812,0.106,6.4
5205,0.0006902217864990234,0.10300000000000001,7.2
5206,0.0024635791778564453,0.10300000000000001,8.0
5207,0.002033710479736328,0.10300000000000001,8.8
5208,0.0017442703247070312,0.10300000000000001,9.600000000000001
5209,0.002111196517944336,0.10300000000000001,10.8
5210,0.0006749629974365234,0.099,11.600000000000001
5211,0.0018646717071533203,0.09699999999999999,12.8
5212,0.0013692378997802734,0.09699999999999999,14.0
5213,0.0008268356323242188,0.09699999999999999,14.8
5214,0.0019576549530029297,0.091,16.0
5215,0.0024459362030029297,0.086,16.8
5216,0.0006270408630371094,0.086,18.0
5217,0.0027055740356445312,0.086,18.8
5218,0.0006093978881835938,0.08,20.0
5219,0.002652406692504883,0.071,20.8
5220,0.0005953311920166016,0.069,21.6
5221,0.0024182796478271484,0.063,22.0
5222,0.001847982406616211,0.063,22.8
5223,0.0005843639373779297,0.054000000000000006,23.200000000000003
5224,0.0019943714141845703,0.047,24.0
5225,0.0006120204925537109,0.043,24.0
5226,0.0027909278869628906,0.040999999999999995,24.400000000000002
5227,0.0024869441986083984,0.037000000000000005,24.400000000000002
5228,0.0018203258514404297,0.03,24.400000000000002
5229,0.002379894256591797,0.024,24.400000000000002
5230,0.001361846923828125,0.019,24.0
5231,0.0007164478302001953,0.015,23.6
5232,0.0025403499603271484,0.011000000000000001,22.8
5233,0.0025491714477539062,0.004,22.0
5234,0.0019152164459228516,0.002,21.200000000000003
5235,0.0027396678924560547,0.002,20.0
5236,0.0006947517395019531,0.002,18.8
5237,0.0022852420806884766,0.002,17.6
5238,0.0009186267852783203,0.0,16.0
5239,0.0004413127899169922,0.0,14.4
5240,0.001626729965209961,0.0,12.8
5241,0.0019221305847167969,0.0,10.8
5242,0.0020329952239990234,0.0,8.8
5243,0.002535104751586914,0.0,6.800000000000001
5244,0.0010898113250732422,0.0,4.800000000000001
5245,0.002348661422729492,0.0,2.8000000000000003
5246,0.0017642974853515625,0.0,0.8
5247,0.0022644996643066406,0.0,-1.6
5248,0.0007188320159912109,0.0,-3.6
5249,0.0021305084228515625,0.0,-5.6000000000000005
5250,0.0013206005096435547,0.0,-7.6000000000000005
5251,0.00202178955078125,0.0,-9.600000000000001
5252,0.0019693374633789062,0.0,-11.600000000000001
5253,0.0020978450775146484,0.0,-13.200000000000001
5254,0.0006630420684814453,0.0,-14.8
5255,0.002545595169067383,0.0,-16.400000000000002
5256,0.0006127357482910156,0.0,-18.0
5257,0.0021529197692871094,0.0,-19.200000000000003
5258,0.0012142658233642578,0.0,-20.400000000000002
5259,0.0021440982818603516,0.0,-21.200000000000003
5260,0.0006351470947265625,0.0,-22.0
5261,0.0028514862060546875,0.0,-22.400000000000002
5262,0.0006101131439208984,0.0,-23.200000000000003
5263,0.001399993896484375,0.0,-23.200000000000003
5264,0.000606536865234375,0.0,-23.200000000000003
5265,0.0017442703247070312,0.0,-23.200000000000003
5266,0.0017442703247070312,0.0,-23.200000000000003
5267,0.0018863677978515625,0.0,-22.8
5268,0.0005822181701660156,0.0,-22.400000000000002
5269,0.0024330615997314453,0.0,-21.6
5270,0.002203702926635742,0.0,-20.8
5271,0.0006036758422851562,0.0,-20.0
5272,0.0019452571868896484,0.0,-18.8
5273,0.002644777297973633,0.0,-17.6
5274,0.0006103515625,0.0,-16.0
5275,0.0022678375244140625,0.0,-14.4
5276,0.0005888938903808594,0.0,-12.8
5277,0.0020318031311035156,0.0,-10.8
5278,0.001781463623046875,0.0,-9.200000000000001
5279,0.0006482601165771484,0.0,-7.2
5280,0.0019254684448242188,0.0,-5.2
5281,0.0006384849548339844,0.0,-3.2
5282,0.0019485950469970703,0.0,-1.2000000000000002
5283,0.0006091594696044922,0.0,0.8
5284,0.0021529197692871094,0.0,2.8000000000000003
5285,0.0006399154663085938,0.0,4.800000000000001
5286,0.0019366741180419922,0.0,6.800000000000001
5287,0.002422332763671875,0.0,8.8
5288,0.0005800724029541016,0.0,10.4
5289,0.0018138885498046875,0.0,12.4
5290,0.002337217330932617,0.0,14.0
5291,0.002590179443359375,0.0,15.600000000000001
5292,0.0006704330444335938,0.0,16.8
5293,0.0027151107788085938,0.0,18.0
5294,0.00174713134765625,0.0,19.200000000000003
5295,0.000606536865234375,0.0,20.0
5296,0.0017554759979248047,0.0,20.8
5297,0.0005838871002197266,0.0,21.6
5298,0.001739501953125,0.0,22.0
5299,0.0025475025177001953,0.0,22.400000000000002
5300,0.0013689994812011719,0.0,22.400000000000002
5301,0.0006303787231445312,0.0,22.400000000000002
5302,0.0019268989562988281,0.0,22.0
5303,0.002450227737426758,0.0,21.6
5304,0.0006663799285888672,0.0,20.8
5305,0.0021429061889648438,0.0,20.400000000000002
5306,0.0017702579498291016,0.0,19.200000000000003
5307,0.0006031990051269531,0.0,18.0
5308,0.0017001628875732422,0.0,16.8
5309,0.0005855560302734375,0.0,15.600000000000001
5310,0.001664876937866211,0.0,14.0
5311,0.0005571842193603516,0.0,12.4
5312,0.001978635787963867,0.0,10.8
5313,0.002118825912475586,0.0,9.200000000000001
5314,0.0023016929626464844,0.0,7.2
5315,0.0018553733825683594,0.0,5.2
5316,0.0019979476928710938,0.0,3.2
5317,0.0005939006805419922,0.0,1.2000000000000002
5318,0.0019648075103759766,0.0,-0.4
5319,0.0020875930786132812,0.0,-2.4000000000000004
5320,0.0005526542663574219,0.0,-4.4
5321,0.0025093555450439453,0.0,-6.4
5322,0.0005888938903808594,0.0,-8.4
5323,0.002739429473876953,0.0,-10.0
5324,0.0006165504455566406,0.0,-11.600000000000001
5325,0.0018546581268310547,0.0,-13.200000000000001
5326,0.000583648681640625,0.0,-14.8
5327,0.0015456676483154297,0.0,-16.0
5328,0.0006964206695556641,0.0,-17.6
5329,0.0026259422302246094,0.0,-18.400000000000002
5330,0.0006644725799560547,0.0,-19.6
5331,0.0021026134490966797,0.0,-20.400000000000002
5332,0.0006644725799560547,0.0,-20.8
5333,0.0024585723876953125,0.0,-21.200000000000003
5334,0.0005939006805419922,0.0,-21.6
5335,0.0026531219482421875,0.0,-21.6
5336,0.0005853176116943359,0.0,-21.6
5337,0.0023164749145507812,0.0,-21.6
5338,0.0006198883056640625,0.0,-21.200000000000003
5339,0.0027573108673095703,0.0,-20.400000000000002
5340,0.0005640983581542969,0.0,-19.6
5341,0.002628803253173828,0.0,-18.8
5342,0.0006306171417236328,0.0,-18.0
5343,0.0016567707061767578,0.0,-16.8
5344,0.0010335445404052734,0.0,-15.600000000000001
5345,0.002619504928588867,0.0,-14.0
5346,0.0014805793762207031,0.0,-12.4
5347,0.0006842613220214844,0.0,-10.8
5348,0.002695798873901367,0.0,-9.200000000000001
5349,0.0023424625396728516,0.0,-7.2
5350,0.0006706714630126953,0.0,-5.6000000000000005
5351,0.0024535655975341797,0.0,-3.6
5352,0.002412080764770508,0.0,-1.6
5353,0.0007493495941162109,0.0,0.0
5354,0.0022521018981933594,0.0,2.0
5355,0.0005838871002197266,0.0,4.0
5356,0.002095937728881836,0.0,5.6000000000000005
5357,0.0006093978881835938,0.0,7.6000000000000005
5358,0.0019719600677490234,0.0,9.200000000000001
5359,0.0006301403045654297,0.0,10.8
5360,0.002112150192260742,0.0,12.4
5361,0.002541780471801758,0.0,14.0
5362,0.0018193721771240234,0.0,15.200000000000001
5363,0.0018770694732666016,0.0,16.400000000000002
5364,0.0020782947540283203,0.0,17.6
5365,0.0006527900695800781,0.0,18.400000000000002
5366,0.0017194747924804688,0.0,19.200000000000003
5367,0.0006589889526367188,0.0,20.0
5368,0.002608060836791992,0.0,20.400000000000002
5369,0.002464771270751953,0.0,20.8
5370,0.0006108283996582031,0.0,20.8
5371,0.0019314289093017578,0.0,20.8
5372,0.0024335384368896484,0.0,20.8
5373,0.002203226089477539,0.0,20.400000000000002
5374,0.0013718605041503906,0.0,19.6
5375,0.0007417201995849609,0.0,19.200000000000003
5376,0.0027544498443603516,0.0,18.400000000000002
5377,0.0028650760650634766,0.0,17.2
5378,0.0011591911315917969,0.0,16.400000000000002
5379,0.0026693344116210938,0.0,15.200000000000001
5380,0.002278566360473633,0.0,13.600000000000001
5381,0.002447843551635742,0.0,12.0
5382,0.00069427490234375,0.0,10.8
5383,0.002722501754760742,0.0,8.8
5384,0.0023946762084960938,0.0,7.2
5385,0.0007290840148925781,0.0,5.6000000000000005
5386,0.002188444137573242,0.0,3.6
5387,0.002656221389770508,0.0,2.0
5388,0.0010991096496582031,0.0,0.0
5389,0.002661466598510742,0.0,-2.0
5390,0.0022466182708740234,0.0,-3.6
5391,0.0007126331329345703,0.0,-5.6000000000000005
5392,0.0020227432250976562,0.0,-7.2
5393,0.0027129650115966797,0.0,-8.8
5394,0.0017359256744384766,0.0,-10.4
5395,0.002633810043334961,0.0,-12.0
5396,0.0022721290588378906,0.0,-13.600000000000001
5397,0.0024416446685791016,0.0,-14.8
5398,0.0006690025329589844,0.0,-16.0
5399,0.0023376941680908203,0.0,-16.8
5400,0.0017609596252441406,0.0,-18.0
5401,0.0021905899047851562,0.0,-18.8
5402,0.001783609390258789,0.0,-19.200000000000003
5403,0.001848459243774414,0.0,-20.0
5404,0.0016036033630371094,0.0,-20.0
5405,0.0023818016052246094,0.0,-20.400000000000002
5406,0.0018668174743652344,0.0,-20.400000000000002
5407,0.0022292137145996094,0.0,-20.0
5408,0.001129150390625,0.0,-19.6
5409,0.001129150390625,0.0,-19.6
5410,0.00164031982421875,0.0,-19.200000000000003
5411,0.0006899833679199219,0.0,-18.8
5412,0.0017015933990478516,0.0,-18.0
5413,0.0006968975067138672,0.0,-16.8
5414,0.002574920654296875,0.0,-16.0
5415,0.0006453990936279297,0.0,-14.8
5416,0.002482891082763672,0.0,-13.600000000000001
5417,0.0006113052368164062,0.0,-12.0
5418,0.0025641918182373047,0.0,-10.4
5419,0.0005829334259033203,0.0,-8.8
5420,0.002014636993408203,0.0,-7.2
5421,0.002116680145263672,0.0,-5.6000000000000005
5422,0.0006453990936279297,0.0,-4.0
5423,0.0023505687713623047,0.0,-2.0
5424,0.0006277561187744141,0.0,-0.4
5425,0.0021076202392578125,0.0,1.6
5426,0.001827239990234375,0.0,3.2
5427,0.002190828323364258,0.0,4.800000000000001
5428,0.0009295940399169922,0.0,6.800000000000001
5429,0.0023317337036132812,0.0,8.4
5430,0.0007350444793701172,0.0,10.0
5431,0.0021181106567382812,0.0,11.200000000000001
5432,0.0016303062438964844,0.0,12.8
5433,0.0028944015502929688,0.0,14.0
5434,0.0016503334045410156,0.0,15.200000000000001
5435,0.0024919509887695312,0.0,16.0
5436,0.0020995140075683594,0.0,17.2
5437,0.0018308162689208984,0.0,18.0
5438,0.0007193088531494141,0.0,18.400000000000002
5439,0.002688884735107422,0.0,18.8
5440,0.001068115234375,0.0,19.200000000000003
5441,0.0006568431854248047,0.0,19.6
5442,0.002080678939819336,0.0,19.6
5443,0.0006930828094482422,0.0,19.200000000000003
5444,0.0020444393157958984,0.0,19.200000000000003
5445,0.0024018287658691406,0.0,18.8
5446,0.0018732547760009766,0.0,18.0
5447,0.0022575855255126953,0.0,17.2
5448,0.0006983280181884766,0.0,16.400000000000002
5449,0.0024764537811279297,0.0,15.600000000000001
5450,0.0018854141235351562,0.0,14.4
5451,0.0022237300872802734,0.0,13.200000000000001
5452,0.0021867752075195312,0.0,11.600000000000001
5453,0.0007107257843017578,0.0,10.4
5454,0.002035856246948242,0.0,8.8
5455,0.0026967525482177734,0.0,7.2
5456,0.0027914047241210938,0.0,5.6000000000000005
5457,0.0019311904907226562,0.0,4.0
5458,0.0016663074493408203,0.0,2.0
5459,0.0006651878356933594,0.0,0.4
5460,0.002335786819458008,0.0,-1.2000000000000002
5461,0.0012924671173095703,0.0,-3.2
5462,0.001653432846069336,0.0,-4.800000000000001
5463,0.0019121170043945312,0.0,-6.4
5464,0.001844644546508789,0.0,-8.0
5465,0.0006184577941894531,0.0,-9.600000000000001
5466,0.002130270004272461,0.0,-10.8
5467,0.0006282329559326172,0.0,-12.4
5468,0.0021729469299316406,0.0,-13.600000000000001
5469,0.0005810260772705078,0.0,-14.8
5470,0.001977205276489258,0.0,-15.600000000000001
5471,0.0005946159362792969,0.0,-16.400000000000002
5472,0.0016551017761230469,0.0,-17.2
5473,0.0005869865417480469,0.0,-18.0
5474,0.0016145706176757812,0.0,-18.400000000000002
5475,0.0006039142608642578,0.0,-18.8
5476,0.0016281604766845703,0.0,-18.8
5477,0.0005643367767333984,0.0,-18.8
5478,0.002039194107055664,0.0,-18.8
5479,0.0026650428771972656,0.0,-18.400000000000002
5480,0.0015778541564941406,0.0,-18.0
5481,0.002135753631591797,0.0,-17.6
5482,0.002046346664428711,0.0,-16.8
5483,0.002511262893676758,0.0,-16.0
5484,0.0007100105285644531,0.0,-15.200000000000001
5485,0.0025284290313720703,0.0,-14.0
5486,0.0019376277923583984,0.0,-12.8
5487,0.0021429061889648438,0.0,-11.600000000000001
5488,0.0015451908111572266,0.0,-10.0
5489,0.002358675003051758,0.0,-8.8
5490,0.002187013626098633,0.0,-7.2
5491,0.0019211769104003906,0.0,-5.6000000000000005
5492,0.002033233642578125,0.0,-4.0
5493,0.0018284320831298828,0.0,-2.4000000000000004
5494,0.0007460117340087891,0.0,-0.8
5495,0.0025718212127685547,0.0,1.2000000000000002
5496,0.0007891654968261719,0.0,2.8000000000000003
5497,0.0022881031036376953,0.0,4.4
5498,0.0018267631530761719,0.0,6.0
5499,0.0007128715515136719,0.0,7.6000000000000005
5500,0.0021097660064697266,0.0,8.8
5501,0.0006983280181884766,0.0,10.4
5502,0.002132892608642578,0.0,11.600000000000001
5503,0.002133607864379883,0.0,12.8
5504,0.0007052421569824219,0.0,14.0
5505,0.001363992691040039,0.0,14.8
5506,0.0022521018981933594,0.0,16.0
5507,0.002080202102661133,0.0,16.400000000000002
5508,0.0017676353454589844,0.0,17.2
5509,0.0006668567657470703,0.0,17.6
5510,0.0018990039825439453,0.0,18.0
5511,0.001819610595703125,0.0,18.0
5512,0.0006616115570068359,0.0,18.400000000000002
5513,0.0026628971099853516,0.0,18.0
5514,0.0006244182586669922,0.0,18.0
5515,0.002657175064086914,0.0,17.6
5516,0.0019674301147460938,0.0,16.8
5517,0.0006067752838134766,0.0,16.400000000000002
5518,0.0017249584197998047,0.0,15.600000000000001
5519,0.0025107860565185547,0.0,14.4
5520,0.0006093978881835938,0.0,13.600000000000001
5521,0.0028264522552490234,0.0,12.4
5522,0.0006124973297119141,0.0,11.200000000000001
5523,0.0019445419311523438,0.0,10.0
5524,0.001184225082397461,0.0,8.4
5525,0.0006744861602783203,0.0,6.800000000000001
5526,0.0019299983978271484,0.0,5.6000000000000005
5527,0.0006756782531738281,0.0,4.0
5528,0.002686738967895508,0.0,2.4000000000000004
5529,0.0006809234619140625,0.0,0.8
5530,0.0019881725311279297,0.0,-0.8
5531,0.002101421356201172,0.0,-2.4000000000000004
5532,0.0007083415985107422,0.0,-4.0
5533,0.0025925636291503906,0.0,-5.6000000000000005
5534,0.0006651878356933594,0.0,-7.2
5535,0.0020058155059814453,0.0,-8.8
5536,0.0020487308502197266,0.0,-10.0
5537,0.0006330013275146484,0.0,-11.200000000000001
5538,0.0019142627716064453,0.0,-12.4
5539,0.0024378299713134766,0.0,-13.600000000000001
5540,0.0006630420684814453,0.0,-14.4
5541,0.0020325183868408203,0.0,-15.200000000000001
5542,0.0011556148529052734,0.0,-16.0
5543,0.0025746822357177734,0.0,-16.8
5544,0.0025730133056640625,0.0,-17.2
5545,0.0006501674652099609,0.0,-17.6
5546,0.0022721290588378906,0.0,-17.6
5547,0.002121448516845703,0.0,-17.6
5548,0.0019237995147705078,0.0,-17.6
5549,0.0020906925201416016,0.0,-17.2
5550,0.0015571117401123047,0.0,-17.2
5551,0.0007064342498779297,0.0,-16.400000000000002
5552,0.0019271373748779297,0.0,-16.0
5553,0.0019271373748779297,0.0,-16.0
5554,0.0021317005157470703,0.0,-15.200000000000001
5555,0.002270221710205078,0.0,-14.4
5556,0.0008409023284912109,0.0,-13.200000000000001
5557,0.0025033950805664062,0.0,-12.0
5558,0.0015299320220947266,0.0,-10.8
5559,0.0020372867584228516,0.0,-9.600000000000001
5560,0.0006103515625,0.0,-8.4
5561,0.0018618106842041016,0.0,-6.800000000000001
5562,0.0013506412506103516,0.0,-5.6000000000000005
5563,0.0006954669952392578,0.0,-4.0
5564,0.001651763916015625,0.0,-2.4000000000000004
5565,0.0006518363952636719,0.0,-0.8
5566,0.0019381046295166016,0.0,0.8
5567,0.000637054443359375,0.0,2.4000000000000004
5568,0.0022585391998291016,0.0,4.0
5569,0.0005822181701660156,0.0,5.2
5570,0.0019071102142333984,0.0,6.800000000000001
5571,0.0005824565887451172,0.0,8.0
5572,0.0016324520111083984,0.0,9.600000000000001
5573,0.0006017684936523438,0.0,10.8
5574,0.0016129016876220703,0.0,12.0
5575,0.0005736351013183594,0.0,12.8
5576,0.0018923282623291016,0.0,14.0
5577,0.0005774497985839844,0.0,14.8
5578,0.0018978118896484375,0.0,15.200000000000001
5579,0.0006315708160400391,0.0,16.0
5580,0.0016036033630371094,0.0,16.400000000000002
5581,0.0006167888641357422,0.0,16.8
5582,0.0019006729125976562,0.0,16.8
5583,0.002760171890258789,0.0,17.2
5584,0.0006933212280273438,0.0,16.8
5585,0.0024874210357666016,0.0,16.400000000000002
5586,0.0020737648010253906,0.0,16.0
5587,0.0006473064422607422,0.0,15.200000000000001
5588,0.002097606658935547,0.0,14.4
5589,0.0006318092346191406,0.0,13.600000000000001
5590,0.0019335746765136719,0.0,12.8
5591,0.000621795654296875,0.0,11.600000000000001
5592,0.001890420913696289,0.0,10.4
5593,0.000629425048828125,0.0,9.200000000000001
5594,0.001850128173828125,0.0,8.0
5595,0.0005779266357421875,0.0,6.800000000000001
5596,0.001734018325805664,0.0,5.2
5597,0.002568483352661133,0.0,3.6
5598,0.0003845691680908203,0.0,2.4000000000000004
5599,0.0006077289581298828,0.0,0.8
5600,0.0006806850433349609,0.0,-0.8
5601,0.001728057861328125,0.0,-2.4000000000000004
5602,0.0017354488372802734,0.0,-3.6
5603,0.0027315616607666016,0.0,-5.2
5604,0.0018877983093261719,0.0,-6.4
5605,0.002407550811767578,0.0,-8.0
5606,0.0009946823120117188,0.0,-9.200000000000001
5607,0.002507925033569336,0.0,-10.4
5608,0.0022258758544921875,0.0,-11.600000000000001
5609,0.0008161067962646484,0.0,-12.4
5610,0.002222299575805664,0.0,-13.600000000000001
5611,0.002927064895629883,0.0,-14.4
5612,0.0007114410400390625,0.0,-14.8
5613,0.0026085376739501953,0.0,-15.600000000000001
5614,0.0006873607635498047,0.0,-16.0
5615,0.002146482467651367,0.0,-16.400000000000002
5616,0.0006365776062011719,0.0,-16.400000000000002
5617,0.002779722213745117,0.0,-16.400000000000002
5618,0.0006206035614013672,0.0,-16.400000000000002
5619,0.002056121826171875,0.0,-16.400000000000002
5620,0.000606536865234375,0.0,-16.0
5621,0.0025026798248291016,0.0,-15.600000000000001
5622,0.0005998611450195312,0.0,-14.8
5623,0.0028047561645507812,0.0,-14.0
5624,0.0006024837493896484,0.0,-13.200000000000001
5625,0.0020754337310791016,0.0,-12.4
5626,0.0006127357482910156,0.0,-11.200000000000001
5627,0.0022325515747070312,0.0,-10.4
5628,0.0006020069122314453,0.0,-9.200000000000001
5629,0.0024809837341308594,0.0,-8.0
5630,0.000728607177734375,0.0,-6.4
5631,0.002112150192260742,0.0,-5.2
5632,0.001377105712890625,0.0,-3.6
5633,0.0007572174072265625,0.0,-2.4000000000000004
5634,0.0019321441650390625,0.0,-0.8
5635,0.0027539730072021484,0.0,0.8
5636,0.0022735595703125,0.0,2.0
5637,0.0024137496948242188,0.0,3.6
5638,0.0014982223510742188,0.0,4.800000000000001
5639,0.0021581649780273438,0.0,6.4
5640,0.0007140636444091797,0.0,7.6000000000000005
5641,0.0018894672393798828,0.0,8.8
5642,0.0013332366943359375,0.0,10.0
5643,0.0024895668029785156,0.0,10.8
5644,0.002037525177001953,0.0,12.0
5645,0.0006692409515380859,0.0,12.8
5646,0.00208282470703125,0.0,13.600000000000001
5647,0.002602100372314453,0.0,14.4
5648,0.0007088184356689453,0.0,14.8
5649,0.0023708343505859375,0.0,15.200000000000001
5650,0.0014955997467041016,0.0,15.600000000000001
5651,0.001943349838256836,0.0,16.0
5652,0.0015554428100585938,0.0,16.0
5653,0.002143383026123047,0.0,15.600000000000001
5654,0.0006582736968994141,0.0,15.600000000000001
5655,0.0025854110717773438,0.0,15.200000000000001
5656,0.001360177993774414,0.0,14.8
5657,0.0029680728912353516,0.0,14.4
5658,0.0021514892578125,0.0,13.600000000000001
5659,0.002154111862182617,0.0,12.8
5660,0.0013885498046875,0.0,12.0
5661,0.002516508102416992,0.0,10.8
5662,0.001584768295288086,0.0,10.0
5663,0.0024509429931640625,0.0,8.8
5664,0.0025093555450439453,0.0,7.6000000000000005
5665,0.0019762516021728516,0.0,6.4
5666,0.0015652179718017578,0.0,4.800000000000001
5667,0.0007131099700927734,0.0,3.6
5668,0.0024051666259765625,0.0,2.0
5669,0.0007126331329345703,0.0,0.8
5670,0.002114534378051758,0.0,-0.8
5671,0.0006320476531982422,0.0,-2.0
5672,0.001958608627319336,0.0,-3.6
5673,0.0006418228149414062,0.0,-4.800000000000001
5674,0.001766204833984375,0.0,-6.0
5675,0.0006594657897949219,0.0,-7.2
5676,0.0033981800079345703,0.0,-8.4
5677,0.0006289482116699219,0.0,-9.600000000000001
5678,0.0019474029541015625,0.0,-10.8
5679,0.0006425380706787109,0.0,-11.600000000000001
5680,0.002324342727661133,0.0,-12.4
5681,0.0006833076477050781,0.0,-13.200000000000001
5682,0.0018644332885742188,0.0,-14.0
5683,0.0006616115570068359,0.0,-14.4
5684,0.0019807815551757812,0.0,-14.8
5685,0.0006949901580810547,0.0,-15.200000000000001
5686,0.0019898414611816406,0.0,-15.200000000000001
5687,0.002006053924560547,0.0,-15.600000000000001
5688,0.0006999969482421875,0.0,-15.200000000000001
5689,0.002537250518798828,0.0,-15.200000000000001
5690,0.002076864242553711,0.0,-14.8
5691,0.0026557445526123047,0.0,-14.4
5692,0.0012691020965576172,0.0,-14.0
5693,0.0023832321166992188,0.0,-13.200000000000001
5694,0.0011181831359863281,0.0,-12.4
5695,0.002459287643432617,0.0,-11.600000000000001
5696,0.0006701946258544922,0.0,-10.8
5697,0.0021457672119140625,0.0,-9.600000000000001
5698,0.0014824867248535156,0.0,-8.4
5699,0.0007879734039306641,0.0,-7.2
5700,0.0016529560089111328,0.0,-6.0
5701,0.0021195411682128906,0.0,-4.800000000000001
5702,0.002259969711303711,0.0,-3.6
5703,0.002259969711303711,0.0,-3.6
5704,0.0019555091857910156,0.0,-2.0
5705,0.0006475448608398438,0.0,-0.8
5706,0.0019283294677734375,0.0,0.4
5707,0.0021529197692871094,0.0,2.0
5708,0.0012042522430419922,0.0,3.2
5709,0.0025777816772460938,0.0,4.4
5710,0.002138376235961914,0.0,6.0
5711,0.0023908615112304688,0.0,7.2
5712,0.0008254051208496094,0.0,8.0
5713,0.0023572444915771484,0.0,9.200000000000001
5714,0.0019164085388183594,0.0,10.4
5715,0.002032041549682617,0.0,11.200000000000001
5716,0.00254058837890625,0.0,12.0
5717,0.0024476051330566406,0.0,12.8
5718,0.002024412155151367,0.0,13.200000000000001
5719,0.002537250518798828,0.0,14.0
5720,0.0006880760192871094,0.0,14.4
5721,0.0018186569213867188,0.0,14.4
5722,0.0006279945373535156,0.0,14.8
5723,0.0025398731231689453,0.0,14.8
5724,0.0006632804870605469,0.0,14.8
5725,0.0023953914642333984,0.0,14.4
5726,0.0006313323974609375,0.0,14.4
5727,0.0027704238891601562,0.0,14.0
5728,0.0006525516510009766,0.0,13.200000000000001
5729,0.0030617713928222656,0.0,12.8
5730,0.0006961822509765625,0.0,12.0
5731,0.0027272701263427734,0.0,11.200000000000001
5732,0.0006263256072998047,0.0,10.0
5733,0.002370119094848633,0.0,9.200000000000001
5734,0.0006327629089355469,0.0,8.0
5735,0.002371549606323242,0.0,6.800000000000001
5736,0.0005774497985839844,0.0,5.6000000000000005
5737,0.0018837451934814453,0.0,4.4
5738,0.0005905628204345703,0.0,3.2
5739,0.0022039413452148438,0.0,2.0
5740,0.0005919933319091797,0.0,0.8
5741,0.0018465518951416016,0.0,-0.8
5742,0.0006158351898193359,0.0,-2.0
5743,0.0017440319061279297,0.0,-3.2
5744,0.0006036758422851562,0.0,-4.4
5745,0.002772092819213867,0.0,-5.6000000000000005
5746,0.0006279945373535156,0.0,-6.800000000000001
5747,0.0023336410522460938,0.0,-8.0
5748,0.0023479461669921875,0.0,-9.200000000000001
5749,0.002486705780029297,0.0,-10.0
5750,0.002318143844604492,0.0,-10.8
5751,0.0006577968597412109,0.0,-11.600000000000001
5752,0.00206756591796875,0.0,-12.4
5753,0.0019505023956298828,0.0,-13.200000000000001
5754,0.0016355514526367188,0.0,-13.600000000000001
5755,0.002300739288330078,0.0,-14.0
5756,0.001821279525756836,0.0,-14.0
5757,0.0030455589294433594,0.0,-14.4
5758,0.0006763935089111328,0.0,-14.4
5759,0.0018754005432128906,0.0,-14.4
5760,0.0021505355834960938,0.0,-14.0
5761,0.0006012916564941406,0.0,-14.0
5762,0.002185344696044922,0.0,-13.600000000000001
5763,0.002567768096923828,0.0,-12.8
5764,0.0006692409515380859,0.0,-12.4
5765,0.0025665760040283203,0.0,-11.600000000000001
5766,0.0028052330017089844,0.0,-10.8
5767,0.002202749252319336,0.0,-10.0
5768,0.0006518363952636719,0.0,-8.8
5769,0.0018362998962402344,0.0,-8.0
5770,0.0017757415771484375,0.0,-6.800000000000001
5771,0.0006144046783447266,0.0,-5.6000000000000005
5772,0.0017514228820800781,0.0,-4.4
5773,0.0006213188171386719,0.0,-3.2
5774,0.0016391277313232422,0.0,-2.0
5775,0.0005815029144287109,0.0,-0.8
5776,0.0019316673278808594,0.0,0.4
5777,0.0005886554718017578,0.0,2.0
5778,0.0020966529846191406,0.0,3.2
5779,0.0006012916564941406,0.0,4.4
5780,0.0019538402557373047,0.0,5.6000000000000005
5781,0.0006794929504394531,0.0,6.800000000000001
5782,0.0016431808471679688,0.0,7.6000000000000005
5783,0.0007369518280029297,0.0,8.8
5784,0.0018985271453857422,0.0,9.600000000000001
5785,0.0006771087646484375,0.0,10.4
5786,0.0018618106842041016,0.0,11.200000000000001
5787,0.0006506443023681641,0.0,12.0
5788,0.0019221305847167969,0.0,12.4
5789,0.0005986690521240234,0.0,12.8
5790,0.0018737316131591797,0.0,13.200000000000001
5791,0.0015988349914550781,0.0,13.600000000000001
5792,0.0006525516510009766,0.0,13.600000000000001
5793,0.0017702579498291016,0.0,14.0
5794,0.0006306171417236328,0.0,13.600000000000001
5795,0.0019297599792480469,0.0,13.600000000000001
5796,0.0006186962127685547,0.0,13.200000000000001
5797,0.0026085376739501953,0.0,12.8
5798,0.0019423961639404297,0.0,12.4
5799,0.0006244182586669922,0.0,11.600000000000001
5800,0.0021321773529052734,0.0,11.200000000000001
5801,0.0020515918731689453,0.0,10.4
5802,0.00064849853515625,0.0,9.600000000000001
5803,0.0025849342346191406,0.0,8.4
5804,0.0015921592712402344,0.0,7.6000000000000005
5805,0.0006058216094970703,0.0,6.4
5806,0.001638174057006836,0.0,5.2
5807,0.0019350051879882812,0.0,4.0
5808,0.0013632774353027344,0.0,2.8000000000000003
5809,0.0018477439880371094,0.0,1.6
5810,0.0025632381439208984,0.0,0.4
5811,0.000652313232421875,0.0,-0.8
5812,0.0021321773529052734,0.0,-2.0
5813,0.0006363391876220703,0.0,-3.2
5814,0.0021028518676757812,0.0,-4.4
5815,0.0005855560302734375,0.0,-5.6000000000000005
5816,0.0019593238830566406,0.0,-6.4
5817,0.0018734931945800781,0.0,-7.6000000000000005
5818,0.0006144046783447266,0.0,-8.4
5819,0.0022873878479003906,0.0,-9.600000000000001
5820,0.0005717277526855469,0.0,-10.4
5821,0.0023899078369140625,0.0,-10.8
5822,0.0005638599395751953,0.0,-11.600000000000001
5823,0.0024700164794921875,0.0,-12.4
5824,0.0006072521209716797,0.0,-12.8
5825,0.002355813980102539,0.0,-13.200000000000001
5826,0.0006568431854248047,0.0,-13.200000000000001
5827,0.002058267593383789,0.0,-13.600000000000001
5828,0.0005755424499511719,0.0,-13.600000000000001
5829,0.0019381046295166016,0.0,-13.200000000000001
5830,0.0006694793701171875,0.0,-13.200000000000001
5831,0.002464771270751953,0.0,-12.8
5832,0.0006194114685058594,0.0,-12.4
5833,0.0018062591552734375,0.0,-12.0
5834,0.0005924701690673828,0.0,-11.600000000000001
5835,0.002528667449951172,0.0,-10.8
5836,0.0026226043701171875,0.0,-10.0
5837,0.0006375312805175781,0.0,-9.200000000000001
5838,0.002237081527709961,0.0,-8.4
5839,0.0006337165832519531,0.0,-7.2
5840,0.0016312599182128906,0.0,-6.4
5841,0.0016260147094726562,0.0,-5.2
5842,0.0006268024444580078,0.0,-4.0
5843,0.0018219947814941406,0.0,-2.8000000000000003
5844,0.0006334781646728516,0.0,-1.6
5845,0.0017919540405273438,0.0,-0.4
5846,0.000644683837890625,0.0,0.8
5847,0.002560138702392578,0.0,2.0
5848,0.0006325244903564453,0.0,2.8000000000000003
5849,0.0022919178009033203,0.0,4.0
5850,0.0007917881011962891,0.0,5.2
5851,0.0019342899322509766,0.0,6.4
5852,0.0007851123809814453,0.0,7.2
5853,0.0024907588958740234,0.0,8.0
5854,0.002133607864379883,0.0,9.200000000000001
5855,0.0019104480743408203,0.0,10.0
5856,0.0019104480743408203,0.0,10.0
5857,0.002667665481567383,0.0,10.4
5858,0.002372264862060547,0.0,11.200000000000001
5859,0.0021491050720214844,0.0,11.600000000000001
5860,0.0006449222564697266,0.0,12.0
5861,0.0020537376403808594,0.0,12.4
5862,0.0017476081848144531,0.0,12.8
5863,0.0017566680908203125,0.0,12.8
5864,0.0011444091796875,0.0,12.8
5865,0.0007872581481933594,0.0,12.8
5866,0.0019388198852539062,0.0,12.8
5867,0.002437591552734375,0.0,12.4
5868,0.0019030570983886719,0.0,12.0
5869,0.0024335384368896484,0.0,11.600000000000001
5870,0.0007462501525878906,0.0,10.8
5871,0.0016956329345703125,0.0,10.4
5872,0.002525806427001953,0.0,9.600000000000001
5873,0.0007448196411132812,0.0,8.8
5874,0.002473115921020508,0.0,8.0
5875,0.000621795654296875,0.0,6.800000000000001
5876,0.001964092254638672,0.0,6.0
5877,0.0005936622619628906,0.0,4.800000000000001
5878,0.0021734237670898438,0.0,3.6
5879,0.0005745887756347656,0.0,2.8000000000000003
5880,0.0019903182983398438,0.0,1.6
5881,0.0006718635559082031,0.0,0.4
5882,0.002518892288208008,0.0,-0.8
5883,0.0008697509765625,0.0,-2.0
5884,0.002043008804321289,0.0,-3.2
5885,0.0006241798400878906,0.0,-4.0
5886,0.002026081085205078,0.0,-5.2
5887,0.0025169849395751953,0.0,-6.0
5888,0.0006525516510009766,0.0,-7.2
5889,0.002438068389892578,0.0,-8.0
5890,0.0013518333435058594,0.0,-8.8
5891,0.0006744861602783203,0.0,-9.600000000000001
5892,0.0020203590393066406,0.0,-10.4
5893,0.0020406246185302734,0.0,-10.8
5894,0.0006310939788818359,0.0,-11.600000000000001
5895,0.0025157928466796875,0.0,-12.0
5896,0.0006306171417236328,0.0,-12.0
5897,0.0018982887268066406,0.0,-12.4
5898,0.0005865097045898438,0.0,-12.4
5899,0.0018410682678222656,0.0,-12.4
5900,0.001432180404663086,0.0,-12.4
5901,0.0024237632751464844,0.0,-12.4
5902,0.002089977264404297,0.0,-12.0
5903,0.0008113384246826172,0.0,-11.600000000000001
5904,0.002336740493774414,0.0,-11.200000000000001
5905,0.0006661415100097656,0.0,-10.4
5906,0.0022573471069335938,0.0,-10.0
5907,0.0021648406982421875,0.0,-9.200000000000001
5908,0.0006456375122070312,0.0,-8.4
5909,0.0024781227111816406,0.0,-7.6000000000000005
5910,0.0010769367218017578,0.0,-6.800000000000001
5911,0.0006351470947265625,0.0,-5.6000000000000005
5912,0.0019404888153076172,0.0,-4.800000000000001
5913,0.0006575584411621094,0.0,-3.6
5914,0.0017173290252685547,0.0,-2.4000000000000004
5915,0.0018362998962402344,0.0,-1.6
5916,0.0017867088317871094,0.0,-0.4
5917,0.002765178680419922,0.0,0.8
5918,0.0015249252319335938,0.0,2.0
5919,0.0006611347198486328,0.0,2.8000000000000003
5920,0.0019407272338867188,0.0,4.0
5921,0.0006136894226074219,0.0,5.2
5922,0.0020513534545898438,0.0,6.0
5923,0.002768993377685547,0.0,6.800000000000001
5924,0.0006358623504638672,0.0,7.6000000000000005
5925,0.0027871131896972656,0.0,8.4
5926,0.000644683837890625,0.0,9.200000000000001
5927,0.0024688243865966797,0.0,10.0
5928,0.0007154941558837891,0.0,10.4
5929,0.001825094223022461,0.0,11.200000000000001
5930,0.0007185935974121094,0.0,11.600000000000001
5931,0.0025892257690429688,0.0,11.600000000000001
5932,0.0006480216979980469,0.0,12.0
5933,0.0022857189178466797,0.0,12.0
5934,0.0006237030029296875,0.0,12.0
5935,0.002532482147216797,0.0,12.0
5936,0.0006015300750732422,0.0,11.600000000000001
5937,0.0025713443756103516,0.0,11.600000000000001
5938,0.0013768672943115234,0.0,11.200000000000001
5939,0.0005943775177001953,0.0,10.8
5940,0.0019795894622802734,0.0,10.0
5941,0.0006158351898193359,0.0,9.600000000000001
5942,0.002423524856567383,0.0,8.8
5943,0.002710103988647461,0.0,8.0
5944,0.000637054443359375,0.0,7.2
5945,0.002730131149291992,0.0,6.4
5946,0.0006561279296875,0.0,5.2
5947,0.002286195755004883,0.0,4.4
5948,0.0005993843078613281,0.0,3.2
5949,0.0020062923431396484,0.0,2.4000000000000004
5950,0.0006480216979980469,0.0,1.2000000000000002
5951,0.0020186901092529297,0.0,0.0
5952,0.0011746883392333984,0.0,-0.8
5953,0.002227783203125,0.0,-2.0
5954,0.002159595489501953,0.0,-3.2
5955,0.0006339550018310547,0.0,-4.0
5956,0.002269744873046875,0.0,-4.800000000000001
5957,0.002725839614868164,0.0,-6.0
5958,0.0006539821624755859,0.0,-6.800000000000001
5959,0.002123117446899414,0.0,-7.6000000000000005
5960,0.0013661384582519531,0.0,-8.4
5961,0.0006277561187744141,0.0,-9.200000000000001
5962,0.0019392967224121094,0.0,-9.600000000000001
5963,0.0006525516510009766,0.0,-10.4
5964,0.002039670944213867,0.0,-10.8
5965,0.0006458759307861328,0.0,-11.200000000000001
5966,0.0019474029541015625,0.0,-11.600000000000001
5967,0.0028183460235595703,0.0,-11.600000000000001
5968,0.002161741256713867,0.0,-11.600000000000001
5969,0.002557516098022461,0.0,-11.600000000000001
5970,0.001684427261352539,0.0,-11.600000000000001
5971,0.0006000995635986328,0.0,-11.600000000000001
5972,0.002001523971557617,0.0,-11.200000000000001
5973,0.0019893646240234375,0.0,-10.8
5974,0.0017588138580322266,0.0,-10.4
5975,0.0006802082061767578,0.0,-9.600000000000001
5976,0.0020012855529785156,0.0,-9.200000000000001
5977,0.0007109642028808594,0.0,-8.4
5978,0.002039670944213867,0.0,-7.6000000000000005
5979,0.0006463527679443359,0.0,-6.800000000000001
5980,0.002381563186645508,0.0,-6.0
5981,0.0007236003875732422,0.0,-5.2
5982,0.002213001251220703,0.0,-4.0
5983,0.0006489753723144531,0.0,-3.2
5984,0.0021965503692626953,0.0,-2.0
5985,0.0022666454315185547,0.0,-1.2000000000000002
5986,0.0007131099700927734,0.0,0.0
5987,0.0024678707122802734,0.0,0.8
5988,0.0006771087646484375,0.0,2.0
5989,0.0028638839721679688,0.0,2.8000000000000003
5990,0.0006079673767089844,0.0,4.0
5991,0.0026586055755615234,0.0,4.800000000000001
5992,0.0011856555938720703,0.0,5.6000000000000005
5993,0.0007605552673339844,0.0,6.800000000000001
5994,0.001918792724609375,0.0,7.2
5995,0.0008969306945800781,0.0,8.0
5996,0.0017216205596923828,0.0,8.8
5997,0.002199888229370117,0.0,9.200000000000001
5998,0.0006089210510253906,0.0,10.0
5999,0.0018496513366699219,0.0,10.4
6000,0.0011627674102783203,0.0,10.8
6001,0.0011627674102783203,0.0,10.8
6002,0.0020096302032470703,0.0,10.8
6003,0.0029044151306152344,0.0,11.200000000000001
6004,0.0027136802673339844,0.0,11.200000000000001
6005,0.0006623268127441406,0.0,11.200000000000001
6006,0.0020644664764404297,0.0,11.200000000000001
6007,0.0020902156829833984,0.0,10.8
6008,0.0015947818756103516,0.0,10.8
6009,0.0006439685821533203,0.0,10.4
6010,0.002002716064453125,0.0,10.0
6011,0.0019295215606689453,0.0,9.200000000000001
6012,0.0005917549133300781,0.0,8.8
6013,0.0028090476989746094,0.0,8.0
6014,0.0006308555603027344,0.0,7.2
6015,0.0027043819427490234,0.0,6.4
6016,0.0011284351348876953,0.0,5.6000000000000005
6017,0.002023458480834961,0.0,4.800000000000001
6018,0.0006132125854492188,0.0,4.0
6019,0.002628326416015625,0.0,2.8000000000000003
6020,0.0006113052368164062,0.0,2.0
6021,0.0019040107727050781,0.0,0.8
6022,0.0019674301147460938,0.0,0.0
6023,0.0027506351470947266,0.0,-1.2000000000000002
6024,0.001954793930053711,0.0,-2.0
6025,0.002994537353515625,0.0,-3.2
6026,0.0006525516510009766,0.0,-4.0
6027,0.0027735233306884766,0.0,-4.800000000000001
6028,0.0007107257843017578,0.0,-5.6000000000000005
6029,0.0023736953735351562,0.0,-6.4
6030,0.000637054443359375,0.0,-7.2
6031,0.001810312271118164,0.0,-8.0
6032,0.0006439685821533203,0.0,-8.8
6033,0.0017740726470947266,0.0,-9.200000000000001
6034,0.0006699562072753906,0.0,-9.600000000000001
6035,0.0025053024291992188,0.0,-10.0
6036,0.0005948543548583984,0.0,-10.4
6037,0.002464771270751953,0.0,-10.8
6038,0.0006017684936523438,0.0,-10.8
6039,0.0027594566345214844,0.0,-10.8
6040,0.0019686222076416016,0.0,-10.8
6041,0.0005772113800048828,0.0,-10.8
6042,0.002080678939819336,0.0,-10.8
6043,0.0006368160247802734,0.0,-10.4
6044,0.0021936893463134766,0.0,-10.0
6045,0.0022268295288085938,0.0,-9.600000000000001
6046,0.0006225109100341797,0.0,-9.200000000000001
6047,0.0021958351135253906,0.0,-8.4
6048,0.0006377696990966797,0.0,-7.6000000000000005
6049,0.0019643306732177734,0.0,-7.2
6050,0.0005850791931152344,0.0,-6.4
6051,0.0019271373748779297,0.0,-5.6000000000000005
6052,0.002301931381225586,0.0,-4.800000000000001
6053,0.0022618770599365234,0.0,-3.6
6054,0.002300739288330078,0.0,-2.8000000000000003
6055,0.0022308826446533203,0.0,-2.0
6056,0.0006351470947265625,0.0,-0.8
6057,0.002188444137573242,0.0,0.0
6058,0.0007340908050537109,0.0,1.2000000000000002
6059,0.0016677379608154297,0.0,2.0
6060,0.0015649795532226562,0.0,2.8000000000000003
6061,0.00250244140625,0.0,4.0
6062,0.0008633136749267578,0.0,4.800000000000001
6063,0.0004024505615234375,0.0,5.6000000000000005
6064,0.0007214546203613281,0.0,6.4
6065,0.0004754066467285156,0.0,7.2
6066,0.0004074573516845703,0.0,7.6000000000000005
6067,0.0005137920379638672,0.0,8.4
6068,0.0003941059112548828,0.0,8.8
6069,0.00048041343688964844,0.0,9.200000000000001
6070,0.0007448196411132812,0.0,9.600000000000001
6071,0.0004260540008544922,0.0,10.0
6072,0.0004913806915283203,0.0,10.4
6073,0.0005502700805664062,0.0,10.4
6074,0.0004925727844238281,0.0,10.4
6075,0.0005781650543212891,0.0,10.4
6076,0.001249551773071289,0.0,10.4
6077,0.0008897781372070312,0.0,10.0
6078,0.0007536411285400391,0.0,10.0
6079,0.0010402202606201172,0.0,9.600000000000001
6080,0.0021910667419433594,0.0,9.200000000000001
6081,0.0027358531951904297,0.0,8.4
6082,0.0016543865203857422,0.0,8.0
6083,0.0007805824279785156,0.0,7.2
6084,0.0018529891967773438,0.0,6.800000000000001
6085,0.0007140636444091797,0.0,6.0
6086,0.0026917457580566406,0.0,5.2
6087,0.002293825149536133,0.0,4.4
6088,0.0007269382476806641,0.0,3.2
6089,0.0019350051879882812,0.0,2.4000000000000004
6090,0.0006313323974609375,0.0,1.6
6091,0.0019533634185791016,0.0,0.8
6092,0.0004987716674804688,0.0,-0.4
6093,0.0009872913360595703,0.0,-1.2000000000000002
6094,0.0007545948028564453,0.0,-2.0
6095,0.0008535385131835938,0.0,-3.2
6096,0.0008184909820556641,0.0,-4.0
6097,0.0016622543334960938,0.0,-4.800000000000001
6098,0.0002484321594238281,0.0,-5.6000000000000005
6099,0.0004017353057861328,0.0,-6.4
6100,0.0007073879241943359,0.0,-7.2
6101,0.0004954338073730469,0.0,-7.6000000000000005
6102,0.0007259845733642578,0.0,-8.4
6103,0.0004932880401611328,0.0,-8.8
6104,0.0011494159698486328,0.0,-9.200000000000001
6105,0.0005719661712646484,0.0,-9.600000000000001
6106,0.0015590190887451172,0.0,-10.0
6107,0.0005285739898681641,0.0,-10.0
6108,0.0007424354553222656,0.0,-10.0
6109,0.0006239414215087891,0.0,-10.4
6110,0.0004620552062988281,0.0,-10.0
6111,0.00038242340087890625,0.0,-10.0
6112,0.000461578369140625,0.0,-10.0
6113,0.0004520416259765625,0.0,-9.600000000000001
6114,0.00044465065002441406,0.0,-9.200000000000001
6115,0.0007460117340087891,0.0,-8.8
6116,0.0007460117340087891,0.0,-8.8
6117,0.0009400844573974609,0.0,-8.4
6118,0.0007276535034179688,0.0,-7.6000000000000005
6119,0.000385284423828125,0.0,-7.2
6120,0.001024484634399414,0.0,-6.4
6121,0.0009133815765380859,0.0,-5.6000000000000005
6122,0.000732421875,0.0,-4.800000000000001
6123,0.0005464553833007812,0.0,-4.0
6124,0.0009145736694335938,0.0,-3.2
6125,0.0008833408355712891,0.0,-2.4000000000000004
6126,0.0013964176177978516,0.0,-1.6
6127,0.0007622241973876953,0.0,-0.4
6128,0.0009021759033203125,0.0,0.4
6129,0.0005311965942382812,0.0,1.2000000000000002
6130,0.0010409355163574219,0.0,2.0
6131,0.00048613548278808594,0.0,2.8000000000000003
6132,0.0004038810729980469,0.0,3.6
6133,0.00045752525329589844,0.0,4.4
6134,0.0006647109985351562,0.0,5.2
6135,0.0004680156707763672,0.0,6.0
6136,0.0004425048828125,0.0,6.800000000000001
6137,0.0004665851593017578,0.0,7.2
6138,0.0005090236663818359,0.0,8.0
6139,0.002464771270751953,0.0,8.4
6140,0.0006756782531738281,0.0,8.8
6141,0.0027692317962646484,0.0,9.200000000000001
6142,0.0006022453308105469,0.0,9.600000000000001
6143,0.0027053356170654297,0.0,9.600000000000001
6144,0.0006072521209716797,0.0,9.600000000000001
6145,0.0028219223022460938,0.0,9.600000000000001
6146,0.0006518363952636719,0.0,9.600000000000001
6147,0.0016222000122070312,0.0,9.600000000000001
6148,0.0007574558258056641,0.0,9.200000000000001
6149,0.00116729736328125,0.0,9.200000000000001
6150,0.0005087852478027344,0.0,8.8
6151,0.0006110668182373047,0.0,8.4
6152,0.0004382133483886719,0.0,8.0
6153,0.00045228004455566406,0.0,7.2
6154,0.0004761219024658203,0.0,6.800000000000001
6155,0.0006837844848632812,0.0,6.0
6156,0.0005679130554199219,0.0,5.2
6157,0.0004971027374267578,0.0,4.4
6158,0.0004734992980957031,0.0,3.6
6159,0.0005090236663818359,0.0,2.8000000000000003
6160,0.0006136894226074219,0.0,2.0
6161,0.0007758140563964844,0.0,1.2000000000000002
6162,0.0005040168762207031,0.0,0.4
6163,0.0007245540618896484,0.0,-0.4
6164,0.0008223056793212891,0.0,-1.2000000000000002
6165,0.0006566047668457031,0.0,-2.4000000000000004
6166,0.0018372535705566406,0.0,-3.2
6167,0.0013549327850341797,0.0,-4.0
6168,0.0006401538848876953,0.0,-4.800000000000001
6169,0.0015430450439453125,0.0,-5.2
6170,0.0011391639709472656,0.0,-6.0
6171,0.0005135536193847656,0.0,-6.800000000000001
6172,0.0018956661224365234,0.0,-7.2
6173,0.0006759166717529297,0.0,-8.0
6174,0.0022287368774414062,0.0,-8.4
6175,0.0006184577941894531,0.0,-8.8
6176,0.0022916793823242188,0.0,-8.8
6177,0.0006113052368164062,0.0,-9.200000000000001
6178,0.002232074737548828,0.0,-9.600000000000001
6179,0.0005753040313720703,0.0,-9.600000000000001
6180,0.002105712890625,0.0,-9.600000000000001
6181,0.0006697177886962891,0.0,-9.600000000000001
6182,0.002513885498046875,0.0,-9.200000000000001
6183,0.0006690025329589844,0.0,-9.200000000000001
6184,0.0022039413452148438,0.0,-8.8
6185,0.0005910396575927734,0.0,-8.4
6186,0.002172231674194336,0.0,-8.0
6187,0.0006258487701416016,0.0,-7.6000000000000005
6188,0.0022525787353515625,0.0,-7.2
6189,0.002318859100341797,0.0,-6.4
6190,0.0006117820739746094,0.0,-5.6000000000000005
6191,0.00240325927734375,0.0,-5.2
6192,0.0005991458892822266,0.0,-4.4
6193,0.001932382583618164,0.0,-3.6
6194,0.0015995502471923828,0.0,-2.8000000000000003
6195,0.0025358200073242188,0.0,-2.0
6196,0.0010623931884765625,0.0,-1.2000000000000002
6197,0.0006062984466552734,0.0,-0.4
6198,0.001997709274291992,0.0,0.4
6199,0.0006000995635986328,0.0,1.2000000000000002
6200,0.002305269241333008,0.0,2.0
6201,0.00058746337890625,0.0,2.8000000000000003
6202,0.002297639846801758,0.0,3.6
6203,0.002167224884033203,0.0,4.4
6204,0.0018870830535888672,0.0,5.2
6205,0.0006532669067382812,0.0,6.0
6206,0.002182483673095703,0.0,6.4
6207,0.0025115013122558594,0.0,7.2
6208,0.0019369125366210938,0.0,7.6000000000000005
6209,0.002432107925415039,0.0,8.0
6210,0.001753091812133789,0.0,8.4
6211,0.0019643306732177734,0.0,8.8
6212,0.0013318061828613281,0.0,8.8
6213,0.0026650428771972656,0.0,8.8
6214,0.0006537437438964844,0.0,9.200000000000001
6215,0.002298116683959961,0.0,9.200000000000001
6216,0.002277374267578125,0.0,9.200000000000001
6217,0.0006415843963623047,0.0,8.8
6218,0.0025043487548828125,0.0,8.8
6219,0.0015192031860351562,0.0,8.4
6220,0.001100301742553711,0.0,8.0
6221,0.002418041229248047,0.0,7.6000000000000005
6222,0.0012617111206054688,0.0,7.2
6223,0.002705812454223633,0.0,6.800000000000001
6224,0.0015461444854736328,0.0,6.0
6225,0.0006537437438964844,0.0,5.6000000000000005
6226,0.0020241737365722656,0.0,4.800000000000001
6227,0.0024514198303222656,0.0,4.0
6228,0.0006167888641357422,0.0,3.2
6229,0.0025861263275146484,0.0,2.4000000000000004
6230,0.0006144046783447266,0.0,1.6
6231,0.002054452896118164,0.0,0.8
6232,0.0006349086761474609,0.0,0.0
6233,0.0018625259399414062,0.0,-0.8
6234,0.0006051063537597656,0.0,-1.6
6235,0.001790761947631836,0.0,-2.4000000000000004
6236,0.0006077289581298828,0.0,-3.2
6237,0.0026886463165283203,0.0,-4.0
6238,0.000591278076171875,0.0,-4.4
6239,0.002275705337524414,0.0,-5.2
6240,0.0013852119445800781,0.0,-6.0
6241,0.0005664825439453125,0.0,-6.4
6242,0.0019268989562988281,0.0,-6.800000000000001
6243,0.0007109642028808594,0.0,-7.2
6244,0.0023145675659179688,0.0,-8.0
6245,0.0022878646850585938,0.0,-8.0
6246,0.0007023811340332031,0.0,-8.4
6247,0.0020074844360351562,0.0,-8.8
6248,0.0011010169982910156,0.0,-8.8
6249,0.00045561790466308594,0.0,-8.8
6250,0.0020363330841064453,0.0,-8.8
6251,0.0006160736083984375,0.0,-8.8
6252,0.0022437572479248047,0.0,-8.8
6253,0.0022704601287841797,0.0,-8.4
6254,0.002428293228149414,0.0,-8.0
6255,0.0006163120269775391,0.0,-7.6000000000000005
6256,0.002263307571411133,0.0,-7.2
6257,0.0022389888763427734,0.0,-6.800000000000001
6258,0.0005974769592285156,0.0,-6.4
6259,0.0028579235076904297,0.0,-6.0
6260,0.0006053447723388672,0.0,-5.2
6261,0.0022182464599609375,0.0,-4.4
6262,0.0009851455688476562,0.0,-4.0
6263,0.000865936279296875,0.0,-3.2
6264,0.0018928050994873047,0.0,-2.4000000000000004
6265,0.0006058216094970703,0.0,-1.6
6266,0.0021507740020751953,0.0,-0.8
6267,0.0018544197082519531,0.0,0.0
6268,0.0006194114685058594,0.0,0.8
6269,0.0020449161529541016,0.0,1.6
6270,0.002079486846923828,0.0,2.4000000000000004
6271,0.0022172927856445312,0.0,2.8000000000000003
6272,0.0017964839935302734,0.0,3.6
6273,0.001978635787963867,0.0,4.4
6274,0.001325368881225586,0.0,5.2
6275,0.0020952224731445312,0.0,5.6000000000000005
6276,0.002398967742919922,0.0,6.0
6277,0.0026454925537109375,0.0,6.800000000000001
6278,0.001749277114868164,0.0,7.2
6279,0.0006558895111083984,0.0,7.6000000000000005
6280,0.002054929733276367,0.0,8.0
6281,0.0006580352783203125,0.0,8.0
6282,0.0016613006591796875,0.0,8.4
6283,0.0008642673492431641,0.0,8.4
6284,0.0018050670623779297,0.0,8.4
6285,0.0021507740020751953,0.0,8.4
6286,0.0019497871398925781,0.0,8.4
6287,0.0019497871398925781,0.0,8.4
6288,0.0019040107727050781,0.0,8.0
6289,0.000705718994140625,0.0,8.0
6290,0.002385854721069336,0.0,7.6000000000000005
6291,0.000640869140625,0.0,7.2
6292,0.001974821090698242,0.0,6.800000000000001
6293,0.0006623268127441406,0.0,6.4
6294,0.0021491050720214844,0.0,6.0
6295,0.0005698204040527344,0.0,5.6000000000000005
6296,0.0023527145385742188,0.0,4.800000000000001
6297,0.0021660327911376953,0.0,4.0
6298,0.0005962848663330078,0.0,3.6
6299,0.0021419525146484375,0.0,2.8000000000000003
6300,0.0005927085876464844,0.0,2.0
6301,0.0018856525421142578,0.0,1.2000000000000002
6302,0.0005626678466796875,0.0,0.4
6303,0.002614736557006836,0.0,0.0
6304,0.0006175041198730469,0.0,-0.8
6305,0.0026900768280029297,0.0,-1.6
6306,0.0006020069122314453,0.0,-2.4000000000000004
6307,0.002608776092529297,0.0,-3.2
6308,0.000553131103515625,0.0,-3.6
6309,0.002679586410522461,0.0,-4.4
6310,0.0022313594818115234,0.0,-5.2
6311,0.0005979537963867188,0.0,-5.6000000000000005
6312,0.002248048782348633,0.0,-6.0
6313,0.0006697177886962891,0.0,-6.4
6314,0.002485513687133789,0.0,-7.2
6315,0.0006005764007568359,0.0,-7.2
6316,0.0023467540740966797,0.0,-7.6000000000000005
6317,0.002198934555053711,0.0,-8.0
6318,0.0010843276977539062,0.0,-8.0
6319,0.0028455257415771484,0.0,-8.0
6320,0.0016241073608398438,0.0,-8.4
6321,0.0028138160705566406,0.0,-8.0
6322,0.002143383026123047,0.0,-8.0
6323,0.0006642341613769531,0.0,-8.0
6324,0.0020148754119873047,0.0,-7.6000000000000005
6325,0.002908945083618164,0.0,-7.6000000000000005
6326,0.0012660026550292969,0.0,-7.2
6327,0.0006723403930664062,0.0,-6.800000000000001
6328,0.0026443004608154297,0.0,-6.4
6329,0.0006353855133056641,0.0,-5.6000000000000005
6330,0.0022695064544677734,0.0,-5.2
6331,0.0006248950958251953,0.0,-4.800000000000001
6332,0.0022916793823242188,0.0,-4.0
6333,0.0006518363952636719,0.0,-3.2
6334,0.002249002456665039,0.0,-2.8000000000000003
6335,0.0006015300750732422,0.0,-2.0
6336,0.002110719680786133,0.0,-1.2000000000000002
6337,0.002710103988647461,0.0,-0.4
6338,0.0006544589996337891,0.0,0.4
6339,0.002252817153930664,0.0,0.8
6340,0.0006377696990966797,0.0,1.6
6341,0.002785205841064453,0.0,2.4000000000000004
6342,0.0026161670684814453,0.0,3.2
6343,0.0006012916564941406,0.0,3.6
6344,0.0022585391998291016,0.0,4.4
6345,0.00058746337890625,0.0,4.800000000000001
6346,0.0021696090698242188,0.0,5.2
6347,0.0006124973297119141,0.0,6.0
6348,0.002028942108154297,0.0,6.4
6349,0.0020990371704101562,0.0,6.800000000000001
6350,0.0009610652923583984,0.0,7.2
6351,0.000446319580078125,0.0,7.2
6352,0.0005221366882324219,0.0,7.6000000000000005
6353,0.002161741256713867,0.0,7.6000000000000005
6354,0.0006544589996337891,0.0,8.0
6355,0.0021080970764160156,0.0,8.0
6356,0.0013785362243652344,0.0,7.6000000000000005
6357,0.0024826526641845703,0.0,7.6000000000000005
6358,0.0017991065979003906,0.0,7.6000000000000005
6359,0.0005981922149658203,0.0,7.2
6360,0.0019998550415039062,0.0,7.2
6361,0.0005893707275390625,0.0,6.800000000000001
6362,0.0019998550415039062,0.0,6.4
6363,0.002766132354736328,0.0,6.0
6364,0.0019829273223876953,0.0,5.2
6365,0.0005838871002197266,0.0,4.800000000000001
6366,0.0023908615112304688,0.0,4.4
6367,0.0030012130737304688,0.0,3.6
6368,0.0007731914520263672,0.0,2.8000000000000003
6369,0.002841472625732422,0.0,2.4000000000000004
6370,0.002159595489501953,0.0,1.6
6371,0.0025005340576171875,0.0,0.8
6372,0.0013294219970703125,0.0,0.4
6373,0.002308368682861328,0.0,-0.4
6374,0.0024695396423339844,0.0,-1.2000000000000002
6375,0.0023665428161621094,0.0,-1.6
6376,0.0007121562957763672,0.0,-2.4000000000000004
6377,0.002838611602783203,0.0,-3.2
6378,0.001522064208984375,0.0,-3.6
6379,0.00205230712890625,0.0,-4.4
6380,0.0017633438110351562,0.0,-4.800000000000001
6381,0.0007185935974121094,0.0,-5.2
6382,0.0017175674438476562,0.0,-6.0
6383,0.0007402896881103516,0.0,-6.4
6384,0.0019502639770507812,0.0,-6.800000000000001
6385,0.0006270408630371094,0.0,-6.800000000000001
6386,0.0019881725311279297,0.0,-7.2
6387,0.0006554126739501953,0.0,-7.2
6388,0.0019707679748535156,0.0,-7.6000000000000005
6389,0.0006117820739746094,0.0,-7.6000000000000005
6390,0.001941680908203125,0.0,-7.6000000000000005
6391,0.0006008148193359375,0.0,-7.6000000000000005
6392,0.0016427040100097656,0.0,-7.6000000000000005
6393,0.002365589141845703,0.0,-7.2
6394,0.0006210803985595703,0.0,-7.2
6395,0.0023775100708007812,0.0,-6.800000000000001
6396,0.0006728172302246094,0.0,-6.4
6397,0.002354860305786133,0.0,-6.0
6398,0.0005950927734375,0.0,-5.6000000000000005
6399,0.0025703907012939453,0.0,-5.2
6400,0.0006239414215087891,0.0,-4.800000000000001
6401,0.0024781227111816406,0.0,-4.0
6402,0.0005705356597900391,0.0,-3.6
6403,0.002817392349243164,0.0,-2.8000000000000003
6404,0.002116680145263672,0.0,-2.4000000000000004
6405,0.0006287097930908203,0.0,-1.6
6406,0.001791238784790039,0.0,-0.8
6407,0.002772092819213867,0.0,-0.4
6408,0.0017070770263671875,0.0,0.4
6409,0.00058746337890625,0.0,1.2000000000000002
6410,0.0019063949584960938,0.0,1.6
6411,0.0005624294281005859,0.0,2.4000000000000004
6412,0.002165555953979492,0.0,3.2
6413,0.0006122589111328125,0.0,3.6
6414,0.0021021366119384766,0.0,4.0
6415,0.0005922317504882812,0.0,4.800000000000001
6416,0.002155780792236328,0.0,5.2
6417,0.0028259754180908203,0.0,5.6000000000000005
6418,0.0006463527679443359,0.0,6.0
6419,0.0022783279418945312,0.0,6.4
6420,0.0014154911041259766,0.0,6.800000000000001
6421,0.002486705780029297,0.0,6.800000000000001
6422,0.001703023910522461,0.0,7.2
6423,0.002493619918823242,0.0,7.2
6424,0.0022630691528320312,0.0,7.2
6425,0.0006346702575683594,0.0,7.2
6426,0.0024862289428710938,0.0,7.2
6427,0.0006134510040283203,0.0,7.2
6428,0.002266407012939453,0.0,6.800000000000001
6429,0.002082347869873047,0.0,6.800000000000001
6430,0.0012066364288330078,0.0,6.4
6431,0.002619504928588867,0.0,6.0
6432,0.0006537437438964844,0.0,5.6000000000000005
6433,0.002404928207397461,0.0,5.2
6434,0.0006785392761230469,0.0,4.800000000000001
6435,0.002788543701171875,0.0,4.4
6436,0.0006215572357177734,0.0,3.6
6437,0.002336740493774414,0.0,3.2
6438,0.0006194114685058594,0.0,2.4000000000000004
6439,0.002637147903442383,0.0,2.0
6440,0.0005872249603271484,0.0,1.2000000000000002
6441,0.0021970272064208984,0.0,0.8
6442,0.002011537551879883,0.0,0.0
6443,0.002518892288208008,0.0,-0.8
6444,0.0017466545104980469,0.0,-1.2000000000000002
6445,0.0017466545104980469,0.0,-1.2000000000000002
6446,0.002443075180053711,0.0,-2.0
6447,0.0026161670684814453,0.0,-2.4000000000000004
6448,0.0008149147033691406,0.0,-3.2
6449,0.0020635128021240234,0.0,-3.6
6450,0.0011706352233886719,0.0,-4.4
6451,0.0024843215942382812,0.0,-4.800000000000001
6452,0.0018799304962158203,0.0,-5.2
6453,0.0018415451049804688,0.0,-5.6000000000000005
6454,0.0006232261657714844,0.0,-6.0
6455,0.002755880355834961,0.0,-6.4
6456,0.0018219947814941406,0.0,-6.4
6457,0.0017256736755371094,0.0,-6.800000000000001
6458,0.00148773193359375,0.0,-6.800000000000001
6459,0.002229452133178711,0.0,-7.2
6460,0.0017535686492919922,0.0,-7.2
6461,0.0023975372314453125,0.0,-7.2
6462,0.0017771720886230469,0.0,-6.800000000000001
6463,0.002879619598388672,0.0,-6.800000000000001
6464,0.0019230842590332031,0.0,-6.800000000000001
6465,0.0022423267364501953,0.0,-6.4
6466,0.0011093616485595703,0.0,-6.0
6467,0.0007092952728271484,0.0,-6.0
6468,0.002162933349609375,0.0,-5.6000000000000005
6469,0.0006699562072753906,0.0,-5.2
6470,0.002393960952758789,0.0,-4.4
6471,0.0006418228149414062,0.0,-4.0
6472,0.0017633438110351562,0.0,-3.6
6473,0.0006628036499023438,0.0,-2.8000000000000003
6474,0.0022263526916503906,0.0,-2.4000000000000004
6475,0.002751588821411133,0.0,-1.6
6476,0.001592397689819336,0.0,-1.2000000000000002
6477,0.0025675296783447266,0.0,-0.4
6478,0.0011262893676757812,0.0,0.0
6479,0.0023071765899658203,0.0,0.8
6480,0.0006735324859619141,0.0,1.2000000000000002
6481,0.0020842552185058594,0.0,2.0
6482,0.0017426013946533203,0.0,2.4000000000000004
6483,0.0007219314575195312,0.0,3.2
6484,0.002007007598876953,0.0,3.6
6485,0.0022017955780029297,0.0,4.0
6486,0.0006940364837646484,0.0,4.4
6487,0.0025877952575683594,0.0,4.800000000000001
6488,0.0018208026885986328,0.0,5.2
6489,0.002505064010620117,0.0,5.6000000000000005
6490,0.0016884803771972656,0.0,6.0
6491,0.0006184577941894531,0.0,6.4
6492,0.0019502639770507812,0.0,6.4
6493,0.0006749629974365234,0.0,6.4
6494,0.0017714500427246094,0.0,6.800000000000001
6495,0.0005993843078613281,0.0,6.800000000000001
6496,0.002335786819458008,0.0,6.800000000000001
6497,0.002735614776611328,0.0,6.4
6498,0.0005903244018554688,0.0,6.4
6499,0.0015330314636230469,0.0,6.4
6500,0.00168609619140625,0.0,6.0
6501,0.0026857852935791016,0.0,5.6000000000000005
6502,0.001634359359741211,0.0,5.6000000000000005
6503,0.0024318695068359375,0.0,5.2
6504,0.0015647411346435547,0.0,4.800000000000001
6505,0.0027904510498046875,0.0,4.0
6506,0.0016455650329589844,0.0,3.6
6507,0.0006608963012695312,0.0,3.2
6508,0.0020377635955810547,0.0,2.8000000000000003
6509,0.002665996551513672,0.0,2.0
6510,0.0017693042755126953,0.0,1.6
6511,0.00261688232421875,0.0,0.8
6512,0.0016858577728271484,0.0,0.4
6513,0.0025298595428466797,0.0,-0.4
6514,0.00135040283203125,0.0,-0.8
6515,0.002152681350708008,0.0,-1.6
6516,0.0015654563903808594,0.0,-2.0
6517,0.0024690628051757812,0.0,-2.4000000000000004
6518,0.0014998912811279297,0.0,-3.2
6519,0.0007104873657226562,0.0,-3.6
6520,0.001974344253540039,0.0,-4.0
6521,0.0026183128356933594,0.0,-4.4
6522,0.001669168472290039,0.0,-4.800000000000001
6523,0.0025565624237060547,0.0,-5.2
6524,0.0006718635559082031,0.0,-5.6000000000000005
6525,0.00255584716796875,0.0,-6.0
6526,0.0015254020690917969,0.0,-6.0
6527,0.0009450912475585938,0.0,-6.4
6528,0.0007033348083496094,0.0,-6.4
6529,0.0022509098052978516,0.0,-6.4
6530,0.0018889904022216797,0.0,-6.4
6531,0.0031137466430664062,0.0,-6.4
6532,0.0017828941345214844,0.0,-6.4
6533,0.002246856689453125,0.0,-6.4
6534,0.0014791488647460938,0.0,-6.0
6535,0.0006766319274902344,0.0,-6.0
6536,0.0012602806091308594,0.0,-5.6000000000000005
6537,0.0007193088531494141,0.0,-5.2
6538,0.002238750457763672,0.0,-4.800000000000001
6539,0.0020570755004882812,0.0,-4.4
6540,0.0014524459838867188,0.0,-4.0
6541,0.0006639957427978516,0.0,-3.6
6542,0.002130746841430664,0.0,-3.2
6543,0.0025482177734375,0.0,-2.4000000000000004
6544,0.0006852149963378906,0.0,-2.0
6545,0.00243377685546875,0.0,-1.6
6546,0.0006663799285888672,0.0,-0.8
6547,0.0027327537536621094,0.0,-0.4
6548,0.0006585121154785156,0.0,0.4
6549,0.0024459362030029297,0.0,0.8
6550,0.0005998611450195312,0.0,1.6
6551,0.002568960189819336,0.0,2.0
6552,0.002493619918823242,0.0,2.4000000000000004
6553,0.0006728172302246094,0.0,3.2
6554,0.002467632293701172,0.0,3.6
6555,0.0022754669189453125,0.0,4.0
6556,0.0006582736968994141,0.0,4.4
6557,0.002485513687133789,0.0,4.800000000000001
6558,0.0006029605865478516,0.0,5.2
6559,0.002424955368041992,0.0,5.2
6560,0.0014882087707519531,0.0,5.6000000000000005
6561,0.0006189346313476562,0.0,6.0
6562,0.002252817153930664,0.0,6.0
6563,0.0027709007263183594,0.0,6.0
6564,0.0006318092346191406,0.0,6.0
6565,0.0028884410858154297,0.0,6.0
6566,0.0005753040313720703,0.0,6.0
6567,0.0032057762145996094,0.0,6.0
6568,0.0017056465148925781,0.0,6.0
6569,0.0005953311920166016,0.0,5.6000000000000005
6570,0.0022916793823242188,0.0,5.6000000000000005
6571,0.0006155967712402344,0.0,5.2
6572,0.002348661422729492,0.0,4.800000000000001
6573,0.0006127357482910156,0.0,4.4
6574,0.0027854442596435547,0.0,4.0
6575,0.0024864673614501953,0.0,3.6
6576,0.0005757808685302734,0.0,3.2
6577,0.0025844573974609375,0.0,2.8000000000000003
6578,0.0014872550964355469,0.0,2.4000000000000004
6579,0.001626729965209961,0.0,1.6
6580,0.0018088817596435547,0.0,1.2000000000000002
6581,0.0006134510040283203,0.0,0.8
6582,0.0028543472290039062,0.0,0.0
6583,0.0031685829162597656,0.0,-0.4
6584,0.0014171600341796875,0.0,-1.2000000000000002
6585,0.0027174949645996094,0.0,-1.6
6586,0.0006401538848876953,0.0,-2.0
6587,0.002717256546020508,0.0,-2.4000000000000004
6588,0.0006337165832519531,0.0,-3.2
6589,0.00243377685546875,0.0,-3.6
6590,0.0017931461334228516,0.0,-4.0
6591,0.0017931461334228516,0.0,-4.0
6592,0.00286865234375,0.0,-4.4
6593,0.0006396770477294922,0.0,-4.800000000000001
6594,0.0017802715301513672,0.0,-5.2
6595,0.0006208419799804688,0.0,-5.2
6596,0.0024366378784179688,0.0,-5.6000000000000005
6597,0.0005695819854736328,0.0,-5.6000000000000005
6598,0.0018227100372314453,0.0,-6.0
6599,0.0005698204040527344,0.0,-6.0
6600,0.0005714893341064453,0.0,-6.0
6601,0.0005426406860351562,0.0,-6.0
6602,0.0006372928619384766,0.0,-6.0
6603,0.0005133152008056641,0.0,-6.0
6604,0.0006911754608154297,0.0,-5.6000000000000005
6605,0.0024008750915527344,0.0,-5.6000000000000005
6606,0.0006921291351318359,0.0,-5.2
6607,0.003084421157836914,0.0,-4.800000000000001
6608,0.0014348030090332031,0.0,-4.800000000000001
6609,0.002499103546142578,0.0,-4.4
6610,0.0016527175903320312,0.0,-4.0
6611,0.0006325244903564453,0.0,-3.6
6612,0.002009153366088867,0.0,-3.2
6613,0.002743244171142578,0.0,-2.4000000000000004
6614,0.0005929470062255859,0.0,-2.0
6615,0.0024144649505615234,0.0,-1.6
6616,0.0015256404876708984,0.0,-1.2000000000000002
6617,0.0006227493286132812,0.0,-0.4
6618,0.0024302005767822266,0.0,0.0
6619,0.0005729198455810547,0.0,0.4
6620,0.002349376678466797,0.0,1.2000000000000002
6621,0.0006883144378662109,0.0,1.6
6622,0.002281665802001953,0.0,2.0
6623,0.0005922317504882812,0.0,2.4000000000000004
6624,0.0022742748260498047,0.0,2.8000000000000003
6625,0.0005655288696289062,0.0,3.2
6626,0.0022132396697998047,0.0,3.6
6627,0.002506732940673828,0.0,4.0
6628,0.0012578964233398438,0.0,4.4
6629,0.0022132396697998047,0.0,4.800000000000001
6630,0.0019555091857910156,0.0,5.2
6631,0.002612590789794922,0.0,5.2
6632,0.0016326904296875,0.0,5.6000000000000005
6633,0.0014727115631103516,0.0,5.6000000000000005
6634,0.0007648468017578125,0.0,5.6000000000000005
6635,0.0017428398132324219,0.0,5.6000000000000005
6636,0.0007054805755615234,0.0,5.6000000000000005
6637,0.002353668212890625,0.0,5.6000000000000005
6638,0.0006592273712158203,0.0,5.6000000000000005
6639,0.0023245811462402344,0.0,5.2
6640,0.0015621185302734375,0.0,5.2
6641,0.0006124973297119141,0.0,4.800000000000001
6642,0.0024161338806152344,0.0,4.800000000000001
6643,0.0007188320159912109,0.0,4.4
6644,0.002582073211669922,0.0,4.0
6645,0.002263784408569336,0.0,3.6
6646,0.0006256103515625,0.0,3.2
6647,0.002669811248779297,0.0,2.4000000000000004
6648,0.0006134510040283203,0.0,2.0
6649,0.0023450851440429688,0.0,1.2000000000000002
6650,0.0017173290252685547,0.0,0.8
6651,0.0006086826324462891,0.0,0.4
6652,0.002599477767944336,0.0,0.0
6653,0.0022919178009033203,0.0,-0.8
6654,0.0016672611236572266,0.0,-1.2000000000000002
6655,0.0005762577056884766,0.0,-1.6
6656,0.002165079116821289,0.0,-2.0
6657,0.0005762577056884766,0.0,-2.4000000000000004
6658,0.0022971630096435547,0.0,-3.2
6659,0.0005977153778076172,0.0,-3.6
6660,0.002110719680786133,0.0,-4.0
6661,0.0014951229095458984,0.0,-4.0
6662,0.0005865097045898438,0.0,-4.4
6663,0.002424955368041992,0.0,-4.800000000000001
6664,0.0006439685821533203,0.0,-4.800000000000001
6665,0.002691984176635742,0.0,-5.2
6666,0.0015633106231689453,0.0,-5.2
6667,0.000583648681640625,0.0,-5.6000000000000005
6668,0.002213001251220703,0.0,-5.6000000000000005
6669,0.0005824565887451172,0.0,-5.6000000000000005
6670,0.0025026798248291016,0.0,-5.6000000000000005
6671,0.0006287097930908203,0.0,-5.6000000000000005
6672,0.0026514530181884766,0.0,-5.2
6673,0.0005533695220947266,0.0,-5.2
6674,0.0019931793212890625,0.0,-4.800000000000001
6675,0.0005669593811035156,0.0,-4.800000000000001
6676,0.0017626285552978516,0.0,-4.4
6677,0.0005519390106201172,0.0,-4.0
6678,0.0019812583923339844,0.0,-3.6
6679,0.0023140907287597656,0.0,-3.6
6680,0.0005927085876464844,0.0,-3.2
6681,0.0022509098052978516,0.0,-2.8000000000000003
6682,0.0016324520111083984,0.0,-2.0
6683,0.002478361129760742,0.0,-1.6
6684,0.0016150474548339844,0.0,-1.2000000000000002
6685,0.0030601024627685547,0.0,-0.8
6686,0.002779245376586914,0.0,-0.4
6687,0.0006644725799560547,0.0,0.0
6688,0.0025072097778320312,0.0,0.8
6689,0.0006704330444335938,0.0,1.2000000000000002
6690,0.002050638198852539,0.0,1.6
6691,0.0029463768005371094,0.0,2.0
6692,0.0011098384857177734,0.0,2.4000000000000004
6693,0.002588033676147461,0.0,2.8000000000000003
6694,0.0006380081176757812,0.0,3.2
6695,0.0025925636291503906,0.0,3.6
6696,0.0010373592376708984,0.0,4.0
6697,0.0006420612335205078,0.0,4.4
6698,0.0016791820526123047,0.0,4.4
6699,0.0024335384368896484,0.0,4.800000000000001
6700,0.0006310939788818359,0.0,4.800000000000001
6701,0.0025115013122558594,0.0,5.2
6702,0.0005881786346435547,0.0,5.2
6703,0.002207517623901367,0.0,5.2
6704,0.002644062042236328,0.0,5.2
6705,0.0006401538848876953,0.0,5.2
6706,0.002026081085205078,0.0,5.2
6707,0.002244234085083008,0.0,4.800000000000001
6708,0.001190185546875,0.0,4.800000000000001
6709,0.0005621910095214844,0.0,4.4
6710,0.0005574226379394531,0.0,4.4
6711,0.0019080638885498047,0.0,4.0
6712,0.0024046897888183594,0.0,3.6
6713,0.0025713443756103516,0.0,3.6
6714,0.0006785392761230469,0.0,3.2
6715,0.002100706100463867,0.0,2.8000000000000003
6716,0.0017387866973876953,0.0,2.4000000000000004
6717,0.0005974769592285156,0.0,2.0
6718,0.0019943714141845703,0.0,1.6
6719,0.0026459693908691406,0.0,0.8
6720,0.001165628433227539,0.0,0.4
6721,0.0026848316192626953,0.0,0.0
6722,0.0013782978057861328,0.0,-0.4
6723,0.002551555633544922,0.0,-0.8
6724,0.001180887222290039,0.0,-1.2000000000000002
6725,0.002866983413696289,0.0,-1.6
6726,0.0014104843139648438,0.0,-2.0
6727,0.0013620853424072266,0.0,-2.4000000000000004
6728,0.0011591911315917969,0.0,-2.8000000000000003
6729,0.0024352073669433594,0.0,-3.2
6730,0.0006704330444335938,0.0,-3.6
6731,0.002704620361328125,0.0,-4.0
6732,0.0007517337799072266,0.0,-4.4
6733,0.002757549285888672,0.0,-4.4
6734,0.0020415782928466797,0.0,-4.800000000000001
6735,0.002816438674926758,0.0,-4.800000000000001
6736,0.002324342727661133,0.0,-4.800000000000001
6737,0.0022199153900146484,0.0,-4.800000000000001
6738,0.0007092952728271484,0.0,-5.2
6739,0.002241849899291992,0.0,-5.2
6740,0.0008521080017089844,0.0,-4.800000000000001
6741,0.0019021034240722656,0.0,-4.800000000000001
6742,0.0011072158813476562,0.0,-4.800000000000001
6743,0.002813100814819336,0.0,-4.800000000000001
6744,0.0018732547760009766,0.0,-4.4
6745,0.002511739730834961,0.0,-4.4
6746,0.0012936592102050781,0.0,-4.0
6747,0.002177715301513672,0.0,-3.6
6748,0.0011959075927734375,0.0,-3.2
6749,0.0011959075927734375,0.0,-3.2
6750,0.001960277557373047,0.0,-2.8000000000000003
6751,0.0016655921936035156,0.0,-2.8000000000000003
6752,0.0019922256469726562,0.0,-2.4000000000000004
6753,0.0022306442260742188,0.0,-2.0
6754,0.002090930938720703,0.0,-1.2000000000000002
6755,0.0021164417266845703,0.0,-0.8
6756,0.0018095970153808594,0.0,-0.4
6757,0.002218961715698242,0.0,0.0
6758,0.0021419525146484375,0.0,0.4
6759,0.0007658004760742188,0.0,0.8
6760,0.002759218215942383,0.0,1.2000000000000002
6761,0.002311229705810547,0.0,1.6
6762,0.0018818378448486328,0.0,2.0
6763,0.0021615028381347656,0.0,2.4000000000000004
6764,0.0007238388061523438,0.0,2.8000000000000003
6765,0.002557039260864258,0.0,3.2
6766,0.0006754398345947266,0.0,3.6
6767,0.0021860599517822266,0.0,3.6
6768,0.0013937950134277344,0.0,4.0
6769,0.0023491382598876953,0.0,4.0
6770,0.0021762847900390625,0.0,4.4
6771,0.0006520748138427734,0.0,4.4
6772,0.0019202232360839844,0.0,4.800000000000001
6773,0.0007052421569824219,0.0,4.800000000000001
6774,0.0021626949310302734,0.0,4.800000000000001
6775,0.0019042491912841797,0.0,4.800000000000001
6776,0.002436399459838867,0.0,4.800000000000001
6777,0.00211334228515625,0.0,4.4
6778,0.0015878677368164062,0.0,4.4
6779,0.002073526382446289,0.0,4.4
6780,0.0018310546875,0.0,4.0
6781,0.0021865367889404297,0.0,4.0
6782,0.0014147758483886719,0.0,3.6
6783,0.0023908615112304688,0.0,3.2
6784,0.0015268325805664062,0.0,3.2
6785,0.0021703243255615234,0.0,2.8000000000000003
6786,0.0011496543884277344,0.0,2.4000000000000004
6787,0.0007138252258300781,0.0,2.0
6788,0.0018486976623535156,0.0,1.6
6789,0.0006542205810546875,0.0,1.2000000000000002
6790,0.001775979995727539,0.0,0.8
6791,0.0006127357482910156,0.0,0.4
6792,0.001974344253540039,0.0,0.0
6793,0.0005939006805419922,0.0,-0.4
6794,0.0020198822021484375,0.0,-0.8
6795,0.0006196498870849609,0.0,-1.2000000000000002
6796,0.0020148754119873047,0.0,-1.6
6797,0.002873659133911133,0.0,-2.0
6798,0.0006299018859863281,0.0,-2.4000000000000004
6799,0.0027413368225097656,0.0,-2.8000000000000003
6800,0.0014872550964355469,0.0,-3.2
6801,0.000644683837890625,0.0,-3.6
6802,0.0019288063049316406,0.0,-3.6
6803,0.0006206035614013672,0.0,-4.0
6804,0.0019485950469970703,0.0,-4.0
6805,0.0027697086334228516,0.0,-4.4
6806,0.0005996227264404297,0.0,-4.4
6807,0.002156972885131836,0.0,-4.4
6808,0.0014843940734863281,0.0,-4.4
6809,0.0006260871887207031,0.0,-4.4
6810,0.001722574234008789,0.0,-4.4
6811,0.0006146430969238281,0.0,-4.4
6812,0.002032041549682617,0.0,-4.4
6813,0.0029647350311279297,0.0,-4.4
6814,0.0011305809020996094,0.0,-4.0
6815,0.002431154251098633,0.0,-4.0
6816,0.0011417865753173828,0.0,-3.6
6817,0.0006015300750732422,0.0,-3.6
6818,0.002279043197631836,0.0,-3.2
6819,0.0005784034729003906,0.0,-2.8000000000000003
6820,0.0019729137420654297,0.0,-2.4000000000000004
6821,0.0021123886108398438,0.0,-2.4000000000000004
6822,0.0018565654754638672,0.0,-2.0
6823,0.00188446044921875,0.0,-1.6
6824,0.00063323974609375,0.0,-1.2000000000000002
6825,0.002387523651123047,0.0,-0.8
6826,0.001363992691040039,0.0,-0.4
6827,0.001963376998901367,0.0,0.0
6828,0.0018036365509033203,0.0,0.4
6829,0.0018694400787353516,0.0,0.8
6830,0.0011835098266601562,0.0,1.2000000000000002
6831,0.0006673336029052734,0.0,1.6
6832,0.0019283294677734375,0.0,2.0
6833,0.0024781227111816406,0.0,2.4000000000000004
6834,0.000978708267211914,0.0,2.8000000000000003
6835,0.002665996551513672,0.0,2.8000000000000003
6836,0.0018908977508544922,0.0,3.2
6837,0.001897573471069336,0.0,3.6
6838,0.0021262168884277344,0.0,3.6
6839,0.0029289722442626953,0.0,4.0
6840,0.0022029876708984375,0.0,4.0
6841,0.0007269382476806641,0.0,4.0
6842,0.0019104480743408203,0.0,4.4
6843,0.0006842613220214844,0.0,4.4
6844,0.0019173622131347656,0.0,4.4
6845,0.0006303787231445312,0.0,4.4
6846,0.0024116039276123047,0.0,4.0
6847,0.0028166770935058594,0.0,4.0
6848,0.0006570816040039062,0.0,4.0
6849,0.0021965503692626953,0.0,4.0
6850,0.0018036365509033203,0.0,3.6
6851,0.0006363391876220703,0.0,3.6
6852,0.0020720958709716797,0.0,3.2
6853,0.0006079673767089844,0.0,2.8000000000000003
6854,0.0021376609802246094,0.0,2.4000000000000004
6855,0.0005745887756347656,0.0,2.4000000000000004
6856,0.002177000045776367,0.0,2.0
6857,0.0006229877471923828,0.0,1.6
6858,0.002011537551879883,0.0,1.2000000000000002
6859,0.0021905899047851562,0.0,0.8
6860,0.0005958080291748047,0.0,0.4
6861,0.0023603439331054688,0.0,0.0
6862,0.0006155967712402344,0.0,-0.4
6863,0.002058267593383789,0.0,-0.8
6864,0.001440286636352539,0.0,-1.2000000000000002
6865,0.0006060600280761719,0.0,-1.6
6866,0.00244140625,0.0,-1.6
6867,0.0006275177001953125,0.0,-2.0
6868,0.0022978782653808594,0.0,-2.4000000000000004
6869,0.0006306171417236328,0.0,-2.8000000000000003
6870,0.0020704269409179688,0.0,-2.8000000000000003
6871,0.0016562938690185547,0.0,-3.2
6872,0.0005946159362792969,0.0,-3.6
6873,0.002629518508911133,0.0,-3.6
6874,0.0016825199127197266,0.0,-4.0
6875,0.0021419525146484375,0.0,-4.0
6876,0.0012307167053222656,0.0,-4.0
6877,0.0012307167053222656,0.0,-4.0
6878,0.001569509506225586,0.0,-4.0
6879,0.0007925033569335938,0.0,-4.0
6880,0.0020935535430908203,0.0,-4.0
6881,0.0020532608032226562,0.0,-4.0
6882,0.0013484954833984375,0.0,-4.0
6883,0.0026540756225585938,0.0,-4.0
6884,0.0019478797912597656,0.0,-4.0
6885,0.0006957054138183594,0.0,-3.6
6886,0.002604246139526367,0.0,-3.6
6887,0.0022852420806884766,0.0,-3.2
6888,0.0022726058959960938,0.0,-3.2
6889,0.0009882450103759766,0.0,-2.8000000000000003
6890,0.0010187625885009766,0.0,-2.4000000000000004
6891,0.002360105514526367,0.0,-2.0
6892,0.0016727447509765625,0.0,-2.0
6893,0.0009558200836181641,0.0,-1.6
6894,0.002228260040283203,0.0,-1.2000000000000002
6895,0.002223968505859375,0.0,-0.8
6896,0.0006983280181884766,0.0,-0.4
6897,0.0023076534271240234,0.0,0.0
6898,0.0013878345489501953,0.0,0.4
6899,0.0006909370422363281,0.0,0.8
6900,0.0022215843200683594,0.0,0.8
6901,0.0006470680236816406,0.0,1.2000000000000002
6902,0.0019576549530029297,0.0,1.6
6903,0.0007195472717285156,0.0,2.0
6904,0.0022788047790527344,0.0,2.4000000000000004
6905,0.0031926631927490234,0.0,2.4000000000000004
6906,0.0006170272827148438,0.0,2.8000000000000003
6907,0.0023250579833984375,0.0,3.2
6908,0.0006110668182373047,0.0,3.2
6909,0.0014109611511230469,0.0,3.6
6910,0.0006165504455566406,0.0,3.6
6911,0.0024254322052001953,0.0,3.6
6912,0.0005810260772705078,0.0,3.6
6913,0.0023682117462158203,0.0,4.0
6914,0.0013303756713867188,0.0,4.0
6915,0.0005857944488525391,0.0,4.0
6916,0.0019161701202392578,0.0,4.0
6917,0.0027358531951904297,0.0,3.6
6918,0.0006380081176757812,0.0,3.6
6919,0.0028009414672851562,0.0,3.6
6920,0.002450227737426758,0.0,3.2
6921,0.0005939006805419922,0.0,3.2
6922,0.0019373893737792969,0.0,2.8000000000000003
6923,0.002576112747192383,0.0,2.8000000000000003
6924,0.0006518363952636719,0.0,2.4000000000000004
6925,0.0027971267700195312,0.0,2.0
6926,0.0014846324920654297,0.0,2.0
6927,0.0006372928619384766,0.0,1.6
6928,0.0018923282623291016,0.0,1.2000000000000002
6929,0.0014688968658447266,0.0,0.8
6930,0.0012264251708984375,0.0,0.8
6931,0.0006818771362304688,0.0,0.4
6932,0.0022401809692382812,0.0,0.0
6933,0.0006859302520751953,0.0,-0.4
6934,0.002197742462158203,0.0,-0.8
6935,0.0026178359985351562,0.0,-1.2000000000000002
6936,0.0020456314086914062,0.0,-1.6
6937,0.0007622241973876953,0.0,-1.6
6938,0.0019342899322509766,0.0,-2.0
6939,0.0015437602996826172,0.0,-2.4000000000000004
6940,0.0016090869903564453,0.0,-2.4000000000000004
6941,0.002200603485107422,0.0,-2.8000000000000003
6942,0.0010657310485839844,0.0,-3.2
6943,0.0029747486114501953,0.0,-3.2
6944,0.0021691322326660156,0.0,-3.2
6945,0.0006921291351318359,0.0,-3.6
6946,0.0013048648834228516,0.0,-3.6
6947,0.0006196498870849609,0.0,-3.6
6948,0.0020689964294433594,0.0,-3.6
6949,0.0005834102630615234,0.0,-3.6
6950,0.002383708953857422,0.0,-3.6
6951,0.0022356510162353516,0.0,-3.6
6952,0.0006086826324462891,0.0,-3.6
6953,0.002177000045776367,0.0,-3.6
6954,0.0006780624389648438,0.0,-3.2
6955,0.0023412704467773438,0.0,-3.2
6956,0.001453399658203125,0.0,-3.2
6957,0.0006208419799804688,0.0,-2.8000000000000003
6958,0.0019953250885009766,0.0,-2.8000000000000003
6959,0.0027489662170410156,0.0,-2.4000000000000004
6960,0.002089977264404297,0.0,-2.0
6961,0.002414226531982422,0.0,-2.0
6962,0.0006315708160400391,0.0,-1.6
6963,0.0026879310607910156,0.0,-1.2000000000000002
6964,0.0006015300750732422,0.0,-0.8
6965,0.0021064281463623047,0.0,-0.4
6966,0.0006113052368164062,0.0,-0.4
6967,0.0024890899658203125,0.0,0.0
6968,0.002033233642578125,0.0,0.4
6969,0.0024743080139160156,0.0,0.8
6970,0.0010864734649658203,0.0,1.2000000000000002
6971,0.0005958080291748047,0.0,1.2000000000000002
6972,0.0019276142120361328,0.0,1.6
6973,0.0005896091461181641,0.0,2.0
6974,0.001982450485229492,0.0,2.0
6975,0.0005929470062255859,0.0,2.4000000000000004
6976,0.00208282470703125,0.0,2.4000000000000004
6977,0.002119779586791992,0.0,2.8000000000000003
6978,0.0013117790222167969,0.0,2.8000000000000003
6979,0.0023598670959472656,0.0,3.2
6980,0.0006270408630371094,0.0,3.2
6981,0.002527475357055664,0.0,3.2
6982,0.001967906951904297,0.0,3.2
6983,0.002652883529663086,0.0,3.6
6984,0.0006597042083740234,0.0,3.6
6985,0.0023009777069091797,0.0,3.6
6986,0.0017452239990234375,0.0,3.2
6987,0.0018470287322998047,0.0,3.2
6988,0.001123666763305664,0.0,3.2
6989,0.0006923675537109375,0.0,3.2
6990,0.002036571502685547,0.0,2.8000000000000003
6991,0.0024623870849609375,0.0,2.8000000000000003
6992,0.0015990734100341797,0.0,2.4000000000000004
6993,0.0007054805755615234,0.0,2.4000000000000004
6994,0.0022466182708740234,0.0,2.0
6995,0.0006096363067626953,0.0,2.0
6996,0.002518892288208008,0.0,1.6
6997,0.0025644302368164062,0.0,1.2000000000000002
6998,0.0016927719116210938,0.0,0.8
6999,0.0024139881134033203,0.0,0.8
7000,0.0006580352783203125,0.0,0.4
7001,0.002574443817138672,0.0,0.0
7002,0.0014543533325195312,0.0,-0.4
7003,0.0006268024444580078,0.0,-0.4
7004,0.002474069595336914,0.0,-0.8
7005,0.002881765365600586,0.0,-1.2000000000000002
7006,0.0023965835571289062,0.0,-1.2000000000000002
7007,0.0006206035614013672,0.0,-1.6
7008,0.0019876956939697266,0.0,-2.0
7009,0.000614166259765625,0.0,-2.0
7010,0.0027816295623779297,0.0,-2.4000000000000004
7011,0.0006368160247802734,0.0,-2.4000000000000004
7012,0.001988649368286133,0.0,-2.8000000000000003
7013,0.0006070137023925781,0.0,-2.8000000000000003
7014,0.002444028854370117,0.0,-3.2
7015,0.0005900859832763672,0.0,-3.2
7016,0.002742767333984375,0.0,-3.2
7017,0.0027723312377929688,0.0,-3.2
7018,0.0005848407745361328,0.0,-3.2
7019,0.0023660659790039062,0.0,-3.2
7020,0.0006396770477294922,0.0,-3.2
7021,0.002391338348388672,0.0,-3.2
7022,0.0020520687103271484,0.0,-3.2
7023,0.0006074905395507812,0.0,-3.2
7024,0.0022690296173095703,0.0,-2.8000000000000003
7025,0.002404928207397461,0.0,-2.8000000000000003
7026,0.0005028247833251953,0.0,-2.8000000000000003
7027,0.0020437240600585938,0.0,-2.4000000000000004
7028,0.0015537738800048828,0.0,-2.4000000000000004
7029,0.0024552345275878906,0.0,-2.0
7030,0.0020208358764648438,0.0,-1.6
7031,0.0024755001068115234,0.0,-1.6
7032,0.0013053417205810547,0.0,-1.2000000000000002
7033,0.0013053417205810547,0.0,-1.2000000000000002
7034,0.0019698143005371094,0.0,-0.8
7035,0.00241851806640625,0.0,-0.8
7036,0.0018286705017089844,0.0,-0.4
7037,0.002407550811767578,0.0,0.0
7038,0.0017032623291015625,0.0,0.0
7039,0.0022430419921875,0.0,0.4
7040,0.0011103153228759766,0.0,0.8
7041,0.000705718994140625,0.0,1.2000000000000002
7042,0.0017039775848388672,0.0,1.2000000000000002
7043,0.0006804466247558594,0.0,1.6
7044,0.0020737648010253906,0.0,1.6
7045,0.0005950927734375,0.0,2.0
7046,0.0019927024841308594,0.0,2.0
7047,0.0022971630096435547,0.0,2.4000000000000004
7048,0.000591278076171875,0.0,2.4000000000000004
7049,0.001577615737915039,0.0,2.8000000000000003
7050,0.0012049674987792969,0.0,2.8000000000000003
7051,0.0013506412506103516,0.0,2.8000000000000003
7052,0.0006339550018310547,0.0,2.8000000000000003
7053,0.0026509761810302734,0.0,3.2
7054,0.0027539730072021484,0.0,3.2
7055,0.0006594657897949219,0.0,3.2
7056,0.002056598663330078,0.0,3.2
7057,0.002744436264038086,0.0,2.8000000000000003
7058,0.0006222724914550781,0.0,2.8000000000000003
7059,0.0028862953186035156,0.0,2.8000000000000003
7060,0.00189971923828125,0.0,2.8000000000000003
7061,0.0024929046630859375,0.0,2.4000000000000004
7062,0.001844644546508789,0.0,2.4000000000000004
7063,0.002118825912475586,0.0,2.0
7064,0.0006244182586669922,0.0,2.0
7065,0.0018317699432373047,0.0,1.6
7066,0.0010955333709716797,0.0,1.6
7067,0.0006353855133056641,0.0,1.2000000000000002
7068,0.002127408981323242,0.0,1.2000000000000002
7069,0.002573251724243164,0.0,0.8
7070,0.0020589828491210938,0.0,0.4
7071,0.0006556510925292969,0.0,0.4
7072,0.0029697418212890625,0.0,0.0
7073,0.0006139278411865234,0.0,-0.4
7074,0.0020024776458740234,0.0,-0.4
7075,0.0006117820739746094,0.0,-0.8
7076,0.0022482872009277344,0.0,-1.2000000000000002
7077,0.002362489700317383,0.0,-1.2000000000000002
7078,0.0010886192321777344,0.0,-1.6
7079,0.0018391609191894531,0.0,-2.0
7080,0.0012712478637695312,0.0,-2.0
7081,0.0005819797515869141,0.0,-2.0
7082,0.0022275447845458984,0.0,-2.4000000000000004
7083,0.0006213188171386719,0.0,-2.4000000000000004
7084,0.002325773239135742,0.0,-2.8000000000000003
7085,0.0023193359375,0.0,-2.8000000000000003
7086,0.0019240379333496094,0.0,-2.8000000000000003
7087,0.0022554397583007812,0.0,-2.8000000000000003
7088,0.0010581016540527344,0.0,-2.8000000000000003
7089,0.0006861686706542969,0.0,-2.8000000000000003
7090,0.002166748046875,0.0,-2.8000000000000003
7091,0.0006816387176513672,0.0,-2.8000000000000003
7092,0.002004384994506836,0.0,-2.8000000000000003
7093,0.002391338348388672,0.0,-2.8000000000000003
7094,0.0019009113311767578,0.0,-2.8000000000000003
7095,0.002069234848022461,0.0,-2.4000000000000004
7096,0.0011532306671142578,0.0,-2.4000000000000004
7097,0.0006194114685058594,0.0,-2.4000000000000004
7098,0.002357006072998047,0.0,-2.0
7099,0.002923250198364258,0.0,-2.0
7100,0.0006422996520996094,0.0,-1.6
7101,0.0022232532501220703,0.0,-1.6
7102,0.0006270408630371094,0.0,-1.2000000000000002
7103,0.002655029296875,0.0,-0.8
7104,0.0011758804321289062,0.0,-0.8
7105,0.0022857189178466797,0.0,-0.4
7106,0.0012080669403076172,0.0,-0.4
7107,0.0006120204925537109,0.0,0.0
7108,0.0026397705078125,0.0,0.4
7109,0.0022835731506347656,0.0,0.4
7110,0.000637054443359375,0.0,0.8
7111,0.0024712085723876953,0.0,1.2000000000000002
7112,0.0006108283996582031,0.0,1.2000000000000002
7113,0.0024461746215820312,0.0,1.6
7114,0.0018346309661865234,0.0,1.6
7115,0.0006093978881835938,0.0,2.0
7116,0.0022716522216796875,0.0,2.0
7117,0.0024881362915039062,0.0,2.0
7118,0.0005886554718017578,0.0,2.4000000000000004
7119,0.0023431777954101562,0.0,2.4000000000000004
7120,0.0005791187286376953,0.0,2.4000000000000004
7121,0.0027992725372314453,0.0,2.4000000000000004
7122,0.0005905628204345703,0.0,2.8000000000000003
7123,0.0021562576293945312,0.0,2.8000000000000003
7124,0.0021085739135742188,0.0,2.8000000000000003
7125,0.0006110668182373047,0.0,2.8000000000000003
7126,0.0022695064544677734,0.0,2.8000000000000003
7127,0.0028722286224365234,0.0,2.4000000000000004
7128,0.0006623268127441406,0.0,2.4000000000000004
7129,0.002687215805053711,0.0,2.4000000000000004
7130,0.0012638568878173828,0.0,2.4000000000000004
7131,0.0006389617919921875,0.0,2.0
7132,0.0016694068908691406,0.0,2.0
7133,0.0020596981048583984,0.0,1.6
7134,0.0016617774963378906,0.0,1.6
7135,0.0007190704345703125,0.0,1.6
7136,0.002237558364868164,0.0,1.2000000000000002
7137,0.0022051334381103516,0.0,0.8
7138,0.0018949508666992188,0.0,0.8
7139,0.002405405044555664,0.0,0.4
7140,0.0017058849334716797,0.0,0.4
7141,0.0006935596466064453,0.0,0.0
7142,0.001922607421875,0.0,0.0
7143,0.002469301223754883,0.0,-0.4
7144,0.0006625652313232422,0.0,-0.8
7145,0.0014796257019042969,0.0,-0.8
7146,0.0019078254699707031,0.0,-1.2000000000000002
7147,0.0006093978881835938,0.0,-1.2000000000000002
7148,0.0020189285278320312,0.0,-1.6
7149,0.0016601085662841797,0.0,-1.6
7150,0.0006735324859619141,0.0,-2.0
7151,0.0018138885498046875,0.0,-2.0
7152,0.0013153553009033203,0.0,-2.0
7153,0.0008847713470458984,0.0,-2.4000000000000004
7154,0.0007224082946777344,0.0,-2.4000000000000004
7155,0.0018360614776611328,0.0,-2.4000000000000004
7156,0.0007109642028808594,0.0,-2.4000000000000004
7157,0.002458810806274414,0.0,-2.4000000000000004
7158,0.0006530284881591797,0.0,-2.4000000000000004
7159,0.0022203922271728516,0.0,-2.4000000000000004
7160,0.0019118785858154297,0.0,-2.4000000000000004
7161,0.0029120445251464844,0.0,-2.4000000000000004
7162,0.0022430419921875,0.0,-2.4000000000000004
7163,0.0004966259002685547,0.0,-2.4000000000000004
7164,0.0020437240600585938,0.0,-2.4000000000000004
7165,0.0006856918334960938,0.0,-2.0
7166,0.0026319026947021484,0.0,-2.0
7167,0.002814054489135742,0.0,-2.0
7168,0.0012791156768798828,0.0,-1.6
7169,0.0006122589111328125,0.0,-1.6
7170,0.0029053688049316406,0.0,-1.2000000000000002
7171,0.0024106502532958984,0.0,-1.2000000000000002
7172,0.0006163120269775391,0.0,-0.8
7173,0.0013270378112792969,0.0,-0.8
7174,0.0016167163848876953,0.0,-0.4
7175,0.0024750232696533203,0.0,-0.4
7176,0.00058746337890625,0.0,0.0
7177,0.0025577545166015625,0.0,0.0
7178,0.0006272792816162109,0.0,0.4
7179,0.0023534297943115234,0.0,0.4
7180,0.0005738735198974609,0.0,0.8
7181,0.0028448104858398438,0.0,0.8
7182,0.0015857219696044922,0.0,1.2000000000000002
7183,0.002367258071899414,0.0,1.2000000000000002
7184,0.0006651878356933594,0.0,1.6
7185,0.002189159393310547,0.0,1.6
7186,0.001627206802368164,0.0,1.6
7187,0.001627206802368164,0.0,1.6
7188,0.0022270679473876953,0.0,2.0
7189,0.0026323795318603516,0.0,2.0
7190,0.0007054805755615234,0.0,2.0
7191,0.002427816390991211,0.0,2.0
7192,0.0006422996520996094,0.0,2.4000000000000004
7193,0.0025403499603271484,0.0,2.4000000000000004
7194,0.0006306171417236328,0.0,2.4000000000000004
7195,0.0022935867309570312,0.0,2.4000000000000004
7196,0.0011358261108398438,0.0,2.4000000000000004
7197,0.0012760162353515625,0.0,2.4000000000000004
7198,0.0017244815826416016,0.0,2.0
7199,0.002212047576904297,0.0,2.0
7200,0.001153707504272461,0.0,2.0
7201,0.002619504928588867,0.0,2.0
7202,0.0015194416046142578,0.0,1.6
7203,0.0006771087646484375,0.0,1.6
7204,0.0019686222076416016,0.0,1.6
7205,0.0006504058837890625,0.0,1.2000000000000002
7206,0.0023484230041503906,0.0,1.2000000000000002
7207,0.0026092529296875,0.0,0.8
7208,0.0006420612335205078,0.0,0.8
7209,0.0023534297943115234,0.0,0.4
7210,0.0006256103515625,0.0,0.4
7211,0.001199483871459961,0.0,0.0
7212,0.002151966094970703,0.0,0.0
7213,0.0005900859832763672,0.0,-0.4
7214,0.002177715301513672,0.0,-0.4
7215,0.002187490463256836,0.0,-0.8
7216,0.0006086826324462891,0.0,-0.8
7217,0.002953052520751953,0.0,-1.2000000000000002
7218,0.0006151199340820312,0.0,-1.2000000000000002
7219,0.002077341079711914,0.0,-1.2000000000000002
7220,0.0018105506896972656,0.0,-1.6
7221,0.0005664825439453125,0.0,-1.6
7222,0.0022916793823242188,0.0,-1.6
7223,0.0023720264434814453,0.0,-2.0
7224,0.0006132125854492188,0.0,-2.0
7225,0.0027747154235839844,0.0,-2.0
7226,0.0006048679351806641,0.0,-2.0
7227,0.0024101734161376953,0.0,-2.0
7228,0.0005705356597900391,0.0,-2.0
7229,0.0018651485443115234,0.0,-2.0
7230,0.0005528926849365234,0.0,-2.0
7231,0.0014619827270507812,0.0,-2.0
7232,0.0013904571533203125,0.0,-2.0
7233,0.002438783645629883,0.0,-2.0
7234,0.0006768703460693359,0.0,-2.0
7235,0.002081632614135742,0.0,-2.0
7236,0.0018973350524902344,0.0,-1.6
7237,0.00270843505859375,0.0,-1.6
7238,0.0006606578826904297,0.0,-1.6
7239,0.0026178359985351562,0.0,-1.2000000000000002
7240,0.0022399425506591797,0.0,-1.2000000000000002
7241,0.0006296634674072266,0.0,-1.2000000000000002
7242,0.001959562301635742,0.0,-0.8
7243,0.002047300338745117,0.0,-0.8
7244,0.0017783641815185547,0.0,-0.4
7245,0.0005857944488525391,0.0,-0.4
7246,0.0024776458740234375,0.0,0.0
7247,0.0006246566772460938,0.0,0.0
7248,0.0024123191833496094,0.0,0.0
7249,0.0024521350860595703,0.0,0.4
7250,0.0006380081176757812,0.0,0.4
7251,0.002329111099243164,0.0,0.8
7252,0.0018513202667236328,0.0,0.8
7253,0.0022797584533691406,0.0,1.2000000000000002
7254,0.0023360252380371094,0.0,1.2000000000000002
7255,0.002640962600708008,0.0,1.2000000000000002
7256,0.0006604194641113281,0.0,1.6
7257,0.002763032913208008,0.0,1.6
7258,0.0006387233734130859,0.0,1.6
7259,0.0024895668029785156,0.0,1.6
7260,0.001894235610961914,0.0,1.6
7261,0.002300739288330078,0.0,2.0
7262,0.0005991458892822266,0.0,2.0
7263,0.0018918514251708984,0.0,2.0
7264,0.0012133121490478516,0.0,2.0
7265,0.0024678707122802734,0.0,2.0
7266,0.0006058216094970703,0.0,2.0
7267,0.0028030872344970703,0.0,2.0
7268,0.001712799072265625,0.0,1.6
7269,0.0021250247955322266,0.0,1.6
7270,0.0024416446685791016,0.0,1.6
7271,0.0026831626892089844,0.0,1.6
7272,0.0017120838165283203,0.0,1.2000000000000002
7273,0.0005970001220703125,0.0,1.2000000000000002
7274,0.002017498016357422,0.0,1.2000000000000002
7275,0.0027039051055908203,0.0,0.8
7276,0.002173900604248047,0.0,0.8
7277,0.0025491714477539062,0.0,0.8
7278,0.0006148815155029297,0.0,0.4
7279,0.002115964889526367,0.0,0.4
7280,0.0006091594696044922,0.0,0.0
7281,0.0018973350524902344,0.0,0.0
7282,0.0017559528350830078,0.0,0.0
7283,0.002222776412963867,0.0,-0.4
7284,0.0006873607635498047,0.0,-0.4
7285,0.002780914306640625,0.0,-0.8
7286,0.0019614696502685547,0.0,-0.8
7287,0.0006546974182128906,0.0,-0.8
7288,0.002161741256713867,0.0,-1.2000000000000002
7289,0.0006127357482910156,0.0,-1.2000000000000002
7290,0.002271413803100586,0.0,-1.2000000000000002
7291,0.0022699832916259766,0.0,-1.6
7292,0.0006122589111328125,0.0,-1.6
7293,0.0027413368225097656,0.0,-1.6
7294,0.0006165504455566406,0.0,-1.6
7295,0.0028133392333984375,0.0,-1.6
7296,0.0006356239318847656,0.0,-1.6
7297,0.003007650375366211,0.0,-2.0
7298,0.0006022453308105469,0.0,-2.0
7299,0.0022432804107666016,0.0,-2.0
7300,0.001802682876586914,0.0,-2.0
7301,0.0005958080291748047,0.0,-1.6
7302,0.0018961429595947266,0.0,-1.6
7303,0.0005860328674316406,0.0,-1.6
7304,0.0020127296447753906,0.0,-1.6
7305,0.0021691322326660156,0.0,-1.6
7306,0.0005872249603271484,0.0,-1.6
7307,0.0025856494903564453,0.0,-1.2000000000000002
7308,0.0005893707275390625,0.0,-1.2000000000000002
7309,0.0023190975189208984,0.0,-1.2000000000000002
7310,0.0005707740783691406,0.0,-0.8
7311,0.0015609264373779297,0.0,-0.8
7312,0.0005719661712646484,0.0,-0.8
7313,0.0014989376068115234,0.0,-0.4
7314,0.0005984306335449219,0.0,-0.4
7315,0.0019130706787109375,0.0,-0.4
7316,0.0021049976348876953,0.0,0.0
7317,0.0005624294281005859,0.0,0.0
7318,0.0020356178283691406,0.0,0.4
7319,0.0020356178283691406,0.0,0.4
7320,0.0017580986022949219,0.0,0.4
7321,0.0025322437286376953,0.0,0.4
7322,0.0006039142608642578,0.0,0.8
7323,0.0021753311157226562,0.0,0.8
7324,0.0005624294281005859,0.0,0.8
7325,0.002205371856689453,0.0,1.2000000000000002
7326,0.0005879402160644531,0.0,1.2000000000000002
7327,0.0021049976348876953,0.0,1.2000000000000002
7328,0.0014209747314453125,0.0,1.2000000000000002
7329,0.0018780231475830078,0.0,1.2000000000000002
7330,0.0006098747253417969,0.0,1.6
7331,0.0027544498443603516,0.0,1.6
7332,0.0006330013275146484,0.0,1.6
7333,0.002629518508911133,0.0,1.6
7334,0.002357006072998047,0.0,1.6
7335,0.0006477832794189453,0.0,1.6
7336,0.0022873878479003906,0.0,1.6
7337,0.0025870800018310547,0.0,1.6
7338,0.0006985664367675781,0.0,1.6
7339,0.002716064453125,0.0,1.2000000000000002
7340,0.0018982887268066406,0.0,1.2000000000000002
7341,0.0006108283996582031,0.0,1.2000000000000002
7342,0.0019271373748779297,0.0,1.2000000000000002
7343,0.0005972385406494141,0.0,1.2000000000000002
7344,0.001730203628540039,0.0,0.8
7345,0.0018835067749023438,0.0,0.8
7346,0.0016231536865234375,0.0,0.8
7347,0.0022134780883789062,0.0,0.4
7348,0.0020751953125,0.0,0.4
7349,0.0005953311920166016,0.0,0.4
7350,0.0019648075103759766,0.0,0.0
7351,0.0006186962127685547,0.0,0.0
7352,0.0024199485778808594,0.0,0.0
7353,0.0023643970489501953,0.0,-0.4
7354,0.0006115436553955078,0.0,-0.4
7355,0.002231597900390625,0.0,-0.4
7356,0.0011098384857177734,0.0,-0.4
7357,0.0025348663330078125,0.0,-0.8
7358,0.002071857452392578,0.0,-0.8
7359,0.0006592273712158203,0.0,-0.8
7360,0.0019297599792480469,0.0,-1.2000000000000002
7361,0.0027887821197509766,0.0,-1.2000000000000002
7362,0.0019309520721435547,0.0,-1.2000000000000002
7363,0.0006310939788818359,0.0,-1.2000000000000002
7364,0.0022287368774414062,0.0,-1.2000000000000002
7365,0.0006086826324462891,0.0,-1.2000000000000002
7366,0.002234935760498047,0.0,-1.6
7367,0.0005977153778076172,0.0,-1.6
7368,0.002318143844604492,0.0,-1.6
7369,0.002262592315673828,0.0,-1.6
7370,0.002309083938598633,0.0,-1.6
7371,0.0005772113800048828,0.0,-1.6
7372,0.0022246837615966797,0.0,-1.6
7373,0.0006418228149414062,0.0,-1.2000000000000002
7374,0.002017974853515625,0.0,-1.2000000000000002
7375,0.0027320384979248047,0.0,-1.2000000000000002
7376,0.0018129348754882812,0.0,-1.2000000000000002
7377,0.0028238296508789062,0.0,-1.2000000000000002
7378,0.002270936965942383,0.0,-1.2000000000000002
7379,0.0005733966827392578,0.0,-0.8
7380,0.0024313926696777344,0.0,-0.8
7381,0.0006020069122314453,0.0,-0.8
7382,0.0022077560424804688,0.0,-0.4
7383,0.002259969711303711,0.0,-0.4
7384,0.002642393112182617,0.0,-0.4
7385,0.002655506134033203,0.0,-0.4
7386,0.0019881725311279297,0.0,0.0
7387,0.0025093555450439453,0.0,0.0
7388,0.0006930828094482422,0.0,0.0
7389,0.0025832653045654297,0.0,0.4
7390,0.0006284713745117188,0.0,0.4
7391,0.0022516250610351562,0.0,0.4
7392,0.0006084442138671875,0.0,0.4
7393,0.0025942325592041016,0.0,0.8
7394,0.0018062591552734375,0.0,0.8
7395,0.0024285316467285156,0.0,0.8
7396,0.0010790824890136719,0.0,0.8
7397,0.0025510787963867188,0.0,0.8
7398,0.0010251998901367188,0.0,1.2000000000000002
7399,0.0028150081634521484,0.0,1.2000000000000002
7400,0.0006091594696044922,0.0,1.2000000000000002
7401,0.0028352737426757812,0.0,1.2000000000000002
7402,0.0005700588226318359,0.0,1.2000000000000002
7403,0.002538442611694336,0.0,1.2000000000000002
7404,0.0006010532379150391,0.0,1.2000000000000002
7405,0.0024068355560302734,0.0,1.2000000000000002
7406,0.0016317367553710938,0.0,1.2000000000000002
7407,0.0026073455810546875,0.0,1.2000000000000002
7408,0.0013625621795654297,0.0,1.2000000000000002
7409,0.0025322437286376953,0.0,1.2000000000000002
7410,0.0006268024444580078,0.0,0.8
7411,0.0028209686279296875,0.0,0.8
7412,0.001920461654663086,0.0,0.8
7413,0.0022585391998291016,0.0,0.8
7414,0.0014731884002685547,0.0,0.8
7415,0.0006804466247558594,0.0,0.4
7416,0.002485036849975586,0.0,0.4
7417,0.003033161163330078,0.0,0.4
7418,0.0012998580932617188,0.0,0.4
7419,0.0006582736968994141,0.0,0.0
7420,0.002222299575805664,0.0,0.0
7421,0.0025894641876220703,0.0,0.0
7422,0.0021009445190429688,0.0,0.0
7423,0.002505064010620117,0.0,-0.4
7424,0.002098560333251953,0.0,-0.4
7425,0.00205230712890625,0.0,-0.4
7426,0.0006759166717529297,0.0,-0.4
7427,0.0018963813781738281,0.0,-0.4
7428,0.0017747879028320312,0.0,-0.8
7429,0.002621889114379883,0.0,-0.8
7430,0.0020177364349365234,0.0,-0.8
7431,0.002547025680541992,0.0,-0.8
7432,0.0007145404815673828,0.0,-0.8
7433,0.001825094223022461,0.0,-0.8
7434,0.0011107921600341797,0.0,-1.2000000000000002
7435,0.0014715194702148438,0.0,-1.2000000000000002
7436,0.0014309883117675781,0.0,-1.2000000000000002
7437,0.0017712116241455078,0.0,-1.2000000000000002
7438,0.0010991096496582031,0.0,-1.2000000000000002
7439,0.0020651817321777344,0.0,-1.2000000000000002
7440,0.0007150173187255859,0.0,-1.2000000000000002
7441,0.0011327266693115234,0.0,-1.2000000000000002
7442,0.0006797313690185547,0.0,-1.2000000000000002
7443,0.001981496810913086,0.0,-1.2000000000000002
7444,0.002269744873046875,0.0,-0.8
7445,0.0011615753173828125,0.0,-0.8
7446,0.0011439323425292969,0.0,-0.8
7447,0.0006656646728515625,0.0,-0.8
7448,0.0023255348205566406,0.0,-0.8
7449,0.002657651901245117,0.0,-0.8
7450,0.0017650127410888672,0.0,-0.4
7451,0.002122163772583008,0.0,-0.4
7452,0.0006422996520996094,0.0,-0.4
7453,0.002573251724243164,0.0,-0.4
7454,0.0020987987518310547,0.0,-0.4
7455,0.0006539821624755859,0.0,0.0
7456,0.002281665802001953,0.0,0.0
7457,0.0006172657012939453,0.0,0.0
7458,0.001972675323486328,0.0,0.0
7459,0.0006415843963623047,0.0,0.0
7460,0.00229644775390625,0.0,0.4
7461,0.0025146007537841797,0.0,0.4
7462,0.0018455982208251953,0.0,0.4
7463,0.0005872249603271484,0.0,0.4
7464,0.00218963623046875,0.0,0.4
7465,0.0030324459075927734,0.0,0.4
7466,0.001957416534423828,0.0,0.8
7467,0.0020525455474853516,0.0,0.8
7468,0.0006275177001953125,0.0,0.8
7469,0.0026106834411621094,0.0,0.8
7470,0.002226114273071289,0.0,0.8
7471,0.002532958984375,0.0,0.8
7472,0.0020334720611572266,0.0,0.8
7473,0.002521991729736328,0.0,0.8
7474,0.0006933212280273438,0.0,0.8
7475,0.002773761749267578,0.0,0.8
7476,0.0021157264709472656,0.0,0.8
7477,0.0023338794708251953,0.0,0.8
7478,0.0013692378997802734,0.0,0.8
7479,0.0027952194213867188,0.0,0.8
7480,0.002424478530883789,0.0,0.8
7481,0.0018966197967529297,0.0,0.8
7482,0.0014500617980957031,0.0,0.4
7483,0.0024728775024414062,0.0,0.4
7484,0.0025870800018310547,0.0,0.4
7485,0.0025870800018310547,0.0,0.4
7486,0.0007579326629638672,0.0,0.4
7487,0.0026755332946777344,0.0,0.4
7488,0.0015151500701904297,0.0,0.4
7489,0.0007102489471435547,0.0,0.0
7490,0.0023076534271240234,0.0,0.0
7491,0.00069427490234375,0.0,0.0
7492,0.0022470951080322266,0.0,0.0
7493,0.0007767677307128906,0.0,0.0
7494,0.002134084701538086,0.0,0.0
7495,0.0022220611572265625,0.0,-0.4
7496,0.0013434886932373047,0.0,-0.4
7497,0.0006537437438964844,0.0,-0.4
7498,0.002665281295776367,0.0,-0.4
7499,0.0006029605865478516,0.0,-0.4
7500,0.00217437744140625,0.0,-0.4
7501,0.0006322860717773438,0.0,-0.4
7502,0.002378225326538086,0.0,-0.8
7503,0.0005905628204345703,0.0,-0.8
7504,0.0020122528076171875,0.0,-0.8
7505,0.0006060600280761719,0.0,-0.8
7506,0.001804351806640625,0.0,-0.8
7507,0.0005893707275390625,0.0,-0.8
7508,0.0023317337036132812,0.0,-0.8
7509,0.0005717277526855469,0.0,-0.8
7510,0.001661539077758789,0.0,-0.8
7511,0.0005526542663574219,0.0,-0.8
7512,0.0017592906951904297,0.0,-0.8
7513,0.0006086826324462891,0.0,-0.8
7514,0.0022788047790527344,0.0,-0.8
7515,0.0021321773529052734,0.0,-0.8
7516,0.0012576580047607422,0.0,-0.8
7517,0.0028014183044433594,0.0,-0.4
7518,0.001821279525756836,0.0,-0.4
7519,0.0006248950958251953,0.0,-0.4
7520,0.0025565624237060547,0.0,-0.4
7521,0.002369403839111328,0.0,-0.4
7522,0.0018301010131835938,0.0,-0.4
7523,0.0006115436553955078,0.0,-0.4
7524,0.002325773239135742,0.0,-0.4
7525,0.0026154518127441406,0.0,0.0
7526,0.0006656646728515625,0.0,0.0
7527,0.002129793167114258,0.0,0.0
7528,0.001687765121459961,0.0,0.0
7529,0.002516031265258789,0.0,0.0
7530,0.0017194747924804688,0.0,0.0
7531,0.0025038719177246094,0.0,0.0
7532,0.0016493797302246094,0.0,0.4
7533,0.0027933120727539062,0.0,0.4
7534,0.0008003711700439453,0.0,0.4
