,Latency,PWM Value,Angle
0,0.0,0.0,0.0
1,0.006296873092651367,0.0,0.0
2,0.01144862174987793,0.0,0.0
3,0.01289510726928711,0.0,0.0
4,0.01307368278503418,0.0,0.0
5,0.007717609405517578,0.0,0.0
6,0.008237600326538086,0.0,0.0
7,0.003566741943359375,0.0,0.0
8,0.01791095733642578,0.0,0.0
9,0.012700319290161133,0.0,0.0
10,0.013066768646240234,0.0,0.0
11,0.0005524158477783203,0.0,0.0
12,0.006591081619262695,0.0,0.0
13,0.010798215866088867,0.0,0.0
14,0.010040998458862305,0.0,0.0
15,0.004091978073120117,0.0,0.0
16,0.0028793811798095703,0.0,0.0
17,0.007474660873413086,0.0,0.0
18,0.0002925395965576172,0.0,0.0
19,0.0004508495330810547,0.0,0.0
20,0.0004813671112060547,0.0,0.0
21,0.0002532005310058594,0.0,0.0
22,0.00043010711669921875,0.0,0.0
23,0.000232696533203125,0.0,0.0
24,0.0003063678741455078,0.0,0.0
25,0.00045037269592285156,0.0,0.0
26,0.00038504600524902344,0.0,0.0
27,0.000339508056640625,0.0,0.0
28,0.00025534629821777344,0.0,0.0
29,0.0002486705780029297,0.0,0.0
30,0.0003542900085449219,0.0,0.0
31,0.0003161430358886719,0.0,0.0
32,0.0003814697265625,0.0,0.0
33,0.0004544258117675781,0.0,0.0
34,0.0006415843963623047,0.0,0.0
35,0.0006077289581298828,0.0,0.0
36,0.0004448890686035156,0.0,0.0
37,0.0004360675811767578,0.0,0.0
38,0.0004239082336425781,0.0,0.0
39,0.000469207763671875,0.0,0.0
40,0.0003554821014404297,0.0,0.0
41,0.00047397613525390625,0.0,0.0
42,0.00043082237243652344,0.0,0.0
43,0.0005216598510742188,0.0,0.0
44,0.0009794235229492188,0.0,0.0
45,0.0005631446838378906,0.0,0.0
46,0.0012660026550292969,0.0,0.0
47,0.00046443939208984375,0.0,0.0
48,0.0010638236999511719,0.0,0.0
49,0.0004439353942871094,0.0,0.0
50,0.00042939186096191406,0.0,0.0
51,0.0012624263763427734,0.0,0.0
52,0.0004410743713378906,0.0,0.0
53,0.0012967586517333984,0.0,0.0
54,0.0004723072052001953,0.0,0.0
55,0.0013225078582763672,0.0,0.0
56,0.0005891323089599609,0.0,0.0
57,0.0013699531555175781,0.0,0.0
58,0.0004889965057373047,0.0,0.0
59,0.0012631416320800781,0.0,0.0
60,0.0004429817199707031,0.0,0.0
61,0.0013747215270996094,0.0,0.0
62,0.0005004405975341797,0.0,0.0
63,0.0013208389282226562,0.0,0.0
64,0.00044608116149902344,0.0,0.0
65,0.001219034194946289,0.0,0.0
66,0.00045490264892578125,0.0,0.0
67,0.001247406005859375,0.0,0.0
68,0.0004353523254394531,0.0,0.0
69,0.0012555122375488281,0.0,0.0
70,0.00045943260192871094,0.0,0.0
71,0.001348257064819336,0.0,0.0
72,0.00044274330139160156,0.0,0.0
73,0.0013213157653808594,0.0,0.0
74,0.0012538433074951172,0.0,0.0
75,0.0004394054412841797,0.0,0.0
76,0.0012767314910888672,0.0,0.0
77,0.0013322830200195312,0.0,0.0
78,0.0004947185516357422,0.0,0.0
79,0.0013103485107421875,0.0,0.0
80,0.0014681816101074219,0.0,0.0
81,0.0005729198455810547,0.0,0.0
82,0.0006289482116699219,0.0,0.0
83,0.0007290840148925781,0.0,0.0
84,0.0007784366607666016,0.0,0.0
85,0.0004837512969970703,0.0,0.0
86,0.00104522705078125,0.0,0.0
87,0.0007874965667724609,0.0,0.0
88,0.0004544258117675781,0.0,0.0
89,0.0007567405700683594,0.0,0.0
90,0.0005543231964111328,0.0,0.0
91,0.001003265380859375,0.0,0.0
92,0.0005624294281005859,0.0,0.0
93,0.0010247230529785156,0.0,0.0
94,0.0006926059722900391,0.0,0.0
95,0.0007719993591308594,0.0,0.0
96,0.00047397613525390625,0.0,0.0
97,0.0008180141448974609,0.0,0.0
98,0.0007822513580322266,0.0,0.0
99,0.00046324729919433594,0.0,0.0
100,0.0004229545593261719,0.0,0.0
101,0.0004296302795410156,0.0,0.0
102,0.001527547836303711,0.0,0.0
103,0.000446319580078125,0.0,0.0
104,0.001191854476928711,0.0,0.0
105,0.0004820823669433594,0.0,0.0
106,0.00042128562927246094,0.0,0.0
107,0.0004277229309082031,0.0,0.0
108,0.00042176246643066406,0.0,0.0
109,0.0005376338958740234,0.0,0.0
110,0.0006024837493896484,0.0,0.0
111,0.0005667209625244141,0.0,0.0
112,0.0004246234893798828,0.0,0.0
113,0.00043487548828125,0.0,0.0
114,0.0004305839538574219,0.0,0.0
115,0.0005288124084472656,0.0,0.0
116,0.0004620552062988281,0.0,0.0
117,0.0005881786346435547,0.0,0.0
118,0.0008141994476318359,0.0,0.0
119,0.0005660057067871094,0.0,0.0
120,0.0013165473937988281,0.0,0.0
121,0.0005426406860351562,0.0,0.0
122,0.0012569427490234375,0.0,0.0
123,0.00044608116149902344,0.0,0.0
124,0.0012562274932861328,0.0,0.0
125,0.000438690185546875,0.0,0.0
126,0.0013456344604492188,0.0,0.0
127,0.001230001449584961,0.0,0.0
128,0.0004949569702148438,0.0,0.0
129,0.0012962818145751953,0.0,0.0
130,0.0004513263702392578,0.0,0.0
131,0.0016720294952392578,0.0,0.0
132,0.00121307373046875,0.0,0.0
133,0.0004818439483642578,0.0,0.0
134,0.0012812614440917969,0.0,0.0
135,0.0011630058288574219,0.0,0.0
136,0.0011317729949951172,0.0,0.0
137,0.0010099411010742188,0.0,0.0
138,0.0007414817810058594,0.0,0.0
139,0.000476837158203125,0.0,0.0
140,0.0011317729949951172,0.0,0.0
141,0.000978231430053711,0.0,0.0
142,0.0013179779052734375,0.0,0.0
143,0.0012459754943847656,0.0,0.0
144,0.0004725456237792969,0.0,0.0
145,0.0013082027435302734,0.0,0.0
146,0.0004413127899169922,0.0,0.0
147,0.0012476444244384766,0.0,0.0
148,0.00118255615234375,0.0,0.0
149,0.0005438327789306641,0.0,0.0
150,0.0013103485107421875,0.0,0.0
151,0.0012555122375488281,0.0,0.0
152,0.0012555122375488281,0.0,0.0
153,0.0012969970703125,0.0,0.0
154,0.0011837482452392578,0.0,0.0
155,0.0012640953063964844,0.0,0.0
156,0.001249551773071289,0.0,0.0
157,0.00042939186096191406,0.0,0.0
158,0.001283407211303711,0.0,0.0
159,0.00042891502380371094,0.0,0.0
160,0.0007648468017578125,0.0,0.0
161,0.0005896091461181641,0.0,0.0
162,0.0012769699096679688,0.0,0.0
163,0.00043845176696777344,0.0,0.0
164,0.0012421607971191406,0.0,0.0
165,0.0004398822784423828,0.0,0.0
166,0.0013599395751953125,0.0,0.0
167,0.0004229545593261719,0.0,0.0
168,0.0012981891632080078,0.0,0.0
169,0.0012700557708740234,0.0,0.0
170,0.0004658699035644531,0.0,0.0
171,0.0012195110321044922,0.0,0.0
172,0.0004382133483886719,0.0,0.0
173,0.0012056827545166016,0.0,0.0
174,0.00048422813415527344,0.0,0.0
175,0.0013437271118164062,0.0,0.0
176,0.0012769699096679688,0.0,0.0
177,0.0004551410675048828,0.0,0.0
178,0.0013074874877929688,0.0,0.0
179,0.001195669174194336,0.0,0.0
180,0.001234292984008789,0.0,0.0
181,0.00043964385986328125,0.0,0.0
182,0.0012745857238769531,0.0,0.0
183,0.0012722015380859375,0.0,0.0
184,0.00047516822814941406,0.0,0.0
185,0.0012688636779785156,0.0,0.0
186,0.0012640953063964844,0.0,0.0
187,0.0012235641479492188,0.0,0.0
188,0.0004787445068359375,0.0,0.0
189,0.0005919933319091797,0.0,0.0
190,0.0009889602661132812,0.0,0.0
191,0.0005350112915039062,0.0,0.0
192,0.001291513442993164,0.0,0.0
193,0.0012509822845458984,0.0,0.0
194,0.0012116432189941406,0.0,0.0
195,0.0012633800506591797,0.0,0.0
196,0.0012507438659667969,0.0,0.0
197,0.0004627704620361328,0.0,0.0
198,0.0013058185577392578,0.0,0.0
199,0.0004565715789794922,0.0,0.0
200,0.001287221908569336,0.0,0.0
201,0.0004646778106689453,0.0,0.0
202,0.0012018680572509766,0.0,0.0
203,0.0004565715789794922,0.0,0.0
204,0.0012941360473632812,0.0,0.0
205,0.00045228004455566406,0.0,0.0
206,0.0013124942779541016,0.0,0.0
207,0.00046515464782714844,0.002,0.0
208,0.0007214546203613281,0.002,0.0
209,0.0005671977996826172,0.004,0.0
210,0.0010421276092529297,0.004,0.0
211,0.0006012916564941406,0.006,0.0
212,0.0006268024444580078,0.006,0.0
213,0.0007808208465576172,0.009,0.0
214,0.0006177425384521484,0.011,0.0
215,0.0006997585296630859,0.011,0.0
216,0.0006635189056396484,0.013,0.0
217,0.0006654262542724609,0.013,0.0
218,0.0005104541778564453,0.017,0.0
219,0.0006127357482910156,0.019,0.0
220,0.0007205009460449219,0.019,0.0
221,0.0005049705505371094,0.019,0.0
222,0.0009930133819580078,0.019,0.0
223,0.0013537406921386719,0.019,0.0
224,0.0008463859558105469,0.022,0.0
225,0.0006847381591796875,0.024,0.0
226,0.000843048095703125,0.024,0.0
227,0.0010190010070800781,0.024,0.0
228,0.0006740093231201172,0.024,0.0
229,0.0005326271057128906,0.028,0.0
230,0.0011372566223144531,0.028,0.0
231,0.0007569789886474609,0.028,0.0
232,0.001310110092163086,0.028,0.0
233,0.0005521774291992188,0.032,0.0
234,0.0006630420684814453,0.032,0.0
235,0.0008554458618164062,0.034,0.0
236,0.0006618499755859375,0.034,0.0
237,0.0010645389556884766,0.034,0.0
238,0.0009076595306396484,0.034,0.0
239,0.00048160552978515625,0.034,0.0
240,0.0012669563293457031,0.034,0.0
241,0.00046515464782714844,0.034,0.0
242,0.0013415813446044922,0.037,0.0
243,0.0012464523315429688,0.037,0.0
244,0.0012764930725097656,0.037,0.0
245,0.0015027523040771484,0.037,0.0
246,0.0007178783416748047,0.039,0.0
247,0.0015325546264648438,0.039,0.0
248,0.0015044212341308594,0.041,0.0
249,0.0011620521545410156,0.043,0.0
250,0.0009610652923583984,0.045,0.0
251,0.0009210109710693359,0.047,0.0
252,0.0006394386291503906,0.05,0.0
253,0.0006146430969238281,0.052,0.0
254,0.0007164478302001953,0.052,0.0
255,0.00044345855712890625,0.056,0.0
256,0.0008172988891601562,0.056,0.0
257,0.0006711483001708984,0.058,0.0
258,0.0006194114685058594,0.063,0.0
259,0.0009965896606445312,0.063,0.4
260,0.0004799365997314453,0.067,0.4
261,0.0004298686981201172,0.069,0.4
262,0.0005025863647460938,0.069,0.8
263,0.0007374286651611328,0.071,0.8
264,0.0005102157592773438,0.073,1.2000000000000002
265,0.00045871734619140625,0.075,1.6
266,0.0007317066192626953,0.075,2.0
267,0.0004875659942626953,0.078,2.4000000000000004
268,0.0008521080017089844,0.08,2.8000000000000003
269,0.0005471706390380859,0.08,3.2
270,0.001100778579711914,0.08,3.6
271,0.0006704330444335938,0.08,4.4
272,0.0014424324035644531,0.08,4.800000000000001
273,0.0007987022399902344,0.08,5.6000000000000005
274,0.0006437301635742188,0.082,6.4
275,0.0006835460662841797,0.082,7.2
276,0.0025336742401123047,0.082,7.6000000000000005
277,0.0006802082061767578,0.084,8.4
278,0.0010919570922851562,0.084,9.200000000000001
279,0.0006396770477294922,0.086,10.0
280,0.0004544258117675781,0.088,10.8
281,0.0009219646453857422,0.088,11.600000000000001
282,0.00048542022705078125,0.088,12.4
283,0.0007526874542236328,0.091,13.200000000000001
284,0.0009720325469970703,0.093,14.0
285,0.0007321834564208984,0.095,14.8
286,0.00047516822814941406,0.097,15.600000000000001
287,0.0008440017700195312,0.099,16.0
288,0.000972747802734375,0.101,16.8
289,0.0005578994750976562,0.103,17.6
290,0.0005578994750976562,0.106,17.6
291,0.0006275177001953125,0.108,18.0
292,0.00047326087951660156,0.112,18.400000000000002
293,0.00043654441833496094,0.116,19.200000000000003
294,0.000461578369140625,0.119,19.6
295,0.00047779083251953125,0.121,20.0
296,0.0006544589996337891,0.121,20.400000000000002
297,0.0008587837219238281,0.121,20.8
298,0.0008943080902099609,0.123,20.8
299,0.0008058547973632812,0.125,21.200000000000003
300,0.0008270740509033203,0.129,21.200000000000003
301,0.0008759498596191406,0.134,21.6
302,0.0008306503295898438,0.136,21.6
303,0.0006706714630126953,0.142,22.0
304,0.0009357929229736328,0.144,22.0
305,0.00035262107849121094,0.149,22.0
306,0.00047206878662109375,0.153,22.400000000000002
307,0.0004622936248779297,0.155,22.400000000000002
308,0.0005185604095458984,0.157,22.400000000000002
309,0.00043129920959472656,0.162,22.400000000000002
310,0.000457763671875,0.164,22.400000000000002
311,0.00043582916259765625,0.168,22.8
312,0.0006053447723388672,0.168,22.8
313,0.0004451274871826172,0.17,22.8
314,0.0005362033843994141,0.17,23.200000000000003
315,0.0007977485656738281,0.172,23.200000000000003
316,0.0005393028259277344,0.175,23.6
317,0.0011305809020996094,0.175,23.6
318,0.0006299018859863281,0.177,24.0
319,0.0009062290191650391,0.177,24.400000000000002
320,0.0004928112030029297,0.177,24.8
321,0.0018486976623535156,0.177,25.6
322,0.0006487369537353516,0.177,26.0
323,0.0015761852264404297,0.177,26.400000000000002
324,0.0006489753723144531,0.177,27.200000000000003
325,0.0022656917572021484,0.177,27.6
326,0.0006170272827148438,0.175,28.400000000000002
327,0.0006265640258789062,0.17,29.200000000000003
328,0.0005815029144287109,0.164,30.0
329,0.0004508495330810547,0.159,30.8
330,0.0004458427429199219,0.155,31.6
331,0.0004413127899169922,0.153,32.4
332,0.0004703998565673828,0.151,33.2
333,0.00047135353088378906,0.144,34.0
334,0.0005626678466796875,0.142,34.800000000000004
335,0.0007183551788330078,0.14,35.2
336,0.00045037269592285156,0.138,36.0
337,0.0005881786346435547,0.134,36.800000000000004
338,0.0006773471832275391,0.131,37.2
339,0.00046372413635253906,0.131,37.6
340,0.00048542022705078125,0.131,38.0
341,0.0005080699920654297,0.129,38.0
342,0.0008256435394287109,0.127,38.400000000000006
343,0.0007147789001464844,0.125,38.400000000000006
344,0.00044846534729003906,0.123,38.400000000000006
345,0.0009241104125976562,0.123,38.0
346,0.0008361339569091797,0.123,37.6
347,0.0005891323089599609,0.116,37.2
348,0.0004265308380126953,0.116,36.800000000000004
349,0.001241922378540039,0.116,36.0
350,0.0008254051208496094,0.116,35.2
351,0.0010159015655517578,0.116,34.4
352,0.0015630722045898438,0.116,33.2
353,0.0012297630310058594,0.116,32.4
354,0.0006749629974365234,0.112,31.200000000000003
355,0.0012135505676269531,0.112,30.0
356,0.0011451244354248047,0.112,28.400000000000002
357,0.0006864070892333984,0.112,27.200000000000003
358,0.0014116764068603516,0.112,25.6
359,0.0006611347198486328,0.112,24.0
360,0.000637054443359375,0.112,22.400000000000002
361,0.0004673004150390625,0.112,20.8
362,0.0016467571258544922,0.112,19.200000000000003
363,0.000614166259765625,0.112,17.6
364,0.0021047592163085938,0.112,16.0
365,0.0005729198455810547,0.112,14.4
366,0.001544952392578125,0.112,13.200000000000001
367,0.001382589340209961,0.112,11.600000000000001
368,0.0006306171417236328,0.112,10.0
369,0.0011816024780273438,0.112,8.8
370,0.00047850608825683594,0.127,7.2
371,0.0005970001220703125,0.138,6.0
372,0.00046753883361816406,0.144,4.800000000000001
373,0.0004322528839111328,0.147,4.0
374,0.0004572868347167969,0.147,2.8000000000000003
375,0.0004696846008300781,0.147,2.0
376,0.0011088848114013672,0.147,1.6
377,0.0009794235229492188,0.147,0.8
378,0.0007472038269042969,0.147,0.4
379,0.0014667510986328125,0.147,0.4
380,0.0006628036499023438,0.147,0.4
381,0.0016214847564697266,0.147,0.8
382,0.0005939006805419922,0.147,0.8
383,0.0012946128845214844,0.147,1.6
384,0.0005843639373779297,0.147,2.4000000000000004
385,0.0014374256134033203,0.147,3.2
386,0.0005526542663574219,0.147,4.4
387,0.0025620460510253906,0.147,5.6000000000000005
388,0.0005481243133544922,0.147,6.800000000000001
389,0.0015757083892822266,0.147,8.4
390,0.001356363296508789,0.147,10.0
391,0.00067901611328125,0.147,11.600000000000001
392,0.0023822784423828125,0.147,13.200000000000001
393,0.0017178058624267578,0.147,15.200000000000001
394,0.001705169677734375,0.147,17.2
395,0.0018622875213623047,0.147,19.200000000000003
396,0.0015382766723632812,0.147,21.200000000000003
397,0.0008935928344726562,0.147,23.200000000000003
398,0.0017600059509277344,0.147,25.200000000000003
399,0.0006279945373535156,0.147,27.200000000000003
400,0.0016138553619384766,0.147,29.200000000000003
401,0.0008428096771240234,0.147,31.200000000000003
402,0.0004930496215820312,0.136,33.2
403,0.0006995201110839844,0.129,34.800000000000004
404,0.0003871917724609375,0.116,36.4
405,0.0005116462707519531,0.103,38.400000000000006
406,0.0005295276641845703,0.088,39.6
407,0.0005130767822265625,0.08,41.2
408,0.0006587505340576172,0.08,42.400000000000006
409,0.00047135353088378906,0.08,43.6
410,0.0004885196685791016,0.08,44.400000000000006
411,0.0018987655639648438,0.08,45.2
412,0.0009579658508300781,0.08,45.6
413,0.0003867149353027344,0.075,46.0
414,0.0006222724914550781,0.075,46.0
415,0.000492095947265625,0.071,46.0
416,0.0004570484161376953,0.069,45.2
417,0.0009098052978515625,0.069,44.800000000000004
418,0.00046896934509277344,0.067,44.0
419,0.000537872314453125,0.067,42.800000000000004
420,0.0011146068572998047,0.067,41.2
421,0.0004570484161376953,0.067,39.6
422,0.002319812774658203,0.067,38.0
423,0.0007307529449462891,0.065,36.0
424,0.002227306365966797,0.065,33.6
425,0.0004863739013671875,0.065,31.200000000000003
426,0.0016026496887207031,0.065,28.8
427,0.0010595321655273438,0.065,26.0
428,0.0015726089477539062,0.065,23.200000000000003
429,0.0006935596466064453,0.065,20.400000000000002
430,0.0014619827270507812,0.065,17.2
431,0.0005867481231689453,0.065,14.0
432,0.0017385482788085938,0.065,11.200000000000001
433,0.0005700588226318359,0.065,8.0
434,0.0014505386352539062,0.065,4.800000000000001
435,0.0006093978881835938,0.065,1.6
436,0.0004961490631103516,0.065,-1.2000000000000002
437,0.0015859603881835938,0.065,-4.4
438,0.0006525516510009766,0.065,-7.2
439,0.001224517822265625,0.065,-9.600000000000001
440,0.0004677772521972656,0.065,-12.4
441,0.0017428398132324219,0.065,-14.8
442,0.00140380859375,0.065,-16.8
443,0.001725912094116211,0.065,-18.8
444,0.0021085739135742188,0.065,-20.400000000000002
445,0.0006253719329833984,0.065,-22.0
446,0.0014233589172363281,0.065,-23.6
447,0.001580953598022461,0.065,-24.400000000000002
448,0.0021774768829345703,0.065,-25.200000000000003
449,0.0016586780548095703,0.065,-25.6
450,0.002222776412963867,0.065,-26.0
451,0.0005974769592285156,0.065,-26.0
452,0.0019078254699707031,0.065,-25.6
453,0.0006020069122314453,0.065,-25.200000000000003
454,0.0018596649169921875,0.065,-24.400000000000002
455,0.0005993843078613281,0.065,-23.200000000000003
456,0.0016586780548095703,0.065,-22.0
457,0.0013370513916015625,0.065,-20.400000000000002
458,0.0017588138580322266,0.065,-18.8
459,0.0014028549194335938,0.065,-16.8
460,0.0016658306121826172,0.065,-14.4
461,0.0014102458953857422,0.065,-12.4
462,0.0007920265197753906,0.065,-9.600000000000001
463,0.0014111995697021484,0.065,-7.2
464,0.0014111995697021484,0.065,-7.2
465,0.0019915103912353516,0.065,-4.4
466,0.0016827583312988281,0.065,-1.6
467,0.0006113052368164062,0.065,1.2000000000000002
468,0.0013778209686279297,0.065,4.0
469,0.0014259815216064453,0.065,6.800000000000001
470,0.0012671947479248047,0.065,10.0
471,0.0020651817321777344,0.065,12.8
472,0.00177764892578125,0.065,15.600000000000001
473,0.0016443729400634766,0.065,18.400000000000002
474,0.0017137527465820312,0.065,20.8
475,0.0016660690307617188,0.065,23.6
476,0.001463174819946289,0.065,26.0
477,0.0007205009460449219,0.065,28.400000000000002
478,0.0011928081512451172,0.065,30.400000000000002
479,0.0007050037384033203,0.065,32.4
480,0.0017004013061523438,0.065,34.0
481,0.0006663799285888672,0.065,35.6
482,0.0018880367279052734,0.065,36.800000000000004
483,0.002248525619506836,0.065,38.0
484,0.0019519329071044922,0.065,38.800000000000004
485,0.0012311935424804688,0.065,39.6
486,0.0017273426055908203,0.065,40.0
487,0.0021479129791259766,0.065,40.0
488,0.0009212493896484375,0.065,40.0
489,0.0005052089691162109,0.08,40.0
490,0.0008282661437988281,0.106,39.2
491,0.00035953521728515625,0.134,38.800000000000004
492,0.0005576610565185547,0.153,37.6
493,0.0006289482116699219,0.164,36.4
494,0.0005879402160644531,0.166,35.2
495,0.0005526542663574219,0.168,33.6
496,0.0006492137908935547,0.172,32.0
497,0.0004494190216064453,0.177,30.0
498,0.0004367828369140625,0.181,28.400000000000002
499,0.00043392181396484375,0.181,26.400000000000002
500,0.0004944801330566406,0.181,24.400000000000002
501,0.0011768341064453125,0.181,22.8
502,0.0009775161743164062,0.181,20.8
503,0.0006010532379150391,0.181,19.200000000000003
504,0.0014374256134033203,0.181,17.6
505,0.0006117820739746094,0.181,16.0
506,0.000545501708984375,0.172,14.8
507,0.0010309219360351562,0.162,13.600000000000001
508,0.0007429122924804688,0.142,12.8
509,0.0007467269897460938,0.121,11.600000000000001
510,0.0004429817199707031,0.097,11.200000000000001
511,0.0007719993591308594,0.082,10.4
512,0.0008053779602050781,0.075,10.0
513,0.0006895065307617188,0.073,10.0
514,0.0006864070892333984,0.073,9.600000000000001
515,0.0008039474487304688,0.073,9.600000000000001
516,0.0009453296661376953,0.073,9.600000000000001
517,0.0025200843811035156,0.073,10.0
518,0.0007944107055664062,0.073,10.0
519,0.0016562938690185547,0.073,10.0
520,0.0012373924255371094,0.073,10.0
521,0.0009322166442871094,0.071,10.4
522,0.0008609294891357422,0.067,10.4
523,0.0005180835723876953,0.063,10.4
524,0.0012516975402832031,0.058,10.4
525,0.0003151893615722656,0.056,10.4
526,0.0005307197570800781,0.056,10.8
527,0.0007271766662597656,0.054,10.8
528,0.0006883144378662109,0.052,10.8
529,0.0008909702301025391,0.052,10.8
530,0.0009772777557373047,0.052,10.8
531,0.0010318756103515625,0.052,10.8
532,0.0016164779663085938,0.052,10.8
533,0.001627206802368164,0.052,10.4
534,0.000732421875,0.052,10.4
535,0.0017087459564208984,0.052,10.0
536,0.0017292499542236328,0.052,10.0
537,0.0012140274047851562,0.052,9.600000000000001
538,0.0012934207916259766,0.052,9.600000000000001
539,0.0018625259399414062,0.052,9.200000000000001
540,0.000782012939453125,0.052,8.8
541,0.0016102790832519531,0.052,8.4
542,0.0006914138793945312,0.06,8.0
543,0.0009396076202392578,0.071,7.6000000000000005
544,0.000514984130859375,0.088,7.2
545,0.00046324729919433594,0.108,6.800000000000001
546,0.0007467269897460938,0.112,6.4
547,0.00046753883361816406,0.116,6.0
548,0.0004558563232421875,0.119,5.6000000000000005
549,0.0004956722259521484,0.119,5.2
550,0.0004436969757080078,0.121,4.800000000000001
551,0.0005462169647216797,0.121,4.4
552,0.001119852066040039,0.121,4.4
553,0.0007193088531494141,0.123,4.4
554,0.0005095005035400391,0.125,4.0
555,0.0008642673492431641,0.125,4.4
556,0.0005028247833251953,0.125,4.4
557,0.0010592937469482422,0.125,4.800000000000001
558,0.0005605220794677734,0.125,5.2
559,0.00185394287109375,0.125,5.6000000000000005
560,0.0006070137023925781,0.125,6.4
561,0.0014033317565917969,0.125,6.800000000000001
562,0.0018110275268554688,0.125,7.6000000000000005
563,0.0021142959594726562,0.125,8.8
564,0.0014846324920654297,0.125,9.600000000000001
565,0.001436471939086914,0.125,10.8
566,0.0004889965057373047,0.125,11.600000000000001
567,0.001697540283203125,0.125,12.8
568,0.0006558895111083984,0.125,14.0
569,0.0014557838439941406,0.125,15.200000000000001
570,0.0012714862823486328,0.125,16.400000000000002
571,0.0006504058837890625,0.125,18.0
572,0.0015637874603271484,0.125,19.200000000000003
573,0.001402139663696289,0.125,20.400000000000002
574,0.001256704330444336,0.125,21.6
575,0.0016388893127441406,0.125,22.8
576,0.0019369125366210938,0.125,24.0
577,0.0006835460662841797,0.125,25.200000000000003
578,0.0008172988891601562,0.123,26.400000000000002
579,0.000797271728515625,0.125,27.200000000000003
580,0.0005476474761962891,0.129,28.400000000000002
581,0.0005469322204589844,0.136,29.200000000000003
582,0.0009198188781738281,0.144,30.0
583,0.0003478527069091797,0.155,30.8
584,0.0004756450653076172,0.159,31.6
585,0.0004734992980957031,0.162,32.0
586,0.0004994869232177734,0.162,32.4
587,0.0004477500915527344,0.166,32.800000000000004
588,0.0004849433898925781,0.168,33.2
589,0.0004849433898925781,0.168,33.2
590,0.0004899501800537109,0.172,33.6
591,0.0004725456237792969,0.172,34.0
592,0.0007927417755126953,0.172,34.0
593,0.0005714893341064453,0.172,34.0
594,0.001012563705444336,0.172,34.0
595,0.0006525516510009766,0.172,34.0
596,0.0025789737701416016,0.172,34.0
597,0.0013146400451660156,0.172,34.0
598,0.0017178058624267578,0.172,34.0
599,0.0022115707397460938,0.172,33.6
600,0.00191497802734375,0.172,33.6
601,0.0006873607635498047,0.172,33.6
602,0.0016350746154785156,0.172,33.6
603,0.0006737709045410156,0.172,33.2
604,0.002251863479614258,0.172,33.2
605,0.0005936622619628906,0.172,33.2
606,0.001918792724609375,0.172,32.800000000000004
607,0.0005853176116943359,0.172,32.800000000000004
608,0.0020956993103027344,0.172,32.800000000000004
609,0.0015707015991210938,0.172,32.4
610,0.0007901191711425781,0.172,32.4
611,0.0020644664764404297,0.172,32.4
612,0.0006935596466064453,0.172,32.0
613,0.0016193389892578125,0.172,32.0
614,0.00046133995056152344,0.175,31.6
615,0.0011377334594726562,0.175,31.6
616,0.001051187515258789,0.175,31.6
617,0.0006124973297119141,0.175,31.200000000000003
618,0.0014793872833251953,0.175,31.200000000000003
619,0.0011894702911376953,0.175,31.200000000000003
620,0.0004906654357910156,0.177,31.200000000000003
621,0.0011858940124511719,0.177,30.8
622,0.0005614757537841797,0.179,30.8
623,0.0004169940948486328,0.181,30.8
624,0.0007197856903076172,0.181,30.8
625,0.0009596347808837891,0.181,30.8
626,0.0005712509155273438,0.183,30.8
627,0.0009088516235351562,0.183,30.8
628,0.0005490779876708984,0.185,30.8
629,0.0009455680847167969,0.185,30.8
630,0.000989675521850586,0.185,31.200000000000003
631,0.0009534358978271484,0.185,31.200000000000003
632,0.0010561943054199219,0.188,31.200000000000003
633,0.0007839202880859375,0.188,31.6
634,0.00048232078552246094,0.19,31.6
635,0.0006480216979980469,0.19,32.0
636,0.0004744529724121094,0.192,32.0
637,0.00044989585876464844,0.196,32.4
638,0.0007064342498779297,0.198,32.800000000000004
639,0.0005142688751220703,0.203,32.800000000000004
640,0.00043654441833496094,0.203,33.2
641,0.000980377197265625,0.205,33.6
642,0.0006792545318603516,0.205,34.0
643,0.0007622241973876953,0.207,34.4
644,0.0005483627319335938,0.209,34.800000000000004
645,0.0006229877471923828,0.211,35.6
646,0.00030040740966796875,0.211,36.0
647,0.0004799365997314453,0.216,36.4
648,0.0005211830139160156,0.216,37.2
649,0.0005178451538085938,0.216,37.6
650,0.0008838176727294922,0.216,38.400000000000006
651,0.0005118846893310547,0.216,39.2
652,0.001184701919555664,0.216,40.0
653,0.0013637542724609375,0.216,40.400000000000006
654,0.002161264419555664,0.216,41.2
655,0.001176595687866211,0.216,42.0
656,0.0015900135040283203,0.216,43.2
657,0.0006418228149414062,0.216,44.0
658,0.0014123916625976562,0.216,44.800000000000004
659,0.0007050037384033203,0.216,45.6
660,0.001504659652709961,0.216,46.400000000000006
661,0.00033926963806152344,0.211,47.2
662,0.0004889965057373047,0.205,48.400000000000006
663,0.00046515464782714844,0.194,49.2
664,0.0005104541778564453,0.181,50.0
665,0.0004532337188720703,0.17,50.800000000000004
666,0.0004813671112060547,0.159,51.6
667,0.0006396770477294922,0.153,52.400000000000006
668,0.0004627704620361328,0.147,53.2
669,0.0004527568817138672,0.14,53.6
670,0.0004444122314453125,0.136,54.400000000000006
671,0.0004489421844482422,0.134,54.800000000000004
672,0.00044465065002441406,0.134,54.800000000000004
673,0.0004439353942871094,0.134,55.2
674,0.0005753040313720703,0.134,55.2
675,0.0014808177947998047,0.134,54.800000000000004
676,0.0015673637390136719,0.134,54.400000000000006
677,0.0006608963012695312,0.134,53.6
678,0.0014688968658447266,0.134,52.800000000000004
679,0.0018320083618164062,0.134,52.0
680,0.0012423992156982422,0.134,50.800000000000004
681,0.0017466545104980469,0.134,49.2
682,0.0021619796752929688,0.134,47.6
683,0.0018596649169921875,0.134,46.0
684,0.0018105506896972656,0.134,44.0
685,0.0017457008361816406,0.134,42.0
686,0.0007698535919189453,0.134,40.0
687,0.0022547245025634766,0.134,37.6
688,0.0012640953063964844,0.134,35.2
689,0.0012652873992919922,0.134,32.800000000000004
690,0.0007121562957763672,0.134,30.400000000000002
691,0.001865386962890625,0.134,27.6
692,0.0015516281127929688,0.134,25.200000000000003
693,0.001264810562133789,0.134,22.400000000000002
694,0.0004487037658691406,0.129,20.0
695,0.0008282661437988281,0.129,17.2
696,0.0006363391876220703,0.129,14.8
697,0.0022678375244140625,0.129,12.4
698,0.0014595985412597656,0.129,10.0
699,0.0007536411285400391,0.129,7.6000000000000005
700,0.0021011829376220703,0.129,5.6000000000000005
701,0.001733541488647461,0.129,3.2
702,0.0017077922821044922,0.129,1.6
703,0.0013706684112548828,0.129,-0.4
704,0.0014336109161376953,0.129,-2.0
705,0.0014579296112060547,0.129,-3.2
706,0.0006690025329589844,0.129,-4.4
707,0.0019538402557373047,0.129,-5.6000000000000005
708,0.0005860328674316406,0.129,-6.4
709,0.002390623092651367,0.129,-6.800000000000001
710,0.0005753040313720703,0.129,-7.2
711,0.0017881393432617188,0.129,-7.2
712,0.0015273094177246094,0.129,-7.2
713,0.0016987323760986328,0.129,-6.800000000000001
714,0.0018007755279541016,0.131,-6.4
715,0.0008625984191894531,0.14,-5.6000000000000005
716,0.00035572052001953125,0.142,-4.800000000000001
717,0.0007164478302001953,0.147,-3.6
718,0.0004107952117919922,0.149,-2.4000000000000004
719,0.0010356903076171875,0.153,-0.8
720,0.0009615421295166016,0.155,0.8
721,0.0008862018585205078,0.157,2.8000000000000003
722,0.0005521774291992188,0.162,4.800000000000001
723,0.0006999969482421875,0.162,6.800000000000001
724,0.0006973743438720703,0.17,8.8
725,0.0006923675537109375,0.17,11.200000000000001
726,0.0006992816925048828,0.17,13.600000000000001
727,0.0007936954498291016,0.17,16.0
728,0.0010118484497070312,0.17,18.8
729,0.0017552375793457031,0.17,21.200000000000003
730,0.0018727779388427734,0.17,24.0
731,0.0015079975128173828,0.17,26.8
732,0.0013785362243652344,0.17,29.200000000000003
733,0.001079559326171875,0.17,32.0
734,0.0015070438385009766,0.17,34.800000000000004
735,0.000850677490234375,0.17,37.2
736,0.0018582344055175781,0.17,40.0
737,0.0012524127960205078,0.17,42.400000000000006
738,0.0016922950744628906,0.17,44.800000000000004
739,0.0016932487487792969,0.17,47.2
740,0.0012729167938232422,0.17,49.2
741,0.0008013248443603516,0.164,51.2
742,0.000560760498046875,0.157,53.2
743,0.0013098716735839844,0.155,55.2
744,0.0005390644073486328,0.14,56.800000000000004
745,0.0005390644073486328,0.125,56.800000000000004
746,0.0005526542663574219,0.116,58.0
747,0.0004677772521972656,0.101,59.6
748,0.0004417896270751953,0.095,60.400000000000006
749,0.000457763671875,0.088,61.6
750,0.00044345855712890625,0.086,62.400000000000006
751,0.0004525184631347656,0.082,62.800000000000004
752,0.0004425048828125,0.075,62.800000000000004
753,0.0005550384521484375,0.073,63.2
754,0.0004322528839111328,0.071,62.800000000000004
755,0.0004305839538574219,0.071,62.400000000000006
756,0.001081705093383789,0.069,61.2
757,0.0006308555603027344,0.069,60.400000000000006
758,0.0006508827209472656,0.065,58.800000000000004
759,0.0007402896881103516,0.065,57.2
760,0.000629425048828125,0.063,54.800000000000004
761,0.0004711151123046875,0.063,52.400000000000006
762,0.000469207763671875,0.063,50.0
763,0.0015442371368408203,0.063,47.2
764,0.000637054443359375,0.063,44.0
765,0.0023703575134277344,0.063,40.400000000000006
766,0.0012657642364501953,0.063,36.800000000000004
767,0.0007185935974121094,0.063,33.2
768,0.002076864242553711,0.063,29.200000000000003
769,0.0005953311920166016,0.063,24.8
770,0.0017914772033691406,0.063,20.400000000000002
771,0.0005846023559570312,0.063,16.0
772,0.0023767948150634766,0.063,11.600000000000001
773,0.0006535053253173828,0.063,7.2
774,0.0016367435455322266,0.063,2.8000000000000003
775,0.0005826950073242188,0.063,-1.6
776,0.0025489330291748047,0.063,-6.0
777,0.0013489723205566406,0.063,-10.0
778,0.0005834102630615234,0.063,-14.0
779,0.0023047924041748047,0.063,-18.0
780,0.0012373924255371094,0.063,-21.6
781,0.0007922649383544922,0.063,-24.8
782,0.0015723705291748047,0.063,-28.0
783,0.0006542205810546875,0.063,-30.8
784,0.0024688243865966797,0.063,-33.6
785,0.0005784034729003906,0.063,-35.6
786,0.0018320083618164062,0.063,-37.6
787,0.0005471706390380859,0.063,-39.2
788,0.0022525787353515625,0.063,-40.400000000000006
789,0.0005311965942382812,0.063,-41.2
790,0.0016014575958251953,0.063,-41.6
791,0.002317667007446289,0.063,-41.6
792,0.0006473064422607422,0.063,-41.2
793,0.001462697982788086,0.063,-40.800000000000004
794,0.0015118122100830078,0.063,-39.6
795,0.0013957023620605469,0.063,-38.400000000000006
796,0.0005776882171630859,0.063,-36.4
797,0.0010652542114257812,0.063,-34.4
798,0.0005943775177001953,0.063,-32.0
799,0.0015692710876464844,0.063,-29.6
800,0.0017940998077392578,0.063,-26.400000000000002
801,0.0017294883728027344,0.063,-23.200000000000003
802,0.0005638599395751953,0.063,-20.0
803,0.001613616943359375,0.063,-16.400000000000002
804,0.0009233951568603516,0.063,-12.4
805,0.0006921291351318359,0.063,-8.4
806,0.0021245479583740234,0.063,-4.4
807,0.0005636215209960938,0.063,-0.4
808,0.0015881061553955078,0.063,4.0
809,0.0005512237548828125,0.063,8.0
810,0.0014138221740722656,0.063,12.0
811,0.0006341934204101562,0.063,16.400000000000002
812,0.0020558834075927734,0.063,20.400000000000002
813,0.0005686283111572266,0.063,24.0
814,0.0014498233795166016,0.063,28.0
815,0.0005753040313720703,0.063,31.6
816,0.0018563270568847656,0.063,34.800000000000004
817,0.0015454292297363281,0.063,38.0
818,0.000606536865234375,0.063,40.800000000000004
819,0.001836538314819336,0.063,43.6
820,0.001329660415649414,0.063,46.0
821,0.001703500747680664,0.063,48.0
822,0.001779317855834961,0.063,50.0
823,0.0022149085998535156,0.063,51.6
824,0.0017099380493164062,0.063,52.800000000000004
825,0.0006866455078125,0.063,53.6
826,0.002355337142944336,0.063,54.400000000000006
827,0.0006208419799804688,0.063,54.400000000000006
828,0.0017731189727783203,0.063,54.400000000000006
829,0.000675201416015625,0.063,54.0
830,0.00151824951171875,0.063,53.2
831,0.0017495155334472656,0.063,52.400000000000006
832,0.0005013942718505859,0.114,51.2
833,0.00035452842712402344,0.164,49.6
834,0.0005197525024414062,0.2,47.6
835,0.0006868839263916016,0.209,45.2
836,0.0006310939788818359,0.213,42.800000000000004
837,0.0006115436553955078,0.218,40.400000000000006
838,0.0006711483001708984,0.22,37.6
839,0.0007646083831787109,0.22,34.4
840,0.0007648468017578125,0.22,31.6
841,0.0009429454803466797,0.22,28.8
842,0.0016613006591796875,0.22,26.0
843,0.0008184909820556641,0.22,23.200000000000003
844,0.0020515918731689453,0.22,20.400000000000002
845,0.0008423328399658203,0.22,18.0
846,0.0003745555877685547,0.211,16.0
847,0.00043082237243652344,0.203,14.0
848,0.000446319580078125,0.194,12.0
849,0.0006749629974365234,0.188,10.8
850,0.00021576881408691406,0.177,9.600000000000001
851,0.0003428459167480469,0.168,8.4
852,0.00047779083251953125,0.159,7.6000000000000005
853,0.00045800209045410156,0.149,7.2
854,0.0004589557647705078,0.14,7.2
855,0.0004508495330810547,0.136,7.2
856,0.00044035911560058594,0.136,7.6000000000000005
857,0.0009543895721435547,0.136,8.0
858,0.0005009174346923828,0.131,8.4
859,0.0005948543548583984,0.129,9.200000000000001
860,0.0004534721374511719,0.125,10.0
861,0.00034499168395996094,0.123,10.8
862,0.0004718303680419922,0.123,12.0
863,0.00044274330139160156,0.123,13.200000000000001
864,0.0005106925964355469,0.123,14.4
865,0.0010819435119628906,0.123,15.600000000000001
866,0.0004456043243408203,0.116,16.8
867,0.0006115436553955078,0.114,18.0
868,0.0005409717559814453,0.11,19.200000000000003
869,0.0005726814270019531,0.108,20.400000000000002
870,0.0003573894500732422,0.101,21.6
871,0.0007047653198242188,0.097,22.8
872,0.0005998611450195312,0.097,24.0
873,0.0004398822784423828,0.095,25.200000000000003
874,0.0008616447448730469,0.095,26.0
875,0.0005049705505371094,0.095,27.200000000000003
876,0.0006170272827148438,0.093,28.0
877,0.0003185272216796875,0.086,28.8
878,0.0004930496215820312,0.086,29.200000000000003
879,0.0004913806915283203,0.086,30.0
880,0.0006566047668457031,0.086,30.0
881,0.0009710788726806641,0.086,30.400000000000002
882,0.0004730224609375,0.086,30.400000000000002
883,0.001905679702758789,0.086,30.400000000000002
884,0.0013170242309570312,0.086,30.400000000000002
885,0.0006608963012695312,0.086,30.0
886,0.0006310939788818359,0.086,29.6
887,0.0005011558532714844,0.086,29.200000000000003
888,0.0018658638000488281,0.086,28.400000000000002
889,0.0005617141723632812,0.086,27.6
890,0.0015211105346679688,0.086,26.8
891,0.0018007755279541016,0.086,25.6
892,0.0018558502197265625,0.086,24.400000000000002
893,0.0021529197692871094,0.086,23.200000000000003
894,0.0005967617034912109,0.086,22.0
895,0.001819610595703125,0.086,20.8
896,0.0005865097045898438,0.086,19.200000000000003
897,0.0016224384307861328,0.086,17.6
898,0.0005478858947753906,0.086,16.0
899,0.0017476081848144531,0.086,14.8
900,0.0005545616149902344,0.086,13.200000000000001
901,0.001852273941040039,0.086,11.600000000000001
902,0.0007517337799072266,0.086,10.0
903,0.0013668537139892578,0.086,8.4
904,0.0013451576232910156,0.086,6.800000000000001
905,0.0015573501586914062,0.086,5.2
906,0.0006358623504638672,0.086,4.0
907,0.0017938613891601562,0.086,2.4000000000000004
908,0.000576019287109375,0.086,1.2000000000000002
909,0.0013663768768310547,0.086,0.0
910,0.0013663768768310547,0.084,0.0
911,0.0011382102966308594,0.084,-0.8
912,0.0006880760192871094,0.08,-2.0
913,0.0009198188781738281,0.075,-2.8000000000000003
914,0.0006194114685058594,0.065,-3.6
915,0.0005397796630859375,0.05,-4.0
916,0.00048470497131347656,0.039,-4.4
917,0.00046634674072265625,0.039,-4.800000000000001
918,0.0005753040313720703,0.039,-5.2
919,0.0009527206420898438,0.039,-5.2
920,0.0004780292510986328,0.039,-5.2
921,0.0017445087432861328,0.039,-5.2
922,0.0006394386291503906,0.039,-5.2
923,0.0014820098876953125,0.039,-4.800000000000001
924,0.0006577968597412109,0.039,-4.4
925,0.0023217201232910156,0.039,-4.0
926,0.0005948543548583984,0.039,-3.6
927,0.0015342235565185547,0.039,-3.2
928,0.0006380081176757812,0.039,-2.8000000000000003
929,0.0015125274658203125,0.039,-2.0
930,0.0015027523040771484,0.039,-1.2000000000000002
931,0.0007371902465820312,0.039,-0.8
932,0.0018703937530517578,0.039,0.0
933,0.0006427764892578125,0.039,0.8
934,0.0018095970153808594,0.039,1.6
935,0.0014257431030273438,0.039,2.4000000000000004
936,0.0006234645843505859,0.039,3.2
937,0.0025017261505126953,0.039,4.0
938,0.0008609294891357422,0.045,4.800000000000001
939,0.00046133995056152344,0.063,5.6000000000000005
940,0.0007467269897460938,0.086,6.4
941,0.0003345012664794922,0.116,6.800000000000001
942,0.0007448196411132812,0.144,7.6000000000000005
943,0.00035309791564941406,0.166,8.4
944,0.0010123252868652344,0.175,8.8
945,0.0008554458618164062,0.179,9.600000000000001
946,0.0004119873046875,0.188,10.0
947,0.00040030479431152344,0.198,10.8
948,0.0005848407745361328,0.207,11.600000000000001
949,0.0005815029144287109,0.213,12.0
950,0.0004432201385498047,0.216,13.200000000000001
951,0.0004687309265136719,0.216,14.0
952,0.0008940696716308594,0.216,15.200000000000001
953,0.00046443939208984375,0.216,16.400000000000002
954,0.00045108795166015625,0.216,17.6
955,0.0017709732055664062,0.216,19.200000000000003
956,0.002081155776977539,0.216,20.8
957,0.0007009506225585938,0.216,22.400000000000002
958,0.0015301704406738281,0.216,24.400000000000002
959,0.0006434917449951172,0.216,26.400000000000002
960,0.001674652099609375,0.216,28.400000000000002
961,0.0023691654205322266,0.216,30.8
962,0.0008409023284912109,0.209,33.2
963,0.0005581378936767578,0.2,35.6
964,0.0005440711975097656,0.19,38.0
965,0.00048804283142089844,0.175,40.400000000000006
966,0.0006690025329589844,0.164,43.2
967,0.0005087852478027344,0.155,45.6
968,0.0007348060607910156,0.147,48.0
969,0.0009140968322753906,0.142,50.400000000000006
970,0.0005137920379638672,0.131,52.800000000000004
971,0.0007340908050537109,0.125,55.2
972,0.0007829666137695312,0.116,57.2
973,0.0007524490356445312,0.108,59.2
974,0.0004477500915527344,0.106,61.2
975,0.0004582405090332031,0.103,62.400000000000006
976,0.0004439353942871094,0.101,64.0
977,0.0004620552062988281,0.099,64.8
978,0.0019485950469970703,0.097,65.60000000000001
979,0.0005447864532470703,0.093,66.0
980,0.00045108795166015625,0.091,66.4
981,0.00044798851013183594,0.088,66.4
982,0.0009586811065673828,0.088,66.0
983,0.0004754066467285156,0.088,65.2
984,0.0013310909271240234,0.088,64.0
985,0.0017473697662353516,0.088,62.800000000000004
986,0.0006420612335205078,0.088,61.2
987,0.0017638206481933594,0.088,59.6
988,0.0014753341674804688,0.088,57.2
989,0.0012447834014892578,0.088,54.800000000000004
990,0.0005900859832763672,0.088,52.0
991,0.0015795230865478516,0.088,49.2
992,0.0006158351898193359,0.088,46.0
993,0.0013496875762939453,0.088,42.400000000000006
994,0.0021855831146240234,0.088,38.800000000000004
995,0.0014791488647460938,0.088,35.2
996,0.0005762577056884766,0.088,31.200000000000003
997,0.00185394287109375,0.088,27.200000000000003
998,0.0005409717559814453,0.088,22.8
999,0.0015978813171386719,0.088,18.8
1000,0.0005552768707275391,0.088,14.4
1001,0.0018413066864013672,0.088,10.0
1002,0.0005474090576171875,0.088,6.0
1003,0.0014176368713378906,0.088,1.6
1004,0.0018279552459716797,0.088,-2.4000000000000004
1005,0.0005824565887451172,0.088,-6.4
1006,0.0023233890533447266,0.088,-10.0
1007,0.0005950927734375,0.088,-13.600000000000001
1008,0.002150297164916992,0.088,-17.2
1009,0.0008771419525146484,0.088,-20.0
1010,0.0003895759582519531,0.088,-22.8
1011,0.0005507469177246094,0.088,-25.6
1012,0.0006201267242431641,0.088,-27.6
1013,0.0012695789337158203,0.088,-29.6
1014,0.0006821155548095703,0.088,-31.200000000000003
1015,0.0018076896667480469,0.088,-32.4
1016,0.0013163089752197266,0.088,-33.2
1017,0.0006120204925537109,0.088,-34.0
1018,0.0014350414276123047,0.088,-34.0
1019,0.0005922317504882812,0.088,-34.0
1020,0.002533435821533203,0.088,-33.2
1021,0.0005741119384765625,0.088,-32.4
1022,0.002082347869873047,0.088,-31.200000000000003
1023,0.0012667179107666016,0.088,-29.6
1024,0.0007281303405761719,0.088,-27.6
1025,0.0013113021850585938,0.088,-25.200000000000003
1026,0.0006263256072998047,0.088,-22.8
1027,0.0017626285552978516,0.088,-20.0
1028,0.0015249252319335938,0.088,-17.2
1029,0.0012879371643066406,0.088,-14.0
1030,0.0007548332214355469,0.088,-10.4
1031,0.0016524791717529297,0.088,-6.800000000000001
1032,0.0014219284057617188,0.088,-3.2
1033,0.0011138916015625,0.088,0.8
1034,0.0018897056579589844,0.088,4.4
1035,0.001956939697265625,0.088,8.4
1036,0.0018970966339111328,0.088,12.4
1037,0.0015718936920166016,0.088,16.400000000000002
1038,0.0014119148254394531,0.088,20.0
1039,0.0007693767547607422,0.088,24.0
1040,0.0013728141784667969,0.088,27.6
1041,0.0006814002990722656,0.088,31.200000000000003
1042,0.0018353462219238281,0.088,34.4
1043,0.001722574234008789,0.088,37.6
1044,0.0006361007690429688,0.088,40.400000000000006
1045,0.0016326904296875,0.088,43.2
1046,0.0016579627990722656,0.088,46.0
1047,0.0015971660614013672,0.088,48.0
1048,0.0006089210510253906,0.088,50.400000000000006
1049,0.0017547607421875,0.088,52.0
1050,0.002216339111328125,0.088,53.6
1051,0.0012285709381103516,0.088,54.800000000000004
1052,0.0006256103515625,0.088,55.6
1053,0.0024003982543945312,0.088,56.0
1054,0.0013260841369628906,0.088,56.400000000000006
1055,0.0015976428985595703,0.088,56.400000000000006
1056,0.001432657241821289,0.088,56.400000000000006
1057,0.0005211830139160156,0.091,55.6
1058,0.0005211830139160156,0.125,55.6
1059,0.0006756782531738281,0.162,54.800000000000004
1060,0.0011968612670898438,0.2,54.0
1061,0.0005855560302734375,0.233,52.400000000000006
1062,0.0010590553283691406,0.244,50.800000000000004
1063,0.0005249977111816406,0.248,48.800000000000004
1064,0.0009417533874511719,0.25,46.800000000000004
1065,0.0012536048889160156,0.25,44.400000000000006
1066,0.0005147457122802734,0.25,42.0
1067,0.00045108795166015625,0.25,39.6
1068,0.0004405975341796875,0.25,37.2
1069,0.00043392181396484375,0.25,34.800000000000004
1070,0.0005519390106201172,0.25,32.4
1071,0.0015480518341064453,0.25,30.400000000000002
1072,0.0004734992980957031,0.25,28.400000000000002
1073,0.0003762245178222656,0.25,26.400000000000002
1074,0.0005578994750976562,0.246,24.8
1075,0.0010151863098144531,0.228,23.6
1076,0.0005524158477783203,0.216,22.400000000000002
1077,0.0006778240203857422,0.209,21.6
1078,0.0009198188781738281,0.205,20.8
1079,0.0007314682006835938,0.196,20.400000000000002
1080,0.0008344650268554688,0.188,20.400000000000002
1081,0.0005490779876708984,0.179,20.400000000000002
1082,0.0006649494171142578,0.172,20.400000000000002
1083,0.0012786388397216797,0.168,20.8
1084,0.0004508495330810547,0.164,21.6
1085,0.0008919239044189453,0.159,22.400000000000002
1086,0.0006530284881591797,0.153,23.200000000000003
1087,0.0006837844848632812,0.142,24.0
1088,0.0007779598236083984,0.136,24.8
1089,0.0004584789276123047,0.134,26.0
1090,0.000568389892578125,0.129,27.200000000000003
1091,0.0005390644073486328,0.127,28.0
1092,0.00036644935607910156,0.121,29.200000000000003
1093,0.0008423328399658203,0.121,30.400000000000002
1094,0.0010039806365966797,0.116,31.200000000000003
1095,0.0006847381591796875,0.112,32.0
1096,0.0010554790496826172,0.108,32.800000000000004
1097,0.0006456375122070312,0.103,33.6
1098,0.0003027915954589844,0.101,34.4
1099,0.0005385875701904297,0.101,34.800000000000004
1100,0.0009009838104248047,0.101,35.2
1101,0.0007600784301757812,0.101,35.2
1102,0.0008311271667480469,0.101,35.6
1103,0.0012989044189453125,0.101,35.6
1104,0.0014030933380126953,0.101,35.2
1105,0.0014066696166992188,0.101,34.800000000000004
1106,0.0016396045684814453,0.101,34.4
1107,0.0014743804931640625,0.101,34.0
1108,0.0011010169982910156,0.101,33.2
1109,0.0013914108276367188,0.101,32.4
1110,0.0006890296936035156,0.101,31.200000000000003
1111,0.001569986343383789,0.101,30.400000000000002
1112,0.000629425048828125,0.101,29.200000000000003
1113,0.00150299072265625,0.101,27.6
1114,0.0006406307220458984,0.101,26.400000000000002
1115,0.001558542251586914,0.101,24.8
1116,0.0005805492401123047,0.101,23.200000000000003
1117,0.0016024112701416016,0.101,21.6
1118,0.0005919933319091797,0.101,20.0
1119,0.0013108253479003906,0.101,18.400000000000002
1120,0.0005655288696289062,0.101,16.400000000000002
1121,0.001958131790161133,0.101,14.8
1122,0.0006184577941894531,0.101,13.200000000000001
1123,0.002275228500366211,0.101,11.200000000000001
1124,0.0006859302520751953,0.101,9.600000000000001
1125,0.001277923583984375,0.101,8.0
1126,0.0013012886047363281,0.101,6.4
1127,0.0015780925750732422,0.101,5.2
1128,0.0005946159362792969,0.101,3.6
1129,0.0015740394592285156,0.101,2.4000000000000004
1130,0.0015425682067871094,0.101,1.2000000000000002
1131,0.0007469654083251953,0.101,0.0
1132,0.0013628005981445312,0.101,-1.2000000000000002
1133,0.001188039779663086,0.101,-2.0
1134,0.0006852149963378906,0.101,-2.8000000000000003
1135,0.0015282630920410156,0.101,-3.2
1136,0.0015497207641601562,0.101,-3.6
1137,0.0017197132110595703,0.101,-4.0
1138,0.0014202594757080078,0.101,-4.0
1139,0.0006527900695800781,0.101,-4.0
1140,0.0021169185638427734,0.101,-4.0
1141,0.0013375282287597656,0.101,-3.6
1142,0.0006375312805175781,0.101,-3.2
1143,0.002358675003051758,0.101,-2.8000000000000003
1144,0.0016214847564697266,0.101,-2.0
1145,0.0015680789947509766,0.101,-1.2000000000000002
1146,0.0016427040100097656,0.101,0.0
1147,0.0019788742065429688,0.101,0.8
1148,0.0007145404815673828,0.099,2.0
1149,0.0004138946533203125,0.11,3.2
1150,0.0003440380096435547,0.114,4.800000000000001
1151,0.0006611347198486328,0.114,6.0
1152,0.0007505416870117188,0.119,7.6000000000000005
1153,0.0004858970642089844,0.123,9.200000000000001
1154,0.0005900859832763672,0.129,10.8
1155,0.00040030479431152344,0.134,12.4
1156,0.0006873607635498047,0.138,14.0
1157,0.0007376670837402344,0.14,15.600000000000001
1158,0.0003249645233154297,0.147,17.2
1159,0.0008900165557861328,0.153,18.8
1160,0.00030732154846191406,0.162,20.400000000000002
1161,0.0005128383636474609,0.164,22.400000000000002
1162,0.0007028579711914062,0.164,24.0
1163,0.000614166259765625,0.164,25.6
1164,0.0008487701416015625,0.164,27.200000000000003
1165,0.00048804283142089844,0.164,28.400000000000002
1166,0.0022439956665039062,0.164,30.0
1167,0.0005779266357421875,0.164,31.6
1168,0.0014522075653076172,0.164,33.2
1169,0.0005729198455810547,0.164,34.4
1170,0.0016303062438964844,0.164,36.0
1171,0.0005946159362792969,0.164,37.2
1172,0.0016942024230957031,0.164,38.400000000000006
1173,0.0006546974182128906,0.164,39.6
1174,0.0018782615661621094,0.164,40.800000000000004
1175,0.0006399154663085938,0.164,42.0
1176,0.0018129348754882812,0.164,42.800000000000004
1177,0.0005688667297363281,0.164,43.6
1178,0.0014615058898925781,0.164,44.400000000000006
1179,0.0005624294281005859,0.164,45.2
1180,0.0014922618865966797,0.164,45.6
1181,0.0007352828979492188,0.164,46.0
1182,0.0013802051544189453,0.164,46.400000000000006
1183,0.0007655620574951172,0.164,46.400000000000006
1184,0.0015404224395751953,0.164,46.800000000000004
1185,0.0005860328674316406,0.164,46.800000000000004
1186,0.001749277114868164,0.164,46.800000000000004
1187,0.0005426406860351562,0.164,46.400000000000006
1188,0.0022275447845458984,0.164,46.0
1189,0.0014765262603759766,0.164,45.6
1190,0.0005977153778076172,0.164,45.2
1191,0.002290010452270508,0.164,44.800000000000004
1192,0.0006060600280761719,0.164,44.0
1193,0.0017163753509521484,0.164,43.2
1194,0.0014107227325439453,0.164,42.400000000000006
1195,0.0015833377838134766,0.164,41.2
1196,0.0012531280517578125,0.164,40.400000000000006
1197,0.0018570423126220703,0.164,39.2
1198,0.0006225109100341797,0.164,38.400000000000006
1199,0.001308441162109375,0.164,37.2
1200,0.0011289119720458984,0.164,36.0
1201,0.001299142837524414,0.164,34.800000000000004
1202,0.0012133121490478516,0.164,33.2
1203,0.0013935565948486328,0.164,32.0
1204,0.0012671947479248047,0.164,30.8
1205,0.0017027854919433594,0.164,29.6
1206,0.0023386478424072266,0.164,28.400000000000002
1207,0.0014083385467529297,0.164,27.200000000000003
1208,0.0008351802825927734,0.164,26.0
1209,0.0015740394592285156,0.164,24.8
1210,0.0014448165893554688,0.164,23.6
1211,0.0007240772247314453,0.164,22.400000000000002
1212,0.0017037391662597656,0.164,21.6
1213,0.0017037391662597656,0.164,21.6
1214,0.0020668506622314453,0.164,20.400000000000002
1215,0.00047707557678222656,0.168,19.6
1216,0.0003604888916015625,0.177,18.8
1217,0.00048661231994628906,0.181,18.0
1218,0.0005905628204345703,0.183,17.6
1219,0.0006010532379150391,0.19,17.2
1220,0.0007171630859375,0.19,16.400000000000002
1221,0.0006182193756103516,0.196,16.400000000000002
1222,0.0004851818084716797,0.198,16.0
1223,0.0006978511810302734,0.198,16.0
1224,0.0006091594696044922,0.198,16.0
1225,0.0009734630584716797,0.2,16.400000000000002
1226,0.0010139942169189453,0.203,16.8
1227,0.0008020401000976562,0.203,17.2
1228,0.000982522964477539,0.205,18.0
1229,0.0005595684051513672,0.207,18.8
1230,0.001018524169921875,0.209,19.6
1231,0.00096893310546875,0.211,20.8
1232,0.0010342597961425781,0.216,22.0
1233,0.0003674030303955078,0.218,23.200000000000003
1234,0.0007948875427246094,0.218,24.8
1235,0.000518798828125,0.218,26.400000000000002
1236,0.0004954338073730469,0.22,28.0
1237,0.0005068778991699219,0.222,29.6
1238,0.0004353523254394531,0.224,31.6
1239,0.0005207061767578125,0.224,33.6
1240,0.0006501674652099609,0.226,35.6
1241,0.0005457401275634766,0.226,38.0
1242,0.0005342960357666016,0.226,40.0
1243,0.0012311935424804688,0.226,42.0
1244,0.0016989707946777344,0.226,44.400000000000006
1245,0.0006015300750732422,0.226,46.800000000000004
1246,0.0013949871063232422,0.226,48.800000000000004
1247,0.0022461414337158203,0.226,51.2
1248,0.0014688968658447266,0.226,53.6
1249,0.0011181831359863281,0.226,55.6
1250,0.0017647743225097656,0.226,58.0
1251,0.0016040802001953125,0.226,60.0
1252,0.0006031990051269531,0.222,62.400000000000006
1253,0.00035762786865234375,0.213,64.4
1254,0.0005269050598144531,0.209,66.4
1255,0.0005757808685302734,0.2,68.4
1256,0.0005609989166259766,0.192,70.0
1257,0.00041294097900390625,0.185,72.0
1258,0.0006177425384521484,0.177,73.60000000000001
1259,0.000392913818359375,0.166,75.2
1260,0.0013947486877441406,0.159,76.4
1261,0.00045228004455566406,0.155,77.60000000000001
1262,0.000457763671875,0.149,78.80000000000001
1263,0.0004374980926513672,0.142,80.0
1264,0.0006229877471923828,0.136,80.4
1265,0.0005691051483154297,0.129,81.2
1266,0.000583648681640625,0.116,81.60000000000001
1267,0.0005996227264404297,0.108,81.60000000000001
1268,0.0005142688751220703,0.099,81.2
1269,0.0004818439483642578,0.097,80.80000000000001
1270,0.00048279762268066406,0.091,80.0
1271,0.00045037269592285156,0.086,79.2
1272,0.0004508495330810547,0.082,78.0
1273,0.0004515647888183594,0.08,76.4
1274,0.00047278404235839844,0.08,74.4
1275,0.0004470348358154297,0.08,72.0
1276,0.00048828125,0.08,69.60000000000001
1277,0.0011293888092041016,0.08,66.8
1278,0.0005078315734863281,0.08,63.6
1279,0.0015385150909423828,0.08,60.0
1280,0.0008454322814941406,0.08,56.400000000000006
1281,0.0019216537475585938,0.08,52.0
1282,0.0007045269012451172,0.08,48.0
1283,0.0014369487762451172,0.08,43.2
1284,0.0005941390991210938,0.08,38.800000000000004
1285,0.0018768310546875,0.08,33.6
1286,0.0006015300750732422,0.08,28.400000000000002
1287,0.001898050308227539,0.08,23.200000000000003
1288,0.0006117820739746094,0.08,18.0
1289,0.0016171932220458984,0.08,12.8
1290,0.0005936622619628906,0.08,7.6000000000000005
1291,0.001504659652709961,0.08,2.4000000000000004
1292,0.0007464885711669922,0.08,-2.8000000000000003
1293,0.0024328231811523438,0.08,-8.0
1294,0.0005671977996826172,0.08,-12.8
1295,0.0017712116241455078,0.08,-17.6
1296,0.00131988525390625,0.08,-22.0
1297,0.0005602836608886719,0.08,-26.0
1298,0.0014994144439697266,0.08,-30.0
1299,0.002110004425048828,0.08,-33.6
1300,0.0018570423126220703,0.08,-36.800000000000004
1301,0.0006327629089355469,0.08,-39.6
1302,0.0016694068908691406,0.08,-42.0
1303,0.001444101333618164,0.08,-44.0
1304,0.0006327629089355469,0.08,-45.2
1305,0.0013091564178466797,0.08,-46.400000000000006
1306,0.0012402534484863281,0.08,-47.2
1307,0.0014107227325439453,0.08,-47.6
1308,0.0015232563018798828,0.08,-47.2
1309,0.0014674663543701172,0.08,-46.800000000000004
1310,0.0006277561187744141,0.08,-45.6
1311,0.001821756362915039,0.08,-44.400000000000006
1312,0.001912832260131836,0.08,-42.400000000000006
1313,0.0012264251708984375,0.08,-40.400000000000006
1314,0.0005972385406494141,0.08,-37.6
1315,0.0021140575408935547,0.08,-34.800000000000004
1316,0.0006351470947265625,0.08,-31.200000000000003
1317,0.0022268295288085938,0.08,-27.6
1318,0.0006239414215087891,0.08,-24.0
1319,0.0017719268798828125,0.08,-19.6
1320,0.0005693435668945312,0.08,-15.200000000000001
1321,0.0018050670623779297,0.08,-10.8
1322,0.0005617141723632812,0.08,-6.0
1323,0.001733541488647461,0.08,-1.2000000000000002
1324,0.0006084442138671875,0.08,3.6
1325,0.0017223358154296875,0.08,8.4
1326,0.0005881786346435547,0.08,13.600000000000001
1327,0.001924753189086914,0.08,18.400000000000002
1328,0.0006031990051269531,0.08,23.200000000000003
1329,0.001966714859008789,0.08,27.6
1330,0.0008594989776611328,0.08,32.0
1331,0.0015208721160888672,0.08,36.4
1332,0.0006492137908935547,0.08,40.800000000000004
1333,0.0018792152404785156,0.08,44.400000000000006
1334,0.0005621910095214844,0.08,48.0
1335,0.0017347335815429688,0.08,51.6
1336,0.0005633831024169922,0.08,54.800000000000004
1337,0.0021512508392333984,0.08,57.2
1338,0.0005934238433837891,0.08,60.0
1339,0.0018301010131835938,0.08,62.0
1340,0.0005300045013427734,0.073,63.6
1341,0.0005345344543457031,0.071,65.2
1342,0.0005345344543457031,0.071,65.2
1343,0.00047206878662109375,0.067,66.4
1344,0.0005502700805664062,0.067,67.2
1345,0.0007135868072509766,0.067,67.60000000000001
1346,0.0004398822784423828,0.067,67.60000000000001
1347,0.0004734992980957031,0.067,67.2
1348,0.0005576610565185547,0.067,66.8
1349,0.0018749237060546875,0.067,65.60000000000001
1350,0.0006921291351318359,0.067,64.4
1351,0.0005421638488769531,0.067,62.800000000000004
1352,0.0005660057067871094,0.067,60.800000000000004
1353,0.002636432647705078,0.067,58.400000000000006
1354,0.0006499290466308594,0.067,56.0
1355,0.0013060569763183594,0.065,52.800000000000004
1356,0.0005283355712890625,0.058,49.6
1357,0.0006003379821777344,0.054,46.0
1358,0.0006988048553466797,0.052,42.400000000000006
1359,0.0004978179931640625,0.052,38.400000000000006
1360,0.0009372234344482422,0.05,34.4
1361,0.0004677772521972656,0.05,30.0
1362,0.0007276535034179688,0.045,25.6
1363,0.0008058547973632812,0.045,20.8
1364,0.0008389949798583984,0.045,16.0
1365,0.0005273818969726562,0.045,11.200000000000001
1366,0.0015079975128173828,0.045,6.4
1367,0.0008897781372070312,0.045,1.6
1368,0.001735687255859375,0.045,-3.2
1369,0.001058816909790039,0.045,-8.0
1370,0.0017285346984863281,0.045,-12.4
1371,0.0006072521209716797,0.045,-16.8
1372,0.0017733573913574219,0.045,-21.200000000000003
1373,0.0006198883056640625,0.045,-25.200000000000003
1374,0.0015060901641845703,0.045,-28.8
1375,0.0006730556488037109,0.045,-32.4
1376,0.0017361640930175781,0.045,-35.6
1377,0.0005931854248046875,0.045,-38.800000000000004
1378,0.002425670623779297,0.045,-41.2
1379,0.0005564689636230469,0.045,-43.2
1380,0.0015625953674316406,0.045,-45.2
1381,0.0008466243743896484,0.045,-46.800000000000004
1382,0.001581430435180664,0.045,-48.0
1383,0.0006024837493896484,0.045,-48.400000000000006
1384,0.0015909671783447266,0.045,-48.800000000000004
1385,0.0006070137023925781,0.045,-48.800000000000004
1386,0.0018489360809326172,0.045,-48.400000000000006
1387,0.0005860328674316406,0.045,-47.6
1388,0.0021677017211914062,0.045,-46.0
1389,0.0006241798400878906,0.045,-44.400000000000006
1390,0.0016939640045166016,0.045,-42.800000000000004
1391,0.0005974769592285156,0.045,-40.400000000000006
1392,0.0014598369598388672,0.045,-37.6
1393,0.0005576610565185547,0.045,-34.800000000000004
1394,0.0016443729400634766,0.045,-31.6
1395,0.0007777214050292969,0.045,-28.0
1396,0.0020449161529541016,0.045,-24.400000000000002
1397,0.0005578994750976562,0.045,-20.400000000000002
1398,0.0021767616271972656,0.045,-16.0
1399,0.0006086826324462891,0.045,-12.0
1400,0.001741170883178711,0.045,-7.6000000000000005
1401,0.0005867481231689453,0.045,-2.8000000000000003
1402,0.002360105514526367,0.045,1.6
1403,0.0013017654418945312,0.045,6.0
1404,0.0016047954559326172,0.045,10.8
1405,0.0014946460723876953,0.045,15.200000000000001
1406,0.0017757415771484375,0.045,19.200000000000003
1407,0.001756906509399414,0.045,23.6
1408,0.0012772083282470703,0.045,27.6
1409,0.0006051063537597656,0.045,31.6
1410,0.0017287731170654297,0.045,35.2
1411,0.0014944076538085938,0.045,38.400000000000006
1412,0.0020208358764648438,0.045,41.6
1413,0.001844167709350586,0.045,44.400000000000006
1414,0.0019981861114501953,0.045,47.2
1415,0.0006525516510009766,0.045,49.2
1416,0.0018339157104492188,0.045,51.2
1417,0.0005888938903808594,0.045,52.800000000000004
1418,0.001607656478881836,0.045,54.0
1419,0.0006458759307861328,0.045,55.2
1420,0.0019714832305908203,0.045,55.6
1421,0.0005497932434082031,0.045,56.0
1422,0.0015292167663574219,0.045,55.6
1423,0.0010290145874023438,0.045,55.2
1424,0.0005469322204589844,0.063,54.400000000000006
1425,0.0006589889526367188,0.095,53.2
1426,0.00048542022705078125,0.155,51.6
1427,0.0009298324584960938,0.25,50.0
1428,0.0006082057952880859,0.25,48.0
1429,0.00045561790466308594,0.25,45.6
1430,0.0005743503570556641,0.25,42.800000000000004
1431,0.0006716251373291016,0.25,40.0
1432,0.00046706199645996094,0.25,37.2
1433,0.000457763671875,0.25,34.0
1434,0.001363992691040039,0.25,31.200000000000003
1435,0.0007011890411376953,0.25,28.400000000000002
1436,0.0003345012664794922,0.25,26.0
1437,0.0004780292510986328,0.25,23.6
1438,0.001096963882446289,0.25,21.6
1439,0.0006237030029296875,0.25,19.6
1440,0.0009062290191650391,0.25,18.0
1441,0.00045490264892578125,0.25,16.400000000000002
1442,0.0004456043243408203,0.25,15.600000000000001
1443,0.0008118152618408203,0.25,14.8
1444,0.0005512237548828125,0.25,14.0
1445,0.001264333724975586,0.25,14.0
1446,0.0008256435394287109,0.25,14.0
1447,0.0005247592926025391,0.25,14.4
1448,0.0006232261657714844,0.25,15.200000000000001
1449,0.0004870891571044922,0.25,16.400000000000002
1450,0.00044727325439453125,0.25,17.6
1451,0.0004410743713378906,0.25,19.200000000000003
1452,0.0004546642303466797,0.25,21.200000000000003
1453,0.0001926422119140625,0.25,23.200000000000003
1454,0.0004279613494873047,0.244,25.200000000000003
1455,0.0004801750183105469,0.233,28.0
1456,0.00037741661071777344,0.22,30.400000000000002
1457,0.0006606578826904297,0.205,33.2
1458,0.0005056858062744141,0.192,36.4
1459,0.00033283233642578125,0.177,39.6
1460,0.0004642009735107422,0.17,42.400000000000006
1461,0.0004527568817138672,0.17,46.0
1462,0.0006048679351806641,0.166,49.2
1463,0.0006489753723144531,0.162,52.400000000000006
1464,0.0006124973297119141,0.162,55.2
1465,0.0006256103515625,0.162,58.400000000000006
1466,0.0004687309265136719,0.162,61.2
1467,0.00048351287841796875,0.162,64.0
1468,0.0008144378662109375,0.162,66.4
1469,0.0009133815765380859,0.162,68.8
1470,0.0006113052368164062,0.162,70.8
1471,0.0004520416259765625,0.162,72.8
1472,0.0010128021240234375,0.162,74.4
1473,0.0006589889526367188,0.162,76.0
1474,0.002147674560546875,0.162,77.2
1475,0.0005784034729003906,0.162,78.0
1476,0.001074075698852539,0.162,78.80000000000001
1477,0.0005347728729248047,0.162,79.2
1478,0.0012593269348144531,0.162,79.60000000000001
1479,0.00048041343688964844,0.162,79.60000000000001
1480,0.0008111000061035156,0.162,79.2
1481,0.0007848739624023438,0.162,78.80000000000001
1482,0.0015387535095214844,0.162,78.0
1483,0.0004634857177734375,0.162,77.2
1484,0.0010488033294677734,0.162,76.0
1485,0.0004680156707763672,0.162,74.8
1486,0.0011909008026123047,0.162,73.2
1487,0.0005958080291748047,0.162,71.60000000000001
1488,0.0016350746154785156,0.162,69.60000000000001
1489,0.0005559921264648438,0.162,67.60000000000001
1490,0.002074003219604492,0.162,65.2
1491,0.0005109310150146484,0.162,62.800000000000004
1492,0.0017588138580322266,0.162,60.0
1493,0.0005509853363037109,0.162,57.2
1494,0.0023186206817626953,0.162,54.400000000000006
1495,0.0005612373352050781,0.162,51.2
1496,0.0015535354614257812,0.162,48.0
1497,0.0004475116729736328,0.162,44.800000000000004
1498,0.002278566360473633,0.162,41.2
1499,0.0005524158477783203,0.162,37.6
1500,0.001043558120727539,0.162,34.4
1501,0.0007278919219970703,0.162,30.8
1502,0.0017397403717041016,0.162,27.200000000000003
1503,0.0006275177001953125,0.162,24.0
1504,0.0015196800231933594,0.162,20.400000000000002
1505,0.0014729499816894531,0.162,17.2
1506,0.0006442070007324219,0.162,14.0
1507,0.002183675765991211,0.162,10.8
1508,0.0012240409851074219,0.162,8.0
1509,0.0016179084777832031,0.162,5.2
1510,0.0007205009460449219,0.162,2.8000000000000003
1511,0.0023932456970214844,0.162,0.4
1512,0.0019409656524658203,0.162,-1.6
1513,0.0006549358367919922,0.162,-3.6
1514,0.0017101764678955078,0.162,-4.800000000000001
1515,0.0017123222351074219,0.162,-6.4
1516,0.0017123222351074219,0.162,-6.4
1517,0.0013651847839355469,0.162,-7.2
1518,0.0006842613220214844,0.162,-8.0
1519,0.001959562301635742,0.162,-8.4
1520,0.0011706352233886719,0.162,-8.4
1521,0.0007429122924804688,0.162,-8.4
1522,0.0017404556274414062,0.162,-8.0
1523,0.0005831718444824219,0.162,-7.2
1524,0.0016016960144042969,0.162,-6.0
1525,0.0005981922149658203,0.162,-4.800000000000001
1526,0.0015552043914794922,0.162,-3.2
1527,0.0005688667297363281,0.162,-1.2000000000000002
1528,0.0015630722045898438,0.162,0.8
1529,0.0005512237548828125,0.162,2.8000000000000003
1530,0.002207517623901367,0.162,5.2
1531,0.0006756782531738281,0.162,8.0
1532,0.0014829635620117188,0.162,10.8
1533,0.0006175041198730469,0.162,13.600000000000001
1534,0.0013942718505859375,0.162,16.400000000000002
1535,0.0006051063537597656,0.162,19.6
1536,0.0016484260559082031,0.162,22.400000000000002
1537,0.0005679130554199219,0.162,25.6
1538,0.0017189979553222656,0.162,28.8
1539,0.0005526542663574219,0.162,32.0
1540,0.002295970916748047,0.162,34.800000000000004
1541,0.0005731582641601562,0.162,38.0
1542,0.0017809867858886719,0.162,40.800000000000004
1543,0.0005562305450439453,0.162,43.6
1544,0.0013167858123779297,0.162,46.400000000000006
1545,0.0005927085876464844,0.162,48.800000000000004
1546,0.002091646194458008,0.162,51.6
1547,0.0005497932434082031,0.162,53.6
1548,0.0013616085052490234,0.162,56.0
1549,0.0005331039428710938,0.162,58.0
1550,0.001386880874633789,0.162,59.6
1551,0.00054931640625,0.162,61.2
1552,0.0019505023956298828,0.162,62.400000000000006
1553,0.0005528926849365234,0.162,63.6
1554,0.0019443035125732422,0.162,64.8
1555,0.0005433559417724609,0.162,65.60000000000001
1556,0.0020215511322021484,0.162,66.4
1557,0.001750946044921875,0.162,66.4
1558,0.0005948543548583984,0.162,66.8
1559,0.0017170906066894531,0.162,66.8
1560,0.0014100074768066406,0.162,66.4
1561,0.0017004013061523438,0.162,66.0
1562,0.0013113021850585938,0.162,65.60000000000001
1563,0.0006732940673828125,0.162,64.8
1564,0.0014505386352539062,0.162,63.6
1565,0.0014362335205078125,0.162,62.400000000000006
1566,0.0019757747650146484,0.162,61.2
1567,0.0020101070404052734,0.162,59.6
1568,0.0012316703796386719,0.162,58.0
1569,0.000993967056274414,0.162,56.0
1570,0.0018601417541503906,0.162,54.0
1571,0.0007512569427490234,0.162,52.0
1572,0.0023293495178222656,0.162,49.6
1573,0.0005476474761962891,0.162,47.2
1574,0.0012941360473632812,0.162,44.800000000000004
1575,0.0007522106170654297,0.162,42.0
1576,0.0015289783477783203,0.162,39.6
1577,0.0008304119110107422,0.162,36.800000000000004
1578,0.0016889572143554688,0.162,34.0
1579,0.0005934238433837891,0.162,31.200000000000003
1580,0.001392364501953125,0.162,28.8
1581,0.000797271728515625,0.162,26.0
1582,0.0008563995361328125,0.162,23.200000000000003
1583,0.0009965896606445312,0.162,20.8
1584,0.0005762577056884766,0.162,18.0
1585,0.0010952949523925781,0.162,15.600000000000001
1586,0.0007264614105224609,0.162,13.600000000000001
1587,0.0005249977111816406,0.162,11.200000000000001
1588,0.0008304119110107422,0.162,9.200000000000001
1589,0.0006537437438964844,0.162,7.2
1590,0.0006959438323974609,0.162,5.6000000000000005
1591,0.0004737377166748047,0.162,4.0
1592,0.0008764266967773438,0.162,2.8000000000000003
1593,0.0005087852478027344,0.162,1.6
1594,0.0030612945556640625,0.162,0.8
1595,0.0017464160919189453,0.162,0.0
1596,0.0006983280181884766,0.162,-0.4
1597,0.0015215873718261719,0.162,-0.4
1598,0.001806020736694336,0.162,-0.4
1599,0.0016040802001953125,0.162,-0.4
1600,0.001592874526977539,0.162,0.0
1601,0.0015990734100341797,0.162,0.8
1602,0.0018575191497802734,0.162,1.6
1603,0.001619100570678711,0.162,2.8000000000000003
1604,0.0006091594696044922,0.162,4.0
1605,0.0018765926361083984,0.162,5.6000000000000005
1606,0.001300811767578125,0.162,7.2
1607,0.0007023811340332031,0.162,9.200000000000001
1608,0.0013346672058105469,0.162,10.8
1609,0.001153707504272461,0.162,13.200000000000001
1610,0.0025517940521240234,0.162,15.200000000000001
1611,0.0010080337524414062,0.162,17.6
1612,0.001687765121459961,0.162,19.6
1613,0.0015954971313476562,0.162,22.0
1614,0.0016224384307861328,0.162,24.400000000000002
1615,0.0014352798461914062,0.162,26.8
1616,0.0008068084716796875,0.162,29.200000000000003
1617,0.0017673969268798828,0.162,31.6
1618,0.0022644996643066406,0.162,34.0
1619,0.0007398128509521484,0.162,36.4
1620,0.001949310302734375,0.162,38.800000000000004
1621,0.0006630420684814453,0.162,40.800000000000004
1622,0.0019371509552001953,0.162,42.800000000000004
1623,0.0006005764007568359,0.162,44.800000000000004
1624,0.0014755725860595703,0.162,46.800000000000004
1625,0.0006072521209716797,0.162,48.400000000000006
1626,0.0014903545379638672,0.162,50.0
1627,0.0005903244018554688,0.162,51.2
1628,0.0014960765838623047,0.162,52.400000000000006
1629,0.0005667209625244141,0.162,53.6
1630,0.001527547836303711,0.162,54.800000000000004
1631,0.0007867813110351562,0.162,55.6
1632,0.001733541488647461,0.162,56.0
1633,0.001432180404663086,0.162,56.400000000000006
1634,0.0013349056243896484,0.162,56.800000000000004
1635,0.0011963844299316406,0.162,56.800000000000004
1636,0.0019953250885009766,0.162,56.800000000000004
1637,0.0006551742553710938,0.162,56.800000000000004
1638,0.001505136489868164,0.162,56.400000000000006
1639,0.0006165504455566406,0.162,55.6
1640,0.002183675765991211,0.162,54.800000000000004
1641,0.0005960464477539062,0.162,54.0
1642,0.0013692378997802734,0.162,53.2
1643,0.0005700588226318359,0.162,52.0
1644,0.0022726058959960938,0.162,50.800000000000004
1645,0.0005662441253662109,0.162,49.2
1646,0.0014543533325195312,0.162,47.6
1647,0.0005726814270019531,0.162,46.0
1648,0.0014781951904296875,0.162,44.400000000000006
1649,0.002098560333251953,0.162,42.400000000000006
1650,0.0011506080627441406,0.162,40.800000000000004
1651,0.0016007423400878906,0.162,36.4
1652,0.0005691051483154297,0.162,34.4
1653,0.002289295196533203,0.162,32.4
1654,0.0012578964233398438,0.162,30.400000000000002
1655,0.001848459243774414,0.162,28.400000000000002
1656,0.002131223678588867,0.162,26.0
1657,0.0006430149078369141,0.162,24.0
1658,0.002147674560546875,0.162,22.0
1659,0.0006015300750732422,0.162,20.0
1660,0.0018687248229980469,0.162,18.400000000000002
1661,0.001409769058227539,0.162,16.400000000000002
1662,0.001409769058227539,0.162,16.400000000000002
1663,0.0016906261444091797,0.162,14.8
1664,0.0017178058624267578,0.162,13.200000000000001
1665,0.0011560916900634766,0.162,12.0
1666,0.0005939006805419922,0.162,10.8
1667,0.0015690326690673828,0.162,9.600000000000001
1668,0.0005908012390136719,0.162,8.8
1669,0.0013687610626220703,0.162,8.0
1670,0.0005879402160644531,0.162,7.2
1671,0.0016579627990722656,0.162,6.800000000000001
1672,0.002140522003173828,0.162,6.4
1673,0.0005862712860107422,0.162,6.4
1674,0.002064943313598633,0.162,6.4
1675,0.0018856525421142578,0.162,6.800000000000001
1676,0.0013175010681152344,0.162,6.800000000000001
1677,0.0006036758422851562,0.162,7.6000000000000005
1678,0.0021653175354003906,0.162,8.4
1679,0.0011615753173828125,0.162,9.200000000000001
1680,0.0017676353454589844,0.162,10.0
1681,0.0018773078918457031,0.162,11.200000000000001
1682,0.0007269382476806641,0.162,12.4
1683,0.0016543865203857422,0.162,14.0
1684,0.000637054443359375,0.162,15.600000000000001
1685,0.0016274452209472656,0.162,17.2
1686,0.0014090538024902344,0.162,18.8
1687,0.0006372928619384766,0.162,20.400000000000002
1688,0.0019030570983886719,0.162,22.0
1689,0.0015413761138916016,0.162,24.0
1690,0.0015037059783935547,0.162,26.0
1691,0.001566171646118164,0.162,27.6
1692,0.0012285709381103516,0.162,29.6
1693,0.0006742477416992188,0.162,31.200000000000003
1694,0.0016543865203857422,0.162,33.2
1695,0.0018842220306396484,0.162,34.800000000000004
1696,0.0015347003936767578,0.162,36.800000000000004
1697,0.0022521018981933594,0.162,38.400000000000006
1698,0.0021822452545166016,0.162,40.0
1699,0.0020859241485595703,0.162,41.2
1700,0.0015842914581298828,0.162,42.800000000000004
1701,0.0017333030700683594,0.162,44.0
1702,0.0012400150299072266,0.162,45.2
1703,0.001779317855834961,0.162,46.400000000000006
1704,0.0018503665924072266,0.162,47.2
1705,0.0015168190002441406,0.162,48.0
1706,0.0019311904907226562,0.162,48.800000000000004
1707,0.0007951259613037109,0.162,49.6
1708,0.0017697811126708984,0.162,50.0
1709,0.0008661746978759766,0.162,50.0
1710,0.0020132064819335938,0.162,50.400000000000006
1711,0.0008130073547363281,0.162,50.400000000000006
1712,0.002140522003173828,0.162,50.400000000000006
1713,0.001352548599243164,0.162,50.0
1714,0.0012326240539550781,0.162,49.6
1715,0.0019538402557373047,0.162,49.2
1716,0.0006468296051025391,0.162,48.400000000000006
1717,0.0018436908721923828,0.162,47.6
1718,0.0005741119384765625,0.162,46.800000000000004
1719,0.001753091812133789,0.162,46.0
1720,0.0007426738739013672,0.162,44.800000000000004
1721,0.0020461082458496094,0.162,43.6
1722,0.001998424530029297,0.162,42.400000000000006
1723,0.0016541481018066406,0.162,41.2
1724,0.0005300045013427734,0.162,39.6
1725,0.0020322799682617188,0.162,38.400000000000006
1726,0.0019121170043945312,0.162,36.800000000000004
1727,0.000698089599609375,0.162,35.2
1728,0.0018661022186279297,0.162,33.6
1729,0.0006012916564941406,0.162,32.0
1730,0.0017752647399902344,0.162,30.400000000000002
1731,0.0007443428039550781,0.162,28.8
1732,0.0016717910766601562,0.162,27.200000000000003
1733,0.001520395278930664,0.162,25.6
1734,0.0007109642028808594,0.162,24.400000000000002
1735,0.0015215873718261719,0.162,22.8
1736,0.0005953311920166016,0.162,21.200000000000003
1737,0.0011324882507324219,0.162,20.0
1738,0.0015399456024169922,0.162,18.8
1739,0.00168609619140625,0.162,17.6
1740,0.0016450881958007812,0.162,16.400000000000002
1741,0.00067138671875,0.162,15.200000000000001
1742,0.001712799072265625,0.162,14.4
1743,0.0006554126739501953,0.162,13.600000000000001
1744,0.0017559528350830078,0.162,12.8
1745,0.0006237030029296875,0.162,12.4
1746,0.0016455650329589844,0.162,12.0
1747,0.0019378662109375,0.162,11.600000000000001
1748,0.0019066333770751953,0.162,11.600000000000001
1749,0.0012133121490478516,0.162,11.600000000000001
1750,0.0005326271057128906,0.162,11.600000000000001
1751,0.002254962921142578,0.162,12.0
1752,0.0012359619140625,0.162,12.4
1753,0.0007069110870361328,0.162,12.8
1754,0.0014319419860839844,0.162,13.600000000000001
1755,0.0015864372253417969,0.162,14.0
1756,0.0006997585296630859,0.162,14.8
1757,0.001537322998046875,0.162,16.0
1758,0.0017938613891601562,0.162,16.8
1759,0.0006284713745117188,0.162,18.0
1760,0.001575469970703125,0.162,19.200000000000003
1761,0.001583099365234375,0.162,20.400000000000002
1762,0.0018329620361328125,0.162,21.6
1763,0.0016789436340332031,0.162,23.200000000000003
1764,0.0013921260833740234,0.162,24.400000000000002
1765,0.0006930828094482422,0.162,25.6
1766,0.002291440963745117,0.162,27.200000000000003
1767,0.0013034343719482422,0.162,28.400000000000002
1768,0.0013289451599121094,0.162,30.0
1769,0.000858306884765625,0.157,31.200000000000003
1770,0.0006532669067382812,0.149,32.800000000000004
1771,0.00046753883361816406,0.138,34.0
1772,0.0009043216705322266,0.131,35.2
1773,0.0005331039428710938,0.116,36.800000000000004
1774,0.0005898475646972656,0.101,38.0
1775,0.0004563331604003906,0.097,38.800000000000004
1776,0.00044274330139160156,0.095,40.0
1777,0.0005528926849365234,0.095,40.800000000000004
1778,0.00032591819763183594,0.095,41.6
1779,0.0006451606750488281,0.095,42.0
1780,0.0009059906005859375,0.095,42.400000000000006
1781,0.000888824462890625,0.095,42.800000000000004
1782,0.0022661685943603516,0.095,42.800000000000004
1783,0.0007886886596679688,0.095,42.800000000000004
1784,0.0014531612396240234,0.095,42.400000000000006
1785,0.0007061958312988281,0.095,41.6
1786,0.0024781227111816406,0.095,40.800000000000004
1787,0.00147247314453125,0.095,40.0
1788,0.0017282962799072266,0.095,38.800000000000004
1789,0.0012621879577636719,0.095,37.6
1790,0.0006463527679443359,0.095,36.0
1791,0.0015971660614013672,0.095,34.4
1792,0.0006186962127685547,0.095,32.800000000000004
1793,0.0018811225891113281,0.095,30.8
1794,0.001909494400024414,0.095,28.8
1795,0.0006251335144042969,0.095,26.400000000000002
1796,0.0013797283172607422,0.095,24.400000000000002
1797,0.0006108283996582031,0.095,22.0
1798,0.0006108283996582031,0.095,22.0
1799,0.0005211830139160156,0.095,19.6
1800,0.0005049705505371094,0.095,17.2
1801,0.0006930828094482422,0.095,14.8
1802,0.0008256435394287109,0.095,12.4
1803,0.00032520294189453125,0.095,10.4
1804,0.0006535053253173828,0.095,8.0
1805,0.0005640983581542969,0.095,5.6000000000000005
1806,0.0011436939239501953,0.095,3.2
1807,0.0017981529235839844,0.095,1.2000000000000002
1808,0.0006394386291503906,0.093,-0.8
1809,0.0012025833129882812,0.093,-2.8000000000000003
1810,0.0007383823394775391,0.091,-4.4
1811,0.0007052421569824219,0.088,-6.0
1812,0.00042891502380371094,0.086,-7.6000000000000005
1813,0.0008366107940673828,0.086,-8.8
1814,0.0005586147308349609,0.084,-9.600000000000001
1815,0.0009176731109619141,0.084,-10.8
1816,0.001119852066040039,0.08,-11.200000000000001
1817,0.0007872581481933594,0.08,-12.0
1818,0.000640869140625,0.08,-12.0
1819,0.002166271209716797,0.08,-12.4
1820,0.0007853507995605469,0.08,-12.0
1821,0.0017969608306884766,0.08,-12.0
1822,0.000644683837890625,0.08,-11.600000000000001
1823,0.0023131370544433594,0.08,-10.8
1824,0.0014145374298095703,0.08,-10.0
1825,0.0007266998291015625,0.08,-9.200000000000001
1826,0.0022013187408447266,0.08,-8.0
1827,0.0006489753723144531,0.08,-6.800000000000001
1828,0.0015251636505126953,0.08,-5.2
1829,0.0004544258117675781,0.078,-3.6
1830,0.00041031837463378906,0.075,-2.0
1831,0.0005679130554199219,0.073,-0.4
1832,0.0006506443023681641,0.073,1.6
1833,0.0005013942718505859,0.071,3.2
1834,0.0008435249328613281,0.071,5.2
1835,0.000896453857421875,0.071,7.2
1836,0.0008740425109863281,0.071,9.200000000000001
1837,0.0007121562957763672,0.071,11.200000000000001
1838,0.0023126602172851562,0.071,13.200000000000001
1839,0.00168609619140625,0.071,15.200000000000001
1840,0.0012831687927246094,0.071,16.8
1841,0.0016551017761230469,0.071,18.8
1842,0.0013420581817626953,0.071,20.400000000000002
1843,0.0006644725799560547,0.071,22.0
1844,0.001783132553100586,0.071,23.6
1845,0.000583648681640625,0.071,24.8
1846,0.00240325927734375,0.071,26.0
1847,0.0006024837493896484,0.071,27.200000000000003
1848,0.0022661685943603516,0.071,28.0
1849,0.0006134510040283203,0.071,28.8
1850,0.0005970001220703125,0.075,29.6
1851,0.0009953975677490234,0.075,30.0
1852,0.0015406608581542969,0.075,30.400000000000002
1853,0.0016584396362304688,0.075,30.8
1854,0.0016307830810546875,0.075,30.8
1855,0.0004925727844238281,0.075,30.400000000000002
1856,0.0005412101745605469,0.08,30.400000000000002
1857,0.00047779083251953125,0.084,30.0
1858,0.0005342960357666016,0.091,29.200000000000003
1859,0.0008449554443359375,0.101,28.400000000000002
1860,0.00033354759216308594,0.112,27.6
1861,0.0005486011505126953,0.127,26.400000000000002
1862,0.0005700588226318359,0.138,25.6
1863,0.0003116130828857422,0.142,24.0
1864,0.0004763603210449219,0.142,22.8
1865,0.0006885528564453125,0.142,21.6
1866,0.0009980201721191406,0.142,20.0
1867,0.0011143684387207031,0.142,18.400000000000002
1868,0.0006155967712402344,0.142,17.2
1869,0.0020439624786376953,0.142,15.600000000000001
1870,0.0013282299041748047,0.142,14.4
1871,0.0006215572357177734,0.142,13.200000000000001
1872,0.0017957687377929688,0.142,12.0
1873,0.0006396770477294922,0.142,10.8
1874,0.0024089813232421875,0.142,9.600000000000001
1875,0.0006811618804931641,0.142,8.8
1876,0.001628875732421875,0.142,8.0
1877,0.0006430149078369141,0.142,7.2
1878,0.000545501708984375,0.138,6.800000000000001
1879,0.000789642333984375,0.134,6.4
1880,0.0005934238433837891,0.129,6.0
1881,0.0004813671112060547,0.119,6.0
1882,0.0006072521209716797,0.114,6.0
1883,0.0007636547088623047,0.108,6.0
1884,0.000591278076171875,0.099,6.4
1885,0.0004787445068359375,0.093,6.800000000000001
1886,0.0006105899810791016,0.091,7.2
1887,0.0006594657897949219,0.086,7.6000000000000005
1888,0.0006403923034667969,0.084,8.4
1889,0.0005016326904296875,0.08,9.200000000000001
1890,0.0004863739013671875,0.075,10.0
1891,0.00045013427734375,0.075,10.4
1892,0.0009179115295410156,0.075,11.200000000000001
1893,0.0006170272827148438,0.075,12.0
1894,0.0005736351013183594,0.075,13.200000000000001
1895,0.001753091812133789,0.075,14.0
1896,0.0007081031799316406,0.075,14.4
1897,0.0005636215209960938,0.073,15.200000000000001
1898,0.0004961490631103516,0.073,16.0
1899,0.0021209716796875,0.073,16.400000000000002
1900,0.0015985965728759766,0.073,17.2
1901,0.0005819797515869141,0.073,17.6
1902,0.0013842582702636719,0.073,18.0
1903,0.0005593299865722656,0.073,18.400000000000002
1904,0.0008921623229980469,0.078,18.8
1905,0.0006632804870605469,0.086,19.200000000000003
1906,0.0006206035614013672,0.099,19.200000000000003
1907,0.0010995864868164062,0.106,19.200000000000003
1908,0.00033736228942871094,0.121,19.200000000000003
1909,0.0005948543548583984,0.129,19.200000000000003
1910,0.00045371055603027344,0.138,19.200000000000003
1911,0.0007321834564208984,0.144,18.8
1912,0.00032520294189453125,0.147,18.8
1913,0.00047969818115234375,0.147,18.400000000000002
1914,0.0004775524139404297,0.147,18.0
1915,0.0007340908050537109,0.147,17.6
1916,0.0006685256958007812,0.149,17.6
1917,0.0005321502685546875,0.149,17.2
1918,0.0010650157928466797,0.149,16.8
1919,0.0014050006866455078,0.149,16.8
1920,0.0006234645843505859,0.153,16.8
1921,0.0005350112915039062,0.157,16.400000000000002
1922,0.000774383544921875,0.162,16.400000000000002
1923,0.0007669925689697266,0.168,16.8
1924,0.001041412353515625,0.172,16.8
1925,0.0006783008575439453,0.175,16.8
1926,0.0008804798126220703,0.175,17.2
1927,0.0008580684661865234,0.177,17.6
1928,0.00035572052001953125,0.181,18.0
1929,0.0009500980377197266,0.183,18.400000000000002
1930,0.0006628036499023438,0.188,18.8
1931,0.0004723072052001953,0.192,19.6
1932,0.0006079673767089844,0.194,20.0
1933,0.0005993843078613281,0.194,20.8
1934,0.0006527900695800781,0.194,22.0
1935,0.0009889602661132812,0.194,22.8
1936,0.0005950927734375,0.194,24.0
1937,0.0017404556274414062,0.194,25.200000000000003
1938,0.0006587505340576172,0.194,26.400000000000002
1939,0.0016078948974609375,0.194,27.6
1940,0.0004730224609375,0.194,28.8
1941,0.0004730224609375,0.194,28.8
1942,0.0005311965942382812,0.194,30.400000000000002
1943,0.0013091564178466797,0.194,31.6
1944,0.0006902217864990234,0.194,33.2
1945,0.0004665851593017578,0.196,34.4
1946,0.0003376007080078125,0.198,36.0
1947,0.0005078315734863281,0.198,37.6
1948,0.0005486011505126953,0.198,39.2
1949,0.001737833023071289,0.198,40.800000000000004
1950,0.0006034374237060547,0.198,42.0
1951,0.0018427371978759766,0.198,43.6
1952,0.0012810230255126953,0.198,44.800000000000004
1953,0.0005848407745361328,0.198,46.400000000000006
1954,0.0011487007141113281,0.198,47.6
1955,0.0010154247283935547,0.198,48.800000000000004
1956,0.0004444122314453125,0.194,50.0
1957,0.00031256675720214844,0.188,51.2
1958,0.0007476806640625,0.181,52.400000000000006
1959,0.00044918060302734375,0.172,53.6
1960,0.0004220008850097656,0.162,54.400000000000006
1961,0.0006725788116455078,0.149,55.2
1962,0.0007941722869873047,0.136,56.0
1963,0.0009984970092773438,0.125,56.800000000000004
1964,0.0005745887756347656,0.119,57.2
1965,0.0007059574127197266,0.114,57.6
1966,0.0006124973297119141,0.114,57.6
1967,0.0008418560028076172,0.114,57.6
1968,0.0005497932434082031,0.112,57.6
1969,0.0007190704345703125,0.112,57.2
1970,0.0007517337799072266,0.112,56.400000000000006
1971,0.00037407875061035156,0.108,55.6
1972,0.000507354736328125,0.108,54.400000000000006
1973,0.0005979537963867188,0.108,53.2
1974,0.0015628337860107422,0.108,51.6
1975,0.0014286041259765625,0.108,50.0
1976,0.0003032684326171875,0.106,48.0
1977,0.0015254020690917969,0.106,46.0
1978,0.0008628368377685547,0.106,43.6
1979,0.0016591548919677734,0.106,40.800000000000004
1980,0.0014615058898925781,0.106,38.0
1981,0.0006961822509765625,0.106,35.2
1982,0.0015811920166015625,0.106,32.4
1983,0.0012485980987548828,0.106,29.200000000000003
1984,0.0007240772247314453,0.106,26.0
1985,0.0012657642364501953,0.106,22.8
1986,0.0018150806427001953,0.106,19.6
1987,0.0018513202667236328,0.106,16.0
1988,0.0006508827209472656,0.106,12.8
1989,0.0013737678527832031,0.106,9.600000000000001
1990,0.0005905628204345703,0.106,6.4
1991,0.001941680908203125,0.106,3.2
1992,0.0006284713745117188,0.106,0.4
1993,0.0015461444854736328,0.106,-2.4000000000000004
1994,0.0012617111206054688,0.106,-5.2
1995,0.001092672348022461,0.106,-7.6000000000000005
1996,0.0012676715850830078,0.106,-10.0
1997,0.0006520748138427734,0.106,-12.4
1998,0.0012938976287841797,0.106,-14.0
1999,0.0013191699981689453,0.106,-15.600000000000001
2000,0.0006759166717529297,0.106,-17.2
2001,0.0017333030700683594,0.106,-18.400000000000002
2002,0.0006353855133056641,0.106,-19.200000000000003
2003,0.001810312271118164,0.106,-19.6
2004,0.0005831718444824219,0.106,-20.0
2005,0.0021638870239257812,0.106,-20.0
2006,0.0012121200561523438,0.106,-19.6
2007,0.0011949539184570312,0.106,-19.200000000000003
2008,0.0006387233734130859,0.106,-18.0
2009,0.0012934207916259766,0.106,-17.2
2010,0.0006442070007324219,0.106,-15.600000000000001
2011,0.0006322860717773438,0.106,-14.0
2012,0.0005967617034912109,0.106,-12.4
2013,0.0006434917449951172,0.106,-10.0
2014,0.0005400180816650391,0.106,-8.0
2015,0.0017502307891845703,0.106,-5.6000000000000005
2016,0.001689910888671875,0.106,-2.8000000000000003
2017,0.0006115436553955078,0.106,0.0
2018,0.0014908313751220703,0.106,2.8000000000000003
2019,0.001245737075805664,0.106,5.6000000000000005
2020,0.0011811256408691406,0.106,8.4
2021,0.0005879402160644531,0.106,11.600000000000001
2022,0.0013148784637451172,0.106,14.4
2023,0.0006310939788818359,0.106,17.6
2024,0.0013015270233154297,0.106,20.400000000000002
2025,0.000644683837890625,0.106,23.6
2026,0.0013365745544433594,0.106,26.400000000000002
2027,0.0006248950958251953,0.106,29.200000000000003
2028,0.0013582706451416016,0.106,31.6
2029,0.0006182193756103516,0.106,34.4
2030,0.0013184547424316406,0.106,36.800000000000004
2031,0.0006029605865478516,0.106,38.800000000000004
2032,0.002317667007446289,0.106,40.800000000000004
2033,0.0007541179656982422,0.106,42.800000000000004
2034,0.0018296241760253906,0.106,44.400000000000006
2035,0.0005831718444824219,0.106,45.6
2036,0.0014491081237792969,0.106,46.800000000000004
2037,0.0005729198455810547,0.106,48.0
2038,0.0012812614440917969,0.106,48.400000000000006
2039,0.0012111663818359375,0.106,49.2
2040,0.0005943775177001953,0.106,49.2
2041,0.0013659000396728516,0.106,49.6
2042,0.0005903244018554688,0.106,49.2
2043,0.0004458427429199219,0.114,48.800000000000004
2044,0.0005621910095214844,0.14,48.0
2045,0.0002434253692626953,0.159,47.2
2046,0.0004839897155761719,0.177,46.400000000000006
2047,0.0004572868347167969,0.183,44.800000000000004
2048,0.0004436969757080078,0.194,43.6
2049,0.00043964385986328125,0.198,42.0
2050,0.00044274330139160156,0.203,40.0
2051,0.00043654441833496094,0.205,38.400000000000006
2052,0.0004286766052246094,0.205,36.4
2053,0.0008966922760009766,0.205,34.4
2054,0.0004837512969970703,0.205,32.4
2055,0.0009810924530029297,0.205,30.400000000000002
2056,0.0006055831909179688,0.205,28.400000000000002
2057,0.002283334732055664,0.205,26.400000000000002
2058,0.0003154277801513672,0.203,24.8
2059,0.00045371055603027344,0.198,23.200000000000003
2060,0.00047516822814941406,0.194,21.6
2061,0.0004317760467529297,0.194,20.400000000000002
2062,0.0004119873046875,0.19,19.200000000000003
2063,0.00034165382385253906,0.19,18.0
2064,0.0004818439483642578,0.19,17.2
2065,0.0003616809844970703,0.19,16.8
2066,0.0006012916564941406,0.19,16.0
2067,0.0014643669128417969,0.19,15.600000000000001
2068,0.0004825592041015625,0.188,15.600000000000001
2069,0.0004382133483886719,0.181,15.600000000000001
2070,0.0007636547088623047,0.175,15.600000000000001
2071,0.000457763671875,0.166,16.0
2072,0.0009369850158691406,0.159,16.400000000000002
2073,0.0004680156707763672,0.147,16.8
2074,0.0004801750183105469,0.136,17.6
2075,0.0006260871887207031,0.116,18.400000000000002
2076,0.00034737586975097656,0.11,19.200000000000003
2077,0.00075531005859375,0.106,20.0
2078,0.0002677440643310547,0.095,21.200000000000003
2079,0.0005018711090087891,0.086,22.0
2080,0.00044536590576171875,0.082,23.200000000000003
2081,0.0004477500915527344,0.078,24.400000000000002
2082,0.0004506111145019531,0.075,25.200000000000003
2083,0.0004458427429199219,0.075,26.0
2084,0.0004494190216064453,0.075,26.8
2085,0.00047326087951660156,0.075,27.6
2086,0.00047397613525390625,0.075,28.0
2087,0.0005354881286621094,0.075,28.8
2088,0.002208709716796875,0.075,28.8
2089,0.0006587505340576172,0.075,29.200000000000003
2090,0.0013580322265625,0.075,29.200000000000003
2091,0.0006036758422851562,0.075,29.200000000000003
2092,0.0012750625610351562,0.075,28.8
2093,0.0005614757537841797,0.075,28.400000000000002
2094,0.0012807846069335938,0.075,27.6
2095,0.0006062984466552734,0.075,27.200000000000003
2096,0.0014219284057617188,0.075,26.400000000000002
2097,0.0019195079803466797,0.075,25.200000000000003
2098,0.0020325183868408203,0.075,24.0
2099,0.0011873245239257812,0.075,22.8
2100,0.0005707740783691406,0.075,21.6
2101,0.0013704299926757812,0.075,20.400000000000002
2102,0.0005614757537841797,0.075,18.8
2103,0.0018343925476074219,0.075,17.2
2104,0.0013608932495117188,0.075,15.600000000000001
2105,0.0013995170593261719,0.075,14.0
2106,0.0016167163848876953,0.075,12.4
2107,0.0008215904235839844,0.075,10.8
2108,0.0013210773468017578,0.075,9.200000000000001
2109,0.0013210773468017578,0.075,9.200000000000001
2110,0.001253366470336914,0.075,7.6000000000000005
2111,0.0009634494781494141,0.075,6.0
2112,0.0012331008911132812,0.075,4.4
2113,0.00133514404296875,0.075,2.8000000000000003
2114,0.0012936592102050781,0.075,1.2000000000000002
2115,0.0007641315460205078,0.075,0.0
2116,0.0017855167388916016,0.075,-1.6
2117,0.0006639957427978516,0.075,-2.8000000000000003
2118,0.0007388591766357422,0.075,-3.6
2119,0.002208709716796875,0.075,-4.800000000000001
2120,0.0019004344940185547,0.075,-5.6000000000000005
2121,0.0012314319610595703,0.075,-6.4
2122,0.001931905746459961,0.075,-7.2
2123,0.0015027523040771484,0.075,-7.6000000000000005
2124,0.0006556510925292969,0.075,-8.0
2125,0.0013484954833984375,0.075,-8.0
2126,0.0006911754608154297,0.075,-8.0
2127,0.0013761520385742188,0.075,-8.0
2128,0.0006201267242431641,0.075,-8.0
2129,0.0012650489807128906,0.075,-7.6000000000000005
2130,0.0006334781646728516,0.075,-6.800000000000001
2131,0.0012574195861816406,0.075,-6.4
2132,0.0005896091461181641,0.075,-5.6000000000000005
2133,0.0012607574462890625,0.075,-4.800000000000001
2134,0.0007183551788330078,0.075,-3.6
2135,0.00133514404296875,0.075,-2.8000000000000003
2136,0.0007054805755615234,0.075,-1.6
2137,0.0015568733215332031,0.075,-0.4
2138,0.0005168914794921875,0.084,1.2000000000000002
2139,0.0003292560577392578,0.095,2.4000000000000004
2140,0.00046443939208984375,0.114,4.0
2141,0.0007543563842773438,0.127,5.6000000000000005
2142,0.0004622936248779297,0.14,6.800000000000001
2143,0.0004715919494628906,0.147,8.4
2144,0.0004532337188720703,0.151,10.0
2145,0.00042700767517089844,0.151,11.600000000000001
2146,0.00045561790466308594,0.153,13.200000000000001
2147,0.00046181678771972656,0.157,14.8
2148,0.00045013427734375,0.164,16.400000000000002
2149,0.00048279762268066406,0.166,18.0
2150,0.0004730224609375,0.166,19.6
2151,0.0004413127899169922,0.166,21.200000000000003
2152,0.0005898475646972656,0.166,23.200000000000003
2153,0.00090789794921875,0.166,24.8
2154,0.0006937980651855469,0.166,26.400000000000002
2155,0.0012731552124023438,0.166,28.0
2156,0.0029191970825195312,0.166,30.0
2157,0.0006389617919921875,0.166,31.6
2158,0.0017468929290771484,0.166,33.2
2159,0.002372264862060547,0.166,34.800000000000004
2160,0.0021724700927734375,0.166,36.4
2161,0.0007181167602539062,0.166,38.0
2162,0.0023202896118164062,0.166,39.6
2163,0.00040268898010253906,0.153,40.800000000000004
2164,0.0007944107055664062,0.149,42.0
2165,0.0005710124969482422,0.142,43.2
2166,0.0005733966827392578,0.14,44.400000000000006
2167,0.000560760498046875,0.134,45.6
2168,0.0008840560913085938,0.131,46.400000000000006
2169,0.0004775524139404297,0.127,47.2
2170,0.001032114028930664,0.119,47.6
2171,0.00047516822814941406,0.108,48.400000000000006
2172,0.0005102157592773438,0.101,48.400000000000006
2173,0.0004801750183105469,0.099,48.800000000000004
2174,0.00046253204345703125,0.095,48.800000000000004
2175,0.0004591941833496094,0.093,48.400000000000006
2176,0.0004394054412841797,0.091,48.0
2177,0.0004630088806152344,0.091,47.2
2178,0.0011305809020996094,0.091,46.400000000000006
2179,0.00045037269592285156,0.088,45.6
2180,0.0011065006256103516,0.088,44.400000000000006
2181,0.0005869865417480469,0.088,42.800000000000004
2182,0.0016126632690429688,0.088,41.2
2183,0.0007374286651611328,0.088,39.2
2184,0.0015597343444824219,0.088,37.2
2185,0.0006549358367919922,0.088,35.2
2186,0.0016965866088867188,0.088,32.800000000000004
2187,0.0004353523254394531,0.086,30.0
2188,0.00115203857421875,0.086,27.6
2189,0.0005700588226318359,0.086,24.8
2190,0.001827239990234375,0.086,22.0
2191,0.0006299018859863281,0.086,19.200000000000003
2192,0.002325773239135742,0.086,16.0
2193,0.0006239414215087891,0.086,13.200000000000001
2194,0.0005445480346679688,0.086,10.0
2195,0.002108335494995117,0.086,7.2
2196,0.0005970001220703125,0.086,4.4
2197,0.0020394325256347656,0.086,1.6
2198,0.0006182193756103516,0.086,-1.2000000000000002
2199,0.002276897430419922,0.086,-4.0
2200,0.0021753311157226562,0.086,-6.4
2201,0.0005831718444824219,0.086,-8.8
2202,0.002260446548461914,0.086,-10.8
2203,0.0019729137420654297,0.086,-12.8
2204,0.0006477832794189453,0.086,-14.4
2205,0.002259969711303711,0.086,-16.0
2206,0.0016279220581054688,0.086,-17.6
2207,0.0017740726470947266,0.086,-18.400000000000002
2208,0.0019783973693847656,0.086,-19.200000000000003
2209,0.002460479736328125,0.086,-20.0
2210,0.0008165836334228516,0.086,-20.400000000000002
2211,0.0022842884063720703,0.086,-20.400000000000002
2212,0.0006673336029052734,0.086,-20.0
2213,0.0024161338806152344,0.086,-19.6
2214,0.001787424087524414,0.086,-18.8
2215,0.002454042434692383,0.086,-18.0
2216,0.0006647109985351562,0.086,-16.8
2217,0.002351999282836914,0.086,-15.600000000000001
2218,0.0006709098815917969,0.086,-14.0
2219,0.0028047561645507812,0.086,-12.0
2220,0.0006358623504638672,0.086,-10.0
2221,0.0021762847900390625,0.086,-8.0
2222,0.00060272216796875,0.086,-5.6000000000000005
2223,0.0016143321990966797,0.086,-3.2
2224,0.0018732547760009766,0.086,-0.8
2225,0.0006537437438964844,0.086,2.0
2226,0.002475738525390625,0.086,4.4
2227,0.0005939006805419922,0.086,7.2
2228,0.0015704631805419922,0.086,10.0
2229,0.0005717277526855469,0.086,12.8
2230,0.0016036033630371094,0.086,15.600000000000001
2231,0.0005667209625244141,0.086,18.0
2232,0.0022051334381103516,0.086,20.8
2233,0.0006780624389648438,0.086,23.200000000000003
2234,0.001954793930053711,0.086,25.6
2235,0.0004954338073730469,0.086,28.0
2236,0.0007741451263427734,0.086,30.0
2237,0.0026040077209472656,0.086,32.0
2238,0.0006349086761474609,0.086,34.0
2239,0.0004227161407470703,0.097,35.6
2240,0.0009982585906982422,0.114,37.2
2241,0.0009982585906982422,0.14,37.2
2242,0.0004711151123046875,0.159,38.400000000000006
2243,0.0008261203765869141,0.17,39.6
2244,0.0004513263702392578,0.185,40.400000000000006
2245,0.0003402233123779297,0.203,41.2
2246,0.0005195140838623047,0.216,41.6
2247,0.0004639625549316406,0.228,42.0
2248,0.0004494190216064453,0.231,42.0
2249,0.0004744529724121094,0.231,42.0
2250,0.0004677772521972656,0.231,42.0
2251,0.0004215240478515625,0.231,41.6
2252,0.0004680156707763672,0.231,41.6
2253,0.0009832382202148438,0.231,41.2
2254,0.0012929439544677734,0.231,41.2
2255,0.0018503665924072266,0.231,40.800000000000004
2256,0.0017578601837158203,0.231,40.800000000000004
2257,0.0019245147705078125,0.231,40.400000000000006
2258,0.0009596347808837891,0.228,40.400000000000006
2259,0.0005085468292236328,0.226,40.800000000000004
2260,0.0023720264434814453,0.226,40.800000000000004
2261,0.0012104511260986328,0.224,40.800000000000004
2262,0.0011260509490966797,0.22,41.2
2263,0.0004909038543701172,0.209,41.6
2264,0.001070261001586914,0.205,42.0
2265,0.0006003379821777344,0.194,42.400000000000006
2266,0.0006220340728759766,0.181,42.800000000000004
2267,0.0007474422454833984,0.164,43.2
2268,0.00042057037353515625,0.144,44.0
2269,0.00090789794921875,0.131,44.400000000000006
2270,0.0004913806915283203,0.11,44.800000000000004
2271,0.0005624294281005859,0.095,45.6
2272,0.0007412433624267578,0.088,46.0
2273,0.0006556510925292969,0.084,46.400000000000006
2274,0.0005960464477539062,0.084,46.400000000000006
2275,0.0006375312805175781,0.084,46.400000000000006
2276,0.0010058879852294922,0.084,46.400000000000006
2277,0.0006351470947265625,0.084,46.0
2278,0.002085447311401367,0.084,45.6
2279,0.00038433074951171875,0.08,44.800000000000004
2280,0.0007455348968505859,0.073,44.0
2281,0.0010592937469482422,0.069,42.800000000000004
2282,0.0004773139953613281,0.06,41.2
2283,0.0009372234344482422,0.056,39.6
2284,0.0004425048828125,0.056,38.0
2285,0.0004296302795410156,0.056,36.0
2286,0.00043582916259765625,0.056,34.0
2287,0.0013747215270996094,0.056,31.6
2288,0.00045490264892578125,0.056,28.8
2289,0.0009605884552001953,0.056,26.400000000000002
2290,0.0006284713745117188,0.056,23.6
2291,0.0020732879638671875,0.056,20.8
2292,0.0006372928619384766,0.056,17.6
2293,0.0017430782318115234,0.056,14.4
2294,0.0005750656127929688,0.056,11.200000000000001
2295,0.0019118785858154297,0.056,8.0
2296,0.0006201267242431641,0.056,4.800000000000001
2297,0.0025243759155273438,0.056,2.0
2298,0.0005555152893066406,0.056,-1.2000000000000002
2299,0.0016107559204101562,0.056,-4.4
2300,0.0006074905395507812,0.056,-7.2
2301,0.0024154186248779297,0.056,-10.0
2302,0.0006275177001953125,0.056,-12.8
2303,0.0029375553131103516,0.056,-15.600000000000001
2304,0.0005893707275390625,0.056,-18.0
2305,0.0023603439331054688,0.056,-20.0
2306,0.0006043910980224609,0.056,-22.0
2307,0.0022253990173339844,0.056,-23.6
2308,0.0006012916564941406,0.056,-25.200000000000003
2309,0.0017430782318115234,0.056,-26.400000000000002
2310,0.002417325973510742,0.056,-27.200000000000003
2311,0.0007131099700927734,0.056,-28.0
2312,0.0020470619201660156,0.056,-28.400000000000002
2313,0.0006692409515380859,0.056,-28.8
2314,0.0015513896942138672,0.056,-28.400000000000002
2315,0.0005803108215332031,0.056,-28.400000000000002
2316,0.0015594959259033203,0.056,-27.6
2317,0.0018973350524902344,0.056,-26.8
2318,0.0022020339965820312,0.056,-25.6
2319,0.001783609390258789,0.056,-24.0
2320,0.0015621185302734375,0.056,-22.400000000000002
2321,0.0016026496887207031,0.056,-20.400000000000002
2322,0.0006463527679443359,0.056,-18.400000000000002
2323,0.0016095638275146484,0.056,-16.400000000000002
2324,0.0006356239318847656,0.056,-13.600000000000001
2325,0.0016894340515136719,0.056,-11.200000000000001
2326,0.0006392002105712891,0.056,-8.4
2327,0.0025217533111572266,0.056,-5.6000000000000005
2328,0.0005900859832763672,0.056,-2.8000000000000003
2329,0.0019979476928710938,0.056,0.4
2330,0.0006284713745117188,0.056,3.2
2331,0.002231597900390625,0.056,6.4
2332,0.0006067752838134766,0.056,9.200000000000001
2333,0.0015456676483154297,0.056,12.0
2334,0.0007240772247314453,0.056,15.200000000000001
2335,0.0006670951843261719,0.056,18.0
2336,0.0006885528564453125,0.056,20.400000000000002
2337,0.002078533172607422,0.056,23.200000000000003
2338,0.0006260871887207031,0.056,25.6
2339,0.0024156570434570312,0.056,28.0
2340,0.0006034374237060547,0.056,30.0
2341,0.0019698143005371094,0.056,32.0
2342,0.00058746337890625,0.056,33.6
2343,0.0016875267028808594,0.056,35.2
2344,0.0005903244018554688,0.056,36.4
2345,0.002454996109008789,0.056,37.6
2346,0.0005655288696289062,0.056,38.400000000000006
2347,0.0018875598907470703,0.056,38.800000000000004
2348,0.0006239414215087891,0.056,39.2
2349,0.002283334732055664,0.056,39.2
2350,0.0022726058959960938,0.056,39.2
2351,0.0006139278411865234,0.056,38.800000000000004
2352,0.0019049644470214844,0.056,38.0
2353,0.0005781650543212891,0.056,37.2
2354,0.0027313232421875,0.056,36.0
2355,0.0004837512969970703,0.073,34.800000000000004
2356,0.0006909370422363281,0.099,33.2
2357,0.0004000663757324219,0.116,31.6
2358,0.0006084442138671875,0.144,29.6
2359,0.0005209445953369141,0.166,27.6
2360,0.0005266666412353516,0.183,25.6
2361,0.0005896091461181641,0.2,23.200000000000003
2362,0.0005118846893310547,0.218,20.8
2363,0.00048804283142089844,0.226,18.0
2364,0.0004363059997558594,0.226,15.600000000000001
2365,0.0004763603210449219,0.226,13.200000000000001
2366,0.0005137920379638672,0.226,11.200000000000001
2367,0.0009889602661132812,0.226,8.8
2368,0.0010671615600585938,0.226,7.2
2369,0.0012679100036621094,0.226,5.2
2370,0.001032114028930664,0.224,4.0
2371,0.000621795654296875,0.211,2.8000000000000003
2372,0.0003323554992675781,0.196,2.0
2373,0.0003941059112548828,0.188,1.6
2374,0.00047516822814941406,0.183,1.6
2375,0.0004677772521972656,0.183,2.0
2376,0.0004057884216308594,0.183,2.4000000000000004
2377,0.0005052089691162109,0.183,3.2
2378,0.0007205009460449219,0.183,4.4
2379,0.0010716915130615234,0.183,6.0
2380,0.0008344650268554688,0.183,7.6000000000000005
2381,0.0018398761749267578,0.183,9.200000000000001
2382,0.0007309913635253906,0.179,11.200000000000001
2383,0.0007522106170654297,0.172,13.600000000000001
2384,0.0014858245849609375,0.168,15.600000000000001
2385,0.0005266666412353516,0.159,18.0
2386,0.0006723403930664062,0.157,20.8
2387,0.0005295276641845703,0.153,23.200000000000003
2388,0.0006074905395507812,0.149,26.0
2389,0.0008263587951660156,0.147,28.8
2390,0.0008263587951660156,0.138,28.8
2391,0.0008542537689208984,0.131,31.200000000000003
2392,0.0005438327789306641,0.123,34.0
2393,0.0010929107666015625,0.108,36.4
2394,0.00046539306640625,0.095,39.2
2395,0.0010957717895507812,0.086,41.6
2396,0.00047516822814941406,0.078,44.0
2397,0.00047278404235839844,0.073,46.0
2398,0.0004837512969970703,0.065,48.0
2399,0.0008451938629150391,0.058,49.6
2400,0.0005202293395996094,0.054,51.2
2401,0.000469207763671875,0.054,52.400000000000006
2402,0.0004642009735107422,0.052,53.6
2403,0.0005116462707519531,0.047,54.400000000000006
2404,0.0010600090026855469,0.039,54.800000000000004
2405,0.0005469322204589844,0.034,55.2
2406,0.00045800209045410156,0.032,54.800000000000004
2407,0.0006425380706787109,0.03,54.400000000000006
2408,0.00046133995056152344,0.026,53.6
2409,0.0004260540008544922,0.024,52.400000000000006
2410,0.0007441043853759766,0.024,51.2
2411,0.0006029605865478516,0.024,49.2
2412,0.0004451274871826172,0.024,47.2
2413,0.0019450187683105469,0.024,44.800000000000004
2414,0.0009903907775878906,0.024,42.0
2415,0.0007183551788330078,0.024,39.2
2416,0.001882791519165039,0.024,35.6
2417,0.000698089599609375,0.024,32.4
2418,0.0017910003662109375,0.024,28.400000000000002
2419,0.0006029605865478516,0.024,24.400000000000002
2420,0.0025603771209716797,0.024,20.400000000000002
2421,0.0006232261657714844,0.024,16.0
2422,0.001734018325805664,0.024,11.600000000000001
2423,0.002396106719970703,0.024,7.2
2424,0.0007071495056152344,0.024,2.8000000000000003
2425,0.0032095909118652344,0.024,-2.0
2426,0.0020208358764648438,0.024,-6.4
2427,0.0006530284881591797,0.024,-10.8
2428,0.0024750232696533203,0.024,-14.8
2429,0.0005910396575927734,0.024,-19.200000000000003
2430,0.0015888214111328125,0.024,-23.200000000000003
2431,0.0006051063537597656,0.024,-26.8
2432,0.0019083023071289062,0.024,-30.400000000000002
2433,0.0006818771362304688,0.024,-34.0
2434,0.0003826618194580078,0.024,-36.800000000000004
2435,0.0010268688201904297,0.024,-39.6
2436,0.0008375644683837891,0.024,-42.0
2437,0.002264261245727539,0.024,-44.0
2438,0.0007393360137939453,0.024,-46.0
2439,0.0022950172424316406,0.024,-47.2
2440,0.0006263256072998047,0.024,-48.400000000000006
2441,0.002017974853515625,0.024,-49.2
2442,0.0006089210510253906,0.024,-49.2
2443,0.0019114017486572266,0.024,-49.2
2444,0.0006084442138671875,0.024,-48.800000000000004
2445,0.0017483234405517578,0.024,-48.0
2446,0.002551555633544922,0.024,-46.800000000000004
2447,0.0005981922149658203,0.024,-45.6
2448,0.002654552459716797,0.024,-43.6
2449,0.0006210803985595703,0.024,-41.6
2450,0.0022423267364501953,0.024,-39.2
2451,0.0006101131439208984,0.024,-36.4
2452,0.001968860626220703,0.024,-33.2
2453,0.0006194114685058594,0.024,-30.0
2454,0.0017268657684326172,0.024,-26.400000000000002
2455,0.0005707740783691406,0.024,-22.8
2456,0.0023381710052490234,0.024,-18.8
2457,0.0018420219421386719,0.024,-14.8
2458,0.0006494522094726562,0.024,-10.4
2459,0.0029535293579101562,0.024,-6.4
2460,0.0006587505340576172,0.024,-2.0
2461,0.002326488494873047,0.024,2.4000000000000004
2462,0.0005891323089599609,0.024,6.800000000000001
2463,0.002191781997680664,0.024,10.8
2464,0.0006089210510253906,0.024,15.200000000000001
2465,0.0017859935760498047,0.024,19.200000000000003
2466,0.001991748809814453,0.024,22.8
2467,0.0015783309936523438,0.024,26.8
2468,0.0006403923034667969,0.024,30.0
2469,0.0023059844970703125,0.024,33.6
2470,0.0013430118560791016,0.024,36.4
2471,0.0024373531341552734,0.024,39.2
2472,0.001100778579711914,0.028,41.6
2473,0.0005526542663574219,0.037,44.0
2474,0.0006971359252929688,0.047,45.6
2475,0.0007979869842529297,0.054,47.2
2476,0.0012292861938476562,0.063,48.400000000000006
2477,0.0004963874816894531,0.069,49.6
2478,0.0007166862487792969,0.075,50.0
2479,0.0006487369537353516,0.086,50.0
2480,0.0007364749908447266,0.097,50.0
2481,0.0005292892456054688,0.11,49.6
2482,0.0010118484497070312,0.123,48.800000000000004
2483,0.0006771087646484375,0.131,47.6
2484,0.0006241798400878906,0.138,46.400000000000006
2485,0.0004534721374511719,0.14,44.800000000000004
2486,0.0004627704620361328,0.14,43.2
2487,0.00045108795166015625,0.14,41.2
2488,0.0005688667297363281,0.14,38.800000000000004
2489,0.0011723041534423828,0.14,36.4
2490,0.0006003379821777344,0.14,34.0
2491,0.002277374267578125,0.14,31.6
2492,0.0006234645843505859,0.14,29.200000000000003
2493,0.002121448516845703,0.14,26.400000000000002
2494,0.0006999969482421875,0.14,23.6
2495,0.0018985271453857422,0.14,21.200000000000003
2496,0.0006465911865234375,0.14,18.400000000000002
2497,0.0024890899658203125,0.14,15.600000000000001
2498,0.0006175041198730469,0.14,13.200000000000001
2499,0.001720428466796875,0.14,10.8
2500,0.002359151840209961,0.14,8.4
2501,0.0006566047668457031,0.14,6.4
2502,0.002354860305786133,0.14,4.0
2503,0.0006227493286132812,0.14,2.0
2504,0.001992464065551758,0.14,0.4
2505,0.0005970001220703125,0.14,-1.2000000000000002
2506,0.002630949020385742,0.14,-2.4000000000000004
2507,0.0005750656127929688,0.14,-3.6
2508,0.0020313262939453125,0.14,-4.800000000000001
2509,0.0006165504455566406,0.14,-5.2
2510,0.0018148422241210938,0.14,-6.0
2511,0.0015842914581298828,0.14,-6.0
2512,0.0006191730499267578,0.14,-6.4
2513,0.00165557861328125,0.14,-6.0
2514,0.00159454345703125,0.14,-5.6000000000000005
2515,0.0021238327026367188,0.14,-5.2
2516,0.0018010139465332031,0.14,-4.4
2517,0.0006933212280273438,0.14,-3.2
2518,0.0026750564575195312,0.14,-2.0
2519,0.002056121826171875,0.14,-0.4
2520,0.0006539821624755859,0.14,1.2000000000000002
2521,0.0020101070404052734,0.14,2.8000000000000003
2522,0.002312898635864258,0.14,4.800000000000001
2523,0.0014798641204833984,0.14,6.800000000000001
2524,0.001556396484375,0.14,8.8
2525,0.0018069744110107422,0.14,11.200000000000001
2526,0.001985788345336914,0.14,13.600000000000001
2527,0.0006744861602783203,0.14,15.600000000000001
2528,0.0017066001892089844,0.14,18.0
2529,0.0006363391876220703,0.14,20.8
2530,0.0007548332214355469,0.142,23.200000000000003
2531,0.0005240440368652344,0.144,25.6
2532,0.0005984306335449219,0.149,27.6
2533,0.0005037784576416016,0.149,30.0
2534,0.0006995201110839844,0.149,32.4
2535,0.0006496906280517578,0.153,34.4
2536,0.0004744529724121094,0.153,36.4
2537,0.0005197525024414062,0.155,38.400000000000006
2538,0.0005197525024414062,0.155,38.400000000000006
2539,0.0007307529449462891,0.155,40.400000000000006
2540,0.00156402587890625,0.155,42.0
2541,0.0005404949188232422,0.155,43.6
2542,0.0018711090087890625,0.155,45.2
2543,0.002214193344116211,0.155,46.400000000000006
2544,0.0006513595581054688,0.155,47.6
2545,0.0007112026214599609,0.157,48.800000000000004
2546,0.0007719993591308594,0.159,49.6
2547,0.0008549690246582031,0.159,50.400000000000006
2548,0.0005216598510742188,0.159,51.2
2549,0.0009238719940185547,0.159,51.6
2550,0.0007083415985107422,0.159,52.0
2551,0.0026438236236572266,0.159,52.0
2552,0.0006358623504638672,0.159,52.0
2553,0.0023224353790283203,0.159,52.0
2554,0.0007929801940917969,0.159,51.6
2555,0.000576019287109375,0.162,51.2
2556,0.0005137920379638672,0.164,50.400000000000006
2557,0.00038313865661621094,0.164,49.6
2558,0.0013582706451416016,0.164,48.800000000000004
2559,0.000728607177734375,0.164,48.0
2560,0.002001047134399414,0.164,46.800000000000004
2561,0.0006978511810302734,0.164,45.6
2562,0.0023322105407714844,0.164,44.0
2563,0.0009636878967285156,0.164,42.800000000000004
2564,0.0006167888641357422,0.166,41.2
2565,0.0010683536529541016,0.166,39.6
2566,0.0008211135864257812,0.166,38.0
2567,0.0006656646728515625,0.166,36.0
2568,0.0025310516357421875,0.166,34.4
2569,0.0014312267303466797,0.166,32.4
2570,0.0006475448608398438,0.166,30.8
2571,0.0023725032806396484,0.166,28.8
2572,0.0006113052368164062,0.166,27.200000000000003
2573,0.001706838607788086,0.166,25.6
2574,0.002393484115600586,0.166,23.6
2575,0.002354145050048828,0.166,22.0
2576,0.0019071102142333984,0.166,20.400000000000002
2577,0.0019381046295166016,0.166,18.8
2578,0.001575469970703125,0.166,17.6
2579,0.001543283462524414,0.166,16.400000000000002
2580,0.0006740093231201172,0.166,14.8
2581,0.002452850341796875,0.166,14.0
2582,0.000637054443359375,0.166,12.8
2583,0.0017580986022949219,0.166,12.0
2584,0.0006988048553466797,0.166,11.200000000000001
2585,0.002094745635986328,0.166,10.8
2586,0.0020704269409179688,0.166,10.4
2587,0.0006558895111083984,0.166,10.0
2588,0.002477407455444336,0.166,9.600000000000001
2589,0.0006492137908935547,0.166,9.600000000000001
2590,0.0021185874938964844,0.166,10.0
2591,0.0006015300750732422,0.166,10.0
2592,0.002445220947265625,0.166,10.4
2593,0.0005643367767333984,0.166,11.200000000000001
2594,0.001531839370727539,0.166,12.0
2595,0.002111196517944336,0.166,12.8
2596,0.001867532730102539,0.166,13.600000000000001
2597,0.0022125244140625,0.166,14.8
2598,0.0015361309051513672,0.166,15.600000000000001
2599,0.0015473365783691406,0.166,17.2
2600,0.0005729198455810547,0.166,18.400000000000002
2601,0.002111673355102539,0.166,19.6
2602,0.0006017684936523438,0.166,21.200000000000003
2603,0.001809835433959961,0.166,22.8
2604,0.0020742416381835938,0.166,24.400000000000002
2605,0.0021610260009765625,0.166,26.0
2606,0.0022895336151123047,0.166,27.6
2607,0.0022869110107421875,0.166,29.200000000000003
2608,0.0010335445404052734,0.166,30.8
2609,0.0005900859832763672,0.164,32.4
2610,0.0009107589721679688,0.153,34.0
2611,0.0004062652587890625,0.142,35.2
2612,0.0009150505065917969,0.134,36.800000000000004
2613,0.0009632110595703125,0.121,38.0
2614,0.0005631446838378906,0.11,39.6
2615,0.0004608631134033203,0.099,40.800000000000004
2616,0.0004639625549316406,0.093,42.0
2617,0.0004444122314453125,0.088,42.800000000000004
2618,0.0004353523254394531,0.086,44.0
2619,0.00041556358337402344,0.086,44.400000000000006
2620,0.00043487548828125,0.086,45.2
2621,0.0013642311096191406,0.086,45.6
2622,0.0006299018859863281,0.086,45.6
2623,0.0018839836120605469,0.086,45.6
2624,0.0022764205932617188,0.086,45.2
2625,0.0020084381103515625,0.086,44.400000000000006
2626,0.0022797584533691406,0.086,43.6
2627,0.0007421970367431641,0.086,42.800000000000004
2628,0.0022177696228027344,0.086,41.6
2629,0.0006799697875976562,0.086,40.0
2630,0.0021491050720214844,0.086,38.400000000000006
2631,0.0006206035614013672,0.086,36.800000000000004
2632,0.0016050338745117188,0.086,34.800000000000004
2633,0.0006003379821777344,0.086,32.4
2634,0.002140045166015625,0.086,30.400000000000002
2635,0.0008127689361572266,0.086,28.0
2636,0.0024657249450683594,0.086,25.200000000000003
2637,0.0021643638610839844,0.086,22.8
2638,0.0006358623504638672,0.086,20.0
2639,0.0015101432800292969,0.086,17.2
2640,0.0006341934204101562,0.086,14.4
2641,0.0020148754119873047,0.086,11.600000000000001
2642,0.0006237030029296875,0.086,8.8
2643,0.0020895004272460938,0.086,6.0
2644,0.0006167888641357422,0.086,3.2
2645,0.0017421245574951172,0.086,0.8
2646,0.001874685287475586,0.086,-1.6
2647,0.0005960464477539062,0.086,-4.0
2648,0.0027654170989990234,0.086,-6.4
2649,0.0005898475646972656,0.086,-8.4
2650,0.0023355484008789062,0.086,-10.4
2651,0.0006363391876220703,0.086,-12.4
2652,0.00186920166015625,0.086,-14.0
2653,0.0022428035736083984,0.086,-15.200000000000001
2654,0.0005791187286376953,0.086,-16.400000000000002
2655,0.002837657928466797,0.086,-17.2
2656,0.0017981529235839844,0.086,-18.0
2657,0.0005981922149658203,0.086,-18.400000000000002
2658,0.0015916824340820312,0.086,-18.8
2659,0.0005559921264648438,0.086,-18.8
2660,0.001728057861328125,0.086,-18.400000000000002
2661,0.0005671977996826172,0.086,-18.0
2662,0.0023941993713378906,0.086,-17.2
2663,0.002058267593383789,0.086,-16.0
2664,0.0006148815155029297,0.086,-14.8
2665,0.0020470619201660156,0.086,-13.600000000000001
2666,0.00066375732421875,0.086,-12.0
2667,0.0017328262329101562,0.086,-10.0
2668,0.0022296905517578125,0.086,-8.0
2669,0.0018792152404785156,0.086,-6.0
2670,0.001653909683227539,0.086,-4.0
2671,0.0019636154174804688,0.086,-1.6
2672,0.0006542205810546875,0.086,0.8
2673,0.002221822738647461,0.086,3.2
2674,0.0020341873168945312,0.086,6.0
2675,0.00063323974609375,0.086,8.4
2676,0.0016813278198242188,0.086,11.200000000000001
2677,0.002039670944213867,0.086,13.600000000000001
2678,0.0006513595581054688,0.086,16.400000000000002
2679,0.0017063617706298828,0.086,18.8
2680,0.0006244182586669922,0.086,21.200000000000003
2681,0.0017435550689697266,0.086,23.6
2682,0.0005741119384765625,0.086,26.0
2683,0.0016906261444091797,0.086,28.0
2684,0.000621795654296875,0.086,30.0
2685,0.0016787052154541016,0.086,32.0
2686,0.0006518363952636719,0.086,33.6
2687,0.002218008041381836,0.086,35.2
2688,0.0006089210510253906,0.086,36.4
2689,0.0017511844635009766,0.086,37.6
2690,0.0023221969604492188,0.086,38.800000000000004
2691,0.0006089210510253906,0.086,39.6
2692,0.002233266830444336,0.086,40.0
2693,0.001965045928955078,0.086,40.400000000000006
2694,0.0006275177001953125,0.086,40.400000000000006
2695,0.0022406578063964844,0.086,40.400000000000006
2696,0.0006051063537597656,0.086,40.400000000000006
2697,0.0019419193267822266,0.086,39.6
2698,0.002262592315673828,0.086,39.2
2699,0.0006058216094970703,0.086,38.400000000000006
2700,0.0010247230529785156,0.086,37.2
2701,0.0005090236663818359,0.106,36.0
2702,0.0005090236663818359,0.131,36.0
2703,0.0005550384521484375,0.153,34.4
2704,0.0008070468902587891,0.183,32.800000000000004
2705,0.0007669925689697266,0.2,31.200000000000003
2706,0.00054931640625,0.211,29.200000000000003
2707,0.0007805824279785156,0.216,27.200000000000003
2708,0.0004782676696777344,0.218,25.200000000000003
2709,0.0008096694946289062,0.218,23.200000000000003
2710,0.0004830360412597656,0.218,21.200000000000003
2711,0.0010325908660888672,0.218,19.200000000000003
2712,0.0006425380706787109,0.218,17.2
2713,0.001565694808959961,0.218,15.600000000000001
2714,0.0006239414215087891,0.205,12.8
2715,0.0004944801330566406,0.192,11.600000000000001
2716,0.0008981227874755859,0.181,10.8
2717,0.0007307529449462891,0.164,10.0
2718,0.0007128715515136719,0.153,10.0
2719,0.000732421875,0.14,9.600000000000001
2720,0.0008795261383056641,0.125,10.0
2721,0.00046944618225097656,0.108,10.4
2722,0.000484466552734375,0.099,10.8
2723,0.0004849433898925781,0.097,11.600000000000001
2724,0.0004723072052001953,0.095,12.4
2725,0.0008203983306884766,0.088,13.200000000000001
2726,0.0004889965057373047,0.08,14.4
2727,0.00045943260192871094,0.069,15.200000000000001
2728,0.0004863739013671875,0.06,16.400000000000002
2729,0.00046181678771972656,0.056,17.6
2730,0.00044608116149902344,0.054,18.400000000000002
2731,0.0004413127899169922,0.054,19.200000000000003
2732,0.0007655620574951172,0.054,20.400000000000002
2733,0.00048232078552246094,0.052,21.200000000000003
2734,0.00045108795166015625,0.05,22.0
2735,0.001066446304321289,0.05,22.400000000000002
2736,0.0005474090576171875,0.05,22.8
2737,0.0008683204650878906,0.05,23.200000000000003
2738,0.0007016658782958984,0.05,23.6
2739,0.0015861988067626953,0.05,23.6
2740,0.0006031990051269531,0.05,23.6
2741,0.002153158187866211,0.05,23.200000000000003
2742,0.0020639896392822266,0.05,22.8
2743,0.0005872249603271484,0.05,22.400000000000002
2744,0.002191781997680664,0.05,22.0
2745,0.0005652904510498047,0.05,21.200000000000003
2746,0.0015959739685058594,0.05,20.400000000000002
2747,0.000560760498046875,0.05,19.200000000000003
2748,0.0015957355499267578,0.05,18.400000000000002
2749,0.0020563602447509766,0.05,17.2
2750,0.0006556510925292969,0.05,16.0
2751,0.0023469924926757812,0.05,14.8
2752,0.0005762577056884766,0.05,13.200000000000001
2753,0.002217531204223633,0.05,11.600000000000001
2754,0.0020766258239746094,0.05,10.4
2755,0.002093076705932617,0.05,8.8
2756,0.001756906509399414,0.05,7.2
2757,0.0006258487701416016,0.05,5.6000000000000005
2758,0.0015339851379394531,0.05,4.0
2759,0.0006744861602783203,0.05,2.4000000000000004
2760,0.002795696258544922,0.05,1.2000000000000002
2761,0.0016412734985351562,0.05,-0.4
2762,0.0006313323974609375,0.05,-2.0
2763,0.0016911029815673828,0.05,-3.2
2764,0.0006499290466308594,0.05,-4.4
2765,0.0017156600952148438,0.05,-5.6000000000000005
2766,0.0006070137023925781,0.05,-6.800000000000001
2767,0.002730846405029297,0.05,-7.6000000000000005
2768,0.002088785171508789,0.05,-8.4
2769,0.0016031265258789062,0.05,-9.200000000000001
2770,0.002466917037963867,0.05,-10.0
2771,0.002097606658935547,0.05,-10.4
2772,0.0018682479858398438,0.05,-10.8
2773,0.0021867752075195312,0.05,-11.200000000000001
2774,0.0019006729125976562,0.05,-11.200000000000001
2775,0.0006937980651855469,0.05,-11.200000000000001
2776,0.0006270408630371094,0.052,-10.8
2777,0.0013616085052490234,0.052,-10.8
2778,0.0025937557220458984,0.052,-10.4
2779,0.0020356178283691406,0.052,-9.600000000000001
2780,0.0005970001220703125,0.054,-9.200000000000001
2781,0.0006430149078369141,0.054,-8.4
2782,0.0007665157318115234,0.054,-7.2
2783,0.00047969818115234375,0.054,-6.4
2784,0.001592397689819336,0.054,-5.2
2785,0.0022513866424560547,0.054,-4.0
2786,0.0005147457122802734,0.056,-2.8000000000000003
2787,0.001087188720703125,0.056,-1.6
2788,0.0006022453308105469,0.058,0.0
2789,0.0005626678466796875,0.06,1.2000000000000002
2790,0.0007278919219970703,0.067,2.8000000000000003
2791,0.0004897117614746094,0.067,4.4
2792,0.0009348392486572266,0.067,5.6000000000000005
2793,0.0005893707275390625,0.067,7.2
2794,0.0013952255249023438,0.067,8.8
2795,0.0019350051879882812,0.067,10.0
2796,0.0006754398345947266,0.067,11.600000000000001
2797,0.002682209014892578,0.067,12.8
2798,0.0004661083221435547,0.069,14.4
2799,0.0007691383361816406,0.069,15.600000000000001
2800,0.0005717277526855469,0.071,16.8
2801,0.0010166168212890625,0.071,18.0
2802,0.0005936622619628906,0.073,18.8
2803,0.0010380744934082031,0.073,20.0
2804,0.0005750656127929688,0.073,20.8
2805,0.0019254684448242188,0.073,21.6
2806,0.0017745494842529297,0.073,22.0
2807,0.0019440650939941406,0.073,22.8
2808,0.0024640560150146484,0.073,23.200000000000003
2809,0.0019071102142333984,0.073,23.6
2810,0.0006616115570068359,0.073,23.6
2811,0.0018699169158935547,0.073,24.0
2812,0.0017862319946289062,0.073,24.0
2813,0.0006186962127685547,0.073,23.6
2814,0.0015764236450195312,0.073,23.6
2815,0.0006225109100341797,0.073,23.200000000000003
2816,0.0015170574188232422,0.073,22.8
2817,0.0006058216094970703,0.073,22.400000000000002
2818,0.0023093223571777344,0.073,21.6
2819,0.0023834705352783203,0.073,20.8
2820,0.0016908645629882812,0.073,20.0
2821,0.002190828323364258,0.073,19.200000000000003
2822,0.00208282470703125,0.073,18.0
2823,0.0018968582153320312,0.073,17.2
2824,0.0021905899047851562,0.073,16.0
2825,0.002473115921020508,0.073,14.8
2826,0.0016245841979980469,0.073,13.600000000000001
2827,0.0015001296997070312,0.073,12.4
2828,0.0021677017211914062,0.073,11.200000000000001
2829,0.00033164024353027344,0.078,10.0
2830,0.0007967948913574219,0.08,8.8
2831,0.001165151596069336,0.082,7.6000000000000005
2832,0.0007162094116210938,0.082,6.4
2833,0.001268148422241211,0.084,5.2
2834,0.000484466552734375,0.084,4.0
2835,0.0014834403991699219,0.084,3.2
2836,0.0007650852203369141,0.084,2.0
2837,0.001825094223022461,0.084,1.2000000000000002
2838,0.0007152557373046875,0.084,0.4
2839,0.0007796287536621094,0.084,-0.4
2840,0.0008261203765869141,0.084,-1.2000000000000002
2841,0.0008261203765869141,0.084,-1.2000000000000002
2842,0.0005269050598144531,0.084,-1.6
2843,0.0020210742950439453,0.084,-2.0
2844,0.0005829334259033203,0.084,-2.4000000000000004
2845,0.002542257308959961,0.084,-2.8000000000000003
2846,0.0022802352905273438,0.084,-2.8000000000000003
2847,0.0006053447723388672,0.084,-2.8000000000000003
2848,0.001706838607788086,0.084,-2.8000000000000003
2849,0.0004527568817138672,0.086,-2.4000000000000004
2850,0.00025534629821777344,0.088,-2.0
2851,0.0005333423614501953,0.093,-1.6
2852,0.0004668235778808594,0.093,-1.2000000000000002
2853,0.0004940032958984375,0.093,-0.4
2854,0.0004661083221435547,0.093,0.4
2855,0.0009582042694091797,0.097,1.2000000000000002
2856,0.0006976127624511719,0.097,2.0
2857,0.0007417201995849609,0.097,2.8000000000000003
2858,0.0008518695831298828,0.099,4.0
2859,0.0004811286926269531,0.103,5.2
2860,0.0006175041198730469,0.103,6.4
2861,0.0008578300476074219,0.103,7.6000000000000005
2862,0.0005307197570800781,0.103,8.8
2863,0.001390218734741211,0.103,10.0
2864,0.0005023479461669922,0.103,11.200000000000001
2865,0.002572298049926758,0.103,12.8
2866,0.0006339550018310547,0.103,14.0
2867,0.0024247169494628906,0.103,15.200000000000001
2868,0.002472400665283203,0.103,16.400000000000002
2869,0.0005900859832763672,0.103,18.0
2870,0.001703500747680664,0.103,19.200000000000003
2871,0.0006358623504638672,0.103,20.400000000000002
2872,0.002187967300415039,0.103,21.6
2873,0.0005941390991210938,0.103,22.8
2874,0.0015766620635986328,0.103,23.6
2875,0.0005931854248046875,0.103,24.8
2876,0.0016298294067382812,0.103,25.6
2877,0.002469778060913086,0.103,26.400000000000002
2878,0.002048969268798828,0.103,27.200000000000003
2879,0.0022430419921875,0.103,27.6
2880,0.002238750457763672,0.103,28.0
2881,0.0022034645080566406,0.103,28.400000000000002
2882,0.0021064281463623047,0.103,28.8
2883,0.0025005340576171875,0.103,29.200000000000003
2884,0.0014653205871582031,0.103,29.200000000000003
2885,0.0006997585296630859,0.103,29.200000000000003
2886,0.002229452133178711,0.103,29.200000000000003
2887,0.0019407272338867188,0.103,28.8
2888,0.0006926059722900391,0.103,28.400000000000002
2889,0.0028083324432373047,0.103,28.0
2890,0.0006310939788818359,0.103,27.6
2891,0.002469778060913086,0.103,26.8
2892,0.0006108283996582031,0.103,26.0
2893,0.0017936229705810547,0.103,25.200000000000003
2894,0.0005974769592285156,0.103,24.400000000000002
2895,0.0017359256744384766,0.103,23.6
2896,0.0005719661712646484,0.103,22.400000000000002
2897,0.0017142295837402344,0.103,21.6
2898,0.0005583763122558594,0.103,20.400000000000002
2899,0.0017652511596679688,0.103,19.200000000000003
2900,0.0006036758422851562,0.103,18.0
2901,0.0007901191711425781,0.106,16.8
2902,0.0006740093231201172,0.108,15.600000000000001
2903,0.0004906654357910156,0.11,14.4
2904,0.00047898292541503906,0.11,13.200000000000001
2905,0.0011909008026123047,0.11,12.0
2906,0.0008091926574707031,0.11,10.8
2907,0.0006339550018310547,0.11,10.0
2908,0.0014886856079101562,0.11,8.8
2909,0.0015344619750976562,0.11,7.6000000000000005
2910,0.0006313323974609375,0.11,6.800000000000001
2911,0.0021123886108398438,0.11,6.0
2912,0.0006246566772460938,0.11,5.2
2913,0.0015308856964111328,0.11,4.4
2914,0.0005862712860107422,0.11,4.0
2915,0.0010323524475097656,0.112,3.2
2916,0.00047016143798828125,0.112,2.8000000000000003
2917,0.0008056163787841797,0.112,2.8000000000000003
2918,0.0026504993438720703,0.112,2.4000000000000004
2919,0.0014858245849609375,0.112,2.4000000000000004
2920,0.0006792545318603516,0.112,2.4000000000000004
2921,0.002115488052368164,0.112,2.8000000000000003
2922,0.0021364688873291016,0.112,2.8000000000000003
2923,0.000598907470703125,0.112,3.2
2924,0.0021424293518066406,0.112,4.0
2925,0.0005826950073242188,0.112,4.4
2926,0.0021314620971679688,0.112,5.2
2927,0.002064943313598633,0.112,6.0
2928,0.0006413459777832031,0.112,6.800000000000001
2929,0.0016052722930908203,0.112,7.6000000000000005
2930,0.002034425735473633,0.112,8.8
2931,0.002124309539794922,0.112,9.600000000000001
2932,0.0018529891967773438,0.112,10.8
2933,0.0006353855133056641,0.112,12.0
2934,0.0021066665649414062,0.112,13.200000000000001
2935,0.0021240711212158203,0.112,14.4
2936,0.0006823539733886719,0.112,15.600000000000001
2937,0.0020983219146728516,0.112,16.8
2938,0.002293825149536133,0.112,18.0
2939,0.0006175041198730469,0.112,19.200000000000003
2940,0.0017151832580566406,0.112,20.400000000000002
2941,0.0005965232849121094,0.112,21.6
2942,0.0015866756439208984,0.112,22.8
2943,0.0022249221801757812,0.112,23.6
2944,0.0005960464477539062,0.112,24.8
2945,0.0021703243255615234,0.112,25.6
2946,0.0006167888641357422,0.112,26.400000000000002
2947,0.001611948013305664,0.112,27.200000000000003
2948,0.0005877017974853516,0.112,28.0
2949,0.0017521381378173828,0.112,28.400000000000002
2950,0.0005755424499511719,0.112,29.200000000000003
2951,0.0005602836608886719,0.108,29.6
2952,0.0006721019744873047,0.101,30.0
2953,0.0008513927459716797,0.097,30.0
2954,0.0003020763397216797,0.086,30.400000000000002
2955,0.0005338191986083984,0.078,30.400000000000002
2956,0.00037670135498046875,0.071,30.0
2957,0.0005028247833251953,0.067,30.0
2958,0.0005824565887451172,0.067,29.6
2959,0.0010547637939453125,0.067,29.200000000000003
2960,0.0011022090911865234,0.067,28.8
2961,0.002676248550415039,0.065,28.0
2962,0.0006546974182128906,0.063,27.200000000000003
2963,0.0005326271057128906,0.063,26.400000000000002
2964,0.0010607242584228516,0.063,25.6
2965,0.0009241104125976562,0.063,24.400000000000002
2966,0.0007672309875488281,0.063,22.8
2967,0.0007295608520507812,0.065,21.6
2968,0.002334117889404297,0.082,20.0
2969,0.0003771781921386719,0.093,18.400000000000002
2970,0.0004818439483642578,0.097,16.8
2971,0.0004532337188720703,0.097,15.200000000000001
2972,0.00045299530029296875,0.099,13.600000000000001
2973,0.0004432201385498047,0.099,11.600000000000001
2974,0.0005543231964111328,0.099,10.0
2975,0.0011103153228759766,0.099,8.0
2976,0.0004971027374267578,0.099,6.4
2977,0.0018620491027832031,0.099,4.800000000000001
2978,0.0006129741668701172,0.099,3.2
2979,0.001833200454711914,0.099,1.6
2980,0.0022978782653808594,0.099,0.0
2981,0.00197601318359375,0.099,-1.2000000000000002
2982,0.0024046897888183594,0.099,-2.4000000000000004
2983,0.0019540786743164062,0.099,-3.6
2984,0.000652313232421875,0.099,-4.4
2985,0.0022735595703125,0.099,-5.2
2986,0.0007567405700683594,0.099,-5.6000000000000005
2987,0.002464771270751953,0.099,-6.0
2988,0.0006434917449951172,0.099,-6.4
2989,0.002215862274169922,0.099,-6.4
2990,0.0006594657897949219,0.099,-6.4
2991,0.0028557777404785156,0.099,-6.0
2992,0.0018057823181152344,0.099,-5.6000000000000005
2993,0.0018842220306396484,0.099,-5.2
2994,0.0022046566009521484,0.099,-4.4
2995,0.0019757747650146484,0.099,-3.6
2996,0.0014815330505371094,0.099,-2.4000000000000004
2997,0.0015709400177001953,0.099,-1.2000000000000002
2998,0.0015711784362792969,0.099,0.0
2999,0.002124309539794922,0.099,1.2000000000000002
3000,0.0006206035614013672,0.099,2.8000000000000003
3001,0.002480745315551758,0.099,4.0
3002,0.002001047134399414,0.099,6.0
3003,0.002794504165649414,0.099,7.6000000000000005
3004,0.002312898635864258,0.099,9.200000000000001
3005,0.002098560333251953,0.099,11.200000000000001
3006,0.002019643783569336,0.099,12.8
3007,0.0019145011901855469,0.099,14.4
3008,0.0022530555725097656,0.099,16.400000000000002
3009,0.0022530555725097656,0.088,16.400000000000002
3010,0.00040268898010253906,0.084,18.0
3011,0.0008666515350341797,0.082,19.6
3012,0.0009000301361083984,0.078,21.200000000000003
3013,0.0003731250762939453,0.075,22.8
3014,0.0008835792541503906,0.069,24.400000000000002
3015,0.0004630088806152344,0.065,26.0
3016,0.0004532337188720703,0.063,27.200000000000003
3017,0.0005130767822265625,0.06,28.400000000000002
3018,0.0004487037658691406,0.06,29.200000000000003
3019,0.0006353855133056641,0.06,30.400000000000002
3020,0.0023288726806640625,0.06,30.8
3021,0.0004820823669433594,0.056,31.6
3022,0.0011124610900878906,0.056,32.0
3023,0.0005259513854980469,0.056,32.0
3024,0.0016701221466064453,0.056,32.0
3025,0.0005867481231689453,0.056,32.0
3026,0.0017614364624023438,0.056,31.6
3027,0.00243377685546875,0.056,31.200000000000003
3028,0.0020627975463867188,0.056,30.400000000000002
3029,0.0006527900695800781,0.056,29.6
3030,0.0020051002502441406,0.056,28.400000000000002
3031,0.0007266998291015625,0.056,27.200000000000003
3032,0.002164125442504883,0.056,25.6
3033,0.0006718635559082031,0.056,24.0
3034,0.0017900466918945312,0.056,22.400000000000002
3035,0.0007524490356445312,0.056,20.8
3036,0.0023996829986572266,0.056,18.8
3037,0.0006992816925048828,0.056,16.8
3038,0.0020580291748046875,0.056,14.8
3039,0.0006146430969238281,0.056,12.4
3040,0.0019655227661132812,0.056,10.4
3041,0.0006303787231445312,0.056,8.0
3042,0.0015516281127929688,0.056,6.0
3043,0.0006361007690429688,0.056,3.6
3044,0.0015759468078613281,0.056,1.6
3045,0.002167940139770508,0.056,-0.4
3046,0.0006525516510009766,0.056,-2.8000000000000003
3047,0.0017592906951904297,0.056,-4.800000000000001
3048,0.0024335384368896484,0.056,-6.4
3049,0.0006237030029296875,0.056,-8.4
3050,0.0017685890197753906,0.056,-10.0
3051,0.0023610591888427734,0.056,-11.200000000000001
3052,0.002101898193359375,0.056,-12.8
3053,0.002401113510131836,0.056,-14.0
3054,0.0021011829376220703,0.056,-14.8
3055,0.0016283988952636719,0.056,-16.0
3056,0.002012968063354492,0.056,-16.400000000000002
3057,0.0006577968597412109,0.056,-16.8
3058,0.0021119117736816406,0.056,-17.2
3059,0.001537322998046875,0.056,-17.2
3060,0.0014040470123291016,0.058,-17.2
3061,0.0016603469848632812,0.058,-16.8
3062,0.0017502307891845703,0.058,-16.400000000000002
3063,0.0008764266967773438,0.058,-15.600000000000001
3064,0.0022916793823242188,0.058,-14.8
3065,0.0007073879241943359,0.058,-14.0
3066,0.0018134117126464844,0.058,-12.8
3067,0.0019741058349609375,0.058,-11.600000000000001
3068,0.0019252300262451172,0.058,-10.0
3069,0.0022292137145996094,0.058,-8.4
3070,0.002017974853515625,0.058,-6.800000000000001
3071,0.0006988048553466797,0.058,-4.800000000000001
3072,0.0023136138916015625,0.058,-2.8000000000000003
3073,0.0006053447723388672,0.058,-1.2000000000000002
3074,0.0015721321105957031,0.058,1.2000000000000002
3075,0.0006487369537353516,0.058,3.2
3076,0.002737283706665039,0.058,5.2
3077,0.0006563663482666016,0.058,7.2
3078,0.0025026798248291016,0.058,9.200000000000001
3079,0.00058746337890625,0.058,11.200000000000001
3080,0.0021262168884277344,0.058,13.200000000000001
3081,0.0005621910095214844,0.058,15.200000000000001
3082,0.0017473697662353516,0.058,17.2
3083,0.0017457008361816406,0.058,18.8
3084,0.0006012916564941406,0.058,20.400000000000002
3085,0.0015251636505126953,0.058,22.0
3086,0.0007197856903076172,0.058,23.6
3087,0.0007574558258056641,0.058,24.8
3088,0.0003941059112548828,0.063,26.0
3089,0.0005640983581542969,0.071,27.200000000000003
3090,0.0007112026214599609,0.082,28.0
3091,0.0004963874816894531,0.091,28.400000000000002
3092,0.000453948974609375,0.093,29.200000000000003
3093,0.0004382133483886719,0.093,29.6
3094,0.0004439353942871094,0.093,29.6
3095,0.002060413360595703,0.093,29.6
3096,0.0005974769592285156,0.093,29.6
3097,0.0009560585021972656,0.093,29.200000000000003
3098,0.00058746337890625,0.093,28.8
3099,0.0017192363739013672,0.093,28.0
3100,0.002065896987915039,0.093,27.6
3101,0.000583648681640625,0.093,26.8
3102,0.0020914077758789062,0.093,26.0
3103,0.0006313323974609375,0.093,24.8
3104,0.001764535903930664,0.093,23.6
3105,0.0005846023559570312,0.093,22.8
3106,0.0017597675323486328,0.093,21.6
3107,0.0005965232849121094,0.093,20.0
3108,0.0017337799072265625,0.093,18.8
3109,0.0005648136138916016,0.093,17.6
3110,0.0017788410186767578,0.093,16.0
3111,0.0006709098815917969,0.093,14.8
3112,0.002466440200805664,0.093,13.200000000000001
3113,0.0006549358367919922,0.093,12.0
3114,0.0021049976348876953,0.093,10.4
3115,0.0020990371704101562,0.093,9.200000000000001
3116,0.0007483959197998047,0.093,8.0
3117,0.00165557861328125,0.093,6.4
3118,0.0006639957427978516,0.093,5.2
3119,0.0005841255187988281,0.088,4.4
3120,0.0006461143493652344,0.082,3.2
3121,0.0006947517395019531,0.075,2.4000000000000004
3122,0.00047707557678222656,0.067,1.2000000000000002
3123,0.0005259513854980469,0.06,0.4
3124,0.0004811286926269531,0.054,0.0
3125,0.0004436969757080078,0.047,-0.8
3126,0.00044727325439453125,0.041,-1.2000000000000002
3127,0.0004851818084716797,0.039,-1.6
3128,0.0007214546203613281,0.039,-1.6
3129,0.0011115074157714844,0.039,-2.0
3130,0.0005748271942138672,0.039,-2.0
3131,0.0018160343170166016,0.039,-2.0
3132,0.0006814002990722656,0.039,-2.0
3133,0.002240419387817383,0.039,-2.0
3134,0.0006816387176513672,0.039,-2.0
3135,0.0016973018646240234,0.039,-2.0
3136,0.0021216869354248047,0.039,-1.6
3137,0.0007603168487548828,0.039,-1.2000000000000002
3138,0.0018918514251708984,0.039,-1.2000000000000002
3139,0.0007100105285644531,0.039,-0.8
3140,0.0022788047790527344,0.039,-0.4
3141,0.0006191730499267578,0.039,0.0
3142,0.0017168521881103516,0.039,0.4
3143,0.0005979537963867188,0.039,0.8
3144,0.0017437934875488281,0.039,1.2000000000000002
3145,0.0006182193756103516,0.039,2.0
3146,0.0020911693572998047,0.039,2.4000000000000004
3147,0.0005970001220703125,0.039,2.8000000000000003
3148,0.0020689964294433594,0.039,3.2
3149,0.0006067752838134766,0.039,4.0
3150,0.001619577407836914,0.039,4.4
3151,0.0006403923034667969,0.039,4.800000000000001
3152,0.002420186996459961,0.039,5.2
3153,0.0006387233734130859,0.039,6.0
3154,0.0025796890258789062,0.039,6.4
3155,0.0006244182586669922,0.039,6.800000000000001
3156,0.0018520355224609375,0.039,7.2
3157,0.0005967617034912109,0.039,7.6000000000000005
3158,0.001641988754272461,0.039,8.0
3159,0.0019054412841796875,0.039,8.4
3160,0.0019054412841796875,0.039,8.4
3161,0.0012097358703613281,0.037,8.4
3162,0.0006275177001953125,0.037,8.8
3163,0.0023941993713378906,0.037,8.8
3164,0.0009310245513916016,0.037,9.200000000000001
3165,0.002537250518798828,0.037,9.200000000000001
3166,0.0021669864654541016,0.037,9.200000000000001
3167,0.002248525619506836,0.037,9.200000000000001
3168,0.0022313594818115234,0.037,9.200000000000001
3169,0.0019638538360595703,0.037,9.200000000000001
3170,0.0019419193267822266,0.037,9.200000000000001
3171,0.0021827220916748047,0.037,9.200000000000001
3172,0.002093076705932617,0.037,8.8
3173,0.0022573471069335938,0.037,8.8
3174,0.0019989013671875,0.037,8.4
3175,0.0022535324096679688,0.037,8.0
3176,0.002295970916748047,0.037,7.6000000000000005
3177,0.0015001296997070312,0.037,7.2
3178,0.0008151531219482422,0.037,6.800000000000001
3179,0.00213623046875,0.037,6.4
3180,0.0019342899322509766,0.037,6.0
3181,0.002424001693725586,0.037,5.6000000000000005
3182,0.0020728111267089844,0.037,4.800000000000001
3183,0.0015974044799804688,0.037,4.4
3184,0.0019259452819824219,0.037,4.0
3185,0.001993417739868164,0.037,3.2
3186,0.0021674633026123047,0.037,2.8000000000000003
3187,0.0019462108612060547,0.037,2.4000000000000004
3188,0.0018405914306640625,0.037,1.6
3189,0.0008184909820556641,0.037,1.2000000000000002
3190,0.0021915435791015625,0.037,0.8
3191,0.0007328987121582031,0.037,0.4
3192,0.0017580986022949219,0.037,0.0
3193,0.0006296634674072266,0.037,-0.4
3194,0.002355337142944336,0.037,-0.8
3195,0.0005824565887451172,0.037,-1.2000000000000002
3196,0.0021903514862060547,0.037,-1.6
3197,0.0005843639373779297,0.037,-1.6
3198,0.0015540122985839844,0.037,-2.0
3199,0.0022211074829101562,0.037,-2.0
3200,0.0005624294281005859,0.037,-2.0
3201,0.0023543834686279297,0.037,-2.4000000000000004
3202,0.002216339111328125,0.037,-2.4000000000000004
3203,0.0006265640258789062,0.037,-2.4000000000000004
3204,0.0016977787017822266,0.037,-2.4000000000000004
3205,0.0005748271942138672,0.037,-2.0
3206,0.0018320083618164062,0.037,-2.0
3207,0.0005714893341064453,0.037,-1.6
3208,0.0019445419311523438,0.037,-1.6
3209,0.0005943775177001953,0.037,-1.2000000000000002
3210,0.0016438961029052734,0.037,-1.2000000000000002
3211,0.0019326210021972656,0.037,-0.8
3212,0.0006310939788818359,0.037,-0.4
3213,0.00208282470703125,0.037,0.0
3214,0.0006616115570068359,0.037,0.4
3215,0.0023221969604492188,0.037,0.8
3216,0.0019626617431640625,0.037,1.2000000000000002
3217,0.0006210803985595703,0.037,2.0
3218,0.002106189727783203,0.037,2.4000000000000004
3219,0.0019350051879882812,0.037,2.8000000000000003
3220,0.0022640228271484375,0.037,3.2
3221,0.0021827220916748047,0.037,3.6
3222,0.0019376277923583984,0.037,4.4
3223,0.002265453338623047,0.037,4.800000000000001
3224,0.002295970916748047,0.037,5.2
3225,0.0022754669189453125,0.037,5.6000000000000005
3226,0.0007631778717041016,0.037,6.0
3227,0.001796722412109375,0.037,6.4
3228,0.0006792545318603516,0.037,6.800000000000001
3229,0.001741170883178711,0.037,7.2
3230,0.001650094985961914,0.037,7.6000000000000005
3231,0.0006623268127441406,0.037,7.6000000000000005
3232,0.0015821456909179688,0.037,8.0
3233,0.001397848129272461,0.037,8.0
3234,0.00046443939208984375,0.034,8.4
3235,0.002134084701538086,0.034,8.4
3236,0.001191854476928711,0.034,8.4
3237,0.0006532669067382812,0.032,8.4
3238,0.0007891654968261719,0.032,8.4
3239,0.002326488494873047,0.032,8.4
3240,0.000576019287109375,0.03,8.4
3241,0.0004513263702392578,0.028,8.0
3242,0.0008296966552734375,0.028,8.0
3243,0.000621795654296875,0.026,7.6000000000000005
3244,0.0009136199951171875,0.026,7.6000000000000005
3245,0.0004966259002685547,0.026,7.2
3246,0.0004603862762451172,0.022,6.800000000000001
3247,0.0009207725524902344,0.022,6.4
3248,0.00061798095703125,0.022,6.0
3249,0.0009663105010986328,0.022,5.6000000000000005
3250,0.0006113052368164062,0.022,5.2
3251,0.0016732215881347656,0.022,4.800000000000001
3252,0.0006263256072998047,0.022,4.4
3253,0.001644134521484375,0.022,3.6
3254,0.0007333755493164062,0.019,3.2
3255,0.0005292892456054688,0.019,2.8000000000000003
3256,0.0010058879852294922,0.019,2.0
3257,0.0006167888641357422,0.019,1.6
3258,0.0022728443145751953,0.019,0.8
3259,0.0006134510040283203,0.019,0.4
3260,0.0017914772033691406,0.019,0.0
3261,0.0006301403045654297,0.019,-0.8
3262,0.0007040500640869141,0.017,-1.2000000000000002
3263,0.0012218952178955078,0.017,-1.6
3264,0.0005686283111572266,0.017,-2.4000000000000004
3265,0.002443552017211914,0.017,-2.8000000000000003
3266,0.0019261837005615234,0.017,-3.2
3267,0.0022559165954589844,0.017,-3.6
3268,0.002587556838989258,0.017,-3.6
3269,0.0021750926971435547,0.017,-4.0
3270,0.0004999637603759766,0.015,-4.4
3271,0.0017998218536376953,0.015,-4.4
3272,0.0011470317840576172,0.015,-4.800000000000001
3273,0.0018393993377685547,0.015,-4.800000000000001
3274,0.0020761489868164062,0.015,-5.2
3275,0.00061798095703125,0.013,-5.2
3276,0.001689910888671875,0.013,-5.2
3277,0.0007214546203613281,0.013,-5.2
3278,0.002161264419555664,0.013,-4.800000000000001
3279,0.0009107589721679688,0.011,-4.800000000000001
3280,0.0006692409515380859,0.011,-4.800000000000001
3281,0.0010275840759277344,0.011,-4.4
3282,0.0006961822509765625,0.011,-4.4
3283,0.002065420150756836,0.011,-4.0
3284,0.002556324005126953,0.011,-3.6
3285,0.00162506103515625,0.011,-3.2
3286,0.002389669418334961,0.011,-2.8000000000000003
3287,0.0021686553955078125,0.011,-2.4000000000000004
3288,0.0007846355438232422,0.011,-2.0
3289,0.002167940139770508,0.011,-1.6
3290,0.0006928443908691406,0.011,-1.2000000000000002
3291,0.0026154518127441406,0.011,-0.8
3292,0.0006434917449951172,0.011,-0.4
3293,0.002354145050048828,0.011,0.0
3294,0.0006184577941894531,0.011,0.4
3295,0.0017545223236083984,0.011,0.8
3296,0.0021054744720458984,0.011,1.2000000000000002
3297,0.0006024837493896484,0.011,2.0
3298,0.00222015380859375,0.011,2.4000000000000004
3299,0.0015451908111572266,0.011,2.8000000000000003
3300,0.0017926692962646484,0.011,3.2
3301,0.0006742477416992188,0.009,3.2
3302,0.0006742477416992188,0.009,3.2
3303,0.0011327266693115234,0.009,3.6
3304,0.0006246566772460938,0.009,4.0
3305,0.0017871856689453125,0.009,4.4
3306,0.0029878616333007812,0.009,4.4
3307,0.00044655799865722656,0.006,4.800000000000001
3308,0.001155853271484375,0.006,4.800000000000001
3309,0.0018265247344970703,0.006,4.800000000000001
3310,0.0020508766174316406,0.006,4.800000000000001
3311,0.001970052719116211,0.006,5.2
3312,0.0019235610961914062,0.006,5.2
3313,0.0006661415100097656,0.006,4.800000000000001
3314,0.0023272037506103516,0.006,4.800000000000001
3315,0.0006639957427978516,0.006,4.800000000000001
3316,0.002557039260864258,0.006,4.4
3317,0.0006482601165771484,0.006,4.4
3318,0.002421140670776367,0.006,4.0
3319,0.0006582736968994141,0.006,4.0
3320,0.0015919208526611328,0.006,3.6
3321,0.0006327629089355469,0.006,3.2
3322,0.0015320777893066406,0.006,2.8000000000000003
3323,0.0009081363677978516,0.006,2.4000000000000004
3324,0.0005314350128173828,0.004,2.0
3325,0.0007641315460205078,0.002,1.6
3326,0.0007169246673583984,0.002,1.2000000000000002
3327,0.0012896060943603516,0.002,0.8
3328,0.0006165504455566406,0.0,0.4
3329,0.0007779598236083984,0.0,0.0
3330,0.0014357566833496094,0.0,-0.4
3331,0.002218961715698242,0.0,-0.8
3332,0.0005452632904052734,0.0,-1.2000000000000002
3333,0.002349853515625,0.0,-1.6
3334,0.002111196517944336,0.0,-2.0
3335,0.00197601318359375,0.0,-2.4000000000000004
3336,0.0021910667419433594,0.0,-2.8000000000000003
3337,0.0008351802825927734,0.0,-3.2
3338,0.0017538070678710938,0.0,-3.6
3339,0.0023775100708007812,0.0,-3.6
3340,0.0024254322052001953,0.0,-4.0
3341,0.0006997585296630859,0.0,-4.0
3342,0.0022068023681640625,0.0,-4.4
3343,0.0006113052368164062,0.0,-4.4
3344,0.0017163753509521484,0.0,-4.800000000000001
3345,0.0006172657012939453,0.0,-4.800000000000001
3346,0.001748800277709961,0.0,-4.800000000000001
3347,0.0006148815155029297,0.0,-4.800000000000001
3348,0.0021975040435791016,0.0,-4.800000000000001
3349,0.002172708511352539,0.0,-4.4
3350,0.002165555953979492,0.0,-4.4
3351,0.001966238021850586,0.0,-4.4
3352,0.0019884109497070312,0.0,-4.0
3353,0.0006654262542724609,0.0,-4.0
3354,0.0023653507232666016,0.0,-3.6
3355,0.0006556510925292969,0.0,-3.2
3356,0.002198457717895508,0.0,-2.8000000000000003
3357,0.0006492137908935547,0.0,-2.8000000000000003
3358,0.0015544891357421875,0.0,-2.4000000000000004
3359,0.0006215572357177734,0.0,-2.0
3360,0.0005314350128173828,0.0,-1.6
3361,0.001210927963256836,0.0,-1.2000000000000002
3362,0.002190113067626953,0.0,-0.8
3363,0.002107858657836914,0.0,-0.4
3364,0.002233743667602539,0.0,0.0
3365,0.0019838809967041016,0.0,0.4
3366,0.0008320808410644531,0.0,0.8
3367,0.0020079612731933594,0.0,1.2000000000000002
3368,0.002311229705810547,0.0,1.6
3369,0.002290964126586914,0.0,2.0
3370,0.0016896724700927734,0.0,2.4000000000000004
3371,0.001958131790161133,0.0,2.8000000000000003
3372,0.0020613670349121094,0.0,3.2
3373,0.0008492469787597656,0.0,3.2
3374,0.0009341239929199219,0.0,3.6
3375,0.0003917217254638672,0.0,4.0
3376,0.001697540283203125,0.0,4.0
3377,0.0009081363677978516,0.0,4.0
3378,0.0020308494567871094,0.0,4.4
3379,0.0021119117736816406,0.0,4.4
3380,0.0010559558868408203,0.0,4.4
3381,0.0020978450775146484,0.0,4.4
3382,0.0019698143005371094,0.0,4.4
3383,0.0018756389617919922,0.0,4.4
3384,0.0015931129455566406,0.0,4.4
3385,0.0010306835174560547,0.0,4.0
3386,0.0027697086334228516,0.0,4.0
3387,0.0008440017700195312,0.0,4.0
3388,0.001932382583618164,0.0,3.6
3389,0.0015306472778320312,0.0,3.2
3390,0.001687765121459961,0.0,3.2
3391,0.001062631607055664,0.0,2.8000000000000003
3392,0.002523660659790039,0.0,2.4000000000000004
3393,0.0025153160095214844,0.0,2.0
3394,0.0005817413330078125,0.0,1.6
3395,0.002233266830444336,0.0,1.2000000000000002
3396,0.00069427490234375,0.0,1.2000000000000002
3397,0.001996755599975586,0.0,0.8
3398,0.002026081085205078,0.0,0.4
3399,0.0016703605651855469,0.0,0.0
3400,0.0021474361419677734,0.0,-0.4
3401,0.00200653076171875,0.0,-0.8
3402,0.0006699562072753906,0.0,-1.2000000000000002
3403,0.002100229263305664,0.0,-1.6
3404,0.0006222724914550781,0.0,-2.0
3405,0.0015158653259277344,0.0,-2.4000000000000004
3406,0.0006198883056640625,0.0,-2.8000000000000003
3407,0.002108335494995117,0.0,-2.8000000000000003
3408,0.0005674362182617188,0.0,-3.2
3409,0.0017271041870117188,0.0,-3.6
3410,0.0006492137908935547,0.0,-3.6
3411,0.0020368099212646484,0.0,-3.6
3412,0.0018677711486816406,0.0,-4.0
3413,0.000606536865234375,0.0,-4.0
3414,0.0018346309661865234,0.0,-4.0
3415,0.0008721351623535156,0.0,-4.0
3416,0.0008268356323242188,0.0,-4.0
3417,0.0013408660888671875,0.0,-4.0
3418,0.0008347034454345703,0.0,-4.0
3419,0.0006265640258789062,0.0,-4.0
3420,0.0016677379608154297,0.0,-4.0
3421,0.0010030269622802734,0.0,-3.6
3422,0.0005245208740234375,0.0,-3.6
3423,0.002307415008544922,0.0,-3.2
3424,0.0021839141845703125,0.0,-3.2
3425,0.0026061534881591797,0.0,-2.8000000000000003
3426,0.0006566047668457031,0.0,-2.4000000000000004
3427,0.0004754066467285156,0.0,-2.4000000000000004
3428,0.0007033348083496094,0.0,-2.0
3429,0.0005266666412353516,0.0,-1.6
3430,0.001194000244140625,0.0,-1.2000000000000002
3431,0.0007655620574951172,0.0,-0.8
3432,0.0005316734313964844,0.0,-0.4
3433,0.0007154941558837891,0.0,0.0
3434,0.0008294582366943359,0.0,0.4
3435,0.0008101463317871094,0.0,0.4
3436,0.0017018318176269531,0.0,0.8
3437,0.0007939338684082031,0.0,1.2000000000000002
3438,0.0005433559417724609,0.0,1.6
3439,0.0014166831970214844,0.0,2.0
3440,0.0018460750579833984,0.0,2.4000000000000004
3441,0.0008113384246826172,0.0,2.4000000000000004
3442,0.002192258834838867,0.0,2.8000000000000003
3443,0.0019474029541015625,0.0,3.2
3444,0.0006835460662841797,0.0,3.2
3445,0.0020885467529296875,0.0,3.6
3446,0.0006444454193115234,0.0,3.6
3447,0.001588582992553711,0.0,3.6
3448,0.0007243156433105469,0.0,4.0
3449,0.0019605159759521484,0.0,4.0
3450,0.002433300018310547,0.0,4.0
3451,0.00077056884765625,0.0,4.0
3452,0.0019335746765136719,0.0,4.0
3453,0.003236532211303711,0.0,4.0
3454,0.003236532211303711,0.0,4.0
3455,0.0030257701873779297,0.0,3.6
3456,0.0022649765014648438,0.0,3.6
3457,0.0006701946258544922,0.0,3.6
3458,0.0023665428161621094,0.0,3.2
3459,0.001995563507080078,0.0,3.2
3460,0.0005238056182861328,0.0,2.8000000000000003
3461,0.0025839805603027344,0.0,2.8000000000000003
3462,0.0006058216094970703,0.0,2.4000000000000004
3463,0.0019774436950683594,0.0,2.0
3464,0.0005974769592285156,0.0,1.6
3465,0.0017423629760742188,0.0,1.6
3466,0.0006539821624755859,0.0,1.2000000000000002
3467,0.0021224021911621094,0.0,0.8
3468,0.0019059181213378906,0.0,0.4
3469,0.0006301403045654297,0.0,0.0
3470,0.001512289047241211,0.0,-0.4
3471,0.0006623268127441406,0.0,-0.4
3472,0.001634359359741211,0.0,-0.8
3473,0.0026557445526123047,0.0,-1.2000000000000002
3474,0.0031430721282958984,0.0,-1.6
3475,0.00217437744140625,0.0,-2.0
3476,0.001957416534423828,0.0,-2.0
3477,0.0006489753723144531,0.0,-2.4000000000000004
3478,0.0016171932220458984,0.0,-2.8000000000000003
3479,0.0006148815155029297,0.0,-2.8000000000000003
3480,0.0016965866088867188,0.0,-3.2
3481,0.0019757747650146484,0.0,-3.2
3482,0.0006358623504638672,0.0,-3.2
3483,0.0016176700592041016,0.0,-3.6
3484,0.0021898746490478516,0.0,-3.6
3485,0.0006427764892578125,0.0,-3.6
3486,0.0017638206481933594,0.0,-3.6
3487,0.0020372867584228516,0.0,-3.6
3488,0.0020618438720703125,0.0,-3.6
3489,0.001955747604370117,0.0,-3.6
3490,0.0006959438323974609,0.0,-3.6
3491,0.0016016960144042969,0.0,-3.2
3492,0.0023164749145507812,0.0,-3.2
3493,0.0020842552185058594,0.0,-3.2
3494,0.0021131038665771484,0.0,-2.8000000000000003
3495,0.002042055130004883,0.0,-2.8000000000000003
3496,0.0013720989227294922,0.0,-2.4000000000000004
3497,0.0018563270568847656,0.0,-2.0
3498,0.001837015151977539,0.0,-2.0
3499,0.002269744873046875,0.0,-1.6
3500,0.0021414756774902344,0.0,-1.2000000000000002
3501,0.0021097660064697266,0.0,-0.8
3502,0.0008103847503662109,0.0,-0.8
3503,0.0018641948699951172,0.0,-0.4
3504,0.001956939697265625,0.0,0.0
3505,0.0006937980651855469,0.0,0.4
3506,0.0014739036560058594,0.0,0.8
3507,0.0006914138793945312,0.0,0.8
3508,0.0015821456909179688,0.0,1.2000000000000002
3509,0.0019834041595458984,0.0,1.6
3510,0.0014030933380126953,0.0,2.0
3511,0.0006606578826904297,0.0,2.0
3512,0.0014934539794921875,0.0,2.4000000000000004
3513,0.0006198883056640625,0.0,2.4000000000000004
3514,0.0015108585357666016,0.0,2.8000000000000003
3515,0.0006341934204101562,0.0,2.8000000000000003
3516,0.0020346641540527344,0.0,3.2
3517,0.0006337165832519531,0.0,3.2
3518,0.0021660327911376953,0.0,3.2
3519,0.0017273426055908203,0.0,3.6
3520,0.0006177425384521484,0.0,3.6
3521,0.0015926361083984375,0.0,3.6
3522,0.0006313323974609375,0.0,3.6
3523,0.0024023056030273438,0.0,3.6
3524,0.0006418228149414062,0.0,3.2
3525,0.0017914772033691406,0.0,3.2
3526,0.0006124973297119141,0.0,3.2
3527,0.0018146038055419922,0.0,2.8000000000000003
3528,0.0020749568939208984,0.0,2.8000000000000003
3529,0.001983642578125,0.0,2.8000000000000003
3530,0.002096414566040039,0.0,2.4000000000000004
3531,0.0006437301635742188,0.0,2.0
3532,0.001714944839477539,0.0,2.0
3533,0.0006067752838134766,0.0,1.6
3534,0.0015764236450195312,0.0,1.6
3535,0.0006134510040283203,0.0,1.2000000000000002
3536,0.0020122528076171875,0.0,0.8
3537,0.0018541812896728516,0.0,0.4
3538,0.0007104873657226562,0.0,0.4
3539,0.0020890235900878906,0.0,0.0
3540,0.0023648738861083984,0.0,-0.4
3541,0.0020627975463867188,0.0,-0.8
3542,0.0006132125854492188,0.0,-0.8
3543,0.0015795230865478516,0.0,-1.2000000000000002
3544,0.0021970272064208984,0.0,-1.6
3545,0.0014050006866455078,0.0,-1.6
3546,0.0006451606750488281,0.0,-2.0
3547,0.0024268627166748047,0.0,-2.0
3548,0.0006296634674072266,0.0,-2.4000000000000004
3549,0.0023217201232910156,0.0,-2.4000000000000004
3550,0.0005924701690673828,0.0,-2.8000000000000003
3551,0.0017499923706054688,0.0,-2.8000000000000003
3552,0.0005698204040527344,0.0,-2.8000000000000003
3553,0.0023016929626464844,0.0,-3.2
3554,0.0005860328674316406,0.0,-3.2
3555,0.0022308826446533203,0.0,-3.2
3556,0.0019752979278564453,0.0,-3.2
3557,0.0005819797515869141,0.0,-3.2
3558,0.0017178058624267578,0.0,-3.2
3559,0.0006108283996582031,0.0,-3.2
3560,0.0020737648010253906,0.0,-2.8000000000000003
3561,0.0023670196533203125,0.0,-2.8000000000000003
3562,0.0006101131439208984,0.0,-2.8000000000000003
3563,0.0023844242095947266,0.0,-2.4000000000000004
3564,0.0006325244903564453,0.0,-2.4000000000000004
3565,0.002465486526489258,0.0,-2.0
3566,0.0006198883056640625,0.0,-2.0
3567,0.0020856857299804688,0.0,-1.6
3568,0.001882791519165039,0.0,-1.6
3569,0.0006136894226074219,0.0,-1.2000000000000002
3570,0.0015337467193603516,0.0,-0.8
3571,0.0021638870239257812,0.0,-0.8
3572,0.0006172657012939453,0.0,-0.4
3573,0.0019452571868896484,0.0,0.0
3574,0.0018558502197265625,0.0,0.0
3575,0.0006167888641357422,0.0,0.4
3576,0.0027008056640625,0.0,0.8
3577,0.0006432533264160156,0.0,0.8
3578,0.0018115043640136719,0.0,1.2000000000000002
3579,0.0005958080291748047,0.0,1.6
3580,0.0020971298217773438,0.0,1.6
3581,0.0020530223846435547,0.0,2.0
3582,0.0016467571258544922,0.0,2.0
3583,0.0006086826324462891,0.0,2.4000000000000004
3584,0.0018684864044189453,0.0,2.4000000000000004
3585,0.0006074905395507812,0.0,2.8000000000000003
3586,0.0023648738861083984,0.0,2.8000000000000003
3587,0.0006089210510253906,0.0,2.8000000000000003
3588,0.001451730728149414,0.0,2.8000000000000003
3589,0.0022199153900146484,0.0,2.8000000000000003
3590,0.00070953369140625,0.0,2.8000000000000003
3591,0.0028307437896728516,0.0,2.8000000000000003
3592,0.0006453990936279297,0.0,2.8000000000000003
3593,0.0026640892028808594,0.0,2.8000000000000003
3594,0.0006246566772460938,0.0,2.8000000000000003
3595,0.0024602413177490234,0.0,2.8000000000000003
3596,0.001447439193725586,0.0,2.8000000000000003
3597,0.0004661083221435547,0.0,2.4000000000000004
3598,0.0004661083221435547,0.0,2.4000000000000004
3599,0.0019412040710449219,0.0,2.4000000000000004
3600,0.0006563663482666016,0.0,2.0
3601,0.0023336410522460938,0.0,2.0
3602,0.0020112991333007812,0.0,1.6
3603,0.0006055831909179688,0.0,1.6
3604,0.0028600692749023438,0.0,1.2000000000000002
3605,0.0024089813232421875,0.0,1.2000000000000002
3606,0.0006556510925292969,0.0,0.8
3607,0.0025594234466552734,0.0,0.4
3608,0.0005917549133300781,0.0,0.4
3609,0.002371549606323242,0.0,0.0
3610,0.0006260871887207031,0.0,0.0
3611,0.0016036033630371094,0.0,-0.4
3612,0.002774477005004883,0.0,-0.8
3613,0.0007457733154296875,0.0,-0.8
3614,0.00251007080078125,0.0,-1.2000000000000002
3615,0.002198934555053711,0.0,-1.2000000000000002
3616,0.0006709098815917969,0.0,-1.6
3617,0.0022792816162109375,0.0,-1.6
3618,0.0006351470947265625,0.0,-2.0
3619,0.0021331310272216797,0.0,-2.0
3620,0.0005688667297363281,0.0,-2.4000000000000004
3621,0.002280712127685547,0.0,-2.4000000000000004
3622,0.0006265640258789062,0.0,-2.4000000000000004
3623,0.0019297599792480469,0.0,-2.8000000000000003
3624,0.002065420150756836,0.0,-2.8000000000000003
3625,0.0006318092346191406,0.0,-2.8000000000000003
3626,0.002454042434692383,0.0,-2.8000000000000003
3627,0.0019719600677490234,0.0,-2.8000000000000003
3628,0.0006277561187744141,0.0,-2.8000000000000003
3629,0.002323150634765625,0.0,-2.8000000000000003
3630,0.0005922317504882812,0.0,-2.4000000000000004
3631,0.002868175506591797,0.0,-2.4000000000000004
3632,0.002131938934326172,0.0,-2.4000000000000004
3633,0.0006144046783447266,0.0,-2.4000000000000004
3634,0.002206087112426758,0.0,-2.0
3635,0.0005846023559570312,0.0,-2.0
3636,0.002476930618286133,0.0,-1.6
3637,0.0015218257904052734,0.0,-1.6
3638,0.0006797313690185547,0.0,-1.2000000000000002
3639,0.0021822452545166016,0.0,-1.2000000000000002
3640,0.0020627975463867188,0.0,-0.8
3641,0.0006983280181884766,0.0,-0.8
3642,0.0023546218872070312,0.0,-0.4
3643,0.0006091594696044922,0.0,-0.4
3644,0.0030584335327148438,0.0,0.0
3645,0.002162933349609375,0.0,0.4
3646,0.002140522003173828,0.0,0.4
3647,0.0006072521209716797,0.0,0.8
3648,0.0021066665649414062,0.0,0.8
3649,0.0005896091461181641,0.0,1.2000000000000002
3650,0.0021347999572753906,0.0,1.2000000000000002
3651,0.0005958080291748047,0.0,1.6
3652,0.002321481704711914,0.0,1.6
3653,0.0005660057067871094,0.0,2.0
3654,0.0018155574798583984,0.0,2.0
3655,0.0016591548919677734,0.0,2.0
3656,0.0006062984466552734,0.0,2.4000000000000004
3657,0.0023458003997802734,0.0,2.4000000000000004
3658,0.0006127357482910156,0.0,2.4000000000000004
3659,0.002546072006225586,0.0,2.4000000000000004
3660,0.0005903244018554688,0.0,2.4000000000000004
3661,0.0018887519836425781,0.0,2.4000000000000004
3662,0.0015254020690917969,0.0,2.4000000000000004
3663,0.002042055130004883,0.0,2.4000000000000004
3664,0.0009872913360595703,0.0,2.4000000000000004
3665,0.0011568069458007812,0.0,2.4000000000000004
3666,0.0010819435119628906,0.0,2.4000000000000004
3667,0.0006508827209472656,0.0,2.0
3668,0.0023643970489501953,0.0,2.0
3669,0.0011780261993408203,0.0,2.0
3670,0.0006122589111328125,0.0,1.6
3671,0.0008859634399414062,0.0,1.6
3672,0.0006265640258789062,0.0,1.6
3673,0.0017867088317871094,0.0,1.2000000000000002
3674,0.0022928714752197266,0.0,1.2000000000000002
3675,0.0009868144989013672,0.0,0.8
3676,0.002347707748413086,0.0,0.4
3677,0.0008752346038818359,0.0,0.4
3678,0.0025718212127685547,0.0,0.0
3679,0.0007655620574951172,0.0,0.0
3680,0.002500772476196289,0.0,-0.4
3681,0.0005457401275634766,0.0,-0.4
3682,0.0008342266082763672,0.0,-0.8
3683,0.0011548995971679688,0.0,-0.8
3684,0.0005042552947998047,0.0,-1.2000000000000002
3685,0.0010318756103515625,0.0,-1.2000000000000002
3686,0.0006060600280761719,0.0,-1.6
3687,0.0005266666412353516,0.0,-1.6
3688,0.0004787445068359375,0.0,-1.6
3689,0.00048232078552246094,0.0,-2.0
3690,0.00109100341796875,0.0,-2.0
3691,0.0007693767547607422,0.0,-2.0
3692,0.0005059242248535156,0.0,-2.0
3693,0.0014047622680664062,0.0,-2.4000000000000004
3694,0.0006902217864990234,0.0,-2.4000000000000004
3695,0.0013935565948486328,0.0,-2.4000000000000004
3696,0.0007789134979248047,0.0,-2.4000000000000004
3697,0.0004572868347167969,0.0,-2.4000000000000004
3698,0.0005016326904296875,0.0,-2.4000000000000004
3699,0.0004477500915527344,0.0,-2.0
3700,0.0005381107330322266,0.0,-2.0
3701,0.002672910690307617,0.0,-2.0
3702,0.002275228500366211,0.0,-2.0
3703,0.0005834102630615234,0.0,-1.6
3704,0.0009586811065673828,0.0,-1.6
3705,0.002199888229370117,0.0,-1.6
3706,0.0016732215881347656,0.0,-1.2000000000000002
3707,0.0006046295166015625,0.0,-1.2000000000000002
3708,0.002123594284057617,0.0,-1.2000000000000002
3709,0.0020592212677001953,0.0,-0.8
3710,0.0005857944488525391,0.0,-0.8
3711,0.002180337905883789,0.0,-0.4
3712,0.0022611618041992188,0.0,-0.4
3713,0.0006163120269775391,0.0,0.0
3714,0.002948284149169922,0.0,0.0
3715,0.0006732940673828125,0.0,0.4
3716,0.002681255340576172,0.0,0.4
3717,0.0006461143493652344,0.0,0.8
3718,0.0027990341186523438,0.0,0.8
3719,0.0006315708160400391,0.0,1.2000000000000002
3720,0.0017597675323486328,0.0,1.2000000000000002
3721,0.0006513595581054688,0.0,1.2000000000000002
3722,0.0018134117126464844,0.0,1.6
3723,0.0024917125701904297,0.0,1.6
3724,0.0020508766174316406,0.0,1.6
3725,0.0006248950958251953,0.0,2.0
3726,0.0019817352294921875,0.0,2.0
3727,0.0006525516510009766,0.0,2.0
3728,0.0016326904296875,0.0,2.0
3729,0.0006341934204101562,0.0,2.0
3730,0.0017523765563964844,0.0,2.0
3731,0.0006470680236816406,0.0,2.0
3732,0.0023345947265625,0.0,2.0
3733,0.0005812644958496094,0.0,2.0
3734,0.0017604827880859375,0.0,2.0
3735,0.002035379409790039,0.0,2.0
3736,0.001834869384765625,0.0,2.0
3737,0.0019989013671875,0.0,1.6
3738,0.0020732879638671875,0.0,1.6
3739,0.0007388591766357422,0.0,1.6
3740,0.0020961761474609375,0.0,1.2000000000000002
3741,0.0007338523864746094,0.0,1.2000000000000002
3742,0.0015320777893066406,0.0,1.2000000000000002
3743,0.0006194114685058594,0.0,0.8
3744,0.001537322998046875,0.0,0.8
3745,0.0020029544830322266,0.0,0.4
3746,0.0020029544830322266,0.0,0.4
3747,0.0015697479248046875,0.0,0.4
3748,0.0007748603820800781,0.0,0.4
3749,0.0015211105346679688,0.0,0.0
3750,0.0005767345428466797,0.0,0.0
3751,0.0017371177673339844,0.0,-0.4
3752,0.0005929470062255859,0.0,-0.4
3753,0.002931356430053711,0.0,-0.8
3754,0.0006134510040283203,0.0,-0.8
3755,0.0008921623229980469,0.0,-0.8
3756,0.0009281635284423828,0.0,-1.2000000000000002
3757,0.002608060836791992,0.0,-1.2000000000000002
3758,0.0006513595581054688,0.0,-1.2000000000000002
3759,0.002259969711303711,0.0,-1.6
3760,0.0006237030029296875,0.0,-1.6
3761,0.0013256072998046875,0.0,-1.6
3762,0.0005850791931152344,0.0,-1.6
3763,0.002444744110107422,0.0,-1.6
3764,0.0006380081176757812,0.0,-2.0
3765,0.001661062240600586,0.0,-2.0
3766,0.0005979537963867188,0.0,-2.0
3767,0.001528024673461914,0.0,-2.0
3768,0.0018169879913330078,0.0,-2.0
3769,0.0005834102630615234,0.0,-1.6
3770,0.0021905899047851562,0.0,-1.6
3771,0.0006313323974609375,0.0,-1.6
3772,0.0017321109771728516,0.0,-1.6
3773,0.0006365776062011719,0.0,-1.6
3774,0.002435922622680664,0.0,-1.2000000000000002
3775,0.0018589496612548828,0.0,-1.2000000000000002
3776,0.0006115436553955078,0.0,-0.8
3777,0.0023984909057617188,0.0,-0.8
3778,0.0006320476531982422,0.0,-0.8
3779,0.0020589828491210938,0.0,-0.4
3780,0.0005908012390136719,0.0,-0.4
3781,0.0016074180603027344,0.0,-0.4
3782,0.0014829635620117188,0.0,0.0
3783,0.0006241798400878906,0.0,0.0
3784,0.0015947818756103516,0.0,0.4
3785,0.0005743503570556641,0.0,0.4
3786,0.0017709732055664062,0.0,0.4
3787,0.0005609989166259766,0.0,0.8
3788,0.0017414093017578125,0.0,0.8
3789,0.002260923385620117,0.0,0.8
3790,0.0007386207580566406,0.0,1.2000000000000002
3791,0.0017313957214355469,0.0,1.2000000000000002
3792,0.002130270004272461,0.0,1.2000000000000002
3793,0.0006527900695800781,0.0,1.2000000000000002
3794,0.002287626266479492,0.0,1.6
3795,0.000598907470703125,0.0,1.6
3796,0.0020928382873535156,0.0,1.6
3797,0.001985788345336914,0.0,1.6
3798,0.0006034374237060547,0.0,1.6
3799,0.0015957355499267578,0.0,1.6
3800,0.0006105899810791016,0.0,1.6
3801,0.001737356185913086,0.0,1.6
3802,0.0005731582641601562,0.0,1.6
3803,0.0021262168884277344,0.0,1.6
3804,0.0005710124969482422,0.0,1.6
3805,0.0018324851989746094,0.0,1.6
3806,0.0017938613891601562,0.0,1.2000000000000002
3807,0.0005745887756347656,0.0,1.2000000000000002
3808,0.001462697982788086,0.0,1.2000000000000002
3809,0.0006167888641357422,0.0,1.2000000000000002
3810,0.0016183853149414062,0.0,1.2000000000000002
3811,0.00220489501953125,0.0,0.8
3812,0.0016067028045654297,0.0,0.8
3813,0.0006299018859863281,0.0,0.8
3814,0.0016744136810302734,0.0,0.4
3815,0.0006322860717773438,0.0,0.4
3816,0.0025289058685302734,0.0,0.4
3817,0.0005970001220703125,0.0,0.0
3818,0.002245664596557617,0.0,0.0
3819,0.0005955696105957031,0.0,0.0
3820,0.002190113067626953,0.0,-0.4
3821,0.0006060600280761719,0.0,-0.4
3822,0.001722574234008789,0.0,-0.4
3823,0.0017552375793457031,0.0,-0.8
3824,0.0013921260833740234,0.0,-0.8
3825,0.0006232261657714844,0.0,-0.8
3826,0.0016117095947265625,0.0,-0.8
3827,0.00060272216796875,0.0,-1.2000000000000002
3828,0.0016870498657226562,0.0,-1.2000000000000002
3829,0.0005822181701660156,0.0,-1.2000000000000002
3830,0.0017592906951904297,0.0,-1.2000000000000002
3831,0.0021767616271972656,0.0,-1.2000000000000002
3832,0.0006191730499267578,0.0,-1.2000000000000002
3833,0.0017228126525878906,0.0,-1.2000000000000002
3834,0.0006253719329833984,0.0,-1.6
3835,0.0017511844635009766,0.0,-1.6
3836,0.0006546974182128906,0.0,-1.2000000000000002
3837,0.0004918575286865234,0.0,-1.2000000000000002
3838,0.0006728172302246094,0.0,-1.2000000000000002
3839,0.0005066394805908203,0.0,-1.2000000000000002
3840,0.0007350444793701172,0.0,-1.2000000000000002
3841,0.0006215572357177734,0.0,-1.2000000000000002
3842,0.001828908920288086,0.0,-1.2000000000000002
3843,0.001981019973754883,0.0,-0.8
3844,0.0024144649505615234,0.0,-0.8
3845,0.0019676685333251953,0.0,-0.8
3846,0.0015330314636230469,0.0,-0.8
3847,0.0006263256072998047,0.0,-0.4
3848,0.0017504692077636719,0.0,-0.4
3849,0.0022683143615722656,0.0,-0.4
3850,0.0006268024444580078,0.0,-0.4
3851,0.001791238784790039,0.0,0.0
3852,0.0018432140350341797,0.0,0.0
3853,0.0006189346313476562,0.0,0.0
3854,0.00151824951171875,0.0,0.4
3855,0.0019364356994628906,0.0,0.4
3856,0.0006487369537353516,0.0,0.4
3857,0.002267122268676758,0.0,0.4
3858,0.0006167888641357422,0.0,0.8
3859,0.002485990524291992,0.0,0.8
3860,0.0005693435668945312,0.0,0.8
3861,0.0010776519775390625,0.0,0.8
3862,0.0008473396301269531,0.0,0.8
3863,0.0009129047393798828,0.0,1.2000000000000002
3864,0.001043081283569336,0.0,1.2000000000000002
3865,0.0007960796356201172,0.0,1.2000000000000002
3866,0.001157999038696289,0.0,1.2000000000000002
3867,0.0011487007141113281,0.0,1.2000000000000002
3868,0.0005466938018798828,0.0,1.2000000000000002
3869,0.0008571147918701172,0.0,1.2000000000000002
3870,0.0006172657012939453,0.0,1.2000000000000002
3871,0.0007836818695068359,0.0,1.2000000000000002
3872,0.0009105205535888672,0.0,1.2000000000000002
3873,0.0009191036224365234,0.0,1.2000000000000002
3874,0.0005929470062255859,0.0,1.2000000000000002
3875,0.0009963512420654297,0.0,1.2000000000000002
3876,0.0010616779327392578,0.0,0.8
3877,0.0009250640869140625,0.0,0.8
3878,0.0016357898712158203,0.0,0.8
3879,0.0008013248443603516,0.0,0.8
3880,0.0027713775634765625,0.0,0.8
3881,0.0006868839263916016,0.0,0.8
3882,0.0022482872009277344,0.0,0.4
3883,0.0006680488586425781,0.0,0.4
3884,0.0017516613006591797,0.0,0.4
3885,0.0006422996520996094,0.0,0.4
3886,0.0026352405548095703,0.0,0.0
3887,0.0024890899658203125,0.0,0.0
3888,0.0008108615875244141,0.0,0.0
3889,0.0008108615875244141,0.0,0.0
3890,0.0013828277587890625,0.0,0.0
3891,0.000982522964477539,0.0,-0.4
3892,0.000560760498046875,0.0,-0.4
3893,0.0007622241973876953,0.0,-0.4
3894,0.0007231235504150391,0.0,-0.4
3895,0.0027167797088623047,0.0,-0.8
3896,0.0009710788726806641,0.0,-0.8
3897,0.0014486312866210938,0.0,-0.8
3898,0.0004994869232177734,0.0,-0.8
3899,0.00046324729919433594,0.0,-0.8
3900,0.0010342597961425781,0.0,-0.8
3901,0.0009808540344238281,0.0,-0.8
3902,0.0006887912750244141,0.0,-0.8
3903,0.0010085105895996094,0.0,-0.8
3904,0.0004930496215820312,0.0,-0.8
3905,0.0007483959197998047,0.0,-0.8
3906,0.0006744861602783203,0.0,-0.8
3907,0.0014388561248779297,0.0,-0.8
3908,0.0004956722259521484,0.0,-0.8
3909,0.0019888877868652344,0.0,-0.8
3910,0.0006570816040039062,0.0,-0.8
3911,0.0010390281677246094,0.0,-0.8
3912,0.0010097026824951172,0.0,-0.8
3913,0.000583648681640625,0.0,-0.8
3914,0.001172780990600586,0.0,-0.8
3915,0.001295328140258789,0.0,-0.4
3916,0.0010478496551513672,0.0,-0.4
3917,0.0009109973907470703,0.0,-0.4
3918,0.0008349418640136719,0.0,-0.4
3919,0.0010149478912353516,0.0,-0.4
3920,0.0004260540008544922,0.0,0.0
3921,0.0009381771087646484,0.0,0.0
3922,0.0005023479461669922,0.0,0.0
3923,0.0013775825500488281,0.0,0.0
3924,0.0007135868072509766,0.0,0.0
3925,0.0005056858062744141,0.0,0.4
3926,0.0015218257904052734,0.0,0.4
3927,0.0019185543060302734,0.0,0.4
3928,0.0014414787292480469,0.0,0.4
3929,0.0017290115356445312,0.0,0.4
3930,0.0013532638549804688,0.0,0.4
3931,0.002198457717895508,0.0,0.4
3932,0.0021369457244873047,0.0,0.8
3933,0.0020394325256347656,0.0,0.8
3934,0.0020437240600585938,0.0,0.8
3935,0.0006952285766601562,0.0,0.8
3936,0.0023577213287353516,0.0,0.8
3937,0.0021255016326904297,0.0,0.8
3938,0.0018908977508544922,0.0,0.8
3939,0.0024564266204833984,0.0,0.8
3940,0.002390623092651367,0.0,0.8
3941,0.0008845329284667969,0.0,0.8
3942,0.0019283294677734375,0.0,0.8
3943,0.0018258094787597656,0.0,0.8
3944,0.0019605159759521484,0.0,0.8
3945,0.0019354820251464844,0.0,0.8
3946,0.0007886886596679688,0.0,0.8
3947,0.0020308494567871094,0.0,0.8
3948,0.0021271705627441406,0.0,0.4
3949,0.0006740093231201172,0.0,0.4
3950,0.0017590522766113281,0.0,0.4
3951,0.0016765594482421875,0.0,0.4
3952,0.0019676685333251953,0.0,0.4
3953,0.0007073879241943359,0.0,0.4
3954,0.0014812946319580078,0.0,0.4
3955,0.0006592273712158203,0.0,0.0
3956,0.0015521049499511719,0.0,0.0
3957,0.0006194114685058594,0.0,0.0
3958,0.0015366077423095703,0.0,0.0
3959,0.0005702972412109375,0.0,0.0
3960,0.0030395984649658203,0.0,0.0
3961,0.0006268024444580078,0.0,-0.4
3962,0.002274036407470703,0.0,-0.4
3963,0.0006215572357177734,0.0,-0.4
3964,0.0021932125091552734,0.0,-0.4
3965,0.00061798095703125,0.0,-0.4
3966,0.0017466545104980469,0.0,-0.4
3967,0.0021440982818603516,0.0,-0.4
3968,0.0006678104400634766,0.0,-0.4
3969,0.002158641815185547,0.0,-0.4
3970,0.0023069381713867188,0.0,-0.4
3971,0.0006361007690429688,0.0,-0.4
3972,0.001676321029663086,0.0,-0.4
3973,0.0005810260772705078,0.0,-0.4
3974,0.0016837120056152344,0.0,-0.4
3975,0.0006618499755859375,0.0,-0.4
3976,0.0015528202056884766,0.0,-0.4
3977,0.000659942626953125,0.0,-0.4
3978,0.0015821456909179688,0.0,-0.4
3979,0.0006368160247802734,0.0,-0.4
3980,0.0016789436340332031,0.0,-0.4
3981,0.0006146430969238281,0.0,-0.4
3982,0.0015883445739746094,0.0,-0.4
3983,0.0005850791931152344,0.0,-0.4
3984,0.001729726791381836,0.0,-0.4
3985,0.0006151199340820312,0.0,-0.4
3986,0.001817941665649414,0.0,-0.4
3987,0.001882791519165039,0.0,0.0
3988,0.00067901611328125,0.0,0.0
3989,0.0016314983367919922,0.0,0.0
3990,0.0006458759307861328,0.0,0.0
3991,0.0015418529510498047,0.0,0.0
3992,0.0005900859832763672,0.0,0.0
3993,0.002140522003173828,0.0,0.0
3994,0.0022771358489990234,0.0,0.0
3995,0.0006377696990966797,0.0,0.4
3996,0.0017600059509277344,0.0,0.4
3997,0.0006260871887207031,0.0,0.4
3998,0.0020685195922851562,0.0,0.4
3999,0.0005965232849121094,0.0,0.4
4000,0.0015282630920410156,0.0,0.4
4001,0.0019502639770507812,0.0,0.4
4002,0.0022687911987304688,0.0,0.4
4003,0.001566171646118164,0.0,0.4
4004,0.0006000995635986328,0.0,0.4
4005,0.0017194747924804688,0.0,0.4
4006,0.0006890296936035156,0.0,0.4
4007,0.0019397735595703125,0.0,0.4
4008,0.0005986690521240234,0.0,0.4
4009,0.0016217231750488281,0.0,0.4
4010,0.0006442070007324219,0.0,0.4
4011,0.0018813610076904297,0.0,0.4
4012,0.0006749629974365234,0.0,0.4
4013,0.0021228790283203125,0.0,0.4
4014,0.00036334991455078125,0.0,0.4
4015,0.0005128383636474609,0.0,0.4
4016,0.0009598731994628906,0.0,0.4
4017,0.0005016326904296875,0.0,0.4
4018,0.0006914138793945312,0.0,0.0
4019,0.0004467964172363281,0.0,0.0
