,Latency,PWM Value,Angle
0,0.0,0.0,0.0
1,0.00023794174194335938,0.0,0.0
2,0.00016260147094726562,0.0,0.0
3,0.00015401840209960938,0.0,0.0
4,0.00012922286987304688,0.0,0.0
5,0.0001163482666015625,0.0,0.0
6,0.00021386146545410156,0.0,0.0
7,0.00032806396484375,0.0,0.0
8,0.0004949569702148438,0.0,0.0
9,0.0007877349853515625,0.0,0.0
10,0.0005304813385009766,0.0,0.0
11,0.0011320114135742188,0.0,0.0
12,0.00047206878662109375,0.0,0.0
13,0.0009789466857910156,0.0,0.0
14,0.0004432201385498047,0.0,0.0
15,0.0009479522705078125,0.0,0.0
16,0.0003342628479003906,0.0,0.0
17,0.00017070770263671875,0.0,0.0
18,0.0007417201995849609,0.0,0.0
19,0.00037670135498046875,0.0,0.0
20,0.0009186267852783203,0.0,0.0
21,0.00043964385986328125,0.0,0.0
22,0.0010249614715576172,0.0,0.0
23,0.0004744529724121094,0.0,0.0
24,0.0012717247009277344,0.0,0.0
25,0.00048160552978515625,0.0,0.0
26,0.0009288787841796875,0.0,0.0
27,0.00044083595275878906,0.0,0.0
28,0.00106048583984375,0.0,0.0
29,0.00044083595275878906,0.0,0.0
30,0.001064300537109375,0.0,0.0
31,0.0005221366882324219,0.0,0.0
32,0.0008878707885742188,0.0,0.0
33,0.00045943260192871094,0.0,0.0
34,0.001155853271484375,0.0,0.0
35,0.00047850608825683594,0.0,0.0
36,0.0004642009735107422,0.0,0.0
37,0.0004868507385253906,0.0,0.0
38,0.0009436607360839844,0.0,0.0
39,0.0004856586456298828,0.0,0.0
40,0.0008747577667236328,0.0,0.0
41,0.0004513263702392578,0.0,0.0
42,0.0008704662322998047,0.0,0.0
43,0.00048661231994628906,0.0,0.0
44,0.0008711814880371094,0.0,0.0
45,0.0004496574401855469,0.0,0.0
46,0.0008711814880371094,0.0,0.0
47,0.00044155120849609375,0.0,0.0
48,0.0008513927459716797,0.0,0.0
49,0.00043702125549316406,0.0,0.0
50,0.0011525154113769531,0.0,0.0
51,0.0004565715789794922,0.0,0.0
52,0.0011026859283447266,0.0,0.0
53,0.0004429817199707031,0.0,0.0
54,0.0008914470672607422,0.0,0.0
55,0.0004684925079345703,0.0,0.0
56,0.0011339187622070312,0.0,0.0
57,0.0004420280456542969,0.0,0.0
58,0.0008676052093505859,0.0,0.0
59,0.00043082237243652344,0.0,0.0
60,0.0011153221130371094,0.0,0.0
61,0.00047469139099121094,0.0,0.0
62,0.0008695125579833984,0.0,0.0
63,0.0005030632019042969,0.0,0.0
64,0.0008857250213623047,0.0,0.0
65,0.00045680999755859375,0.0,0.0
66,0.0009379386901855469,0.0,0.0
67,0.0004699230194091797,0.0,0.0
68,0.0009624958038330078,0.0,0.0
69,0.0004436969757080078,0.0,0.0
70,0.0009050369262695312,0.0,0.0
71,0.0004372596740722656,0.0,0.0
72,0.0008490085601806641,0.0,0.0
73,0.0004942417144775391,0.0,0.0
74,0.0008673667907714844,0.0,0.0
75,0.0004448890686035156,0.0,0.0
76,0.0011398792266845703,0.0,0.0
77,0.0004630088806152344,0.0,0.0
78,0.0011167526245117188,0.0,0.0
79,0.0004487037658691406,0.0,0.0
80,0.0008716583251953125,0.0,0.0
81,0.00044226646423339844,0.0,0.0
82,0.001100778579711914,0.0,0.0
83,0.0004761219024658203,0.0,0.0
84,0.0008718967437744141,0.0,0.0
85,0.00044918060302734375,0.0,0.0
86,0.0011298656463623047,0.0,0.0
87,0.0004639625549316406,0.0,0.0
88,0.0008604526519775391,0.0,0.0
89,0.0004584789276123047,0.0,0.0
90,0.0011250972747802734,0.0,0.0
91,0.0004508495330810547,0.0,0.0
92,0.0010886192321777344,0.0,0.0
93,0.0004394054412841797,0.0,0.0
94,0.0008931159973144531,0.0,0.0
95,0.0004980564117431641,0.0,0.0
96,0.0007030963897705078,0.0,0.0
97,0.0004715919494628906,0.0,0.0
98,0.0009474754333496094,0.0,0.0
99,0.00044345855712890625,0.0,0.0
100,0.0008649826049804688,0.0,0.0
101,0.0004668235778808594,0.0,0.0
102,0.0008475780487060547,0.0,0.0
103,0.0004532337188720703,0.0,0.0
104,0.001131296157836914,0.0,0.0
105,0.0004398822784423828,0.0,0.0
106,0.0011296272277832031,0.0,0.0
107,0.0004734992980957031,0.0,0.0
108,0.0008776187896728516,0.0,0.0
109,0.00044536590576171875,0.0,0.0
110,0.0011174678802490234,0.0,0.0
111,0.0004885196685791016,0.0,0.0
112,0.0008456707000732422,0.0,0.0
113,0.0005362033843994141,0.0,0.0
114,0.0011882781982421875,0.0,0.0
115,0.0006458759307861328,0.0,0.0
116,0.0011246204376220703,0.0,0.0
117,0.0004799365997314453,0.0,0.0
118,0.0010883808135986328,0.0,0.0
119,0.0004878044128417969,0.0,0.0
120,0.0010983943939208984,0.0,0.0
121,0.0004303455352783203,0.0,0.0
122,0.0009002685546875,0.0,0.0
123,0.0004661083221435547,0.0,0.0
124,0.0009002685546875,0.0,0.0
125,0.0004482269287109375,0.0,0.0
126,0.0008578300476074219,0.0,0.0
127,0.0005147457122802734,0.0,0.0
128,0.001207113265991211,0.002,0.0
129,0.00044417381286621094,0.004,0.0
130,0.0011305809020996094,0.006,0.0
131,0.0004661083221435547,0.009000000000000001,0.0
132,0.001096963882446289,0.011,0.0
133,0.0004374980926513672,0.013,0.0
134,0.0011065006256103516,0.015,0.0
135,0.0004367828369140625,0.022,0.0
136,0.0009279251098632812,0.026,0.0
137,0.0004279613494873047,0.032,0.0
138,0.0008749961853027344,0.037000000000000005,0.0
139,0.00046181678771972656,0.043,0.0
140,0.0008776187896728516,0.047,0.0
141,0.0004489421844482422,0.05,0.0
142,0.0011353492736816406,0.05,0.0
143,0.00042939186096191406,0.05,0.0
144,0.0009131431579589844,0.05,0.0
145,0.00044655799865722656,0.05,0.0
146,0.0011518001556396484,0.05,0.0
147,0.0004677772521972656,0.05,0.0
148,0.0010023117065429688,0.05,0.0
149,0.0004246234893798828,0.058,0.0
150,0.0008714199066162109,0.06,0.0
151,0.0004584789276123047,0.067,0.0
152,0.0011277198791503906,0.073,0.0
153,0.00043487548828125,0.078,0.0
154,0.0011093616485595703,0.084,0.0
155,0.00043201446533203125,0.091,0.0
156,0.0007317066192626953,0.093,0.0
157,0.0005466938018798828,0.093,0.0
158,0.0012106895446777344,0.101,0.0
159,0.0008423328399658203,0.101,0.0
160,0.0008423328399658203,0.106,0.0
161,0.001127004623413086,0.11,0.0
162,0.0010476112365722656,0.116,0.0
163,0.0010805130004882812,0.121,0.4
164,0.000499725341796875,0.123,0.4
165,0.0008981227874755859,0.123,0.4
166,0.0004515647888183594,0.123,0.4
167,0.0008680820465087891,0.123,0.4
168,0.00047397613525390625,0.123,0.4
169,0.0008490085601806641,0.123,0.4
170,0.00045037269592285156,0.123,0.4
171,0.0008633136749267578,0.123,0.8
172,0.0004570484161376953,0.123,1.2000000000000002
173,0.0011582374572753906,0.123,1.6
174,0.0004711151123046875,0.123,2.0
175,0.0011026859283447266,0.123,2.8000000000000003
176,0.0004909038543701172,0.123,3.6
177,0.0010895729064941406,0.123,4.4
178,0.0004467964172363281,0.123,5.6000000000000005
179,0.001077413558959961,0.123,6.4
180,0.0004987716674804688,0.123,7.6000000000000005
181,0.0008854866027832031,0.123,9.200000000000001
182,0.0004444122314453125,0.123,10.4
183,0.0009415149688720703,0.123,11.600000000000001
184,0.00044274330139160156,0.123,13.200000000000001
185,0.0011472702026367188,0.123,14.8
186,0.0004756450653076172,0.123,16.400000000000002
187,0.0004546642303466797,0.123,17.6
188,0.0013360977172851562,0.123,19.200000000000003
189,0.00047206878662109375,0.123,20.8
190,0.0011339187622070312,0.123,22.400000000000002
191,0.00048351287841796875,0.123,24.0
192,0.0011286735534667969,0.123,25.200000000000003
193,0.0005280971527099609,0.123,26.8
194,0.0009195804595947266,0.123,28.0
195,0.00045609474182128906,0.123,29.200000000000003
196,0.001112222671508789,0.123,30.400000000000002
197,0.00044727325439453125,0.123,31.6
198,0.0010950565338134766,0.123,32.4
199,0.0004343986511230469,0.123,33.2
200,0.000885009765625,0.123,34.0
201,0.00046563148498535156,0.123,34.800000000000004
202,0.0010921955108642578,0.123,35.6
203,0.00043702125549316406,0.123,36.0
204,0.0008847713470458984,0.123,36.0
205,0.00044655799865722656,0.123,36.4
206,0.0011293888092041016,0.123,36.4
207,0.00046944618225097656,0.123,36.4
208,0.0011124610900878906,0.123,36.4
209,0.00043010711669921875,0.123,36.0
210,0.001089334487915039,0.123,35.6
211,0.00046753883361816406,0.123,35.2
212,0.001094818115234375,0.123,34.4
213,0.0008425712585449219,0.123,33.6
214,0.0005078315734863281,0.123,32.800000000000004
215,0.0009829998016357422,0.123,32.0
216,0.00048089027404785156,0.123,30.8
217,0.001207113265991211,0.123,30.0
218,0.0004911422729492188,0.123,28.8
219,0.0011165142059326172,0.123,27.6
220,0.0004725456237792969,0.123,26.0
221,0.001107931137084961,0.123,24.8
222,0.0004749298095703125,0.123,23.6
223,0.0010819435119628906,0.123,22.0
224,0.00044608116149902344,0.123,20.8
225,0.0010783672332763672,0.123,19.200000000000003
226,0.0004913806915283203,0.123,18.0
227,0.0009529590606689453,0.123,16.8
228,0.0004553794860839844,0.123,15.200000000000001
229,0.0011417865753173828,0.123,14.0
230,0.0004558563232421875,0.123,12.8
231,0.0010838508605957031,0.123,11.600000000000001
232,0.0005261898040771484,0.123,10.4
233,0.001111745834350586,0.123,9.200000000000001
234,0.0004420280456542969,0.123,8.4
235,0.0010819435119628906,0.123,7.6000000000000005
236,0.0004436969757080078,0.123,6.800000000000001
237,0.0010828971862792969,0.123,6.0
238,0.0004353523254394531,0.123,5.6000000000000005
239,0.001093149185180664,0.123,5.2
240,0.0009202957153320312,0.123,4.800000000000001
241,0.0004961490631103516,0.123,4.4
242,0.0011060237884521484,0.123,4.4
243,0.0004506111145019531,0.123,4.4
244,0.0010714530944824219,0.123,4.4
245,0.00046253204345703125,0.123,4.800000000000001
246,0.0009002685546875,0.123,5.2
247,0.0004994869232177734,0.123,5.6000000000000005
248,0.0009386539459228516,0.123,6.0
249,0.00044155120849609375,0.123,6.800000000000001
250,0.000850677490234375,0.123,7.6000000000000005
251,0.0004730224609375,0.123,8.4
252,0.0008728504180908203,0.123,9.200000000000001
253,0.0012428760528564453,0.123,10.4
254,0.0005190372467041016,0.123,11.200000000000001
255,0.0011532306671142578,0.123,12.4
256,0.0008673667907714844,0.123,13.600000000000001
257,0.00045680999755859375,0.123,14.8
258,0.001239776611328125,0.123,16.0
259,0.0006775856018066406,0.123,17.2
260,0.0017631053924560547,0.123,18.400000000000002
261,0.0010461807250976562,0.123,19.6
262,0.001528024673461914,0.123,21.200000000000003
263,0.0013954639434814453,0.123,22.400000000000002
264,0.0011954307556152344,0.123,23.6
265,0.0015497207641601562,0.123,24.8
266,0.0007061958312988281,0.123,25.6
267,0.0016069412231445312,0.123,26.8
268,0.0006852149963378906,0.123,28.0
269,0.0014600753784179688,0.123,28.8
270,0.0005917549133300781,0.123,29.6
271,0.0016353130340576172,0.123,30.400000000000002
272,0.0007517337799072266,0.123,31.200000000000003
273,0.0014545917510986328,0.123,31.6
274,0.0006802082061767578,0.123,32.4
275,0.0018472671508789062,0.123,32.800000000000004
276,0.0006225109100341797,0.123,32.800000000000004
277,0.0016980171203613281,0.123,33.2
278,0.0009713172912597656,0.123,33.2
279,0.0017359256744384766,0.123,33.2
280,0.0006437301635742188,0.123,33.2
281,0.0016131401062011719,0.123,32.800000000000004
282,0.0006091594696044922,0.123,32.800000000000004
283,0.0019876956939697266,0.123,32.4
284,0.0005869865417480469,0.123,32.0
285,0.001976490020751953,0.123,31.200000000000003
286,0.0005872249603271484,0.123,30.400000000000002
287,0.0005629062652587891,0.123,30.0
288,0.0006444454193115234,0.123,29.200000000000003
289,0.0018661022186279297,0.123,28.0
290,0.0009403228759765625,0.123,27.200000000000003
291,0.0016772747039794922,0.123,26.400000000000002
292,0.000762939453125,0.123,25.200000000000003
293,0.0020563602447509766,0.123,24.0
294,0.0007579326629638672,0.123,23.200000000000003
295,0.0015325546264648438,0.123,22.0
296,0.0010309219360351562,0.123,20.8
297,0.0007877349853515625,0.123,19.6
298,0.0014438629150390625,0.123,18.8
299,0.0014994144439697266,0.123,17.6
300,0.0006470680236816406,0.123,16.400000000000002
301,0.0021200180053710938,0.123,15.200000000000001
302,0.0007433891296386719,0.123,14.4
303,0.001497507095336914,0.123,13.200000000000001
304,0.0006227493286132812,0.123,12.4
305,0.0014374256134033203,0.123,11.600000000000001
306,0.0015845298767089844,0.123,10.8
307,0.0007066726684570312,0.123,10.0
308,0.0015680789947509766,0.123,9.600000000000001
309,0.0005898475646972656,0.123,8.8
310,0.0015943050384521484,0.123,8.4
311,0.001524209976196289,0.123,8.0
312,0.000797271728515625,0.123,7.6000000000000005
313,0.0017375946044921875,0.123,7.6000000000000005
314,0.0015535354614257812,0.123,7.2
315,0.00141143798828125,0.123,7.2
316,0.0010592937469482422,0.123,7.2
317,0.0013391971588134766,0.123,7.6000000000000005
318,0.0008492469787597656,0.123,7.6000000000000005
319,0.001672506332397461,0.123,8.0
320,0.0007078647613525391,0.123,8.4
321,0.001207590103149414,0.123,9.200000000000001
322,0.0006949901580810547,0.123,9.600000000000001
323,0.0017642974853515625,0.123,10.4
324,0.0009534358978271484,0.123,11.200000000000001
325,0.0015683174133300781,0.123,12.0
326,0.0015683174133300781,0.123,12.0
327,0.0015239715576171875,0.123,12.8
328,0.0008080005645751953,0.123,13.600000000000001
329,0.0015549659729003906,0.123,14.4
330,0.0006558895111083984,0.123,15.600000000000001
331,0.0016908645629882812,0.123,16.400000000000002
332,0.0006270408630371094,0.123,17.6
333,0.001444101333618164,0.123,18.400000000000002
334,0.0006601810455322266,0.123,19.6
335,0.001600503921508789,0.123,20.400000000000002
336,0.0005958080291748047,0.123,21.200000000000003
337,0.001668691635131836,0.123,22.400000000000002
338,0.0005970001220703125,0.123,23.200000000000003
339,0.0016193389892578125,0.123,24.0
340,0.0008866786956787109,0.123,25.200000000000003
341,0.0014538764953613281,0.123,26.0
342,0.0006778240203857422,0.123,26.8
343,0.0014472007751464844,0.123,27.200000000000003
344,0.000644683837890625,0.123,28.0
345,0.0015666484832763672,0.123,28.400000000000002
346,0.0006909370422363281,0.123,29.200000000000003
347,0.001422882080078125,0.123,29.6
348,0.0005807876586914062,0.123,30.0
349,0.0017659664154052734,0.123,30.0
350,0.0007073879241943359,0.123,30.400000000000002
351,0.0015397071838378906,0.123,30.400000000000002
352,0.0006034374237060547,0.123,30.400000000000002
353,0.0016765594482421875,0.123,30.400000000000002
354,0.0009012222290039062,0.123,30.0
355,0.0017094612121582031,0.123,30.0
356,0.0006015300750732422,0.123,29.6
357,0.0014035701751708984,0.123,29.200000000000003
358,0.0006043910980224609,0.123,28.8
359,0.0016520023345947266,0.123,28.400000000000002
360,0.0007956027984619141,0.123,27.6
361,0.0005919933319091797,0.123,27.200000000000003
362,0.0019216537475585938,0.123,26.400000000000002
363,0.0007977485656738281,0.123,25.6
364,0.001630544662475586,0.125,24.8
365,0.0010907649993896484,0.127,24.0
366,0.0013785362243652344,0.127,23.200000000000003
367,0.0007481575012207031,0.127,22.400000000000002
368,0.0016257762908935547,0.131,21.6
369,0.0006322860717773438,0.134,20.400000000000002
370,0.0015971660614013672,0.134,19.6
371,0.0005743503570556641,0.134,18.8
372,0.0014615058898925781,0.136,18.0
373,0.0010762214660644531,0.138,17.2
374,0.0015625953674316406,0.14,16.400000000000002
375,0.0006389617919921875,0.14,15.600000000000001
376,0.0015034675598144531,0.14,14.8
377,0.0006401538848876953,0.14,14.0
378,0.0018236637115478516,0.14,13.600000000000001
379,0.0007951259613037109,0.14,12.8
380,0.001863241195678711,0.14,12.4
381,0.0006439685821533203,0.14,12.0
382,0.0016467571258544922,0.14,12.0
383,0.0006630420684814453,0.14,11.600000000000001
384,0.0016760826110839844,0.14,11.600000000000001
385,0.0007562637329101562,0.14,11.600000000000001
386,0.0011782646179199219,0.14,11.600000000000001
387,0.0006124973297119141,0.14,11.600000000000001
388,0.0015742778778076172,0.14,12.0
389,0.0005900859832763672,0.14,12.4
390,0.0016977787017822266,0.14,12.8
391,0.001096963882446289,0.14,13.200000000000001
392,0.0019838809967041016,0.14,13.600000000000001
393,0.0011720657348632812,0.14,14.4
394,0.000720977783203125,0.14,15.200000000000001
395,0.0014715194702148438,0.14,16.0
396,0.0005965232849121094,0.14,16.8
397,0.001405954360961914,0.131,17.6
398,0.0006420612335205078,0.123,18.400000000000002
399,0.002137422561645508,0.114,19.200000000000003
400,0.0006041526794433594,0.11,20.400000000000002
401,0.0020716190338134766,0.11,21.200000000000003
402,0.0005917549133300781,0.11,22.0
403,0.0014488697052001953,0.11,23.200000000000003
404,0.0009589195251464844,0.11,24.0
405,0.0015170574188232422,0.11,24.8
406,0.0006341934204101562,0.106,25.6
407,0.0010426044464111328,0.106,26.400000000000002
408,0.0007367134094238281,0.106,27.200000000000003
409,0.0017256736755371094,0.106,27.6
410,0.0010793209075927734,0.106,28.0
411,0.0014488697052001953,0.106,28.8
412,0.0014958381652832031,0.106,28.8
413,0.0018606185913085938,0.106,29.200000000000003
414,0.00144195556640625,0.106,29.200000000000003
415,0.00048041343688964844,0.106,29.200000000000003
416,0.0017473697662353516,0.106,29.200000000000003
417,0.0010561943054199219,0.106,29.200000000000003
418,0.0014526844024658203,0.106,28.8
419,0.0007338523864746094,0.106,28.400000000000002
420,0.001547098159790039,0.106,28.0
421,0.0006008148193359375,0.106,27.6
422,0.0010461807250976562,0.106,26.8
423,0.0009076595306396484,0.106,25.200000000000003
424,0.001440286636352539,0.106,24.400000000000002
425,0.0009171962738037109,0.106,23.6
426,0.001600503921508789,0.106,22.8
427,0.0006461143493652344,0.106,21.6
428,0.0016622543334960938,0.106,20.400000000000002
429,0.0010554790496826172,0.106,19.6
430,0.0016722679138183594,0.106,18.400000000000002
431,0.0006964206695556641,0.106,17.2
432,0.0017611980438232422,0.106,16.400000000000002
433,0.0014810562133789062,0.106,15.200000000000001
434,0.000682830810546875,0.106,14.0
435,0.0022780895233154297,0.106,12.8
436,0.0006177425384521484,0.106,12.0
437,0.0017516613006591797,0.106,10.8
438,0.000614166259765625,0.106,10.0
439,0.0014216899871826172,0.106,9.200000000000001
440,0.0016279220581054688,0.106,8.4
441,0.0009257793426513672,0.106,7.6000000000000005
442,0.001645803451538086,0.106,6.800000000000001
443,0.0006477832794189453,0.106,6.0
444,0.002227783203125,0.106,5.6000000000000005
445,0.0007104873657226562,0.106,5.2
446,0.0015828609466552734,0.106,4.800000000000001
447,0.0006000995635986328,0.106,4.4
448,0.0016126632690429688,0.106,4.4
449,0.0016906261444091797,0.106,4.0
450,0.0005829334259033203,0.101,4.0
451,0.0015294551849365234,0.101,4.0
452,0.0005791187286376953,0.097,4.4
453,0.0011844635009765625,0.097,4.800000000000001
454,0.0006999969482421875,0.095,5.2
455,0.001489877700805664,0.091,5.6000000000000005
456,0.0015795230865478516,0.086,6.0
457,0.000720977783203125,0.08199999999999999,6.4
458,0.001779794692993164,0.078,7.2
459,0.0006306171417236328,0.073,8.0
460,0.001619100570678711,0.073,8.8
461,0.0008182525634765625,0.069,9.600000000000001
462,0.0014400482177734375,0.065,10.4
463,0.0006468296051025391,0.063,11.200000000000001
464,0.0014309883117675781,0.063,12.0
465,0.0015180110931396484,0.06,12.8
466,0.0007853507995605469,0.06,13.200000000000001
467,0.0012676715850830078,0.06,14.0
468,0.0012066364288330078,0.06,14.8
469,0.0007708072662353516,0.06,15.600000000000001
470,0.0020182132720947266,0.06,16.0
471,0.000659942626953125,0.06,16.400000000000002
472,0.0015668869018554688,0.06,16.8
473,0.0008966922760009766,0.06,17.2
474,0.0015826225280761719,0.063,17.6
475,0.0015826225280761719,0.073,17.6
476,0.001787424087524414,0.073,17.6
477,0.0011138916015625,0.08800000000000001,17.6
478,0.0017762184143066406,0.093,17.6
479,0.0013072490692138672,0.097,17.6
480,0.0017271041870117188,0.103,17.6
481,0.0008168220520019531,0.103,17.2
482,0.0016446113586425781,0.106,17.2
483,0.0006651878356933594,0.108,16.8
484,0.0018627643585205078,0.108,16.400000000000002
485,0.0011768341064453125,0.11,16.0
486,0.0006341934204101562,0.112,15.200000000000001
487,0.0006091594696044922,0.112,14.8
488,0.0010175704956054688,0.112,14.4
489,0.0017185211181640625,0.112,14.0
490,0.0015645027160644531,0.112,13.600000000000001
491,0.0008718967437744141,0.112,13.200000000000001
492,0.0015850067138671875,0.112,12.8
493,0.0008020401000976562,0.112,12.4
494,0.0013689994812011719,0.112,12.0
495,0.0008711814880371094,0.112,11.600000000000001
496,0.0018897056579589844,0.112,11.600000000000001
497,0.0005872249603271484,0.112,11.200000000000001
498,0.002101898193359375,0.112,11.200000000000001
499,0.0006189346313476562,0.112,10.8
500,0.0015499591827392578,0.112,10.8
501,0.0005633831024169922,0.112,10.8
502,0.001430511474609375,0.112,10.8
503,0.0014264583587646484,0.112,10.8
504,0.0007226467132568359,0.112,11.200000000000001
505,0.0013265609741210938,0.112,11.200000000000001
506,0.0006890296936035156,0.112,11.600000000000001
507,0.0015347003936767578,0.112,11.600000000000001
508,0.001008749008178711,0.112,12.0
509,0.0006299018859863281,0.112,12.4
510,0.0020461082458496094,0.112,12.8
511,0.0012862682342529297,0.112,13.200000000000001
512,0.000835418701171875,0.112,13.600000000000001
513,0.0010335445404052734,0.112,14.0
514,0.0008842945098876953,0.112,14.4
515,0.0015552043914794922,0.112,15.200000000000001
516,0.001577138900756836,0.112,15.600000000000001
517,0.0011897087097167969,0.112,16.0
518,0.0016067028045654297,0.112,16.400000000000002
519,0.0006883144378662109,0.112,17.2
520,0.0015711784362792969,0.112,17.6
521,0.0006773471832275391,0.114,18.0
522,0.0016117095947265625,0.116,18.400000000000002
523,0.0006945133209228516,0.116,19.200000000000003
524,0.0017137527465820312,0.116,19.6
525,0.0008037090301513672,0.119,20.0
526,0.002195119857788086,0.119,20.400000000000002
527,0.0005946159362792969,0.119,20.8
528,0.001600027084350586,0.119,21.200000000000003
529,0.0005559921264648438,0.119,21.200000000000003
530,0.0010313987731933594,0.119,21.6
531,0.001028299331665039,0.119,22.0
532,0.0014464855194091797,0.119,22.0
533,0.0008447170257568359,0.119,22.400000000000002
534,0.001505136489868164,0.121,22.400000000000002
535,0.0006177425384521484,0.121,22.8
536,0.0011491775512695312,0.121,22.8
537,0.0005674362182617188,0.123,22.8
538,0.0013823509216308594,0.123,22.8
539,0.0013523101806640625,0.123,22.8
540,0.0006275177001953125,0.123,22.8
541,0.0017201900482177734,0.123,22.8
542,0.0007083415985107422,0.125,22.8
543,0.0012826919555664062,0.125,22.400000000000002
544,0.0007545948028564453,0.125,22.400000000000002
545,0.0015687942504882812,0.125,22.400000000000002
546,0.0006570816040039062,0.125,22.0
547,0.001184701919555664,0.125,22.0
548,0.0005593299865722656,0.125,21.6
549,0.0011675357818603516,0.127,21.6
550,0.001613616943359375,0.127,21.200000000000003
551,0.0014467239379882812,0.127,20.8
552,0.0011730194091796875,0.127,20.8
553,0.0005908012390136719,0.129,20.400000000000002
554,0.0016024112701416016,0.129,20.0
555,0.0006971359252929688,0.131,20.0
556,0.0014908313751220703,0.134,19.6
557,0.0006513595581054688,0.134,19.200000000000003
558,0.0011451244354248047,0.136,19.200000000000003
559,0.0006172657012939453,0.138,18.8
560,0.0013070106506347656,0.138,18.400000000000002
561,0.0008893013000488281,0.138,18.400000000000002
562,0.0014615058898925781,0.14,18.0
563,0.0007398128509521484,0.142,18.0
564,0.002053499221801758,0.142,18.0
565,0.0006976127624511719,0.142,17.6
566,0.0021772384643554688,0.14400000000000002,17.6
567,0.0012671947479248047,0.14400000000000002,17.6
568,0.0007994174957275391,0.14400000000000002,17.6
569,0.0015964508056640625,0.14400000000000002,17.6
570,0.0014154911041259766,0.14400000000000002,18.0
571,0.0006964206695556641,0.14400000000000002,18.0
572,0.001550912857055664,0.14400000000000002,18.0
573,0.0006155967712402344,0.14400000000000002,18.400000000000002
574,0.0016236305236816406,0.14400000000000002,18.400000000000002
575,0.0007765293121337891,0.14400000000000002,18.8
576,0.0019538402557373047,0.14400000000000002,19.200000000000003
577,0.0008258819580078125,0.14400000000000002,19.6
578,0.0019497871398925781,0.14400000000000002,20.0
579,0.0005881786346435547,0.14400000000000002,20.400000000000002
580,0.001439809799194336,0.14400000000000002,20.8
581,0.0007584095001220703,0.14400000000000002,21.200000000000003
582,0.0018200874328613281,0.14400000000000002,22.0
583,0.0006465911865234375,0.14400000000000002,22.400000000000002
584,0.001538991928100586,0.14400000000000002,22.8
585,0.0006299018859863281,0.14400000000000002,23.6
586,0.0010716915130615234,0.14400000000000002,24.0
587,0.000621795654296875,0.14400000000000002,24.400000000000002
588,0.0014414787292480469,0.14400000000000002,24.8
589,0.0011348724365234375,0.14400000000000002,25.6
590,0.0005922317504882812,0.14400000000000002,26.0
591,0.0016846656799316406,0.136,26.400000000000002
592,0.0008502006530761719,0.127,26.8
593,0.00147247314453125,0.114,27.200000000000003
594,0.001071929931640625,0.108,27.6
595,0.0017108917236328125,0.103,28.0
596,0.0014488697052001953,0.095,28.400000000000002
597,0.0008225440979003906,0.08199999999999999,28.8
598,0.0013968944549560547,0.071,28.8
599,0.0006058216094970703,0.06,29.200000000000003
600,0.002086639404296875,0.054000000000000006,29.200000000000003
601,0.0006036758422851562,0.052000000000000005,29.200000000000003
602,0.0015177726745605469,0.047,28.8
603,0.0009887218475341797,0.047,28.8
604,0.0005807876586914062,0.047,28.400000000000002
605,0.0014348030090332031,0.047,27.6
606,0.0009009838104248047,0.047,27.200000000000003
607,0.0016286373138427734,0.047,26.0
608,0.0006823539733886719,0.047,25.200000000000003
609,0.0016884803771972656,0.047,24.0
610,0.0006155967712402344,0.047,22.8
611,0.0017676353454589844,0.047,21.200000000000003
612,0.0015170574188232422,0.047,20.0
613,0.0011250972747802734,0.047,18.400000000000002
614,0.0016279220581054688,0.047,16.400000000000002
615,0.001455545425415039,0.047,14.8
616,0.0007956027984619141,0.047,12.8
617,0.0016646385192871094,0.047,10.8
618,0.0008761882781982422,0.047,8.8
619,0.0011477470397949219,0.047,6.800000000000001
620,0.0022284984588623047,0.047,4.800000000000001
621,0.0009672641754150391,0.047,2.8000000000000003
622,0.0011098384857177734,0.05,0.8
623,0.0008685588836669922,0.05,-1.2000000000000002
624,0.0014142990112304688,0.05,-2.8000000000000003
625,0.0011644363403320312,0.05,-4.800000000000001
626,0.001470804214477539,0.05,-6.4
627,0.001470804214477539,0.05,-6.4
628,0.0011897087097167969,0.05,-8.0
629,0.0006356239318847656,0.05,-9.600000000000001
630,0.0012629032135009766,0.05,-10.8
631,0.000774383544921875,0.05,-12.4
632,0.0014739036560058594,0.05,-13.200000000000001
633,0.0006952285766601562,0.05,-14.4
634,0.001476287841796875,0.05,-15.200000000000001
635,0.0006334781646728516,0.05,-15.600000000000001
636,0.001583099365234375,0.05,-16.0
637,0.0008137226104736328,0.05,-16.400000000000002
638,0.0017230510711669922,0.05,-16.400000000000002
639,0.0005967617034912109,0.05,-16.400000000000002
640,0.002122163772583008,0.05,-16.0
641,0.0005619525909423828,0.05,-15.600000000000001
642,0.0016796588897705078,0.05,-15.200000000000001
643,0.0007541179656982422,0.05,-14.4
644,0.0026810169219970703,0.05,-13.200000000000001
645,0.0007410049438476562,0.05,-12.4
646,0.0019466876983642578,0.05,-11.200000000000001
647,0.0018630027770996094,0.05,-9.600000000000001
648,0.0006382465362548828,0.05,-8.4
649,0.0016949176788330078,0.05,-6.800000000000001
650,0.0005977153778076172,0.05,-5.2
651,0.002034425735473633,0.05,-3.2
652,0.001461029052734375,0.05,-1.6
653,0.0005850791931152344,0.052000000000000005,0.4
654,0.001505136489868164,0.052000000000000005,2.4000000000000004
655,0.0005934238433837891,0.052000000000000005,4.0
656,0.001603841781616211,0.052000000000000005,6.0
657,0.0010738372802734375,0.052000000000000005,8.0
658,0.0007195472717285156,0.052000000000000005,10.0
659,0.0016219615936279297,0.052000000000000005,11.600000000000001
660,0.0006654262542724609,0.052000000000000005,13.600000000000001
661,0.0020987987518310547,0.052000000000000005,15.200000000000001
662,0.0014979839324951172,0.052000000000000005,16.8
663,0.0010833740234375,0.052000000000000005,18.400000000000002
664,0.0017774105072021484,0.052000000000000005,19.6
665,0.0009524822235107422,0.052000000000000005,21.200000000000003
666,0.0015323162078857422,0.052000000000000005,22.400000000000002
667,0.0010879039764404297,0.052000000000000005,23.200000000000003
668,0.001100301742553711,0.052000000000000005,24.400000000000002
669,0.0008533000946044922,0.052000000000000005,25.200000000000003
670,0.0018155574798583984,0.052000000000000005,25.6
671,0.0009357929229736328,0.052000000000000005,26.0
672,0.0018310546875,0.052000000000000005,26.400000000000002
673,0.0006260871887207031,0.052000000000000005,26.400000000000002
674,0.0017316341400146484,0.052000000000000005,26.400000000000002
675,0.0007581710815429688,0.052000000000000005,26.400000000000002
676,0.001558065414428711,0.052000000000000005,26.0
677,0.0006022453308105469,0.052000000000000005,25.6
678,0.0011560916900634766,0.052000000000000005,24.8
679,0.0006003379821777344,0.052000000000000005,24.0
680,0.0017426013946533203,0.052000000000000005,23.200000000000003
681,0.0007860660552978516,0.052000000000000005,22.0
682,0.0012211799621582031,0.052000000000000005,20.8
683,0.0006432533264160156,0.052000000000000005,19.6
684,0.0017437934875488281,0.052000000000000005,18.0
685,0.001348257064819336,0.052000000000000005,16.400000000000002
686,0.0012395381927490234,0.052000000000000005,14.8
687,0.0006780624389648438,0.052000000000000005,13.200000000000001
688,0.0015718936920166016,0.052000000000000005,11.600000000000001
689,0.0006406307220458984,0.052000000000000005,10.0
690,0.002084493637084961,0.052000000000000005,8.0
691,0.0010442733764648438,0.052000000000000005,6.4
692,0.001848459243774414,0.052000000000000005,4.4
693,0.0006737709045410156,0.052000000000000005,2.8000000000000003
694,0.0016474723815917969,0.052000000000000005,1.2000000000000002
695,0.0014827251434326172,0.052000000000000005,-0.8
696,0.0007367134094238281,0.052000000000000005,-2.4000000000000004
697,0.0016376972198486328,0.052000000000000005,-4.0
698,0.0007307529449462891,0.052000000000000005,-5.2
699,0.0018582344055175781,0.052000000000000005,-6.800000000000001
700,0.0006468296051025391,0.052000000000000005,-8.0
701,0.0016291141510009766,0.052000000000000005,-9.200000000000001
702,0.0012459754943847656,0.052000000000000005,-10.0
703,0.0006136894226074219,0.052000000000000005,-10.8
704,0.0021567344665527344,0.052000000000000005,-11.600000000000001
705,0.0014843940734863281,0.052000000000000005,-12.4
706,0.0005800724029541016,0.052000000000000005,-12.8
707,0.0011179447174072266,0.052000000000000005,-13.200000000000001
708,0.0011913776397705078,0.052000000000000005,-13.200000000000001
709,0.000667572021484375,0.052000000000000005,-13.200000000000001
710,0.0014574527740478516,0.052000000000000005,-13.200000000000001
711,0.0004627704620361328,0.052000000000000005,-12.8
712,0.0013306140899658203,0.052000000000000005,-12.4
713,0.0006210803985595703,0.052000000000000005,-11.600000000000001
714,0.002257108688354492,0.052000000000000005,-10.8
715,0.0006246566772460938,0.052000000000000005,-10.0
716,0.002032041549682617,0.052000000000000005,-9.200000000000001
717,0.0005738735198974609,0.052000000000000005,-8.0
718,0.0016086101531982422,0.052000000000000005,-6.800000000000001
719,0.0006399154663085938,0.052000000000000005,-5.6000000000000005
720,0.001847982406616211,0.052000000000000005,-4.0
721,0.0007693767547607422,0.052000000000000005,-2.4000000000000004
722,0.00162506103515625,0.052000000000000005,-1.2000000000000002
723,0.0006434917449951172,0.052000000000000005,0.4
724,0.001491546630859375,0.052000000000000005,2.0
725,0.0008432865142822266,0.052000000000000005,3.6
726,0.0015263557434082031,0.052000000000000005,5.6000000000000005
727,0.0005729198455810547,0.052000000000000005,7.2
728,0.0016536712646484375,0.052000000000000005,8.8
729,0.0006706714630126953,0.052000000000000005,10.4
730,0.002156496047973633,0.052000000000000005,12.0
731,0.0005841255187988281,0.052000000000000005,13.200000000000001
732,0.0015408992767333984,0.052000000000000005,14.8
733,0.0006794929504394531,0.052000000000000005,16.0
734,0.0014493465423583984,0.052000000000000005,17.6
735,0.0007634162902832031,0.052000000000000005,18.8
736,0.001692056655883789,0.052000000000000005,19.6
737,0.0005562305450439453,0.052000000000000005,20.8
738,0.001560211181640625,0.052000000000000005,21.6
739,0.0005681514739990234,0.052000000000000005,22.0
740,0.0022013187408447266,0.052000000000000005,22.8
741,0.0005524158477783203,0.052000000000000005,23.200000000000003
742,0.0016341209411621094,0.052000000000000005,23.6
743,0.0005395412445068359,0.052000000000000005,23.6
744,0.001107931137084961,0.052000000000000005,23.6
745,0.0010156631469726562,0.052000000000000005,23.6
746,0.0006825923919677734,0.052000000000000005,23.200000000000003
747,0.0015211105346679688,0.052000000000000005,22.8
748,0.0008451938629150391,0.055999999999999994,22.400000000000002
749,0.0006060600280761719,0.055999999999999994,22.0
750,0.0011303424835205078,0.055999999999999994,21.200000000000003
751,0.0011107921600341797,0.055999999999999994,20.0
752,0.0005974769592285156,0.058,19.200000000000003
753,0.0017609596252441406,0.063,18.0
754,0.0006263256072998047,0.069,16.8
755,0.0017442703247070312,0.073,15.600000000000001
756,0.0010297298431396484,0.078,14.4
757,0.0005731582641601562,0.08,12.8
758,0.001703500747680664,0.08199999999999999,11.600000000000001
759,0.0016255378723144531,0.08199999999999999,10.0
760,0.0007908344268798828,0.08199999999999999,8.8
761,0.001119852066040039,0.08199999999999999,7.2
762,0.0008752346038818359,0.08199999999999999,5.6000000000000005
763,0.0012850761413574219,0.08199999999999999,4.4
764,0.0010547637939453125,0.08199999999999999,3.2
765,0.0006515979766845703,0.08199999999999999,1.6
766,0.0017673969268798828,0.08199999999999999,0.4
767,0.0005640983581542969,0.08199999999999999,-0.4
768,0.001615762710571289,0.08199999999999999,-1.6
769,0.001615762710571289,0.08199999999999999,-1.6
770,0.0006811618804931641,0.08199999999999999,-2.4000000000000004
771,0.0005660057067871094,0.08199999999999999,-3.2
772,0.0020110607147216797,0.08199999999999999,-4.0
773,0.0005817413330078125,0.08199999999999999,-4.4
774,0.0019457340240478516,0.08199999999999999,-5.2
775,0.0010223388671875,0.08199999999999999,-5.2
776,0.0019905567169189453,0.08199999999999999,-5.6000000000000005
777,0.0005915164947509766,0.08199999999999999,-5.6000000000000005
778,0.001531362533569336,0.08199999999999999,-5.2
779,0.0005824565887451172,0.08199999999999999,-5.2
780,0.0014352798461914062,0.08199999999999999,-4.800000000000001
781,0.0006136894226074219,0.08199999999999999,-4.4
782,0.0016245841979980469,0.08199999999999999,-3.6
783,0.0004889965057373047,0.08199999999999999,-2.8000000000000003
784,0.0017375946044921875,0.08199999999999999,-2.0
785,0.0006444454193115234,0.08,-1.2000000000000002
786,0.0016109943389892578,0.063,0.0
787,0.0005762577056884766,0.045,0.8
788,0.0015208721160888672,0.037000000000000005,2.0
789,0.0006160736083984375,0.03,3.6
790,0.0016438961029052734,0.022,4.800000000000001
791,0.0006170272827148438,0.022,6.0
792,0.0018913745880126953,0.015,7.6000000000000005
793,0.0005471706390380859,0.015,8.8
794,0.0012226104736328125,0.013,10.0
795,0.0016186237335205078,0.013,11.200000000000001
796,0.0009124279022216797,0.013,12.4
797,0.001558542251586914,0.013,13.600000000000001
798,0.0008523464202880859,0.013,14.4
799,0.001134634017944336,0.013,15.200000000000001
800,0.0008833408355712891,0.013,16.0
801,0.0018007755279541016,0.013,16.8
802,0.0008704662322998047,0.013,17.2
803,0.001573324203491211,0.013,17.6
804,0.0006020069122314453,0.013,17.6
805,0.0014123916625976562,0.013,17.6
806,0.0005993843078613281,0.013,17.6
807,0.0010716915130615234,0.013,17.2
808,0.0007448196411132812,0.013,16.8
809,0.0011751651763916016,0.013,16.400000000000002
810,0.0006699562072753906,0.013,15.600000000000001
811,0.0006031990051269531,0.013,14.8
812,0.0014672279357910156,0.013,14.0
813,0.0006585121154785156,0.013,13.200000000000001
814,0.0014882087707519531,0.013,12.0
815,0.0007538795471191406,0.013,10.8
816,0.0015478134155273438,0.013,9.600000000000001
817,0.0005605220794677734,0.013,8.0
818,0.002270936965942383,0.013,6.800000000000001
819,0.0005478858947753906,0.013,5.2
820,0.0015943050384521484,0.013,3.6
821,0.0007166862487792969,0.019,2.4000000000000004
822,0.0012314319610595703,0.024,0.8
823,0.0006310939788818359,0.037000000000000005,-0.8
824,0.0014901161193847656,0.055999999999999994,-2.4000000000000004
825,0.0007448196411132812,0.08,-4.0
826,0.001340627670288086,0.091,-5.2
827,0.0006468296051025391,0.101,-6.800000000000001
828,0.0010471343994140625,0.108,-8.0
829,0.0004930496215820312,0.119,-9.600000000000001
830,0.0015387535095214844,0.119,-10.8
831,0.0008673667907714844,0.119,-11.600000000000001
832,0.002103567123413086,0.119,-12.4
833,0.0005955696105957031,0.119,-13.200000000000001
834,0.0016095638275146484,0.119,-13.600000000000001
835,0.0007419586181640625,0.119,-14.0
836,0.0017032623291015625,0.119,-14.0
837,0.0007867813110351562,0.119,-13.600000000000001
838,0.0015175342559814453,0.119,-13.200000000000001
839,0.0006158351898193359,0.119,-12.4
840,0.0011639595031738281,0.119,-11.600000000000001
841,0.0005581378936767578,0.119,-10.4
842,0.0015494823455810547,0.11,-9.200000000000001
843,0.0008041858673095703,0.103,-7.6000000000000005
844,0.0020279884338378906,0.097,-5.6000000000000005
845,0.0008296966552734375,0.093,-3.6
846,0.0016188621520996094,0.086,-1.6
847,0.0007143020629882812,0.08199999999999999,0.8
848,0.0015032291412353516,0.073,3.2
849,0.0006542205810546875,0.065,5.6000000000000005
850,0.0017931461334228516,0.055999999999999994,8.0
851,0.0006136894226074219,0.054000000000000006,10.8
852,0.0016715526580810547,0.052000000000000005,13.200000000000001
853,0.0005211830139160156,0.05,16.0
854,0.00038886070251464844,0.045,18.400000000000002
855,0.0001735687255859375,0.045,20.8
856,0.00017380714416503906,0.043,23.200000000000003
857,0.00022029876708984375,0.040999999999999995,25.200000000000003
858,0.0002033710479736328,0.040999999999999995,27.200000000000003
859,0.0003597736358642578,0.040999999999999995,29.200000000000003
860,0.00042128562927246094,0.040999999999999995,30.8
861,0.0005648136138916016,0.040999999999999995,32.4
862,0.0005817413330078125,0.040999999999999995,33.6
863,0.00164794921875,0.040999999999999995,34.4
864,0.0009007453918457031,0.040999999999999995,35.2
865,0.001531839370727539,0.040999999999999995,36.0
866,0.0006062984466552734,0.040999999999999995,36.0
867,0.0016973018646240234,0.040999999999999995,36.4
868,0.0005662441253662109,0.040999999999999995,36.0
869,0.0018880367279052734,0.040999999999999995,35.6
870,0.0008370876312255859,0.040999999999999995,34.800000000000004
871,0.001764059066772461,0.040999999999999995,34.0
872,0.0009989738464355469,0.040999999999999995,32.800000000000004
873,0.0015130043029785156,0.040999999999999995,31.6
874,0.0009400844573974609,0.040999999999999995,30.0
875,0.0012860298156738281,0.040999999999999995,28.400000000000002
876,0.0008213520050048828,0.040999999999999995,26.400000000000002
877,0.0014393329620361328,0.040999999999999995,24.400000000000002
878,0.0006544589996337891,0.040999999999999995,22.400000000000002
879,0.0013928413391113281,0.040999999999999995,20.0
880,0.0008571147918701172,0.040999999999999995,17.2
881,0.0015523433685302734,0.040999999999999995,14.8
882,0.0006952285766601562,0.040999999999999995,12.0
883,0.0014111995697021484,0.040999999999999995,9.600000000000001
884,0.0010275840759277344,0.040999999999999995,6.800000000000001
885,0.0018246173858642578,0.040999999999999995,4.0
886,0.0009253025054931641,0.040999999999999995,1.2000000000000002
887,0.0020418167114257812,0.040999999999999995,-1.6
888,0.0006213188171386719,0.040999999999999995,-4.4
889,0.0006494522094726562,0.040999999999999995,-6.800000000000001
890,0.0004730224609375,0.040999999999999995,-9.200000000000001
891,0.00047016143798828125,0.040999999999999995,-11.600000000000001
892,0.0004286766052246094,0.040999999999999995,-14.0
893,0.0005059242248535156,0.040999999999999995,-16.0
894,0.0005040168762207031,0.040999999999999995,-18.0
895,0.0006291866302490234,0.040999999999999995,-19.6
896,0.0011625289916992188,0.040999999999999995,-21.200000000000003
897,0.000701904296875,0.040999999999999995,-22.8
898,0.0018482208251953125,0.040999999999999995,-23.6
899,0.0006642341613769531,0.040999999999999995,-24.8
900,0.0015208721160888672,0.040999999999999995,-25.200000000000003
901,0.0006396770477294922,0.040999999999999995,-25.6
902,0.0020525455474853516,0.040999999999999995,-26.0
903,0.0005726814270019531,0.040999999999999995,-26.0
904,0.0017633438110351562,0.040999999999999995,-25.6
905,0.0005459785461425781,0.040999999999999995,-25.200000000000003
906,0.0017278194427490234,0.040999999999999995,-24.400000000000002
907,0.0005586147308349609,0.040999999999999995,-23.6
908,0.0015616416931152344,0.040999999999999995,-22.400000000000002
909,0.0005855560302734375,0.040999999999999995,-20.8
910,0.0009748935699462891,0.040999999999999995,-19.200000000000003
911,0.0005829334259033203,0.040999999999999995,-17.6
912,0.0011324882507324219,0.040999999999999995,-15.600000000000001
913,0.0006291866302490234,0.040999999999999995,-13.600000000000001
914,0.0011339187622070312,0.040999999999999995,-11.200000000000001
915,0.0009012222290039062,0.040999999999999995,-9.200000000000001
916,0.0017123222351074219,0.040999999999999995,-6.4
917,0.0006411075592041016,0.040999999999999995,-4.0
918,0.0015184879302978516,0.040999999999999995,-1.6
919,0.0015184879302978516,0.040999999999999995,-1.6
920,0.001129150390625,0.040999999999999995,1.2000000000000002
921,0.0006451606750488281,0.040999999999999995,3.6
922,0.0020384788513183594,0.040999999999999995,6.4
923,0.0008463859558105469,0.040999999999999995,8.8
924,0.0015325546264648438,0.040999999999999995,11.200000000000001
925,0.0010259151458740234,0.040999999999999995,13.600000000000001
926,0.0016162395477294922,0.040999999999999995,16.0
927,0.0007195472717285156,0.040999999999999995,18.400000000000002
928,0.0017044544219970703,0.040999999999999995,20.400000000000002
929,0.0008995532989501953,0.040999999999999995,22.400000000000002
930,0.002059459686279297,0.040999999999999995,24.400000000000002
931,0.0006420612335205078,0.040999999999999995,26.0
932,0.0017116069793701172,0.040999999999999995,27.6
933,0.0006241798400878906,0.040999999999999995,28.8
934,0.0016243457794189453,0.040999999999999995,30.0
935,0.0006048679351806641,0.040999999999999995,31.200000000000003
936,0.0011217594146728516,0.040999999999999995,31.6
937,0.0004966259002685547,0.040999999999999995,32.4
938,0.0005345344543457031,0.040999999999999995,32.4
939,0.0005011558532714844,0.040999999999999995,32.800000000000004
940,0.0005362033843994141,0.040999999999999995,32.4
941,0.0018625259399414062,0.040999999999999995,32.0
942,0.0006110668182373047,0.040999999999999995,31.6
943,0.0015633106231689453,0.040999999999999995,30.8
944,0.0005745887756347656,0.040999999999999995,30.0
945,0.0017771720886230469,0.040999999999999995,28.8
946,0.0005853176116943359,0.040999999999999995,27.200000000000003
947,0.0023229122161865234,0.040999999999999995,26.0
948,0.0006618499755859375,0.040999999999999995,24.0
949,0.0013058185577392578,0.040999999999999995,22.400000000000002
950,0.0007436275482177734,0.040999999999999995,20.400000000000002
951,0.002048969268798828,0.040999999999999995,18.400000000000002
952,0.0014150142669677734,0.040999999999999995,16.0
953,0.0005986690521240234,0.040999999999999995,13.600000000000001
954,0.0021805763244628906,0.040999999999999995,11.200000000000001
955,0.0005846023559570312,0.040999999999999995,8.8
956,0.0011055469512939453,0.040999999999999995,6.4
957,0.0006003379821777344,0.040999999999999995,4.0
958,0.001008749008178711,0.040999999999999995,1.6
959,0.0009145736694335938,0.040999999999999995,-0.8
960,0.0005893707275390625,0.040999999999999995,-3.2
961,0.0015969276428222656,0.040999999999999995,-5.6000000000000005
962,0.0006120204925537109,0.040999999999999995,-7.6000000000000005
963,0.0026695728302001953,0.040999999999999995,-10.0
964,0.0005981922149658203,0.040999999999999995,-12.0
965,0.0015401840209960938,0.040999999999999995,-13.600000000000001
966,0.0014765262603759766,0.040999999999999995,-15.600000000000001
967,0.0006396770477294922,0.040999999999999995,-17.2
968,0.0020432472229003906,0.040999999999999995,-18.400000000000002
969,0.0014984607696533203,0.040999999999999995,-19.6
970,0.0006031990051269531,0.040999999999999995,-20.8
971,0.0015108585357666016,0.040999999999999995,-21.6
972,0.0010704994201660156,0.040999999999999995,-22.0
973,0.0005660057067871094,0.040999999999999995,-22.400000000000002
974,0.0011868476867675781,0.040999999999999995,-22.8
975,0.0010917186737060547,0.040999999999999995,-22.8
976,0.0007021427154541016,0.040999999999999995,-22.400000000000002
977,0.0013430118560791016,0.040999999999999995,-22.0
978,0.0007917881011962891,0.040999999999999995,-21.200000000000003
979,0.001756429672241211,0.040999999999999995,-20.400000000000002
980,0.0006082057952880859,0.040999999999999995,-19.6
981,0.0014636516571044922,0.040999999999999995,-18.400000000000002
982,0.00060272216796875,0.040999999999999995,-16.8
983,0.0018227100372314453,0.040999999999999995,-15.200000000000001
984,0.000591278076171875,0.040999999999999995,-13.600000000000001
985,0.0013763904571533203,0.040999999999999995,-11.600000000000001
986,0.0005609989166259766,0.040999999999999995,-9.600000000000001
987,0.0011420249938964844,0.040999999999999995,-7.6000000000000005
988,0.0007700920104980469,0.040999999999999995,-5.6000000000000005
989,0.002038717269897461,0.040999999999999995,-3.2
990,0.0005931854248046875,0.040999999999999995,-0.8
991,0.00150299072265625,0.040999999999999995,1.2000000000000002
992,0.0006289482116699219,0.040999999999999995,3.6
993,0.0012805461883544922,0.040999999999999995,6.0
994,0.0007810592651367188,0.040999999999999995,8.4
995,0.0017664432525634766,0.040999999999999995,10.4
996,0.0006275177001953125,0.040999999999999995,12.8
997,0.0017099380493164062,0.040999999999999995,14.8
998,0.0006227493286132812,0.040999999999999995,16.8
999,0.0016260147094726562,0.040999999999999995,18.8
1000,0.0015919208526611328,0.040999999999999995,20.400000000000002
1001,0.0006873607635498047,0.040999999999999995,22.400000000000002
1002,0.0016827583312988281,0.040999999999999995,23.6
1003,0.0006511211395263672,0.040999999999999995,25.200000000000003
1004,0.0019159317016601562,0.040999999999999995,26.400000000000002
1005,0.0006175041198730469,0.040999999999999995,27.200000000000003
1006,0.0011887550354003906,0.040999999999999995,28.0
1007,0.0005738735198974609,0.040999999999999995,28.8
1008,0.0011878013610839844,0.040999999999999995,29.200000000000003
1009,0.0017244815826416016,0.040999999999999995,29.6
1010,0.0013952255249023438,0.040999999999999995,29.6
1011,0.0015015602111816406,0.040999999999999995,29.200000000000003
1012,0.0011069774627685547,0.040999999999999995,29.200000000000003
1013,0.0014336109161376953,0.040999999999999995,28.400000000000002
1014,0.0008871555328369141,0.040999999999999995,28.0
1015,0.002031564712524414,0.040999999999999995,26.8
1016,0.0010342597961425781,0.040999999999999995,26.0
1017,0.0016281604766845703,0.040999999999999995,24.8
1018,0.0014750957489013672,0.040999999999999995,23.200000000000003
1019,0.0006816387176513672,0.040999999999999995,21.6
1020,0.0019931793212890625,0.040999999999999995,20.0
1021,0.0006568431854248047,0.040999999999999995,18.400000000000002
1022,0.001928091049194336,0.040999999999999995,16.400000000000002
1023,0.0005674362182617188,0.040999999999999995,14.4
1024,0.0011663436889648438,0.040999999999999995,12.4
1025,0.0007257461547851562,0.040999999999999995,10.0
1026,0.0018622875213623047,0.040999999999999995,8.0
1027,0.0007555484771728516,0.040999999999999995,5.6000000000000005
1028,0.0019521713256835938,0.040999999999999995,3.6
1029,0.0005857944488525391,0.040999999999999995,1.2000000000000002
1030,0.0014743804931640625,0.040999999999999995,-0.8
1031,0.0007197856903076172,0.040999999999999995,-2.8000000000000003
1032,0.0011408329010009766,0.040999999999999995,-5.2
1033,0.0005702972412109375,0.040999999999999995,-6.800000000000001
1034,0.0019538402557373047,0.040999999999999995,-8.8
1035,0.0005850791931152344,0.040999999999999995,-10.8
1036,0.0013475418090820312,0.040999999999999995,-12.4
1037,0.0005970001220703125,0.040999999999999995,-14.0
1038,0.0018832683563232422,0.040999999999999995,-15.200000000000001
1039,0.0005412101745605469,0.040999999999999995,-16.400000000000002
1040,0.0017313957214355469,0.040999999999999995,-17.6
1041,0.0007026195526123047,0.040999999999999995,-18.400000000000002
1042,0.001458883285522461,0.040999999999999995,-18.8
1043,0.0005273818969726562,0.040999999999999995,-19.6
1044,0.0017533302307128906,0.040999999999999995,-19.6
1045,0.0006232261657714844,0.040999999999999995,-20.0
1046,0.0016605854034423828,0.040999999999999995,-19.6
1047,0.0005891323089599609,0.040999999999999995,-19.6
1048,0.0017750263214111328,0.040999999999999995,-19.200000000000003
1049,0.0005691051483154297,0.040999999999999995,-18.400000000000002
1050,0.002172231674194336,0.040999999999999995,-17.6
1051,0.0006594657897949219,0.040999999999999995,-16.8
1052,0.0016627311706542969,0.043,-15.600000000000001
1053,0.0006940364837646484,0.047,-14.0
1054,0.002196788787841797,0.05,-12.8
1055,0.001186370849609375,0.054000000000000006,-11.200000000000001
1056,0.0009236335754394531,0.06,-9.600000000000001
1057,0.001947164535522461,0.063,-7.6000000000000005
1058,0.0007677078247070312,0.069,-5.6000000000000005
1059,0.0016324520111083984,0.071,-4.0
1060,0.0006415843963623047,0.073,-1.6
1061,0.001661539077758789,0.075,0.4
1062,0.0006129741668701172,0.08,2.4000000000000004
1063,0.0011174678802490234,0.086,4.800000000000001
1064,0.001220703125,0.093,6.800000000000001
1065,0.00084686279296875,0.093,8.8
1066,0.0017054080963134766,0.097,11.200000000000001
1067,0.001430511474609375,0.101,13.200000000000001
1068,0.0007147789001464844,0.103,15.200000000000001
1069,0.0010609626770019531,0.108,17.6
1070,0.0007572174072265625,0.11,19.6
1071,0.0021278858184814453,0.11,21.6
1072,0.0021278858184814453,0.11,21.6
1073,0.0016384124755859375,0.11,23.200000000000003
1074,0.0014603137969970703,0.11,25.200000000000003
1075,0.0008852481842041016,0.11,26.8
1076,0.0016236305236816406,0.11,28.400000000000002
1077,0.0008215904235839844,0.11,30.0
1078,0.0013074874877929688,0.11,31.200000000000003
1079,0.0007262229919433594,0.11,32.4
1080,0.00177001953125,0.11,33.6
1081,0.0005936622619628906,0.11,34.800000000000004
1082,0.001233816146850586,0.11,35.6
1083,0.0005767345428466797,0.11,36.4
1084,0.0020377635955810547,0.11,36.800000000000004
1085,0.0005810260772705078,0.11,37.2
1086,0.0012526512145996094,0.11,37.6
1087,0.0005500316619873047,0.11,37.6
1088,0.0017850399017333984,0.11,37.6
1089,0.0010538101196289062,0.108,37.6
1090,0.0018534660339355469,0.099,37.2
1091,0.0006453990936279297,0.08800000000000001,36.4
1092,0.0011756420135498047,0.08,36.0
1093,0.0006704330444335938,0.078,35.2
1094,0.0011911392211914062,0.075,34.4
1095,0.0006158351898193359,0.075,33.2
1096,0.0016901493072509766,0.075,32.0
1097,0.0005748271942138672,0.075,30.8
1098,0.0018074512481689453,0.075,29.200000000000003
1099,0.0005788803100585938,0.075,27.6
1100,0.00174713134765625,0.075,26.0
1101,0.0007612705230712891,0.075,24.400000000000002
1102,0.0017743110656738281,0.073,22.400000000000002
1103,0.0006449222564697266,0.073,20.400000000000002
1104,0.002043008804321289,0.073,18.400000000000002
1105,0.0007402896881103516,0.073,16.400000000000002
1106,0.0011477470397949219,0.073,14.0
1107,0.00079345703125,0.073,12.0
1108,0.0015251636505126953,0.073,9.600000000000001
1109,0.0010962486267089844,0.073,7.6000000000000005
1110,0.0016987323760986328,0.073,5.6000000000000005
1111,0.0008423328399658203,0.073,3.2
1112,0.0009675025939941406,0.073,1.2000000000000002
1113,0.0006785392761230469,0.073,-0.8
1114,0.0011773109436035156,0.073,-2.8000000000000003
1115,0.0008881092071533203,0.073,-4.4
1116,0.001580953598022461,0.073,-6.0
1117,0.0007050037384033203,0.073,-7.6000000000000005
1118,0.0013954639434814453,0.073,-8.8
1119,0.0011382102966308594,0.073,-10.4
1120,0.0006618499755859375,0.073,-11.200000000000001
1121,0.0016283988952636719,0.073,-12.0
1122,0.0009453296661376953,0.073,-12.8
1123,0.0006608963012695312,0.073,-13.600000000000001
1124,0.001772165298461914,0.073,-13.600000000000001
1125,0.0007188320159912109,0.073,-14.0
1126,0.0005826950073242188,0.073,-14.0
1127,0.0005903244018554688,0.073,-13.600000000000001
1128,0.0015799999237060547,0.073,-13.200000000000001
1129,0.0012331008911132812,0.073,-12.8
1130,0.0008196830749511719,0.073,-12.0
1131,0.0018165111541748047,0.073,-11.200000000000001
1132,0.0010104179382324219,0.073,-10.0
1133,0.0018057823181152344,0.073,-8.8
1134,0.0006117820739746094,0.073,-7.2
1135,0.001734018325805664,0.073,-5.6000000000000005
1136,0.0006132125854492188,0.078,-4.0
1137,0.0016651153564453125,0.08800000000000001,-2.4000000000000004
1138,0.0006206035614013672,0.112,-0.8
1139,0.0015304088592529297,0.125,1.2000000000000002
1140,0.000982522964477539,0.131,3.2
1141,0.0011620521545410156,0.134,5.2
1142,0.000919342041015625,0.136,7.2
1143,0.0015330314636230469,0.136,9.200000000000001
1144,0.0007665157318115234,0.136,11.200000000000001
1145,0.0019359588623046875,0.136,13.600000000000001
1146,0.0006220340728759766,0.136,15.600000000000001
1147,0.0017664432525634766,0.136,17.6
1148,0.0006263256072998047,0.136,20.0
1149,0.0017282962799072266,0.136,22.0
1150,0.0007281303405761719,0.136,24.0
1151,0.002106189727783203,0.136,26.0
1152,0.0006854534149169922,0.136,28.0
1153,0.0017893314361572266,0.136,30.0
1154,0.0007565021514892578,0.136,32.0
1155,0.0019545555114746094,0.134,34.0
1156,0.0006265640258789062,0.125,35.6
1157,0.001703023910522461,0.121,37.2
1158,0.0005745887756347656,0.108,38.800000000000004
1159,0.0017943382263183594,0.097,40.0
1160,0.0005650520324707031,0.091,41.2
1161,0.0014176368713378906,0.086,42.400000000000006
1162,0.0006287097930908203,0.08,43.2
1163,0.0009469985961914062,0.08,44.0
1164,0.0005936622619628906,0.075,44.400000000000006
1165,0.0018219947814941406,0.073,44.800000000000004
1166,0.0008690357208251953,0.065,44.800000000000004
1167,0.002000093460083008,0.065,44.800000000000004
1168,0.0005984306335449219,0.065,44.400000000000006
1169,0.0012454986572265625,0.063,44.0
1170,0.001728057861328125,0.054000000000000006,43.2
1171,0.0007040500640869141,0.054000000000000006,42.0
1172,0.0016341209411621094,0.054000000000000006,40.800000000000004
1173,0.0006473064422607422,0.054000000000000006,39.6
1174,0.0017826557159423828,0.054000000000000006,37.6
1175,0.00045943260192871094,0.054000000000000006,35.6
1176,0.0006518363952636719,0.054000000000000006,33.6
1177,0.001295328140258789,0.054000000000000006,31.200000000000003
1178,0.001073598861694336,0.054000000000000006,28.8
1179,0.002161741256713867,0.054000000000000006,26.0
1180,0.0004334449768066406,0.054000000000000006,23.200000000000003
1181,0.0014462471008300781,0.054000000000000006,20.400000000000002
1182,0.0007257461547851562,0.054000000000000006,17.2
1183,0.0018758773803710938,0.054000000000000006,14.0
1184,0.0006275177001953125,0.054000000000000006,11.200000000000001
1185,0.0006206035614013672,0.054000000000000006,7.6000000000000005
1186,0.0005102157592773438,0.054000000000000006,4.4
1187,0.0004987716674804688,0.054000000000000006,1.6
1188,0.0004353523254394531,0.054000000000000006,-1.6
1189,0.00044226646423339844,0.054000000000000006,-4.800000000000001
1190,0.00044465065002441406,0.054000000000000006,-7.6000000000000005
1191,0.0004322528839111328,0.054000000000000006,-10.4
1192,0.0005385875701904297,0.054000000000000006,-13.200000000000001
1193,0.0006735324859619141,0.054000000000000006,-16.0
1194,0.0004520416259765625,0.054000000000000006,-18.400000000000002
1195,0.0018875598907470703,0.054000000000000006,-20.400000000000002
1196,0.0006239414215087891,0.054000000000000006,-22.400000000000002
1197,0.002022981643676758,0.054000000000000006,-24.0
1198,0.0007338523864746094,0.054000000000000006,-25.6
1199,0.0016908645629882812,0.054000000000000006,-26.8
1200,0.0005605220794677734,0.054000000000000006,-27.6
1201,0.0017480850219726562,0.054000000000000006,-28.400000000000002
1202,0.0005602836608886719,0.054000000000000006,-28.8
1203,0.00106048583984375,0.054000000000000006,-28.8
1204,0.0006279945373535156,0.054000000000000006,-28.8
1205,0.0006623268127441406,0.054000000000000006,-28.400000000000002
1206,0.0005059242248535156,0.054000000000000006,-27.6
1207,0.0019545555114746094,0.054000000000000006,-26.8
1208,0.0005860328674316406,0.054000000000000006,-25.6
1209,0.0011947154998779297,0.054000000000000006,-24.0
1210,0.0005588531494140625,0.054000000000000006,-22.400000000000002
1211,0.0011858940124511719,0.054000000000000006,-20.400000000000002
1212,0.0006251335144042969,0.054000000000000006,-18.400000000000002
1213,0.0009369850158691406,0.054000000000000006,-16.0
1214,0.0009369850158691406,0.054000000000000006,-16.0
1215,0.002027750015258789,0.054000000000000006,-13.600000000000001
1216,0.0010523796081542969,0.054000000000000006,-11.200000000000001
1217,0.0016255378723144531,0.054000000000000006,-8.4
1218,0.0007002353668212891,0.054000000000000006,-5.6000000000000005
1219,0.00208282470703125,0.054000000000000006,-2.4000000000000004
1220,0.0007991790771484375,0.054000000000000006,0.4
1221,0.0020875930786132812,0.054000000000000006,3.6
1222,0.0005958080291748047,0.054000000000000006,6.4
1223,0.001695394515991211,0.054000000000000006,9.600000000000001
1224,0.0008091926574707031,0.054000000000000006,12.4
1225,0.001996755599975586,0.054000000000000006,15.200000000000001
1226,0.0007457733154296875,0.054000000000000006,18.0
1227,0.001294851303100586,0.054000000000000006,20.8
1228,0.000522613525390625,0.054000000000000006,23.6
1229,0.0018460750579833984,0.054000000000000006,26.0
1230,0.0006499290466308594,0.054000000000000006,28.400000000000002
1231,0.0014431476593017578,0.054000000000000006,30.400000000000002
1232,0.0005936622619628906,0.054000000000000006,32.4
1233,0.0014371871948242188,0.054000000000000006,34.0
1234,0.0006678104400634766,0.054000000000000006,35.6
1235,0.0017147064208984375,0.054000000000000006,36.800000000000004
1236,0.0006544589996337891,0.054000000000000006,37.6
1237,0.0014300346374511719,0.054000000000000006,38.400000000000006
1238,0.0005977153778076172,0.054000000000000006,39.2
1239,0.001827239990234375,0.054000000000000006,39.6
1240,0.0007505416870117188,0.054000000000000006,39.6
1241,0.002323627471923828,0.054000000000000006,39.2
1242,0.0006973743438720703,0.054000000000000006,38.800000000000004
1243,0.0018513202667236328,0.054000000000000006,38.400000000000006
1244,0.0006620883941650391,0.054000000000000006,37.2
1245,0.002137899398803711,0.054000000000000006,36.4
1246,0.0006597042083740234,0.054000000000000006,34.800000000000004
1247,0.0017266273498535156,0.054000000000000006,33.2
1248,0.0006508827209472656,0.054000000000000006,31.6
1249,0.0017795562744140625,0.054000000000000006,29.6
1250,0.0005962848663330078,0.054000000000000006,27.6
1251,0.0021119117736816406,0.054000000000000006,25.200000000000003
1252,0.0006206035614013672,0.054000000000000006,22.8
1253,0.0023262500762939453,0.054000000000000006,20.400000000000002
1254,0.0005843639373779297,0.054000000000000006,17.6
1255,0.0021169185638427734,0.054000000000000006,14.8
1256,0.0005612373352050781,0.054000000000000006,12.4
1257,0.0019359588623046875,0.054000000000000006,9.200000000000001
1258,0.0005428791046142578,0.054000000000000006,6.4
1259,0.002159595489501953,0.054000000000000006,3.6
1260,0.0005965232849121094,0.054000000000000006,0.8
1261,0.001630544662475586,0.054000000000000006,-2.0
1262,0.0009095668792724609,0.054000000000000006,-4.4
1263,0.0015883445739746094,0.054000000000000006,-7.2
1264,0.0006930828094482422,0.054000000000000006,-9.600000000000001
1265,0.0015537738800048828,0.054000000000000006,-12.0
1266,0.0005855560302734375,0.054000000000000006,-14.0
1267,0.0013768672943115234,0.054000000000000006,-16.400000000000002
1268,0.0007047653198242188,0.054000000000000006,-18.0
1269,0.0025930404663085938,0.054000000000000006,-19.6
1270,0.0005509853363037109,0.054000000000000006,-21.200000000000003
1271,0.0022118091583251953,0.054000000000000006,-22.400000000000002
1272,0.0009865760803222656,0.054000000000000006,-23.200000000000003
1273,0.002004384994506836,0.054000000000000006,-24.0
1274,0.0006690025329589844,0.054000000000000006,-24.400000000000002
1275,0.0022563934326171875,0.054000000000000006,-24.8
1276,0.0009999275207519531,0.054000000000000006,-24.8
1277,0.0013165473937988281,0.054000000000000006,-24.400000000000002
1278,0.0008087158203125,0.054000000000000006,-24.0
1279,0.0017635822296142578,0.054000000000000006,-23.200000000000003
1280,0.0008785724639892578,0.054000000000000006,-22.400000000000002
1281,0.002336263656616211,0.054000000000000006,-21.200000000000003
1282,0.0006504058837890625,0.054000000000000006,-20.0
1283,0.0025076866149902344,0.054000000000000006,-18.400000000000002
1284,0.0006074905395507812,0.054000000000000006,-16.400000000000002
1285,0.002003192901611328,0.054000000000000006,-14.4
1286,0.0005960464477539062,0.054000000000000006,-12.4
1287,0.0019452571868896484,0.054000000000000006,-10.4
1288,0.0005626678466796875,0.054000000000000006,-8.0
1289,0.002315521240234375,0.054000000000000006,-5.2
1290,0.0005638599395751953,0.054000000000000006,-2.8000000000000003
1291,0.002396106719970703,0.054000000000000006,0.0
1292,0.00046539306640625,0.054000000000000006,2.4000000000000004
1293,0.0017490386962890625,0.054000000000000006,5.2
1294,0.0006215572357177734,0.054000000000000006,8.0
1295,0.002035856246948242,0.054000000000000006,10.4
1296,0.0008602142333984375,0.054000000000000006,13.200000000000001
1297,0.0021674633026123047,0.054000000000000006,15.600000000000001
1298,0.0005860328674316406,0.054000000000000006,18.0
1299,0.001537322998046875,0.054000000000000006,20.400000000000002
1300,0.0005612373352050781,0.054000000000000006,22.8
1301,0.0016856193542480469,0.054000000000000006,24.8
1302,0.0005915164947509766,0.054000000000000006,26.8
1303,0.0020155906677246094,0.054000000000000006,28.400000000000002
1304,0.0006167888641357422,0.054000000000000006,30.0
1305,0.00099945068359375,0.054000000000000006,31.6
1306,0.0005786418914794922,0.055999999999999994,32.800000000000004
1307,0.0017600059509277344,0.065,33.6
1308,0.0005795955657958984,0.075,34.4
1309,0.0024852752685546875,0.08800000000000001,35.2
1310,0.0005583763122558594,0.106,35.6
1311,0.0018036365509033203,0.131,35.6
1312,0.0005719661712646484,0.149,35.6
1313,0.0017671585083007812,0.16399999999999998,35.2
1314,0.00063323974609375,0.177,34.800000000000004
1315,0.0015697479248046875,0.179,34.0
1316,0.0005939006805419922,0.179,33.2
1317,0.001428365707397461,0.179,32.4
1318,0.0007715225219726562,0.179,31.6
1319,0.0018153190612792969,0.179,30.400000000000002
1320,0.0005633831024169922,0.179,29.200000000000003
1321,0.0024917125701904297,0.179,28.400000000000002
1322,0.0005595684051513672,0.179,27.200000000000003
1323,0.0016586780548095703,0.179,26.0
1324,0.0006039142608642578,0.179,25.200000000000003
1325,0.0017809867858886719,0.179,24.400000000000002
1326,0.0006530284881591797,0.179,23.6
1327,0.0018897056579589844,0.179,22.8
1328,0.0006287097930908203,0.179,22.0
1329,0.0018787384033203125,0.172,21.6
1330,0.0017244815826416016,0.162,20.8
1331,0.00070953369140625,0.142,20.400000000000002
1332,0.002583742141723633,0.131,20.400000000000002
1333,0.0005943775177001953,0.112,20.0
1334,0.0023195743560791016,0.101,20.0
1335,0.0005633831024169922,0.093,20.0
1336,0.0017125606536865234,0.093,20.0
1337,0.00061798095703125,0.093,20.400000000000002
1338,0.0018062591552734375,0.093,20.400000000000002
1339,0.0006477832794189453,0.093,20.400000000000002
1340,0.0014345645904541016,0.093,20.400000000000002
1341,0.0005955696105957031,0.093,20.8
1342,0.002154111862182617,0.093,20.8
1343,0.0005877017974853516,0.093,20.400000000000002
1344,0.0021729469299316406,0.093,20.400000000000002
1345,0.0008325576782226562,0.093,20.400000000000002
1346,0.002190828323364258,0.093,20.0
1347,0.0005545616149902344,0.093,20.0
1348,0.0016143321990966797,0.093,19.6
1349,0.0005745887756347656,0.093,19.200000000000003
1350,0.001634836196899414,0.093,18.8
1351,0.0006031990051269531,0.093,18.400000000000002
1352,0.0017044544219970703,0.093,18.0
1353,0.000545501708984375,0.093,17.6
1354,0.001806497573852539,0.093,17.2
1355,0.0005490779876708984,0.093,16.400000000000002
1356,0.0009856224060058594,0.093,16.0
1357,0.0014872550964355469,0.093,15.200000000000001
1358,0.0006792545318603516,0.093,14.8
1359,0.0016589164733886719,0.093,14.0
1360,0.001970052719116211,0.093,13.600000000000001
1361,0.0006778240203857422,0.093,12.8
1362,0.0015368461608886719,0.093,12.4
1363,0.0006282329559326172,0.093,11.600000000000001
1364,0.002139568328857422,0.093,11.200000000000001
1365,0.0010919570922851562,0.093,10.4
1366,0.0005006790161132812,0.093,10.0
1367,0.0005006790161132812,0.093,10.0
1368,0.0004909038543701172,0.093,9.600000000000001
1369,0.00042700767517089844,0.093,9.200000000000001
1370,0.00041103363037109375,0.093,8.8
1371,0.0006172657012939453,0.091,8.4
1372,0.0013022422790527344,0.086,8.0
1373,0.0007317066192626953,0.08199999999999999,7.6000000000000005
1374,0.00027108192443847656,0.08,7.2
1375,0.0006628036499023438,0.071,7.2
1376,0.0006492137908935547,0.069,6.800000000000001
1377,0.0008738040924072266,0.063,6.800000000000001
1378,0.0008993148803710938,0.058,6.800000000000001
1379,0.0016222000122070312,0.058,6.800000000000001
1380,0.001859903335571289,0.058,6.800000000000001
1381,0.0016319751739501953,0.058,6.800000000000001
1382,0.0011889934539794922,0.058,6.800000000000001
1383,0.0009832382202148438,0.058,6.800000000000001
1384,0.0018157958984375,0.058,6.800000000000001
1385,0.0006995201110839844,0.058,6.800000000000001
1386,0.0021708011627197266,0.058,6.800000000000001
1387,0.0006241798400878906,0.058,7.2
1388,0.0023055076599121094,0.058,7.2
1389,0.000606536865234375,0.058,7.2
1390,0.0020987987518310547,0.058,7.2
1391,0.0006034374237060547,0.058,7.2
1392,0.0017969608306884766,0.058,7.2
1393,0.0005521774291992188,0.058,7.6000000000000005
1394,0.002099275588989258,0.058,7.6000000000000005
1395,0.0022199153900146484,0.058,7.6000000000000005
1396,0.0008485317230224609,0.058,7.6000000000000005
1397,0.0015969276428222656,0.058,7.6000000000000005
1398,0.0007007122039794922,0.058,7.6000000000000005
1399,0.0021398067474365234,0.058,7.6000000000000005
1400,0.0006396770477294922,0.058,7.6000000000000005
1401,0.001798868179321289,0.058,7.6000000000000005
1402,0.0006322860717773438,0.058,7.6000000000000005
1403,0.0015912055969238281,0.058,7.6000000000000005
1404,0.0006213188171386719,0.058,7.6000000000000005
1405,0.0016617774963378906,0.058,7.6000000000000005
1406,0.0006024837493896484,0.058,7.6000000000000005
1407,0.0014376640319824219,0.058,7.6000000000000005
1408,0.001497030258178711,0.058,7.6000000000000005
1409,0.0007328987121582031,0.058,7.2
1410,0.0018935203552246094,0.058,7.2
1411,0.0006384849548339844,0.058,7.2
1412,0.0020465850830078125,0.058,7.2
1413,0.0004925727844238281,0.058,7.2
1414,0.0012545585632324219,0.058,7.2
1415,0.0006830692291259766,0.058,6.800000000000001
1416,0.0016341209411621094,0.058,6.800000000000001
1417,0.0006108283996582031,0.058,6.800000000000001
1418,0.0017871856689453125,0.058,6.800000000000001
1419,0.0006151199340820312,0.058,6.800000000000001
1420,0.0017919540405273438,0.058,6.800000000000001
1421,0.0007097721099853516,0.058,6.4
1422,0.002197265625,0.058,6.4
1423,0.0014767646789550781,0.058,6.4
1424,0.0012524127960205078,0.058,6.4
1425,0.0016467571258544922,0.058,6.4
1426,0.0010488033294677734,0.058,6.4
1427,0.0019426345825195312,0.058,6.4
1428,0.0009534358978271484,0.058,6.4
1429,0.0019540786743164062,0.058,6.4
1430,0.0006124973297119141,0.058,6.0
1431,0.0019078254699707031,0.058,6.0
1432,0.0005881786346435547,0.058,6.0
1433,0.0020034313201904297,0.058,6.0
1434,0.0008730888366699219,0.058,6.0
1435,0.0017535686492919922,0.058,6.0
1436,0.0006566047668457031,0.058,6.4
1437,0.002244234085083008,0.058,6.4
1438,0.0006020069122314453,0.058,6.4
1439,0.0017986297607421875,0.058,6.4
1440,0.0008313655853271484,0.058,6.4
1441,0.002180337905883789,0.058,6.4
1442,0.0006265640258789062,0.058,6.4
1443,0.0019419193267822266,0.058,6.4
1444,0.0005850791931152344,0.058,6.4
1445,0.002009868621826172,0.058,6.4
1446,0.0008690357208251953,0.058,6.800000000000001
1447,0.0018863677978515625,0.058,6.800000000000001
1448,0.0006763935089111328,0.058,6.800000000000001
1449,0.0017802715301513672,0.058,6.800000000000001
1450,0.0006222724914550781,0.058,6.800000000000001
1451,0.0017809867858886719,0.058,6.800000000000001
1452,0.0005905628204345703,0.058,6.800000000000001
1453,0.0019378662109375,0.058,6.800000000000001
1454,0.0005657672882080078,0.058,7.2
1455,0.0022361278533935547,0.058,7.2
1456,0.0005502700805664062,0.058,7.2
1457,0.0017590522766113281,0.058,7.2
1458,0.0006842613220214844,0.058,7.2
1459,0.0019404888153076172,0.058,7.2
1460,0.0007195472717285156,0.058,7.2
1461,0.0017368793487548828,0.058,7.2
1462,0.0006396770477294922,0.058,7.2
1463,0.0021173954010009766,0.058,7.2
1464,0.0005931854248046875,0.058,7.2
1465,0.0018432140350341797,0.058,7.2
1466,0.0006031990051269531,0.058,7.2
1467,0.0020148754119873047,0.058,7.2
1468,0.0005865097045898438,0.067,7.2
1469,0.0024030208587646484,0.08,7.2
1470,0.0005679130554199219,0.091,7.2
1471,0.002099275588989258,0.095,7.2
1472,0.0007042884826660156,0.101,7.2
1473,0.0021479129791259766,0.103,6.800000000000001
1474,0.0015716552734375,0.106,6.800000000000001
1475,0.0016684532165527344,0.108,6.800000000000001
1476,0.00148773193359375,0.11,6.800000000000001
1477,0.001699209213256836,0.11,7.2
1478,0.0008077621459960938,0.11,7.2
1479,0.0019168853759765625,0.112,7.2
1480,0.002629995346069336,0.116,7.6000000000000005
1481,0.0006928443908691406,0.119,7.6000000000000005
1482,0.002154111862182617,0.119,8.0
1483,0.0018901824951171875,0.119,8.4
1484,0.0013759136199951172,0.119,9.600000000000001
1485,0.001886129379272461,0.119,10.0
1486,0.0011360645294189453,0.121,10.8
1487,0.0008871555328369141,0.125,11.200000000000001
1488,0.0018682479858398438,0.125,12.0
1489,0.0006721019744873047,0.125,12.8
1490,0.0020411014556884766,0.125,13.600000000000001
1491,0.0006115436553955078,0.125,14.4
1492,0.001977205276489258,0.125,15.600000000000001
1493,0.0005853176116943359,0.125,16.400000000000002
1494,0.001725912094116211,0.125,17.2
1495,0.0006444454193115234,0.125,18.0
1496,0.0016827583312988281,0.125,19.200000000000003
1497,0.0009407997131347656,0.125,20.0
1498,0.0020651817321777344,0.125,20.8
1499,0.0006492137908935547,0.125,22.0
1500,0.0022690296173095703,0.127,22.8
1501,0.0005908012390136719,0.127,23.6
1502,0.00176239013671875,0.129,24.400000000000002
1503,0.0005664825439453125,0.131,25.200000000000003
1504,0.0020301342010498047,0.131,26.0
1505,0.0005793571472167969,0.131,26.8
1506,0.0018715858459472656,0.134,27.200000000000003
1507,0.0005774497985839844,0.134,28.0
1508,0.001963376998901367,0.136,28.400000000000002
1509,0.0008754730224609375,0.136,28.8
1510,0.0014219284057617188,0.136,29.200000000000003
1511,0.0006189346313476562,0.14,29.6
1512,0.0017616748809814453,0.14,29.6
1513,0.0005674362182617188,0.14,30.0
1514,0.0017268657684326172,0.14,30.0
1515,0.0008056163787841797,0.14,30.0
1516,0.0018317699432373047,0.14,30.0
1517,0.0005729198455810547,0.142,30.0
1518,0.002138853073120117,0.142,30.0
1519,0.002138853073120117,0.142,30.0
1520,0.002382040023803711,0.142,30.0
1521,0.0011661052703857422,0.14400000000000002,29.6
1522,0.0007555484771728516,0.14400000000000002,29.6
1523,0.0020492076873779297,0.14400000000000002,29.200000000000003
1524,0.0006520748138427734,0.14400000000000002,28.8
1525,0.0018138885498046875,0.147,28.400000000000002
1526,0.0013580322265625,0.147,28.0
1527,0.0009000301361083984,0.149,27.6
1528,0.001855611801147461,0.149,27.200000000000003
1529,0.0015866756439208984,0.149,26.400000000000002
1530,0.0014612674713134766,0.151,26.0
1531,0.0016524791717529297,0.151,25.6
1532,0.0007517337799072266,0.151,24.8
1533,0.0013089179992675781,0.151,24.400000000000002
1534,0.0017032623291015625,0.151,23.6
1535,0.0010995864868164062,0.151,23.200000000000003
1536,0.0016665458679199219,0.151,22.400000000000002
1537,0.001196146011352539,0.151,22.0
1538,0.0017366409301757812,0.151,21.6
1539,0.0007793903350830078,0.151,21.200000000000003
1540,0.0017223358154296875,0.151,20.8
1541,0.0006959438323974609,0.151,20.400000000000002
1542,0.0018124580383300781,0.151,20.0
1543,0.0006515979766845703,0.151,19.6
1544,0.0017075538635253906,0.151,19.6
1545,0.0006685256958007812,0.151,19.200000000000003
1546,0.0019125938415527344,0.151,19.200000000000003
1547,0.0010368824005126953,0.151,19.200000000000003
1548,0.001744985580444336,0.151,19.200000000000003
1549,0.0006759166717529297,0.151,19.200000000000003
1550,0.0019364356994628906,0.151,19.200000000000003
1551,0.0006344318389892578,0.151,19.6
1552,0.0019202232360839844,0.151,19.6
1553,0.0007395744323730469,0.151,20.0
1554,0.0018820762634277344,0.151,20.0
1555,0.0006589889526367188,0.151,20.400000000000002
1556,0.0018582344055175781,0.151,20.8
1557,0.0005888938903808594,0.151,21.200000000000003
1558,0.0019371509552001953,0.151,21.6
1559,0.0011417865753173828,0.153,22.400000000000002
1560,0.0017828941345214844,0.153,22.8
1561,0.0007061958312988281,0.155,23.200000000000003
1562,0.0021207332611083984,0.157,24.0
1563,0.0006711483001708984,0.157,24.400000000000002
1564,0.0019953250885009766,0.159,24.8
1565,0.0006783008575439453,0.159,25.6
1566,0.002167940139770508,0.159,26.0
1567,0.0006155967712402344,0.162,26.8
1568,0.0021109580993652344,0.162,27.200000000000003
1569,0.0005917549133300781,0.162,28.0
1570,0.0021452903747558594,0.162,28.400000000000002
1571,0.0008182525634765625,0.162,29.200000000000003
1572,0.002107858657836914,0.162,29.6
1573,0.001165628433227539,0.162,30.400000000000002
1574,0.0018537044525146484,0.162,30.8
1575,0.0008370876312255859,0.162,31.200000000000003
1576,0.001924276351928711,0.162,32.0
1577,0.0011527538299560547,0.162,32.4
1578,0.0016274452209472656,0.162,32.800000000000004
1579,0.000804901123046875,0.162,33.2
1580,0.0018110275268554688,0.162,33.6
1581,0.0006504058837890625,0.162,34.0
1582,0.002314329147338867,0.162,34.4
1583,0.0015139579772949219,0.162,34.800000000000004
1584,0.0019788742065429688,0.162,34.800000000000004
1585,0.0016410350799560547,0.162,35.2
1586,0.00160980224609375,0.162,35.2
1587,0.0008332729339599609,0.162,35.6
1588,0.0015113353729248047,0.162,35.6
1589,0.0014870166778564453,0.162,35.6
1590,0.0007021427154541016,0.162,35.6
1591,0.002131223678588867,0.162,35.6
1592,0.0006244182586669922,0.162,35.6
1593,0.00173187255859375,0.162,35.2
1594,0.0006401538848876953,0.162,35.2
1595,0.002226114273071289,0.157,34.800000000000004
1596,0.0006568431854248047,0.147,34.800000000000004
1597,0.002111673355102539,0.131,34.4
1598,0.0009570121765136719,0.116,34.0
1599,0.0018033981323242188,0.099,33.6
1600,0.0010900497436523438,0.08800000000000001,33.2
1601,0.0019016265869140625,0.078,32.800000000000004
1602,0.0007791519165039062,0.069,32.4
1603,0.001890420913696289,0.069,32.0
1604,0.0006670951843261719,0.065,31.200000000000003
1605,0.0019121170043945312,0.065,30.400000000000002
1606,0.0006115436553955078,0.065,29.6
1607,0.002103567123413086,0.065,28.8
1608,0.0011439323425292969,0.065,27.6
1609,0.0005939006805419922,0.065,26.400000000000002
1610,0.0015196800231933594,0.065,25.200000000000003
1611,0.0010199546813964844,0.065,23.6
1612,0.001661539077758789,0.065,22.0
1613,0.000978708267211914,0.065,20.400000000000002
1614,0.0013098716735839844,0.065,18.400000000000002
1615,0.0007369518280029297,0.065,16.8
1616,0.0018455982208251953,0.065,14.8
1617,0.0006616115570068359,0.065,12.8
1618,0.001615762710571289,0.065,10.8
1619,0.0016155242919921875,0.065,8.8
1620,0.000701904296875,0.065,6.800000000000001
1621,0.001911163330078125,0.065,5.2
1622,0.00153350830078125,0.065,3.2
1623,0.0007483959197998047,0.065,1.2000000000000002
1624,0.0019431114196777344,0.065,-0.4
1625,0.0006766319274902344,0.065,-2.4000000000000004
1626,0.002392292022705078,0.065,-4.0
1627,0.0007512569427490234,0.065,-5.6000000000000005
1628,0.001981496810913086,0.065,-6.800000000000001
1629,0.0006840229034423828,0.065,-8.4
1630,0.0017216205596923828,0.065,-9.200000000000001
1631,0.0011029243469238281,0.065,-10.4
1632,0.0010187625885009766,0.065,-11.200000000000001
1633,0.0019459724426269531,0.065,-12.0
1634,0.0006146430969238281,0.065,-12.4
1635,0.0014696121215820312,0.065,-12.8
1636,0.0009953975677490234,0.065,-13.200000000000001
1637,0.0021240711212158203,0.065,-13.200000000000001
1638,0.0008189678192138672,0.065,-12.8
1639,0.0022995471954345703,0.065,-12.4
1640,0.00063323974609375,0.065,-12.0
1641,0.0019233226776123047,0.065,-11.200000000000001
1642,0.0005810260772705078,0.065,-10.4
1643,0.001825094223022461,0.065,-9.600000000000001
1644,0.0006413459777832031,0.065,-8.4
1645,0.0019202232360839844,0.065,-7.2
1646,0.0006530284881591797,0.065,-6.0
1647,0.0021772384643554688,0.065,-4.4
1648,0.0009367465972900391,0.065,-3.2
1649,0.0017113685607910156,0.065,-1.6
1650,0.0006334781646728516,0.065,0.4
1651,0.0019192695617675781,0.065,2.0
1652,0.0006697177886962891,0.065,3.6
1653,0.0020155906677246094,0.065,5.6000000000000005
1654,0.0007328987121582031,0.065,7.2
1655,0.0018329620361328125,0.065,9.200000000000001
1656,0.0005919933319091797,0.065,10.8
1657,0.0021142959594726562,0.065,12.8
1658,0.0005674362182617188,0.065,14.4
1659,0.0020825862884521484,0.065,16.0
1660,0.0009763240814208984,0.065,17.6
1661,0.0018508434295654297,0.065,19.200000000000003
1662,0.0007064342498779297,0.065,20.400000000000002
1663,0.0017333030700683594,0.065,22.0
1664,0.0007190704345703125,0.065,23.200000000000003
1665,0.002047300338745117,0.065,24.0
1666,0.0010390281677246094,0.065,25.200000000000003
1667,0.0016751289367675781,0.065,26.0
1668,0.0006594657897949219,0.065,26.400000000000002
1669,0.002043485641479492,0.065,27.200000000000003
1670,0.0006608963012695312,0.065,27.6
1671,0.0017476081848144531,0.065,27.6
1672,0.0017476081848144531,0.065,27.6
1673,0.001958131790161133,0.065,27.6
1674,0.0011477470397949219,0.065,27.6
1675,0.0014553070068359375,0.065,27.200000000000003
1676,0.0009315013885498047,0.065,26.8
1677,0.0016651153564453125,0.065,26.400000000000002
1678,0.0005335807800292969,0.065,25.6
1679,0.0014102458953857422,0.065,24.8
1680,0.0007419586181640625,0.069,24.0
1681,0.0014345645904541016,0.086,22.8
1682,0.0007047653198242188,0.103,22.0
1683,0.0021257400512695312,0.112,20.400000000000002
1684,0.0015902519226074219,0.112,19.200000000000003
1685,0.0009968280792236328,0.116,17.6
1686,0.0011725425720214844,0.119,16.400000000000002
1687,0.0008661746978759766,0.125,14.8
1688,0.001657247543334961,0.125,13.200000000000001
1689,0.002064943313598633,0.125,11.600000000000001
1690,0.0007195472717285156,0.125,10.0
1691,0.0018432140350341797,0.125,8.4
1692,0.001026153564453125,0.125,7.2
1693,0.0018191337585449219,0.125,5.6000000000000005
1694,0.0009331703186035156,0.125,4.4
1695,0.0018475055694580078,0.125,3.6
1696,0.0006456375122070312,0.125,2.4000000000000004
1697,0.002139568328857422,0.125,1.6
1698,0.0008952617645263672,0.125,0.8
1699,0.0015110969543457031,0.123,0.4
1700,0.0006949901580810547,0.116,0.0
1701,0.0015978813171386719,0.112,-0.4
1702,0.0005815029144287109,0.103,-0.4
1703,0.0014958381652832031,0.099,-0.4
1704,0.0006279945373535156,0.099,0.0
1705,0.0018396377563476562,0.095,0.4
1706,0.00058746337890625,0.093,0.8
1707,0.001374959945678711,0.091,1.6
1708,0.0006091594696044922,0.086,2.4000000000000004
1709,0.001967191696166992,0.08199999999999999,3.2
1710,0.0005738735198974609,0.078,4.0
1711,0.0014729499816894531,0.078,5.2
1712,0.0006499290466308594,0.075,6.4
1713,0.0021255016326904297,0.071,7.6000000000000005
1714,0.0006806850433349609,0.069,8.8
1715,0.0020570755004882812,0.065,10.0
1716,0.0006549358367919922,0.06,11.200000000000001
1717,0.0021522045135498047,0.06,12.4
1718,0.000583648681640625,0.06,13.600000000000001
1719,0.0022780895233154297,0.06,14.8
1720,0.0007798671722412109,0.06,15.600000000000001
1721,0.0016107559204101562,0.06,16.8
1722,0.0006346702575683594,0.06,17.6
1723,0.002115011215209961,0.06,18.8
1724,0.0007102489471435547,0.06,19.6
1725,0.0019686222076416016,0.06,20.0
1726,0.0005986690521240234,0.06,20.8
1727,0.0019519329071044922,0.06,21.200000000000003
1728,0.0007114410400390625,0.06,21.6
1729,0.0017616748809814453,0.06,22.0
1730,0.0008282661437988281,0.06,22.0
1731,0.0015552043914794922,0.06,22.0
1732,0.0006058216094970703,0.06,22.0
1733,0.0017328262329101562,0.06,21.6
1734,0.0006859302520751953,0.067,21.6
1735,0.0016317367553710938,0.078,21.200000000000003
1736,0.00029397010803222656,0.086,20.400000000000002
1737,0.0007407665252685547,0.097,20.0
1738,0.0004887580871582031,0.103,19.200000000000003
1739,0.0010905265808105469,0.11,18.400000000000002
1740,0.0007774829864501953,0.112,17.6
1741,0.0016243457794189453,0.114,16.400000000000002
1742,0.0006685256958007812,0.116,15.600000000000001
1743,0.0017087459564208984,0.121,14.4
1744,0.0006680488586425781,0.121,13.600000000000001
1745,0.0016586780548095703,0.121,12.8
1746,0.0007250308990478516,0.121,11.600000000000001
1747,0.0016911029815673828,0.121,10.8
1748,0.0006854534149169922,0.121,10.0
1749,0.0018339157104492188,0.121,9.200000000000001
1750,0.0009567737579345703,0.121,8.4
1751,0.0015938282012939453,0.121,7.6000000000000005
1752,0.0006608963012695312,0.121,7.2
1753,0.0018990039825439453,0.121,6.800000000000001
1754,0.0007393360137939453,0.121,6.4
1755,0.0011398792266845703,0.121,6.0
1756,0.0006482601165771484,0.121,6.0
1757,0.0016663074493408203,0.121,6.0
1758,0.0005872249603271484,0.121,6.0
1759,0.0015683174133300781,0.121,6.0
1760,0.0005846023559570312,0.121,6.4
1761,0.0018563270568847656,0.121,6.800000000000001
1762,0.0008547306060791016,0.121,7.2
1763,0.0015130043029785156,0.121,8.0
1764,0.0007185935974121094,0.121,8.4
1765,0.0017313957214355469,0.121,9.200000000000001
1766,0.0007569789886474609,0.121,10.0
1767,0.00154876708984375,0.121,10.8
1768,0.0005614757537841797,0.121,11.600000000000001
1769,0.002048492431640625,0.121,12.8
1770,0.0005688667297363281,0.121,13.600000000000001
1771,0.002292633056640625,0.123,14.8
1772,0.0006022453308105469,0.123,15.600000000000001
1773,0.0018112659454345703,0.123,16.8
1774,0.0006246566772460938,0.123,18.0
1775,0.0014503002166748047,0.123,19.200000000000003
1776,0.0005726814270019531,0.123,20.0
1777,0.0018246173858642578,0.123,21.200000000000003
1778,0.0014958381652832031,0.123,22.400000000000002
1779,0.0006940364837646484,0.125,23.200000000000003
1780,0.0018987655639648438,0.125,24.400000000000002
1781,0.0006725788116455078,0.125,25.200000000000003
1782,0.0017619132995605469,0.127,26.0
1783,0.0006203651428222656,0.127,27.200000000000003
1784,0.001684427261352539,0.127,27.6
1785,0.0005903244018554688,0.127,28.400000000000002
1786,0.001821756362915039,0.129,29.200000000000003
1787,0.000934600830078125,0.129,29.6
1788,0.0006306171417236328,0.129,30.400000000000002
1789,0.0017392635345458984,0.131,30.8
1790,0.0006115436553955078,0.131,31.200000000000003
1791,0.0017459392547607422,0.131,31.200000000000003
1792,0.0005676746368408203,0.131,31.6
1793,0.0007488727569580078,0.131,31.6
1794,0.0008451938629150391,0.131,31.6
1795,0.001436471939086914,0.131,31.6
1796,0.0006730556488037109,0.134,31.6
1797,0.00199127197265625,0.134,31.200000000000003
1798,0.0006403923034667969,0.134,30.8
1799,0.0014448165893554688,0.134,30.8
1800,0.0006592273712158203,0.134,30.0
1801,0.0012819766998291016,0.136,29.6
1802,0.0006022453308105469,0.136,29.200000000000003
1803,0.002084970474243164,0.138,28.8
1804,0.0005667209625244141,0.138,28.0
1805,0.0014324188232421875,0.14,27.200000000000003
1806,0.0005638599395751953,0.14,26.8
1807,0.0017769336700439453,0.14,26.0
1808,0.0005598068237304688,0.14,25.200000000000003
1809,0.0018124580383300781,0.14,24.400000000000002
1810,0.0005919933319091797,0.14,23.6
1811,0.0014705657958984375,0.14,22.8
1812,0.0006058216094970703,0.14,22.0
1813,0.0020635128021240234,0.142,21.200000000000003
1814,0.0005793571472167969,0.142,20.400000000000002
1815,0.0014650821685791016,0.142,20.0
1816,0.0006253719329833984,0.142,19.200000000000003
1817,0.0014770030975341797,0.142,18.400000000000002
1818,0.0005526542663574219,0.142,18.0
1819,0.0020766258239746094,0.142,17.2
1820,0.0020766258239746094,0.142,17.2
1821,0.001931905746459961,0.142,16.8
1822,0.0005578994750976562,0.14400000000000002,16.400000000000002
1823,0.0005323886871337891,0.14400000000000002,16.0
1824,0.0005693435668945312,0.14400000000000002,15.600000000000001
1825,0.0019791126251220703,0.14400000000000002,15.600000000000001
1826,0.000530242919921875,0.14400000000000002,15.200000000000001
1827,0.0017879009246826172,0.14400000000000002,15.200000000000001
1828,0.0008907318115234375,0.14400000000000002,15.200000000000001
1829,0.0019381046295166016,0.14400000000000002,15.200000000000001
1830,0.0005886554718017578,0.14400000000000002,15.200000000000001
1831,0.0017898082733154297,0.14400000000000002,15.600000000000001
1832,0.0005900859832763672,0.14400000000000002,16.0
1833,0.0021653175354003906,0.14400000000000002,16.0
1834,0.0005819797515869141,0.14400000000000002,16.8
1835,0.0019843578338623047,0.14400000000000002,17.2
1836,0.0016036033630371094,0.14400000000000002,17.6
1837,0.0005915164947509766,0.14400000000000002,18.0
1838,0.0024840831756591797,0.14400000000000002,18.8
1839,0.0012869834899902344,0.14400000000000002,19.6
1840,0.0007047653198242188,0.14400000000000002,20.0
1841,0.0021462440490722656,0.14400000000000002,20.8
1842,0.0006506443023681641,0.14400000000000002,21.6
1843,0.0014505386352539062,0.14400000000000002,22.400000000000002
1844,0.0005862712860107422,0.14400000000000002,23.200000000000003
1845,0.002172708511352539,0.14400000000000002,24.0
1846,0.0006232261657714844,0.14400000000000002,24.8
1847,0.002061605453491211,0.14400000000000002,25.6
1848,0.0006234645843505859,0.14400000000000002,26.0
1849,0.0015528202056884766,0.14400000000000002,26.8
1850,0.0006797313690185547,0.14400000000000002,27.6
1851,0.0009171962738037109,0.14400000000000002,28.400000000000002
1852,0.0009026527404785156,0.14400000000000002,29.200000000000003
1853,0.0016560554504394531,0.14400000000000002,29.6
1854,0.0006530284881591797,0.14400000000000002,30.400000000000002
1855,0.0021240711212158203,0.14400000000000002,30.8
1856,0.0006115436553955078,0.14400000000000002,31.200000000000003
1857,0.0018837451934814453,0.14400000000000002,31.6
1858,0.0005621910095214844,0.14400000000000002,32.0
1859,0.001753091812133789,0.14400000000000002,32.4
1860,0.0005669593811035156,0.14400000000000002,32.800000000000004
1861,0.002176523208618164,0.14400000000000002,32.800000000000004
1862,0.0005652904510498047,0.14400000000000002,33.2
1863,0.0023496150970458984,0.14400000000000002,33.2
1864,0.0006875991821289062,0.14400000000000002,33.2
1865,0.0015277862548828125,0.14400000000000002,33.2
1866,0.00047135353088378906,0.14400000000000002,32.800000000000004
1867,0.0015802383422851562,0.14400000000000002,32.800000000000004
1868,0.0005877017974853516,0.14400000000000002,32.4
1869,0.001796722412109375,0.14400000000000002,32.4
1870,0.000576019287109375,0.14400000000000002,32.0
1871,0.0018451213836669922,0.14400000000000002,31.6
1872,0.000545501708984375,0.14400000000000002,31.200000000000003
1873,0.002173900604248047,0.14400000000000002,30.8
1874,0.0005421638488769531,0.14400000000000002,30.0
1875,0.0022430419921875,0.14400000000000002,29.6
1876,0.0005896091461181641,0.14400000000000002,29.200000000000003
1877,0.00188446044921875,0.14400000000000002,28.400000000000002
1878,0.0009601116180419922,0.14400000000000002,27.6
1879,0.0015187263488769531,0.14400000000000002,27.200000000000003
1880,0.0006384849548339844,0.14400000000000002,26.400000000000002
1881,0.001447916030883789,0.14400000000000002,25.6
1882,0.0017032623291015625,0.14400000000000002,25.200000000000003
1883,0.0006299018859863281,0.14400000000000002,24.400000000000002
1884,0.0017995834350585938,0.14400000000000002,23.6
1885,0.0006542205810546875,0.14400000000000002,23.200000000000003
1886,0.0020813941955566406,0.14400000000000002,22.400000000000002
1887,0.0005795955657958984,0.14400000000000002,21.6
1888,0.0019154548645019531,0.14400000000000002,21.200000000000003
1889,0.0006413459777832031,0.14400000000000002,20.8
1890,0.0015757083892822266,0.14400000000000002,20.0
1891,0.0003788471221923828,0.14400000000000002,19.6
1892,0.0004782676696777344,0.14400000000000002,19.200000000000003
1893,0.00047659873962402344,0.14400000000000002,18.8
1894,0.0004944801330566406,0.14400000000000002,18.400000000000002
1895,0.0018491744995117188,0.14400000000000002,18.0
1896,0.0008985996246337891,0.147,17.6
1897,0.002099275588989258,0.147,17.6
1898,0.0005996227264404297,0.147,17.6
1899,0.002105236053466797,0.147,17.2
1900,0.0006020069122314453,0.147,17.2
1901,0.0020437240600585938,0.147,17.2
1902,0.0004878044128417969,0.147,17.2
1903,0.0019116401672363281,0.147,17.6
1904,0.0008909702301025391,0.147,17.6
1905,0.0013554096221923828,0.147,18.0
1906,0.0006151199340820312,0.147,18.0
1907,0.0019054412841796875,0.147,18.400000000000002
1908,0.0006103515625,0.147,18.8
1909,0.0021352767944335938,0.147,19.200000000000003
1910,0.0005686283111572266,0.147,19.6
1911,0.0018768310546875,0.147,20.400000000000002
1912,0.0006694793701171875,0.147,20.8
1913,0.0017991065979003906,0.147,21.200000000000003
1914,0.0005695819854736328,0.147,22.0
1915,0.0018377304077148438,0.149,22.8
1916,0.0005564689636230469,0.149,23.200000000000003
1917,0.0015895366668701172,0.149,24.0
1918,0.0007953643798828125,0.149,24.400000000000002
1919,0.0021321773529052734,0.149,25.200000000000003
1920,0.0005719661712646484,0.149,26.0
1921,0.0019576549530029297,0.149,26.400000000000002
1922,0.0005679130554199219,0.149,27.200000000000003
1923,0.0016903877258300781,0.149,28.0
1924,0.0005774497985839844,0.149,28.400000000000002
1925,0.002088308334350586,0.149,29.200000000000003
1926,0.0005815029144287109,0.149,29.6
1927,0.0019643306732177734,0.149,30.0
1928,0.0009644031524658203,0.149,30.400000000000002
1929,0.0017576217651367188,0.149,31.200000000000003
1930,0.00064849853515625,0.149,31.6
1931,0.0014963150024414062,0.149,32.0
1932,0.0010323524475097656,0.149,32.0
1933,0.002122640609741211,0.149,32.4
1934,0.0006899833679199219,0.149,32.800000000000004
1935,0.0014672279357910156,0.151,32.800000000000004
1936,0.0005779266357421875,0.151,32.800000000000004
1937,0.0016863346099853516,0.151,33.2
1938,0.0005915164947509766,0.151,33.2
1939,0.0017070770263671875,0.151,33.2
1940,0.0006895065307617188,0.151,32.800000000000004
1941,0.0011174678802490234,0.151,32.800000000000004
1942,0.0006339550018310547,0.151,32.800000000000004
1943,0.0018320083618164062,0.151,32.4
1944,0.001178741455078125,0.151,32.4
1945,0.0007059574127197266,0.151,32.0
1946,0.0017206668853759766,0.151,31.6
1947,0.0005955696105957031,0.153,31.200000000000003
1948,0.0016798973083496094,0.153,30.8
1949,0.0005917549133300781,0.153,30.400000000000002
1950,0.0018143653869628906,0.153,30.0
1951,0.0005915164947509766,0.153,29.6
1952,0.0017762184143066406,0.153,29.200000000000003
1953,0.0006501674652099609,0.153,28.8
1954,0.0015785694122314453,0.153,28.0
1955,0.0009005069732666016,0.153,27.6
1956,0.0016083717346191406,0.155,27.200000000000003
1957,0.0005702972412109375,0.155,26.8
1958,0.0021812915802001953,0.155,26.0
1959,0.0005991458892822266,0.155,25.6
1960,0.002042055130004883,0.155,25.200000000000003
1961,0.0005545616149902344,0.155,24.8
1962,0.0017521381378173828,0.155,24.400000000000002
1963,0.0006098747253417969,0.155,24.0
1964,0.0017132759094238281,0.155,23.6
1965,0.0006341934204101562,0.155,23.200000000000003
1966,0.0013041496276855469,0.155,22.8
1967,0.0008571147918701172,0.155,22.400000000000002
1968,0.0015244483947753906,0.155,22.400000000000002
1969,0.0006074905395507812,0.155,22.0
1970,0.002160310745239258,0.155,22.0
1971,0.0006375312805175781,0.155,22.0
1972,0.0018777847290039062,0.155,22.0
1973,0.0018777847290039062,0.155,22.0
1974,0.0021119117736816406,0.157,22.0
1975,0.00058746337890625,0.157,22.0
1976,0.0010623931884765625,0.157,22.0
1977,0.0006091594696044922,0.157,22.0
1978,0.0016372203826904297,0.159,22.400000000000002
1979,0.0017192363739013672,0.159,22.400000000000002
1980,0.0009937286376953125,0.159,22.8
1981,0.0015213489532470703,0.159,22.8
1982,0.0006220340728759766,0.159,23.200000000000003
1983,0.001699686050415039,0.159,23.6
1984,0.0006062984466552734,0.159,24.0
1985,0.0017795562744140625,0.159,24.400000000000002
1986,0.0015215873718261719,0.159,24.8
1987,0.0006513595581054688,0.159,25.200000000000003
1988,0.001978635787963867,0.159,26.0
1989,0.0013003349304199219,0.162,26.400000000000002
1990,0.0006034374237060547,0.162,26.8
1991,0.00165557861328125,0.162,27.200000000000003
1992,0.0007710456848144531,0.162,28.0
1993,0.0018682479858398438,0.16399999999999998,28.400000000000002
1994,0.0006124973297119141,0.16399999999999998,29.200000000000003
1995,0.0018374919891357422,0.16399999999999998,29.6
1996,0.0006940364837646484,0.16399999999999998,30.0
1997,0.0021479129791259766,0.16399999999999998,30.400000000000002
1998,0.0006275177001953125,0.16399999999999998,31.200000000000003
1999,0.0019617080688476562,0.16399999999999998,31.6
2000,0.0007314682006835938,0.16399999999999998,32.0
2001,0.0019147396087646484,0.16399999999999998,32.4
2002,0.0005972385406494141,0.16399999999999998,33.2
2003,0.0019195079803466797,0.16399999999999998,33.6
2004,0.0007317066192626953,0.16399999999999998,34.0
2005,0.001672983169555664,0.16399999999999998,34.4
2006,0.0006842613220214844,0.16399999999999998,34.4
2007,0.0018191337585449219,0.16399999999999998,34.800000000000004
2008,0.0006024837493896484,0.16399999999999998,35.2
2009,0.0021483898162841797,0.16399999999999998,35.6
2010,0.0005586147308349609,0.16399999999999998,35.6
2011,0.001959085464477539,0.16399999999999998,36.0
2012,0.0006239414215087891,0.16399999999999998,36.0
2013,0.002130746841430664,0.16399999999999998,36.0
2014,0.0006070137023925781,0.16399999999999998,36.0
2015,0.00188446044921875,0.16399999999999998,36.0
2016,0.0007255077362060547,0.16399999999999998,36.0
2017,0.0015759468078613281,0.16399999999999998,36.0
2018,0.0006468296051025391,0.16399999999999998,36.0
2019,0.0011963844299316406,0.16399999999999998,35.6
2020,0.0005965232849121094,0.16399999999999998,35.6
2021,0.0009865760803222656,0.16399999999999998,35.2
2022,0.0006427764892578125,0.16399999999999998,35.2
2023,0.0017769336700439453,0.166,34.800000000000004
2024,0.0005660057067871094,0.166,34.4
2025,0.0017409324645996094,0.166,34.0
2026,0.0006029605865478516,0.166,33.6
2027,0.0019783973693847656,0.166,33.6
2028,0.0006973743438720703,0.166,33.2
2029,0.0018427371978759766,0.166,32.800000000000004
2030,0.0009911060333251953,0.166,32.0
2031,0.0019376277923583984,0.166,31.6
2032,0.0010120868682861328,0.166,31.200000000000003
2033,0.0016243457794189453,0.166,30.8
2034,0.0008623600006103516,0.166,30.400000000000002
2035,0.001477956771850586,0.166,30.0
2036,0.0006380081176757812,0.166,29.6
2037,0.001332998275756836,0.168,29.200000000000003
2038,0.0014328956604003906,0.168,28.8
2039,0.0007064342498779297,0.168,28.400000000000002
2040,0.001176595687866211,0.168,28.0
2041,0.0005979537963867188,0.168,28.0
2042,0.0019373893737792969,0.168,27.6
2043,0.0010683536529541016,0.168,27.200000000000003
2044,0.001373291015625,0.168,27.200000000000003
2045,0.0006864070892333984,0.168,26.8
2046,0.0014014244079589844,0.168,26.8
2047,0.0015363693237304688,0.168,26.400000000000002
2048,0.0006699562072753906,0.168,26.400000000000002
2049,0.001691579818725586,0.168,26.400000000000002
2050,0.0005962848663330078,0.168,26.400000000000002
2051,0.001979351043701172,0.168,26.400000000000002
2052,0.0005741119384765625,0.168,26.400000000000002
2053,0.0018863677978515625,0.168,26.8
2054,0.0005512237548828125,0.168,26.8
2055,0.0018346309661865234,0.168,27.200000000000003
2056,0.001039266586303711,0.168,27.200000000000003
2057,0.0016181468963623047,0.168,27.6
2058,0.0006899833679199219,0.168,27.6
2059,0.001953601837158203,0.168,28.0
2060,0.0006241798400878906,0.168,28.400000000000002
2061,0.0020051002502441406,0.168,28.8
2062,0.0006160736083984375,0.168,29.200000000000003
2063,0.0016674995422363281,0.168,29.6
2064,0.0005950927734375,0.168,30.0
2065,0.0019164085388183594,0.168,30.400000000000002
2066,0.0006129741668701172,0.168,30.8
2067,0.0017061233520507812,0.168,31.200000000000003
2068,0.0009596347808837891,0.168,31.6
2069,0.0016376972198486328,0.168,32.0
2070,0.0006971359252929688,0.168,32.4
2071,0.0019276142120361328,0.168,32.800000000000004
2072,0.001115560531616211,0.168,33.2
2073,0.0014104843139648438,0.168,33.6
2074,0.0009622573852539062,0.168,34.0
2075,0.001739501953125,0.168,34.0
2076,0.0006258487701416016,0.168,34.4
2077,0.0017778873443603516,0.168,34.800000000000004
2078,0.0006926059722900391,0.168,35.2
2079,0.0011510848999023438,0.168,35.2
2080,0.0011057853698730469,0.168,35.6
2081,0.0014843940734863281,0.168,35.6
2082,0.0009629726409912109,0.168,36.0
2083,0.0016608238220214844,0.17,36.0
2084,0.0006880760192871094,0.17,36.0
2085,0.0015881061553955078,0.17,36.0
2086,0.0007147789001464844,0.17,36.0
2087,0.002011537551879883,0.17,36.0
2088,0.0006139278411865234,0.17,36.0
2089,0.002036571502685547,0.17,36.0
2090,0.0015974044799804688,0.17,36.0
2091,0.0006270408630371094,0.17,36.0
2092,0.0011792182922363281,0.17,35.6
2093,0.0007009506225585938,0.17,35.6
2094,0.0015795230865478516,0.17,35.2
2095,0.0006518363952636719,0.17,35.2
2096,0.0019009113311767578,0.17,34.800000000000004
2097,0.0015895366668701172,0.172,34.800000000000004
2098,0.0007042884826660156,0.172,34.4
2099,0.0019330978393554688,0.172,34.0
2100,0.0006246566772460938,0.172,34.0
2101,0.0021033287048339844,0.175,33.6
2102,0.0005700588226318359,0.175,33.2
2103,0.0022039413452148438,0.175,33.2
2104,0.0006299018859863281,0.177,32.800000000000004
2105,0.0011179447174072266,0.177,32.4
2106,0.0007152557373046875,0.177,32.4
2107,0.0007152557373046875,0.177,32.4
2108,0.0005710124969482422,0.179,32.0
2109,0.0022890567779541016,0.179,31.6
2110,0.0005939006805419922,0.179,31.6
2111,0.0017027854919433594,0.179,31.200000000000003
2112,0.0005822181701660156,0.179,31.200000000000003
2113,0.0013799667358398438,0.179,30.8
2114,0.0013113021850585938,0.179,30.8
2115,0.0019555091857910156,0.179,30.8
2116,0.001107931137084961,0.179,30.400000000000002
2117,0.0012350082397460938,0.179,30.400000000000002
2118,0.00124359130859375,0.179,30.400000000000002
2119,0.0017325878143310547,0.179,30.400000000000002
2120,0.0009624958038330078,0.179,30.400000000000002
2121,0.0018069744110107422,0.179,30.8
2122,0.0008671283721923828,0.179,30.8
2123,0.0020759105682373047,0.179,30.8
2124,0.0006449222564697266,0.179,31.200000000000003
2125,0.0018229484558105469,0.179,31.200000000000003
2126,0.0006153583526611328,0.179,31.200000000000003
2127,0.002043485641479492,0.179,31.6
2128,0.0005788803100585938,0.179,32.0
2129,0.001745462417602539,0.179,32.0
2130,0.0009856224060058594,0.179,32.4
2131,0.0018181800842285156,0.179,32.800000000000004
2132,0.0008780956268310547,0.179,33.2
2133,0.0018868446350097656,0.179,33.6
2134,0.0006172657012939453,0.179,33.6
2135,0.0015912055969238281,0.179,34.0
2136,0.0005843639373779297,0.179,34.4
2137,0.002035856246948242,0.179,34.800000000000004
2138,0.0005643367767333984,0.179,35.2
2139,0.0018415451049804688,0.179,35.6
2140,0.0010006427764892578,0.179,36.0
2141,0.0006134510040283203,0.179,36.4
2142,0.002009868621826172,0.179,36.4
2143,0.0011255741119384766,0.179,36.800000000000004
2144,0.00070953369140625,0.179,37.2
2145,0.0013511180877685547,0.179,37.6
2146,0.0012226104736328125,0.179,37.6
2147,0.0007116794586181641,0.179,38.0
2148,0.001874685287475586,0.179,38.400000000000006
2149,0.0006239414215087891,0.179,38.400000000000006
2150,0.002309083938598633,0.179,38.800000000000004
2151,0.0005919933319091797,0.179,38.800000000000004
2152,0.0017507076263427734,0.179,39.2
2153,0.0014104843139648438,0.179,39.2
2154,0.0006339550018310547,0.179,39.2
2155,0.0022449493408203125,0.181,39.2
2156,0.000606536865234375,0.181,39.6
2157,0.0017156600952148438,0.181,39.6
2158,0.0015459060668945312,0.183,39.6
2159,0.0006306171417236328,0.183,39.6
2160,0.0020024776458740234,0.183,39.2
2161,0.0005970001220703125,0.185,39.2
2162,0.001966714859008789,0.185,39.2
2163,0.00067901611328125,0.185,39.2
2164,0.0012328624725341797,0.188,38.800000000000004
2165,0.0006349086761474609,0.188,38.800000000000004
2166,0.0022885799407958984,0.188,38.800000000000004
2167,0.001589059829711914,0.188,38.400000000000006
2168,0.00081634521484375,0.188,38.400000000000006
2169,0.00138092041015625,0.188,38.400000000000006
2170,0.0007505416870117188,0.188,38.0
2171,0.0006034374237060547,0.188,38.0
2172,0.0016090869903564453,0.188,37.6
2173,0.0006985664367675781,0.188,37.6
2174,0.0017092227935791016,0.188,37.6
2175,0.0006577968597412109,0.188,37.2
2176,0.002172708511352539,0.188,37.2
2177,0.0005869865417480469,0.188,37.2
2178,0.0019032955169677734,0.188,36.800000000000004
2179,0.0008015632629394531,0.188,36.800000000000004
2180,0.0012271404266357422,0.188,36.800000000000004
2181,0.0010042190551757812,0.188,36.800000000000004
2182,0.0007948875427246094,0.188,36.800000000000004
2183,0.0014138221740722656,0.183,36.4
2184,0.0012929439544677734,0.175,36.4
2185,0.0006992816925048828,0.159,36.4
2186,0.0019516944885253906,0.147,36.4
2187,0.0013158321380615234,0.129,36.4
2188,0.0006234645843505859,0.119,36.4
2189,0.0010848045349121094,0.108,36.4
2190,0.00060272216796875,0.101,36.4
2191,0.002101421356201172,0.08800000000000001,36.4
2192,0.0006055831909179688,0.078,36.4
2193,0.0016314983367919922,0.073,36.4
2194,0.00044608116149902344,0.069,36.0
2195,0.0011103153228759766,0.069,35.6
2196,0.0007424354553222656,0.069,34.800000000000004
2197,0.0010330677032470703,0.069,34.4
2198,0.0005660057067871094,0.069,33.6
2199,0.0019905567169189453,0.069,32.4
2200,0.0007584095001220703,0.069,31.200000000000003
2201,0.001413583755493164,0.069,30.0
2202,0.0005512237548828125,0.069,28.400000000000002
2203,0.00167083740234375,0.069,26.8
2204,0.0005645751953125,0.069,25.200000000000003
2205,0.0016584396362304688,0.069,23.200000000000003
2206,0.00055694580078125,0.069,21.6
2207,0.0008947849273681641,0.069,19.6
2208,0.0005962848663330078,0.069,17.2
2209,0.0014581680297851562,0.069,15.200000000000001
2210,0.0006103515625,0.069,12.8
2211,0.002063751220703125,0.069,10.8
2212,0.0006525516510009766,0.069,8.4
2213,0.0016674995422363281,0.069,6.4
2214,0.0005762577056884766,0.069,4.4
2215,0.0016112327575683594,0.069,2.0
2216,0.0005743503570556641,0.069,0.0
2217,0.001977205276489258,0.069,-2.0
2218,0.0006394386291503906,0.069,-3.6
2219,0.0015933513641357422,0.069,-5.6000000000000005
2220,0.0007698535919189453,0.069,-7.2
2221,0.0014307498931884766,0.069,-8.8
2222,0.0005867481231689453,0.069,-10.0
2223,0.0022182464599609375,0.069,-11.200000000000001
2224,0.0005788803100585938,0.069,-12.4
2225,0.0014047622680664062,0.069,-13.200000000000001
2226,0.0006113052368164062,0.069,-14.0
2227,0.0017650127410888672,0.069,-14.4
2228,0.0005474090576171875,0.069,-14.8
2229,0.001749277114868164,0.069,-14.8
2230,0.0007238388061523438,0.069,-14.8
2231,0.0022153854370117188,0.069,-14.4
2232,0.0006742477416992188,0.069,-14.0
2233,0.0011744499206542969,0.069,-13.600000000000001
2234,0.0007336139678955078,0.069,-12.8
2235,0.0013718605041503906,0.069,-11.600000000000001
2236,0.0006077289581298828,0.069,-10.4
2237,0.0017845630645751953,0.069,-9.200000000000001
2238,0.0005290508270263672,0.069,-7.6000000000000005
2239,0.0024237632751464844,0.069,-6.4
2240,0.0005395412445068359,0.069,-4.4
2241,0.002026796340942383,0.069,-2.8000000000000003
2242,0.00057220458984375,0.069,-0.8
2243,0.002025127410888672,0.069,0.8
2244,0.0005407333374023438,0.069,2.8000000000000003
2245,0.001230001449584961,0.069,5.2
2246,0.0009603500366210938,0.069,7.2
2247,0.001971006393432617,0.069,9.200000000000001
2248,0.0006451606750488281,0.069,11.200000000000001
2249,0.0020580291748046875,0.069,13.200000000000001
2250,0.0006253719329833984,0.069,15.200000000000001
2251,0.002428770065307617,0.069,16.8
2252,0.0007092952728271484,0.069,18.8
2253,0.001657247543334961,0.069,20.400000000000002
2254,0.0005609989166259766,0.069,22.0
2255,0.0012488365173339844,0.069,23.6
2256,0.0005564689636230469,0.069,25.200000000000003
2257,0.0017199516296386719,0.069,26.400000000000002
2258,0.0006859302520751953,0.069,27.6
2259,0.0014536380767822266,0.069,28.400000000000002
2260,0.0006287097930908203,0.069,29.200000000000003
2261,0.0020346641540527344,0.069,30.0
2262,0.0005929470062255859,0.069,30.400000000000002
2263,0.0018563270568847656,0.069,30.8
2264,0.000553131103515625,0.069,31.200000000000003
2265,0.0018413066864013672,0.069,31.200000000000003
2266,0.0006468296051025391,0.069,30.8
2267,0.0017511844635009766,0.073,30.400000000000002
2268,0.0006520748138427734,0.078,30.0
2269,0.0015544891357421875,0.08,29.200000000000003
2270,0.0035386085510253906,0.084,28.400000000000002
2271,0.001911163330078125,0.091,27.6
2272,0.001911163330078125,0.099,27.6
2273,0.0018694400787353516,0.106,26.400000000000002
2274,0.0006048679351806641,0.106,25.200000000000003
2275,0.0013210773468017578,0.106,24.0
2276,0.0006093978881835938,0.106,22.400000000000002
2277,0.002047300338745117,0.106,21.200000000000003
2278,0.0005791187286376953,0.11,19.6
2279,0.002202749252319336,0.11,18.0
2280,0.0007021427154541016,0.11,16.400000000000002
2281,0.0022699832916259766,0.11,14.8
2282,0.0006198883056640625,0.11,13.200000000000001
2283,0.0015239715576171875,0.114,11.600000000000001
2284,0.0010008811950683594,0.121,10.0
2285,0.0017180442810058594,0.123,8.4
2286,0.0006558895111083984,0.125,7.2
2287,0.0012104511260986328,0.127,5.6000000000000005
2288,0.0006439685821533203,0.129,4.4
2289,0.001878499984741211,0.129,3.2
2290,0.0005872249603271484,0.129,2.0
2291,0.0014150142669677734,0.129,1.2000000000000002
2292,0.0005941390991210938,0.129,0.4
2293,0.0021305084228515625,0.129,0.0
2294,0.0006031990051269531,0.129,-0.4
2295,0.0014600753784179688,0.129,-0.8
2296,0.0009109973907470703,0.129,-0.8
2297,0.0015926361083984375,0.129,-0.8
2298,0.0006420612335205078,0.129,-0.4
2299,0.0021507740020751953,0.129,0.0
2300,0.0005970001220703125,0.129,0.4
2301,0.0020012855529785156,0.129,1.2000000000000002
2302,0.0005762577056884766,0.129,2.0
2303,0.001996278762817383,0.129,3.2
2304,0.002079010009765625,0.129,4.4
2305,0.0006320476531982422,0.129,5.6000000000000005
2306,0.0018460750579833984,0.129,7.2
2307,0.0005595684051513672,0.129,8.4
2308,0.0017063617706298828,0.127,10.0
2309,0.0006203651428222656,0.125,11.600000000000001
2310,0.0015022754669189453,0.121,13.600000000000001
2311,0.0005700588226318359,0.121,15.200000000000001
2312,0.002006053924560547,0.121,17.2
2313,0.0005667209625244141,0.121,18.8
2314,0.0017414093017578125,0.121,20.8
2315,0.0006008148193359375,0.121,22.400000000000002
2316,0.0012598037719726562,0.121,24.400000000000002
2317,0.0007114410400390625,0.121,26.0
2318,0.0015304088592529297,0.121,27.6
2319,0.0006582736968994141,0.121,29.200000000000003
2320,0.0020074844360351562,0.121,30.8
2321,0.0006320476531982422,0.121,32.0
2322,0.001445770263671875,0.121,33.2
2323,0.0005702972412109375,0.121,34.4
2324,0.0017457008361816406,0.121,35.6
2325,0.0006422996520996094,0.121,36.4
2326,0.0020859241485595703,0.121,37.6
2327,0.0005621910095214844,0.121,38.0
2328,0.0020825862884521484,0.121,38.800000000000004
2329,0.0007076263427734375,0.121,39.2
2330,0.0016789436340332031,0.121,39.2
2331,0.0006940364837646484,0.121,39.6
2332,0.0016660690307617188,0.121,39.2
2333,0.0005755424499511719,0.121,39.2
2334,0.001100301742553711,0.121,38.800000000000004
2335,0.0008914470672607422,0.121,38.400000000000006
2336,0.0013232231140136719,0.121,38.0
2337,0.0007350444793701172,0.121,37.2
2338,0.0018706321716308594,0.119,36.4
2339,0.0006177425384521484,0.114,35.2
2340,0.0017123222351074219,0.11,34.4
2341,0.0006315708160400391,0.101,33.2
2342,0.0018010139465332031,0.095,32.0
2343,0.0005896091461181641,0.084,30.400000000000002
2344,0.001730203628540039,0.078,29.200000000000003
2345,0.0006155967712402344,0.071,27.6
2346,0.0021219253540039062,0.069,26.0
2347,0.0009038448333740234,0.067,24.400000000000002
2348,0.0015978813171386719,0.065,22.8
2349,0.0006182193756103516,0.065,20.8
2350,0.001382589340209961,0.065,19.200000000000003
2351,0.0006477832794189453,0.065,17.2
2352,0.0018126964569091797,0.065,15.200000000000001
2353,0.0005841255187988281,0.065,13.200000000000001
2354,0.0017096996307373047,0.065,11.600000000000001
2355,0.0005936622619628906,0.065,9.600000000000001
2356,0.0017001628875732422,0.065,7.6000000000000005
2357,0.0006473064422607422,0.065,5.6000000000000005
2358,0.0017094612121582031,0.065,3.6
2359,0.0006239414215087891,0.065,1.6
2360,0.0011599063873291016,0.065,0.0
2361,0.00089263916015625,0.065,-2.0
2362,0.0016469955444335938,0.065,-3.6
2363,0.0008678436279296875,0.065,-5.2
2364,0.0016148090362548828,0.065,-6.4
2365,0.0008699893951416016,0.065,-8.0
2366,0.001959562301635742,0.065,-9.200000000000001
2367,0.0006473064422607422,0.065,-10.0
2368,0.0009760856628417969,0.065,-10.8
2369,0.00047326087951660156,0.065,-11.600000000000001
2370,0.0005395412445068359,0.065,-12.0
2371,0.0011947154998779297,0.065,-12.4
2372,0.0009932518005371094,0.065,-12.8
2373,0.0016021728515625,0.065,-12.8
2374,0.0007207393646240234,0.065,-12.8
2375,0.0018723011016845703,0.065,-12.4
2376,0.0006945133209228516,0.065,-12.0
2377,0.0019762516021728516,0.065,-11.200000000000001
2378,0.0006334781646728516,0.065,-10.4
2379,0.0019316673278808594,0.065,-9.600000000000001
2380,0.0010895729064941406,0.065,-8.4
2381,0.0016341209411621094,0.065,-7.2
2382,0.0006740093231201172,0.065,-6.0
2383,0.002033710479736328,0.065,-4.4
2384,0.0006034374237060547,0.065,-3.2
2385,0.001527547836303711,0.065,-1.6
2386,0.001058816909790039,0.065,0.4
2387,0.0020020008087158203,0.065,2.0
2388,0.0006926059722900391,0.065,3.6
2389,0.0015363693237304688,0.065,5.6000000000000005
2390,0.0008628368377685547,0.065,7.2
2391,0.0017817020416259766,0.065,9.200000000000001
2392,0.0006439685821533203,0.065,10.8
2393,0.0017604827880859375,0.065,12.8
2394,0.0005795955657958984,0.065,14.4
2395,0.0019702911376953125,0.065,16.0
2396,0.0006363391876220703,0.065,17.6
2397,0.0016887187957763672,0.065,19.200000000000003
2398,0.0010790824890136719,0.065,20.8
2399,0.0017857551574707031,0.065,22.0
2400,0.0007154941558837891,0.065,23.200000000000003
2401,0.0020580291748046875,0.065,24.0
2402,0.0010232925415039062,0.065,25.200000000000003
2403,0.0021064281463623047,0.065,26.0
2404,0.0006763935089111328,0.065,26.400000000000002
2405,0.0016663074493408203,0.065,27.200000000000003
2406,0.0006072521209716797,0.065,27.6
2407,0.0017921924591064453,0.065,27.6
2408,0.0006480216979980469,0.065,27.6
2409,0.0018270015716552734,0.065,27.6
2410,0.0009889602661132812,0.065,27.6
2411,0.001970529556274414,0.065,27.200000000000003
2412,0.0007975101470947266,0.065,26.400000000000002
2413,0.001987934112548828,0.065,26.0
2414,0.0007050037384033203,0.065,25.200000000000003
2415,0.002084493637084961,0.065,24.400000000000002
2416,0.0008199214935302734,0.065,23.200000000000003
2417,0.0018754005432128906,0.065,22.0
2418,0.0018754005432128906,0.065,22.0
2419,0.0011568069458007812,0.065,20.8
2420,0.0007798671722412109,0.065,19.6
2421,0.0017201900482177734,0.065,18.0
2422,0.0007131099700927734,0.065,16.400000000000002
2423,0.0015692710876464844,0.065,14.8
2424,0.0007619857788085938,0.065,13.200000000000001
2425,0.002130746841430664,0.065,11.600000000000001
2426,0.0006194114685058594,0.065,10.0
2427,0.0019474029541015625,0.065,8.4
2428,0.0006055831909179688,0.065,6.800000000000001
2429,0.0017979145050048828,0.065,5.2
2430,0.0007414817810058594,0.065,3.6
2431,0.0020351409912109375,0.065,2.0
2432,0.0006849765777587891,0.065,0.4
2433,0.002083301544189453,0.065,-0.8
2434,0.0006303787231445312,0.065,-2.0
2435,0.0020134449005126953,0.065,-3.6
2436,0.0007574558258056641,0.065,-4.4
2437,0.0016982555389404297,0.065,-5.6000000000000005
2438,0.0006289482116699219,0.065,-6.4
2439,0.0019278526306152344,0.065,-7.2
2440,0.000621795654296875,0.065,-8.0
2441,0.002093076705932617,0.065,-8.4
2442,0.0006196498870849609,0.065,-8.8
2443,0.001956462860107422,0.065,-9.200000000000001
2444,0.0005986690521240234,0.065,-9.200000000000001
2445,0.002115964889526367,0.065,-9.200000000000001
2446,0.0005769729614257812,0.065,-9.200000000000001
2447,0.001522064208984375,0.065,-8.8
2448,0.0007038116455078125,0.065,-8.4
2449,0.0016736984252929688,0.069,-8.0
2450,0.00074005126953125,0.08800000000000001,-7.2
2451,0.0015139579772949219,0.103,-6.4
2452,0.0006663799285888672,0.114,-5.2
2453,0.0016522407531738281,0.119,-4.4
2454,0.0006260871887207031,0.127,-3.2
2455,0.0018036365509033203,0.136,-2.0
2456,0.0006172657012939453,0.142,-0.4
2457,0.0015053749084472656,0.151,0.8
2458,0.0005979537963867188,0.159,2.4000000000000004
2459,0.001874685287475586,0.16399999999999998,4.0
2460,0.0005674362182617188,0.168,6.0
2461,0.001631021499633789,0.168,7.6000000000000005
2462,0.0011303424835205078,0.168,9.600000000000001
2463,0.0019168853759765625,0.179,11.600000000000001
2464,0.0006258487701416016,0.181,14.0
2465,0.0014407634735107422,0.181,16.0
2466,0.0006191730499267578,0.181,18.400000000000002
2467,0.0017473697662353516,0.181,20.8
2468,0.0006036758422851562,0.181,23.200000000000003
2469,0.0018067359924316406,0.181,25.6
2470,0.0005917549133300781,0.181,28.0
2471,0.0021352767944335938,0.181,30.400000000000002
2472,0.0006077289581298828,0.181,33.2
2473,0.002080202102661133,0.181,35.6
2474,0.0006785392761230469,0.181,38.0
2475,0.0016255378723144531,0.179,40.400000000000006
2476,0.0007238388061523438,0.16399999999999998,42.800000000000004
2477,0.0014493465423583984,0.14,45.2
2478,0.0006339550018310547,0.116,47.6
2479,0.002023935317993164,0.106,49.6
2480,0.0007116794586181641,0.101,52.0
2481,0.002214193344116211,0.101,54.0
2482,0.0006239414215087891,0.101,55.6
2483,0.001674652099609375,0.099,57.2
2484,0.0005829334259033203,0.097,58.400000000000006
2485,0.0019369125366210938,0.097,59.6
2486,0.0009341239929199219,0.097,60.400000000000006
2487,0.0014526844024658203,0.097,61.2
2488,0.0006554126739501953,0.097,61.2
2489,0.0017158985137939453,0.097,61.2
2490,0.0006501674652099609,0.097,61.2
2491,0.0020384788513183594,0.097,60.400000000000006
2492,0.0006494522094726562,0.097,59.6
2493,0.001962900161743164,0.097,58.400000000000006
2494,0.000598907470703125,0.097,57.2
2495,0.0016665458679199219,0.097,55.2
2496,0.0006461143493652344,0.097,53.2
2497,0.001980304718017578,0.097,51.2
2498,0.0006110668182373047,0.097,48.800000000000004
2499,0.0017268657684326172,0.097,46.0
2500,0.0009410381317138672,0.097,43.2
2501,0.0019178390502929688,0.097,40.400000000000006
2502,0.0006399154663085938,0.097,36.800000000000004
2503,0.0021545886993408203,0.097,33.6
2504,0.0006234645843505859,0.097,30.0
2505,0.0017037391662597656,0.097,26.400000000000002
2506,0.0006334781646728516,0.097,22.8
2507,0.0016226768493652344,0.097,19.200000000000003
2508,0.0005819797515869141,0.097,15.200000000000001
2509,0.002126455307006836,0.097,11.600000000000001
2510,0.0005927085876464844,0.097,8.0
2511,0.0018410682678222656,0.097,4.4
2512,0.0009396076202392578,0.097,0.8
2513,0.0021042823791503906,0.097,-2.4000000000000004
2514,0.0006430149078369141,0.097,-6.0
2515,0.0017342567443847656,0.097,-8.8
2516,0.0006608963012695312,0.097,-11.600000000000001
2517,0.0016188621520996094,0.097,-14.4
2518,0.0006697177886962891,0.097,-16.8
2519,0.0020291805267333984,0.097,-18.8
2520,0.0006301403045654297,0.097,-20.8
2521,0.001071929931640625,0.097,-22.400000000000002
2522,0.0006206035614013672,0.097,-23.6
2523,0.0018887519836425781,0.097,-24.8
2524,0.0006730556488037109,0.097,-25.200000000000003
2525,0.0015103816986083984,0.097,-25.6
2526,0.0006978511810302734,0.097,-25.6
2527,0.0019130706787109375,0.097,-25.200000000000003
2528,0.0006146430969238281,0.097,-24.8
2529,0.00201416015625,0.097,-24.0
2530,0.0007076263427734375,0.097,-22.8
2531,0.0023193359375,0.097,-21.200000000000003
2532,0.0006463527679443359,0.097,-19.200000000000003
2533,0.0016033649444580078,0.097,-17.2
2534,0.0006375312805175781,0.097,-15.200000000000001
2535,0.0017757415771484375,0.097,-12.4
2536,0.0006361007690429688,0.097,-10.0
2537,0.0015902519226074219,0.097,-7.2
2538,0.0007665157318115234,0.097,-4.0
2539,0.0015120506286621094,0.097,-0.8
2540,0.0008473396301269531,0.097,2.4000000000000004
2541,0.0017673969268798828,0.097,5.6000000000000005
2542,0.0006082057952880859,0.097,9.200000000000001
2543,0.0019898414611816406,0.097,12.4
2544,0.0006129741668701172,0.097,16.0
2545,0.0013022422790527344,0.097,19.200000000000003
2546,0.0005726814270019531,0.097,26.0
2547,0.0015692710876464844,0.097,28.8
2548,0.0006096363067626953,0.097,32.0
2549,0.0018222332000732422,0.097,34.800000000000004
2550,0.0009095668792724609,0.097,37.6
2551,0.001497030258178711,0.097,40.0
2552,0.0006341934204101562,0.097,42.400000000000006
2553,0.0019223690032958984,0.097,44.400000000000006
2554,0.0006029605865478516,0.097,46.400000000000006
2555,0.0020685195922851562,0.097,48.0
2556,0.0005848407745361328,0.097,49.2
2557,0.0019268989562988281,0.097,50.400000000000006
2558,0.0006225109100341797,0.097,51.2
2559,0.0018570423126220703,0.097,52.0
2560,0.0007951259613037109,0.097,52.400000000000006
2561,0.0007951259613037109,0.097,52.400000000000006
2562,0.0019006729125976562,0.097,52.400000000000006
2563,0.001069784164428711,0.097,52.400000000000006
2564,0.0016911029815673828,0.097,52.0
2565,0.0007474422454833984,0.097,51.2
2566,0.0014827251434326172,0.097,50.400000000000006
2567,0.0006587505340576172,0.097,49.2
2568,0.0019888877868652344,0.097,48.0
2569,0.0006203651428222656,0.097,46.400000000000006
2570,0.0017726421356201172,0.097,44.800000000000004
2571,0.0022187232971191406,0.097,42.800000000000004
2572,0.0019252300262451172,0.097,40.800000000000004
2573,0.0006000995635986328,0.097,38.400000000000006
2574,0.00203704833984375,0.097,36.0
2575,0.0007307529449462891,0.097,33.6
2576,0.0015213489532470703,0.097,31.200000000000003
2577,0.0008881092071533203,0.097,28.400000000000002
2578,0.0015773773193359375,0.097,25.6
2579,0.0007283687591552734,0.097,22.8
2580,0.0019578933715820312,0.097,20.0
2581,0.0007739067077636719,0.097,17.2
2582,0.001875162124633789,0.097,14.4
2583,0.0007171630859375,0.097,11.200000000000001
2584,0.001789093017578125,0.097,8.4
2585,0.0006513595581054688,0.097,6.0
2586,0.002025604248046875,0.097,3.2
2587,0.0014488697052001953,0.097,0.4
2588,0.0008029937744140625,0.097,-2.0
2589,0.0018010139465332031,0.097,-4.0
2590,0.0006985664367675781,0.097,-6.4
2591,0.001146078109741211,0.097,-8.4
2592,0.000732421875,0.097,-10.0
2593,0.002310037612915039,0.097,-11.600000000000001
2594,0.000629425048828125,0.097,-12.8
2595,0.0015254020690917969,0.097,-14.0
2596,0.0006923675537109375,0.097,-15.200000000000001
2597,0.0015101432800292969,0.097,-15.600000000000001
2598,0.0012464523315429688,0.097,-16.0
2599,0.0006439685821533203,0.097,-16.400000000000002
2600,0.001722574234008789,0.097,-16.0
2601,0.0014309883117675781,0.097,-16.0
2602,0.0008389949798583984,0.097,-15.200000000000001
2603,0.0018165111541748047,0.097,-14.4
2604,0.0006475448608398438,0.097,-13.600000000000001
2605,0.0015799999237060547,0.097,-12.0
2606,0.0006568431854248047,0.097,-10.8
2607,0.0015518665313720703,0.097,-9.200000000000001
2608,0.0011281967163085938,0.097,-7.2
2609,0.0005981922149658203,0.097,-5.2
2610,0.0016510486602783203,0.097,-3.2
2611,0.0006110668182373047,0.097,-0.8
2612,0.0015397071838378906,0.097,1.6
2613,0.0009481906890869141,0.097,4.0
2614,0.0006384849548339844,0.097,6.4
2615,0.0006585121154785156,0.097,8.8
2616,0.0015821456909179688,0.097,11.600000000000001
2617,0.0006566047668457031,0.097,14.0
2618,0.0022737979888916016,0.097,16.8
2619,0.0006296634674072266,0.097,19.200000000000003
2620,0.0012216567993164062,0.097,21.6
2621,0.0005774497985839844,0.097,24.0
2622,0.0021347999572753906,0.097,26.400000000000002
2623,0.0005435943603515625,0.097,28.8
2624,0.0016722679138183594,0.097,30.8
2625,0.0007028579711914062,0.097,32.800000000000004
2626,0.001951456069946289,0.097,34.800000000000004
2627,0.0006575584411621094,0.097,36.4
2628,0.0015799999237060547,0.097,38.0
2629,0.0006251335144042969,0.097,39.2
2630,0.0017333030700683594,0.097,40.400000000000006
2631,0.000713348388671875,0.097,41.2
2632,0.0019364356994628906,0.112,42.0
2633,0.0006659030914306641,0.136,42.400000000000006
2634,0.001562356948852539,0.159,42.800000000000004
2635,0.0006227493286132812,0.17,42.800000000000004
2636,0.0015707015991210938,0.179,42.800000000000004
2637,0.0006549358367919922,0.183,42.800000000000004
2638,0.0016016960144042969,0.196,42.400000000000006
2639,0.0007600784301757812,0.203,41.6
2640,0.0015270709991455078,0.209,40.800000000000004
2641,0.0008752346038818359,0.213,40.400000000000006
2642,0.0016946792602539062,0.213,39.2
2643,0.000701904296875,0.213,38.400000000000006
2644,0.0017676353454589844,0.213,37.6
2645,0.0006349086761474609,0.213,36.800000000000004
2646,0.002192974090576172,0.213,35.6
2647,0.0006504058837890625,0.213,34.800000000000004
2648,0.0020852088928222656,0.213,34.4
2649,0.0005850791931152344,0.213,33.6
2650,0.0020096302032470703,0.213,32.800000000000004
2651,0.0007157325744628906,0.213,32.4
2652,0.0013802051544189453,0.213,32.0
2653,0.0017304420471191406,0.213,32.0
2654,0.0006678104400634766,0.213,31.6
2655,0.0004210472106933594,0.213,31.6
2656,0.0006692409515380859,0.213,31.6
2657,0.0018377304077148438,0.213,31.6
2658,0.0005955696105957031,0.213,32.0
2659,0.0019505023956298828,0.213,32.0
2660,0.0005803108215332031,0.213,32.4
2661,0.0019626617431640625,0.213,33.2
2662,0.0006284713745117188,0.213,33.6
2663,0.0022046566009521484,0.213,34.4
2664,0.0007352828979492188,0.213,34.800000000000004
2665,0.0015189647674560547,0.213,35.6
2666,0.0006930828094482422,0.213,36.800000000000004
2667,0.0023183822631835938,0.213,37.6
2668,0.0005826950073242188,0.213,38.400000000000006
2669,0.0020596981048583984,0.213,39.6
2670,0.0006155967712402344,0.209,40.800000000000004
2671,0.0015137195587158203,0.194,41.6
2672,0.0005803108215332031,0.181,42.800000000000004
2673,0.0014712810516357422,0.162,44.0
2674,0.0005631446838378906,0.142,45.2
2675,0.0018491744995117188,0.131,46.400000000000006
2676,0.0006680488586425781,0.125,47.6
2677,0.0017817020416259766,0.123,48.400000000000006
2678,0.0006802082061767578,0.123,49.6
2679,0.0016794204711914062,0.121,50.400000000000006
2680,0.0008869171142578125,0.119,51.2
2681,0.00171661376953125,0.119,51.6
2682,0.0006537437438964844,0.119,52.0
2683,0.0020325183868408203,0.114,52.400000000000006
2684,0.0006139278411865234,0.114,52.400000000000006
2685,0.001934051513671875,0.114,52.0
2686,0.0009944438934326172,0.114,51.6
2687,0.0016412734985351562,0.114,50.800000000000004
2688,0.0008161067962646484,0.114,50.0
2689,0.002324819564819336,0.114,48.800000000000004
2690,0.0010533332824707031,0.114,47.6
2691,0.0012199878692626953,0.114,46.0
2692,0.0009293556213378906,0.114,44.400000000000006
2693,0.0017459392547607422,0.114,42.800000000000004
2694,0.0007793903350830078,0.114,40.800000000000004
2695,0.0017688274383544922,0.114,38.800000000000004
2696,0.0007634162902832031,0.114,36.4
2697,0.0017256736755371094,0.114,34.0
2698,0.0006265640258789062,0.114,31.6
2699,0.0009522438049316406,0.114,28.8
2700,0.0010797977447509766,0.114,26.400000000000002
2701,0.0009667873382568359,0.114,23.6
2702,0.0009186267852783203,0.114,20.8
2703,0.0020492076873779297,0.114,18.0
2704,0.0006444454193115234,0.114,15.600000000000001
2705,0.0013768672943115234,0.114,12.8
2706,0.0006914138793945312,0.114,10.0
2707,0.0018277168273925781,0.114,7.6000000000000005
2708,0.0005998611450195312,0.114,5.2
2709,0.0021638870239257812,0.114,2.8000000000000003
2710,0.0014874935150146484,0.114,0.8
2711,0.0014874935150146484,0.114,0.8
2712,0.0021555423736572266,0.114,-1.2000000000000002
2713,0.0007109642028808594,0.114,-3.2
2714,0.0011112689971923828,0.114,-4.800000000000001
2715,0.0009241104125976562,0.114,-6.4
2716,0.0019130706787109375,0.114,-8.0
2717,0.0006482601165771484,0.114,-8.8
2718,0.0021326541900634766,0.114,-10.0
2719,0.0006341934204101562,0.114,-10.4
2720,0.0012066364288330078,0.114,-10.8
2721,0.0009911060333251953,0.114,-11.200000000000001
2722,0.002104520797729492,0.114,-11.200000000000001
2723,0.0006315708160400391,0.114,-10.8
2724,0.0019626617431640625,0.114,-10.4
2725,0.00067138671875,0.114,-9.600000000000001
2726,0.0042645931243896484,0.114,-8.8
2727,0.0009109973907470703,0.114,-7.6000000000000005
2728,0.001977205276489258,0.114,-6.4
2729,0.0008029937744140625,0.114,-4.800000000000001
2730,0.0021958351135253906,0.114,-3.2
2731,0.0007123947143554688,0.114,-1.2000000000000002
2732,0.0016939640045166016,0.114,0.8
2733,0.0006747245788574219,0.114,2.8000000000000003
2734,0.0020034313201904297,0.114,5.2
2735,0.0008032321929931641,0.114,7.2
2736,0.0015270709991455078,0.114,9.600000000000001
2737,0.0006561279296875,0.114,12.0
2738,0.0021800994873046875,0.114,14.4
2739,0.0006496906280517578,0.114,17.2
2740,0.00115966796875,0.114,19.6
2741,0.0007925033569335938,0.114,22.0
2742,0.002157926559448242,0.114,24.400000000000002
2743,0.0005764961242675781,0.114,26.400000000000002
2744,0.0020558834075927734,0.114,28.8
2745,0.0005600452423095703,0.114,30.8
2746,0.002245664596557617,0.114,32.800000000000004
2747,0.0005943775177001953,0.114,34.800000000000004
2748,0.001983165740966797,0.114,36.4
2749,0.0005769729614257812,0.114,38.400000000000006
2750,0.001775503158569336,0.114,39.6
2751,0.0005700588226318359,0.114,40.800000000000004
2752,0.0005421638488769531,0.114,42.0
2753,0.001996755599975586,0.114,43.2
2754,0.0006804466247558594,0.114,44.0
2755,0.002223491668701172,0.114,44.400000000000006
2756,0.0013532638549804688,0.114,44.800000000000004
2757,0.0006780624389648438,0.114,45.2
2758,0.0019044876098632812,0.114,45.2
2759,0.0005691051483154297,0.114,44.800000000000004
2760,0.0014309883117675781,0.114,44.400000000000006
2761,0.0022635459899902344,0.114,44.0
2762,0.0006146430969238281,0.114,43.2
2763,0.0014503002166748047,0.114,42.400000000000006
2764,0.0005755424499511719,0.114,41.6
2765,0.0021071434020996094,0.114,40.400000000000006
2766,0.0006077289581298828,0.114,38.800000000000004
2767,0.0018982887268066406,0.114,37.6
2768,0.0005755424499511719,0.114,36.0
2769,0.0014157295227050781,0.114,34.0
2770,0.0004811286926269531,0.114,32.4
2771,0.001752614974975586,0.114,30.400000000000002
2772,0.0006172657012939453,0.114,28.400000000000002
2773,0.0019719600677490234,0.114,26.400000000000002
2774,0.0005986690521240234,0.114,24.0
2775,0.002262592315673828,0.114,22.0
2776,0.0005714893341064453,0.114,19.6
2777,0.0018982887268066406,0.114,17.6
2778,0.0008311271667480469,0.114,15.200000000000001
2779,0.0014767646789550781,0.114,13.200000000000001
2780,0.0005633831024169922,0.114,11.200000000000001
2781,0.001725912094116211,0.114,9.200000000000001
2782,0.0006711483001708984,0.114,7.2
2783,0.0018892288208007812,0.114,5.2
2784,0.0006432533264160156,0.114,3.6
2785,0.002072572708129883,0.114,2.0
2786,0.0005774497985839844,0.114,0.4
2787,0.0015895366668701172,0.114,-0.8
2788,0.0005614757537841797,0.114,-2.0
2789,0.0023229122161865234,0.114,-3.2
2790,0.0005578994750976562,0.114,-4.0
2791,0.0018000602722167969,0.114,-4.800000000000001
2792,0.0007228851318359375,0.114,-5.2
2793,0.001917123794555664,0.114,-5.6000000000000005
2794,0.0005750656127929688,0.114,-5.6000000000000005
2795,0.0018715858459472656,0.114,-5.6000000000000005
2796,0.0005886554718017578,0.114,-5.6000000000000005
2797,0.0022439956665039062,0.114,-5.2
2798,0.0006194114685058594,0.114,-4.4
2799,0.0016520023345947266,0.114,-3.6
2800,0.0005862712860107422,0.114,-2.8000000000000003
2801,0.002029895782470703,0.114,-1.6
2802,0.0005526542663574219,0.114,-0.4
2803,0.0008099079132080078,0.114,1.2000000000000002
2804,0.0007197856903076172,0.114,2.4000000000000004
2805,0.002262592315673828,0.114,4.0
2806,0.0005521774291992188,0.114,6.0
2807,0.0018682479858398438,0.114,7.6000000000000005
2808,0.0005362033843994141,0.114,9.600000000000001
2809,0.0018296241760253906,0.114,11.600000000000001
2810,0.0015454292297363281,0.114,13.600000000000001
2811,0.0006470680236816406,0.114,15.600000000000001
2812,0.0018801689147949219,0.114,17.6
2813,0.0006511211395263672,0.114,19.200000000000003
2814,0.002382516860961914,0.114,21.200000000000003
2815,0.0006392002105712891,0.114,23.200000000000003
2816,0.0010323524475097656,0.114,25.200000000000003
2817,0.0007569789886474609,0.114,26.8
2818,0.002012968063354492,0.114,28.8
2819,0.0006015300750732422,0.114,30.400000000000002
2820,0.0010313987731933594,0.114,32.0
2821,0.0007221698760986328,0.114,33.2
2822,0.002162456512451172,0.114,34.800000000000004
2823,0.0005590915679931641,0.114,36.0
2824,0.0016696453094482422,0.121,36.800000000000004
2825,0.0005941390991210938,0.138,38.0
2826,0.001996278762817383,0.151,38.400000000000006
2827,0.0006411075592041016,0.157,39.2
2828,0.0018451213836669922,0.162,39.6
2829,0.0005819797515869141,0.166,40.0
2830,0.0016415119171142578,0.172,40.0
2831,0.0006341934204101562,0.177,40.0
2832,0.0022134780883789062,0.19,40.0
2833,0.0006375312805175781,0.192,40.0
2834,0.0020973682403564453,0.192,39.6
2835,0.0006647109985351562,0.192,39.2
2836,0.002014636993408203,0.192,38.800000000000004
2837,0.0007326602935791016,0.192,38.400000000000006
2838,0.0019183158874511719,0.192,38.0
2839,0.0008668899536132812,0.192,37.6
2840,0.0018360614776611328,0.192,37.2
2841,0.0007507801055908203,0.192,36.800000000000004
2842,0.002000093460083008,0.192,36.4
2843,0.0006175041198730469,0.192,36.0
2844,0.0019428730010986328,0.192,35.6
2845,0.000568389892578125,0.192,35.2
2846,0.0019307136535644531,0.192,35.2
2847,0.0005822181701660156,0.192,34.800000000000004
2848,0.0020682811737060547,0.192,34.4
2849,0.0007171630859375,0.192,34.4
2850,0.0017993450164794922,0.192,34.4
2851,0.0005538463592529297,0.192,34.0
2852,0.0019750595092773438,0.192,34.0
2853,0.0005939006805419922,0.192,34.0
2854,0.0012063980102539062,0.192,34.0
2855,0.0008616447448730469,0.192,34.0
2856,0.0017468929290771484,0.192,34.4
2857,0.0014982223510742188,0.192,34.4
2858,0.000698089599609375,0.192,34.4
2859,0.0016329288482666016,0.192,34.800000000000004
2860,0.0016067028045654297,0.192,34.800000000000004
2861,0.0007154941558837891,0.192,35.2
2862,0.001917123794555664,0.192,35.6
2863,0.0007619857788085938,0.192,35.6
2864,0.002150297164916992,0.192,36.0
2865,0.002150297164916992,0.192,36.0
2866,0.0016100406646728516,0.192,36.4
2867,0.0004839897155761719,0.192,36.800000000000004
2868,0.0028810501098632812,0.192,37.2
2869,0.0006268024444580078,0.192,37.6
2870,0.0016639232635498047,0.185,38.0
2871,0.00046324729919433594,0.179,38.400000000000006
2872,0.0020961761474609375,0.166,38.800000000000004
2873,0.0005950927734375,0.153,39.2
2874,0.001974821090698242,0.14,39.6
2875,0.0008368492126464844,0.123,40.0
2876,0.0017795562744140625,0.11,40.400000000000006
2877,0.0006577968597412109,0.099,40.800000000000004
2878,0.0021178722381591797,0.091,41.2
2879,0.0006256103515625,0.084,41.2
2880,0.0017027854919433594,0.084,41.2
2881,0.0010840892791748047,0.084,41.2
2882,0.0014483928680419922,0.084,41.2
2883,0.0007588863372802734,0.084,40.800000000000004
2884,0.0013675689697265625,0.084,40.0
2885,0.0006353855133056641,0.084,39.6
2886,0.0018689632415771484,0.084,38.400000000000006
2887,0.0006434917449951172,0.084,37.6
2888,0.0019085407257080078,0.084,36.0
2889,0.0005726814270019531,0.084,34.800000000000004
2890,0.0021851062774658203,0.084,33.2
2891,0.0006372928619384766,0.084,31.6
2892,0.00077056884765625,0.084,29.6
2893,0.0007233619689941406,0.084,27.6
2894,0.0006177425384521484,0.084,25.6
2895,0.0020782947540283203,0.084,23.200000000000003
2896,0.0009634494781494141,0.084,21.200000000000003
2897,0.001402139663696289,0.084,18.8
2898,0.0008032321929931641,0.084,16.400000000000002
2899,0.0020563602447509766,0.084,14.0
2900,0.0007498264312744141,0.084,11.600000000000001
2901,0.0019805431365966797,0.084,9.200000000000001
2902,0.0006105899810791016,0.084,6.800000000000001
2903,0.0020203590393066406,0.084,4.800000000000001
2904,0.0006146430969238281,0.084,2.4000000000000004
2905,0.0016415119171142578,0.084,0.4
2906,0.0008268356323242188,0.084,-1.6
2907,0.0020847320556640625,0.084,-3.6
2908,0.0007119178771972656,0.084,-5.6000000000000005
2909,0.0016689300537109375,0.084,-7.2
2910,0.0008094310760498047,0.084,-8.4
2911,0.0022041797637939453,0.084,-10.0
2912,0.0006170272827148438,0.084,-11.200000000000001
2913,0.001847982406616211,0.084,-12.0
2914,0.0006146430969238281,0.084,-12.8
2915,0.0021691322326660156,0.084,-13.200000000000001
2916,0.0006353855133056641,0.084,-13.600000000000001
2917,0.0018682479858398438,0.084,-13.600000000000001
2918,0.0009946823120117188,0.084,-13.600000000000001
2919,0.0022132396697998047,0.084,-13.200000000000001
2920,0.0008809566497802734,0.084,-12.8
2921,0.0017120838165283203,0.084,-12.0
2922,0.000812530517578125,0.084,-11.200000000000001
2923,0.0018589496612548828,0.084,-10.0
2924,0.0005791187286376953,0.084,-8.8
2925,0.0019314289093017578,0.084,-7.6000000000000005
2926,0.0005788803100585938,0.084,-6.0
2927,0.001672983169555664,0.084,-4.4
2928,0.0005669593811035156,0.084,-2.4000000000000004
2929,0.0019669532775878906,0.084,-0.8
2930,0.0009403228759765625,0.084,1.2000000000000002
2931,0.001955747604370117,0.084,3.2
2932,0.0007810592651367188,0.084,5.6000000000000005
2933,0.0015175342559814453,0.084,7.6000000000000005
2934,0.0008931159973144531,0.084,9.600000000000001
2935,0.0018618106842041016,0.084,12.0
2936,0.0006477832794189453,0.084,14.0
2937,0.0015883445739746094,0.084,16.400000000000002
2938,0.0006940364837646484,0.084,18.400000000000002
2939,0.0022051334381103516,0.084,20.400000000000002
2940,0.0006208419799804688,0.084,22.400000000000002
2941,0.0018002986907958984,0.084,24.0
2942,0.0005872249603271484,0.084,26.0
2943,0.0016210079193115234,0.086,27.6
2944,0.0009784698486328125,0.108,28.8
2945,0.002092123031616211,0.136,30.400000000000002
2946,0.0006844997406005859,0.175,31.6
2947,0.0019898414611816406,0.209,32.4
2948,0.0006463527679443359,0.22,33.6
2949,0.0019023418426513672,0.224,34.0
2950,0.0006234645843505859,0.226,34.800000000000004
2951,0.0018968582153320312,0.226,35.2
2952,0.0005764961242675781,0.226,35.6
2953,0.0020241737365722656,0.226,36.0
2954,0.000553131103515625,0.226,36.4
2955,0.0020418167114257812,0.226,36.800000000000004
2956,0.0008943080902099609,0.226,37.2
2957,0.0016582012176513672,0.226,37.6
2958,0.0007114410400390625,0.226,38.400000000000006
2959,0.0019290447235107422,0.226,38.800000000000004
2960,0.0006551742553710938,0.226,39.6
2961,0.0018923282623291016,0.226,40.400000000000006
2962,0.0006387233734130859,0.226,41.2
2963,0.00173187255859375,0.226,42.0
2964,0.0005867481231689453,0.226,42.800000000000004
2965,0.0017745494842529297,0.226,44.0
2966,0.0006630420684814453,0.226,44.800000000000004
2967,0.0022306442260742188,0.222,45.6
2968,0.0007750988006591797,0.213,46.800000000000004
2969,0.001470804214477539,0.213,48.0
2970,0.0006482601165771484,0.213,48.800000000000004
2971,0.0015177726745605469,0.213,50.0
2972,0.0006623268127441406,0.213,51.2
2973,0.0018079280853271484,0.213,52.0
2974,0.0005810260772705078,0.209,53.2
2975,0.0019068717956542969,0.207,54.0
2976,0.0006499290466308594,0.203,55.2
2977,0.002187013626098633,0.203,56.0
2978,0.0005962848663330078,0.196,56.800000000000004
2979,0.0018317699432373047,0.196,57.6
2980,0.0006639957427978516,0.192,58.400000000000006
2981,0.0019116401672363281,0.192,59.2
2982,0.0010259151458740234,0.192,59.6
2983,0.0014507770538330078,0.192,60.0
2984,0.0006654262542724609,0.192,60.400000000000006
2985,0.0021398067474365234,0.19,60.800000000000004
2986,0.0006639957427978516,0.19,61.2
2987,0.001957416534423828,0.19,61.2
2988,0.0005753040313720703,0.19,61.2
2989,0.001707315444946289,0.19,60.800000000000004
2990,0.0005638599395751953,0.19,60.800000000000004
2991,0.0018017292022705078,0.19,60.400000000000006
2992,0.0005660057067871094,0.19,60.0
2993,0.0017762184143066406,0.19,59.2
2994,0.0006847381591796875,0.188,58.400000000000006
2995,0.0019311904907226562,0.188,57.6
2996,0.0007560253143310547,0.188,56.800000000000004
2997,0.0017933845520019531,0.188,56.0
2998,0.0009427070617675781,0.188,54.800000000000004
2999,0.001874685287475586,0.188,53.6
3000,0.0006451606750488281,0.188,52.400000000000006
3001,0.0016314983367919922,0.188,51.2
3002,0.0005991458892822266,0.188,49.6
3003,0.0018277168273925781,0.188,48.400000000000006
3004,0.0005660057067871094,0.188,46.800000000000004
3005,0.0021326541900634766,0.188,45.2
3006,0.0007073879241943359,0.188,43.6
3007,0.0016205310821533203,0.188,42.0
3008,0.0007100105285644531,0.188,40.400000000000006
3009,0.0017244815826416016,0.188,38.800000000000004
3010,0.0007162094116210938,0.188,37.2
3011,0.0019030570983886719,0.188,35.6
3012,0.0006866455078125,0.188,34.0
3013,0.002136707305908203,0.188,32.800000000000004
3014,0.002136707305908203,0.188,32.800000000000004
3015,0.0016896724700927734,0.188,31.200000000000003
3016,0.0006492137908935547,0.188,29.6
3017,0.002124309539794922,0.188,28.400000000000002
3018,0.0006449222564697266,0.188,27.200000000000003
3019,0.0016722679138183594,0.188,26.0
3020,0.0009107589721679688,0.188,24.8
3021,0.001678466796875,0.188,24.0
3022,0.0006859302520751953,0.188,22.8
3023,0.0017895698547363281,0.188,22.0
3024,0.0006811618804931641,0.188,21.6
3025,0.002269268035888672,0.188,20.8
3026,0.0006310939788818359,0.188,20.400000000000002
3027,0.0014827251434326172,0.188,20.400000000000002
3028,0.0005819797515869141,0.188,20.0
3029,0.0021085739135742188,0.188,20.0
3030,0.0006368160247802734,0.188,20.0
3031,0.0019121170043945312,0.188,20.400000000000002
3032,0.00096893310546875,0.188,20.8
3033,0.001722574234008789,0.188,21.200000000000003
3034,0.0006468296051025391,0.188,22.0
3035,0.0018901824951171875,0.188,22.400000000000002
3036,0.00058746337890625,0.188,23.200000000000003
3037,0.0018625259399414062,0.188,24.0
3038,0.0006415843963623047,0.188,25.200000000000003
3039,0.002151966094970703,0.188,26.0
3040,0.0005998611450195312,0.188,27.200000000000003
3041,0.0017654895782470703,0.188,28.400000000000002
3042,0.0005655288696289062,0.188,29.6
3043,0.0017538070678710938,0.188,31.200000000000003
3044,0.0006511211395263672,0.188,32.4
3045,0.0021588802337646484,0.188,33.6
3046,0.0006148815155029297,0.188,35.2
3047,0.001750946044921875,0.188,36.4
3048,0.0005946159362792969,0.188,38.0
3049,0.0021216869354248047,0.188,39.2
3050,0.0006356239318847656,0.188,40.400000000000006
3051,0.0016651153564453125,0.188,42.0
3052,0.0005733966827392578,0.188,43.2
3053,0.0023915767669677734,0.188,44.400000000000006
3054,0.0006082057952880859,0.188,45.6
3055,0.002012014389038086,0.188,46.800000000000004
3056,0.0005605220794677734,0.188,47.6
3057,0.0013577938079833984,0.188,48.800000000000004
3058,0.0008902549743652344,0.188,49.6
3059,0.0012099742889404297,0.188,50.400000000000006
3060,0.0007388591766357422,0.188,51.2
3061,0.0017216205596923828,0.188,52.0
3062,0.0006537437438964844,0.188,52.400000000000006
3063,0.0016217231750488281,0.188,53.2
3064,0.0005710124969482422,0.188,53.6
3065,0.0023796558380126953,0.188,53.6
3066,0.0005524158477783203,0.188,54.0
3067,0.0007870197296142578,0.188,54.0
3068,0.0005280971527099609,0.188,54.0
3069,0.0005352497100830078,0.188,54.0
3070,0.0006883144378662109,0.188,54.0
3071,0.0024328231811523438,0.188,53.6
3072,0.000713348388671875,0.188,53.2
3073,0.0012195110321044922,0.188,52.800000000000004
3074,0.0006358623504638672,0.188,52.400000000000006
3075,0.002072572708129883,0.19,51.6
3076,0.0006210803985595703,0.19,51.2
3077,0.0015773773193359375,0.19,50.400000000000006
3078,0.0005097389221191406,0.19,49.6
3079,0.002018451690673828,0.19,48.800000000000004
3080,0.0009167194366455078,0.19,47.6
3081,0.0015091896057128906,0.19,46.800000000000004
3082,0.0010156631469726562,0.19,45.6
3083,0.0016252994537353516,0.19,44.800000000000004
3084,0.0006885528564453125,0.19,43.6
3085,0.0017940998077392578,0.19,42.400000000000006
3086,0.0006480216979980469,0.19,41.6
3087,0.0018129348754882812,0.19,40.400000000000006
3088,0.0006589889526367188,0.19,39.2
3089,0.0021784305572509766,0.19,38.0
3090,0.0005848407745361328,0.19,37.2
3091,0.0018799304962158203,0.19,36.0
3092,0.0006144046783447266,0.19,34.800000000000004
3093,0.002156496047973633,0.19,34.0
3094,0.0005469322204589844,0.19,32.800000000000004
3095,0.0018398761749267578,0.19,32.0
3096,0.0007307529449462891,0.19,31.200000000000003
3097,0.002022266387939453,0.19,30.400000000000002
3098,0.0008447170257568359,0.19,29.6
3099,0.0015225410461425781,0.19,28.8
3100,0.0008585453033447266,0.19,28.0
3101,0.00162506103515625,0.19,27.6
3102,0.0008265972137451172,0.19,27.200000000000003
3103,0.0021431446075439453,0.19,26.8
3104,0.0006198883056640625,0.19,26.400000000000002
3105,0.0013782978057861328,0.19,26.400000000000002
3106,0.0005817413330078125,0.19,26.0
3107,0.0019140243530273438,0.19,26.0
3108,0.0007503032684326172,0.19,26.0
3109,0.002130746841430664,0.19,26.400000000000002
3110,0.000667572021484375,0.19,26.400000000000002
3111,0.002036571502685547,0.19,26.8
3112,0.0006501674652099609,0.188,27.200000000000003
3113,0.0017311573028564453,0.179,27.6
3114,0.0006701946258544922,0.159,28.0
3115,0.0023865699768066406,0.14,28.8
3116,0.0006082057952880859,0.121,29.200000000000003
3117,0.0021920204162597656,0.108,30.0
3118,0.0005984306335449219,0.095,30.8
3119,0.002081632614135742,0.086,31.200000000000003
3120,0.0007379055023193359,0.075,32.0
3121,0.0018148422241210938,0.067,32.800000000000004
3122,0.0007224082946777344,0.06,33.2
3123,0.0018815994262695312,0.058,33.6
3124,0.0006175041198730469,0.058,34.0
3125,0.002400636672973633,0.058,34.4
3126,0.00057220458984375,0.058,34.4
3127,0.0016438961029052734,0.058,34.4
3128,0.0005772113800048828,0.058,34.0
3129,0.0023267269134521484,0.058,33.2
3130,0.0006399154663085938,0.058,32.800000000000004
3131,0.0013644695281982422,0.058,31.6
3132,0.0007429122924804688,0.058,30.8
3133,0.0019030570983886719,0.058,29.6
3134,0.0006983280181884766,0.058,28.0
3135,0.0017566680908203125,0.058,26.400000000000002
3136,0.0005745887756347656,0.058,24.8
3137,0.002097606658935547,0.058,22.8
3138,0.0006210803985595703,0.058,20.8
3139,0.0013892650604248047,0.058,18.8
3140,0.0006852149963378906,0.058,16.8
3141,0.0024645328521728516,0.058,14.4
3142,0.0005877017974853516,0.058,12.4
3143,0.0018553733825683594,0.058,10.0
3144,0.00063323974609375,0.058,7.6000000000000005
3145,0.002198934555053711,0.058,5.2
3146,0.0006616115570068359,0.058,3.2
3147,0.002257823944091797,0.058,0.8
3148,0.0006272792816162109,0.058,-1.2000000000000002
3149,0.001386404037475586,0.058,-3.6
3150,0.0006544589996337891,0.058,-5.6000000000000005
3151,0.0011844635009765625,0.058,-7.2
3152,0.0011844635009765625,0.058,-7.2
3153,0.0005612373352050781,0.058,-9.200000000000001
3154,0.0009768009185791016,0.058,-10.8
3155,0.0005090236663818359,0.058,-12.0
3156,0.0012977123260498047,0.058,-13.600000000000001
3157,0.0006804466247558594,0.058,-14.8
3158,0.0012536048889160156,0.058,-15.600000000000001
3159,0.0008721351623535156,0.058,-16.400000000000002
3160,0.0014202594757080078,0.058,-16.8
3161,0.0006921291351318359,0.058,-17.2
3162,0.0018353462219238281,0.058,-17.6
3163,0.0006349086761474609,0.058,-17.6
3164,0.0020711421966552734,0.058,-17.2
3165,0.0008494853973388672,0.058,-16.8
3166,0.0015785694122314453,0.058,-16.400000000000002
3167,0.0006058216094970703,0.06,-15.600000000000001
3168,0.0022325515747070312,0.069,-14.4
3169,0.0005764961242675781,0.075,-13.600000000000001
3170,0.0016629695892333984,0.075,-12.4
3171,0.001119375228881836,0.075,-10.8
3172,0.0018868446350097656,0.075,-9.200000000000001
3173,0.0008463859558105469,0.078,-7.6000000000000005
3174,0.001997232437133789,0.078,-5.6000000000000005
3175,0.0008213520050048828,0.078,-4.0
3176,0.00201416015625,0.078,-2.0
3177,0.0005924701690673828,0.078,0.4
3178,0.002045869827270508,0.078,2.4000000000000004
3179,0.0005657672882080078,0.078,4.800000000000001
3180,0.0015566349029541016,0.078,6.800000000000001
3181,0.0008754730224609375,0.078,9.200000000000001
3182,0.0010182857513427734,0.078,11.200000000000001
3183,0.0007457733154296875,0.078,13.600000000000001
3184,0.0021514892578125,0.078,15.600000000000001
3185,0.0006771087646484375,0.078,18.0
3186,0.0018990039825439453,0.078,20.0
3187,0.0006043910980224609,0.078,22.0
3188,0.0015616416931152344,0.078,24.0
3189,0.0005908012390136719,0.078,25.6
3190,0.0017337799072265625,0.078,27.200000000000003
3191,0.0006613731384277344,0.078,28.8
3192,0.0018320083618164062,0.078,30.0
3193,0.0005898475646972656,0.078,31.200000000000003
3194,0.0018513202667236328,0.078,32.4
3195,0.0005702972412109375,0.078,33.2
3196,0.0017809867858886719,0.078,34.0
3197,0.0007112026214599609,0.078,34.4
3198,0.0017898082733154297,0.078,34.800000000000004
3199,0.0006401538848876953,0.078,35.2
3200,0.0010476112365722656,0.078,34.800000000000004
3201,0.0007770061492919922,0.078,34.800000000000004
3202,0.0017278194427490234,0.078,34.4
3203,0.0007016658782958984,0.078,33.6
3204,0.002196073532104492,0.078,33.2
3205,0.0008285045623779297,0.078,32.0
3206,0.0016660690307617188,0.078,31.200000000000003
3207,0.0006031990051269531,0.08199999999999999,30.0
3208,0.0019125938415527344,0.093,28.400000000000002
3209,0.0007672309875488281,0.101,26.8
3210,0.0014925003051757812,0.101,25.200000000000003
3211,0.0006721019744873047,0.101,23.6
3212,0.0018317699432373047,0.101,21.6
3213,0.0007054805755615234,0.101,20.0
3214,0.0016469955444335938,0.101,18.0
3215,0.0008137226104736328,0.101,16.0
3216,0.0018241405487060547,0.101,14.0
3217,0.0006325244903564453,0.101,12.0
3218,0.001889944076538086,0.101,10.0
3219,0.0005695819854736328,0.101,8.4
3220,0.001922607421875,0.101,6.4
3221,0.0006911754608154297,0.101,4.800000000000001
3222,0.0016350746154785156,0.101,3.2
3223,0.0006480216979980469,0.101,1.6
3224,0.0019214153289794922,0.101,0.0
3225,0.0006015300750732422,0.101,-1.2000000000000002
3226,0.001865386962890625,0.101,-2.4000000000000004
3227,0.0006067752838134766,0.101,-3.2
3228,0.002038240432739258,0.101,-4.4
3229,0.0005660057067871094,0.101,-4.800000000000001
3230,0.0011820793151855469,0.101,-5.6000000000000005
3231,0.0007448196411132812,0.101,-5.6000000000000005
3232,0.0024123191833496094,0.101,-6.0
3233,0.0006785392761230469,0.101,-6.0
3234,0.0022308826446533203,0.093,-5.6000000000000005
3235,0.000762939453125,0.08199999999999999,-5.6000000000000005
3236,0.0011153221130371094,0.071,-4.800000000000001
3237,0.0006461143493652344,0.06,-4.4
3238,0.0012786388397216797,0.055999999999999994,-3.6
3239,0.0005910396575927734,0.045,-2.8000000000000003
3240,0.0017120838165283203,0.037000000000000005,-1.6
3241,0.0006139278411865234,0.034,-0.4
3242,0.0022008419036865234,0.032,0.8
3243,0.0006306171417236328,0.03,2.0
3244,0.0016274452209472656,0.026,3.6
3245,0.0005805492401123047,0.019,4.800000000000001
3246,0.0018143653869628906,0.017,6.0
3247,0.0006794929504394531,0.017,7.6000000000000005
3248,0.0019125938415527344,0.013,8.8
3249,0.0007638931274414062,0.011,10.0
3250,0.0016698837280273438,0.009000000000000001,11.200000000000001
3251,0.0009226799011230469,0.004,12.0
3252,0.0017235279083251953,0.004,13.200000000000001
3253,0.0006966590881347656,0.0,14.0
3254,0.0018165111541748047,0.0,14.8
3255,0.0006232261657714844,0.0,15.600000000000001
3256,0.0017082691192626953,0.0,16.0
3257,0.0005626678466796875,0.0,16.400000000000002
3258,0.0019767284393310547,0.0,16.400000000000002
3259,0.0007636547088623047,0.0,16.8
3260,0.0017113685607910156,0.0,16.8
3261,0.0006754398345947266,0.0,16.400000000000002
3262,0.002141237258911133,0.0,16.400000000000002
3263,0.0006849765777587891,0.0,16.0
3264,0.0013413429260253906,0.0,15.200000000000001
3265,0.0006468296051025391,0.0,14.8
3266,0.002315521240234375,0.0,14.0
3267,0.0006642341613769531,0.0,12.8
3268,0.0013594627380371094,0.0,12.0
3269,0.0005652904510498047,0.0,10.8
3270,0.0023789405822753906,0.0,9.600000000000001
3271,0.0006935596466064453,0.0,8.4
3272,0.0018317699432373047,0.0,7.2
3273,0.0006966590881347656,0.0,6.0
3274,0.0016777515411376953,0.017,4.4
3275,0.0006299018859863281,0.039,2.8000000000000003
3276,0.0016932487487792969,0.045,1.6
3277,0.0005993843078613281,0.047,0.0
3278,0.0017223358154296875,0.047,-1.6
3279,0.0007653236389160156,0.047,-2.8000000000000003
3280,0.001804351806640625,0.047,-4.4
3281,0.0005905628204345703,0.047,-5.6000000000000005
3282,0.0022504329681396484,0.047,-7.2
3283,0.0005829334259033203,0.047,-8.4
3284,0.0017969608306884766,0.047,-9.600000000000001
3285,0.0007159709930419922,0.047,-10.4
3286,0.0014603137969970703,0.047,-11.600000000000001
3287,0.0006172657012939453,0.047,-12.4
3288,0.0020236968994140625,0.047,-12.8
3289,0.0017044544219970703,0.047,-13.600000000000001
3290,0.0005950927734375,0.047,-14.0
3291,0.0016133785247802734,0.047,-14.0
3292,0.001196146011352539,0.047,-14.4
3293,0.0006101131439208984,0.047,-14.0
3294,0.0016388893127441406,0.047,-14.0
3295,0.00109100341796875,0.047,-13.600000000000001
3296,0.0006422996520996094,0.047,-13.200000000000001
3297,0.001837015151977539,0.047,-12.4
3298,0.0006883144378662109,0.047,-11.600000000000001
3299,0.0016222000122070312,0.047,-10.4
3300,0.0015876293182373047,0.047,-9.600000000000001
3301,0.0008301734924316406,0.047,-8.4
3302,0.0016851425170898438,0.047,-7.2
3303,0.0016255378723144531,0.047,-5.6000000000000005
3304,0.0006575584411621094,0.047,-4.4
3305,0.0019524097442626953,0.047,-2.8000000000000003
3306,0.0007517337799072266,0.047,-1.2000000000000002
3307,0.0020461082458496094,0.047,0.4
3308,0.0005736351013183594,0.047,2.0
3309,0.0015921592712402344,0.047,3.6
3310,0.0009531974792480469,0.047,5.6000000000000005
3311,0.0015840530395507812,0.047,7.2
3312,0.0015840530395507812,0.047,7.2
3313,0.0017769336700439453,0.047,8.8
3314,0.0006222724914550781,0.047,10.4
3315,0.0020208358764648438,0.047,12.0
3316,0.001519918441772461,0.047,13.200000000000001
3317,0.0006263256072998047,0.047,14.8
3318,0.0021266937255859375,0.047,16.0
3319,0.0006124973297119141,0.047,17.2
3320,0.002172231674194336,0.047,18.400000000000002
3321,0.0005846023559570312,0.047,19.6
3322,0.0018160343170166016,0.047,20.400000000000002
3323,0.0009186267852783203,0.047,21.200000000000003
3324,0.0015501976013183594,0.047,22.0
3325,0.0006144046783447266,0.047,22.400000000000002
3326,0.0018239021301269531,0.047,22.8
3327,0.0006163120269775391,0.047,23.200000000000003
3328,0.0019757747650146484,0.047,23.200000000000003
3329,0.0006237030029296875,0.047,23.200000000000003
3330,0.001964569091796875,0.047,23.200000000000003
3331,0.0005693435668945312,0.047,22.8
3332,0.0022144317626953125,0.047,22.400000000000002
3333,0.0006361007690429688,0.047,21.6
3334,0.0021495819091796875,0.047,21.200000000000003
3335,0.0006847381591796875,0.047,20.400000000000002
3336,0.0019335746765136719,0.047,19.200000000000003
3337,0.0006387233734130859,0.047,18.400000000000002
3338,0.0015246868133544922,0.047,17.2
3339,0.0005726814270019531,0.047,16.0
3340,0.002101898193359375,0.047,14.8
3341,0.0005843639373779297,0.047,13.200000000000001
3342,0.0015485286712646484,0.047,12.0
3343,0.0006303787231445312,0.047,10.4
3344,0.002252817153930664,0.05,8.8
3345,0.0006248950958251953,0.055999999999999994,7.2
3346,0.0017933845520019531,0.058,5.6000000000000005
3347,0.0006475448608398438,0.063,4.0
3348,0.0016655921936035156,0.069,2.8000000000000003
3349,0.0006461143493652344,0.075,1.2000000000000002
3350,0.0022339820861816406,0.08199999999999999,-0.4
3351,0.0018568038940429688,0.08199999999999999,-1.6
3352,0.0005877017974853516,0.08199999999999999,-3.2
3353,0.002002716064453125,0.086,-4.4
3354,0.0005896091461181641,0.08800000000000001,-5.6000000000000005
3355,0.002081155776977539,0.08800000000000001,-6.4
3356,0.0006020069122314453,0.091,-7.2
3357,0.002313852310180664,0.091,-8.0
3358,0.0013022422790527344,0.091,-8.8
3359,0.0005295276641845703,0.093,-9.200000000000001
3360,0.001481771469116211,0.095,-9.200000000000001
3361,0.0008349418640136719,0.097,-9.600000000000001
3362,0.0019714832305908203,0.101,-9.200000000000001
3363,0.0010151863098144531,0.106,-9.200000000000001
3364,0.0015461444854736328,0.106,-8.4
3365,0.0006723403930664062,0.112,-8.0
3366,0.0016667842864990234,0.112,-7.2
3367,0.0006513595581054688,0.114,-6.4
3368,0.002340078353881836,0.116,-5.2
3369,0.0006277561187744141,0.116,-3.6
3370,0.0022039413452148438,0.116,-2.4000000000000004
3371,0.0005679130554199219,0.121,-0.8
3372,0.00197601318359375,0.121,0.8
3373,0.0008587837219238281,0.123,2.8000000000000003
3374,0.0019042491912841797,0.123,4.800000000000001
3375,0.0008180141448974609,0.123,6.800000000000001
3376,0.002273082733154297,0.127,8.8
3377,0.0006098747253417969,0.129,11.200000000000001
3378,0.0016505718231201172,0.131,13.200000000000001
3379,0.0006456375122070312,0.131,15.600000000000001
3380,0.0017285346984863281,0.134,18.0
3381,0.0005970001220703125,0.138,20.400000000000002
3382,0.0014472007751464844,0.138,22.400000000000002
3383,0.0004749298095703125,0.14,24.8
3384,0.0016372203826904297,0.14,26.8
3385,0.0010194778442382812,0.14400000000000002,29.200000000000003
3386,0.0015747547149658203,0.147,31.200000000000003
3387,0.0008864402770996094,0.147,33.2
3388,0.0014371871948242188,0.147,35.2
3389,0.0006325244903564453,0.149,36.800000000000004
3390,0.0018665790557861328,0.151,38.400000000000006
3391,0.0005917549133300781,0.153,40.0
3392,0.002069234848022461,0.155,41.6
3393,0.0006229877471923828,0.155,42.800000000000004
3394,0.001767873764038086,0.155,44.0
3395,0.0005972385406494141,0.155,45.2
3396,0.002118349075317383,0.155,46.0
3397,0.0005671977996826172,0.155,46.800000000000004
3398,0.0021219253540039062,0.157,47.6
3399,0.0010101795196533203,0.159,48.400000000000006
3400,0.0016055107116699219,0.162,48.800000000000004
3401,0.0007195472717285156,0.16399999999999998,48.800000000000004
3402,0.0018236637115478516,0.16399999999999998,49.2
3403,0.0006015300750732422,0.16399999999999998,49.2
3404,0.0018079280853271484,0.16399999999999998,48.800000000000004
3405,0.0006978511810302734,0.166,48.800000000000004
3406,0.0021677017211914062,0.166,48.400000000000006
3407,0.0005714893341064453,0.168,48.0
3408,0.0019452571868896484,0.168,47.2
3409,0.0005729198455810547,0.168,46.400000000000006
3410,0.001920461654663086,0.17,45.6
3411,0.0007355213165283203,0.172,44.800000000000004
3412,0.0018985271453857422,0.172,44.0
3413,0.0006780624389648438,0.172,42.800000000000004
3414,0.002083301544189453,0.172,41.6
3415,0.0006797313690185547,0.175,40.400000000000006
3416,0.002107858657836914,0.175,39.2
3417,0.0005955696105957031,0.177,38.0
3418,0.0017840862274169922,0.177,36.800000000000004
3419,0.0005633831024169922,0.179,35.6
3420,0.0023953914642333984,0.181,34.4
3421,0.0005638599395751953,0.183,32.800000000000004
3422,0.002173900604248047,0.183,31.6
3423,0.0009586811065673828,0.183,30.400000000000002
3424,0.0011780261993408203,0.185,29.200000000000003
3425,0.0009593963623046875,0.185,28.0
3426,0.001817941665649414,0.185,26.8
3427,0.0006451606750488281,0.185,26.0
3428,0.0022509098052978516,0.188,24.8
3429,0.0005905628204345703,0.188,24.0
3430,0.0016624927520751953,0.188,23.200000000000003
3431,0.0006227493286132812,0.188,22.400000000000002
3432,0.002511262893676758,0.188,22.0
3433,0.0006048679351806641,0.19,21.6
3434,0.0023419857025146484,0.192,21.200000000000003
3435,0.002086162567138672,0.192,20.8
3436,0.0019783973693847656,0.194,20.8
3437,0.0006992816925048828,0.194,20.8
3438,0.001661062240600586,0.194,21.200000000000003
3439,0.0006604194641113281,0.194,21.200000000000003
3440,0.0017962455749511719,0.194,21.6
3441,0.0006344318389892578,0.194,22.400000000000002
3442,0.0021359920501708984,0.194,22.8
3443,0.0006077289581298828,0.194,23.6
3444,0.0019309520721435547,0.194,24.400000000000002
3445,0.0005714893341064453,0.194,25.200000000000003
3446,0.0020308494567871094,0.194,26.400000000000002
3447,0.0005695819854736328,0.194,27.6
3448,0.0010578632354736328,0.194,28.8
3449,0.0007390975952148438,0.194,30.0
3450,0.0022268295288085938,0.194,31.200000000000003
3451,0.0006442070007324219,0.194,32.4
3452,0.0020558834075927734,0.194,34.0
3453,0.0006473064422607422,0.194,35.6
3454,0.00144195556640625,0.194,36.800000000000004
3455,0.0006401538848876953,0.194,38.400000000000006
3456,0.0015819072723388672,0.194,39.6
3457,0.0006597042083740234,0.194,41.2
3458,0.0014905929565429688,0.194,42.800000000000004
3459,0.0014905929565429688,0.194,42.800000000000004
3460,0.002300262451171875,0.196,44.0
3461,0.0006222724914550781,0.196,45.6
3462,0.0016531944274902344,0.196,46.800000000000004
3463,0.0006313323974609375,0.196,48.0
3464,0.001873016357421875,0.196,49.2
3465,0.0006759166717529297,0.196,50.400000000000006
3466,0.0025708675384521484,0.198,51.6
3467,0.0006263256072998047,0.198,52.400000000000006
3468,0.00206756591796875,0.198,53.6
3469,0.0006251335144042969,0.198,54.400000000000006
3470,0.0017192363739013672,0.198,55.2
3471,0.0005600452423095703,0.2,55.6
3472,0.0019321441650390625,0.2,56.400000000000006
3473,0.0007145404815673828,0.2,56.800000000000004
3474,0.0016655921936035156,0.2,57.6
3475,0.0008385181427001953,0.2,57.6
3476,0.0022001266479492188,0.2,58.0
3477,0.0005908012390136719,0.2,58.400000000000006
3478,0.0017855167388916016,0.2,58.400000000000006
3479,0.0006113052368164062,0.2,58.400000000000006
3480,0.0019211769104003906,0.2,58.400000000000006
3481,0.0006318092346191406,0.2,58.400000000000006
3482,0.0014483928680419922,0.2,58.0
3483,0.0005548000335693359,0.2,57.6
3484,0.0010459423065185547,0.2,57.6
3485,0.0006251335144042969,0.2,56.800000000000004
3486,0.00152587890625,0.2,56.400000000000006
3487,0.0007469654083251953,0.2,56.0
3488,0.0019073486328125,0.2,55.2
3489,0.0006394386291503906,0.2,54.800000000000004
3490,0.0019440650939941406,0.2,54.0
3491,0.0006237030029296875,0.2,53.2
3492,0.0020875930786132812,0.2,52.400000000000006
3493,0.0006470680236816406,0.203,51.2
3494,0.0019838809967041016,0.203,50.400000000000006
3495,0.0006780624389648438,0.203,49.6
3496,0.001959085464477539,0.205,48.400000000000006
3497,0.0005817413330078125,0.205,47.6
3498,0.0021779537200927734,0.205,46.400000000000006
3499,0.0006906986236572266,0.207,45.2
3500,0.0017008781433105469,0.207,44.400000000000006
3501,0.0006945133209228516,0.207,43.2
3502,0.002187490463256836,0.207,42.400000000000006
3503,0.00058746337890625,0.207,41.2
3504,0.001917123794555664,0.207,40.400000000000006
3505,0.0006132125854492188,0.207,39.2
3506,0.001960277557373047,0.207,38.400000000000006
3507,0.0005710124969482422,0.207,37.6
3508,0.0020294189453125,0.207,36.800000000000004
3509,0.0005879402160644531,0.207,36.4
3510,0.00193023681640625,0.207,35.6
3511,0.0006620883941650391,0.207,34.800000000000004
3512,0.001798391342163086,0.207,34.4
3513,0.000606536865234375,0.207,34.0
3514,0.0020775794982910156,0.207,33.6
3515,0.0006341934204101562,0.207,33.6
3516,0.0017898082733154297,0.207,33.2
3517,0.0006291866302490234,0.207,33.2
3518,0.0021827220916748047,0.207,33.2
3519,0.0005750656127929688,0.207,33.2
3520,0.0017998218536376953,0.207,33.2
3521,0.0006108283996582031,0.207,33.6
3522,0.0016274452209472656,0.207,34.0
3523,0.00044465065002441406,0.207,34.4
3524,0.0012226104736328125,0.207,34.800000000000004
3525,0.0008113384246826172,0.207,35.2
3526,0.0019698143005371094,0.207,35.6
3527,0.000576019287109375,0.207,36.4
3528,0.001772165298461914,0.207,36.800000000000004
3529,0.0005717277526855469,0.207,37.6
3530,0.0021219253540039062,0.207,38.400000000000006
3531,0.0006108283996582031,0.207,39.2
3532,0.0019147396087646484,0.207,40.0
3533,0.0005824565887451172,0.207,40.800000000000004
3534,0.0019702911376953125,0.207,41.6
3535,0.0006458759307861328,0.207,42.400000000000006
3536,0.0021195411682128906,0.207,43.2
3537,0.0007050037384033203,0.207,44.400000000000006
3538,0.001650094985961914,0.207,45.2
3539,0.0005939006805419922,0.207,46.0
3540,0.0019550323486328125,0.207,46.800000000000004
3541,0.0006041526794433594,0.207,47.6
3542,0.0018570423126220703,0.207,48.400000000000006
3543,0.0005495548248291016,0.207,49.2
3544,0.0019121170043945312,0.209,50.0
3545,0.0007150173187255859,0.209,50.800000000000004
3546,0.0018734931945800781,0.209,51.6
3547,0.0005755424499511719,0.209,52.0
3548,0.002076387405395508,0.211,52.800000000000004
3549,0.0007023811340332031,0.211,53.2
3550,0.0016815662384033203,0.211,54.0
3551,0.0006356239318847656,0.211,54.400000000000006
3552,0.0020983219146728516,0.211,54.800000000000004
3553,0.0006051063537597656,0.211,55.2
3554,0.002041339874267578,0.211,55.6
3555,0.0005748271942138672,0.213,55.6
3556,0.002119302749633789,0.213,56.0
3557,0.0006415843963623047,0.213,56.0
3558,0.0018868446350097656,0.21600000000000005,56.400000000000006
3559,0.0005753040313720703,0.21600000000000005,56.400000000000006
3560,0.002173900604248047,0.21600000000000005,56.400000000000006
3561,0.0005676746368408203,0.21600000000000005,56.400000000000006
3562,0.0011179447174072266,0.21600000000000005,56.400000000000006
3563,0.0009088516235351562,0.21600000000000005,56.0
3564,0.0021288394927978516,0.21600000000000005,56.0
3565,0.0008535385131835938,0.218,56.0
3566,0.0018854141235351562,0.218,55.6
3567,0.0006344318389892578,0.218,55.2
3568,0.0019152164459228516,0.218,55.2
3569,0.0005807876586914062,0.218,54.800000000000004
3570,0.0019865036010742188,0.218,54.400000000000006
3571,0.0006289482116699219,0.218,54.400000000000006
3572,0.0020380020141601562,0.218,54.0
3573,0.0005922317504882812,0.218,53.6
3574,0.0016205310821533203,0.218,53.2
3575,0.0006892681121826172,0.218,52.800000000000004
3576,0.0019116401672363281,0.218,52.400000000000006
3577,0.0006403923034667969,0.218,52.0
3578,0.001428365707397461,0.218,51.6
3579,0.0006377696990966797,0.218,51.2
3580,0.002332448959350586,0.218,50.800000000000004
3581,0.0006148815155029297,0.218,50.400000000000006
3582,0.0017898082733154297,0.218,50.0
3583,0.0005905628204345703,0.218,49.6
3584,0.001264810562133789,0.218,49.2
3585,0.0005819797515869141,0.218,48.800000000000004
3586,0.0019927024841308594,0.218,48.400000000000006
3587,0.0008251667022705078,0.218,48.0
3588,0.001580953598022461,0.218,47.6
3589,0.0006844997406005859,0.218,47.6
3590,0.0014851093292236328,0.218,47.2
3591,0.0005960464477539062,0.218,46.800000000000004
3592,0.002178192138671875,0.218,46.400000000000006
3593,0.0006923675537109375,0.218,46.400000000000006
3594,0.0019958019256591797,0.218,46.0
3595,0.0008399486541748047,0.218,46.0
3596,0.0022401809692382812,0.218,45.6
3597,0.0006153583526611328,0.218,45.6
3598,0.0021576881408691406,0.218,45.6
3599,0.0005905628204345703,0.218,45.2
3600,0.0017042160034179688,0.218,45.2
3601,0.0009083747863769531,0.218,45.2
3602,0.0021882057189941406,0.218,45.2
3603,0.0006756782531738281,0.218,45.2
3604,0.0013594627380371094,0.218,45.2
3605,0.002560138702392578,0.22,45.6
3606,0.0019147396087646484,0.22,45.6
3607,0.0019147396087646484,0.22,45.6
3608,0.002233266830444336,0.22,45.6
3609,0.0006275177001953125,0.222,46.0
3610,0.0020728111267089844,0.222,46.0
3611,0.0005526542663574219,0.222,46.400000000000006
3612,0.0020613670349121094,0.222,46.800000000000004
3613,0.001024484634399414,0.222,46.800000000000004
3614,0.0021691322326660156,0.222,47.2
3615,0.00045371055603027344,0.222,47.6
3616,0.0010814666748046875,0.222,47.6
3617,0.0009944438934326172,0.222,48.0
3618,0.0020623207092285156,0.222,48.400000000000006
3619,0.0006062984466552734,0.222,48.800000000000004
3620,0.0004718303680419922,0.222,49.2
3621,0.0006475448608398438,0.222,49.6
3622,0.0020470619201660156,0.222,50.0
3623,0.000644683837890625,0.222,50.400000000000006
3624,0.0017774105072021484,0.222,50.800000000000004
3625,0.0007836818695068359,0.222,51.2
3626,0.001438140869140625,0.222,51.6
3627,0.0006651878356933594,0.222,52.0
3628,0.0016584396362304688,0.222,52.400000000000006
3629,0.0006253719329833984,0.222,52.800000000000004
3630,0.0020666122436523438,0.222,53.2
3631,0.0005862712860107422,0.222,53.6
3632,0.0021834373474121094,0.222,54.0
3633,0.0006086826324462891,0.222,54.400000000000006
3634,0.0011966228485107422,0.222,54.800000000000004
3635,0.0007748603820800781,0.222,54.800000000000004
3636,0.0016803741455078125,0.222,55.2
3637,0.0007338523864746094,0.222,55.6
3638,0.002016305923461914,0.222,55.6
3639,0.0006587505340576172,0.222,56.0
3640,0.0021758079528808594,0.222,56.400000000000006
3641,0.0005869865417480469,0.222,56.400000000000006
3642,0.0019028186798095703,0.222,56.400000000000006
3643,0.0005817413330078125,0.222,56.800000000000004
3644,0.00202178955078125,0.224,56.800000000000004
3645,0.0006527900695800781,0.224,56.800000000000004
3646,0.0017518997192382812,0.224,56.800000000000004
3647,0.0005450248718261719,0.224,56.800000000000004
3648,0.0018334388732910156,0.224,56.800000000000004
3649,0.0005900859832763672,0.224,56.800000000000004
3650,0.0021054744720458984,0.224,56.800000000000004
3651,0.0007097721099853516,0.224,56.800000000000004
3652,0.0015978813171386719,0.224,56.800000000000004
3653,0.0008134841918945312,0.224,56.400000000000006
3654,0.0016808509826660156,0.224,56.400000000000006
3655,0.0006544589996337891,0.224,56.400000000000006
3656,0.0023174285888671875,0.224,56.0
3657,0.0005688667297363281,0.224,56.0
3658,0.0017724037170410156,0.224,56.0
3659,0.0005743503570556641,0.224,55.6
3660,0.001962900161743164,0.224,55.6
3661,0.0005698204040527344,0.222,55.2
3662,0.0018858909606933594,0.213,55.2
3663,0.0006430149078369141,0.203,54.800000000000004
3664,0.0020270347595214844,0.19,54.800000000000004
3665,0.0007987022399902344,0.181,54.400000000000006
3666,0.0004458427429199219,0.166,54.0
3667,0.0007109642028808594,0.147,54.0
3668,0.0020918846130371094,0.129,53.6
3669,0.0006155967712402344,0.114,53.2
3670,0.0019142627716064453,0.106,52.800000000000004
3671,0.0006115436553955078,0.103,52.400000000000006
3672,0.001817464828491211,0.101,52.0
3673,0.0005846023559570312,0.101,51.2
3674,0.0017733573913574219,0.095,50.400000000000006
3675,0.0007097721099853516,0.08199999999999999,49.2
3676,0.0017230510711669922,0.071,48.0
3677,0.001001596450805664,0.067,46.400000000000006
3678,0.0024073123931884766,0.058,44.800000000000004
3679,0.0006203651428222656,0.058,42.800000000000004
3680,0.00144195556640625,0.058,40.800000000000004
3681,0.0005865097045898438,0.058,38.800000000000004
3682,0.00189971923828125,0.05,36.0
3683,0.0005664825439453125,0.040999999999999995,33.6
3684,0.0020020008087158203,0.032,30.8
3685,0.0005838871002197266,0.027999999999999997,27.6
3686,0.00170135498046875,0.024,24.400000000000002
3687,0.0010044574737548828,0.024,21.200000000000003
3688,0.0018801689147949219,0.024,18.0
3689,0.000980377197265625,0.024,14.4
3690,0.0021910667419433594,0.024,10.8
3691,0.0011196136474609375,0.024,7.2
3692,0.0010843276977539062,0.024,3.6
3693,0.0008072853088378906,0.024,0.0
3694,0.0018460750579833984,0.024,-4.0
3695,0.0009253025054931641,0.024,-7.6000000000000005
3696,0.0019571781158447266,0.024,-10.8
3697,0.0006954669952392578,0.024,-14.4
3698,0.002083301544189453,0.024,-17.6
3699,0.0006511211395263672,0.024,-20.8
3700,0.0015997886657714844,0.024,-23.6
3701,0.0010378360748291016,0.024,-26.400000000000002
3702,0.0014309883117675781,0.024,-29.200000000000003
3703,0.0007030963897705078,0.024,-31.200000000000003
3704,0.0018911361694335938,0.024,-33.2
3705,0.0005884170532226562,0.024,-35.2
3706,0.0019216537475585938,0.024,-36.4
3707,0.0006256103515625,0.024,-37.6
3708,0.0006296634674072266,0.024,-38.400000000000006
3709,0.0008215904235839844,0.024,-39.2
3710,0.002581357955932617,0.024,-39.2
3711,0.0006136894226074219,0.024,-39.2
3712,0.001720428466796875,0.024,-38.800000000000004
3713,0.0010349750518798828,0.024,-38.400000000000006
3714,0.001956462860107422,0.024,-37.2
3715,0.0009300708770751953,0.024,-36.0
3716,0.002275228500366211,0.024,-34.4
3717,0.0006461143493652344,0.024,-32.800000000000004
3718,0.0016219615936279297,0.024,-30.8
3719,0.0006268024444580078,0.024,-28.400000000000002
3720,0.0019800662994384766,0.024,-26.0
3721,0.0005919933319091797,0.024,-23.200000000000003
3722,0.001867055892944336,0.024,-20.0
3723,0.0005955696105957031,0.024,-17.2
3724,0.001802206039428711,0.024,-14.0
3725,0.0006182193756103516,0.024,-10.4
3726,0.0012450218200683594,0.024,-7.2
3727,0.0009300708770751953,0.024,-3.6
3728,0.002180337905883789,0.024,0.0
3729,0.0006327629089355469,0.024,3.6
3730,0.0019488334655761719,0.024,6.800000000000001
3731,0.0005674362182617188,0.024,10.4
3732,0.0013573169708251953,0.024,13.600000000000001
3733,0.0006182193756103516,0.024,17.2
3734,0.0022377967834472656,0.024,20.0
3735,0.000637054443359375,0.024,23.200000000000003
3736,0.001772165298461914,0.024,26.0
3737,0.0005352497100830078,0.024,28.400000000000002
3738,0.001550912857055664,0.024,30.8
3739,0.0006749629974365234,0.024,32.800000000000004
3740,0.001916646957397461,0.024,34.800000000000004
3741,0.0007245540618896484,0.024,36.4
3742,0.0013532638549804688,0.024,38.0
3743,0.0006806850433349609,0.024,38.800000000000004
3744,0.0014171600341796875,0.024,40.0
3745,0.0006113052368164062,0.024,40.400000000000006
3746,0.0020074844360351562,0.024,40.400000000000006
3747,0.0006101131439208984,0.024,40.400000000000006
3748,0.0022764205932617188,0.024,40.0
3749,0.0005900859832763672,0.024,39.6
3750,0.0015840530395507812,0.024,38.400000000000006
3751,0.0006763935089111328,0.024,37.2
3752,0.0015912055969238281,0.024,36.0
3753,0.0015912055969238281,0.024,36.0
3754,0.001966238021850586,0.024,34.0
3755,0.0009682178497314453,0.024,32.4
3756,0.0023360252380371094,0.024,30.0
3757,0.0005793571472167969,0.024,27.6
3758,0.0021495819091796875,0.024,24.8
3759,0.0013930797576904297,0.024,22.0
3760,0.0007069110870361328,0.024,19.200000000000003
3761,0.0021610260009765625,0.024,16.0
3762,0.0006206035614013672,0.024,12.8
3763,0.0009477138519287109,0.024,9.600000000000001
3764,0.0008833408355712891,0.024,6.4
3765,0.002091646194458008,0.024,2.8000000000000003
3766,0.0006735324859619141,0.024,-0.4
3767,0.0021719932556152344,0.024,-4.0
3768,0.0005917549133300781,0.024,-7.2
3769,0.0013515949249267578,0.024,-10.4
3770,0.0005884170532226562,0.024,-13.600000000000001
3771,0.0023107528686523438,0.024,-16.8
3772,0.0005733966827392578,0.024,-19.6
3773,0.0020685195922851562,0.024,-22.400000000000002
3774,0.00044608116149902344,0.024,-24.8
3775,0.0009779930114746094,0.024,-27.200000000000003
3776,0.0023088455200195312,0.024,-29.200000000000003
3777,0.0006287097930908203,0.024,-31.200000000000003
3778,0.002276897430419922,0.024,-32.4
3779,0.00067138671875,0.024,-34.0
3780,0.002131223678588867,0.024,-34.800000000000004
3781,0.0006606578826904297,0.024,-35.6
3782,0.001584768295288086,0.024,-36.0
3783,0.0023260116577148438,0.024,-36.4
3784,0.0005807876586914062,0.024,-36.0
3785,0.0007801055908203125,0.024,-35.6
3786,0.0006115436553955078,0.024,-35.2
3787,0.0020596981048583984,0.024,-34.0
3788,0.0006306171417236328,0.024,-32.800000000000004
3789,0.0018646717071533203,0.024,-31.200000000000003
3790,0.0007765293121337891,0.024,-29.6
3791,0.0013020038604736328,0.024,-27.6
3792,0.0006420612335205078,0.024,-25.6
3793,0.002099752426147461,0.024,-23.200000000000003
3794,0.00116729736328125,0.024,-20.400000000000002
3795,0.0008695125579833984,0.024,-17.6
3796,0.0014996528625488281,0.024,-14.8
3797,0.0006859302520751953,0.024,-11.600000000000001
3798,0.0019845962524414062,0.024,-8.8
3799,0.0018646717071533203,0.024,-5.6000000000000005
3800,0.0006718635559082031,0.024,-2.0
3801,0.0015392303466796875,0.024,1.2000000000000002
3802,0.0009105205535888672,0.024,4.4
3803,0.001447916030883789,0.024,7.6000000000000005
3804,0.0011556148529052734,0.024,10.8
3805,0.0008268356323242188,0.024,13.600000000000001
3806,0.0014491081237792969,0.024,16.8
3807,0.0006258487701416016,0.024,19.6
3808,0.0019042491912841797,0.024,22.400000000000002
3809,0.0018508434295654297,0.024,24.8
3810,0.0006170272827148438,0.024,27.200000000000003
3811,0.0015866756439208984,0.024,29.200000000000003
3812,0.0006012916564941406,0.024,31.200000000000003
3813,0.001634836196899414,0.024,32.800000000000004
3814,0.0017592906951904297,0.024,34.4
3815,0.0008738040924072266,0.024,35.6
3816,0.0014584064483642578,0.027999999999999997,36.4
3817,0.0006623268127441406,0.032,36.800000000000004
3818,0.0014934539794921875,0.032,37.2
3819,0.0013322830200195312,0.032,37.6
3820,0.0006566047668457031,0.040999999999999995,37.2
3821,0.0021698474884033203,0.05,36.800000000000004
3822,0.0006253719329833984,0.058,36.0
3823,0.0016779899597167969,0.073,35.2
3824,0.0017843246459960938,0.093,34.0
3825,0.0012466907501220703,0.11,32.800000000000004
3826,0.0006470680236816406,0.121,30.8
3827,0.0018851757049560547,0.131,29.200000000000003
3828,0.001995086669921875,0.136,27.200000000000003
3829,0.0006582736968994141,0.136,24.8
3830,0.0019125938415527344,0.138,22.8
3831,0.0006158351898193359,0.14,20.400000000000002
3832,0.0017025470733642578,0.14,18.0
3833,0.0006079673767089844,0.14400000000000002,15.600000000000001
3834,0.0019152164459228516,0.14400000000000002,13.200000000000001
3835,0.0005955696105957031,0.14400000000000002,10.8
3836,0.0021469593048095703,0.14400000000000002,8.8
3837,0.00060272216796875,0.14400000000000002,6.4
3838,0.0016984939575195312,0.14400000000000002,4.4
3839,0.0005600452423095703,0.14400000000000002,2.8000000000000003
3840,0.0016658306121826172,0.14400000000000002,0.8
3841,0.0006306171417236328,0.14400000000000002,-0.4
3842,0.0015714168548583984,0.14400000000000002,-2.0
3843,0.0006196498870849609,0.14400000000000002,-3.2
3844,0.001628875732421875,0.14400000000000002,-4.0
3845,0.00078582763671875,0.14400000000000002,-4.800000000000001
3846,0.0019774436950683594,0.14400000000000002,-5.2
3847,0.0006198883056640625,0.14400000000000002,-5.2
3848,0.001890420913696289,0.14400000000000002,-5.2
3849,0.0016021728515625,0.14400000000000002,-5.2
3850,0.0006630420684814453,0.14400000000000002,-4.800000000000001
3851,0.0018343925476074219,0.14400000000000002,-4.0
3852,0.0005972385406494141,0.14400000000000002,-3.2
3853,0.0010967254638671875,0.14400000000000002,-2.0
3854,0.0009870529174804688,0.14400000000000002,-0.8
3855,0.0015707015991210938,0.14400000000000002,0.4
3856,0.00066375732421875,0.14400000000000002,2.0
3857,0.0016429424285888672,0.14,4.0
3858,0.0006115436553955078,0.138,5.6000000000000005
3859,0.001967191696166992,0.131,7.6000000000000005
3860,0.002048969268798828,0.127,10.0
3861,0.0006256103515625,0.127,12.0
3862,0.0019474029541015625,0.127,14.4
3863,0.0015189647674560547,0.123,16.8
3864,0.0006480216979980469,0.123,19.200000000000003
3865,0.0014700889587402344,0.123,21.6
3866,0.0006608963012695312,0.123,24.0
3867,0.0015897750854492188,0.123,26.400000000000002
3868,0.0006155967712402344,0.123,28.8
3869,0.0020093917846679688,0.123,30.8
3870,0.0006401538848876953,0.123,33.2
3871,0.0022149085998535156,0.123,35.2
3872,0.0012969970703125,0.123,36.800000000000004
3873,0.0006372928619384766,0.123,38.800000000000004
3874,0.0022504329681396484,0.123,40.400000000000006
3875,0.0006155967712402344,0.123,42.0
3876,0.0014946460723876953,0.123,43.2
3877,0.0005729198455810547,0.123,44.400000000000006
3878,0.0021991729736328125,0.123,45.2
3879,0.0005941390991210938,0.123,46.0
3880,0.002346515655517578,0.123,46.800000000000004
3881,0.0008182525634765625,0.123,47.2
3882,0.0015444755554199219,0.123,47.2
3883,0.0009512901306152344,0.123,47.2
3884,0.0012822151184082031,0.123,47.2
3885,0.0004734992980957031,0.123,46.800000000000004
3886,0.0009908676147460938,0.123,46.400000000000006
3887,0.0006210803985595703,0.123,45.6
3888,0.0015523433685302734,0.123,44.800000000000004
3889,0.0006966590881347656,0.123,43.6
3890,0.0015418529510498047,0.123,42.800000000000004
3891,0.0006680488586425781,0.121,41.2
3892,0.0006034374237060547,0.121,39.6
3893,0.0020101070404052734,0.121,38.0
3894,0.00040221214294433594,0.121,36.4
3895,0.00040221214294433594,0.121,36.4
3896,0.0004756450653076172,0.121,34.4
3897,0.0005834102630615234,0.121,32.4
3898,0.0006549358367919922,0.121,30.400000000000002
3899,0.0025930404663085938,0.121,28.400000000000002
3900,0.0006616115570068359,0.121,26.400000000000002
3901,0.0010342597961425781,0.121,24.0
3902,0.0008022785186767578,0.121,22.0
3903,0.0015027523040771484,0.121,19.6
3904,0.0004849433898925781,0.121,17.2
3905,0.0016393661499023438,0.121,15.200000000000001
3906,0.000804901123046875,0.121,12.8
3907,0.0015032291412353516,0.121,10.8
3908,0.0006520748138427734,0.121,8.8
3909,0.0020880699157714844,0.121,6.800000000000001
3910,0.0006191730499267578,0.121,5.2
3911,0.0014336109161376953,0.121,3.2
3912,0.0008907318115234375,0.121,1.6
3913,0.0019145011901855469,0.121,0.4
3914,0.0006296634674072266,0.121,-1.2000000000000002
3915,0.0014309883117675781,0.121,-2.0
3916,0.0007600784301757812,0.121,-3.2
3917,0.0009205341339111328,0.121,-4.0
3918,0.0006291866302490234,0.121,-4.4
3919,0.0017881393432617188,0.121,-4.800000000000001
3920,0.0005929470062255859,0.121,-5.2
3921,0.0026319026947021484,0.121,-5.2
3922,0.0006308555603027344,0.121,-5.2
3923,0.0017085075378417969,0.121,-4.800000000000001
3924,0.0005791187286376953,0.121,-4.0
3925,0.0023212432861328125,0.121,-3.6
3926,0.0006151199340820312,0.121,-2.4000000000000004
3927,0.0020554065704345703,0.121,-1.6
3928,0.0005643367767333984,0.121,-0.4
3929,0.0019087791442871094,0.121,1.2000000000000002
3930,0.0007817745208740234,0.121,2.8000000000000003
3931,0.003300189971923828,0.121,4.4
3932,0.000591278076171875,0.121,6.0
3933,0.002197265625,0.121,8.0
3934,0.0005919933319091797,0.121,9.600000000000001
3935,0.0016689300537109375,0.121,11.600000000000001
3936,0.0007565021514892578,0.121,13.600000000000001
3937,0.0018107891082763672,0.121,15.600000000000001
3938,0.0006561279296875,0.121,17.6
3939,0.0022172927856445312,0.121,19.6
3940,0.0005834102630615234,0.121,22.0
3941,0.0014781951904296875,0.121,24.0
3942,0.0005781650543212891,0.121,25.6
3943,0.0013561248779296875,0.121,27.6
3944,0.0005633831024169922,0.121,29.6
3945,0.0021660327911376953,0.121,31.200000000000003
3946,0.000591278076171875,0.121,32.800000000000004
3947,0.0019865036010742188,0.119,34.4
3948,0.0005922317504882812,0.11,35.6
3949,0.0019283294677734375,0.099,36.800000000000004
3950,0.0005981922149658203,0.091,38.0
3951,0.002146005630493164,0.08,39.2
3952,0.0005867481231689453,0.075,40.0
3953,0.0014371871948242188,0.073,40.400000000000006
3954,0.0005650520324707031,0.071,41.2
3955,0.0007338523864746094,0.067,41.2
3956,0.0005671977996826172,0.067,41.6
3957,0.0019462108612060547,0.065,41.2
3958,0.0005855560302734375,0.063,41.2
3959,0.0019447803497314453,0.063,40.400000000000006
3960,0.0005793571472167969,0.063,39.6
3961,0.0028645992279052734,0.06,38.800000000000004
3962,0.0006110668182373047,0.06,37.6
3963,0.001951456069946289,0.06,36.0
3964,0.0005974769592285156,0.06,34.4
3965,0.001973867416381836,0.06,32.800000000000004
3966,0.000576019287109375,0.06,30.8
3967,0.0019316673278808594,0.06,28.8
3968,0.0006265640258789062,0.06,26.400000000000002
3969,0.0022983551025390625,0.06,24.0
3970,0.0006628036499023438,0.06,21.200000000000003
3971,0.0014879703521728516,0.06,18.8
3972,0.0005831718444824219,0.06,16.0
3973,0.0022802352905273438,0.06,13.200000000000001
3974,0.0005860328674316406,0.06,10.4
3975,0.0009393692016601562,0.06,7.6000000000000005
3976,0.0005791187286376953,0.06,4.800000000000001
3977,0.0019550323486328125,0.06,2.0
3978,0.0005552768707275391,0.06,-0.8
3979,0.0019500255584716797,0.06,-3.6
3980,0.0005743503570556641,0.06,-6.0
3981,0.0017514228820800781,0.06,-8.8
3982,0.0006160736083984375,0.06,-10.8
3983,0.0019533634185791016,0.06,-13.200000000000001
3984,0.0006051063537597656,0.06,-15.200000000000001
3985,0.0010833740234375,0.06,-17.2
3986,0.0006778240203857422,0.06,-18.8
3987,0.0023109912872314453,0.06,-20.0
3988,0.0005576610565185547,0.06,-21.200000000000003
3989,0.002088785171508789,0.06,-22.0
3990,0.0005707740783691406,0.06,-22.8
3991,0.0018901824951171875,0.06,-23.200000000000003
3992,0.0005970001220703125,0.06,-23.6
3993,0.0021653175354003906,0.06,-23.6
3994,0.00045418739318847656,0.06,-23.200000000000003
3995,0.0024423599243164062,0.06,-22.8
3996,0.0006043910980224609,0.06,-22.0
3997,0.002007007598876953,0.06,-21.200000000000003
3998,0.0005502700805664062,0.06,-20.0
3999,0.0020599365234375,0.06,-18.400000000000002
4000,0.0006403923034667969,0.06,-16.8
4001,0.0019176006317138672,0.06,-15.200000000000001
4002,0.0006084442138671875,0.063,-13.200000000000001
4003,0.0022156238555908203,0.063,-11.200000000000001
4004,0.0006282329559326172,0.063,-8.8
4005,0.0020525455474853516,0.065,-6.4
4006,0.0007343292236328125,0.069,-4.0
4007,0.0014641284942626953,0.073,-1.6
4008,0.0006692409515380859,0.075,1.2000000000000002
4009,0.0016181468963623047,0.078,3.6
4010,0.0006403923034667969,0.078,6.4
4011,0.0017681121826171875,0.078,9.200000000000001
4012,0.0006396770477294922,0.078,11.600000000000001
4013,0.0016579627990722656,0.078,14.4
4014,0.0006580352783203125,0.078,16.8
4015,0.0021839141845703125,0.078,19.200000000000003
4016,0.0006012916564941406,0.078,21.6
4017,0.0014209747314453125,0.078,24.0
4018,0.0006082057952880859,0.078,26.0
4019,0.0016329288482666016,0.078,28.0
4020,0.0006854534149169922,0.078,30.0
4021,0.0016074180603027344,0.078,31.6
4022,0.0006389617919921875,0.078,33.2
4023,0.001972675323486328,0.078,34.800000000000004
4024,0.0005891323089599609,0.078,36.0
4025,0.0009131431579589844,0.078,36.800000000000004
4026,0.000705718994140625,0.078,37.6
4027,0.0018668174743652344,0.078,38.400000000000006
4028,0.0006136894226074219,0.078,38.800000000000004
4029,0.002112150192260742,0.078,38.800000000000004
4030,0.0006623268127441406,0.078,38.800000000000004
4031,0.0017735958099365234,0.078,38.800000000000004
4032,0.0009734630584716797,0.078,38.400000000000006
4033,0.0016803741455078125,0.078,37.6
4034,0.0006346702575683594,0.078,36.800000000000004
4035,0.0018253326416015625,0.078,36.0
4036,0.00046443939208984375,0.078,34.800000000000004
4037,0.002213716506958008,0.078,33.2
4038,0.0006103515625,0.084,32.0
4039,0.0014448165893554688,0.086,30.0
4040,0.0006537437438964844,0.08800000000000001,28.400000000000002
4041,0.0018875598907470703,0.08800000000000001,26.400000000000002
4042,0.0006105899810791016,0.08800000000000001,24.400000000000002
4043,0.002288818359375,0.08800000000000001,22.0
4044,0.0007143020629882812,0.08800000000000001,20.0
4045,0.002204418182373047,0.08800000000000001,17.6
4046,0.0008087158203125,0.08800000000000001,15.200000000000001
4047,0.0018417835235595703,0.08800000000000001,13.200000000000001
4048,0.0018417835235595703,0.08800000000000001,13.200000000000001
4049,0.0016145706176757812,0.08800000000000001,10.8
4050,0.0008273124694824219,0.08800000000000001,8.4
4051,0.0018420219421386719,0.08800000000000001,6.0
4052,0.0006005764007568359,0.08800000000000001,4.0
4053,0.002092599868774414,0.08800000000000001,1.6
4054,0.0005505084991455078,0.08800000000000001,-0.4
4055,0.0003192424774169922,0.08800000000000001,-2.0
4056,0.0006957054138183594,0.08800000000000001,-4.0
4057,0.0009605884552001953,0.08800000000000001,-5.6000000000000005
4058,0.0006477832794189453,0.08800000000000001,-7.2
4059,0.0022182464599609375,0.08800000000000001,-8.4
4060,0.0008146762847900391,0.08800000000000001,-9.600000000000001
4061,0.0019083023071289062,0.08800000000000001,-10.8
4062,0.0006520748138427734,0.08800000000000001,-11.600000000000001
4063,0.002100706100463867,0.08800000000000001,-12.0
4064,0.000598907470703125,0.08800000000000001,-12.4
4065,0.002288818359375,0.08199999999999999,-12.8
4066,0.0005717277526855469,0.08,-12.8
4067,0.0018553733825683594,0.073,-12.4
4068,0.0005822181701660156,0.069,-12.0
4069,0.0012693405151367188,0.065,-11.600000000000001
4070,0.0007462501525878906,0.063,-10.8
4071,0.0011489391326904297,0.06,-10.0
4072,0.0006189346313476562,0.06,-8.8
4073,0.0018930435180664062,0.06,-7.6000000000000005
4074,0.0005645751953125,0.06,-6.0
4075,0.0018315315246582031,0.06,-4.800000000000001
4076,0.0005590915679931641,0.06,-3.2
4077,0.0016176700592041016,0.06,-1.6
4078,0.00055694580078125,0.055999999999999994,0.4
4079,0.0020322799682617188,0.055999999999999994,2.0
4080,0.0005714893341064453,0.054000000000000006,4.0
4081,0.002448558807373047,0.054000000000000006,5.6000000000000005
4082,0.0006079673767089844,0.054000000000000006,7.6000000000000005
4083,0.0011754035949707031,0.054000000000000006,9.600000000000001
4084,0.0006623268127441406,0.054000000000000006,11.200000000000001
4085,0.0015714168548583984,0.054000000000000006,13.200000000000001
4086,0.000675201416015625,0.054000000000000006,14.8
4087,0.0005328655242919922,0.054000000000000006,16.400000000000002
4088,0.001959085464477539,0.054000000000000006,18.0
4089,0.0006954669952392578,0.054000000000000006,19.200000000000003
4090,0.0020263195037841797,0.054000000000000006,20.8
4091,0.0005948543548583984,0.054000000000000006,22.0
4092,0.0017094612121582031,0.054000000000000006,22.8
4093,0.0006265640258789062,0.054000000000000006,24.0
4094,0.0023474693298339844,0.054000000000000006,24.8
4095,0.00047516822814941406,0.054000000000000006,25.6
4096,0.0018808841705322266,0.054000000000000006,26.0
4097,0.0006225109100341797,0.055999999999999994,26.400000000000002
4098,0.0021855831146240234,0.067,26.400000000000002
4099,0.0006234645843505859,0.08800000000000001,26.8
4100,0.0018243789672851562,0.099,26.400000000000002
4101,0.0005867481231689453,0.101,26.400000000000002
4102,0.0021915435791015625,0.108,26.0
4103,0.0006647109985351562,0.112,25.200000000000003
4104,0.0013921260833740234,0.121,24.400000000000002
4105,0.0006172657012939453,0.134,23.6
4106,0.0018978118896484375,0.136,22.8
4107,0.0005838871002197266,0.136,22.0
4108,0.0016696453094482422,0.136,20.8
4109,0.0005869865417480469,0.136,20.0
4110,0.0020143985748291016,0.138,18.8
4111,0.00054931640625,0.14,17.6
4112,0.001689910888671875,0.14,16.8
4113,0.0006384849548339844,0.14,15.600000000000001
4114,0.0013854503631591797,0.14,14.8
4115,0.0006678104400634766,0.138,13.600000000000001
4116,0.0006041526794433594,0.129,12.8
4117,0.002032041549682617,0.121,12.0
4118,0.0006663799285888672,0.106,11.600000000000001
4119,0.0010297298431396484,0.101,10.8
4120,0.0009450912475585938,0.099,10.4
4121,0.0023517608642578125,0.099,10.0
4122,0.0005927085876464844,0.097,9.600000000000001
4123,0.0016083717346191406,0.095,9.600000000000001
4124,0.0006563663482666016,0.095,9.200000000000001
4125,0.0023233890533447266,0.095,9.200000000000001
4126,0.0006363391876220703,0.095,9.200000000000001
4127,0.001523733139038086,0.095,9.200000000000001
4128,0.0005841255187988281,0.095,9.200000000000001
4129,0.000990152359008789,0.095,9.200000000000001
4130,0.0006093978881835938,0.095,9.200000000000001
4131,0.0018908977508544922,0.093,9.600000000000001
4132,0.0006196498870849609,0.086,9.600000000000001
4133,0.0016922950744628906,0.08,10.0
4134,0.0005819797515869141,0.08,10.0
4135,0.0012240409851074219,0.073,10.4
4136,0.0007631778717041016,0.073,10.4
4137,0.0011246204376220703,0.069,10.8
4138,0.0006053447723388672,0.069,11.200000000000001
4139,0.002444744110107422,0.069,11.600000000000001
4140,0.0005679130554199219,0.067,11.600000000000001
4141,0.000888824462890625,0.063,12.0
4142,0.0007262229919433594,0.058,12.4
4143,0.0021162033081054688,0.055999999999999994,12.4
4144,0.0008051395416259766,0.05,12.8
4145,0.0006339550018310547,0.047,12.8
4146,0.0016944408416748047,0.039,13.200000000000001
4147,0.0009431838989257812,0.032,13.200000000000001
4148,0.0017766952514648438,0.03,13.200000000000001
4149,0.0006587505340576172,0.026,13.200000000000001
4150,0.001928091049194336,0.024,13.200000000000001
4151,0.0006768703460693359,0.024,13.200000000000001
4152,0.0019512176513671875,0.019,12.8
4153,0.0008287429809570312,0.019,12.4
4154,0.0015971660614013672,0.019,12.0
4155,0.0006246566772460938,0.015,11.600000000000001
4156,0.0013730525970458984,0.011,11.200000000000001
4157,0.0005772113800048828,0.006,10.8
4158,0.0018002986907958984,0.006,10.0
4159,0.0006773471832275391,0.006,9.200000000000001
4160,0.0018208026885986328,0.002,8.4
4161,0.0006747245788574219,0.0,7.6000000000000005
4162,0.0014162063598632812,0.0,6.800000000000001
4163,0.0006890296936035156,0.0,5.6000000000000005
4164,0.0021295547485351562,0.0,4.800000000000001
4165,0.0009396076202392578,0.0,3.6
4166,0.0018873214721679688,0.0,2.4000000000000004
4167,0.0006384849548339844,0.0,1.6
4168,0.001447916030883789,0.0,0.4
4169,0.0006952285766601562,0.0,-0.8
4170,0.0019538402557373047,0.0,-2.0
4171,0.0005953311920166016,0.0,-2.8000000000000003
4172,0.001596689224243164,0.0,-4.0
4173,0.0006999969482421875,0.0,-5.2
4174,0.0018360614776611328,0.0,-6.0
4175,0.0006282329559326172,0.0,-6.800000000000001
4176,0.0016341209411621094,0.0,-8.0
4177,0.0006077289581298828,0.0,-8.8
4178,0.0015347003936767578,0.0,-9.200000000000001
4179,0.0009899139404296875,0.0,-10.0
4180,0.0012805461883544922,0.0,-10.4
4181,0.0010275840759277344,0.0,-11.200000000000001
4182,0.0020728111267089844,0.0,-11.600000000000001
4183,0.0010008811950683594,0.0,-11.600000000000001
4184,0.002062082290649414,0.0,-12.0
4185,0.000507354736328125,0.0,-12.0
4186,0.0005609989166259766,0.0,-12.0
4187,0.0005609989166259766,0.0,-12.0
4188,0.00047659873962402344,0.0,-12.0
4189,0.0001552104949951172,0.0,-11.600000000000001
4190,0.0004050731658935547,0.0,-11.600000000000001
4191,0.0008440017700195312,0.0,-11.200000000000001
4192,0.0007033348083496094,0.0,-10.8
4193,0.0006120204925537109,0.0,-10.0
4194,0.0011699199676513672,0.0,-9.600000000000001
4195,0.0006735324859619141,0.0,-8.8
4196,0.002165079116821289,0.0,-8.0
4197,0.0006046295166015625,0.0,-7.2
4198,0.0011904239654541016,0.0,-6.4
4199,0.0008647441864013672,0.0,-5.2
4200,0.0017757415771484375,0.0,-4.4
4201,0.0008037090301513672,0.0,-3.2
4202,0.0024900436401367188,0.0,-2.4000000000000004
4203,0.0006840229034423828,0.0,-1.2000000000000002
4204,0.0019996166229248047,0.0,0.0
4205,0.0006363391876220703,0.0,0.8
4206,0.0020995140075683594,0.0,2.0
4207,0.0006320476531982422,0.0,2.8000000000000003
4208,0.0011057853698730469,0.0,4.0
4209,0.0006728172302246094,0.0,4.800000000000001
4210,0.0007724761962890625,0.0,6.0
4211,0.0021893978118896484,0.0,6.800000000000001
4212,0.0007328987121582031,0.0,7.6000000000000005
4213,0.0019598007202148438,0.0,8.4
4214,0.0007698535919189453,0.0,9.200000000000001
4215,0.0010335445404052734,0.0,9.600000000000001
4216,0.0008978843688964844,0.0,10.4
4217,0.0021195411682128906,0.0,10.8
4218,0.0006992816925048828,0.0,11.200000000000001
4219,0.0018775463104248047,0.0,11.200000000000001
4220,0.0006906986236572266,0.0,11.600000000000001
4221,0.0022649765014648438,0.0,11.600000000000001
4222,0.0006220340728759766,0.0,11.600000000000001
4223,0.0009484291076660156,0.0,11.600000000000001
4224,0.0006721019744873047,0.0,11.200000000000001
4225,0.0018298625946044922,0.0,11.200000000000001
4226,0.0005397796630859375,0.0,10.8
4227,0.0011963844299316406,0.0,10.4
4228,0.0006000995635986328,0.0,9.600000000000001
4229,0.002154111862182617,0.0,9.200000000000001
4230,0.0006158351898193359,0.0,8.4
4231,0.0016851425170898438,0.0,7.6000000000000005
4232,0.0005550384521484375,0.0,6.800000000000001
4233,0.0019235610961914062,0.0,6.0
4234,0.0005733966827392578,0.0,5.2
4235,0.0020346641540527344,0.0,4.0
4236,0.0006456375122070312,0.0,3.2
4237,0.0016651153564453125,0.0,2.0
4238,0.0006587505340576172,0.0,1.2000000000000002
4239,0.0019712448120117188,0.0,0.0
4240,0.0006277561187744141,0.0,-0.8
4241,0.001974344253540039,0.0,-2.0
4242,0.0005924701690673828,0.0,-2.8000000000000003
4243,0.0023894309997558594,0.0,-4.0
4244,0.0005555152893066406,0.0,-4.800000000000001
4245,0.0019443035125732422,0.0,-5.6000000000000005
4246,0.0005745887756347656,0.0,-6.4
4247,0.001775979995727539,0.0,-7.2
4248,0.0005350112915039062,0.0,-8.0
4249,0.0017724037170410156,0.0,-8.8
4250,0.0008785724639892578,0.0,-9.200000000000001
4251,0.002247333526611328,0.0,-10.0
4252,0.0006377696990966797,0.0,-10.4
4253,0.0014150142669677734,0.0,-10.8
4254,0.0005922317504882812,0.0,-10.8
4255,0.0021054744720458984,0.0,-11.200000000000001
4256,0.000652313232421875,0.0,-11.200000000000001
4257,0.0017383098602294922,0.0,-11.200000000000001
4258,0.0006062984466552734,0.0,-11.200000000000001
4259,0.001577138900756836,0.0,-10.8
4260,0.0007016658782958984,0.0,-10.4
4261,0.0009357929229736328,0.0,-10.4
4262,0.0007138252258300781,0.0,-9.600000000000001
4263,0.0020973682403564453,0.0,-9.200000000000001
4264,0.0006260871887207031,0.0,-8.8
4265,0.0017271041870117188,0.0,-8.0
4266,0.0006434917449951172,0.0,-7.2
4267,0.0017805099487304688,0.0,-6.4
4268,0.00063323974609375,0.0,-5.6000000000000005
4269,0.001581430435180664,0.0,-4.800000000000001
4270,0.0006906986236572266,0.0,-4.0
4271,0.0023796558380126953,0.0,-2.8000000000000003
4272,0.0005948543548583984,0.0,-2.0
4273,0.0014328956604003906,0.0,-0.8
4274,0.0009534358978271484,0.0,0.0
4275,0.0015687942504882812,0.0,1.2000000000000002
4276,0.0008821487426757812,0.0,2.0
4277,0.0008950233459472656,0.0,2.8000000000000003
4278,0.0017952919006347656,0.0,4.0
4279,0.0007336139678955078,0.0,4.800000000000001
4280,0.0018298625946044922,0.0,5.6000000000000005
4281,0.0006532669067382812,0.0,6.4
4282,0.0019927024841308594,0.0,7.2
4283,0.0005900859832763672,0.0,8.0
4284,0.001644134521484375,0.0,8.4
4285,0.0007078647613525391,0.0,9.200000000000001
4286,0.0018482208251953125,0.0,9.600000000000001
4287,0.0007355213165283203,0.0,10.0
4288,0.0016672611236572266,0.0,10.4
4289,0.0006389617919921875,0.0,10.4
4290,0.0019378662109375,0.0,10.8
4291,0.0006005764007568359,0.0,10.8
4292,0.0014410018920898438,0.0,10.8
4293,0.0006105899810791016,0.0,10.8
4294,0.0016543865203857422,0.0,10.4
4295,0.0005898475646972656,0.0,10.4
4296,0.0018200874328613281,0.0,10.0
4297,0.0005476474761962891,0.0,9.600000000000001
4298,0.00188446044921875,0.0,8.8
4299,0.0006697177886962891,0.0,8.4
4300,0.0016293525695800781,0.0,7.6000000000000005
4301,0.0006244182586669922,0.0,6.800000000000001
4302,0.0025353431701660156,0.0,6.4
4303,0.0006089210510253906,0.0,5.2
4304,0.0017371177673339844,0.0,4.4
4305,0.0005939006805419922,0.0,3.6
4306,0.002183198928833008,0.0,2.8000000000000003
4307,0.0006244182586669922,0.0,2.0
4308,0.0017499923706054688,0.0,0.8
4309,0.0006291866302490234,0.0,0.0
4310,0.0018720626831054688,0.0,-1.2000000000000002
4311,0.0005826950073242188,0.0,-2.0
4312,0.001855611801147461,0.0,-2.8000000000000003
4313,0.0006816387176513672,0.0,-3.6
4314,0.0018231868743896484,0.0,-4.800000000000001
4315,0.0006780624389648438,0.0,-5.6000000000000005
4316,0.001894235610961914,0.0,-6.4
4317,0.0006291866302490234,0.0,-6.800000000000001
4318,0.0017697811126708984,0.0,-7.6000000000000005
4319,0.0005826950073242188,0.0,-8.4
4320,0.002573728561401367,0.0,-8.8
4321,0.0006434917449951172,0.0,-9.200000000000001
4322,0.0020761489868164062,0.0,-9.600000000000001
4323,0.0005881786346435547,0.0,-10.0
4324,0.0016357898712158203,0.0,-10.0
4325,0.0009033679962158203,0.0,-10.4
4326,0.0025000572204589844,0.0,-10.4
4327,0.0006318092346191406,0.0,-10.4
4328,0.001953601837158203,0.0,-10.0
4329,0.0005986690521240234,0.0,-10.0
4330,0.001965761184692383,0.0,-9.600000000000001
4331,0.0005712509155273438,0.0,-9.200000000000001
4332,0.0018117427825927734,0.0,-8.8
4333,0.0005652904510498047,0.0,-8.4
4334,0.0017364025115966797,0.0,-8.0
4335,0.0007548332214355469,0.0,-7.2
4336,0.0021049976348876953,0.0,-6.4
4337,0.0006175041198730469,0.0,-5.6000000000000005
4338,0.0023505687713623047,0.0,-5.2
4339,0.0006399154663085938,0.0,-4.0
4340,0.0021381378173828125,0.0,-3.2
4341,0.0005741119384765625,0.0,-2.4000000000000004
4342,0.0022122859954833984,0.0,-1.6
4343,0.0005970001220703125,0.0,-0.8
4344,0.0017371177673339844,0.0,0.4
4345,0.0006375312805175781,0.0,1.2000000000000002
4346,0.00199127197265625,0.0,2.0
4347,0.0007588863372802734,0.0,2.8000000000000003
4348,0.0018544197082519531,0.0,4.0
4349,0.0018544197082519531,0.0,4.0
4350,0.001117706298828125,0.0,4.800000000000001
4351,0.0008723735809326172,0.0,5.6000000000000005
4352,0.0022368431091308594,0.0,6.0
4353,0.0015041828155517578,0.0,6.800000000000001
4354,0.0006792545318603516,0.0,7.6000000000000005
4355,0.002218484878540039,0.0,8.0
4356,0.0014884471893310547,0.0,8.4
4357,0.0006356239318847656,0.0,8.8
4358,0.0018932819366455078,0.0,9.200000000000001
4359,0.0006201267242431641,0.0,9.600000000000001
4360,0.0018045902252197266,0.0,10.0
4361,0.0005974769592285156,0.0,10.0
4362,0.002172231674194336,0.0,10.0
4363,0.0006580352783203125,0.0,10.0
4364,0.0014293193817138672,0.0,10.0
4365,0.0006546974182128906,0.0,9.600000000000001
4366,0.001653432846069336,0.0,9.200000000000001
4367,0.0018422603607177734,0.0,8.8
4368,0.0006756782531738281,0.0,8.4
4369,0.002103567123413086,0.0,8.0
4370,0.0006191730499267578,0.0,7.6000000000000005
4371,0.002457141876220703,0.0,6.800000000000001
4372,0.0005762577056884766,0.0,6.4
4373,0.002027273178100586,0.0,5.6000000000000005
4374,0.0014505386352539062,0.0,4.800000000000001
4375,0.0006170272827148438,0.0,4.0
4376,0.0005881786346435547,0.0,3.2
4377,0.0005774497985839844,0.0,2.4000000000000004
4378,0.0005311965942382812,0.0,1.6
4379,0.0022325515747070312,0.0,0.4
4380,0.0006642341613769531,0.0,-0.4
4381,0.002368450164794922,0.0,-1.2000000000000002
4382,0.00064849853515625,0.0,-2.0
4383,0.001958608627319336,0.0,-2.8000000000000003
4384,0.0006220340728759766,0.0,-3.6
4385,0.0014996528625488281,0.0,-4.4
4386,0.0017828941345214844,0.0,-5.2
4387,0.0005855560302734375,0.0,-6.0
4388,0.0014605522155761719,0.0,-6.800000000000001
4389,0.0006716251373291016,0.0,-7.2
4390,0.0017437934875488281,0.0,-7.6000000000000005
4391,0.0006642341613769531,0.0,-8.4
4392,0.001897573471069336,0.0,-8.8
4393,0.0006392002105712891,0.0,-8.8
4394,0.0016922950744628906,0.0,-9.200000000000001
4395,0.0005717277526855469,0.0,-9.200000000000001
4396,0.0017437934875488281,0.0,-9.600000000000001
4397,0.0006365776062011719,0.0,-9.600000000000001
4398,0.0018649101257324219,0.0,-9.600000000000001
4399,0.0005834102630615234,0.0,-9.200000000000001
4400,0.0005736351013183594,0.0,-9.200000000000001
4401,0.0023505687713623047,0.0,-8.8
4402,0.0008761882781982422,0.0,-8.4
4403,0.0018696784973144531,0.0,-8.0
4404,0.0008726119995117188,0.0,-7.6000000000000005
4405,0.0016109943389892578,0.0,-7.2
4406,0.0009963512420654297,0.0,-6.4
4407,0.0017704963684082031,0.0,-6.0
4408,0.0011925697326660156,0.0,-5.2
4409,0.0008332729339599609,0.0,-4.4
4410,0.0020699501037597656,0.0,-3.6
4411,0.0006110668182373047,0.0,-2.8000000000000003
4412,0.0019485950469970703,0.0,-2.0
4413,0.0006439685821533203,0.0,-1.2000000000000002
4414,0.0006148815155029297,0.0,-0.4
4415,0.00057220458984375,0.0,0.4
4416,0.0017573833465576172,0.0,1.2000000000000002
4417,0.0006124973297119141,0.0,2.0
4418,0.002255678176879883,0.0,2.8000000000000003
4419,0.0006012916564941406,0.0,3.6
4420,0.0025234222412109375,0.0,4.4
4421,0.0016260147094726562,0.0,5.2
4422,0.0005998611450195312,0.0,6.0
4423,0.0018410682678222656,0.0,6.4
4424,0.0005667209625244141,0.0,7.2
4425,0.002201557159423828,0.0,7.6000000000000005
4426,0.0005402565002441406,0.0,8.0
4427,0.0012137889862060547,0.0,8.4
4428,0.0007810592651367188,0.0,8.8
4429,0.002123117446899414,0.0,8.8
4430,0.0013709068298339844,0.0,9.200000000000001
4431,0.0006136894226074219,0.0,9.200000000000001
4432,0.00133514404296875,0.0,9.200000000000001
4433,0.0004909038543701172,0.0,9.200000000000001
4434,0.0017299652099609375,0.0,9.200000000000001
4435,0.0006375312805175781,0.0,8.8
4436,0.002344369888305664,0.0,8.4
4437,0.0006067752838134766,0.0,8.0
4438,0.0010967254638671875,0.0,7.6000000000000005
4439,0.0006358623504638672,0.0,7.2
4440,0.002346515655517578,0.0,6.800000000000001
4441,0.0015540122985839844,0.0,6.4
4442,0.0018224716186523438,0.0,5.6000000000000005
4443,0.0006155967712402344,0.0,4.800000000000001
4444,0.0014767646789550781,0.0,4.0
4445,0.0005855560302734375,0.0,3.6
4446,0.0018527507781982422,0.0,2.8000000000000003
4447,0.0005638599395751953,0.0,2.0
4448,0.0018525123596191406,0.0,1.2000000000000002
4449,0.0005471706390380859,0.0,0.4
4450,0.0018889904022216797,0.0,-0.4
4451,0.0006153583526611328,0.0,-1.2000000000000002
4452,0.0018877983093261719,0.0,-2.0
4453,0.0004589557647705078,0.0,-2.8000000000000003
4454,0.0016894340515136719,0.0,-3.6
4455,0.0005869865417480469,0.0,-4.4
4456,0.0015113353729248047,0.0,-5.2
4457,0.0006010532379150391,0.0,-5.6000000000000005
4458,0.0018153190612792969,0.0,-6.4
4459,0.0006799697875976562,0.0,-6.800000000000001
4460,0.0017266273498535156,0.0,-7.2
4461,0.0005655288696289062,0.0,-7.6000000000000005
4462,0.0017337799072265625,0.0,-8.0
4463,0.0006031990051269531,0.0,-8.4
4464,0.00110626220703125,0.0,-8.4
4465,0.000705718994140625,0.0,-8.8
4466,0.0010945796966552734,0.0,-8.8
4467,0.0005955696105957031,0.0,-8.8
4468,0.0019061565399169922,0.0,-8.8
4469,0.0006036758422851562,0.0,-8.4
4470,0.0020759105682373047,0.0,-8.4
4471,0.00063323974609375,0.0,-8.0
4472,0.001924753189086914,0.0,-7.6000000000000005
4473,0.0005660057067871094,0.0,-7.2
4474,0.0016529560089111328,0.0,-6.800000000000001
4475,0.001379251480102539,0.0,-6.4
4476,0.0005984306335449219,0.0,-6.0
4477,0.0009109973907470703,0.0,-5.2
4478,0.0006024837493896484,0.0,-4.4
4479,0.0005667209625244141,0.0,-4.0
4480,0.0010492801666259766,0.0,-3.2
4481,0.0007901191711425781,0.0,-2.4000000000000004
4482,0.002212047576904297,0.0,-1.6
4483,0.0005948543548583984,0.0,-0.8
4484,0.0014922618865966797,0.0,0.0
4485,0.0007381439208984375,0.0,0.8
4486,0.001837015151977539,0.0,1.6
4487,0.0005896091461181641,0.0,2.4000000000000004
4488,0.002081155776977539,0.0,2.8000000000000003
4489,0.0005857944488525391,0.0,3.6
4490,0.0019426345825195312,0.0,4.4
4491,0.0006270408630371094,0.0,4.800000000000001
4492,0.0020377635955810547,0.0,5.6000000000000005
4493,0.0005443096160888672,0.0,6.0
4494,0.001962900161743164,0.0,6.800000000000001
4495,0.0005588531494140625,0.0,7.2
4496,0.0021619796752929688,0.0,7.6000000000000005
4497,0.0021619796752929688,0.0,7.6000000000000005
4498,0.0021619796752929688,0.0,8.0
4499,0.0005457401275634766,0.0,8.0
4500,0.0016448497772216797,0.0,8.4
4501,0.00066375732421875,0.0,8.4
4502,0.0021653175354003906,0.0,8.4
4503,0.0005519390106201172,0.0,8.4
4504,0.0016748905181884766,0.0,8.4
4505,0.00061798095703125,0.0,8.4
4506,0.0018281936645507812,0.0,8.0
4507,0.0005891323089599609,0.0,7.6000000000000005
4508,0.001850128173828125,0.0,7.6000000000000005
4509,0.0005705356597900391,0.0,7.2
4510,0.002012968063354492,0.0,6.4
4511,0.0022368431091308594,0.0,6.0
4512,0.0005736351013183594,0.0,5.6000000000000005
4513,0.0014700889587402344,0.0,4.800000000000001
4514,0.0006151199340820312,0.0,4.4
4515,0.0017788410186767578,0.0,3.6
4516,0.0008966922760009766,0.0,2.8000000000000003
4517,0.0018372535705566406,0.0,2.4000000000000004
4518,0.0006585121154785156,0.0,1.6
4519,0.0017726421356201172,0.0,0.8
4520,0.0016350746154785156,0.0,0.0
4521,0.0006618499755859375,0.0,-0.8
4522,0.002040863037109375,0.0,-1.6
4523,0.00061798095703125,0.0,-2.4000000000000004
4524,0.0018317699432373047,0.0,-2.8000000000000003
4525,0.0005750656127929688,0.0,-3.6
4526,0.0017826557159423828,0.0,-4.4
4527,0.0009605884552001953,0.0,-4.800000000000001
4528,0.0006365776062011719,0.0,-5.6000000000000005
4529,0.0006022453308105469,0.0,-6.0
4530,0.0006623268127441406,0.0,-6.4
4531,0.0019910335540771484,0.0,-6.800000000000001
4532,0.0005831718444824219,0.0,-7.2
4533,0.002214670181274414,0.0,-7.6000000000000005
4534,0.0005977153778076172,0.0,-7.6000000000000005
4535,0.002063751220703125,0.0,-8.0
4536,0.0005781650543212891,0.0,-8.0
4537,0.0021326541900634766,0.0,-8.0
4538,0.0005850791931152344,0.0,-8.0
4539,0.0022013187408447266,0.0,-8.0
4540,0.0006318092346191406,0.0,-8.0
4541,0.0014700889587402344,0.0,-7.6000000000000005
4542,0.0010383129119873047,0.0,-7.2
4543,0.0005788803100585938,0.0,-7.2
4544,0.0020804405212402344,0.0,-6.800000000000001
4545,0.0005762577056884766,0.0,-6.0
4546,0.001977682113647461,0.0,-5.6000000000000005
4547,0.0005695819854736328,0.0,-5.2
4548,0.0011687278747558594,0.0,-4.4
4549,0.0005674362182617188,0.0,-4.0
4550,0.0021266937255859375,0.0,-3.2
4551,0.0005822181701660156,0.0,-2.8000000000000003
4552,0.0021753311157226562,0.0,-2.0
4553,0.0005972385406494141,0.0,-1.2000000000000002
4554,0.002020120620727539,0.0,-0.4
4555,0.00045418739318847656,0.0,0.0
4556,0.0004029273986816406,0.0,0.8
4557,0.0005297660827636719,0.0,1.6
4558,0.002153158187866211,0.0,2.4000000000000004
4559,0.0005788803100585938,0.0,2.8000000000000003
4560,0.002013683319091797,0.0,3.6
4561,0.0005908012390136719,0.0,4.4
4562,0.0019249916076660156,0.0,4.800000000000001
4563,0.0005848407745361328,0.0,5.2
4564,0.001810312271118164,0.0,6.0
4565,0.0006055831909179688,0.0,6.4
4566,0.002159595489501953,0.0,6.800000000000001
4567,0.0013213157653808594,0.0,7.2
4568,0.0006558895111083984,0.0,7.2
4569,0.001977205276489258,0.0,7.6000000000000005
4570,0.0006082057952880859,0.0,7.6000000000000005
4571,0.0022614002227783203,0.0,7.6000000000000005
4572,0.0005714893341064453,0.0,7.6000000000000005
4573,0.001699209213256836,0.0,7.6000000000000005
4574,0.0005764961242675781,0.0,7.6000000000000005
4575,0.0022504329681396484,0.0,7.6000000000000005
4576,0.0005991458892822266,0.0,7.2
4577,0.002097606658935547,0.0,7.2
4578,0.0017817020416259766,0.0,6.800000000000001
4579,0.0005924701690673828,0.0,6.4
4580,0.002166271209716797,0.0,6.0
4581,0.0006077289581298828,0.0,5.6000000000000005
4582,0.0015206336975097656,0.0,4.800000000000001
4583,0.0015878677368164062,0.0,4.4
4584,0.0006203651428222656,0.0,3.6
4585,0.0018477439880371094,0.0,3.2
4586,0.0005815029144287109,0.0,2.4000000000000004
4587,0.0018324851989746094,0.0,2.0
4588,0.0006248950958251953,0.0,1.2000000000000002
4589,0.0009279251098632812,0.0,0.4
4590,0.0006296634674072266,0.0,-0.4
4591,0.0020389556884765625,0.0,-0.8
4592,0.0006034374237060547,0.0,-1.6
4593,0.0011241436004638672,0.0,-2.4000000000000004
4594,0.002154111862182617,0.0,-2.8000000000000003
4595,0.0007143020629882812,0.0,-3.6
4596,0.0013701915740966797,0.0,-4.0
4597,0.0006372928619384766,0.0,-4.800000000000001
4598,0.0019311904907226562,0.0,-5.2
4599,0.0006055831909179688,0.0,-5.6000000000000005
4600,0.0018455982208251953,0.0,-6.0
4601,0.0006456375122070312,0.0,-6.4
4602,0.001871347427368164,0.0,-6.800000000000001
4603,0.0005905628204345703,0.0,-6.800000000000001
4604,0.001781463623046875,0.0,-7.2
4605,0.0006246566772460938,0.0,-7.2
4606,0.0016245841979980469,0.0,-7.6000000000000005
4607,0.0006783008575439453,0.0,-7.6000000000000005
4608,0.0016872882843017578,0.0,-7.6000000000000005
4609,0.0006363391876220703,0.0,-7.2
4610,0.0022652149200439453,0.0,-7.2
4611,0.000591278076171875,0.0,-6.800000000000001
4612,0.001439809799194336,0.0,-6.800000000000001
4613,0.0006868839263916016,0.0,-6.4
4614,0.0021004676818847656,0.0,-6.0
4615,0.0007777214050292969,0.0,-5.6000000000000005
4616,0.0006263256072998047,0.0,-5.2
4617,0.0006279945373535156,0.0,-4.4
4618,0.0017008781433105469,0.0,-4.0
4619,0.0007121562957763672,0.0,-3.6
4620,0.0021805763244628906,0.0,-2.8000000000000003
4621,0.0006296634674072266,0.0,-2.4000000000000004
4622,0.0013518333435058594,0.0,-1.6
4623,0.0005700588226318359,0.0,-0.8
4624,0.0022389888763427734,0.0,-0.4
4625,0.0006029605865478516,0.0,0.4
4626,0.002175569534301758,0.0,1.2000000000000002
4627,0.0005943775177001953,0.0,1.6
4628,0.0016176700592041016,0.0,2.4000000000000004
4629,0.0005762577056884766,0.0,2.8000000000000003
4630,0.002000093460083008,0.0,3.6
4631,0.0006473064422607422,0.0,4.0
4632,0.0016326904296875,0.0,4.4
4633,0.0006237030029296875,0.0,5.2
4634,0.0018086433410644531,0.0,5.6000000000000005
4635,0.0006487369537353516,0.0,6.0
4636,0.002039670944213867,0.0,6.4
4637,0.0005886554718017578,0.0,6.4
4638,0.0020754337310791016,0.0,6.800000000000001
4639,0.0006093978881835938,0.0,6.800000000000001
4640,0.0018889904022216797,0.0,7.2
4641,0.0006115436553955078,0.0,7.2
4642,0.002025604248046875,0.0,7.2
4643,0.0006146430969238281,0.0,7.2
4644,0.0025310516357421875,0.0,6.800000000000001
4645,0.0007340908050537109,0.0,6.800000000000001
4646,0.001783609390258789,0.0,6.800000000000001
4647,0.0007026195526123047,0.0,6.4
4648,0.0023980140686035156,0.0,6.0
4649,0.0023980140686035156,0.0,6.0
4650,0.0020809173583984375,0.0,5.6000000000000005
4651,0.0007414817810058594,0.0,5.2
4652,0.0018985271453857422,0.0,4.800000000000001
4653,0.0008580684661865234,0.0,4.4
4654,0.0017962455749511719,0.0,3.6
4655,0.0006072521209716797,0.0,3.2
4656,0.001760244369506836,0.0,2.8000000000000003
4657,0.00046181678771972656,0.0,2.0
4658,0.0019445419311523438,0.0,1.6
4659,0.0005714893341064453,0.0,0.8
4660,0.0023813247680664062,0.0,0.0
4661,0.0005593299865722656,0.0,-0.4
4662,0.0020437240600585938,0.0,-1.2000000000000002
4663,0.0005929470062255859,0.0,-1.6
4664,0.0017161369323730469,0.0,-2.4000000000000004
4665,0.0005791187286376953,0.0,-2.8000000000000003
4666,0.0007364749908447266,0.0,-3.6
4667,0.0024797916412353516,0.0,-4.0
4668,0.0006673336029052734,0.0,-4.4
4669,0.00185394287109375,0.0,-4.800000000000001
4670,0.0006432533264160156,0.0,-5.6000000000000005
4671,0.0011272430419921875,0.0,-6.0
4672,0.0005786418914794922,0.0,-6.4
4673,0.0023250579833984375,0.0,-6.4
4674,0.0006160736083984375,0.0,-6.800000000000001
4675,0.0013911724090576172,0.0,-6.800000000000001
4676,0.000621795654296875,0.0,-6.800000000000001
4677,0.001920938491821289,0.0,-6.800000000000001
4678,0.0006055831909179688,0.0,-6.800000000000001
4679,0.0017201900482177734,0.0,-6.800000000000001
4680,0.0006232261657714844,0.0,-6.4
4681,0.0018014907836914062,0.0,-6.4
4682,0.0005533695220947266,0.0,-6.0
4683,0.0012061595916748047,0.0,-5.6000000000000005
4684,0.0005617141723632812,0.0,-5.2
4685,0.0014181137084960938,0.0,-4.800000000000001
4686,0.00045943260192871094,0.0,-4.4
4687,0.001096963882446289,0.0,-4.0
4688,0.0005898475646972656,0.0,-3.6
4689,0.0017743110656738281,0.0,-2.8000000000000003
4690,0.0006303787231445312,0.0,-2.4000000000000004
4691,0.0012123584747314453,0.0,-2.0
4692,0.0006697177886962891,0.0,-1.2000000000000002
4693,0.001590728759765625,0.0,-0.8
4694,0.0006127357482910156,0.0,0.0
4695,0.002424955368041992,0.0,0.4
4696,0.0007164478302001953,0.0,1.2000000000000002
4697,0.001463174819946289,0.0,1.6
4698,0.0006325244903564453,0.0,2.4000000000000004
4699,0.0021097660064697266,0.0,2.8000000000000003
4700,0.0004837512969970703,0.0,3.2
4701,0.0014448165893554688,0.0,4.0
4702,0.0006816387176513672,0.0,4.4
4703,0.0019464492797851562,0.0,4.800000000000001
4704,0.0006003379821777344,0.0,5.2
4705,0.001734018325805664,0.0,5.6000000000000005
4706,0.0005998611450195312,0.0,6.0
4707,0.0023374557495117188,0.0,6.0
4708,0.0006480216979980469,0.0,6.4
4709,0.0015091896057128906,0.0,6.4
4710,0.0006401538848876953,0.0,6.4
4711,0.0019371509552001953,0.0,6.4
4712,0.0006458759307861328,0.0,6.4
4713,0.0019998550415039062,0.0,6.4
4714,0.0005850791931152344,0.0,6.4
4715,0.0023343563079833984,0.0,6.0
4716,0.0006046295166015625,0.0,6.0
4717,0.001344442367553711,0.0,5.6000000000000005
4718,0.0009114742279052734,0.0,5.2
4719,0.0014977455139160156,0.0,5.2
4720,0.0007197856903076172,0.0,4.800000000000001
4721,0.0011565685272216797,0.0,4.4
4722,0.000644683837890625,0.0,3.6
4723,0.0020551681518554688,0.0,3.2
4724,0.0005896091461181641,0.0,2.8000000000000003
4725,0.002032041549682617,0.0,2.4000000000000004
4726,0.0006265640258789062,0.0,1.6
4727,0.0018754005432128906,0.0,1.2000000000000002
4728,0.0004532337188720703,0.0,0.4
4729,0.001783609390258789,0.0,0.0
4730,0.0005810260772705078,0.0,-0.8
4731,0.0022661685943603516,0.0,-1.2000000000000002
4732,0.00055694580078125,0.0,-1.6
4733,0.0020668506622314453,0.0,-2.4000000000000004
4734,0.0005829334259033203,0.0,-2.8000000000000003
4735,0.0016179084777832031,0.0,-3.2
4736,0.0007486343383789062,0.0,-3.6
4737,0.0014526844024658203,0.0,-4.4
4738,0.0005679130554199219,0.0,-4.800000000000001
4739,0.002404928207397461,0.0,-4.800000000000001
4740,0.000606536865234375,0.0,-5.2
4741,0.0022611618041992188,0.0,-5.6000000000000005
4742,0.0005638599395751953,0.0,-5.6000000000000005
4743,0.0020563602447509766,0.0,-6.0
4744,0.0005846023559570312,0.0,-6.0
4745,0.002424478530883789,0.0,-6.0
4746,0.0005519390106201172,0.0,-6.4
4747,0.0017833709716796875,0.0,-6.0
4748,0.0005645751953125,0.0,-6.0
4749,0.0019469261169433594,0.0,-6.0
4750,0.0005714893341064453,0.0,-6.0
4751,0.002285480499267578,0.0,-5.6000000000000005
4752,0.0006184577941894531,0.0,-5.2
4753,0.0016083717346191406,0.0,-5.2
4754,0.00057220458984375,0.0,-4.800000000000001
4755,0.002303600311279297,0.0,-4.4
4756,0.0005784034729003906,0.0,-4.0
4757,0.0024874210357666016,0.0,-3.6
4758,0.0005497932434082031,0.0,-2.8000000000000003
4759,0.0025098323822021484,0.0,-2.4000000000000004
4760,0.0006606578826904297,0.0,-2.0
4761,0.0015475749969482422,0.0,-1.6
4762,0.0006716251373291016,0.0,-0.8
4763,0.0023081302642822266,0.0,-0.4
4764,0.0006334781646728516,0.0,0.0
4765,0.002033233642578125,0.0,0.8
4766,0.0006096363067626953,0.0,1.2000000000000002
4767,0.0013911724090576172,0.0,2.0
4768,0.0006060600280761719,0.0,2.4000000000000004
4769,0.0018508434295654297,0.0,2.8000000000000003
4770,0.0006115436553955078,0.0,3.2
4771,0.0019505023956298828,0.0,3.6
4772,0.0006031990051269531,0.0,4.0
4773,0.0022106170654296875,0.0,4.4
4774,0.00061798095703125,0.0,4.800000000000001
4775,0.002131223678588867,0.0,5.2
4776,0.0005962848663330078,0.0,5.2
4777,0.0015933513641357422,0.0,5.6000000000000005
4778,0.0006172657012939453,0.0,5.6000000000000005
4779,0.0019266605377197266,0.0,6.0
4780,0.0005931854248046875,0.0,6.0
4781,0.0024154186248779297,0.0,6.0
4782,0.0005643367767333984,0.0,6.0
4783,0.002195596694946289,0.0,6.0
4784,0.000560760498046875,0.0,5.6000000000000005
4785,0.0007832050323486328,0.0,5.6000000000000005
4786,0.0005636215209960938,0.0,5.2
4787,0.001888275146484375,0.0,5.2
4788,0.0005729198455810547,0.0,4.800000000000001
4789,0.0018835067749023438,0.0,4.4
4790,0.0005781650543212891,0.0,4.0
4791,0.002618074417114258,0.0,3.6
4792,0.0005288124084472656,0.0,3.2
4793,0.0020248889923095703,0.0,2.8000000000000003
4794,0.0005857944488525391,0.0,2.4000000000000004
4795,0.001974821090698242,0.0,2.0
4796,0.0005953311920166016,0.0,1.2000000000000002
4797,0.0019583702087402344,0.0,0.8
4798,0.0005891323089599609,0.0,0.4
4799,0.0016472339630126953,0.0,-0.4
4800,0.0016472339630126953,0.0,-0.4
4801,0.0020797252655029297,0.0,-0.8
4802,0.0005877017974853516,0.0,-1.2000000000000002
4803,0.0020456314086914062,0.0,-1.6
4804,0.0005700588226318359,0.0,-2.4000000000000004
4805,0.0021669864654541016,0.0,-2.8000000000000003
4806,0.0005667209625244141,0.0,-3.2
4807,0.0013895034790039062,0.0,-3.6
4808,0.0005502700805664062,0.0,-4.0
4809,0.002292156219482422,0.0,-4.4
4810,0.0006856918334960938,0.0,-4.800000000000001
4811,0.002736806869506836,0.0,-4.800000000000001
4812,0.0011181831359863281,0.0,-5.2
4813,0.0016977787017822266,0.0,-5.2
4814,0.0007171630859375,0.0,-5.6000000000000005
4815,0.0019690990447998047,0.0,-5.6000000000000005
4816,0.0006287097930908203,0.0,-5.6000000000000005
4817,0.0023088455200195312,0.0,-5.6000000000000005
4818,0.0006289482116699219,0.0,-5.6000000000000005
4819,0.0017459392547607422,0.0,-5.6000000000000005
4820,0.0008511543273925781,0.0,-5.2
4821,0.002012968063354492,0.0,-5.2
4822,0.0006742477416992188,0.0,-4.800000000000001
4823,0.0016014575958251953,0.0,-4.800000000000001
4824,0.0010061264038085938,0.0,-4.4
4825,0.0017020702362060547,0.0,-4.0
4826,0.0007545948028564453,0.0,-3.6
4827,0.0016658306121826172,0.0,-3.2
4828,0.0006146430969238281,0.0,-2.8000000000000003
4829,0.0019185543060302734,0.0,-2.4000000000000004
4830,0.0007681846618652344,0.0,-2.0
4831,0.0016551017761230469,0.0,-1.6
4832,0.0005939006805419922,0.0,-1.2000000000000002
4833,0.0023012161254882812,0.0,-0.8
4834,0.0006117820739746094,0.0,0.0
4835,0.0020635128021240234,0.0,0.4
4836,0.0006914138793945312,0.0,0.8
4837,0.0017466545104980469,0.0,1.2000000000000002
4838,0.0006687641143798828,0.0,2.0
4839,0.0016565322875976562,0.0,2.4000000000000004
4840,0.00047707557678222656,0.0,2.8000000000000003
4841,0.0023429393768310547,0.0,3.2
4842,0.0005843639373779297,0.0,3.6
4843,0.002086162567138672,0.0,4.0
4844,0.0006084442138671875,0.0,4.4
4845,0.0017337799072265625,0.0,4.4
4846,0.0005931854248046875,0.0,4.800000000000001
4847,0.0018682479858398438,0.0,4.800000000000001
4848,0.0006923675537109375,0.0,5.2
4849,0.0017833709716796875,0.0,5.2
4850,0.0007977485656738281,0.0,5.2
4851,0.0021381378173828125,0.0,5.2
4852,0.0006830692291259766,0.0,5.2
4853,0.0016665458679199219,0.0,5.2
4854,0.0005891323089599609,0.0,5.2
4855,0.0019402503967285156,0.0,5.2
4856,0.0006184577941894531,0.0,4.800000000000001
4857,0.0004775524139404297,0.0,4.800000000000001
4858,0.0018038749694824219,0.0,4.4
4859,0.0006449222564697266,0.0,4.4
4860,0.0018367767333984375,0.0,4.0
4861,0.0007903575897216797,0.0,3.6
4862,0.0016536712646484375,0.0,3.2
4863,0.0006763935089111328,0.0,2.8000000000000003
4864,0.0018858909606933594,0.0,2.4000000000000004
4865,0.0006778240203857422,0.0,2.0
4866,0.002357006072998047,0.0,1.6
