,Latency,PWM Value,Angle
0,0.0,0.0,0.0
1,0.004600048065185547,0.0,0.0
2,0.0006084442138671875,0.0,0.0
3,0.003998756408691406,0.0,0.0
4,0.003625154495239258,0.0,0.0
5,0.0005691051483154297,0.0,0.0
6,0.000995635986328125,0.0,0.0
7,0.0012400150299072266,0.0,0.0
8,0.0022344589233398438,0.0,0.0
9,0.0014667510986328125,0.0,0.0
10,0.0001246929168701172,0.0,0.0
11,0.001928567886352539,0.0,0.0
12,0.004399776458740234,0.0,0.0
13,0.00514984130859375,0.0,0.0
14,0.0021736621856689453,0.0,0.0
15,0.0006856918334960938,0.0,0.0
16,0.0020055770874023438,0.0,0.0
17,0.0012423992156982422,0.0,0.0
18,0.0011234283447265625,0.0,0.0
19,0.0002658367156982422,0.0,0.0
20,0.00014972686767578125,0.0,0.0
21,0.000244140625,0.0,0.0
22,0.00024962425231933594,0.0,0.0
23,0.0008549690246582031,0.0,0.0
24,0.0003657341003417969,0.0,0.0
25,0.00031304359436035156,0.0,0.0
26,0.00023412704467773438,0.0,0.0
27,0.00030922889709472656,0.0,0.0
28,0.00027179718017578125,0.0,0.0
29,0.00017547607421875,0.0,0.0
30,0.00028133392333984375,0.0,0.0
31,0.00037407875061035156,0.0,0.0
32,0.00033354759216308594,0.0,0.0
33,0.0004913806915283203,0.0,0.0
34,0.0004448890686035156,0.0,0.0
35,0.0004532337188720703,0.0,0.0
36,0.0005726814270019531,0.0,0.0
37,0.00046181678771972656,0.0,0.0
38,0.0005884170532226562,0.0,0.0
39,0.0005321502685546875,0.0,0.0
40,0.00045871734619140625,0.0,0.0
41,0.0004341602325439453,0.0,0.0
42,0.0004372596740722656,0.0,0.0
43,0.0008640289306640625,0.0,0.0
44,0.0004591941833496094,0.0,0.0
45,0.0009095668792724609,0.0,0.0
46,0.00046563148498535156,0.0,0.0
47,0.002050161361694336,0.0,0.0
48,0.0004715919494628906,0.0,0.0
49,0.0014736652374267578,0.0,0.0
50,0.0004608631134033203,0.0,0.0
51,0.0008037090301513672,0.0,0.0
52,0.0012040138244628906,0.0,0.0
53,0.0005362033843994141,0.0,0.0
54,0.0009505748748779297,0.0,0.0
55,0.0011906623840332031,0.0,0.0
56,0.0009872913360595703,0.0,0.0
57,0.0005319118499755859,0.0,0.0
58,0.0007839202880859375,0.0,0.0
59,0.0007669925689697266,0.0,0.0
60,0.0008134841918945312,0.0,0.0
61,0.0007252693176269531,0.0,0.0
62,0.0008423328399658203,0.0,0.0
63,0.0010142326354980469,0.0,0.0
64,0.0010142326354980469,0.0,0.0
65,0.00046563148498535156,0.0,0.0
66,0.0004591941833496094,0.0,0.0
67,0.002132892608642578,0.0,0.0
68,0.0004506111145019531,0.0,0.0
69,0.00151824951171875,0.0,0.0
70,0.0004525184631347656,0.0,0.0
71,0.0014219284057617188,0.0,0.0
72,0.0006990432739257812,0.0,0.0
73,0.0013270378112792969,0.0,0.0
74,0.0005288124084472656,0.0,0.0
75,0.0010154247283935547,0.0,0.0
76,0.0004677772521972656,0.0,0.0
77,0.0010340213775634766,0.0,0.0
78,0.00046515464782714844,0.0,0.0
79,0.0015919208526611328,0.0,0.0
80,0.0014848709106445312,0.0,0.0
81,0.00045680999755859375,0.0,0.0
82,0.0012469291687011719,0.0,0.0
83,0.0004496574401855469,0.0,0.0
84,0.0013470649719238281,0.0,0.0
85,0.0014259815216064453,0.0,0.0
86,0.00044536590576171875,0.0,0.0
87,0.001239776611328125,0.0,0.0
88,0.0004353523254394531,0.0,0.0
89,0.0012743473052978516,0.0,0.0
90,0.0004401206970214844,0.0,0.0
91,0.0014698505401611328,0.0,0.0
92,0.0004420280456542969,0.0,0.0
93,0.0012111663818359375,0.0,0.0
94,0.00043392181396484375,0.0,0.0
95,0.001264333724975586,0.0,0.0
96,0.0004458427429199219,0.0,0.0
97,0.0011963844299316406,0.0,0.0
98,0.00046896934509277344,0.0,0.0
99,0.0012269020080566406,0.0,0.0
100,0.00044417381286621094,0.0,0.0
101,0.0012335777282714844,0.0,0.0
102,0.0005159378051757812,0.0,0.0
103,0.0012176036834716797,0.0,0.0
104,0.00045299530029296875,0.0,0.0
105,0.0005245208740234375,0.0,0.0
106,0.001117706298828125,0.0,0.0
107,0.0004856586456298828,0.0,0.0
108,0.0004413127899169922,0.0,0.0
109,0.0007195472717285156,0.0,0.0
110,0.00045871734619140625,0.0,0.0
111,0.00042700767517089844,0.0,0.0
112,0.00043129920959472656,0.0,0.0
113,0.0004506111145019531,0.0,0.0
114,0.0004374980926513672,0.0,0.0
115,0.00041794776916503906,0.0,0.0
116,0.0008559226989746094,0.0,0.0
117,0.0004494190216064453,0.0,0.0
118,0.001692056655883789,0.0,0.0
119,0.0004570484161376953,0.0,0.0
120,0.001489400863647461,0.0,0.0
121,0.0004527568817138672,0.0,0.0
122,0.0012125968933105469,0.0,0.0
123,0.0014400482177734375,0.0,0.0
124,0.0014536380767822266,0.0,0.0
125,0.0004918575286865234,0.0,0.0
126,0.0012087821960449219,0.0,0.0
127,0.0004584789276123047,0.0,0.0
128,0.0012269020080566406,0.0,0.0
129,0.00044417381286621094,0.0,0.0
130,0.0012195110321044922,0.0,0.0
131,0.00045299530029296875,0.0,0.0
132,0.0012309551239013672,0.0,0.0
133,0.0013401508331298828,0.0,0.0
134,0.0004508495330810547,0.0,0.0
135,0.0011675357818603516,0.0,0.0
136,0.0004410743713378906,0.0,0.0
137,0.0011746883392333984,0.0,0.0
138,0.00043964385986328125,0.0,0.0
139,0.0011942386627197266,0.0,0.0
140,0.00043964385986328125,0.0,0.0
141,0.0011970996856689453,0.0,0.0
142,0.0004439353942871094,0.0,0.0
143,0.0011715888977050781,0.0,0.0
144,0.0011286735534667969,0.0,0.0
145,0.00044417381286621094,0.0,0.0
146,0.0012135505676269531,0.0,0.0
147,0.00045943260192871094,0.0,0.0
148,0.001169443130493164,0.0,0.0
149,0.0004742145538330078,0.0,0.0
150,0.001216888427734375,0.0,0.0
151,0.00044846534729003906,0.0,0.0
152,0.0011906623840332031,0.0,0.0
153,0.0004417896270751953,0.0,0.0
154,0.0014159679412841797,0.0,0.0
155,0.0004184246063232422,0.0,0.0
156,0.0005118846893310547,0.0,0.0
157,0.0016732215881347656,0.0,0.0
158,0.0004761219024658203,0.0,0.0
159,0.001203298568725586,0.0,0.0
160,0.0012331008911132812,0.0,0.0
161,0.0004978179931640625,0.0,0.0
162,0.0012180805206298828,0.0,0.0
163,0.0004680156707763672,0.0,0.0
164,0.0012159347534179688,0.0,0.0
165,0.00047135353088378906,0.0,0.0
166,0.0016236305236816406,0.0,0.0
167,0.0013415813446044922,0.0,0.0
168,0.0004909038543701172,0.0,0.0
169,0.001355886459350586,0.0,0.0
170,0.0008695125579833984,0.002,0.0
171,0.0004417896270751953,0.004,0.0
172,0.0007908344268798828,0.004,0.0
173,0.0005104541778564453,0.004,0.0
174,0.0012722015380859375,0.004,0.0
175,0.0005071163177490234,0.004,0.0
176,0.0007035732269287109,0.009,0.0
177,0.0004913806915283203,0.009,0.0
178,0.0008318424224853516,0.009,0.0
179,0.00046324729919433594,0.011,0.0
180,0.00037169456481933594,0.013,0.0
181,0.0005259513854980469,0.013,0.0
182,0.0007238388061523438,0.017,0.0
183,0.0005145072937011719,0.019,0.0
184,0.0005109310150146484,0.022,0.0
185,0.0004813671112060547,0.024,0.0
186,0.0004391670227050781,0.024,0.0
187,0.0004558563232421875,0.024,0.0
188,0.0010700225830078125,0.024,0.0
189,0.00043845176696777344,0.024,0.0
190,0.0019211769104003906,0.024,0.0
191,0.0004699230194091797,0.026,0.0
192,0.0010352134704589844,0.026,0.0
193,0.0004525184631347656,0.028,0.0
194,0.0004322528839111328,0.03,0.0
195,0.0006003379821777344,0.032,0.0
196,0.00044989585876464844,0.034,0.0
197,0.0004553794860839844,0.037,0.0
198,0.0005087852478027344,0.037,0.0
199,0.00130462646484375,0.037,0.0
200,0.0005507469177246094,0.041,0.0
201,0.0005407333374023438,0.041,0.0
202,0.0007965564727783203,0.043,0.0
203,0.0004298686981201172,0.043,0.4
204,0.0004382133483886719,0.043,0.4
205,0.0016286373138427734,0.043,0.4
206,0.0004894733428955078,0.043,0.4
207,0.00122833251953125,0.043,0.8
208,0.0004749298095703125,0.045,0.8
209,0.0009500980377197266,0.045,0.8
210,0.0006799697875976562,0.045,1.2000000000000002
211,0.0014302730560302734,0.045,1.6
212,0.00047087669372558594,0.045,1.6
213,0.0012845993041992188,0.045,2.0
214,0.0012845993041992188,0.045,2.0
215,0.001224517822265625,0.045,2.4000000000000004
216,0.0004353523254394531,0.045,2.8000000000000003
217,0.0012705326080322266,0.045,2.8000000000000003
218,0.0004429817199707031,0.045,3.2
219,0.001285552978515625,0.045,3.6
220,0.00043463706970214844,0.045,4.0
221,0.0008423328399658203,0.047,4.4
222,0.000507354736328125,0.047,4.800000000000001
223,0.0011086463928222656,0.05,5.2
224,0.00101470947265625,0.05,5.6000000000000005
225,0.0005404949188232422,0.05,6.0
226,0.0017199516296386719,0.052,6.4
227,0.0007774829864501953,0.054,6.4
228,0.0015773773193359375,0.054,6.800000000000001
229,0.0005826950073242188,0.056,7.2
230,0.0015344619750976562,0.056,7.6000000000000005
231,0.0004911422729492188,0.056,8.0
232,0.0012006759643554688,0.056,8.0
233,0.00051116943359375,0.058,8.4
234,0.0012595653533935547,0.06,8.4
235,0.0004894733428955078,0.06,8.8
236,0.0005640983581542969,0.063,8.8
237,0.0005209445953369141,0.063,9.200000000000001
238,0.0012500286102294922,0.063,9.200000000000001
239,0.00048041343688964844,0.067,9.200000000000001
240,0.0007092952728271484,0.071,9.600000000000001
241,0.0005366802215576172,0.075,9.600000000000001
242,0.00037026405334472656,0.078,9.600000000000001
243,0.0005962848663330078,0.08,9.600000000000001
244,0.00048232078552246094,0.082,9.600000000000001
245,0.0004372596740722656,0.084,9.600000000000001
246,0.0004563331604003906,0.086,9.600000000000001
247,0.0004565715789794922,0.093,9.600000000000001
248,0.00046539306640625,0.095,9.600000000000001
249,0.0004515647888183594,0.097,9.600000000000001
250,0.0005078315734863281,0.097,9.600000000000001
251,0.00046372413635253906,0.099,9.600000000000001
252,0.0004940032958984375,0.099,9.600000000000001
253,0.0003743171691894531,0.103,9.600000000000001
254,0.0004756450653076172,0.103,10.0
255,0.00047516822814941406,0.103,10.0
256,0.0010573863983154297,0.103,10.0
257,0.0005040168762207031,0.106,10.4
258,0.0005121231079101562,0.106,10.4
259,0.0010039806365966797,0.108,10.4
260,0.0008120536804199219,0.11,10.8
261,0.0006618499755859375,0.114,11.200000000000001
262,0.0004696846008300781,0.119,11.200000000000001
263,0.0004737377166748047,0.121,11.600000000000001
264,0.0004932880401611328,0.123,12.0
265,0.0004341602325439453,0.123,12.4
266,0.00043511390686035156,0.123,12.8
267,0.00042057037353515625,0.123,13.200000000000001
268,0.0004267692565917969,0.123,13.600000000000001
269,0.0005459785461425781,0.123,14.4
270,0.0010204315185546875,0.123,14.8
271,0.0004513263702392578,0.125,15.200000000000001
272,0.0006053447723388672,0.127,16.0
273,0.00048160552978515625,0.127,16.400000000000002
274,0.0007450580596923828,0.131,17.2
275,0.0005238056182861328,0.134,17.6
276,0.0005910396575927734,0.136,18.400000000000002
277,0.0007488727569580078,0.138,19.200000000000003
278,0.0005199909210205078,0.138,19.6
279,0.0005271434783935547,0.138,20.400000000000002
280,0.001013040542602539,0.138,20.8
281,0.00047969818115234375,0.138,21.6
282,0.0014014244079589844,0.138,22.400000000000002
283,0.00045299530029296875,0.138,22.8
284,0.0011851787567138672,0.138,23.6
285,0.00046706199645996094,0.138,24.0
286,0.0012998580932617188,0.138,24.8
287,0.00045490264892578125,0.138,25.200000000000003
288,0.0013895034790039062,0.138,25.6
289,0.00047779083251953125,0.138,26.400000000000002
290,0.0016307830810546875,0.138,26.8
291,0.00047659873962402344,0.138,27.200000000000003
292,0.0019412040710449219,0.138,27.6
293,0.0004763603210449219,0.136,28.0
294,0.0015001296997070312,0.136,28.400000000000002
295,0.0004925727844238281,0.134,28.400000000000002
296,0.0005090236663818359,0.131,28.8
297,0.0004818439483642578,0.129,28.8
298,0.00048089027404785156,0.129,29.200000000000003
299,0.00044798851013183594,0.127,29.200000000000003
300,0.0004305839538574219,0.125,29.200000000000003
301,0.00045418739318847656,0.123,29.200000000000003
302,0.0005142688751220703,0.119,29.200000000000003
303,0.00043272972106933594,0.116,28.8
304,0.00047016143798828125,0.116,28.8
305,0.0004184246063232422,0.116,28.400000000000002
306,0.0004677772521972656,0.116,28.0
307,0.0010404586791992188,0.116,27.6
308,0.00043702125549316406,0.116,27.200000000000003
309,0.0019919872283935547,0.114,26.8
310,0.0004894733428955078,0.11,26.0
311,0.0007297992706298828,0.11,25.6
312,0.0005352497100830078,0.108,24.8
313,0.0006527900695800781,0.103,24.0
314,0.0005214214324951172,0.103,23.200000000000003
315,0.0007343292236328125,0.099,22.400000000000002
316,0.0004596710205078125,0.093,21.6
317,0.0005195140838623047,0.082,20.8
318,0.0004570484161376953,0.071,20.0
319,0.0004520416259765625,0.067,18.8
320,0.0004470348358154297,0.067,18.0
321,0.00042366981506347656,0.065,16.8
322,0.0007517337799072266,0.06,16.0
323,0.0005235671997070312,0.06,14.8
324,0.0008285045623779297,0.06,13.600000000000001
325,0.0004725456237792969,0.06,12.8
326,0.0012178421020507812,0.06,11.600000000000001
327,0.00045752525329589844,0.06,10.4
328,0.00048422813415527344,0.063,9.200000000000001
329,0.0021822452545166016,0.063,8.0
330,0.0007193088531494141,0.065,7.2
331,0.0005261898040771484,0.067,6.0
332,0.0005292892456054688,0.067,4.800000000000001
333,0.0014069080352783203,0.069,3.6
334,0.0005054473876953125,0.08,2.4000000000000004
335,0.0006852149963378906,0.084,1.6
336,0.000461578369140625,0.088,0.4
337,0.00046706199645996094,0.095,-0.4
338,0.0004508495330810547,0.101,-1.2000000000000002
339,0.0004513263702392578,0.106,-2.0
340,0.00044155120849609375,0.11,-2.4000000000000004
341,0.0004029273986816406,0.112,-3.2
342,0.0005195140838623047,0.112,-3.6
343,0.0006961822509765625,0.114,-3.6
344,0.000888824462890625,0.114,-4.0
345,0.0009262561798095703,0.114,-4.0
346,0.0008933544158935547,0.114,-3.6
347,0.0005006790161132812,0.119,-3.6
348,0.0006432533264160156,0.119,-2.8000000000000003
349,0.0004737377166748047,0.121,-2.4000000000000004
350,0.0007307529449462891,0.121,-1.6
351,0.0004858970642089844,0.121,-0.8
352,0.0009760856628417969,0.121,0.4
353,0.0005962848663330078,0.121,1.6
354,0.0023200511932373047,0.121,2.8000000000000003
355,0.0007236003875732422,0.121,4.4
356,0.0018656253814697266,0.121,6.0
357,0.0019497871398925781,0.121,7.6000000000000005
358,0.0006818771362304688,0.121,9.200000000000001
359,0.0018513202667236328,0.121,11.200000000000001
360,0.0007567405700683594,0.121,12.8
361,0.001806497573852539,0.121,14.8
362,0.00074005126953125,0.121,16.400000000000002
363,0.0017194747924804688,0.121,18.400000000000002
364,0.0007174015045166016,0.121,20.400000000000002
365,0.0020580291748046875,0.121,22.0
366,0.0007104873657226562,0.121,24.0
367,0.0018570423126220703,0.121,25.6
368,0.0007083415985107422,0.121,27.6
369,0.0019006729125976562,0.121,29.200000000000003
370,0.0019006729125976562,0.114,29.200000000000003
371,0.0008358955383300781,0.108,30.8
372,0.0006794929504394531,0.099,32.0
373,0.0004429817199707031,0.088,33.6
374,0.0004544258117675781,0.088,34.800000000000004
375,0.0004353523254394531,0.088,35.6
376,0.0003876686096191406,0.088,36.800000000000004
377,0.00048089027404785156,0.086,37.6
378,0.0004935264587402344,0.084,38.0
379,0.0008184909820556641,0.084,38.400000000000006
380,0.00044989585876464844,0.082,38.800000000000004
381,0.0007982254028320312,0.082,39.2
382,0.0007574558258056641,0.082,38.800000000000004
383,0.0008831024169921875,0.082,38.800000000000004
384,0.0006496906280517578,0.082,38.0
385,0.0022416114807128906,0.082,37.6
386,0.0015931129455566406,0.082,36.800000000000004
387,0.00075531005859375,0.082,35.6
388,0.0020558834075927734,0.082,34.4
389,0.0007770061492919922,0.082,33.2
390,0.0019989013671875,0.082,31.6
391,0.0015609264373779297,0.082,30.0
392,0.002196073532104492,0.082,28.0
393,0.0015974044799804688,0.082,26.0
394,0.001990079879760742,0.082,24.0
395,0.002000570297241211,0.082,22.0
396,0.0007970333099365234,0.082,17.6
397,0.0017392635345458984,0.082,15.200000000000001
398,0.0014691352844238281,0.082,12.8
399,0.0015213489532470703,0.082,10.4
400,0.0007579326629638672,0.082,8.4
401,0.001964092254638672,0.082,6.0
402,0.0016758441925048828,0.082,3.6
403,0.0008385181427001953,0.082,1.6
404,0.0021810531616210938,0.082,-0.4
405,0.001684427261352539,0.082,-2.4000000000000004
406,0.001705169677734375,0.082,-4.4
407,0.0015327930450439453,0.082,-6.4
408,0.0008716583251953125,0.082,-8.0
409,0.0016531944274902344,0.082,-9.200000000000001
410,0.0008122920989990234,0.082,-10.4
411,0.0019488334655761719,0.082,-11.600000000000001
412,0.0015130043029785156,0.082,-12.4
413,0.0007488727569580078,0.082,-13.200000000000001
414,0.001631021499633789,0.082,-14.0
415,0.0006909370422363281,0.082,-14.0
416,0.001543283462524414,0.082,-14.4
417,0.0006024837493896484,0.082,-14.0
418,0.0018062591552734375,0.082,-14.0
419,0.0008816719055175781,0.082,-13.600000000000001
420,0.002037525177001953,0.082,-12.8
421,0.0019092559814453125,0.082,-12.0
422,0.0006642341613769531,0.091,-10.8
423,0.0006937980651855469,0.099,-9.600000000000001
424,0.00036716461181640625,0.108,-8.4
425,0.0007631778717041016,0.114,-6.800000000000001
426,0.0005042552947998047,0.121,-5.2
427,0.0004475116729736328,0.125,-3.2
428,0.0004425048828125,0.127,-1.6
429,0.0004429817199707031,0.127,0.4
430,0.00045609474182128906,0.127,2.8000000000000003
431,0.0013952255249023438,0.127,4.800000000000001
432,0.0006256103515625,0.127,7.2
433,0.0018494129180908203,0.127,9.600000000000001
434,0.0007269382476806641,0.127,12.0
435,0.0020618438720703125,0.127,14.4
436,0.0007283687591552734,0.127,16.8
437,0.0017368793487548828,0.127,19.200000000000003
438,0.0005366802215576172,0.127,21.6
439,0.0017924308776855469,0.127,24.400000000000002
440,0.0006527900695800781,0.127,26.400000000000002
441,0.0017445087432861328,0.127,28.8
442,0.000713348388671875,0.127,31.200000000000003
443,0.0018558502197265625,0.127,33.2
444,0.0006809234619140625,0.127,35.6
445,0.002248048782348633,0.127,37.2
446,0.0017671585083007812,0.127,39.2
447,0.001592397689819336,0.127,40.800000000000004
448,0.0010006427764892578,0.127,42.400000000000006
449,0.0018360614776611328,0.127,43.6
450,0.0007009506225585938,0.127,44.800000000000004
451,0.0011630058288574219,0.123,46.0
452,0.0004756450653076172,0.114,46.800000000000004
453,0.0010063648223876953,0.101,47.2
454,0.00052642822265625,0.088,47.6
455,0.0005092620849609375,0.08,48.0
456,0.0005521774291992188,0.075,48.0
457,0.0006060600280761719,0.071,48.0
458,0.0006601810455322266,0.071,47.6
459,0.0006382465362548828,0.071,47.2
460,0.0007035732269287109,0.071,46.400000000000006
461,0.0005452632904052734,0.071,45.2
462,0.0019502639770507812,0.071,44.0
463,0.0007164478302001953,0.071,42.400000000000006
464,0.0019333362579345703,0.071,40.800000000000004
465,0.002240419387817383,0.071,38.800000000000004
466,0.0016918182373046875,0.071,36.800000000000004
467,0.0015006065368652344,0.071,34.4
468,0.0008738040924072266,0.071,31.6
469,0.001744985580444336,0.071,29.200000000000003
470,0.0008196830749511719,0.071,26.400000000000002
471,0.0019121170043945312,0.071,23.200000000000003
472,0.0003933906555175781,0.071,20.400000000000002
473,0.0025238990783691406,0.071,17.2
474,0.0016469955444335938,0.071,14.0
475,0.0007703304290771484,0.071,10.8
476,0.0016815662384033203,0.071,7.6000000000000005
477,0.0007088184356689453,0.071,4.4
478,0.001613616943359375,0.071,1.2000000000000002
479,0.0007944107055664062,0.071,-2.0
480,0.0017807483673095703,0.071,-4.800000000000001
481,0.0007262229919433594,0.071,-8.0
482,0.00189208984375,0.071,-10.8
483,0.0007359981536865234,0.071,-13.200000000000001
484,0.0016710758209228516,0.071,-15.600000000000001
485,0.0007052421569824219,0.071,-17.6
486,0.0018460750579833984,0.071,-19.6
487,0.0005805492401123047,0.071,-21.6
488,0.0016143321990966797,0.071,-22.8
489,0.0007181167602539062,0.071,-24.400000000000002
490,0.0019047260284423828,0.071,-25.200000000000003
491,0.0008032321929931641,0.071,-26.0
492,0.001958131790161133,0.071,-26.400000000000002
493,0.0006988048553466797,0.071,-26.400000000000002
494,0.0020203590393066406,0.071,-26.400000000000002
495,0.0007371902465820312,0.071,-26.0
496,0.0017352104187011719,0.071,-25.200000000000003
497,0.0007462501525878906,0.071,-24.400000000000002
498,0.0017774105072021484,0.071,-23.200000000000003
499,0.0016088485717773438,0.071,-21.6
500,0.0016338825225830078,0.071,-20.0
501,0.0020036697387695312,0.071,-18.0
502,0.0016083717346191406,0.071,-16.0
503,0.0007281303405761719,0.071,-13.600000000000001
504,0.0015788078308105469,0.071,-11.200000000000001
505,0.001567840576171875,0.071,-8.4
506,0.0015850067138671875,0.071,-5.6000000000000005
507,0.001667022705078125,0.071,-2.8000000000000003
508,0.0007836818695068359,0.071,0.0
509,0.0018625259399414062,0.071,3.2
510,0.0020341873168945312,0.071,6.0
511,0.0015718936920166016,0.071,9.200000000000001
512,0.0015609264373779297,0.071,12.0
513,0.0015370845794677734,0.071,15.200000000000001
514,0.0018782615661621094,0.071,18.0
515,0.0018649101257324219,0.071,20.8
516,0.0007746219635009766,0.071,23.6
517,0.001741170883178711,0.071,26.400000000000002
518,0.0018298625946044922,0.071,28.8
519,0.0019354820251464844,0.071,30.8
520,0.0018024444580078125,0.071,33.2
521,0.0018024444580078125,0.071,33.2
522,0.0018184185028076172,0.071,35.2
523,0.0015969276428222656,0.071,36.800000000000004
524,0.001486063003540039,0.071,38.400000000000006
525,0.0015957355499267578,0.071,39.6
526,0.0010442733764648438,0.073,40.800000000000004
527,0.0003197193145751953,0.088,41.6
528,0.00070953369140625,0.106,42.0
529,0.0007739067077636719,0.123,42.400000000000006
530,0.0006816387176513672,0.131,42.400000000000006
531,0.0004818439483642578,0.134,42.400000000000006
532,0.0005834102630615234,0.134,42.0
533,0.0010006427764892578,0.134,41.2
534,0.0004930496215820312,0.134,40.400000000000006
535,0.0019626617431640625,0.136,39.6
536,0.0005147457122802734,0.138,38.400000000000006
537,0.0005364418029785156,0.138,37.2
538,0.002197265625,0.138,35.6
539,0.0004875659942626953,0.138,34.0
540,0.0016748905181884766,0.138,32.4
541,0.0007181167602539062,0.138,30.8
542,0.0017006397247314453,0.138,29.200000000000003
543,0.0007026195526123047,0.138,27.200000000000003
544,0.001636505126953125,0.138,25.6
545,0.0007443428039550781,0.138,23.6
546,0.0018706321716308594,0.138,21.6
547,0.0007777214050292969,0.138,20.0
548,0.001901388168334961,0.138,18.0
549,0.0007600784301757812,0.138,16.400000000000002
550,0.001928567886352539,0.138,14.4
551,0.0007798671722412109,0.138,12.8
552,0.0019283294677734375,0.136,11.200000000000001
553,0.0011599063873291016,0.136,10.0
554,0.0011982917785644531,0.136,8.4
555,0.0007750988006591797,0.134,7.2
556,0.0008754730224609375,0.131,6.0
557,0.0008585453033447266,0.129,4.800000000000001
558,0.0005469322204589844,0.121,4.0
559,0.00045871734619140625,0.116,3.2
560,0.0004973411560058594,0.116,2.4000000000000004
561,0.0007340908050537109,0.114,2.0
562,0.000978231430053711,0.114,1.6
563,0.0007266998291015625,0.114,1.6
564,0.0005483627319335938,0.11,1.2000000000000002
565,0.0005352497100830078,0.108,1.2000000000000002
566,0.0009522438049316406,0.101,1.6
567,0.00072479248046875,0.097,2.0
568,0.0007131099700927734,0.095,2.4000000000000004
569,0.0007250308990478516,0.091,2.8000000000000003
570,0.0006411075592041016,0.088,3.2
571,0.0005500316619873047,0.086,4.0
572,0.0007462501525878906,0.086,4.800000000000001
573,0.0005712509155273438,0.086,5.6000000000000005
574,0.0013506412506103516,0.086,6.4
575,0.0006604194641113281,0.086,7.6000000000000005
576,0.001194000244140625,0.086,8.4
577,0.00044655799865722656,0.082,9.600000000000001
578,0.0008661746978759766,0.082,10.4
579,0.002279520034790039,0.082,11.600000000000001
580,0.0009591579437255859,0.082,12.4
581,0.0019311904907226562,0.082,13.600000000000001
582,0.001622915267944336,0.082,14.4
583,0.0007531642913818359,0.082,15.600000000000001
584,0.0016932487487792969,0.082,16.400000000000002
585,0.0008056163787841797,0.082,17.2
586,0.0019884109497070312,0.082,18.0
587,0.0007376670837402344,0.082,18.8
588,0.0019240379333496094,0.082,19.200000000000003
589,0.0008168220520019531,0.082,20.0
590,0.0016837120056152344,0.082,20.400000000000002
591,0.0008161067962646484,0.082,20.8
592,0.0018961429595947266,0.082,21.200000000000003
593,0.0008559226989746094,0.082,21.6
594,0.0004341602325439453,0.088,21.6
595,0.00057220458984375,0.097,22.0
596,0.0005619525909423828,0.103,22.0
597,0.0006422996520996094,0.112,22.0
598,0.0007462501525878906,0.116,21.6
599,0.0004944801330566406,0.121,21.6
600,0.0004756450653076172,0.123,21.200000000000003
601,0.0004532337188720703,0.123,20.8
602,0.0008299350738525391,0.127,20.400000000000002
603,0.0004680156707763672,0.127,20.0
604,0.00048232078552246094,0.129,19.200000000000003
605,0.0005140304565429688,0.134,18.8
606,0.0005018711090087891,0.134,18.400000000000002
607,0.0004608631134033203,0.136,18.0
608,0.0008206367492675781,0.136,17.2
609,0.0006635189056396484,0.136,16.8
610,0.0005204677581787109,0.136,16.400000000000002
611,0.0013132095336914062,0.136,16.0
612,0.0005831718444824219,0.14,15.600000000000001
613,0.0012524127960205078,0.14,15.200000000000001
614,0.0016672611236572266,0.14,14.8
615,0.0018768310546875,0.14,14.8
616,0.0010831356048583984,0.14,14.4
617,0.0017044544219970703,0.14,14.4
618,0.002213716506958008,0.14,14.4
619,0.0008006095886230469,0.14,14.0
620,0.0017507076263427734,0.14,14.4
621,0.0007202625274658203,0.14,14.4
622,0.0017459392547607422,0.14,14.4
623,0.0016617774963378906,0.14,14.8
624,0.0015583038330078125,0.14,14.8
625,0.002126932144165039,0.14,15.200000000000001
626,0.001672506332397461,0.14,15.600000000000001
627,0.0018744468688964844,0.14,16.0
628,0.0020294189453125,0.14,16.400000000000002
629,0.0009438991546630859,0.14,16.8
630,0.001577615737915039,0.14,17.6
631,0.0005216598510742188,0.142,18.0
632,0.0005831718444824219,0.144,18.8
633,0.0006313323974609375,0.144,19.200000000000003
634,0.0006816387176513672,0.144,20.0
635,0.0003254413604736328,0.147,20.8
636,0.0004773139953613281,0.147,21.200000000000003
637,0.0009043216705322266,0.147,22.0
638,0.0004901885986328125,0.147,22.8
639,0.0005624294281005859,0.149,23.200000000000003
640,0.0004994869232177734,0.149,24.0
641,0.00276947021484375,0.149,24.8
642,0.0005674362182617188,0.149,25.200000000000003
643,0.0005578994750976562,0.151,26.0
644,0.0005142688751220703,0.151,26.8
645,0.002354145050048828,0.151,27.200000000000003
646,0.0006113052368164062,0.151,28.0
647,0.0021371841430664062,0.151,28.400000000000002
648,0.0005700588226318359,0.151,28.8
649,0.0008378028869628906,0.153,29.6
650,0.0005030632019042969,0.153,30.0
651,0.000965118408203125,0.153,30.400000000000002
652,0.0007166862487792969,0.153,30.8
653,0.0019271373748779297,0.153,31.200000000000003
654,0.0015759468078613281,0.153,31.6
655,0.0016524791717529297,0.153,31.6
656,0.0017049312591552734,0.153,32.0
657,0.0010335445404052734,0.155,32.0
658,0.0010335445404052734,0.159,32.0
659,0.000576019287109375,0.159,32.4
660,0.001298666000366211,0.159,32.4
661,0.0005404949188232422,0.159,32.4
662,0.002503633499145508,0.159,32.4
663,0.0004856586456298828,0.162,32.4
664,0.0008800029754638672,0.162,32.4
665,0.0009362697601318359,0.162,32.0
666,0.0005555152893066406,0.164,32.0
667,0.0011227130889892578,0.164,32.0
668,0.0009326934814453125,0.164,31.6
669,0.0026247501373291016,0.164,31.200000000000003
670,0.0016446113586425781,0.164,31.200000000000003
671,0.0016543865203857422,0.164,30.8
672,0.0004734992980957031,0.166,30.400000000000002
673,0.0005316734313964844,0.168,30.400000000000002
674,0.0009791851043701172,0.168,30.0
675,0.0005192756652832031,0.168,29.6
676,0.0022814273834228516,0.168,29.200000000000003
677,0.0017783641815185547,0.168,28.8
678,0.001813650131225586,0.168,28.8
679,0.0021224021911621094,0.168,28.400000000000002
680,0.0016138553619384766,0.168,28.0
681,0.001749277114868164,0.168,28.0
682,0.0006475448608398438,0.168,27.6
683,0.0005023479461669922,0.17,27.200000000000003
684,0.0009083747863769531,0.17,27.200000000000003
685,0.00048422813415527344,0.17,26.8
686,0.002226591110229492,0.17,26.8
687,0.0006256103515625,0.17,26.400000000000002
688,0.0017287731170654297,0.17,26.400000000000002
689,0.0007548332214355469,0.17,26.400000000000002
690,0.001680612564086914,0.17,26.400000000000002
691,0.00048804283142089844,0.17,26.400000000000002
692,0.0020983219146728516,0.17,26.400000000000002
693,0.0005700588226318359,0.172,26.400000000000002
694,0.00033736228942871094,0.175,26.400000000000002
695,0.0005717277526855469,0.175,26.400000000000002
696,0.0004906654357910156,0.175,26.400000000000002
697,0.0005412101745605469,0.177,26.8
698,0.0005922317504882812,0.177,26.8
699,0.0004558563232421875,0.179,27.200000000000003
700,0.00047969818115234375,0.179,27.200000000000003
701,0.0004420280456542969,0.179,27.6
702,0.0024290084838867188,0.179,28.0
703,0.0005719661712646484,0.179,28.400000000000002
704,0.001844644546508789,0.179,28.400000000000002
705,0.0006921291351318359,0.179,28.8
706,0.001897573471069336,0.179,29.200000000000003
707,0.0006685256958007812,0.179,29.6
708,0.0017888545989990234,0.179,30.0
709,0.0005397796630859375,0.179,30.8
710,0.0016891956329345703,0.179,31.200000000000003
711,0.0016672611236572266,0.179,31.6
712,0.0018887519836425781,0.179,32.0
713,0.0018856525421142578,0.179,32.800000000000004
714,0.0007884502410888672,0.179,33.2
715,0.0005757808685302734,0.181,33.6
716,0.0006556510925292969,0.183,34.0
717,0.0010182857513427734,0.183,34.800000000000004
718,0.0004830360412597656,0.183,35.2
719,0.0007944107055664062,0.185,35.6
720,0.0010466575622558594,0.185,36.0
721,0.0007266998291015625,0.185,36.4
722,0.001636505126953125,0.185,36.800000000000004
723,0.0012583732604980469,0.188,37.6
724,0.0007119178771972656,0.188,38.0
725,0.002140045166015625,0.188,38.0
726,0.0004887580871582031,0.19,38.400000000000006
727,0.001985311508178711,0.19,38.800000000000004
728,0.0015633106231689453,0.19,39.2
729,0.0018188953399658203,0.19,39.6
730,0.0017409324645996094,0.19,39.6
731,0.0010540485382080078,0.192,40.0
732,0.0006282329559326172,0.194,40.400000000000006
733,0.0007197856903076172,0.194,40.400000000000006
734,0.0005486011505126953,0.196,40.800000000000004
735,0.0013992786407470703,0.196,40.800000000000004
736,0.0004627704620361328,0.198,40.800000000000004
737,0.0011281967163085938,0.198,41.2
738,0.0006363391876220703,0.198,41.2
739,0.00045561790466308594,0.198,41.2
740,0.0011112689971923828,0.2,41.2
741,0.0004527568817138672,0.2,41.6
742,0.0004677772521972656,0.2,41.6
743,0.0027027130126953125,0.2,41.6
744,0.0005650520324707031,0.2,41.6
745,0.0016903877258300781,0.2,41.6
746,0.000598907470703125,0.2,41.6
747,0.0016560554504394531,0.2,41.6
748,0.0010008811950683594,0.2,41.6
749,0.0009615421295166016,0.198,41.6
750,0.0010673999786376953,0.198,41.6
751,0.000492095947265625,0.196,41.6
752,0.0005764961242675781,0.194,41.6
753,0.0004963874816894531,0.192,41.6
754,0.000720977783203125,0.19,41.6
755,0.0004858970642089844,0.185,41.6
756,0.00047588348388671875,0.183,41.6
757,0.0007588863372802734,0.181,41.6
758,0.0004558563232421875,0.177,41.6
759,0.0004658699035644531,0.175,41.6
760,0.0004391670227050781,0.175,41.6
761,0.0006184577941894531,0.172,41.2
762,0.0005927085876464844,0.17,41.2
763,0.0004620552062988281,0.168,41.2
764,0.0005831718444824219,0.168,40.800000000000004
765,0.0005247592926025391,0.166,40.400000000000006
766,0.0011415481567382812,0.166,40.400000000000006
767,0.0005772113800048828,0.162,40.0
768,0.0005538463592529297,0.157,39.6
769,0.0005557537078857422,0.155,39.2
770,0.0006992816925048828,0.155,38.800000000000004
771,0.00060272216796875,0.151,38.0
772,0.0006983280181884766,0.149,37.6
773,0.0004918575286865234,0.142,36.800000000000004
774,0.00031757354736328125,0.136,36.0
775,0.0004782676696777344,0.134,35.2
776,0.0005981922149658203,0.127,34.4
777,0.0003871917724609375,0.121,33.6
778,0.0005648136138916016,0.114,32.800000000000004
779,0.0005257129669189453,0.11,32.0
780,0.0004811286926269531,0.106,30.8
781,0.00043892860412597656,0.106,29.6
782,0.0004849433898925781,0.103,28.400000000000002
783,0.0004837512969970703,0.103,27.200000000000003
784,0.0012867450714111328,0.101,26.0
785,0.0007920265197753906,0.099,24.8
786,0.0007770061492919922,0.099,23.200000000000003
787,0.0006151199340820312,0.099,22.0
788,0.0009746551513671875,0.097,20.400000000000002
789,0.0005555152893066406,0.097,18.8
790,0.000606536865234375,0.097,17.2
791,0.0030694007873535156,0.097,15.600000000000001
792,0.0006320476531982422,0.097,14.0
793,0.0017991065979003906,0.097,12.4
794,0.0017430782318115234,0.097,11.200000000000001
795,0.0006101131439208984,0.097,9.600000000000001
796,0.0013740062713623047,0.097,8.0
797,0.0007064342498779297,0.097,6.4
798,0.0017695426940917969,0.097,5.2
799,0.0009644031524658203,0.097,4.0
800,0.0017023086547851562,0.097,2.8000000000000003
801,0.0005817413330078125,0.097,1.6
802,0.0018072128295898438,0.097,0.4
803,0.0006363391876220703,0.097,-0.4
804,0.0017299652099609375,0.097,-1.2000000000000002
805,0.0006830692291259766,0.097,-2.0
806,0.0016329288482666016,0.097,-2.4000000000000004
807,0.0007791519165039062,0.097,-2.8000000000000003
808,0.0017323493957519531,0.097,-3.2
809,0.0006926059722900391,0.097,-3.2
810,0.0016856193542480469,0.097,-3.2
811,0.0006725788116455078,0.097,-3.2
812,0.0020940303802490234,0.097,-2.8000000000000003
813,0.0007603168487548828,0.097,-2.4000000000000004
814,0.0016782283782958984,0.097,-2.0
815,0.0006794929504394531,0.097,-1.6
816,0.0006794929504394531,0.101,-1.6
817,0.0005764961242675781,0.108,-0.8
818,0.0003612041473388672,0.112,0.0
819,0.00038242340087890625,0.114,1.2000000000000002
820,0.0004286766052246094,0.116,2.0
821,0.0005245208740234375,0.121,3.2
822,0.0004756450653076172,0.123,4.4
823,0.0005617141723632812,0.123,5.6000000000000005
824,0.0006668567657470703,0.123,7.2
825,0.0008482933044433594,0.123,8.4
826,0.0005717277526855469,0.125,10.0
827,0.0008149147033691406,0.125,11.200000000000001
828,0.0005795955657958984,0.125,12.8
829,0.0015361309051513672,0.125,14.4
830,0.0004973411560058594,0.127,16.0
831,0.0008311271667480469,0.127,17.6
832,0.0008513927459716797,0.127,19.200000000000003
833,0.0011723041534423828,0.127,20.8
834,0.0024650096893310547,0.127,22.400000000000002
835,0.0007767677307128906,0.131,24.0
836,0.0008151531219482422,0.131,25.200000000000003
837,0.0024383068084716797,0.131,26.8
838,0.0011572837829589844,0.131,28.0
839,0.0019423961639404297,0.131,29.200000000000003
840,0.0007681846618652344,0.131,30.400000000000002
841,0.0017857551574707031,0.131,31.6
842,0.0006883144378662109,0.131,32.4
843,0.0011305809020996094,0.131,33.6
844,0.0005791187286376953,0.134,34.4
845,0.0011661052703857422,0.134,35.2
846,0.0005214214324951172,0.134,35.6
847,0.0034720897674560547,0.134,36.0
848,0.000331878662109375,0.129,36.4
849,0.0008339881896972656,0.125,36.800000000000004
850,0.0005240440368652344,0.121,36.800000000000004
851,0.0005080699920654297,0.114,36.800000000000004
852,0.0005347728729248047,0.106,36.800000000000004
853,0.0005996227264404297,0.103,36.800000000000004
854,0.0005278587341308594,0.099,36.4
855,0.0007810592651367188,0.095,36.0
856,0.00048279762268066406,0.088,35.2
857,0.0004591941833496094,0.086,34.800000000000004
858,0.0004425048828125,0.082,33.6
859,0.00043845176696777344,0.082,32.800000000000004
860,0.00043487548828125,0.082,31.6
861,0.001312255859375,0.082,30.400000000000002
862,0.000362396240234375,0.082,29.200000000000003
863,0.00015282630920410156,0.082,27.6
864,0.00019288063049316406,0.082,26.400000000000002
865,0.00014519691467285156,0.082,24.400000000000002
866,0.00045800209045410156,0.082,22.8
867,0.000530242919921875,0.082,20.8
868,0.0003733634948730469,0.082,18.8
869,0.0005083084106445312,0.082,16.8
870,0.0024530887603759766,0.082,14.8
871,0.0007290840148925781,0.082,12.8
872,0.0005109310150146484,0.082,10.8
873,0.0018126964569091797,0.082,8.8
874,0.0016639232635498047,0.082,6.800000000000001
875,0.0016429424285888672,0.082,4.800000000000001
876,0.0015597343444824219,0.082,2.8000000000000003
877,0.0016565322875976562,0.082,0.8
878,0.0016858577728271484,0.082,-0.8
879,0.0016388893127441406,0.082,-2.8000000000000003
880,0.0017561912536621094,0.082,-4.4
881,0.0015025138854980469,0.082,-5.6000000000000005
882,0.0018029212951660156,0.082,-7.2
883,0.0007786750793457031,0.082,-8.4
884,0.001641988754272461,0.082,-9.200000000000001
885,0.001695394515991211,0.082,-10.4
886,0.0007603168487548828,0.082,-10.8
887,0.002154827117919922,0.082,-11.600000000000001
888,0.0007662773132324219,0.082,-12.0
889,0.001969575881958008,0.082,-12.0
890,0.000751495361328125,0.082,-12.0
891,0.002449512481689453,0.082,-12.0
892,0.0008175373077392578,0.082,-11.600000000000001
893,0.0016207695007324219,0.082,-10.8
894,0.000736236572265625,0.082,-10.4
895,0.0016391277313232422,0.082,-9.600000000000001
896,0.0008747577667236328,0.082,-8.4
897,0.0029556751251220703,0.082,-7.2
898,0.0005636215209960938,0.091,-6.0
899,0.0032711029052734375,0.095,-4.4
900,0.0005228519439697266,0.097,-3.2
901,0.0020575523376464844,0.103,-1.6
902,0.000789642333984375,0.106,0.4
903,0.0005145072937011719,0.112,2.0
904,0.0004830360412597656,0.112,4.0
905,0.0004928112030029297,0.112,5.6000000000000005
906,0.0004596710205078125,0.116,7.6000000000000005
907,0.0004563331604003906,0.116,9.600000000000001
908,0.00048470497131347656,0.116,11.600000000000001
909,0.002021312713623047,0.116,13.600000000000001
910,0.0005786418914794922,0.116,15.600000000000001
911,0.001861572265625,0.116,17.6
912,0.0006277561187744141,0.116,19.6
913,0.0018849372863769531,0.116,21.6
914,0.0007042884826660156,0.116,23.200000000000003
915,0.0017385482788085938,0.116,25.200000000000003
916,0.0006108283996582031,0.116,26.8
917,0.0019462108612060547,0.116,28.8
918,0.0007202625274658203,0.116,30.0
919,0.0017085075378417969,0.116,31.6
920,0.0015892982482910156,0.116,33.2
921,0.0007166862487792969,0.116,34.4
922,0.0020279884338378906,0.116,35.2
923,0.0007469654083251953,0.116,36.4
924,0.00032901763916015625,0.119,37.2
925,0.00095367431640625,0.123,38.0
926,0.0004124641418457031,0.125,38.400000000000006
927,0.0005350112915039062,0.127,38.800000000000004
928,0.0005371570587158203,0.129,38.800000000000004
929,0.0007014274597167969,0.134,39.2
930,0.0004892349243164062,0.138,38.800000000000004
931,0.0004756450653076172,0.14,38.800000000000004
932,0.0004439353942871094,0.144,38.400000000000006
933,0.0004367828369140625,0.144,38.0
934,0.0003674030303955078,0.144,37.2
935,0.0004649162292480469,0.144,36.4
936,0.0010788440704345703,0.144,35.6
937,0.0007085800170898438,0.144,34.800000000000004
938,0.0023009777069091797,0.144,33.6
939,0.0013511180877685547,0.144,32.4
940,0.0007421970367431641,0.144,31.200000000000003
941,0.0017137527465820312,0.144,30.0
942,0.0006425380706787109,0.144,28.8
943,0.0017523765563964844,0.144,27.6
944,0.0007083415985107422,0.144,26.0
945,0.0015552043914794922,0.144,24.8
946,0.0007450580596923828,0.14,23.200000000000003
947,0.00035262107849121094,0.134,22.0
948,0.0005500316619873047,0.134,20.8
949,0.00048422813415527344,0.134,19.200000000000003
950,0.001117706298828125,0.134,18.0
951,0.0005161762237548828,0.134,16.8
952,0.0019099712371826172,0.134,15.600000000000001
953,0.0006997585296630859,0.134,14.4
954,0.0019297599792480469,0.134,13.200000000000001
955,0.0007588863372802734,0.134,12.0
956,0.0017943382263183594,0.134,11.200000000000001
957,0.0007548332214355469,0.134,10.4
958,0.0016660690307617188,0.134,9.600000000000001
959,0.0006113052368164062,0.134,8.8
960,0.0016326904296875,0.134,8.0
961,0.0006916522979736328,0.134,7.6000000000000005
962,0.00208282470703125,0.134,6.800000000000001
963,0.0008258819580078125,0.134,6.4
964,0.001880645751953125,0.134,6.4
965,0.0007777214050292969,0.134,6.0
966,0.001728057861328125,0.134,6.0
967,0.0009093284606933594,0.134,6.0
968,0.002002716064453125,0.134,6.4
969,0.002002716064453125,0.134,6.4
970,0.0018696784973144531,0.134,6.4
971,0.0006821155548095703,0.134,6.800000000000001
972,0.0017995834350585938,0.134,7.2
973,0.0016744136810302734,0.134,8.0
974,0.0006549358367919922,0.134,8.4
975,0.0020847320556640625,0.134,9.200000000000001
976,0.0004975795745849609,0.136,10.0
977,0.00044417381286621094,0.138,10.8
978,0.0005028247833251953,0.142,12.0
979,0.0004062652587890625,0.147,12.8
980,0.0005447864532470703,0.155,14.0
981,0.0004436969757080078,0.159,15.200000000000001
982,0.0005261898040771484,0.162,16.400000000000002
983,0.000537872314453125,0.164,17.2
984,0.0004634857177734375,0.168,18.400000000000002
985,0.00045490264892578125,0.17,19.6
986,0.0004742145538330078,0.172,20.8
987,0.0006232261657714844,0.172,22.400000000000002
988,0.00045299530029296875,0.172,23.6
989,0.0005519390106201172,0.172,24.8
990,0.0020225048065185547,0.172,26.0
991,0.0007534027099609375,0.172,27.6
992,0.0018711090087890625,0.172,28.8
993,0.0007011890411376953,0.172,30.0
994,0.0006399154663085938,0.17,31.6
995,0.0004401206970214844,0.164,32.800000000000004
996,0.000446319580078125,0.157,34.0
997,0.0004858970642089844,0.153,35.2
998,0.0004401206970214844,0.149,36.4
999,0.0005414485931396484,0.142,37.6
1000,0.0003986358642578125,0.138,38.800000000000004
1001,0.0005447864532470703,0.131,39.6
1002,0.00046515464782714844,0.125,40.800000000000004
1003,0.0006296634674072266,0.119,41.6
1004,0.0006535053253173828,0.11,42.400000000000006
1005,0.00067901611328125,0.101,42.800000000000004
1006,0.00046372413635253906,0.097,43.2
1007,0.0004904270172119141,0.091,43.6
1008,0.00044465065002441406,0.086,44.0
1009,0.0004410743713378906,0.084,44.0
1010,0.0004191398620605469,0.084,43.6
1011,0.000453948974609375,0.084,43.2
1012,0.0004398822784423828,0.084,42.400000000000006
1013,0.0019443035125732422,0.084,41.6
1014,0.00046253204345703125,0.084,40.800000000000004
1015,0.0004379749298095703,0.084,39.6
1016,0.00045871734619140625,0.084,38.0
1017,0.0025653839111328125,0.084,36.4
1018,0.0005598068237304688,0.084,34.800000000000004
1019,0.0018432140350341797,0.084,32.800000000000004
1020,0.0005958080291748047,0.084,30.8
1021,0.0020856857299804688,0.084,28.400000000000002
1022,0.0007703304290771484,0.084,26.0
1023,0.0019702911376953125,0.084,23.6
1024,0.0006504058837890625,0.084,20.8
1025,0.0018074512481689453,0.084,18.400000000000002
1026,0.0015931129455566406,0.084,15.600000000000001
1027,0.0007925033569335938,0.084,12.8
1028,0.001589059829711914,0.084,10.0
1029,0.0006973743438720703,0.084,7.6000000000000005
1030,0.0017042160034179688,0.084,4.800000000000001
1031,0.0007448196411132812,0.084,2.0
1032,0.001936197280883789,0.084,-0.4
1033,0.0006926059722900391,0.084,-2.8000000000000003
1034,0.0018880367279052734,0.084,-5.2
1035,0.0016369819641113281,0.084,-7.6000000000000005
1036,0.0016226768493652344,0.084,-9.600000000000001
1037,0.0017921924591064453,0.084,-11.600000000000001
1038,0.0015552043914794922,0.084,-13.200000000000001
1039,0.0007910728454589844,0.084,-14.8
1040,0.0016400814056396484,0.084,-16.0
1041,0.0017724037170410156,0.084,-17.2
1042,0.0006170272827148438,0.084,-18.0
1043,0.0021140575408935547,0.084,-18.400000000000002
1044,0.0007128715515136719,0.084,-18.8
1045,0.0022335052490234375,0.084,-19.200000000000003
1046,0.0007529258728027344,0.084,-19.200000000000003
1047,0.0017161369323730469,0.084,-18.8
1048,0.0007226467132568359,0.084,-18.0
1049,0.0017154216766357422,0.084,-17.6
1050,0.0007731914520263672,0.084,-16.400000000000002
1051,0.001821279525756836,0.084,-15.200000000000001
1052,0.0007493495941162109,0.084,-14.0
1053,0.002036571502685547,0.084,-12.4
1054,0.00074005126953125,0.084,-10.4
1055,0.0017004013061523438,0.084,-8.4
1056,0.001497030258178711,0.084,-6.4
1057,0.0009055137634277344,0.084,-4.4
1058,0.0012717247009277344,0.086,-2.0
1059,0.0006170272827148438,0.091,0.4
1060,0.0005283355712890625,0.097,2.8000000000000003
1061,0.0005304813385009766,0.106,5.6000000000000005
1062,0.0004906654357910156,0.112,8.0
1063,0.0006949901580810547,0.116,10.4
1064,0.0004360675811767578,0.125,13.200000000000001
1065,0.00042629241943359375,0.127,15.600000000000001
1066,0.0004382133483886719,0.131,18.0
1067,0.0004749298095703125,0.131,20.400000000000002
1068,0.0004687309265136719,0.134,22.8
1069,0.00043463706970214844,0.134,25.200000000000003
1070,0.0004520416259765625,0.138,27.6
1071,0.0004303455352783203,0.138,29.6
1072,0.0004553794860839844,0.14,31.6
1073,0.0004410743713378906,0.14,33.6
1074,0.00115966796875,0.14,35.6
1075,0.00046944618225097656,0.142,37.2
1076,0.0006780624389648438,0.142,38.800000000000004
1077,0.0029900074005126953,0.142,40.400000000000006
1078,0.0005929470062255859,0.142,42.0
1079,0.0008132457733154297,0.149,43.2
1080,0.00037932395935058594,0.149,44.0
1081,0.0005238056182861328,0.151,44.800000000000004
1082,0.0009655952453613281,0.151,45.6
1083,0.0005204677581787109,0.153,46.400000000000006
1084,0.0004584789276123047,0.153,46.800000000000004
1085,0.0028891563415527344,0.153,46.800000000000004
1086,0.0008313655853271484,0.153,47.2
1087,0.0017917156219482422,0.153,47.2
1088,0.001630544662475586,0.153,46.800000000000004
1089,0.0005061626434326172,0.151,46.400000000000006
1090,0.0005321502685546875,0.151,46.0
1091,0.0007815361022949219,0.149,45.6
1092,0.0005524158477783203,0.147,44.800000000000004
1093,0.0009174346923828125,0.142,44.0
1094,0.0005795955657958984,0.136,43.2
1095,0.0009086132049560547,0.129,42.0
1096,0.00047898292541503906,0.123,40.800000000000004
1097,0.0004162788391113281,0.121,39.6
1098,0.0004949569702148438,0.114,38.400000000000006
1099,0.00044727325439453125,0.114,36.800000000000004
1100,0.0005052089691162109,0.114,35.2
1101,0.0006270408630371094,0.108,33.6
1102,0.0006270408630371094,0.106,33.6
1103,0.0006093978881835938,0.101,31.6
1104,0.0009229183197021484,0.101,30.0
1105,0.00047850608825683594,0.095,28.0
1106,0.0004878044128417969,0.093,26.0
1107,0.00045943260192871094,0.088,24.0
1108,0.0004696846008300781,0.086,21.6
1109,0.0004737377166748047,0.086,19.6
1110,0.0004379749298095703,0.086,17.2
1111,0.0015811920166015625,0.086,15.200000000000001
1112,0.0005929470062255859,0.086,12.8
1113,0.0020651817321777344,0.086,10.8
1114,0.0007822513580322266,0.086,8.4
1115,0.0021185874938964844,0.086,6.0
1116,0.001650094985961914,0.086,4.0
1117,0.0007655620574951172,0.086,2.0
1118,0.001657724380493164,0.086,0.0
1119,0.0006623268127441406,0.086,-2.0
1120,0.0020422935485839844,0.086,-4.0
1121,0.0006585121154785156,0.086,-5.6000000000000005
1122,0.0018420219421386719,0.086,-7.2
1123,0.001523733139038086,0.086,-8.8
1124,0.0007169246673583984,0.086,-10.0
1125,0.0021257400512695312,0.086,-11.200000000000001
1126,0.0007143020629882812,0.086,-12.0
1127,0.0018641948699951172,0.086,-12.8
1128,0.001644134521484375,0.086,-13.200000000000001
1129,0.0007488727569580078,0.086,-13.600000000000001
1130,0.0014832019805908203,0.086,-13.600000000000001
1131,0.0005466938018798828,0.086,-13.600000000000001
1132,0.0017292499542236328,0.086,-13.600000000000001
1133,0.0006747245788574219,0.086,-13.200000000000001
1134,0.0009355545043945312,0.088,-12.4
1135,0.0004532337188720703,0.091,-11.600000000000001
1136,0.001073598861694336,0.095,-10.4
1137,0.0006155967712402344,0.103,-9.600000000000001
1138,0.000762939453125,0.112,-8.0
1139,0.0006060600280761719,0.119,-6.800000000000001
1140,0.00045228004455566406,0.127,-5.2
1141,0.0004508495330810547,0.134,-3.2
1142,0.00043892860412597656,0.14,-1.6
1143,0.0005481243133544922,0.147,0.4
1144,0.00048422813415527344,0.151,2.4000000000000004
1145,0.0006527900695800781,0.153,4.4
1146,0.00045871734619140625,0.157,6.800000000000001
1147,0.0005459785461425781,0.164,9.200000000000001
1148,0.0009653568267822266,0.164,11.600000000000001
1149,0.0006101131439208984,0.17,14.0
1150,0.0005197525024414062,0.172,16.400000000000002
1151,0.00045800209045410156,0.177,18.8
1152,0.0004394054412841797,0.177,21.6
1153,0.0005042552947998047,0.181,24.0
1154,0.000438690185546875,0.183,26.8
1155,0.001138448715209961,0.183,29.200000000000003
1156,0.0004532337188720703,0.185,32.0
1157,0.0004966259002685547,0.185,34.4
1158,0.001119852066040039,0.185,36.800000000000004
1159,0.0005025863647460938,0.19,39.6
1160,0.0006353855133056641,0.19,42.0
1161,0.0005960464477539062,0.192,44.400000000000006
1162,0.0005044937133789062,0.192,46.800000000000004
1163,0.00045371055603027344,0.194,48.800000000000004
1164,0.0006155967712402344,0.194,50.800000000000004
1165,0.0004782676696777344,0.194,53.2
1166,0.003133535385131836,0.194,54.800000000000004
1167,0.0007634162902832031,0.194,56.800000000000004
1168,0.0022161006927490234,0.194,58.400000000000006
1169,0.0017528533935546875,0.194,60.0
1170,0.0003781318664550781,0.188,61.6
1171,0.001341104507446289,0.183,62.800000000000004
1172,0.0003314018249511719,0.175,64.0
1173,0.0003008842468261719,0.166,65.2
1174,0.0004792213439941406,0.162,66.0
1175,0.0006887912750244141,0.155,66.8
1176,0.00045609474182128906,0.149,67.60000000000001
1177,0.00047278404235839844,0.142,68.0
1178,0.0006203651428222656,0.134,68.4
1179,0.0003085136413574219,0.129,68.4
1180,0.0005271434783935547,0.123,68.4
1181,0.0004742145538330078,0.123,68.0
1182,0.0004475116729736328,0.123,67.60000000000001
1183,0.00044155120849609375,0.119,66.8
1184,0.0004374980926513672,0.119,66.0
1185,0.0006201267242431641,0.119,64.8
1186,0.0005242824554443359,0.119,63.2
1187,0.0010104179382324219,0.119,61.6
1188,0.0008983612060546875,0.119,59.6
1189,0.0023064613342285156,0.119,57.6
1190,0.001600503921508789,0.119,55.2
1191,0.0015397071838378906,0.119,52.400000000000006
1192,0.001325845718383789,0.119,49.6
1193,0.0010747909545898438,0.116,46.800000000000004
1194,0.0016849040985107422,0.116,43.6
1195,0.0019452571868896484,0.116,40.0
1196,0.0009407997131347656,0.116,36.4
1197,0.001806020736694336,0.116,32.800000000000004
1198,0.0008943080902099609,0.116,29.200000000000003
1199,0.0017910003662109375,0.116,25.200000000000003
1200,0.0009491443634033203,0.116,21.6
1201,0.0018229484558105469,0.116,17.6
1202,0.0015807151794433594,0.116,14.0
1203,0.0008907318115234375,0.116,10.0
1204,0.0019230842590332031,0.116,6.4
1205,0.0007336139678955078,0.116,2.8000000000000003
1206,0.0023250579833984375,0.116,-0.8
1207,0.000698089599609375,0.116,-4.0
1208,0.0018739700317382812,0.116,-7.2
1209,0.0007863044738769531,0.116,-10.4
1210,0.0018696784973144531,0.116,-13.200000000000001
1211,0.0015659332275390625,0.116,-15.600000000000001
1212,0.0007326602935791016,0.116,-17.6
1213,0.0017704963684082031,0.116,-19.6
1214,0.0016024112701416016,0.116,-21.200000000000003
1215,0.0005800724029541016,0.116,-22.400000000000002
1216,0.0020339488983154297,0.116,-23.200000000000003
1217,0.000789642333984375,0.116,-24.0
1218,0.0017638206481933594,0.116,-24.400000000000002
1219,0.0017161369323730469,0.116,-24.400000000000002
1220,0.0017261505126953125,0.116,-24.0
1221,0.0018258094787597656,0.116,-23.200000000000003
1222,0.0008840560913085938,0.116,-22.0
1223,0.0015943050384521484,0.116,-20.8
1224,0.0017066001892089844,0.116,-19.200000000000003
1225,0.0009305477142333984,0.116,-17.2
1226,0.0019419193267822266,0.116,-15.200000000000001
1227,0.0015728473663330078,0.116,-12.8
1228,0.0012004375457763672,0.116,-10.0
1229,0.0006644725799560547,0.116,-7.2
1230,0.0018808841705322266,0.116,-4.0
1231,0.001581430435180664,0.116,-0.8
1232,0.001451253890991211,0.116,2.4000000000000004
1233,0.0007722377777099609,0.116,6.0
1234,0.0016613006591796875,0.116,9.600000000000001
1235,0.0007948875427246094,0.116,13.200000000000001
1236,0.001844167709350586,0.116,16.8
1237,0.001733541488647461,0.116,20.0
1238,0.001661062240600586,0.116,23.6
1239,0.0016582012176513672,0.116,27.200000000000003
1240,0.0004994869232177734,0.114,30.400000000000002
1241,0.0006361007690429688,0.112,33.6
1242,0.0004215240478515625,0.108,36.800000000000004
1243,0.0005435943603515625,0.103,39.6
1244,0.0004889965057373047,0.093,42.400000000000006
1245,0.0005941390991210938,0.088,45.2
1246,0.0006263256072998047,0.082,47.6
1247,0.0004949569702148438,0.078,49.6
1248,0.0005373954772949219,0.071,51.6
1249,0.0005366802215576172,0.071,53.2
1250,0.0005366802215576172,0.071,53.2
1251,0.0007433891296386719,0.071,54.800000000000004
1252,0.0005331039428710938,0.071,56.0
1253,0.0007393360137939453,0.071,56.800000000000004
1254,0.0019252300262451172,0.071,57.2
1255,0.0016455650329589844,0.071,57.6
1256,0.0017464160919189453,0.071,57.2
1257,0.0008306503295898438,0.071,56.800000000000004
1258,0.0017180442810058594,0.071,56.0
1259,0.0007529258728027344,0.071,55.2
1260,0.0016064643859863281,0.071,54.0
1261,0.0007376670837402344,0.071,52.0
1262,0.00154876708984375,0.071,50.400000000000006
1263,0.0009615421295166016,0.071,48.0
1264,0.0010330677032470703,0.069,45.6
1265,0.0017642974853515625,0.069,42.800000000000004
1266,0.0024204254150390625,0.069,40.0
1267,0.0011408329010009766,0.069,36.800000000000004
1268,0.0021276473999023438,0.069,33.6
1269,0.0008232593536376953,0.069,30.0
1270,0.0016584396362304688,0.069,26.0
1271,0.0018286705017089844,0.069,22.400000000000002
1272,0.0016350746154785156,0.069,18.400000000000002
1273,0.0020699501037597656,0.069,14.4
1274,0.0015578269958496094,0.069,10.4
1275,0.000843048095703125,0.069,6.4
1276,0.0016949176788330078,0.069,2.4000000000000004
1277,0.0007982254028320312,0.069,-1.6
1278,0.001865386962890625,0.069,-5.6000000000000005
1279,0.0018339157104492188,0.069,-9.200000000000001
1280,0.0007793903350830078,0.069,-12.8
1281,0.0019452571868896484,0.069,-16.400000000000002
1282,0.0016756057739257812,0.069,-19.6
1283,0.001924276351928711,0.069,-22.8
1284,0.0019268989562988281,0.069,-25.6
1285,0.002146005630493164,0.069,-28.0
1286,0.0016083717346191406,0.069,-30.0
1287,0.000804901123046875,0.069,-32.0
1288,0.0017728805541992188,0.069,-33.6
1289,0.0016777515411376953,0.069,-34.800000000000004
1290,0.0018303394317626953,0.069,-36.0
1291,0.001718282699584961,0.069,-36.4
1292,0.0007672309875488281,0.069,-36.800000000000004
1293,0.0018091201782226562,0.069,-36.800000000000004
1294,0.0015423297882080078,0.069,-36.0
1295,0.0016927719116210938,0.069,-35.2
1296,0.002496957778930664,0.069,-34.4
1297,0.0007407665252685547,0.069,-32.800000000000004
1298,0.0016078948974609375,0.069,-31.200000000000003
1299,0.0007333755493164062,0.069,-29.200000000000003
1300,0.0018084049224853516,0.069,-26.8
1301,0.000896453857421875,0.069,-24.0
1302,0.0017673969268798828,0.069,-21.200000000000003
1303,0.0007839202880859375,0.069,-18.400000000000002
1304,0.0015702247619628906,0.069,-14.8
1305,0.0015363693237304688,0.069,-11.600000000000001
1306,0.0018091201782226562,0.069,-8.0
1307,0.0015673637390136719,0.069,-4.4
1308,0.000812530517578125,0.069,-0.4
1309,0.0018846988677978516,0.069,3.2
1310,0.0007877349853515625,0.069,7.2
1311,0.001771688461303711,0.069,10.8
1312,0.0007140636444091797,0.069,14.4
1313,0.0016205310821533203,0.069,18.400000000000002
1314,0.0015101432800292969,0.069,22.0
1315,0.0014827251434326172,0.069,25.200000000000003
1316,0.0019221305847167969,0.069,28.8
1317,0.0006926059722900391,0.069,31.6
1318,0.0015552043914794922,0.069,34.800000000000004
1319,0.0007517337799072266,0.069,37.6
1320,0.0017247200012207031,0.069,40.0
1321,0.0006952285766601562,0.069,42.400000000000006
1322,0.001667022705078125,0.069,44.400000000000006
1323,0.0006706714630126953,0.069,46.0
1324,0.0016696453094482422,0.069,47.6
1325,0.0008633136749267578,0.069,48.800000000000004
1326,0.0017862319946289062,0.069,49.6
1327,0.0007154941558837891,0.069,50.400000000000006
1328,0.002007722854614258,0.069,50.800000000000004
1329,0.0008168220520019531,0.069,50.800000000000004
1330,0.0012555122375488281,0.069,50.400000000000006
1331,0.0006458759307861328,0.08,50.0
1332,0.0011591911315917969,0.101,49.2
1333,0.0005428791046142578,0.125,48.0
1334,0.0007753372192382812,0.138,46.800000000000004
1335,0.0004725456237792969,0.153,45.2
1336,0.0005173683166503906,0.157,43.2
1337,0.00045299530029296875,0.159,41.2
1338,0.0008056163787841797,0.159,38.800000000000004
1339,0.0004830360412597656,0.159,36.4
1340,0.0006337165832519531,0.162,33.6
1341,0.0011303424835205078,0.164,31.200000000000003
1342,0.0007023811340332031,0.164,28.400000000000002
1343,0.0009274482727050781,0.164,25.6
1344,0.0017740726470947266,0.164,22.8
1345,0.0021190643310546875,0.164,20.0
1346,0.000904083251953125,0.162,17.2
1347,0.0008089542388916016,0.159,14.8
1348,0.0008835792541503906,0.155,12.4
1349,0.0004904270172119141,0.151,10.0
1350,0.0004520416259765625,0.151,7.6000000000000005
1351,0.0004711151123046875,0.149,5.6000000000000005
1352,0.0012004375457763672,0.149,4.0
1353,0.0005371570587158203,0.149,2.0
1354,0.001750946044921875,0.149,0.8
1355,0.0007190704345703125,0.149,-0.8
1356,0.0018165111541748047,0.149,-2.0
1357,0.0016162395477294922,0.149,-2.8000000000000003
1358,0.0009443759918212891,0.149,-3.2
1359,0.0016582012176513672,0.149,-4.0
1360,0.0007581710815429688,0.149,-4.0
1361,0.0020651817321777344,0.149,-4.0
1362,0.0017044544219970703,0.149,-4.0
1363,0.0007681846618652344,0.149,-3.6
1364,0.0016605854034423828,0.149,-2.8000000000000003
1365,0.0007479190826416016,0.149,-2.0
1366,0.0018286705017089844,0.149,-0.8
1367,0.0004925727844238281,0.147,0.4
1368,0.00036215782165527344,0.142,1.6
1369,0.0003211498260498047,0.136,3.2
1370,0.00047016143798828125,0.127,4.800000000000001
1371,0.0004444122314453125,0.119,6.800000000000001
1372,0.0005002021789550781,0.114,8.8
1373,0.0004546642303466797,0.112,10.8
1374,0.0004286766052246094,0.112,12.8
1375,0.0007965564727783203,0.11,15.200000000000001
1376,0.00046372413635253906,0.108,17.2
1377,0.00043487548828125,0.108,19.6
1378,0.0003952980041503906,0.108,21.6
1379,0.0010035037994384766,0.108,23.6
1380,0.0005564689636230469,0.108,26.0
1381,0.002332448959350586,0.108,28.0
1382,0.0012123584747314453,0.108,29.6
1383,0.0014383792877197266,0.106,31.6
1384,0.002093076705932617,0.106,33.2
1385,0.0011096000671386719,0.106,34.800000000000004
1386,0.001867532730102539,0.106,36.0
1387,0.0008749961853027344,0.106,37.2
1388,0.0008847713470458984,0.108,38.400000000000006
1389,0.0017962455749511719,0.108,39.2
1390,0.0004687309265136719,0.11,40.0
1391,0.0006053447723388672,0.11,40.400000000000006
1392,0.0010838508605957031,0.11,40.800000000000004
1393,0.0015308856964111328,0.11,41.2
1394,0.0014567375183105469,0.11,41.2
1395,0.0017824172973632812,0.11,41.2
1396,0.0017580986022949219,0.11,40.800000000000004
1397,0.0015411376953125,0.11,40.0
1398,0.0008604526519775391,0.11,39.6
1399,0.0015985965728759766,0.11,38.800000000000004
1400,0.00060272216796875,0.11,37.6
1401,0.0006291866302490234,0.112,36.4
1402,0.0006291866302490234,0.112,36.4
1403,0.0007023811340332031,0.112,35.2
1404,0.0018205642700195312,0.112,33.6
1405,0.0006566047668457031,0.112,32.4
1406,0.0017604827880859375,0.112,30.8
1407,0.0007655620574951172,0.112,28.8
1408,0.0017311573028564453,0.112,27.200000000000003
1409,0.0006077289581298828,0.112,25.200000000000003
1410,0.0018496513366699219,0.112,23.200000000000003
1411,0.0006968975067138672,0.112,21.200000000000003
1412,0.0020411014556884766,0.112,19.200000000000003
1413,0.001573324203491211,0.112,17.2
1414,0.0009009838104248047,0.112,15.200000000000001
1415,0.0021009445190429688,0.112,12.8
1416,0.0007116794586181641,0.112,10.8
1417,0.0019702911376953125,0.112,9.200000000000001
1418,0.0009121894836425781,0.112,7.2
1419,0.0016994476318359375,0.112,5.2
1420,0.0007288455963134766,0.112,3.6
1421,0.0016341209411621094,0.112,2.0
1422,0.0007839202880859375,0.112,0.8
1423,0.0016100406646728516,0.112,-0.8
1424,0.0007915496826171875,0.112,-2.0
1425,0.0016021728515625,0.112,-2.8000000000000003
1426,0.0007231235504150391,0.112,-4.0
1427,0.0016829967498779297,0.112,-4.4
1428,0.002119302749633789,0.112,-5.2
1429,0.0005204677581787109,0.114,-5.6000000000000005
1430,0.0003752708435058594,0.119,-5.6000000000000005
1431,0.0005929470062255859,0.123,-5.6000000000000005
1432,0.00048828125,0.127,-5.6000000000000005
1433,0.00048804283142089844,0.129,-5.2
1434,0.000431060791015625,0.129,-4.800000000000001
1435,0.0010004043579101562,0.129,-4.0
1436,0.00046133995056152344,0.129,-3.2
1437,0.0015964508056640625,0.129,-2.0
1438,0.001539468765258789,0.129,-0.8
1439,0.0007557868957519531,0.129,0.4
1440,0.001705169677734375,0.129,2.0
1441,0.0023081302642822266,0.129,3.6
1442,0.0009772777557373047,0.134,5.2
1443,0.0007638931274414062,0.134,7.2
1444,0.0005800724029541016,0.136,8.8
1445,0.0008237361907958984,0.136,10.8
1446,0.000560760498046875,0.136,12.8
1447,0.002621889114379883,0.136,14.8
1448,0.0017180442810058594,0.136,17.2
1449,0.0009005069732666016,0.136,19.200000000000003
1450,0.0020737648010253906,0.136,21.200000000000003
1451,0.0004963874816894531,0.136,23.6
1452,0.0005354881286621094,0.14,25.6
1453,0.0005118846893310547,0.14,27.6
1454,0.002538442611694336,0.14,29.6
1455,0.0016980171203613281,0.14,31.200000000000003
1456,0.0006074905395507812,0.142,33.2
1457,0.00042510032653808594,0.144,34.800000000000004
1458,0.0005166530609130859,0.147,38.0
1459,0.00043654441833496094,0.149,39.2
1460,0.00044083595275878906,0.151,40.400000000000006
1461,0.0004353523254394531,0.155,41.6
1462,0.0004925727844238281,0.155,42.400000000000006
1463,0.0004642009735107422,0.159,43.2
1464,0.00046515464782714844,0.159,44.0
1465,0.000476837158203125,0.162,44.400000000000006
1466,0.0003998279571533203,0.164,45.2
1467,0.0003352165222167969,0.166,45.2
1468,0.00027108192443847656,0.166,45.6
1469,0.0005033016204833984,0.168,45.6
1470,0.00044989585876464844,0.172,45.6
1471,0.0004551410675048828,0.172,45.2
1472,0.00045943260192871094,0.172,45.2
1473,0.0009067058563232422,0.172,44.800000000000004
1474,0.0004458427429199219,0.177,44.0
1475,0.0006473064422607422,0.179,43.6
1476,0.0005640983581542969,0.179,42.800000000000004
1477,0.0020744800567626953,0.179,42.0
1478,0.0006577968597412109,0.179,41.2
1479,0.002290487289428711,0.179,40.400000000000006
1480,0.0018308162689208984,0.179,39.6
1481,0.0017495155334472656,0.179,38.800000000000004
1482,0.0016527175903320312,0.179,37.6
1483,0.0013546943664550781,0.179,36.800000000000004
1484,0.0007786750793457031,0.179,35.6
1485,0.0017933845520019531,0.179,34.800000000000004
1486,0.0011022090911865234,0.179,33.6
1487,0.0010797977447509766,0.183,32.800000000000004
1488,0.0006639957427978516,0.183,31.6
1489,0.0015118122100830078,0.183,30.400000000000002
1490,0.0022928714752197266,0.183,29.6
1491,0.0017361640930175781,0.183,28.8
1492,0.0022051334381103516,0.183,27.6
1493,0.0004863739013671875,0.185,26.8
1494,0.0013778209686279297,0.185,26.0
1495,0.0007681846618652344,0.185,25.200000000000003
1496,0.002109527587890625,0.185,24.8
1497,0.0017442703247070312,0.185,24.0
1498,0.001664876937866211,0.185,23.6
1499,0.0016622543334960938,0.185,23.200000000000003
1500,0.0008664131164550781,0.185,22.8
1501,0.0011677742004394531,0.185,22.400000000000002
1502,0.0006630420684814453,0.185,22.400000000000002
1503,0.0016760826110839844,0.185,22.0
1504,0.0008456707000732422,0.185,22.0
1505,0.0017533302307128906,0.185,22.400000000000002
1506,0.0007636547088623047,0.185,22.400000000000002
1507,0.001806497573852539,0.185,22.8
1508,0.0006887912750244141,0.185,22.8
1509,0.0020856857299804688,0.185,23.6
1510,0.0016810894012451172,0.185,24.0
1511,0.0006997585296630859,0.185,24.400000000000002
1512,0.0016825199127197266,0.185,25.200000000000003
1513,0.0008242130279541016,0.185,26.0
1514,0.002142667770385742,0.185,26.8
1515,0.0007426738739013672,0.185,27.6
1516,0.0018966197967529297,0.185,28.400000000000002
1517,0.0007517337799072266,0.185,29.200000000000003
1518,0.0016529560089111328,0.185,30.0
1519,0.0016088485717773438,0.185,31.200000000000003
1520,0.0007064342498779297,0.185,32.0
1521,0.0015797615051269531,0.185,33.2
1522,0.0007083415985107422,0.185,34.0
1523,0.0018351078033447266,0.185,35.2
1524,0.0007722377777099609,0.185,36.0
1525,0.0018360614776611328,0.185,37.2
1526,0.00074005126953125,0.185,38.0
1527,0.0005970001220703125,0.181,39.2
1528,0.0008411407470703125,0.175,40.0
1529,0.0009052753448486328,0.168,40.800000000000004
1530,0.0009684562683105469,0.159,41.6
1531,0.0004830360412597656,0.151,42.400000000000006
1532,0.0006318092346191406,0.147,43.2
1533,0.0006968975067138672,0.14,44.0
1534,0.0006706714630126953,0.136,44.800000000000004
1535,0.0004353523254394531,0.131,45.2
1536,0.0008199214935302734,0.127,45.6
1537,0.0004413127899169922,0.123,46.0
1538,0.000438690185546875,0.119,46.0
1539,0.0004582405090332031,0.119,46.0
1540,0.0004181861877441406,0.114,46.0
1541,0.00048089027404785156,0.112,45.6
1542,0.00046181678771972656,0.108,45.2
1543,0.0004303455352783203,0.106,44.400000000000006
1544,0.00046825408935546875,0.106,43.6
1545,0.0008757114410400391,0.106,42.800000000000004
1546,0.0018494129180908203,0.106,41.6
1547,0.000982522964477539,0.106,40.400000000000006
1548,0.0006506443023681641,0.106,38.800000000000004
1549,0.0019533634185791016,0.106,37.2
1550,0.0011913776397705078,0.103,35.6
1551,0.0005309581756591797,0.097,33.6
1552,0.0005309581756591797,0.095,33.6
1553,0.00045680999755859375,0.095,31.6
1554,0.0004715919494628906,0.095,29.6
1555,0.00048232078552246094,0.093,27.6
1556,0.0008199214935302734,0.091,25.200000000000003
1557,0.0005152225494384766,0.086,22.8
1558,0.00044608116149902344,0.086,20.400000000000002
1559,0.0005083084106445312,0.086,18.0
1560,0.0010876655578613281,0.086,15.600000000000001
1561,0.0007519721984863281,0.086,12.8
1562,0.0020651817321777344,0.086,10.4
1563,0.0008003711700439453,0.086,8.0
1564,0.0020456314086914062,0.086,5.6000000000000005
1565,0.0007989406585693359,0.086,3.2
1566,0.002066373825073242,0.086,0.8
1567,0.0016171932220458984,0.086,-1.2000000000000002
1568,0.0009953975677490234,0.086,-3.2
1569,0.0025682449340820312,0.086,-5.2
1570,0.0019884109497070312,0.086,-7.2
1571,0.0019156932830810547,0.086,-8.8
1572,0.0007534027099609375,0.086,-10.0
1573,0.0016202926635742188,0.086,-11.600000000000001
1574,0.0005860328674316406,0.086,-12.4
1575,0.00189208984375,0.086,-13.600000000000001
1576,0.0006835460662841797,0.086,-14.0
1577,0.0021185874938964844,0.086,-14.8
1578,0.0018346309661865234,0.086,-14.8
1579,0.0005993843078613281,0.086,-15.200000000000001
1580,0.0021505355834960938,0.086,-14.8
1581,0.0016760826110839844,0.086,-14.4
1582,0.0007328987121582031,0.086,-14.0
1583,0.0017273426055908203,0.086,-13.200000000000001
1584,0.0006759166717529297,0.086,-12.4
1585,0.0017750263214111328,0.086,-11.200000000000001
1586,0.0007486343383789062,0.086,-9.600000000000001
1587,0.0018138885498046875,0.086,-8.4
1588,0.0006883144378662109,0.086,-6.800000000000001
1589,0.002062082290649414,0.086,-4.800000000000001
1590,0.0017812252044677734,0.086,-3.2
1591,0.0016400814056396484,0.086,-1.2000000000000002
1592,0.0007574558258056641,0.086,0.8
1593,0.0019659996032714844,0.086,3.2
1594,0.0005497932434082031,0.086,5.2
1595,0.0016684532165527344,0.086,7.6000000000000005
1596,0.0006952285766601562,0.086,9.600000000000001
1597,0.0023224353790283203,0.086,12.0
1598,0.0007898807525634766,0.086,14.0
1599,0.001875162124633789,0.086,16.400000000000002
1600,0.0007464885711669922,0.086,18.400000000000002
1601,0.0016596317291259766,0.086,20.8
1602,0.0006966590881347656,0.086,22.8
1603,0.0017540454864501953,0.086,24.400000000000002
1604,0.0006918907165527344,0.086,26.400000000000002
1605,0.0018270015716552734,0.086,28.0
1606,0.0005936622619628906,0.086,29.6
1607,0.0017621517181396484,0.086,30.8
1608,0.0005822181701660156,0.086,32.4
1609,0.0019795894622802734,0.086,33.2
1610,0.0007023811340332031,0.086,34.4
1611,0.0024471282958984375,0.086,34.800000000000004
1612,0.0017733573913574219,0.086,35.6
1613,0.0005838871002197266,0.086,36.0
1614,0.0023288726806640625,0.086,36.0
1615,0.0006976127624511719,0.086,36.0
1616,0.002029895782470703,0.097,36.0
1617,0.0005805492401123047,0.121,35.6
1618,0.00048828125,0.138,35.2
1619,0.0006189346313476562,0.153,34.4
1620,0.0006058216094970703,0.159,33.6
1621,0.00047278404235839844,0.162,32.4
1622,0.0004909038543701172,0.162,31.200000000000003
1623,0.0010635852813720703,0.162,30.0
1624,0.0004863739013671875,0.162,28.8
1625,0.002156496047973633,0.162,27.200000000000003
1626,0.0005893707275390625,0.162,26.0
1627,0.001890420913696289,0.162,24.400000000000002
1628,0.0008146762847900391,0.162,23.200000000000003
1629,0.0018601417541503906,0.162,21.6
1630,0.0018656253814697266,0.162,20.400000000000002
1631,0.0018100738525390625,0.162,18.8
1632,0.0006289482116699219,0.162,17.6
1633,0.0023393630981445312,0.162,16.400000000000002
1634,0.0006344318389892578,0.162,15.600000000000001
1635,0.0016124248504638672,0.162,14.4
1636,0.0007345676422119141,0.162,13.600000000000001
1637,0.002149820327758789,0.162,12.8
1638,0.0017108917236328125,0.162,12.0
1639,0.0005323886871337891,0.159,11.600000000000001
1640,0.0003783702850341797,0.155,11.200000000000001
1641,0.0004892349243164062,0.147,10.8
1642,0.0004918575286865234,0.138,10.8
1643,0.0003361701965332031,0.134,10.8
1644,0.0006725788116455078,0.129,10.8
1645,0.0004825592041015625,0.123,10.8
1646,0.0008001327514648438,0.121,11.200000000000001
1647,0.0006227493286132812,0.116,11.600000000000001
1648,0.0005044937133789062,0.116,12.0
1649,0.0004620552062988281,0.114,12.4
1650,0.00044417381286621094,0.112,13.200000000000001
1651,0.0006105899810791016,0.108,13.600000000000001
1652,0.00046372413635253906,0.101,14.4
1653,0.0004296302795410156,0.101,15.200000000000001
1654,0.0004265308380126953,0.101,15.600000000000001
1655,0.0004630088806152344,0.097,16.400000000000002
1656,0.0004246234893798828,0.097,17.2
1657,0.000732421875,0.097,17.6
1658,0.0004911422729492188,0.097,18.400000000000002
1659,0.0005424022674560547,0.097,18.8
1660,0.0017910003662109375,0.097,19.6
1661,0.0007357597351074219,0.097,20.0
1662,0.002070188522338867,0.097,20.400000000000002
1663,0.0007293224334716797,0.097,20.8
1664,0.001986265182495117,0.097,21.200000000000003
1665,0.0007586479187011719,0.097,21.200000000000003
1666,0.001775979995727539,0.097,21.6
1667,0.0017080307006835938,0.097,21.6
1668,0.0006341934204101562,0.097,21.6
1669,0.0017693042755126953,0.097,21.6
1670,0.0006291866302490234,0.097,21.6
1671,0.0016450881958007812,0.097,21.6
1672,0.0007605552673339844,0.097,21.200000000000003
1673,0.0013098716735839844,0.097,20.8
1674,0.0006577968597412109,0.097,20.8
1675,0.001947164535522461,0.097,20.400000000000002
1676,0.0011105537414550781,0.097,19.6
1677,0.0004956722259521484,0.093,19.200000000000003
1678,0.0003657341003417969,0.091,18.8
1679,0.0005133152008056641,0.091,18.0
1680,0.0009212493896484375,0.091,17.6
1681,0.0004799365997314453,0.091,16.8
1682,0.0009205341339111328,0.088,16.0
1683,0.0005254745483398438,0.088,15.200000000000001
1684,0.001268148422241211,0.088,14.4
1685,0.0004811286926269531,0.086,13.600000000000001
1686,0.0011260509490966797,0.086,12.8
1687,0.002246379852294922,0.086,12.0
1688,0.0005548000335693359,0.084,11.200000000000001
1689,0.0013747215270996094,0.084,10.4
1690,0.000698089599609375,0.084,10.0
1691,0.0018155574798583984,0.084,9.200000000000001
1692,0.0015826225280761719,0.084,8.4
1693,0.0006108283996582031,0.084,7.6000000000000005
1694,0.0018680095672607422,0.084,6.800000000000001
1695,0.0007517337799072266,0.084,6.0
1696,0.0017490386962890625,0.084,5.6000000000000005
1697,0.001233816146850586,0.084,4.800000000000001
1698,0.0009069442749023438,0.093,4.4
1699,0.0005230903625488281,0.103,4.0
1700,0.0011208057403564453,0.11,3.6
1701,0.0011208057403564453,0.121,3.6
1702,0.0006563663482666016,0.125,3.2
1703,0.0005385875701904297,0.129,2.8000000000000003
1704,0.0004475116729736328,0.134,2.4000000000000004
1705,0.0005593299865722656,0.134,2.4000000000000004
1706,0.0004417896270751953,0.136,2.4000000000000004
1707,0.0007195472717285156,0.136,2.4000000000000004
1708,0.0004913806915283203,0.14,2.4000000000000004
1709,0.0007388591766357422,0.14,2.4000000000000004
1710,0.0004990100860595703,0.14,2.8000000000000003
1711,0.0009703636169433594,0.14,3.2
1712,0.0005996227264404297,0.14,3.6
1713,0.002110004425048828,0.14,4.4
1714,0.0006110668182373047,0.142,4.800000000000001
1715,0.0004894733428955078,0.144,5.6000000000000005
1716,0.0004940032958984375,0.144,6.4
1717,0.00049591064453125,0.144,7.6000000000000005
1718,0.0008258819580078125,0.147,8.8
1719,0.0008099079132080078,0.149,10.0
1720,0.0004487037658691406,0.149,11.200000000000001
1721,0.00046634674072265625,0.149,12.4
1722,0.00045180320739746094,0.153,14.0
1723,0.0005002021789550781,0.155,15.200000000000001
1724,0.0004858970642089844,0.155,16.8
1725,0.0005016326904296875,0.157,18.400000000000002
1726,0.0005204677581787109,0.157,20.0
1727,0.00048065185546875,0.157,21.6
1728,0.0005006790161132812,0.159,23.200000000000003
1729,0.0004839897155761719,0.159,24.8
1730,0.001108407974243164,0.159,26.8
1731,0.0004584789276123047,0.159,28.400000000000002
1732,0.001836538314819336,0.159,30.0
1733,0.0005147457122802734,0.162,31.6
1734,0.0005087852478027344,0.162,32.800000000000004
1735,0.002270221710205078,0.162,34.4
1736,0.0012290477752685547,0.162,36.0
1737,0.0005459785461425781,0.166,37.2
1738,0.0003795623779296875,0.166,38.800000000000004
1739,0.000522613525390625,0.166,40.0
1740,0.00043892860412597656,0.166,40.800000000000004
1741,0.0025115013122558594,0.166,42.0
1742,0.0006263256072998047,0.166,42.800000000000004
1743,0.0021576881408691406,0.166,44.0
1744,0.0016646385192871094,0.166,44.400000000000006
1745,0.0017321109771728516,0.166,45.2
1746,0.00045371055603027344,0.168,45.6
1747,0.002182483673095703,0.168,46.400000000000006
1748,0.001832723617553711,0.168,46.400000000000006
1749,0.002042055130004883,0.168,46.800000000000004
1750,0.0008895397186279297,0.168,46.800000000000004
1751,0.0015957355499267578,0.168,46.800000000000004
1752,0.0004620552062988281,0.168,46.800000000000004
1753,0.0021893978118896484,0.168,46.800000000000004
1754,0.0006959438323974609,0.168,46.400000000000006
1755,0.0017819404602050781,0.168,46.0
1756,0.0006046295166015625,0.168,45.6
1757,0.0017712116241455078,0.168,44.800000000000004
1758,0.0007996559143066406,0.168,44.400000000000006
1759,0.0018265247344970703,0.168,43.6
1760,0.0006594657897949219,0.168,42.800000000000004
1761,0.0018470287322998047,0.168,42.0
1762,0.0008902549743652344,0.168,40.800000000000004
1763,0.0006208419799804688,0.17,40.0
1764,0.002346515655517578,0.172,38.800000000000004
1765,0.0008902549743652344,0.177,37.6
1766,0.0001888275146484375,0.177,36.4
1767,0.0013892650604248047,0.177,35.2
1768,0.00037169456481933594,0.177,34.0
1769,0.0011203289031982422,0.179,32.800000000000004
1770,0.0013394355773925781,0.179,31.6
1771,0.0012137889862060547,0.179,30.400000000000002
1772,0.0011081695556640625,0.181,29.200000000000003
1773,0.0007786750793457031,0.183,28.0
1774,0.0006992816925048828,0.188,26.8
1775,0.00047135353088378906,0.19,25.6
1776,0.0010275840759277344,0.19,24.400000000000002
1777,0.0004839897155761719,0.192,23.6
1778,0.0006670951843261719,0.194,22.400000000000002
1779,0.00055694580078125,0.194,21.6
1780,0.0011386871337890625,0.194,20.8
1781,0.0019080638885498047,0.194,20.400000000000002
1782,0.0008974075317382812,0.194,19.6
1783,0.002067089080810547,0.194,19.200000000000003
1784,0.0007569789886474609,0.194,18.8
1785,0.001758575439453125,0.194,18.8
1786,0.0007021427154541016,0.194,18.8
1787,0.0016939640045166016,0.194,18.8
1788,0.0006966590881347656,0.194,19.200000000000003
1789,0.0021715164184570312,0.194,19.6
1790,0.0006546974182128906,0.194,20.0
1791,0.0021076202392578125,0.194,20.400000000000002
1792,0.001653909683227539,0.194,21.200000000000003
1793,0.0007233619689941406,0.194,22.0
1794,0.0017352104187011719,0.194,22.8
1795,0.0017724037170410156,0.194,24.0
1796,0.0015819072723388672,0.194,25.200000000000003
1797,0.0007603168487548828,0.194,26.400000000000002
1798,0.0016391277313232422,0.194,27.6
1799,0.0007891654968261719,0.194,28.8
1800,0.0015606880187988281,0.194,30.0
1801,0.0005815029144287109,0.196,31.6
1802,0.0009694099426269531,0.196,32.800000000000004
1803,0.0004754066467285156,0.198,34.4
1804,0.0021562576293945312,0.198,36.0
1805,0.0004947185516357422,0.198,37.2
1806,0.0024662017822265625,0.198,38.800000000000004
1807,0.0007977485656738281,0.198,40.400000000000006
1808,0.0020029544830322266,0.198,41.6
1809,0.0007560253143310547,0.198,43.2
1810,0.0012049674987792969,0.198,44.400000000000006
1811,0.0006372928619384766,0.198,45.6
1812,0.0008339881896972656,0.2,47.2
1813,0.0004985332489013672,0.2,48.400000000000006
1814,0.002245664596557617,0.2,49.6
1815,0.0007004737854003906,0.2,50.400000000000006
1816,0.00044727325439453125,0.203,51.6
1817,0.0004930496215820312,0.205,52.400000000000006
1818,0.0004470348358154297,0.205,53.6
1819,0.0008466243743896484,0.207,54.400000000000006
1820,0.0004837512969970703,0.207,55.2
1821,0.00044417381286621094,0.207,55.6
1822,0.0026738643646240234,0.207,56.400000000000006
1823,0.0005891323089599609,0.209,56.800000000000004
1824,0.0010831356048583984,0.211,57.2
1825,0.000997781753540039,0.211,57.6
1826,0.0022411346435546875,0.211,58.0
1827,0.0019328594207763672,0.211,58.0
1828,0.0017218589782714844,0.211,58.0
1829,0.001855611801147461,0.211,58.400000000000006
1830,0.0011560916900634766,0.211,58.400000000000006
1831,0.0018901824951171875,0.211,58.0
1832,0.0007107257843017578,0.213,58.0
1833,0.0008442401885986328,0.213,57.6
1834,0.0005650520324707031,0.216,57.6
1835,0.00251007080078125,0.216,57.2
1836,0.0006961822509765625,0.216,56.800000000000004
1837,0.0014739036560058594,0.216,56.400000000000006
1838,0.0007083415985107422,0.218,56.0
1839,0.0005176067352294922,0.218,55.6
1840,0.0007395744323730469,0.22,54.800000000000004
1841,0.0004894733428955078,0.22,54.400000000000006
1842,0.002559185028076172,0.22,53.6
1843,0.00174713134765625,0.22,53.2
1844,0.0007176399230957031,0.22,52.400000000000006
1845,0.0020318031311035156,0.22,52.0
1846,0.0006074905395507812,0.216,51.2
1847,0.0014262199401855469,0.205,50.400000000000006
1848,0.0005195140838623047,0.198,50.0
1849,0.0005195140838623047,0.188,50.0
1850,0.0005970001220703125,0.183,49.2
1851,0.00044846534729003906,0.183,48.400000000000006
1852,0.0005981922149658203,0.179,48.0
1853,0.00046324729919433594,0.175,47.2
1854,0.0005133152008056641,0.166,46.400000000000006
1855,0.00044655799865722656,0.159,46.0
1856,0.00045180320739746094,0.155,45.2
1857,0.0004687309265136719,0.149,44.400000000000006
1858,0.0004699230194091797,0.142,43.6
1859,0.00045561790466308594,0.14,42.800000000000004
1860,0.0008413791656494141,0.138,41.6
1861,0.000514984130859375,0.134,40.800000000000004
1862,0.0006237030029296875,0.127,39.6
1863,0.00047397613525390625,0.119,38.400000000000006
1864,0.000507354736328125,0.116,37.2
1865,0.0005402565002441406,0.116,35.6
1866,0.0009064674377441406,0.116,34.0
1867,0.0004980564117431641,0.116,32.800000000000004
1868,0.0014157295227050781,0.116,31.200000000000003
1869,0.0007979869842529297,0.116,29.200000000000003
1870,0.002107858657836914,0.116,27.6
1871,0.0004792213439941406,0.114,25.6
1872,0.0005218982696533203,0.114,23.6
1873,0.0005202293395996094,0.114,22.0
1874,0.0017423629760742188,0.114,20.0
1875,0.0007939338684082031,0.114,18.0
1876,0.0014185905456542969,0.114,16.0
1877,0.0006456375122070312,0.114,14.0
1878,0.0018818378448486328,0.114,12.0
1879,0.0006270408630371094,0.114,10.0
1880,0.0018889904022216797,0.114,8.4
1881,0.0008018016815185547,0.114,6.4
1882,0.0017638206481933594,0.114,4.800000000000001
1883,0.0006783008575439453,0.114,3.2
1884,0.0020895004272460938,0.114,2.0
1885,0.0016474723815917969,0.114,0.8
1886,0.0007555484771728516,0.114,-0.4
1887,0.001848459243774414,0.114,-1.6
1888,0.0016260147094726562,0.114,-2.4000000000000004
1889,0.0007100105285644531,0.114,-3.2
1890,0.001737356185913086,0.114,-3.6
1891,0.0006775856018066406,0.114,-4.0
1892,0.0018389225006103516,0.114,-4.4
1893,0.0007052421569824219,0.114,-4.4
1894,0.002118349075317383,0.114,-4.4
1895,0.0007047653198242188,0.114,-4.0
1896,0.0017173290252685547,0.114,-3.6
1897,0.0004642009735107422,0.119,-2.8000000000000003
1898,0.0006194114685058594,0.121,-2.0
1899,0.0003540515899658203,0.125,-1.2000000000000002
1900,0.00046634674072265625,0.131,-0.4
1901,0.000438690185546875,0.136,0.8
1902,0.00044727325439453125,0.14,2.4000000000000004
1903,0.0015423297882080078,0.144,3.6
1904,0.00042939186096191406,0.147,5.2
1905,0.0004703998565673828,0.149,6.800000000000001
1906,0.0004317760467529297,0.153,8.4
1907,0.0008668899536132812,0.153,10.4
1908,0.0004620552062988281,0.153,12.0
1909,0.00044417381286621094,0.153,14.0
1910,0.0004398822784423828,0.155,16.0
1911,0.0004942417144775391,0.155,18.0
1912,0.0010218620300292969,0.155,20.0
1913,0.0004899501800537109,0.159,22.0
1914,0.00043487548828125,0.159,24.0
1915,0.0004818439483642578,0.159,26.400000000000002
1916,0.0004515647888183594,0.159,28.400000000000002
1917,0.0019731521606445312,0.159,30.400000000000002
1918,0.0006232261657714844,0.159,32.4
1919,0.0017294883728027344,0.159,34.4
1920,0.0007276535034179688,0.159,36.0
1921,0.0019371509552001953,0.159,38.0
1922,0.0005431175231933594,0.162,39.6
1923,0.0021800994873046875,0.162,41.2
1924,0.0017712116241455078,0.162,42.800000000000004
1925,0.0008015632629394531,0.162,44.0
1926,0.0016684532165527344,0.162,45.2
1927,0.0006775856018066406,0.162,46.400000000000006
1928,0.0018358230590820312,0.162,47.6
1929,0.0006554126739501953,0.162,48.400000000000006
1930,0.0017974376678466797,0.162,49.2
1931,0.0006117820739746094,0.162,50.0
1932,0.002068758010864258,0.162,50.400000000000006
1933,0.0006866455078125,0.162,50.800000000000004
1934,0.0017125606536865234,0.162,50.800000000000004
1935,0.0007469654083251953,0.162,51.2
1936,0.0018601417541503906,0.162,50.800000000000004
1937,0.0009806156158447266,0.162,50.800000000000004
1938,0.0003476142883300781,0.155,50.400000000000006
1939,0.0004856586456298828,0.147,50.0
1940,0.0006210803985595703,0.138,49.2
1941,0.0004265308380126953,0.134,48.400000000000006
1942,0.0006389617919921875,0.125,47.6
1943,0.0004601478576660156,0.116,46.800000000000004
1944,0.00045037269592285156,0.112,45.6
1945,0.00043654441833496094,0.112,44.400000000000006
1946,0.00042247772216796875,0.112,42.800000000000004
1947,0.0005829334259033203,0.112,41.2
1948,0.0009236335754394531,0.112,39.6
1949,0.0005087852478027344,0.112,38.0
1950,0.002078533172607422,0.112,36.0
1951,0.001504659652709961,0.112,33.6
1952,0.0016429424285888672,0.112,31.6
1953,0.001977682113647461,0.112,29.200000000000003
1954,0.0005228519439697266,0.11,26.8
1955,0.0006556510925292969,0.11,24.400000000000002
1956,0.0018038749694824219,0.11,22.0
1957,0.001672506332397461,0.11,19.200000000000003
1958,0.0016605854034423828,0.11,16.8
1959,0.0008080005645751953,0.11,14.0
1960,0.0015933513641357422,0.11,11.600000000000001
1961,0.0007026195526123047,0.11,8.8
1962,0.0017399787902832031,0.11,6.4
1963,0.0006992816925048828,0.11,4.0
1964,0.0017778873443603516,0.11,1.6
1965,0.0007064342498779297,0.11,-0.4
1966,0.0018019676208496094,0.11,-2.8000000000000003
1967,0.0007729530334472656,0.11,-4.4
1968,0.0018188953399658203,0.11,-6.4
1969,0.0007224082946777344,0.11,-8.0
1970,0.002347230911254883,0.11,-9.200000000000001
1971,0.0007231235504150391,0.11,-10.4
1972,0.001934051513671875,0.11,-11.200000000000001
1973,0.000652313232421875,0.11,-12.0
1974,0.001817941665649414,0.11,-12.4
1975,0.0006222724914550781,0.11,-12.8
1976,0.0019409656524658203,0.11,-12.8
1977,0.0005774497985839844,0.11,-12.8
1978,0.0017626285552978516,0.11,-12.4
1979,0.0016911029815673828,0.11,-11.600000000000001
1980,0.0007574558258056641,0.11,-10.8
1981,0.0018610954284667969,0.11,-10.0
1982,0.0007181167602539062,0.11,-8.8
1983,0.002058744430541992,0.11,-7.2
1984,0.0006830692291259766,0.11,-5.6000000000000005
1985,0.0016942024230957031,0.11,-4.0
1986,0.0006957054138183594,0.11,-2.0
1987,0.0017421245574951172,0.11,0.0
1988,0.0007624626159667969,0.11,2.4000000000000004
1989,0.002007007598876953,0.11,4.4
1990,0.0006225109100341797,0.11,6.800000000000001
1991,0.0006856918334960938,0.119,9.200000000000001
1992,0.0005328655242919922,0.125,11.600000000000001
1993,0.0006811618804931641,0.131,14.0
1994,0.0005753040313720703,0.136,16.400000000000002
1995,0.0005035400390625,0.14,18.8
1996,0.0005211830139160156,0.14,21.200000000000003
1997,0.00089263916015625,0.14,23.6
1998,0.0009343624114990234,0.14,26.0
1999,0.0005698204040527344,0.14,28.400000000000002
2000,0.0020432472229003906,0.14,30.400000000000002
2001,0.0018584728240966797,0.14,32.4
2002,0.0015349388122558594,0.14,34.4
2003,0.0016679763793945312,0.14,36.4
2004,0.0017170906066894531,0.14,38.400000000000006
2005,0.0015511512756347656,0.14,40.0
2006,0.0007710456848144531,0.14,41.6
2007,0.0020771026611328125,0.14,42.800000000000004
2008,0.0016019344329833984,0.14,44.0
2009,0.0009226799011230469,0.14,45.2
2010,0.0017824172973632812,0.14,46.0
2011,0.0017077922821044922,0.14,46.800000000000004
2012,0.0006387233734130859,0.14,47.6
2013,0.0017673969268798828,0.14,48.0
2014,0.0018002986907958984,0.14,48.0
2015,0.0018002986907958984,0.14,48.0
2016,0.0018398761749267578,0.14,48.400000000000006
2017,0.0008671283721923828,0.14,48.0
2018,0.0020647048950195312,0.14,48.0
2019,0.0007355213165283203,0.14,47.6
2020,0.0016973018646240234,0.14,46.800000000000004
2021,0.0007293224334716797,0.14,46.0
2022,0.002007007598876953,0.14,45.2
2023,0.0006449222564697266,0.14,44.0
2024,0.0005266666412353516,0.138,42.800000000000004
2025,0.0026454925537109375,0.134,41.6
2026,0.0005536079406738281,0.129,40.0
2027,0.0007426738739013672,0.125,38.400000000000006
2028,0.0010499954223632812,0.121,36.800000000000004
2029,0.000469207763671875,0.116,35.2
2030,0.000392913818359375,0.112,33.2
2031,0.0004899501800537109,0.11,31.200000000000003
2032,0.000522613525390625,0.108,29.200000000000003
2033,0.0007376670837402344,0.108,27.200000000000003
2034,0.0004665851593017578,0.103,24.8
2035,0.0004954338073730469,0.099,22.8
2036,0.00043201446533203125,0.099,20.400000000000002
2037,0.0004849433898925781,0.095,18.400000000000002
2038,0.0006275177001953125,0.095,16.0
2039,0.0005068778991699219,0.093,13.600000000000001
2040,0.0009918212890625,0.093,11.600000000000001
2041,0.0006949901580810547,0.088,9.200000000000001
2042,0.0005195140838623047,0.088,7.2
2043,0.0010259151458740234,0.088,4.800000000000001
2044,0.0008573532104492188,0.088,2.8000000000000003
2045,0.0006208419799804688,0.088,0.8
2046,0.0019195079803466797,0.088,-0.8
2047,0.0015861988067626953,0.088,-2.8000000000000003
2048,0.0008482933044433594,0.088,-4.4
2049,0.0018162727355957031,0.088,-5.6000000000000005
2050,0.0016167163848876953,0.088,-7.2
2051,0.0015594959259033203,0.088,-8.4
2052,0.0014417171478271484,0.088,-9.200000000000001
2053,0.0005021095275878906,0.088,-10.0
2054,0.002023458480834961,0.088,-10.8
2055,0.0007345676422119141,0.088,-11.200000000000001
2056,0.0012269020080566406,0.086,-11.600000000000001
2057,0.0007154941558837891,0.086,-11.600000000000001
2058,0.00090789794921875,0.086,-11.600000000000001
2059,0.0025098323822021484,0.086,-11.200000000000001
2060,0.0015544891357421875,0.086,-10.8
2061,0.0015599727630615234,0.086,-10.4
2062,0.0014903545379638672,0.086,-9.600000000000001
2063,0.00048732757568359375,0.086,-8.4
2064,0.0017266273498535156,0.088,-7.6000000000000005
2065,0.0006821155548095703,0.091,-6.0
2066,0.000537872314453125,0.095,-4.800000000000001
2067,0.0005075931549072266,0.101,-3.2
2068,0.0006403923034667969,0.106,-1.6
2069,0.0006091594696044922,0.112,0.0
2070,0.0004508495330810547,0.121,2.0
2071,0.0010173320770263672,0.127,3.6
2072,0.00031685829162597656,0.134,5.6000000000000005
2073,0.00031566619873046875,0.14,7.6000000000000005
2074,0.0004990100860595703,0.144,9.600000000000001
2075,0.0006382465362548828,0.153,11.600000000000001
2076,0.00044083595275878906,0.157,14.0
2077,0.0005202293395996094,0.162,16.0
2078,0.000446319580078125,0.162,18.0
2079,0.00044918060302734375,0.162,20.0
2080,0.0004382133483886719,0.162,22.400000000000002
2081,0.0022554397583007812,0.162,24.400000000000002
2082,0.00048542022705078125,0.162,26.400000000000002
2083,0.002320528030395508,0.162,28.400000000000002
2084,0.0006098747253417969,0.162,30.400000000000002
2085,0.0018901824951171875,0.162,32.4
2086,0.0007233619689941406,0.162,34.4
2087,0.0016977787017822266,0.162,36.4
2088,0.0014994144439697266,0.162,38.400000000000006
2089,0.0006883144378662109,0.162,40.0
2090,0.0019252300262451172,0.162,41.6
2091,0.0017178058624267578,0.162,43.2
2092,0.0005557537078857422,0.162,44.800000000000004
2093,0.0020759105682373047,0.162,46.0
2094,0.0005841255187988281,0.162,47.2
2095,0.0017642974853515625,0.162,48.400000000000006
2096,0.0016584396362304688,0.162,49.2
2097,0.0016944408416748047,0.162,50.0
2098,0.0015370845794677734,0.162,50.800000000000004
2099,0.0015690326690673828,0.162,51.2
2100,0.0007443428039550781,0.162,51.6
2101,0.0017864704132080078,0.162,52.0
2102,0.0007598400115966797,0.162,52.0
2103,0.0019257068634033203,0.162,52.0
2104,0.0018498897552490234,0.162,51.6
2105,0.0007326602935791016,0.162,51.2
2106,0.0018668174743652344,0.162,50.800000000000004
2107,0.0007190704345703125,0.162,50.400000000000006
2108,0.001968860626220703,0.162,49.6
2109,0.0008738040924072266,0.155,48.800000000000004
2110,0.0003712177276611328,0.151,47.6
2111,0.00047135353088378906,0.144,46.400000000000006
2112,0.000518798828125,0.136,45.2
2113,0.0004909038543701172,0.131,44.0
2114,0.0004782676696777344,0.127,42.800000000000004
2115,0.0004432201385498047,0.125,41.2
2116,0.0004432201385498047,0.119,39.6
2117,0.00046825408935546875,0.119,37.6
2118,0.0004425048828125,0.114,36.0
2119,0.00042319297790527344,0.114,34.0
2120,0.0003216266632080078,0.11,32.0
2121,0.00047326087951660156,0.106,30.0
2122,0.0005009174346923828,0.101,28.0
2123,0.00046443939208984375,0.095,25.6
2124,0.0004363059997558594,0.093,23.6
2125,0.00047206878662109375,0.091,21.200000000000003
2126,0.0005600452423095703,0.088,18.8
2127,0.0004425048828125,0.088,16.400000000000002
2128,0.0010266304016113281,0.088,14.4
2129,0.0006120204925537109,0.088,12.0
2130,0.0018608570098876953,0.088,9.600000000000001
2131,0.0005862712860107422,0.088,7.2
2132,0.002045154571533203,0.088,5.2
2133,0.0006229877471923828,0.088,2.8000000000000003
2134,0.0021064281463623047,0.088,0.8
2135,0.0006883144378662109,0.088,-1.2000000000000002
2136,0.002053976058959961,0.088,-2.8000000000000003
2137,0.0005471706390380859,0.088,-4.800000000000001
2138,0.0020101070404052734,0.088,-6.4
2139,0.0007560253143310547,0.088,-7.6000000000000005
2140,0.0006630420684814453,0.091,-9.200000000000001
2141,0.0008363723754882812,0.093,-10.0
2142,0.0004892349243164062,0.097,-11.200000000000001
2143,0.0004646778106689453,0.099,-12.0
2144,0.00039315223693847656,0.101,-12.4
2145,0.0005333423614501953,0.101,-12.8
2146,0.0006315708160400391,0.101,-12.8
2147,0.0005023479461669922,0.101,-12.8
2148,0.0016503334045410156,0.108,-12.8
2149,0.0006897449493408203,0.112,-12.0
2150,0.0006897449493408203,0.116,-12.0
2151,0.0005769729614257812,0.121,-11.600000000000001
2152,0.000614166259765625,0.127,-10.8
2153,0.0009877681732177734,0.138,-9.600000000000001
2154,0.0007841587066650391,0.149,-8.4
2155,0.000476837158203125,0.157,-6.800000000000001
2156,0.0006492137908935547,0.164,-5.2
2157,0.0005152225494384766,0.168,-3.6
2158,0.00047278404235839844,0.168,-1.6
2159,0.00047659873962402344,0.172,0.4
2160,0.0008716583251953125,0.177,2.4000000000000004
2161,0.00043702125549316406,0.179,4.800000000000001
2162,0.0004374980926513672,0.181,7.2
2163,0.0004246234893798828,0.181,9.600000000000001
2164,0.0004322528839111328,0.185,12.0
2165,0.00046753883361816406,0.185,14.8
2166,0.00042510032653808594,0.188,17.6
2167,0.0004367828369140625,0.188,20.400000000000002
2168,0.0004253387451171875,0.188,23.6
2169,0.002515554428100586,0.188,26.400000000000002
2170,0.0006206035614013672,0.188,29.6
2171,0.001829385757446289,0.188,32.4
2172,0.0007529258728027344,0.188,35.6
2173,0.001878976821899414,0.188,38.400000000000006
2174,0.0007796287536621094,0.188,41.6
2175,0.0020973682403564453,0.188,44.400000000000006
2176,0.0006957054138183594,0.188,47.2
2177,0.0019142627716064453,0.188,50.0
2178,0.0008161067962646484,0.188,52.800000000000004
2179,0.0007653236389160156,0.183,55.2
2180,0.0004558563232421875,0.177,57.6
2181,0.000514984130859375,0.17,60.0
2182,0.0004954338073730469,0.166,62.400000000000006
2183,0.00044274330139160156,0.162,64.4
2184,0.0004792213439941406,0.155,66.0
2185,0.00042939186096191406,0.149,67.60000000000001
2186,0.00044989585876464844,0.142,69.2
2187,0.00044608116149902344,0.136,70.4
2188,0.0007712841033935547,0.131,71.60000000000001
2189,0.00044727325439453125,0.127,72.4
2190,0.0006985664367675781,0.125,73.2
2191,0.0007371902465820312,0.121,73.60000000000001
2192,0.0004699230194091797,0.114,73.60000000000001
2193,0.0006310939788818359,0.108,73.60000000000001
2194,0.0005180835723876953,0.103,73.2
2195,0.0004553794860839844,0.101,72.4
2196,0.0004942417144775391,0.095,71.60000000000001
2197,0.0005397796630859375,0.093,70.4
2198,0.0005383491516113281,0.093,68.8
2199,0.0006239414215087891,0.093,67.2
2200,0.0004553794860839844,0.091,64.8
2201,0.0007762908935546875,0.088,62.400000000000006
2202,0.000446319580078125,0.088,60.0
2203,0.00044989585876464844,0.088,56.800000000000004
2204,0.0011107921600341797,0.088,53.6
2205,0.0006127357482910156,0.088,50.400000000000006
2206,0.0005533695220947266,0.088,46.800000000000004
2207,0.0019898414611816406,0.088,42.800000000000004
2208,0.0007269382476806641,0.088,38.800000000000004
2209,0.0021059513092041016,0.088,34.4
2210,0.0007405281066894531,0.088,30.0
2211,0.0012087821960449219,0.086,25.6
2212,0.0004973411560058594,0.086,20.8
2213,0.0015752315521240234,0.086,16.0
2214,0.0006465911865234375,0.086,11.600000000000001
2215,0.0018513202667236328,0.086,6.800000000000001
2216,0.0007479190826416016,0.086,2.0
2217,0.0017428398132324219,0.086,-2.4000000000000004
2218,0.0006401538848876953,0.086,-6.800000000000001
2219,0.000629425048828125,0.082,-10.8
2220,0.000377655029296875,0.082,-14.8
2221,0.0006082057952880859,0.078,-18.8
2222,0.00036406517028808594,0.078,-22.400000000000002
2223,0.0006103515625,0.075,-25.6
2224,0.0004563331604003906,0.075,-28.400000000000002
2225,0.0004563331604003906,0.073,-31.200000000000003
2226,0.00043010711669921875,0.073,-33.6
2227,0.001535177230834961,0.073,-35.6
2228,0.0004584789276123047,0.073,-37.2
2229,0.0020401477813720703,0.073,-38.400000000000006
2230,0.0008275508880615234,0.073,-39.2
2231,0.0020225048065185547,0.073,-39.6
2232,0.0007636547088623047,0.073,-39.6
2233,0.0018672943115234375,0.073,-39.2
2234,0.0007030963897705078,0.073,-38.800000000000004
2235,0.0020704269409179688,0.073,-37.6
2236,0.0007297992706298828,0.073,-36.0
2237,0.0018270015716552734,0.073,-34.4
2238,0.0007436275482177734,0.073,-32.4
2239,0.0019292831420898438,0.073,-30.0
2240,0.0006988048553466797,0.073,-27.200000000000003
2241,0.0018420219421386719,0.073,-24.400000000000002
2242,0.0007219314575195312,0.073,-21.200000000000003
2243,0.0017075538635253906,0.073,-17.6
2244,0.0016050338745117188,0.073,-14.0
2245,0.0008189678192138672,0.073,-10.4
2246,0.0018756389617919922,0.073,-6.4
2247,0.0007255077362060547,0.073,-2.0
2248,0.0016274452209472656,0.073,2.0
2249,0.0016942024230957031,0.073,6.0
2250,0.00136566162109375,0.073,10.4
2251,0.0007398128509521484,0.073,14.4
2252,0.0016334056854248047,0.073,18.8
2253,0.0007007122039794922,0.073,22.8
2254,0.0021469593048095703,0.073,26.400000000000002
2255,0.0007655620574951172,0.073,30.400000000000002
2256,0.0020318031311035156,0.073,34.0
2257,0.0007090568542480469,0.073,37.2
2258,0.001760244369506836,0.073,40.400000000000006
2259,0.000698089599609375,0.073,43.2
2260,0.0019350051879882812,0.073,46.0
2261,0.001720428466796875,0.073,48.400000000000006
2262,0.0007121562957763672,0.073,50.400000000000006
2263,0.001756906509399414,0.073,52.400000000000006
2264,0.0007090568542480469,0.073,54.0
2265,0.0016603469848632812,0.073,55.2
2266,0.0007550716400146484,0.073,56.0
2267,0.0005121231079101562,0.086,56.800000000000004
2268,0.0008273124694824219,0.112,56.800000000000004
2269,0.0005652904510498047,0.14,56.800000000000004
2270,0.00047278404235839844,0.175,56.400000000000006
2271,0.0005342960357666016,0.205,56.0
2272,0.0006616115570068359,0.226,54.800000000000004
2273,0.0005114078521728516,0.239,53.6
2274,0.0004634857177734375,0.246,52.0
2275,0.0005054473876953125,0.25,50.400000000000006
2276,0.000438690185546875,0.25,48.800000000000004
2277,0.0004706382751464844,0.25,46.800000000000004
2278,0.00046133995056152344,0.25,44.800000000000004
2279,0.0013663768768310547,0.25,42.800000000000004
2280,0.0004999637603759766,0.25,40.800000000000004
2281,0.0023980140686035156,0.25,39.2
2282,0.0005598068237304688,0.248,37.2
2283,0.0005185604095458984,0.246,35.6
2284,0.000614166259765625,0.246,34.4
2285,0.0009555816650390625,0.244,32.800000000000004
2286,0.002269268035888672,0.244,31.6
2287,0.0007550716400146484,0.244,30.8
2288,0.001399993896484375,0.244,30.0
2289,0.0007891654968261719,0.244,29.200000000000003
2290,0.0004057884216308594,0.239,28.8
2291,0.0004622936248779297,0.237,28.400000000000002
2292,0.0005390644073486328,0.231,28.400000000000002
2293,0.0006029605865478516,0.228,28.400000000000002
2294,0.00044035911560058594,0.224,28.8
2295,0.0004391670227050781,0.224,29.200000000000003
2296,0.0005595684051513672,0.222,29.6
2297,0.0005595684051513672,0.218,29.6
2298,0.0005128383636474609,0.218,30.400000000000002
2299,0.0003249645233154297,0.213,31.200000000000003
2300,0.0005140304565429688,0.207,32.4
2301,0.0005028247833251953,0.2,33.2
2302,0.0004582405090332031,0.196,34.4
2303,0.00048542022705078125,0.188,35.6
2304,0.0007889270782470703,0.175,37.2
2305,0.0003769397735595703,0.166,38.400000000000006
2306,0.0005404949188232422,0.157,39.6
2307,0.0007867813110351562,0.153,41.2
2308,0.00043129920959472656,0.147,42.400000000000006
2309,0.00047969818115234375,0.142,44.0
2310,0.0004513263702392578,0.136,45.2
2311,0.00045418739318847656,0.129,46.400000000000006
2312,0.00046634674072265625,0.125,47.6
2313,0.00047707557678222656,0.121,48.400000000000006
2314,0.00043487548828125,0.119,49.2
2315,0.0006120204925537109,0.116,50.0
2316,0.0004363059997558594,0.116,50.400000000000006
2317,0.0004601478576660156,0.116,50.800000000000004
2318,0.0007505416870117188,0.114,50.800000000000004
2319,0.0005605220794677734,0.112,50.800000000000004
2320,0.0006113052368164062,0.112,50.400000000000006
2321,0.0007696151733398438,0.112,50.0
2322,0.0024504661560058594,0.112,49.2
2323,0.0008418560028076172,0.112,48.400000000000006
2324,0.0019307136535644531,0.112,47.2
2325,0.0008642673492431641,0.112,45.6
2326,0.001855611801147461,0.112,44.400000000000006
2327,0.0019526481628417969,0.112,42.400000000000006
2328,0.0006260871887207031,0.112,40.800000000000004
2329,0.0020599365234375,0.112,38.800000000000004
2330,0.0007493495941162109,0.112,36.4
2331,0.001894235610961914,0.112,34.0
2332,0.0007488727569580078,0.112,31.6
2333,0.0019435882568359375,0.112,29.200000000000003
2334,0.0007963180541992188,0.112,26.8
2335,0.0021224021911621094,0.112,24.0
2336,0.0016870498657226562,0.112,21.200000000000003
2337,0.0005936622619628906,0.112,18.400000000000002
2338,0.0020411014556884766,0.112,15.600000000000001
2339,0.0016050338745117188,0.112,12.8
2340,0.0005512237548828125,0.112,10.4
2341,0.0017800331115722656,0.112,7.6000000000000005
2342,0.0016677379608154297,0.112,5.2
2343,0.0007238388061523438,0.112,2.8000000000000003
2344,0.0019876956939697266,0.112,0.4
2345,0.0005476474761962891,0.112,-2.0
2346,0.0021011829376220703,0.112,-4.0
2347,0.0015757083892822266,0.112,-5.6000000000000005
2348,0.0019562244415283203,0.112,-7.6000000000000005
2349,0.0019259452819824219,0.112,-8.8
2350,0.0020089149475097656,0.112,-10.4
2351,0.0017135143280029297,0.112,-11.200000000000001
2352,0.0007958412170410156,0.112,-12.0
2353,0.0020875930786132812,0.112,-12.8
2354,0.0016455650329589844,0.112,-13.200000000000001
2355,0.0016620159149169922,0.112,-13.200000000000001
2356,0.0016150474548339844,0.112,-13.200000000000001
2357,0.001859903335571289,0.112,-12.8
2358,0.0019237995147705078,0.112,-12.0
2359,0.0016570091247558594,0.112,-11.200000000000001
2360,0.0016460418701171875,0.112,-10.0
2361,0.0008246898651123047,0.112,-8.8
2362,0.001596212387084961,0.112,-7.6000000000000005
2363,0.0016782283782958984,0.112,-6.0
2364,0.0007643699645996094,0.112,-4.0
2365,0.0021123886108398438,0.112,-2.0
2366,0.0007278919219970703,0.112,0.0
2367,0.0017161369323730469,0.112,2.0
2368,0.0007443428039550781,0.112,4.4
2369,0.0020923614501953125,0.112,6.800000000000001
2370,0.0008943080902099609,0.112,9.200000000000001
2371,0.001991748809814453,0.112,11.600000000000001
2372,0.0007984638214111328,0.112,14.0
2373,0.0016548633575439453,0.112,16.400000000000002
2374,0.0007319450378417969,0.112,19.200000000000003
2375,0.001903533935546875,0.112,21.6
2376,0.0007410049438476562,0.112,24.0
2377,0.002155780792236328,0.112,26.0
2378,0.000858306884765625,0.112,28.400000000000002
2379,0.0007498264312744141,0.112,30.400000000000002
2380,0.0003592967987060547,0.112,32.800000000000004
2381,0.0006792545318603516,0.112,34.4
2382,0.001924276351928711,0.112,36.4
2383,0.0010297298431396484,0.112,38.0
2384,0.0014598369598388672,0.112,39.2
2385,0.0006551742553710938,0.112,40.800000000000004
2386,0.002081632614135742,0.112,41.6
2387,0.000804901123046875,0.112,42.800000000000004
2388,0.002014636993408203,0.112,43.6
2389,0.0016815662384033203,0.112,44.0
2390,0.0018601417541503906,0.112,44.400000000000006
2391,0.0007555484771728516,0.112,44.400000000000006
2392,0.0016703605651855469,0.112,44.400000000000006
2393,0.0007417201995849609,0.112,44.400000000000006
2394,0.0018301010131835938,0.112,43.6
2395,0.0016765594482421875,0.112,43.2
2396,0.0005571842193603516,0.112,42.400000000000006
2397,0.002040386199951172,0.112,41.6
2398,0.0008084774017333984,0.112,40.400000000000006
2399,0.0016510486602783203,0.112,39.2
2400,0.0016644001007080078,0.112,37.6
2401,0.0009310245513916016,0.112,36.0
2402,0.0020127296447753906,0.112,34.4
2403,0.0007126331329345703,0.112,32.4
2404,0.0019598007202148438,0.112,30.400000000000002
2405,0.0016031265258789062,0.112,28.400000000000002
2406,0.0022432804107666016,0.112,26.400000000000002
2407,0.0019502639770507812,0.112,24.0
2408,0.0009226799011230469,0.112,22.0
2409,0.0018265247344970703,0.112,19.6
2410,0.0007767677307128906,0.112,17.2
2411,0.0023005008697509766,0.112,15.200000000000001
2412,0.0016407966613769531,0.112,12.8
2413,0.0020046234130859375,0.112,10.4
2414,0.0017330646514892578,0.112,8.4
2415,0.0007963180541992188,0.112,6.4
2416,0.00173187255859375,0.112,4.4
2417,0.0007719993591308594,0.112,2.4000000000000004
2418,0.002155303955078125,0.112,0.8
2419,0.0007429122924804688,0.112,-1.2000000000000002
2420,0.0009722709655761719,0.112,-2.4000000000000004
2421,0.0004608631134033203,0.112,-4.0
2422,0.0017747879028320312,0.112,-5.2
2423,0.0007913112640380859,0.112,-6.0
2424,0.0020313262939453125,0.112,-6.800000000000001
2425,0.0008118152618408203,0.112,-7.6000000000000005
2426,0.001295328140258789,0.112,-8.0
2427,0.0009922981262207031,0.112,-8.0
2428,0.0009851455688476562,0.114,-8.0
2429,0.0005180835723876953,0.116,-8.0
2430,0.0009021759033203125,0.121,-7.6000000000000005
2431,0.0005218982696533203,0.129,-6.800000000000001
2432,0.00033354759216308594,0.136,-6.0
2433,0.0005788803100585938,0.142,-5.2
2434,0.00047779083251953125,0.144,-4.0
2435,0.00046515464782714844,0.147,-2.8000000000000003
2436,0.0007073879241943359,0.149,-1.6
2437,0.0009522438049316406,0.151,0.0
2438,0.0004363059997558594,0.155,2.0
2439,0.0004405975341796875,0.155,3.6
2440,0.00048828125,0.155,5.6000000000000005
2441,0.001088857650756836,0.157,8.0
2442,0.0005609989166259766,0.162,10.0
2443,0.0004589557647705078,0.164,12.4
2444,0.0004382133483886719,0.164,14.8
2445,0.00048089027404785156,0.164,17.2
2446,0.0008714199066162109,0.166,20.0
2447,0.0006089210510253906,0.166,22.400000000000002
2448,0.00046896934509277344,0.168,24.8
2449,0.001062631607055664,0.168,27.6
2450,0.0019388198852539062,0.168,30.0
2451,0.0015766620635986328,0.17,32.800000000000004
2452,0.0007975101470947266,0.17,35.2
2453,0.0021905899047851562,0.17,37.6
2454,0.0012645721435546875,0.17,40.0
2455,0.001585245132446289,0.172,42.400000000000006
2456,0.001041412353515625,0.172,44.400000000000006
2457,0.001041412353515625,0.175,44.400000000000006
2458,0.002186298370361328,0.175,46.800000000000004
2459,0.0004742145538330078,0.177,48.800000000000004
2460,0.0010616779327392578,0.177,50.400000000000006
2461,0.0006983280181884766,0.177,52.400000000000006
2462,0.0005927085876464844,0.179,54.0
2463,0.0012738704681396484,0.179,55.6
2464,0.0005261898040771484,0.179,56.800000000000004
2465,0.00048351287841796875,0.181,58.0
2466,0.0008900165557861328,0.181,58.800000000000004
2467,0.0007405281066894531,0.181,59.2
2468,0.002036571502685547,0.181,59.6
2469,0.0008602142333984375,0.181,60.0
2470,0.0010616779327392578,0.183,60.0
2471,0.0005564689636230469,0.183,59.6
2472,0.0009891986846923828,0.183,59.2
2473,0.0031423568725585938,0.183,58.800000000000004
2474,0.0007710456848144531,0.183,58.400000000000006
2475,0.0019140243530273438,0.183,57.6
2476,0.0006837844848632812,0.183,56.400000000000006
2477,0.002899646759033203,0.183,55.6
2478,0.0005700588226318359,0.172,54.400000000000006
2479,0.0004189014434814453,0.157,53.2
2480,0.000560760498046875,0.142,52.0
2481,0.0004508495330810547,0.134,50.400000000000006
2482,0.00046253204345703125,0.129,49.2
2483,0.0008676052093505859,0.125,47.6
2484,0.0004565715789794922,0.119,46.0
2485,0.0006871223449707031,0.116,44.0
2486,0.0004923343658447266,0.112,42.400000000000006
2487,0.00045299530029296875,0.11,40.400000000000006
2488,0.0004546642303466797,0.108,38.400000000000006
2489,0.0006895065307617188,0.108,36.0
2490,0.0005335807800292969,0.106,34.0
2491,0.0005609989166259766,0.106,31.6
2492,0.0009899139404296875,0.106,29.200000000000003
2493,0.0006554126739501953,0.106,26.400000000000002
2494,0.0016341209411621094,0.106,24.0
2495,0.0015439987182617188,0.106,21.200000000000003
2496,0.0006165504455566406,0.106,18.8
2497,0.0015990734100341797,0.106,16.0
2498,0.0005283355712890625,0.101,13.600000000000001
2499,0.00047469139099121094,0.101,10.8
2500,0.0016734600067138672,0.101,8.4
2501,0.0007090568542480469,0.101,5.6000000000000005
2502,0.0018143653869628906,0.101,3.2
2503,0.0020034313201904297,0.101,1.2000000000000002
2504,0.001748800277709961,0.101,-1.2000000000000002
2505,0.0017688274383544922,0.101,-3.2
2506,0.00196075439453125,0.101,-4.800000000000001
2507,0.0007822513580322266,0.101,-6.800000000000001
2508,0.0020492076873779297,0.101,-8.0
2509,0.0007312297821044922,0.101,-9.600000000000001
2510,0.0020744800567626953,0.101,-10.4
2511,0.0006911754608154297,0.101,-11.600000000000001
2512,0.0018341541290283203,0.101,-12.0
2513,0.0007910728454589844,0.101,-12.4
2514,0.002407073974609375,0.101,-12.8
2515,0.0016503334045410156,0.101,-12.8
2516,0.001764059066772461,0.101,-12.4
2517,0.001581430435180664,0.101,-12.0
2518,0.0007698535919189453,0.101,-11.600000000000001
2519,0.0017206668853759766,0.101,-9.600000000000001
2520,0.0007872581481933594,0.101,-8.4
2521,0.0020453929901123047,0.101,-6.800000000000001
2522,0.0008299350738525391,0.101,-5.2
2523,0.0016469955444335938,0.101,-3.6
2524,0.0006246566772460938,0.101,-1.6
2525,0.001787424087524414,0.101,0.4
2526,0.000713348388671875,0.101,2.8000000000000003
2527,0.0016469955444335938,0.101,4.800000000000001
2528,0.000743865966796875,0.101,7.2
2529,0.0020449161529541016,0.101,9.200000000000001
2530,0.0006344318389892578,0.101,11.600000000000001
2531,0.0019674301147460938,0.101,14.0
2532,0.0007624626159667969,0.101,16.400000000000002
2533,0.0019893646240234375,0.101,18.8
2534,0.0008459091186523438,0.101,21.200000000000003
2535,0.001791238784790039,0.101,23.200000000000003
2536,0.0007455348968505859,0.101,25.200000000000003
2537,0.0018355846405029297,0.101,27.6
2538,0.0007345676422119141,0.101,29.200000000000003
2539,0.001611948013305664,0.101,31.200000000000003
2540,0.0007679462432861328,0.101,32.800000000000004
2541,0.00201416015625,0.101,34.4
2542,0.0014910697937011719,0.101,36.0
2543,0.0007221698760986328,0.101,37.2
2544,0.00213623046875,0.101,38.0
2545,0.0007302761077880859,0.101,39.2
2546,0.0018723011016845703,0.101,39.6
2547,0.0007274150848388672,0.101,40.400000000000006
2548,0.002154827117919922,0.101,40.800000000000004
2549,0.0007448196411132812,0.101,40.800000000000004
2550,0.002140045166015625,0.101,40.800000000000004
2551,0.0007469654083251953,0.101,40.400000000000006
2552,0.002067089080810547,0.101,40.0
2553,0.0006797313690185547,0.101,39.6
2554,0.002083301544189453,0.101,38.800000000000004
2555,0.0006909370422363281,0.101,38.0
2556,0.0020875930786132812,0.101,36.800000000000004
2557,0.0015573501586914062,0.101,35.6
2558,0.0007636547088623047,0.101,34.0
2559,0.0018947124481201172,0.101,32.4
2560,0.0016171932220458984,0.101,30.8
2561,0.0005939006805419922,0.101,29.200000000000003
2562,0.001626729965209961,0.101,27.200000000000003
2563,0.0017547607421875,0.101,25.200000000000003
2564,0.0006508827209472656,0.101,23.200000000000003
2565,0.0018949508666992188,0.101,21.200000000000003
2566,0.0016858577728271484,0.101,19.200000000000003
2567,0.0006911754608154297,0.101,16.8
2568,0.0018374919891357422,0.101,14.8
2569,0.0007927417755126953,0.101,12.4
2570,0.0016324520111083984,0.101,10.4
2571,0.0008027553558349609,0.101,8.4
2572,0.0016014575958251953,0.101,6.4
2573,0.0007812976837158203,0.101,4.4
2574,0.0014400482177734375,0.101,2.4000000000000004
2575,0.000102996826171875,0.101,0.8
2576,0.000278472900390625,0.101,-0.8
2577,0.00015854835510253906,0.101,-2.4000000000000004
2578,0.00017309188842773438,0.101,-4.0
2579,0.0003108978271484375,0.101,-5.2
2580,0.00027179718017578125,0.101,-6.4
2581,0.0005297660827636719,0.101,-7.2
2582,0.0003991127014160156,0.101,-8.0
2583,0.0008981227874755859,0.101,-8.4
2584,0.0005052089691162109,0.101,-8.8
2585,0.0015590190887451172,0.101,-8.8
2586,0.0008115768432617188,0.101,-8.8
2587,0.001893758773803711,0.101,-8.8
2588,0.0007843971252441406,0.101,-8.4
2589,0.0020499229431152344,0.101,-8.0
2590,0.0007500648498535156,0.101,-7.2
2591,0.0005617141723632812,0.103,-6.0
2592,0.0008981227874755859,0.103,-5.2
2593,0.0013778209686279297,0.11,-4.0
2594,0.0004208087921142578,0.116,-2.4000000000000004
2595,0.00048065185546875,0.121,-1.2000000000000002
2596,0.00048041343688964844,0.123,0.4
2597,0.0004780292510986328,0.127,2.0
2598,0.0004963874816894531,0.131,4.0
2599,0.000560760498046875,0.134,5.6000000000000005
2600,0.000560760498046875,0.138,5.6000000000000005
2601,0.0004305839538574219,0.138,7.6000000000000005
2602,0.00043272972106933594,0.14,9.600000000000001
2603,0.000667572021484375,0.14,11.600000000000001
2604,0.0016658306121826172,0.147,14.0
2605,0.0004963874816894531,0.149,16.0
2606,0.00046181678771972656,0.149,18.0
2607,0.0011806488037109375,0.149,20.400000000000002
2608,0.0007402896881103516,0.151,22.400000000000002
2609,0.0005257129669189453,0.153,24.8
2610,0.00047659873962402344,0.157,26.8
2611,0.00043654441833496094,0.157,28.8
2612,0.0008463859558105469,0.157,30.8
2613,0.0005021095275878906,0.164,32.800000000000004
2614,0.0007834434509277344,0.166,34.800000000000004
2615,0.0004825592041015625,0.166,36.4
2616,0.0005667209625244141,0.172,38.400000000000006
2617,0.0005159378051757812,0.172,40.0
2618,0.0005009174346923828,0.175,41.6
2619,0.0004246234893798828,0.177,42.800000000000004
2620,0.0004715919494628906,0.177,44.400000000000006
2621,0.000476837158203125,0.179,45.6
2622,0.0006742477416992188,0.179,46.800000000000004
2623,0.00046133995056152344,0.181,47.6
2624,0.00047850608825683594,0.181,48.800000000000004
2625,0.0005886554718017578,0.183,49.6
2626,0.0005171298980712891,0.183,50.400000000000006
2627,0.001461029052734375,0.185,50.800000000000004
2628,0.0005528926849365234,0.185,51.6
2629,0.00033783912658691406,0.19,52.0
2630,0.0004930496215820312,0.19,52.400000000000006
2631,0.0005042552947998047,0.19,52.400000000000006
2632,0.001224517822265625,0.192,52.800000000000004
2633,0.00042891502380371094,0.196,52.800000000000004
2634,0.0004863739013671875,0.196,52.800000000000004
2635,0.00048279762268066406,0.196,52.400000000000006
2636,0.0004942417144775391,0.196,52.400000000000006
2637,0.0027663707733154297,0.196,52.0
2638,0.00045561790466308594,0.198,51.6
2639,0.00035858154296875,0.2,51.2
2640,0.0005066394805908203,0.2,50.800000000000004
2641,0.00044989585876464844,0.2,50.400000000000006
2642,0.0010814666748046875,0.2,49.6
2643,0.0006153583526611328,0.2,49.2
2644,0.0021903514862060547,0.2,48.400000000000006
2645,0.0007171630859375,0.2,47.6
2646,0.0021390914916992188,0.2,46.800000000000004
2647,0.0005517005920410156,0.2,46.400000000000006
2648,0.001976490020751953,0.2,45.6
2649,0.0007741451263427734,0.2,44.800000000000004
2650,0.0018687248229980469,0.2,44.0
2651,0.0017743110656738281,0.2,43.2
2652,0.0007824897766113281,0.2,42.400000000000006
2653,0.0017948150634765625,0.2,41.6
2654,0.0007379055023193359,0.2,40.800000000000004
2655,0.002000570297241211,0.2,40.0
2656,0.0007145404815673828,0.2,39.2
2657,0.0018284320831298828,0.2,38.400000000000006
2658,0.0005936622619628906,0.2,38.0
2659,0.001973390579223633,0.2,37.2
2660,0.0007083415985107422,0.2,36.4
2661,0.0016372203826904297,0.2,36.0
2662,0.0016083717346191406,0.2,35.6
2663,0.0014719963073730469,0.2,34.800000000000004
2664,0.0005965232849121094,0.2,34.4
2665,0.0017685890197753906,0.2,34.0
2666,0.0006544589996337891,0.2,34.0
2667,0.0016865730285644531,0.2,33.6
2668,0.0016903877258300781,0.2,33.2
2669,0.0016579627990722656,0.2,33.2
2670,0.0007398128509521484,0.2,33.2
2671,0.0009813308715820312,0.203,33.2
2672,0.0005247592926025391,0.203,33.2
2673,0.0016214847564697266,0.203,33.2
2674,0.0005919933319091797,0.203,33.2
2675,0.0017392635345458984,0.203,33.6
2676,0.0004534721374511719,0.203,34.0
2677,0.0021467208862304688,0.203,34.0
2678,0.0006818771362304688,0.203,34.4
2679,0.0003631114959716797,0.205,34.800000000000004
2680,0.0009982585906982422,0.205,35.6
2681,0.0006797313690185547,0.205,36.0
2682,0.0016429424285888672,0.205,36.4
2683,0.0015954971313476562,0.205,37.2
2684,0.0006163120269775391,0.205,37.6
2685,0.0019307136535644531,0.205,38.400000000000006
2686,0.0007565021514892578,0.205,39.2
2687,0.002283334732055664,0.205,39.6
2688,0.0007154941558837891,0.205,40.400000000000006
2689,0.001688241958618164,0.205,41.2
2690,0.0005869865417480469,0.205,42.0
2691,0.002839326858520508,0.205,42.800000000000004
2692,0.0006945133209228516,0.205,43.6
2693,0.0006563663482666016,0.207,44.400000000000006
2694,0.0004923343658447266,0.207,45.2
2695,0.0010111331939697266,0.207,45.6
2696,0.0004916191101074219,0.207,46.400000000000006
2697,0.002500772476196289,0.207,47.2
2698,0.0011868476867675781,0.209,48.0
2699,0.001100301742553711,0.209,48.800000000000004
2700,0.0009250640869140625,0.209,49.2
2701,0.0010986328125,0.211,50.0
2702,0.0011494159698486328,0.211,50.400000000000006
2703,0.0020494461059570312,0.211,51.2
2704,0.002000093460083008,0.211,51.6
2705,0.0019826889038085938,0.211,52.0
2706,0.0004680156707763672,0.213,52.400000000000006
2707,0.0005137920379638672,0.216,52.800000000000004
2708,0.0006706714630126953,0.216,53.2
2709,0.00049591064453125,0.216,53.6
2710,0.0009026527404785156,0.216,54.0
2711,0.002450227737426758,0.216,54.400000000000006
2712,0.0017056465148925781,0.216,54.400000000000006
2713,0.0017740726470947266,0.216,54.800000000000004
2714,0.0016589164733886719,0.216,54.800000000000004
2715,0.0016062259674072266,0.216,54.800000000000004
2716,0.001607656478881836,0.216,55.2
2717,0.0017039775848388672,0.216,55.2
2718,0.0008804798126220703,0.216,55.2
2719,0.0005686283111572266,0.218,55.2
2720,0.0005638599395751953,0.218,55.2
2721,0.0017197132110595703,0.218,55.2
2722,0.0007224082946777344,0.218,54.800000000000004
2723,0.0004487037658691406,0.22,54.800000000000004
2724,0.0009670257568359375,0.22,54.800000000000004
2725,0.0006864070892333984,0.22,54.400000000000006
2726,0.0017659664154052734,0.22,54.400000000000006
2727,0.0006668567657470703,0.22,54.0
2728,0.0010542869567871094,0.22,54.0
2729,0.0017676353454589844,0.22,53.6
2730,0.0018379688262939453,0.22,53.6
2731,0.0016002655029296875,0.22,53.2
2732,0.0008044242858886719,0.22,52.800000000000004
2733,0.002133607864379883,0.22,52.800000000000004
2734,0.0005545616149902344,0.222,52.400000000000006
2735,0.0006315708160400391,0.224,52.0
2736,0.0010879039764404297,0.224,51.6
2737,0.0013344287872314453,0.226,51.6
2738,0.000978708267211914,0.226,51.2
2739,0.0011932849884033203,0.226,50.800000000000004
2740,0.0013642311096191406,0.228,50.400000000000006
2741,0.0005819797515869141,0.228,50.400000000000006
2742,0.002171039581298828,0.228,50.0
2743,0.0007808208465576172,0.228,49.6
2744,0.0017247200012207031,0.228,49.6
2745,0.0007603168487548828,0.228,49.2
2746,0.0015912055969238281,0.228,49.2
2747,0.00174713134765625,0.228,48.800000000000004
2748,0.0007665157318115234,0.228,48.800000000000004
2749,0.0017247200012207031,0.228,48.400000000000006
2750,0.0008196830749511719,0.228,48.400000000000006
2751,0.0018000602722167969,0.228,48.400000000000006
2752,0.0016880035400390625,0.228,48.400000000000006
2753,0.0015187263488769531,0.228,48.400000000000006
2754,0.0014476776123046875,0.228,48.400000000000006
2755,0.0008063316345214844,0.228,48.400000000000006
2756,0.0025060176849365234,0.228,48.400000000000006
2757,0.0006268024444580078,0.228,48.800000000000004
2758,0.0019783973693847656,0.228,48.800000000000004
2759,0.001653909683227539,0.228,49.2
2760,0.0015101432800292969,0.228,49.2
2761,0.0009300708770751953,0.228,49.6
2762,0.0021703243255615234,0.228,49.6
2763,0.0021703243255615234,0.231,49.6
2764,0.001027822494506836,0.231,50.0
2765,0.0020945072174072266,0.231,50.0
2766,0.0018029212951660156,0.231,50.400000000000006
2767,0.0009672641754150391,0.231,50.800000000000004
2768,0.002176046371459961,0.231,51.2
2769,0.0007331371307373047,0.231,51.2
2770,0.0018458366394042969,0.231,51.6
2771,0.0005412101745605469,0.231,52.0
2772,0.0003592967987060547,0.233,52.400000000000006
2773,0.0009157657623291016,0.235,52.800000000000004
2774,0.0004994869232177734,0.235,53.2
2775,0.001146078109741211,0.235,53.6
2776,0.0007052421569824219,0.235,54.0
2777,0.002189159393310547,0.235,54.400000000000006
2778,0.0017180442810058594,0.235,54.800000000000004
2779,0.0008137226104736328,0.235,55.2
2780,0.00193023681640625,0.235,55.6
2781,0.0017998218536376953,0.235,56.0
2782,0.0007777214050292969,0.235,56.400000000000006
2783,0.002416849136352539,0.237,56.800000000000004
2784,0.0003724098205566406,0.237,56.800000000000004
2785,0.0005326271057128906,0.237,57.2
2786,0.0025565624237060547,0.237,57.6
2787,0.0008616447448730469,0.237,58.0
2788,0.001374959945678711,0.237,58.400000000000006
2789,0.00070953369140625,0.237,58.800000000000004
2790,0.0013773441314697266,0.237,59.2
2791,0.0022537708282470703,0.237,59.2
2792,0.0007038116455078125,0.237,59.6
2793,0.0016508102416992188,0.237,60.0
2794,0.0007212162017822266,0.237,60.400000000000006
2795,0.0004334449768066406,0.237,60.400000000000006
2796,0.0005164146423339844,0.237,60.800000000000004
2797,0.0007567405700683594,0.237,60.800000000000004
2798,0.0004925727844238281,0.237,61.2
2799,0.001935720443725586,0.237,61.2
2800,0.0009095668792724609,0.237,61.6
2801,0.0017180442810058594,0.237,61.6
2802,0.0015697479248046875,0.237,61.6
2803,0.0007598400115966797,0.237,61.6
2804,0.001863241195678711,0.237,62.0
2805,0.0006115436553955078,0.228,62.0
2806,0.0006284713745117188,0.22,62.0
2807,0.0007872581481933594,0.209,62.0
2808,0.0010044574737548828,0.2,62.0
2809,0.0010077953338623047,0.185,62.0
2810,0.0005183219909667969,0.172,62.0
2811,0.0005021095275878906,0.164,61.6
2812,0.0005590915679931641,0.159,61.6
2813,0.00045108795166015625,0.151,61.6
2814,0.0004863739013671875,0.142,61.2
2815,0.00051116943359375,0.136,60.800000000000004
2816,0.00020003318786621094,0.127,60.400000000000006
2817,0.0003445148468017578,0.123,59.6
2818,0.0006098747253417969,0.116,58.800000000000004
2819,0.0004451274871826172,0.116,57.6
2820,0.0004725456237792969,0.114,56.400000000000006
2821,0.0008070468902587891,0.114,55.2
2822,0.0005166530609130859,0.114,53.6
2823,0.001094818115234375,0.114,51.6
2824,0.0004870891571044922,0.114,50.0
2825,0.0020704269409179688,0.114,47.6
2826,0.0007908344268798828,0.11,45.2
2827,0.0011401176452636719,0.11,42.800000000000004
2828,0.0006184577941894531,0.11,40.0
2829,0.0018868446350097656,0.11,37.2
2830,0.0007932186126708984,0.11,34.4
2831,0.0017817020416259766,0.11,31.200000000000003
2832,0.0018265247344970703,0.11,28.0
2833,0.0007507801055908203,0.11,24.8
2834,0.0017895698547363281,0.11,21.6
2835,0.0007073879241943359,0.11,18.0
2836,0.001744985580444336,0.11,14.8
2837,0.0007660388946533203,0.11,11.600000000000001
2838,0.0018808841705322266,0.11,8.4
2839,0.0007674694061279297,0.11,5.2
2840,0.002094745635986328,0.11,2.0
2841,0.0015196800231933594,0.11,-0.8
2842,0.0007624626159667969,0.11,-3.6
2843,0.0016753673553466797,0.11,-6.4
2844,0.0007064342498779297,0.11,-8.8
2845,0.0021169185638427734,0.11,-10.8
2846,0.0006511211395263672,0.11,-12.8
2847,0.0024433135986328125,0.11,-14.4
2848,0.0007281303405761719,0.11,-16.0
2849,0.0018582344055175781,0.11,-17.2
2850,0.0007812976837158203,0.11,-18.0
2851,0.0017826557159423828,0.11,-18.8
2852,0.0007891654968261719,0.11,-19.200000000000003
2853,0.0016179084777832031,0.11,-19.200000000000003
2854,0.0007739067077636719,0.11,-18.8
2855,0.0019354820251464844,0.11,-18.400000000000002
2856,0.0007116794586181641,0.11,-17.6
2857,0.0023050308227539062,0.11,-16.400000000000002
2858,0.0006966590881347656,0.11,-15.200000000000001
2859,0.002068042755126953,0.11,-13.600000000000001
2860,0.0004680156707763672,0.116,-12.0
2861,0.0008242130279541016,0.131,-10.0
2862,0.00048661231994628906,0.142,-7.6000000000000005
2863,0.0004551410675048828,0.149,-5.2
2864,0.0004837512969970703,0.153,-2.8000000000000003
2865,0.000446319580078125,0.153,0.0
2866,0.0004532337188720703,0.157,2.8000000000000003
2867,0.0005223751068115234,0.159,5.6000000000000005
2868,0.0006029605865478516,0.159,8.8
2869,0.0005054473876953125,0.164,12.0
2870,0.0005662441253662109,0.164,15.200000000000001
2871,0.0005748271942138672,0.164,18.400000000000002
2872,0.0005705356597900391,0.164,21.6
2873,0.0009987354278564453,0.164,25.200000000000003
2874,0.0006518363952636719,0.164,28.400000000000002
2875,0.002437114715576172,0.164,31.6
2876,0.0007481575012207031,0.164,34.800000000000004
2877,0.0017061233520507812,0.164,38.0
2878,0.0006923675537109375,0.164,41.2
2879,0.0018422603607177734,0.159,44.400000000000006
2880,0.00038242340087890625,0.153,47.2
2881,0.0013179779052734375,0.151,50.0
2882,0.0007536411285400391,0.138,52.400000000000006
2883,0.0004742145538330078,0.129,54.800000000000004
2884,0.0005652904510498047,0.121,57.2
2885,0.0004444122314453125,0.116,59.2
2886,0.0005309581756591797,0.112,61.2
2887,0.0009143352508544922,0.108,62.800000000000004
2888,0.0007584095001220703,0.103,64.4
2889,0.0007963180541992188,0.099,65.60000000000001
2890,0.0007374286651611328,0.097,66.4
2891,0.0004787445068359375,0.095,66.8
2892,0.0005311965942382812,0.091,67.2
2893,0.0004668235778808594,0.091,67.2
2894,0.001211404800415039,0.091,66.8
2895,0.0004482269287109375,0.088,66.4
2896,0.0004892349243164062,0.082,65.60000000000001
2897,0.00046324729919433594,0.08,64.4
2898,0.00047659873962402344,0.075,62.800000000000004
2899,0.0005207061767578125,0.075,60.800000000000004
2900,0.0005905628204345703,0.071,58.800000000000004
2901,0.0005905628204345703,0.067,58.800000000000004
2902,0.0005104541778564453,0.067,56.400000000000006
2903,0.0004532337188720703,0.065,54.0
2904,0.00044083595275878906,0.065,50.800000000000004
2905,0.0011229515075683594,0.065,47.6
2906,0.00045871734619140625,0.065,44.400000000000006
2907,0.002736806869506836,0.065,40.400000000000006
2908,0.0016751289367675781,0.065,36.800000000000004
2909,0.0007822513580322266,0.065,32.4
2910,0.001828908920288086,0.065,28.400000000000002
2911,0.0006639957427978516,0.065,24.0
2912,0.002176523208618164,0.065,19.6
2913,0.0016379356384277344,0.065,14.8
2914,0.0008113384246826172,0.065,10.4
2915,0.001470327377319336,0.065,5.6000000000000005
2916,0.0009195804595947266,0.065,1.2000000000000002
2917,0.0018830299377441406,0.065,-3.6
2918,0.001590728759765625,0.065,-8.0
2919,0.0008869171142578125,0.065,-12.0
2920,0.0016765594482421875,0.065,-16.0
2921,0.0006976127624511719,0.065,-20.0
2922,0.0017547607421875,0.065,-23.6
2923,0.0006945133209228516,0.065,-27.200000000000003
2924,0.0025322437286376953,0.065,-30.400000000000002
2925,0.0005626678466796875,0.063,-33.2
2926,0.002494335174560547,0.063,-35.6
2927,0.0006453990936279297,0.063,-37.6
2928,0.0019991397857666016,0.063,-39.2
2929,0.0007433891296386719,0.063,-40.800000000000004
2930,0.002073049545288086,0.063,-41.6
2931,0.0006999969482421875,0.063,-42.400000000000006
2932,0.0014081001281738281,0.063,-42.800000000000004
2933,0.0016791820526123047,0.063,-42.400000000000006
2934,0.0005764961242675781,0.063,-42.0
2935,0.001842498779296875,0.063,-41.2
2936,0.0006918907165527344,0.063,-40.0
2937,0.0018756389617919922,0.063,-38.400000000000006
2938,0.0006723403930664062,0.063,-36.4
2939,0.002046346664428711,0.063,-34.0
2940,0.0008451938629150391,0.063,-31.6
2941,0.0025823116302490234,0.063,-28.8
2942,0.0006928443908691406,0.063,-25.6
2943,0.001814126968383789,0.063,-22.0
2944,0.0006709098815917969,0.063,-18.400000000000002
2945,0.0019855499267578125,0.063,-14.8
2946,0.0007593631744384766,0.063,-10.8
2947,0.0009694099426269531,0.063,-6.800000000000001
2948,0.0007605552673339844,0.065,-2.4000000000000004
2949,0.0005326271057128906,0.065,1.6
2950,0.0013203620910644531,0.065,6.0
2951,0.00047278404235839844,0.065,10.4
2952,0.0005583763122558594,0.065,14.4
2953,0.0005483627319335938,0.065,18.400000000000002
2954,0.0015516281127929688,0.065,22.400000000000002
2955,0.0007021427154541016,0.065,26.400000000000002
2956,0.001997709274291992,0.065,30.400000000000002
2957,0.0006983280181884766,0.065,34.0
2958,0.0023462772369384766,0.065,37.2
2959,0.0007758140563964844,0.065,40.400000000000006
2960,0.0021860599517822266,0.065,43.2
2961,0.0008764266967773438,0.065,45.6
2962,0.0016026496887207031,0.065,48.0
2963,0.0007624626159667969,0.065,50.0
2964,0.0020723342895507812,0.065,52.0
2965,0.0005953311920166016,0.065,53.2
2966,0.0017857551574707031,0.065,54.400000000000006
2967,0.0018200874328613281,0.065,55.2
2968,0.0007803440093994141,0.065,55.6
2969,0.002053499221801758,0.065,56.0
2970,0.0006704330444335938,0.065,55.6
2971,0.003143787384033203,0.067,55.2
2972,0.0005838871002197266,0.067,54.400000000000006
2973,0.0005161762237548828,0.067,53.2
2974,0.0019409656524658203,0.067,51.6
2975,0.0017871856689453125,0.067,50.0
2976,0.0006606578826904297,0.067,48.0
2977,0.0017461776733398438,0.067,45.6
2978,0.0007126331329345703,0.067,43.2
2979,0.0016329288482666016,0.067,40.400000000000006
2980,0.0007376670837402344,0.067,37.2
2981,0.0021364688873291016,0.067,34.0
2982,0.0006842613220214844,0.067,30.8
2983,0.0019371509552001953,0.067,27.200000000000003
2984,0.0014798641204833984,0.067,23.6
2985,0.0006847381591796875,0.067,19.6
2986,0.0021309852600097656,0.067,16.0
2987,0.0006959438323974609,0.067,12.0
2988,0.0018939971923828125,0.067,8.0
2989,0.0007810592651367188,0.067,4.0
2990,0.002025604248046875,0.067,0.0
2991,0.0017685890197753906,0.067,-3.6
2992,0.001783609390258789,0.067,-7.2
2993,0.0007772445678710938,0.067,-10.8
2994,0.001752614974975586,0.067,-14.0
2995,0.0007469654083251953,0.067,-17.2
2996,0.001811981201171875,0.067,-20.400000000000002
2997,0.0007052421569824219,0.067,-23.200000000000003
2998,0.0017082691192626953,0.067,-25.6
2999,0.0015900135040283203,0.067,-27.6
3000,0.0007193088531494141,0.067,-29.6
3001,0.0017266273498535156,0.067,-31.200000000000003
3002,0.0016148090362548828,0.067,-32.4
3003,0.0008063316345214844,0.067,-33.6
3004,0.0019686222076416016,0.067,-34.0
3005,0.0007126331329345703,0.067,-34.4
3006,0.0015642642974853516,0.067,-34.4
3007,0.00047779083251953125,0.067,-34.0
3008,0.0023717880249023438,0.067,-33.2
3009,0.0006949901580810547,0.067,-32.4
3010,0.0017402172088623047,0.067,-31.200000000000003
3011,0.00067138671875,0.067,-29.6
3012,0.0016980171203613281,0.067,-27.6
3013,0.0007014274597167969,0.067,-25.200000000000003
3014,0.0017995834350585938,0.067,-22.8
3015,0.0006864070892333984,0.067,-20.400000000000002
3016,0.0016667842864990234,0.067,-17.2
3017,0.0008282661437988281,0.067,-14.4
3018,0.001941680908203125,0.067,-10.8
3019,0.0007460117340087891,0.067,-7.6000000000000005
3020,0.0015876293182373047,0.067,-4.0
3021,0.0008056163787841797,0.067,-0.4
3022,0.0015745162963867188,0.067,3.2
3023,0.0007393360137939453,0.067,6.800000000000001
3024,0.0022220611572265625,0.067,10.4
3025,0.0007202625274658203,0.067,14.0
3026,0.0020399093627929688,0.067,17.6
3027,0.0006999969482421875,0.067,20.8
3028,0.0015807151794433594,0.067,24.400000000000002
3029,0.0007307529449462891,0.067,27.6
3030,0.0018892288208007812,0.067,30.400000000000002
3031,0.0016927719116210938,0.067,33.6
3032,0.0008389949798583984,0.067,36.0
3033,0.00208282470703125,0.067,38.400000000000006
3034,0.0018312931060791016,0.067,40.800000000000004
3035,0.0017931461334228516,0.067,42.800000000000004
3036,0.0007083415985107422,0.067,44.400000000000006
3037,0.0013937950134277344,0.067,46.0
3038,0.0028493404388427734,0.067,47.2
3039,0.0010514259338378906,0.073,48.0
3040,0.0005967617034912109,0.088,48.400000000000006
3041,0.0006086826324462891,0.106,48.800000000000004
3042,0.0005950927734375,0.123,48.800000000000004
3043,0.0005209445953369141,0.138,48.800000000000004
3044,0.0004506111145019531,0.149,48.0
3045,0.0007166862487792969,0.157,47.2
3046,0.00045490264892578125,0.164,46.400000000000006
3047,0.0005233287811279297,0.168,44.800000000000004
3048,0.0005233287811279297,0.172,44.800000000000004
3049,0.0008397102355957031,0.179,43.6
3050,0.0004832744598388672,0.185,42.0
3051,0.00048160552978515625,0.19,40.0
3052,0.0004513263702392578,0.194,38.400000000000006
3053,0.0007243156433105469,0.194,36.4
3054,0.00042557716369628906,0.194,34.4
3055,0.00041985511779785156,0.194,32.0
3056,0.0004162788391113281,0.194,30.0
3057,0.0018749237060546875,0.194,28.0
3058,0.0006721019744873047,0.194,26.0
3059,0.0010867118835449219,0.194,24.400000000000002
3060,0.0019936561584472656,0.194,22.400000000000002
3061,0.0007641315460205078,0.194,20.8
3062,0.0016944408416748047,0.194,19.200000000000003
3063,0.0006003379821777344,0.194,18.0
3064,0.0018618106842041016,0.194,16.400000000000002
3065,0.0009665489196777344,0.194,15.600000000000001
3066,0.0018031597137451172,0.194,14.4
3067,0.0015649795532226562,0.194,14.0
3068,0.0015132427215576172,0.194,13.200000000000001
3069,0.0006902217864990234,0.194,12.8
3070,0.0019576549530029297,0.194,12.8
3071,0.0006906986236572266,0.194,12.8
3072,0.0016264915466308594,0.194,12.8
3073,0.0006935596466064453,0.194,13.200000000000001
3074,0.0018069744110107422,0.194,13.600000000000001
3075,0.0011196136474609375,0.194,14.4
3076,0.003021717071533203,0.194,15.200000000000001
3077,0.001230001449584961,0.194,16.400000000000002
3078,0.0017380714416503906,0.194,17.2
3079,0.0026998519897460938,0.194,18.8
3080,0.0010230541229248047,0.194,20.0
3081,0.0009052753448486328,0.194,21.6
3082,0.0001571178436279297,0.194,23.200000000000003
3083,0.00019598007202148438,0.188,24.8
3084,0.0005934238433837891,0.179,26.8
3085,0.0012750625610351562,0.164,28.400000000000002
3086,0.0021538734436035156,0.155,30.400000000000002
3087,0.0009315013885498047,0.147,32.4
3088,0.0004856586456298828,0.142,34.4
3089,0.0007369518280029297,0.136,36.4
3090,0.00045371055603027344,0.134,38.0
3091,0.0004961490631103516,0.134,40.0
3092,0.0006182193756103516,0.131,42.0
3093,0.0004916191101074219,0.125,43.6
3094,0.0006966590881347656,0.125,45.2
3095,0.00046896934509277344,0.123,46.400000000000006
3096,0.0007233619689941406,0.123,47.6
3097,0.000469207763671875,0.123,48.800000000000004
3098,0.0005528926849365234,0.121,49.6
3099,0.0015277862548828125,0.121,50.0
3100,0.0005333423614501953,0.119,50.400000000000006
3101,0.0022873878479003906,0.119,50.800000000000004
3102,0.0008647441864013672,0.119,50.800000000000004
3103,0.0007109642028808594,0.119,50.800000000000004
3104,0.0017452239990234375,0.119,50.400000000000006
3105,0.0015842914581298828,0.119,49.6
3106,0.0008113384246826172,0.119,48.800000000000004
3107,0.0019109249114990234,0.119,48.0
3108,0.0007593631744384766,0.119,46.800000000000004
3109,0.0023641586303710938,0.119,45.2
3110,0.0007004737854003906,0.119,43.6
3111,0.0017726421356201172,0.119,42.0
3112,0.0015559196472167969,0.119,40.0
3113,0.0006451606750488281,0.119,38.0
3114,0.0017266273498535156,0.119,36.0
3115,0.0007596015930175781,0.119,33.6
3116,0.0016584396362304688,0.119,31.200000000000003
3117,0.0006968975067138672,0.119,28.8
3118,0.001987934112548828,0.119,26.400000000000002
3119,0.0018422603607177734,0.119,23.6
3120,0.0016140937805175781,0.119,21.200000000000003
3121,0.0017745494842529297,0.119,18.400000000000002
3122,0.00156402587890625,0.119,16.0
3123,0.0015990734100341797,0.119,13.200000000000001
3124,0.0021233558654785156,0.119,10.8
3125,0.0009107589721679688,0.119,8.4
3126,0.002140522003173828,0.119,6.0
3127,0.0017821788787841797,0.119,3.6
3128,0.0006539821624755859,0.119,1.6
3129,0.0020372867584228516,0.119,-0.4
3130,0.0007588863372802734,0.119,-2.4000000000000004
3131,0.0018222332000732422,0.119,-4.0
3132,0.0005886554718017578,0.119,-5.6000000000000005
3133,0.0018329620361328125,0.119,-6.800000000000001
3134,0.0006639957427978516,0.119,-8.0
3135,0.0018744468688964844,0.119,-8.8
3136,0.0006692409515380859,0.119,-9.200000000000001
3137,0.0018644332885742188,0.119,-9.600000000000001
3138,0.0016977787017822266,0.119,-10.0
3139,0.0006892681121826172,0.119,-10.0
3140,0.001861572265625,0.119,-9.600000000000001
3141,0.0007259845733642578,0.119,-9.200000000000001
3142,0.001955747604370117,0.119,-8.4
3143,0.001903533935546875,0.119,-7.6000000000000005
3144,0.0007655620574951172,0.119,-6.4
3145,0.0019609928131103516,0.119,-5.2
3146,0.0007183551788330078,0.119,-3.6
3147,0.0018572807312011719,0.119,-2.0
3148,0.00244903564453125,0.123,-0.4
3149,0.0010046958923339844,0.127,1.6
3150,0.0009374618530273438,0.129,3.6
3151,0.0005910396575927734,0.134,6.0
3152,0.0010721683502197266,0.136,8.0
3153,0.0005578994750976562,0.14,10.4
3154,0.00036025047302246094,0.14,12.8
3155,0.0005621910095214844,0.142,15.200000000000001
3156,0.00052642822265625,0.142,17.6
3157,0.0005059242248535156,0.142,20.0
3158,0.002613544464111328,0.142,22.400000000000002
3159,0.0008327960968017578,0.142,24.8
3160,0.0018548965454101562,0.142,27.200000000000003
3161,0.0007157325744628906,0.142,29.6
3162,0.0019307136535644531,0.142,32.0
3163,0.001750946044921875,0.142,34.0
3164,0.0016322135925292969,0.142,36.0
3165,0.001949310302734375,0.142,38.0
3166,0.001707315444946289,0.142,40.0
3167,0.0006430149078369141,0.142,41.6
3168,0.0022368431091308594,0.142,43.2
3169,0.0006265640258789062,0.142,44.800000000000004
3170,0.0017855167388916016,0.142,46.0
3171,0.0018155574798583984,0.142,47.2
3172,0.0015702247619628906,0.142,48.400000000000006
3173,0.0015382766723632812,0.142,49.2
3174,0.00080108642578125,0.142,50.0
3175,0.002081155776977539,0.142,50.400000000000006
3176,0.0015151500701904297,0.142,50.800000000000004
3177,0.0009415149688720703,0.14,50.800000000000004
3178,0.0005002021789550781,0.136,50.800000000000004
3179,0.0004487037658691406,0.131,50.800000000000004
3180,0.0005805492401123047,0.129,50.400000000000006
3181,0.0004930496215820312,0.119,49.6
3182,0.0005419254302978516,0.11,49.2
3183,0.0005459785461425781,0.103,48.0
3184,0.0003466606140136719,0.099,47.2
3185,0.0004622936248779297,0.095,46.0
3186,0.00044417381286621094,0.095,44.400000000000006
3187,0.00047469139099121094,0.093,42.800000000000004
3188,0.0004534721374511719,0.093,41.2
3189,0.001413106918334961,0.093,39.2
3190,0.0009095668792724609,0.093,37.2
3191,0.0006306171417236328,0.093,35.2
3192,0.0017735958099365234,0.093,32.800000000000004
3193,0.0007624626159667969,0.093,30.400000000000002
3194,0.0007073879241943359,0.091,27.6
3195,0.0004792213439941406,0.088,25.200000000000003
3196,0.0006730556488037109,0.088,22.400000000000002
3197,0.0006730556488037109,0.088,22.400000000000002
3198,0.0004467964172363281,0.088,19.6
3199,0.0018618106842041016,0.088,16.8
3200,0.0019724369049072266,0.088,14.0
3201,0.0006024837493896484,0.088,10.8
3202,0.0016777515411376953,0.088,8.0
3203,0.0006608963012695312,0.088,5.2
3204,0.001779317855834961,0.088,2.4000000000000004
3205,0.001787424087524414,0.088,0.0
3206,0.0017707347869873047,0.088,-2.8000000000000003
3207,0.0016169548034667969,0.088,-5.2
3208,0.0017726421356201172,0.088,-7.2
3209,0.0009815692901611328,0.088,-9.200000000000001
3210,0.001703500747680664,0.088,-11.200000000000001
3211,0.0007212162017822266,0.088,-13.200000000000001
3212,0.0016779899597167969,0.088,-14.4
3213,0.001744985580444336,0.088,-16.0
3214,0.0006186962127685547,0.088,-16.8
3215,0.0016522407531738281,0.088,-17.6
3216,0.0017170906066894531,0.088,-18.400000000000002
3217,0.000957489013671875,0.088,-18.8
3218,0.0018553733825683594,0.088,-18.8
3219,0.0007624626159667969,0.088,-18.400000000000002
3220,0.002061605453491211,0.088,-18.0
3221,0.0007481575012207031,0.088,-17.6
3222,0.0015556812286376953,0.088,-16.8
3223,0.0017120838165283203,0.088,-15.600000000000001
3224,0.001623392105102539,0.088,-14.4
3225,0.0017769336700439453,0.088,-12.8
3226,0.0017161369323730469,0.088,-10.8
3227,0.0018868446350097656,0.088,-9.200000000000001
3228,0.0008363723754882812,0.088,-7.2
3229,0.0021352767944335938,0.088,-4.800000000000001
3230,0.0007431507110595703,0.088,-2.4000000000000004
3231,0.0016942024230957031,0.088,0.0
3232,0.0007090568542480469,0.088,2.4000000000000004
3233,0.0019202232360839844,0.088,5.2
3234,0.0007276535034179688,0.088,7.6000000000000005
3235,0.0016198158264160156,0.088,10.4
3236,0.0006835460662841797,0.088,12.8
3237,0.0017440319061279297,0.088,15.600000000000001
3238,0.0007021427154541016,0.088,18.0
3239,0.0019297599792480469,0.088,20.400000000000002
3240,0.0006964206695556641,0.088,22.8
3241,0.001882791519165039,0.088,25.200000000000003
3242,0.0007288455963134766,0.088,27.6
3243,0.0018835067749023438,0.088,29.6
3244,0.0007150173187255859,0.088,31.6
3245,0.0016491413116455078,0.088,33.2
3246,0.0007140636444091797,0.088,34.800000000000004
3247,0.0022377967834472656,0.088,36.4
3248,0.0006518363952636719,0.088,37.6
3249,0.0017848014831542969,0.088,38.800000000000004
3250,0.0006868839263916016,0.088,39.6
3251,0.0021200180053710938,0.088,40.400000000000006
3252,0.0006816387176513672,0.088,40.800000000000004
3253,0.0015766620635986328,0.088,41.2
3254,0.0005733966827392578,0.088,41.2
3255,0.0016186237335205078,0.088,40.800000000000004
3256,0.0015344619750976562,0.088,40.400000000000006
3257,0.0015594959259033203,0.088,40.0
3258,0.0005841255187988281,0.088,39.2
3259,0.002740621566772461,0.088,38.0
3260,0.0017256736755371094,0.088,37.2
3261,0.0006647109985351562,0.099,35.6
3262,0.00040531158447265625,0.116,34.0
3263,0.0008757114410400391,0.134,32.4
3264,0.0004317760467529297,0.151,30.8
3265,0.00048542022705078125,0.155,28.8
3266,0.00044655799865722656,0.155,26.8
3267,0.0005106925964355469,0.157,24.400000000000002
3268,0.0005724430084228516,0.159,22.400000000000002
3269,0.00048422813415527344,0.159,20.0
3270,0.0008306503295898438,0.159,18.0
3271,0.0004928112030029297,0.159,15.600000000000001
3272,0.0008900165557861328,0.159,13.600000000000001
3273,0.0006163120269775391,0.159,11.600000000000001
3274,0.001987457275390625,0.159,10.0
3275,0.00188446044921875,0.159,8.0
3276,0.0014712810516357422,0.159,6.4
3277,0.0006401538848876953,0.159,5.2
3278,0.0016963481903076172,0.159,4.0
3279,0.0029685497283935547,0.159,2.8000000000000003
3280,0.0006077289581298828,0.159,2.0
3281,0.0019049644470214844,0.159,1.6
3282,0.0007748603820800781,0.159,1.2000000000000002
3283,0.0016698837280273438,0.159,0.8
3284,0.0007309913635253906,0.159,0.8
3285,0.002045869827270508,0.159,1.2000000000000002
3286,0.0005791187286376953,0.159,1.6
3287,0.0016531944274902344,0.159,2.0
3288,0.0005612373352050781,0.159,2.8000000000000003
3289,0.0019614696502685547,0.159,4.0
3290,0.0005662441253662109,0.159,5.2
3291,0.0016732215881347656,0.159,6.4
3292,0.0006761550903320312,0.159,8.0
3293,0.0021283626556396484,0.159,9.600000000000001
3294,0.0006406307220458984,0.159,11.200000000000001
3295,0.0016391277313232422,0.159,13.200000000000001
3296,0.0024542808532714844,0.159,15.200000000000001
3297,0.0009639263153076172,0.155,17.2
3298,0.000415802001953125,0.144,19.200000000000003
3299,0.0004374980926513672,0.138,21.6
3300,0.0006427764892578125,0.129,23.6
3301,0.000560760498046875,0.123,26.0
3302,0.00058746337890625,0.114,28.0
3303,0.0005464553833007812,0.11,30.400000000000002
3304,0.0005426406860351562,0.106,32.4
3305,0.00048065185546875,0.103,34.4
3306,0.0004639625549316406,0.101,36.4
3307,0.0004899501800537109,0.099,38.400000000000006
3308,0.0005631446838378906,0.095,40.0
3309,0.00038814544677734375,0.091,41.6
3310,0.0005097389221191406,0.086,42.800000000000004
3311,0.00046634674072265625,0.086,44.0
3312,0.0007450580596923828,0.086,45.2
3313,0.0005140304565429688,0.084,45.6
3314,0.0009548664093017578,0.084,46.400000000000006
3315,0.0004858970642089844,0.084,46.400000000000006
3316,0.0021622180938720703,0.084,46.400000000000006
3317,0.0004513263702392578,0.08,46.400000000000006
3318,0.0010182857513427734,0.08,46.0
3319,0.0006508827209472656,0.075,45.2
3320,0.0005533695220947266,0.075,44.400000000000006
3321,0.0005664825439453125,0.075,43.2
3322,0.0013661384582519531,0.075,41.6
3323,0.0007157325744628906,0.075,40.0
3324,0.0017313957214355469,0.075,38.400000000000006
3325,0.0008018016815185547,0.075,36.4
3326,0.002056598663330078,0.075,34.0
3327,0.0016617774963378906,0.075,31.6
3328,0.0017087459564208984,0.075,29.200000000000003
3329,0.0016677379608154297,0.075,26.400000000000002
3330,0.0009496212005615234,0.075,23.6
3331,0.002317190170288086,0.075,20.8
3332,0.0008261203765869141,0.075,18.0
3333,0.002328157424926758,0.075,14.8
3334,0.0017199516296386719,0.075,12.0
3335,0.0006928443908691406,0.075,8.8
3336,0.002082347869873047,0.075,5.6000000000000005
3337,0.0007717609405517578,0.075,2.8000000000000003
3338,0.0018138885498046875,0.075,0.0
3339,0.0007326602935791016,0.075,-3.2
3340,0.0020253658294677734,0.075,-5.6000000000000005
3341,0.0005817413330078125,0.075,-8.4
3342,0.002043008804321289,0.075,-10.8
3343,0.0006864070892333984,0.075,-13.200000000000001
3344,0.0020503997802734375,0.075,-15.200000000000001
3345,0.0007312297821044922,0.075,-17.2
3346,0.0021071434020996094,0.075,-18.8
3347,0.0006165504455566406,0.075,-20.0
3348,0.002039670944213867,0.075,-21.200000000000003
3349,0.0005412101745605469,0.075,-22.400000000000002
3350,0.0026199817657470703,0.075,-22.8
3351,0.0021944046020507812,0.075,-23.200000000000003
3352,0.0006313323974609375,0.075,-23.200000000000003
3353,0.001783132553100586,0.075,-23.200000000000003
3354,0.0006239414215087891,0.075,-22.8
3355,0.0016810894012451172,0.075,-22.0
3356,0.0018284320831298828,0.075,-21.200000000000003
3357,0.0018312931060791016,0.075,-20.0
3358,0.0018434524536132812,0.075,-18.8
3359,0.001836538314819336,0.075,-17.2
3360,0.0015995502471923828,0.075,-15.200000000000001
3361,0.0015673637390136719,0.075,-13.200000000000001
3362,0.0016396045684814453,0.075,-11.200000000000001
3363,0.0020568370819091797,0.075,-8.8
3364,0.0020699501037597656,0.075,-6.4
3365,0.00199127197265625,0.075,-3.6
3366,0.00199127197265625,0.075,-3.6
3367,0.002676725387573242,0.075,-1.2000000000000002
3368,0.0016841888427734375,0.075,1.6
3369,0.0023202896118164062,0.075,4.4
3370,0.0015842914581298828,0.075,7.2
3371,0.0007932186126708984,0.075,10.0
3372,0.0017638206481933594,0.075,12.8
3373,0.0006272792816162109,0.075,15.600000000000001
3374,0.0019953250885009766,0.075,18.400000000000002
3375,0.0006811618804931641,0.075,21.200000000000003
3376,0.001683950424194336,0.075,23.6
3377,0.0017473697662353516,0.075,26.0
3378,0.001796722412109375,0.075,28.400000000000002
3379,0.001596689224243164,0.075,30.400000000000002
3380,0.0009531974792480469,0.075,32.4
3381,0.00034427642822265625,0.075,34.4
3382,0.0010302066802978516,0.075,36.0
3383,0.0006229877471923828,0.075,37.2
3384,0.0017962455749511719,0.075,38.400000000000006
3385,0.0007655620574951172,0.075,39.6
3386,0.0016391277313232422,0.075,40.0
3387,0.0009777545928955078,0.075,40.800000000000004
3388,0.00043010711669921875,0.082,41.2
3389,0.0007452964782714844,0.088,41.2
3390,0.000514984130859375,0.097,40.800000000000004
3391,0.0004570484161376953,0.106,40.400000000000006
3392,0.0008628368377685547,0.112,40.0
3393,0.0004858970642089844,0.123,39.2
3394,0.0004963874816894531,0.134,38.0
3395,0.00047850608825683594,0.144,36.800000000000004
3396,0.0004475116729736328,0.151,35.6
3397,0.00048422813415527344,0.155,34.0
3398,0.00044345855712890625,0.159,32.4
3399,0.00042724609375,0.162,30.400000000000002
3400,0.00046133995056152344,0.166,28.8
3401,0.00045418739318847656,0.166,26.8
3402,0.0005083084106445312,0.166,24.8
3403,0.0010919570922851562,0.166,22.8
3404,0.0006890296936035156,0.166,20.8
3405,0.0016465187072753906,0.166,19.200000000000003
3406,0.0022177696228027344,0.166,17.2
3407,0.0006244182586669922,0.166,15.600000000000001
3408,0.0014064311981201172,0.166,14.0
3409,0.0019843578338623047,0.166,12.8
3410,0.0007205009460449219,0.166,11.200000000000001
3411,0.0020215511322021484,0.166,10.0
3412,0.0018422603607177734,0.166,9.200000000000001
3413,0.0006923675537109375,0.166,8.4
3414,0.002095460891723633,0.166,7.6000000000000005
3415,0.0005562305450439453,0.166,7.2
3416,0.0016868114471435547,0.166,6.800000000000001
3417,0.0016748905181884766,0.166,6.800000000000001
3418,0.0016016960144042969,0.166,6.800000000000001
3419,0.0018253326416015625,0.166,6.800000000000001
3420,0.000850677490234375,0.166,7.2
3421,0.002030611038208008,0.166,7.6000000000000005
3422,0.0007953643798828125,0.166,8.4
3423,0.0021288394927978516,0.166,9.200000000000001
3424,0.0017161369323730469,0.166,10.4
3425,0.0017330646514892578,0.166,11.600000000000001
3426,0.0007388591766357422,0.166,12.8
3427,0.002084493637084961,0.166,14.4
3428,0.0008080005645751953,0.166,15.600000000000001
3429,0.001711130142211914,0.166,17.2
3430,0.0018367767333984375,0.166,19.200000000000003
3431,0.0005757808685302734,0.166,20.8
3432,0.0017290115356445312,0.166,22.8
3433,0.0005962848663330078,0.166,24.400000000000002
3434,0.002086639404296875,0.166,26.400000000000002
3435,0.0005648136138916016,0.166,28.400000000000002
3436,0.002120494842529297,0.166,30.400000000000002
3437,0.0007641315460205078,0.166,32.0
3438,0.001628875732421875,0.166,34.0
3439,0.0005731582641601562,0.166,36.0
3440,0.0020546913146972656,0.166,37.6
3441,0.0006234645843505859,0.166,39.2
3442,0.0017242431640625,0.166,40.800000000000004
3443,0.0006580352783203125,0.166,42.400000000000006
3444,0.0018911361694335938,0.166,44.0
3445,0.0006575584411621094,0.166,45.2
3446,0.0020117759704589844,0.166,46.400000000000006
3447,0.0015518665313720703,0.166,47.6
3448,0.0007925033569335938,0.166,48.800000000000004
3449,0.002047300338745117,0.166,49.6
3450,0.0007445812225341797,0.166,50.400000000000006
3451,0.002048492431640625,0.166,50.800000000000004
3452,0.001642465591430664,0.166,51.2
3453,0.0007259845733642578,0.166,51.6
3454,0.0017650127410888672,0.166,52.0
3455,0.0006411075592041016,0.166,52.0
3456,0.0016443729400634766,0.166,52.0
3457,0.0007660388946533203,0.166,51.6
3458,0.0017049312591552734,0.166,51.2
3459,0.0006170272827148438,0.166,50.800000000000004
3460,0.0018126964569091797,0.166,50.400000000000006
3461,0.0016474723815917969,0.166,49.6
3462,0.0016281604766845703,0.166,48.800000000000004
3463,0.0006072521209716797,0.166,48.0
3464,0.0016019344329833984,0.166,46.800000000000004
3465,0.0007026195526123047,0.166,45.6
3466,0.0017795562744140625,0.166,44.400000000000006
3467,0.0006833076477050781,0.166,43.2
3468,0.0019855499267578125,0.166,41.6
3469,0.0007159709930419922,0.166,40.400000000000006
3470,0.0018291473388671875,0.166,38.800000000000004
3471,0.0015952587127685547,0.166,37.2
3472,0.0017423629760742188,0.166,35.6
3473,0.0016369819641113281,0.166,34.0
3474,0.0006680488586425781,0.166,32.4
3475,0.0019998550415039062,0.166,30.8
3476,0.0007376670837402344,0.166,28.8
3477,0.0015606880187988281,0.166,27.200000000000003
3478,0.0008249282836914062,0.166,25.6
3479,0.0007283687591552734,0.168,24.0
3480,0.00031256675720214844,0.17,22.8
3481,0.0006401538848876953,0.175,21.200000000000003
3482,0.0007531642913818359,0.177,20.0
3483,0.0006189346313476562,0.185,18.400000000000002
3484,0.0005064010620117188,0.192,17.2
3485,0.0005173683166503906,0.196,16.400000000000002
3486,0.000469207763671875,0.198,15.200000000000001
3487,0.000484466552734375,0.203,14.4
3488,0.00052642822265625,0.203,14.0
3489,0.0006005764007568359,0.203,13.200000000000001
3490,0.0005095005035400391,0.203,12.8
3491,0.0019161701202392578,0.203,12.8
3492,0.001329183578491211,0.203,12.8
3493,0.0006604194641113281,0.203,13.200000000000001
3494,0.0016405582427978516,0.203,13.600000000000001
3495,0.0007171630859375,0.203,14.0
3496,0.0016100406646728516,0.203,14.8
3497,0.0007061958312988281,0.203,16.0
3498,0.0020973682403564453,0.203,17.2
3499,0.0006852149963378906,0.203,18.400000000000002
3500,0.0018568038940429688,0.203,20.0
3501,0.0007534027099609375,0.203,21.6
3502,0.0018036365509033203,0.203,23.200000000000003
3503,0.00180816650390625,0.203,25.200000000000003
3504,0.000461578369140625,0.205,27.200000000000003
3505,0.0013382434844970703,0.205,29.200000000000003
3506,0.0008006095886230469,0.205,31.200000000000003
3507,0.0010075569152832031,0.205,33.6
3508,0.0009009838104248047,0.2,36.0
3509,0.001779794692993164,0.192,38.0
3510,0.001779794692993164,0.185,38.0
3511,0.0004558563232421875,0.179,40.400000000000006
3512,0.0005185604095458984,0.172,42.800000000000004
3513,0.0004496574401855469,0.168,44.800000000000004
3514,0.00046181678771972656,0.159,47.2
3515,0.00044155120849609375,0.153,49.2
3516,0.0004417896270751953,0.144,51.2
3517,0.0005462169647216797,0.134,53.6
3518,0.0004546642303466797,0.127,55.2
3519,0.0010266304016113281,0.119,57.2
3520,0.0004754066467285156,0.103,58.800000000000004
3521,0.0004544258117675781,0.093,60.0
3522,0.0006361007690429688,0.086,61.2
3523,0.0004677772521972656,0.084,62.0
3524,0.0004477500915527344,0.084,62.800000000000004
3525,0.0008347034454345703,0.08,63.2
3526,0.00032591819763183594,0.08,63.2
3527,0.00029277801513671875,0.08,63.2
3528,0.0005092620849609375,0.08,62.800000000000004
3529,0.0008945465087890625,0.08,62.0
3530,0.0006482601165771484,0.08,61.2
3531,0.0020079612731933594,0.08,59.6
3532,0.0006427764892578125,0.08,58.0
3533,0.0017795562744140625,0.08,56.0
3534,0.0007371902465820312,0.08,54.0
3535,0.0019288063049316406,0.08,51.2
3536,0.0005574226379394531,0.08,48.400000000000006
3537,0.0017170906066894531,0.08,45.6
3538,0.00045943260192871094,0.082,42.400000000000006
3539,0.0008852481842041016,0.082,38.800000000000004
3540,0.0009849071502685547,0.082,35.2
3541,0.0006051063537597656,0.082,31.200000000000003
3542,0.0020012855529785156,0.082,27.200000000000003
3543,0.0007750988006591797,0.082,23.200000000000003
3544,0.0015020370483398438,0.082,19.200000000000003
3545,0.0006215572357177734,0.084,14.8
3546,0.00044536590576171875,0.084,10.8
3547,0.0022253990173339844,0.084,6.4
3548,0.0010237693786621094,0.086,2.4000000000000004
3549,0.0005650520324707031,0.086,-1.6
3550,0.0008642673492431641,0.086,-5.6000000000000005
3551,0.0018105506896972656,0.086,-9.600000000000001
3552,0.001744985580444336,0.086,-13.200000000000001
3553,0.0008542537689208984,0.086,-16.400000000000002
3554,0.0020003318786621094,0.086,-19.6
3555,0.0007252693176269531,0.086,-22.400000000000002
3556,0.002025604248046875,0.086,-25.200000000000003
3557,0.0005657672882080078,0.086,-27.6
3558,0.002002716064453125,0.086,-29.6
3559,0.0006978511810302734,0.086,-31.200000000000003
3560,0.001970529556274414,0.086,-32.4
3561,0.0007569789886474609,0.086,-33.6
3562,0.00199127197265625,0.086,-34.0
3563,0.0006933212280273438,0.086,-34.4
3564,0.002064943313598633,0.086,-34.4
3565,0.0006508827209472656,0.088,-33.6
3566,0.0005457401275634766,0.088,-32.800000000000004
3567,0.0020301342010498047,0.088,-31.6
3568,0.0019252300262451172,0.088,-30.400000000000002
3569,0.0016469955444335938,0.088,-28.400000000000002
3570,0.0017368793487548828,0.088,-26.400000000000002
3571,0.0017004013061523438,0.088,-24.0
3572,0.0016551017761230469,0.088,-21.200000000000003
3573,0.0008437633514404297,0.088,-18.400000000000002
3574,0.0018115043640136719,0.088,-15.200000000000001
3575,0.0008859634399414062,0.088,-11.600000000000001
3576,0.0016782283782958984,0.088,-8.0
3577,0.0009152889251708984,0.088,-4.4
3578,0.0017669200897216797,0.088,-0.8
3579,0.0018768310546875,0.088,3.2
3580,0.000990152359008789,0.088,7.2
3581,0.0008757114410400391,0.091,15.200000000000001
3582,0.0006074905395507812,0.091,18.8
3583,0.0005996227264404297,0.091,22.8
3584,0.001969575881958008,0.091,26.400000000000002
3585,0.0007197856903076172,0.091,30.0
3586,0.002101898193359375,0.091,33.6
3587,0.0007193088531494141,0.091,36.800000000000004
3588,0.0017158985137939453,0.091,40.0
3589,0.0006701946258544922,0.091,42.800000000000004
3590,0.0015821456909179688,0.091,45.2
3591,0.001561880111694336,0.091,47.6
3592,0.0016589164733886719,0.091,50.0
3593,0.0005390644073486328,0.093,51.6
3594,0.0004425048828125,0.093,53.2
3595,0.0012280941009521484,0.093,54.800000000000004
3596,0.0009129047393798828,0.093,55.6
3597,0.0006504058837890625,0.097,56.400000000000006
3598,0.0003898143768310547,0.103,56.800000000000004
3599,0.0005421638488769531,0.108,57.2
3600,0.0005795955657958984,0.112,56.800000000000004
3601,0.0005242824554443359,0.116,56.400000000000006
3602,0.00046944618225097656,0.121,55.6
3603,0.0006902217864990234,0.123,54.800000000000004
3604,0.0004382133483886719,0.123,53.6
3605,0.0005846023559570312,0.127,52.0
3606,0.000457763671875,0.129,50.400000000000006
3607,0.0004878044128417969,0.129,48.400000000000006
3608,0.0007410049438476562,0.131,46.400000000000006
3609,0.0005145072937011719,0.138,44.0
3610,0.0004661083221435547,0.138,41.6
3611,0.00047087669372558594,0.14,38.800000000000004
3612,0.00046634674072265625,0.142,36.0
3613,0.0005834102630615234,0.147,33.2
3614,0.0004451274871826172,0.149,30.400000000000002
3615,0.00035500526428222656,0.153,27.200000000000003
3616,0.000457763671875,0.153,24.400000000000002
3617,0.00046634674072265625,0.153,21.200000000000003
3618,0.0006802082061767578,0.153,18.400000000000002
3619,0.0006773471832275391,0.155,15.600000000000001
3620,0.0004773139953613281,0.157,12.8
3621,0.0004513263702392578,0.159,10.0
3622,0.00041365623474121094,0.159,7.6000000000000005
3623,0.000522613525390625,0.159,5.2
3624,0.003160715103149414,0.159,2.8000000000000003
3625,0.00048089027404785156,0.164,0.8
3626,0.0008766651153564453,0.164,-0.8
3627,0.0014867782592773438,0.164,-2.4000000000000004
3628,0.0009205341339111328,0.164,-4.0
3629,0.0014903545379638672,0.164,-4.800000000000001
3630,0.00067138671875,0.164,-5.6000000000000005
3631,0.0016956329345703125,0.164,-6.0
3632,0.0017812252044677734,0.164,-6.4
3633,0.0006265640258789062,0.164,-6.4
3634,0.0015668869018554688,0.164,-6.0
3635,0.0006999969482421875,0.164,-5.6000000000000005
3636,0.0016002655029296875,0.164,-4.4
3637,0.0006761550903320312,0.164,-3.2
3638,0.0019812583923339844,0.164,-2.0
3639,0.0006937980651855469,0.164,-0.4
3640,0.0017390251159667969,0.164,1.6
3641,0.0007205009460449219,0.164,3.6
3642,0.001737833023071289,0.164,5.6000000000000005
3643,0.0006852149963378906,0.164,8.0
3644,0.001728057861328125,0.164,10.8
3645,0.0007123947143554688,0.164,13.200000000000001
3646,0.0015380382537841797,0.164,16.0
3647,0.0015978813171386719,0.164,19.200000000000003
3648,0.000766754150390625,0.164,22.0
3649,0.0014505386352539062,0.164,24.8
3650,0.0007169246673583984,0.164,28.0
3651,0.0006468296051025391,0.162,30.8
3652,0.0006468296051025391,0.159,30.8
3653,0.0007507801055908203,0.155,33.6
3654,0.0004999637603759766,0.153,36.800000000000004
3655,0.00046539306640625,0.149,39.6
3656,0.00048804283142089844,0.149,42.0
3657,0.000469207763671875,0.144,44.800000000000004
3658,0.0006539821624755859,0.14,47.2
3659,0.00045490264892578125,0.136,49.6
3660,0.0004885196685791016,0.131,52.0
3661,0.00044226646423339844,0.129,54.0
3662,0.0004372596740722656,0.125,56.0
3663,0.0004405975341796875,0.121,57.6
3664,0.0004458427429199219,0.119,59.2
3665,0.0004374980926513672,0.119,60.400000000000006
3666,0.0005633831024169922,0.119,61.2
3667,0.0004398822784423828,0.119,62.0
3668,0.00045561790466308594,0.116,62.400000000000006
3669,0.0005404949188232422,0.116,62.800000000000004
3670,0.0009167194366455078,0.116,62.800000000000004
3671,0.0004942417144775391,0.116,62.400000000000006
3672,0.001318216323852539,0.116,62.0
3673,0.0015926361083984375,0.116,61.2
3674,0.0007481575012207031,0.116,60.0
3675,0.0019500255584716797,0.116,58.800000000000004
3676,0.0016827583312988281,0.116,57.2
3677,0.0014405250549316406,0.116,55.2
3678,0.0006880760192871094,0.116,53.2
3679,0.0017998218536376953,0.116,50.800000000000004
3680,0.0006227493286132812,0.116,48.400000000000006
3681,0.0018079280853271484,0.116,46.0
3682,0.0014247894287109375,0.116,42.800000000000004
3683,0.0007643699645996094,0.116,40.0
3684,0.0017080307006835938,0.116,36.800000000000004
3685,0.0006823539733886719,0.116,33.6
3686,0.0014400482177734375,0.116,30.400000000000002
3687,0.0006959438323974609,0.116,26.8
3688,0.0015749931335449219,0.116,23.200000000000003
3689,0.0008404254913330078,0.116,20.0
3690,0.0017421245574951172,0.116,16.400000000000002
3691,0.0006079673767089844,0.116,12.8
3692,0.0020902156829833984,0.116,9.600000000000001
3693,0.0005710124969482422,0.116,6.0
3694,0.0016779899597167969,0.116,2.8000000000000003
3695,0.0006709098815917969,0.116,0.0
3696,0.0015783309936523438,0.116,-3.2
3697,0.0006871223449707031,0.116,-6.0
3698,0.0019223690032958984,0.116,-8.4
3699,0.0006976127624511719,0.116,-10.8
3700,0.0016732215881347656,0.116,-12.8
3701,0.0008540153503417969,0.116,-14.4
3702,0.0014646053314208984,0.116,-16.0
3703,0.000751495361328125,0.116,-17.2
3704,0.0014982223510742188,0.116,-18.400000000000002
3705,0.001756429672241211,0.116,-18.8
3706,0.0007302761077880859,0.116,-19.200000000000003
3707,0.0019364356994628906,0.116,-19.200000000000003
3708,0.0007052421569824219,0.116,-19.200000000000003
3709,0.001516580581665039,0.116,-18.400000000000002
3710,0.0005726814270019531,0.116,-17.6
3711,0.0017497539520263672,0.116,-16.400000000000002
3712,0.0006477832794189453,0.116,-15.200000000000001
3713,0.001596212387084961,0.116,-13.600000000000001
3714,0.0006611347198486328,0.116,-11.600000000000001
3715,0.0015320777893066406,0.116,-9.600000000000001
3716,0.0016033649444580078,0.116,-7.2
3717,0.0006721019744873047,0.116,-4.800000000000001
3718,0.0020308494567871094,0.116,-2.0
3719,0.0005509853363037109,0.116,0.8
3720,0.001940011978149414,0.116,3.6
3721,0.0007307529449462891,0.116,6.800000000000001
3722,0.0015664100646972656,0.116,10.0
3723,0.0006875991821289062,0.116,12.8
3724,0.0018680095672607422,0.116,16.0
3725,0.0015628337860107422,0.116,19.200000000000003
3726,0.0005853176116943359,0.116,22.400000000000002
3727,0.0015406608581542969,0.116,25.6
3728,0.0007131099700927734,0.116,28.400000000000002
3729,0.0016026496887207031,0.116,31.200000000000003
3730,0.0016367435455322266,0.116,34.0
3731,0.001650094985961914,0.116,36.800000000000004
3732,0.0007188320159912109,0.116,39.2
3733,0.002030611038208008,0.116,41.6
3734,0.0015249252319335938,0.116,43.6
3735,0.0006837844848632812,0.116,45.6
3736,0.0017285346984863281,0.116,47.6
3737,0.0007417201995849609,0.116,49.2
3738,0.0017647743225097656,0.116,50.400000000000006
3739,0.0002536773681640625,0.123,51.6
3740,0.0005290508270263672,0.131,52.400000000000006
3741,0.0005664825439453125,0.144,53.2
3742,0.0004761219024658203,0.151,53.6
3743,0.00054168701171875,0.155,53.6
3744,0.0005953311920166016,0.159,53.6
3745,0.0006778240203857422,0.166,53.2
3746,0.0004978179931640625,0.177,52.800000000000004
3747,0.0005145072937011719,0.185,52.0
3748,0.0004467964172363281,0.194,51.2
3749,0.00046539306640625,0.2,50.0
3750,0.0004596710205078125,0.207,49.2
3751,0.0005431175231933594,0.211,47.6
3752,0.0004737377166748047,0.213,46.400000000000006
3753,0.0007219314575195312,0.213,44.800000000000004
3754,0.00048232078552246094,0.213,43.2
3755,0.0015382766723632812,0.213,42.0
3756,0.0007846355438232422,0.213,40.400000000000006
3757,0.0016613006591796875,0.213,38.800000000000004
3758,0.0006546974182128906,0.213,37.2
3759,0.0019142627716064453,0.213,36.0
3760,0.0005035400390625,0.216,34.800000000000004
3761,0.0004832744598388672,0.216,33.6
3762,0.0025093555450439453,0.216,32.4
3763,0.0008184909820556641,0.216,31.200000000000003
3764,0.0016679763793945312,0.216,30.400000000000002
3765,0.0008194446563720703,0.211,29.200000000000003
3766,0.0004184246063232422,0.211,28.8
3767,0.0004711151123046875,0.211,28.0
3768,0.0009222030639648438,0.211,27.6
3769,0.0006573200225830078,0.211,27.200000000000003
3770,0.0009431838989257812,0.211,27.200000000000003
3771,0.00046515464782714844,0.207,26.8
3772,0.0011017322540283203,0.207,27.200000000000003
3773,0.0008761882781982422,0.207,27.200000000000003
3774,0.0007123947143554688,0.207,27.6
3775,0.0016281604766845703,0.207,28.0
3776,0.0006787776947021484,0.207,28.400000000000002
3777,0.0020093917846679688,0.207,29.200000000000003
3778,0.0017619132995605469,0.207,29.6
3779,0.0006070137023925781,0.207,30.400000000000002
3780,0.0015778541564941406,0.207,31.6
3781,0.0014638900756835938,0.207,32.4
3782,0.0006642341613769531,0.207,33.6
3783,0.0016980171203613281,0.207,34.4
3784,0.0005860328674316406,0.205,35.6
3785,0.0005581378936767578,0.205,36.800000000000004
3786,0.0004999637603759766,0.203,38.0
3787,0.0011186599731445312,0.2,39.6
3788,0.0004642009735107422,0.192,40.800000000000004
3789,0.0004527568817138672,0.185,42.0
3790,0.0005495548248291016,0.181,43.2
3791,0.0004940032958984375,0.175,44.800000000000004
3792,0.00046253204345703125,0.166,46.0
3793,0.0005671977996826172,0.159,47.2
3794,0.0005671977996826172,0.159,47.2
3795,0.00046515464782714844,0.155,48.400000000000006
3796,0.0004508495330810547,0.155,49.6
3797,0.0007634162902832031,0.155,50.400000000000006
3798,0.0006234645843505859,0.153,51.6
3799,0.0010175704956054688,0.153,52.400000000000006
3800,0.00040531158447265625,0.149,52.800000000000004
3801,0.0007021427154541016,0.149,53.6
3802,0.0005869865417480469,0.149,54.0
3803,0.0009002685546875,0.147,54.0
3804,0.0004646778106689453,0.147,54.0
3805,0.002005338668823242,0.147,54.0
3806,0.0006670951843261719,0.147,53.6
3807,0.0016515254974365234,0.147,53.2
3808,0.0016133785247802734,0.147,52.800000000000004
3809,0.0007781982421875,0.147,52.0
3810,0.0016846656799316406,0.147,50.800000000000004
3811,0.0018267631530761719,0.147,49.6
3812,0.0008614063262939453,0.147,48.400000000000006
3813,0.0019369125366210938,0.147,47.2
3814,0.0007927417755126953,0.147,45.6
3815,0.002058267593383789,0.147,44.0
3816,0.0007352828979492188,0.147,42.0
3817,0.0021674633026123047,0.147,40.400000000000006
3818,0.0014655590057373047,0.147,38.400000000000006
3819,0.0015988349914550781,0.147,36.0
3820,0.0005979537963867188,0.147,34.0
3821,0.00048542022705078125,0.147,32.0
3822,0.0016090869903564453,0.147,29.6
3823,0.0020160675048828125,0.147,27.6
3824,0.0007276535034179688,0.147,25.200000000000003
3825,0.0018494129180908203,0.147,22.8
3826,0.0007903575897216797,0.147,20.8
3827,0.0020797252655029297,0.147,18.400000000000002
3828,0.0014300346374511719,0.147,16.400000000000002
3829,0.0006976127624511719,0.147,14.4
3830,0.0015397071838378906,0.147,12.4
3831,0.0018417835235595703,0.147,10.8
3832,0.0006368160247802734,0.147,8.8
3833,0.0017292499542236328,0.147,7.2
3834,0.0007295608520507812,0.147,6.0
3835,0.0017368793487548828,0.147,4.800000000000001
3836,0.0006906986236572266,0.147,3.6
3837,0.0015087127685546875,0.147,2.4000000000000004
3838,0.001445770263671875,0.147,1.6
3839,0.0013778209686279297,0.147,1.2000000000000002
3840,0.0014619827270507812,0.147,0.8
3841,0.0014927387237548828,0.147,0.4
3842,0.0005817413330078125,0.147,0.4
3843,0.002318859100341797,0.147,0.8
3844,0.0007450580596923828,0.147,1.2000000000000002
3845,0.0020906925201416016,0.147,1.6
3846,0.0017137527465820312,0.147,2.4000000000000004
3847,0.0005750656127929688,0.147,3.2
3848,0.0016963481903076172,0.147,4.4
3849,0.0014691352844238281,0.147,5.6000000000000005
3850,0.0007040500640869141,0.147,6.800000000000001
3851,0.0017766952514648438,0.147,8.4
3852,0.0016143321990966797,0.147,10.0
3853,0.0006132125854492188,0.147,11.600000000000001
3854,0.0019049644470214844,0.147,13.600000000000001
3855,0.0007016658782958984,0.147,15.200000000000001
3856,0.0019207000732421875,0.147,17.2
3857,0.0015347003936767578,0.147,19.200000000000003
3858,0.0007166862487792969,0.147,21.200000000000003
3859,0.0017266273498535156,0.147,23.200000000000003
3860,0.0011947154998779297,0.147,25.200000000000003
3861,0.0016200542449951172,0.147,27.200000000000003
3862,0.0016179084777832031,0.147,29.200000000000003
3863,0.0017328262329101562,0.147,31.200000000000003
3864,0.0015461444854736328,0.147,33.2
3865,0.0007090568542480469,0.147,34.800000000000004
3866,0.0016794204711914062,0.147,36.800000000000004
3867,0.0015718936920166016,0.147,38.400000000000006
3868,0.0007088184356689453,0.147,40.0
3869,0.0020503997802734375,0.147,41.2
3870,0.001773834228515625,0.147,42.400000000000006
3871,0.0015056133270263672,0.147,43.6
3872,0.0015850067138671875,0.147,44.800000000000004
3873,0.0014383792877197266,0.147,45.6
3874,0.0006985664367675781,0.147,46.400000000000006
3875,0.0016255378723144531,0.147,46.800000000000004
3876,0.0008044242858886719,0.147,47.6
3877,0.0019905567169189453,0.147,47.6
3878,0.0014469623565673828,0.147,48.0
3879,0.001332998275756836,0.147,48.0
3880,0.0007092952728271484,0.147,47.6
3881,0.0016360282897949219,0.147,47.2
3882,0.0008461475372314453,0.144,46.800000000000004
3883,0.0010647773742675781,0.14,46.400000000000006
3884,0.0003418922424316406,0.136,45.6
3885,0.0004711151123046875,0.134,44.800000000000004
3886,0.0004413127899169922,0.134,43.6
3887,0.0016484260559082031,0.134,42.400000000000006
3888,0.0008552074432373047,0.134,41.2
3889,0.0008840560913085938,0.134,40.0
3890,0.0006999969482421875,0.134,38.400000000000006
3891,0.0016644001007080078,0.134,36.800000000000004
3892,0.001589059829711914,0.134,35.2
3893,0.0007386207580566406,0.134,33.2
3894,0.002187967300415039,0.134,31.6
3895,0.0007436275482177734,0.134,29.6
3896,0.0016112327575683594,0.134,27.6
3897,0.0007321834564208984,0.134,25.6
3898,0.0017833709716796875,0.134,23.6
3899,0.0006735324859619141,0.134,21.6
3900,0.0015857219696044922,0.134,19.6
3901,0.0008528232574462891,0.134,17.6
3902,0.0015757083892822266,0.134,16.0
3903,0.0015475749969482422,0.134,14.0
3904,0.001489877700805664,0.134,12.0
3905,0.0017108917236328125,0.134,10.4
3906,0.0015010833740234375,0.134,8.8
3907,0.0008382797241210938,0.134,7.2
3908,0.0016260147094726562,0.134,6.0
3909,0.0007393360137939453,0.134,4.800000000000001
3910,0.0019257068634033203,0.134,3.6
3911,0.0010044574737548828,0.134,2.8000000000000003
3912,0.0006175041198730469,0.134,2.0
3913,0.0015478134155273438,0.134,1.2000000000000002
3914,0.0007219314575195312,0.134,0.8
3915,0.0016281604766845703,0.134,0.8
3916,0.0015420913696289062,0.134,0.4
3917,0.0006165504455566406,0.134,0.4
3918,0.001329660415649414,0.134,0.8
3919,0.0004737377166748047,0.131,1.2000000000000002
3920,0.0008528232574462891,0.131,1.6
3921,0.0008077621459960938,0.131,2.4000000000000004
3922,0.0011582374572753906,0.131,3.2
3923,0.00043654441833496094,0.127,4.0
3924,0.000453948974609375,0.127,5.2
3925,0.0004892349243164062,0.125,6.4
3926,0.0006811618804931641,0.125,8.0
3927,0.0007684230804443359,0.125,9.200000000000001
3928,0.0011417865753173828,0.125,10.8
3929,0.002173185348510742,0.125,12.4
3930,0.0016400814056396484,0.125,14.0
3931,0.0012440681457519531,0.125,15.600000000000001
3932,0.0015964508056640625,0.125,17.2
3933,0.0008609294891357422,0.123,18.8
3934,0.0012307167053222656,0.123,20.8
3935,0.002009868621826172,0.123,22.400000000000002
3936,0.00103759765625,0.123,24.0
3937,0.0014319419860839844,0.123,25.6
3938,0.0006854534149169922,0.123,27.200000000000003
3939,0.0018377304077148438,0.123,28.400000000000002
3940,0.002171754837036133,0.123,30.0
3941,0.001726388931274414,0.123,31.200000000000003
3942,0.0015385150909423828,0.123,32.4
3943,0.0014538764953613281,0.123,33.6
3944,0.0007531642913818359,0.123,34.4
3945,0.0018100738525390625,0.123,35.2
3946,0.0008535385131835938,0.123,36.0
3947,0.0015811920166015625,0.123,36.800000000000004
3948,0.0007536411285400391,0.123,37.2
3949,0.0015096664428710938,0.123,37.6
3950,0.0006339550018310547,0.123,37.6
3951,0.0015721321105957031,0.123,38.0
3952,0.0008025169372558594,0.123,37.6
3953,0.001638650894165039,0.123,37.6
3954,0.0007326602935791016,0.123,37.2
3955,0.0019617080688476562,0.123,36.800000000000004
3956,0.001931905746459961,0.123,36.4
3957,0.0014524459838867188,0.123,35.6
3958,0.0015583038330078125,0.123,34.800000000000004
3959,0.0015583038330078125,0.123,34.800000000000004
3960,0.0014743804931640625,0.123,33.6
3961,0.0006511211395263672,0.123,32.800000000000004
3962,0.0009069442749023438,0.127,31.6
3963,0.00045800209045410156,0.134,30.400000000000002
3964,0.0003123283386230469,0.142,29.200000000000003
3965,0.0005545616149902344,0.147,27.6
3966,0.00046324729919433594,0.149,26.400000000000002
3967,0.00048542022705078125,0.155,24.8
3968,0.0004684925079345703,0.162,23.6
3969,0.00046181678771972656,0.164,22.0
3970,0.00047779083251953125,0.17,20.400000000000002
3971,0.0004749298095703125,0.17,18.8
3972,0.0004982948303222656,0.17,17.6
3973,0.0004513263702392578,0.17,16.0
3974,0.0015985965728759766,0.17,14.8
3975,0.0006349086761474609,0.17,13.600000000000001
3976,0.001741170883178711,0.17,12.4
3977,0.001627206802368164,0.17,11.600000000000001
3978,0.0008001327514648438,0.17,10.8
3979,0.0016968250274658203,0.17,10.4
3980,0.0007383823394775391,0.17,10.0
3981,0.0015621185302734375,0.17,9.600000000000001
3982,0.0014696121215820312,0.17,9.600000000000001
3983,0.0006139278411865234,0.17,9.600000000000001
3984,0.0018565654754638672,0.17,9.600000000000001
3985,0.0016567707061767578,0.17,10.0
3986,0.0012311935424804688,0.17,10.4
3987,0.0003604888916015625,0.172,11.200000000000001
3988,0.0005109310150146484,0.172,12.0
3989,0.0005462169647216797,0.175,12.8
3990,0.0005080699920654297,0.175,14.0
3991,0.0009529590606689453,0.175,15.200000000000001
3992,0.00047278404235839844,0.175,16.400000000000002
3993,0.002109527587890625,0.175,18.0
3994,0.0006840229034423828,0.175,19.200000000000003
3995,0.0017387866973876953,0.175,20.8
3996,0.0007586479187011719,0.175,22.400000000000002
3997,0.002044200897216797,0.175,24.0
3998,0.0007383823394775391,0.175,26.0
3999,0.001651763916015625,0.175,27.6
4000,0.0006856918334960938,0.175,29.200000000000003
4001,0.0017940998077392578,0.175,31.200000000000003
4002,0.001623392105102539,0.175,32.800000000000004
4003,0.0015988349914550781,0.175,34.800000000000004
4004,0.0005266666412353516,0.175,36.4
4005,0.0017461776733398438,0.175,38.0
4006,0.001636505126953125,0.175,39.6
4007,0.0006630420684814453,0.175,41.2
4008,0.0014002323150634766,0.177,42.800000000000004
4009,0.00034356117248535156,0.179,44.400000000000006
4010,0.00029468536376953125,0.181,45.6
4011,0.00015664100646972656,0.181,46.800000000000004
4012,0.0004792213439941406,0.181,48.0
4013,0.00019359588623046875,0.183,49.2
4014,0.0006644725799560547,0.185,50.0
4015,0.0007388591766357422,0.185,50.800000000000004
4016,0.0014617443084716797,0.185,51.6
4017,0.00045561790466308594,0.188,52.400000000000006
4018,0.0014379024505615234,0.19,52.800000000000004
4019,0.0004487037658691406,0.194,53.2
4020,0.0008642673492431641,0.196,53.6
4021,0.0005273818969726562,0.196,53.6
4022,0.0008504390716552734,0.196,53.6
4023,0.0017056465148925781,0.196,53.6
4024,0.0007967948913574219,0.196,53.6
4025,0.0015442371368408203,0.196,53.2
4026,0.0008068084716796875,0.196,53.2
4027,0.0015299320220947266,0.196,52.800000000000004
4028,0.001834869384765625,0.196,52.400000000000006
4029,0.0006501674652099609,0.196,52.0
4030,0.0017817020416259766,0.196,51.2
4031,0.001558065414428711,0.196,50.800000000000004
4032,0.0006256103515625,0.196,50.0
4033,0.0019216537475585938,0.196,49.2
4034,0.0014905929565429688,0.196,48.400000000000006
4035,0.0007548332214355469,0.196,47.6
4036,0.0019299983978271484,0.196,46.800000000000004
4037,0.0007717609405517578,0.196,45.6
4038,0.0016281604766845703,0.196,44.800000000000004
4039,0.0014977455139160156,0.196,44.0
4040,0.0007488727569580078,0.196,42.800000000000004
4041,0.001940011978149414,0.196,42.0
4042,0.0007660388946533203,0.196,40.800000000000004
4043,0.001604318618774414,0.196,40.0
4044,0.000705718994140625,0.196,38.800000000000004
4045,0.0019876956939697266,0.196,38.0
4046,0.0007390975952148438,0.196,36.800000000000004
4047,0.0016629695892333984,0.196,36.0
4048,0.0006923675537109375,0.196,35.2
4049,0.0017671585083007812,0.196,34.0
4050,0.0007441043853759766,0.196,33.2
4051,0.001535177230834961,0.196,32.4
4052,0.0007426738739013672,0.196,31.6
4053,0.0019097328186035156,0.196,31.200000000000003
4054,0.0016071796417236328,0.196,30.400000000000002
4055,0.0007710456848144531,0.196,30.0
4056,0.0018596649169921875,0.196,29.6
4057,0.0007712841033935547,0.196,28.8
4058,0.0015048980712890625,0.196,28.8
4059,0.0007150173187255859,0.196,28.400000000000002
4060,0.0016977787017822266,0.196,28.0
4061,0.0007419586181640625,0.196,28.0
4062,0.0020363330841064453,0.196,28.0
4063,0.0008358955383300781,0.196,28.0
4064,0.0017962455749511719,0.196,28.0
4065,0.001684427261352539,0.196,28.400000000000002
4066,0.0016021728515625,0.196,28.400000000000002
4067,0.0010118484497070312,0.196,28.8
4068,0.0015189647674560547,0.196,29.200000000000003
4069,0.0009372234344482422,0.196,29.6
4070,0.0015170574188232422,0.196,30.0
4071,0.0015785694122314453,0.196,30.8
4072,0.0007305145263671875,0.196,31.6
4073,0.0006051063537597656,0.192,32.0
4074,0.0007283687591552734,0.185,32.800000000000004
4075,0.0007309913635253906,0.179,33.6
4076,0.0006089210510253906,0.172,34.4
4077,0.0006096363067626953,0.17,35.2
4078,0.0007097721099853516,0.164,36.0
4079,0.0005962848663330078,0.155,36.800000000000004
4080,0.0007698535919189453,0.153,38.0
4081,0.0006580352783203125,0.147,38.800000000000004
4082,0.001085042953491211,0.14,39.6
4083,0.0002930164337158203,0.134,40.0
4084,0.0005815029144287109,0.131,40.800000000000004
4085,0.0003101825714111328,0.125,41.6
4086,0.0003101825714111328,0.123,41.6
4087,0.0004763603210449219,0.119,42.0
4088,0.0005061626434326172,0.116,42.400000000000006
4089,0.0004754066467285156,0.114,42.400000000000006
4090,0.0004935264587402344,0.11,42.800000000000004
4091,0.00047278404235839844,0.108,42.800000000000004
4092,0.0006535053253173828,0.103,42.400000000000006
4093,0.0004394054412841797,0.101,42.0
4094,0.0004591941833496094,0.099,41.6
4095,0.0004260540008544922,0.097,40.800000000000004
4096,0.00051116943359375,0.095,40.0
4097,0.0007886886596679688,0.091,39.2
4098,0.0005097389221191406,0.084,38.0
4099,0.0006198883056640625,0.084,36.800000000000004
4100,0.00048065185546875,0.084,35.6
4101,0.0004916191101074219,0.084,34.0
4102,0.002001047134399414,0.084,32.0
4103,0.0015447139739990234,0.084,30.400000000000002
4104,0.0006866455078125,0.084,28.400000000000002
4105,0.001737833023071289,0.084,26.400000000000002
4106,0.0007810592651367188,0.084,24.400000000000002
4107,0.0012333393096923828,0.084,22.0
4108,0.0009989738464355469,0.084,20.0
4109,0.0015842914581298828,0.084,17.6
4110,0.0009367465972900391,0.084,15.200000000000001
4111,0.0015974044799804688,0.084,12.8
4112,0.0009067058563232422,0.084,10.4
4113,0.0018579959869384766,0.084,8.0
4114,0.001584768295288086,0.084,5.6000000000000005
4115,0.0007193088531494141,0.084,3.2
4116,0.0017518997192382812,0.084,1.2000000000000002
4117,0.0014667510986328125,0.084,-0.8
4118,0.0006704330444335938,0.084,-2.8000000000000003
4119,0.0016407966613769531,0.084,-4.800000000000001
4120,0.0015292167663574219,0.084,-6.4
4121,0.0005931854248046875,0.084,-8.0
4122,0.0019636154174804688,0.084,-9.600000000000001
4123,0.0016777515411376953,0.084,-10.8
4124,0.0007090568542480469,0.084,-11.600000000000001
4125,0.0015654563903808594,0.084,-12.4
4126,0.0016121864318847656,0.084,-13.200000000000001
4127,0.00154876708984375,0.084,-13.600000000000001
4128,0.0016505718231201172,0.084,-14.0
4129,0.0017354488372802734,0.084,-14.0
4130,0.0006597042083740234,0.088,-13.600000000000001
4131,0.004120588302612305,0.088,-13.600000000000001
4132,0.0005252361297607422,0.101,-12.8
4133,0.0003485679626464844,0.11,-12.0
4134,0.0005629062652587891,0.125,-11.200000000000001
4135,0.0010273456573486328,0.129,-10.0
4136,0.0005414485931396484,0.14,-8.8
4137,0.0010619163513183594,0.144,-7.2
4138,0.0005660057067871094,0.151,-5.6000000000000005
4139,0.0004787445068359375,0.153,-4.0
4140,0.00047206878662109375,0.157,-2.0
4141,0.0004620552062988281,0.157,0.4
4142,0.0005078315734863281,0.157,2.4000000000000004
4143,0.0008547306060791016,0.157,4.800000000000001
4144,0.0008213520050048828,0.157,7.2
4145,0.0006673336029052734,0.157,10.0
4146,0.0018181800842285156,0.157,12.4
4147,0.0007143020629882812,0.157,15.200000000000001
4148,0.0017657279968261719,0.157,18.400000000000002
4149,0.0005438327789306641,0.157,21.200000000000003
4150,0.000461578369140625,0.157,24.0
4151,0.0016949176788330078,0.157,26.8
4152,0.0006992816925048828,0.157,30.0
4153,0.0017864704132080078,0.157,32.800000000000004
4154,0.0007281303405761719,0.157,35.6
4155,0.001554250717163086,0.157,38.400000000000006
4156,0.001611948013305664,0.157,41.2
4157,0.0008063316345214844,0.157,43.6
4158,0.0017075538635253906,0.157,46.0
4159,0.0007088184356689453,0.157,48.400000000000006
4160,0.0018007755279541016,0.157,50.400000000000006
4161,0.0014617443084716797,0.157,52.400000000000006
4162,0.00047016143798828125,0.157,54.400000000000006
4163,0.002109527587890625,0.157,56.0
4164,0.0015223026275634766,0.157,57.6
4165,0.0015857219696044922,0.157,58.800000000000004
4166,0.0008444786071777344,0.157,60.0
4167,0.001804351806640625,0.157,60.800000000000004
4168,0.0026366710662841797,0.157,61.6
4169,0.0008630752563476562,0.153,62.0
4170,0.00038433074951171875,0.147,62.400000000000006
4171,0.0004935264587402344,0.142,62.400000000000006
4172,0.0004868507385253906,0.14,62.400000000000006
4173,0.0005412101745605469,0.136,62.400000000000006
4174,0.0005474090576171875,0.131,61.6
4175,0.00043201446533203125,0.129,61.2
4176,0.0005154609680175781,0.125,60.0
4177,0.00046563148498535156,0.125,59.2
4178,0.0004982948303222656,0.125,57.6
4179,0.001077413558959961,0.125,56.400000000000006
4180,0.0019669532775878906,0.125,54.400000000000006
4181,0.0006940364837646484,0.125,52.800000000000004
4182,0.0020818710327148438,0.125,50.400000000000006
4183,0.0006351470947265625,0.125,48.400000000000006
4184,0.0016803741455078125,0.125,45.6
4185,0.00070953369140625,0.125,43.2
4186,0.0025177001953125,0.125,40.400000000000006
4187,0.0017237663269042969,0.125,37.6
4188,0.001607656478881836,0.125,34.4
4189,0.0017015933990478516,0.125,31.200000000000003
4190,0.00144195556640625,0.125,28.0
4191,0.0007526874542236328,0.125,24.8
4192,0.0017042160034179688,0.125,21.6
4193,0.00157928466796875,0.125,18.400000000000002
4194,0.001445770263671875,0.125,15.200000000000001
4195,0.0014736652374267578,0.125,12.0
4196,0.0007605552673339844,0.125,8.8
4197,0.0018749237060546875,0.125,5.6000000000000005
4198,0.000728607177734375,0.125,2.8000000000000003
4199,0.0014824867248535156,0.125,0.0
4200,0.0007865428924560547,0.125,-2.4000000000000004
4201,0.0014488697052001953,0.125,-4.800000000000001
4202,0.0006413459777832031,0.125,-6.800000000000001
4203,0.0013439655303955078,0.125,-8.8
4204,0.000576019287109375,0.125,-10.8
4205,0.0021305084228515625,0.125,-12.0
4206,0.0008199214935302734,0.123,-13.200000000000001
4207,0.0009224414825439453,0.123,-14.4
4208,0.0005915164947509766,0.123,-14.8
4209,0.0014672279357910156,0.123,-15.200000000000001
4210,0.0017957687377929688,0.123,-15.200000000000001
4211,0.0017309188842773438,0.123,-15.200000000000001
4212,0.0015811920166015625,0.123,-14.8
4213,0.001596212387084961,0.123,-14.0
4214,0.0007510185241699219,0.123,-12.8
4215,0.002114534378051758,0.123,-11.600000000000001
4216,0.0016067028045654297,0.123,-10.4
4217,0.0016584396362304688,0.123,-8.4
4218,0.0015325546264648438,0.123,-6.800000000000001
4219,0.0016677379608154297,0.123,-4.4
4220,0.0014569759368896484,0.123,-2.4000000000000004
4221,0.0008521080017089844,0.123,0.4
4222,0.0015294551849365234,0.123,2.8000000000000003
4223,0.0015497207641601562,0.123,5.6000000000000005
4224,0.0016980171203613281,0.123,8.4
4225,0.0014727115631103516,0.123,11.200000000000001
4226,0.0014832019805908203,0.123,14.0
4227,0.0006785392761230469,0.123,16.8
4228,0.0017132759094238281,0.123,20.0
4229,0.001432180404663086,0.123,22.8
4230,0.0004458427429199219,0.125,25.6
4231,0.00047516822814941406,0.131,28.400000000000002
4232,0.0005278587341308594,0.14,31.200000000000003
4233,0.0003972053527832031,0.144,33.6
4234,0.0003097057342529297,0.149,36.0
4235,0.0005042552947998047,0.149,38.400000000000006
4236,0.0005764961242675781,0.149,40.800000000000004
4237,0.0008099079132080078,0.149,42.800000000000004
4238,0.0018410682678222656,0.149,44.400000000000006
4239,0.0015935897827148438,0.149,46.400000000000006
4240,0.0007905960083007812,0.149,48.0
4241,0.0016741752624511719,0.149,49.2
4242,0.0015764236450195312,0.149,50.400000000000006
4243,0.0007119178771972656,0.149,51.6
4244,0.0016469955444335938,0.149,52.400000000000006
4245,0.0014400482177734375,0.149,52.800000000000004
4246,0.0006387233734130859,0.149,53.6
4247,0.0015590190887451172,0.149,53.6
4248,0.0006630420684814453,0.149,54.0
4249,0.0016639232635498047,0.149,53.6
4250,0.0006556510925292969,0.149,53.6
4251,0.0019948482513427734,0.149,53.2
4252,0.00064849853515625,0.149,52.400000000000006
4253,0.0016856193542480469,0.149,51.6
4254,0.0007915496826171875,0.149,50.800000000000004
4255,0.002153158187866211,0.149,49.6
4256,0.0007855892181396484,0.149,48.400000000000006
4257,0.0017135143280029297,0.149,47.2
4258,0.0021173954010009766,0.149,45.6
4259,0.0015323162078857422,0.149,44.0
4260,0.0007719993591308594,0.149,42.0
4261,0.0006844997406005859,0.147,40.400000000000006
4262,0.0011930465698242188,0.136,38.400000000000006
4263,0.0011930465698242188,0.129,38.400000000000006
4264,0.0005667209625244141,0.121,36.4
4265,0.0004534721374511719,0.119,34.0
4266,0.0006093978881835938,0.114,32.0
4267,0.0007662773132324219,0.108,30.0
4268,0.0005283355712890625,0.099,27.6
4269,0.0004036426544189453,0.093,25.200000000000003
4270,0.0008442401885986328,0.086,22.8
4271,0.0004897117614746094,0.073,20.8
4272,0.0004723072052001953,0.067,18.400000000000002
4273,0.0004260540008544922,0.056,16.0
4274,0.0004086494445800781,0.054,13.600000000000001
4275,0.0005342960357666016,0.054,11.200000000000001
4276,0.0006437301635742188,0.054,8.8
4277,0.0007557868957519531,0.054,6.800000000000001
4278,0.0007369518280029297,0.054,4.4
4279,0.0012502670288085938,0.054,2.4000000000000004
4280,0.001417398452758789,0.054,0.0
4281,0.0015835762023925781,0.054,-2.0
4282,0.0007898807525634766,0.054,-4.0
4283,0.0015711784362792969,0.054,-6.0
4284,0.0015940666198730469,0.054,-8.0
4285,0.0013408660888671875,0.054,-9.600000000000001
4286,0.001573324203491211,0.054,-11.200000000000001
4287,0.0018472671508789062,0.054,-12.8
4288,0.0008404254913330078,0.054,-14.0
4289,0.001810312271118164,0.054,-15.200000000000001
4290,0.0015668869018554688,0.054,-16.400000000000002
4291,0.0017249584197998047,0.054,-17.2
4292,0.001470804214477539,0.054,-17.6
4293,0.0017130374908447266,0.054,-18.0
4294,0.002656221389770508,0.056,-18.400000000000002
4295,0.0004553794860839844,0.056,-18.400000000000002
4296,0.0012633800506591797,0.056,-18.0
4297,0.0009744167327880859,0.056,-18.0
4298,0.0017299652099609375,0.056,-17.2
4299,0.0014095306396484375,0.056,-16.400000000000002
4300,0.0018417835235595703,0.058,-15.600000000000001
4301,0.0012052059173583984,0.058,-14.4
4302,0.0017096996307373047,0.058,-13.200000000000001
4303,0.000843048095703125,0.058,-12.0
4304,0.0014772415161132812,0.058,-10.4
4305,0.0006887912750244141,0.058,-8.8
4306,0.0016064643859863281,0.058,-6.800000000000001
4307,0.0007979869842529297,0.058,-5.2
4308,0.0014634132385253906,0.058,-3.2
4309,0.000720977783203125,0.058,-1.2000000000000002
4310,0.0015325546264648438,0.058,0.8
4311,0.0004711151123046875,0.058,3.2
4312,0.0006785392761230469,0.058,5.2
4313,0.0006482601165771484,0.058,7.2
4314,0.0017588138580322266,0.06,9.600000000000001
4315,0.0005085468292236328,0.06,11.600000000000001
4316,0.0018010139465332031,0.06,13.600000000000001
4317,0.0012493133544921875,0.06,15.600000000000001
4318,0.0008006095886230469,0.06,17.2
4319,0.0016307830810546875,0.06,19.200000000000003
4320,0.001832723617553711,0.06,20.8
4321,0.001569509506225586,0.06,22.400000000000002
4322,0.0015799999237060547,0.06,24.0
4323,0.0014851093292236328,0.06,25.200000000000003
4324,0.0017404556274414062,0.06,26.400000000000002
4325,0.0018095970153808594,0.06,27.200000000000003
4326,0.002022981643676758,0.06,28.0
4327,0.0007321834564208984,0.06,28.8
4328,0.001638650894165039,0.06,29.200000000000003
4329,0.0007770061492919922,0.06,29.6
4330,0.001634836196899414,0.06,29.6
4331,0.001622915267944336,0.06,29.6
4332,0.0007462501525878906,0.063,29.6
4333,0.0004813671112060547,0.071,29.200000000000003
4334,0.000396728515625,0.078,28.400000000000002
4335,0.0005125999450683594,0.106,28.0
4336,0.0004699230194091797,0.125,26.8
4337,0.0005624294281005859,0.144,26.0
4338,0.0004832744598388672,0.157,24.8
4339,0.0004818439483642578,0.164,23.6
4340,0.0004892349243164062,0.17,22.0
4341,0.0010924339294433594,0.177,20.8
4342,0.0004763603210449219,0.179,19.200000000000003
4343,0.00045609474182128906,0.179,17.6
4344,0.0004475116729736328,0.179,16.400000000000002
4345,0.0003299713134765625,0.179,14.8
4346,0.0006206035614013672,0.179,13.600000000000001
4347,0.0006780624389648438,0.179,12.4
4348,0.0005404949188232422,0.179,11.200000000000001
4349,0.0009264945983886719,0.179,10.4
4350,0.0004954338073730469,0.179,9.600000000000001
4351,0.002447843551635742,0.179,9.200000000000001
4352,0.0006854534149169922,0.179,8.8
4353,0.0004658699035644531,0.177,8.4
4354,0.0004527568817138672,0.177,8.4
4355,0.001081228256225586,0.177,8.8
4356,0.0005197525024414062,0.175,8.8
4357,0.000553131103515625,0.17,9.600000000000001
4358,0.0004897117614746094,0.17,10.4
4359,0.00045800209045410156,0.17,11.200000000000001
4360,0.0007827281951904297,0.168,12.0
4361,0.0005192756652832031,0.162,13.200000000000001
4362,0.0003390312194824219,0.157,14.8
4363,0.00047016143798828125,0.151,16.0
4364,0.00047779083251953125,0.144,17.6
4365,0.0004553794860839844,0.14,19.200000000000003
4366,0.00045037269592285156,0.136,20.8
4367,0.001031637191772461,0.129,22.400000000000002
4368,0.0004086494445800781,0.127,24.400000000000002
4369,0.0005040168762207031,0.123,26.0
4370,0.0004889965057373047,0.114,27.6
4371,0.00045228004455566406,0.11,29.6
4372,0.0005939006805419922,0.106,31.200000000000003
4373,0.0005533695220947266,0.101,32.800000000000004
4374,0.0010557174682617188,0.095,34.0
4375,0.0003790855407714844,0.091,35.6
4376,0.0005016326904296875,0.088,36.800000000000004
4377,0.0004942417144775391,0.084,37.6
4378,0.0005056858062744141,0.084,38.800000000000004
4379,0.0008308887481689453,0.084,39.2
4380,0.001462697982788086,0.084,40.0
4381,0.0003814697265625,0.082,40.400000000000006
4382,0.0005643367767333984,0.082,40.400000000000006
4383,0.0006043910980224609,0.082,40.400000000000006
4384,0.0008077621459960938,0.082,40.0
4385,0.0008695125579833984,0.082,39.6
4386,0.0008473396301269531,0.082,38.800000000000004
4387,0.0020177364349365234,0.082,38.0
4388,0.0016679763793945312,0.082,37.2
4389,0.0014643669128417969,0.082,36.0
4390,0.0010988712310791016,0.082,34.4
4391,0.001565694808959961,0.082,32.800000000000004
4392,0.0015981197357177734,0.082,31.200000000000003
4393,0.0008313655853271484,0.082,29.200000000000003
4394,0.0016889572143554688,0.082,27.200000000000003
4395,0.0015866756439208984,0.082,25.200000000000003
4396,0.0015223026275634766,0.082,22.8
4397,0.0007469654083251953,0.082,20.400000000000002
4398,0.0017044544219970703,0.082,18.0
4399,0.0015044212341308594,0.082,15.600000000000001
4400,0.0006592273712158203,0.082,13.200000000000001
4401,0.0019328594207763672,0.082,10.8
4402,0.0008220672607421875,0.082,8.0
4403,0.001337289810180664,0.082,5.6000000000000005
4404,0.0006642341613769531,0.082,3.2
4405,0.0017096996307373047,0.082,1.2000000000000002
4406,0.00067901611328125,0.082,-1.2000000000000002
4407,0.0015625953674316406,0.082,-3.2
4408,0.0008790493011474609,0.082,-5.2
4409,0.0015892982482910156,0.082,-7.2
4410,0.0022821426391601562,0.082,-9.200000000000001
4411,0.0015912055969238281,0.082,-10.4
4412,0.0015912055969238281,0.082,-10.4
4413,0.0020012855529785156,0.082,-12.0
4414,0.0005927085876464844,0.082,-13.200000000000001
4415,0.0018084049224853516,0.082,-14.0
4416,0.0007636547088623047,0.082,-14.8
4417,0.0018932819366455078,0.082,-15.600000000000001
4418,0.0007693767547607422,0.082,-16.0
4419,0.0017695426940917969,0.082,-16.0
4420,0.0008232593536376953,0.082,-16.0
4421,0.0015778541564941406,0.082,-15.600000000000001
4422,0.0008397102355957031,0.082,-15.200000000000001
4423,0.0017507076263427734,0.082,-14.8
4424,0.0018393993377685547,0.082,-13.600000000000001
4425,0.0017476081848144531,0.082,-12.8
4426,0.001636505126953125,0.082,-11.200000000000001
4427,0.0014526844024658203,0.082,-10.0
4428,0.001592397689819336,0.082,-8.4
4429,0.0017342567443847656,0.082,-6.800000000000001
4430,0.0016922950744628906,0.082,-4.800000000000001
4431,0.0017502307891845703,0.082,-2.8000000000000003
4432,0.0006451606750488281,0.084,-0.8
4433,0.0008594989776611328,0.084,1.6
4434,0.0004475116729736328,0.086,3.6
4435,0.000804901123046875,0.086,6.0
4436,0.0008351802825927734,0.086,8.4
4437,0.0010814666748046875,0.086,10.4
4438,0.0016832351684570312,0.086,12.8
4439,0.0008656978607177734,0.086,15.200000000000001
4440,0.0016760826110839844,0.086,17.2
4441,0.001725912094116211,0.086,19.6
4442,0.001451253890991211,0.086,21.6
4443,0.0007469654083251953,0.086,23.6
4444,0.001558542251586914,0.086,25.6
4445,0.0007212162017822266,0.086,27.200000000000003
4446,0.001554250717163086,0.086,28.8
4447,0.0007231235504150391,0.086,30.400000000000002
4448,0.0015261173248291016,0.086,32.0
4449,0.0007064342498779297,0.086,33.2
4450,0.0016102790832519531,0.086,34.0
4451,0.0007257461547851562,0.086,35.2
4452,0.0017046928405761719,0.086,35.6
4453,0.0007574558258056641,0.086,36.4
4454,0.0021474361419677734,0.086,36.800000000000004
4455,0.0006873607635498047,0.086,36.800000000000004
4456,0.0018086433410644531,0.086,36.800000000000004
4457,0.0006964206695556641,0.086,36.4
4458,0.0006322860717773438,0.088,36.0
4459,0.0005114078521728516,0.093,35.6
4460,0.00048732757568359375,0.101,34.800000000000004
4461,0.0005474090576171875,0.114,34.0
4462,0.0005445480346679688,0.138,32.800000000000004
4463,0.0006244182586669922,0.164,31.6
4464,0.0005538463592529297,0.181,30.0
4465,0.0005207061767578125,0.192,28.8
4466,0.0004792213439941406,0.194,27.200000000000003
4467,0.0004949569702148438,0.196,25.200000000000003
4468,0.00045609474182128906,0.196,23.6
4469,0.0004661083221435547,0.196,22.0
4470,0.00047016143798828125,0.196,20.400000000000002
4471,0.0026590824127197266,0.196,18.8
4472,0.0019161701202392578,0.196,17.2
4473,0.0007829666137695312,0.196,16.0
4474,0.001598358154296875,0.196,14.8
4475,0.0005855560302734375,0.196,13.600000000000001
4476,0.0015485286712646484,0.196,12.8
4477,0.0015566349029541016,0.196,12.4
4478,0.0016102790832519531,0.198,12.0
4479,0.0004715919494628906,0.198,11.600000000000001
4480,0.000995635986328125,0.198,11.600000000000001
4481,0.0012826919555664062,0.194,11.600000000000001
4482,0.0008058547973632812,0.185,12.0
4483,0.0006062984466552734,0.177,12.8
4484,0.0006165504455566406,0.17,13.600000000000001
4485,0.0008854866027832031,0.162,14.4
4486,0.0007143020629882812,0.153,15.600000000000001
4487,0.0003809928894042969,0.138,16.8
4488,0.0006604194641113281,0.125,18.400000000000002
4489,0.0004718303680419922,0.114,19.6
4490,0.000682830810546875,0.108,21.200000000000003
4491,0.00040435791015625,0.101,22.8
4492,0.0005249977111816406,0.097,24.8
4493,0.0004887580871582031,0.095,26.400000000000002
4494,0.0004448890686035156,0.095,28.0
4495,0.0005879402160644531,0.093,29.6
4496,0.00046062469482421875,0.091,30.8
4497,0.00047278404235839844,0.088,32.4
4498,0.0005512237548828125,0.088,33.6
4499,0.0005245208740234375,0.088,34.4
4500,0.0022144317626953125,0.088,35.2
4501,0.001753091812133789,0.088,36.0
4502,0.0008485317230224609,0.088,36.800000000000004
4503,0.001781463623046875,0.088,37.2
4504,0.0016109943389892578,0.088,37.2
4505,0.0020003318786621094,0.086,37.2
4506,0.0006928443908691406,0.086,37.2
4507,0.0011661052703857422,0.086,36.800000000000004
4508,0.001199960708618164,0.086,36.4
4509,0.0017151832580566406,0.086,35.6
4510,0.0007243156433105469,0.084,34.800000000000004
4511,0.0006418228149414062,0.082,33.6
4512,0.0005061626434326172,0.082,32.4
4513,0.0008206367492675781,0.082,31.200000000000003
4514,0.0004775524139404297,0.082,29.6
4515,0.0023679733276367188,0.082,28.0
4516,0.0006153583526611328,0.082,26.400000000000002
4517,0.0018105506896972656,0.082,24.400000000000002
4518,0.0009334087371826172,0.082,22.8
4519,0.0017199516296386719,0.082,20.8
4520,0.000827789306640625,0.082,18.400000000000002
4521,0.0016074180603027344,0.082,16.400000000000002
4522,0.0006353855133056641,0.082,14.4
4523,0.0020058155059814453,0.082,12.0
4524,0.001667022705078125,0.082,10.0
4525,0.0016336441040039062,0.082,7.6000000000000005
4526,0.0016760826110839844,0.082,5.6000000000000005
4527,0.0015516281127929688,0.082,3.6
4528,0.0016322135925292969,0.082,1.6
4529,0.0009958744049072266,0.082,-0.4
4530,0.0016071796417236328,0.082,-2.0
4531,0.0016317367553710938,0.082,-4.0
4532,0.001558542251586914,0.082,-5.2
4533,0.0015902519226074219,0.082,-6.800000000000001
4534,0.001621246337890625,0.082,-8.0
4535,0.0014858245849609375,0.082,-9.200000000000001
4536,0.000713348388671875,0.082,-10.0
4537,0.002212047576904297,0.082,-10.8
4538,0.0007500648498535156,0.082,-11.600000000000001
4539,0.0016112327575683594,0.082,-12.0
4540,0.001489877700805664,0.082,-12.0
4541,0.0016453266143798828,0.082,-12.0
4542,0.0016522407531738281,0.082,-12.0
4543,0.0015311241149902344,0.082,-11.600000000000001
4544,0.001619577407836914,0.082,-11.200000000000001
4545,0.0014808177947998047,0.082,-10.4
4546,0.001642465591430664,0.082,-9.600000000000001
4547,0.00150299072265625,0.082,-8.4
4548,0.0015094280242919922,0.082,-7.2
4549,0.0016214847564697266,0.082,-6.0
4550,0.0007548332214355469,0.082,-4.4
4551,0.0016164779663085938,0.082,-2.8000000000000003
4552,0.0006392002105712891,0.082,-1.2000000000000002
4553,0.001653432846069336,0.082,0.4
4554,0.0007872581481933594,0.082,2.4000000000000004
4555,0.0016827583312988281,0.082,4.4
4556,0.0006947517395019531,0.082,6.4
4557,0.0017042160034179688,0.082,8.4
4558,0.0017042160034179688,0.082,8.4
4559,0.001550436019897461,0.082,10.4
4560,0.0005922317504882812,0.082,12.4
4561,0.0015437602996826172,0.082,14.4
4562,0.0007765293121337891,0.082,16.400000000000002
4563,0.0017786026000976562,0.082,18.0
4564,0.0005996227264404297,0.082,20.0
4565,0.0018770694732666016,0.082,21.6
4566,0.0006983280181884766,0.082,23.6
4567,0.001789093017578125,0.082,25.200000000000003
4568,0.0006771087646484375,0.082,26.400000000000002
4569,0.0017104148864746094,0.082,28.0
4570,0.0008323192596435547,0.082,29.200000000000003
4571,0.0017635822296142578,0.082,30.0
4572,0.0007569789886474609,0.082,31.200000000000003
4573,0.0015478134155273438,0.082,32.0
4574,0.0007731914520263672,0.082,32.4
4575,0.0016143321990966797,0.082,33.2
4576,0.0016207695007324219,0.082,33.2
4577,0.000743865966796875,0.082,33.6
4578,0.001767873764038086,0.082,33.6
4579,0.0004649162292480469,0.082,33.2
4580,0.0007412433624267578,0.091,32.800000000000004
4581,0.0004279613494873047,0.103,32.4
4582,0.0004813671112060547,0.123,31.6
4583,0.0008027553558349609,0.136,30.8
4584,0.0004887580871582031,0.149,30.0
4585,0.0004372596740722656,0.157,28.8
4586,0.0004906654357910156,0.166,27.6
4587,0.00046563148498535156,0.168,26.0
4588,0.00046753883361816406,0.17,24.8
4589,0.00045752525329589844,0.17,23.200000000000003
4590,0.0007333755493164062,0.17,22.0
4591,0.0008873939514160156,0.17,20.400000000000002
4592,0.0007874965667724609,0.17,19.200000000000003
4593,0.001863718032836914,0.17,17.6
4594,0.0008041858673095703,0.17,16.400000000000002
4595,0.0016922950744628906,0.17,15.600000000000001
4596,0.0014710426330566406,0.17,14.4
4597,0.0013964176177978516,0.17,13.600000000000001
4598,0.0008027553558349609,0.17,12.8
4599,0.001689910888671875,0.17,12.0
4600,0.000640869140625,0.17,11.600000000000001
4601,0.0019237995147705078,0.17,11.200000000000001
4602,0.0008182525634765625,0.17,11.200000000000001
4603,0.0016837120056152344,0.17,11.200000000000001
4604,0.0008444786071777344,0.17,11.200000000000001
4605,0.0017943382263183594,0.17,11.600000000000001
4606,0.0006206035614013672,0.17,12.0
4607,0.0019443035125732422,0.17,12.8
4608,0.0006377696990966797,0.168,13.200000000000001
4609,0.0004985332489013672,0.159,14.0
4610,0.0005671977996826172,0.149,15.200000000000001
4611,0.0006272792816162109,0.136,16.400000000000002
4612,0.0007638931274414062,0.125,17.2
4613,0.000499725341796875,0.114,18.8
4614,0.0004830360412597656,0.106,20.0
4615,0.00045490264892578125,0.097,21.6
4616,0.0005242824554443359,0.095,22.8
4617,0.0004889965057373047,0.093,24.400000000000002
4618,0.0005033016204833984,0.091,25.6
4619,0.0007627010345458984,0.088,27.200000000000003
4620,0.0003676414489746094,0.086,28.400000000000002
4621,0.0006012916564941406,0.086,29.6
4622,0.0005543231964111328,0.08,30.8
4623,0.0004858970642089844,0.075,31.6
4624,0.0005450248718261719,0.075,32.4
4625,0.00046539306640625,0.073,33.2
4626,0.0004940032958984375,0.073,33.6
4627,0.0005826950073242188,0.071,34.0
4628,0.0003387928009033203,0.067,34.0
4629,0.0005350112915039062,0.067,34.0
4630,0.0008687973022460938,0.067,34.0
4631,0.0005433559417724609,0.065,33.6
4632,0.0005977153778076172,0.063,33.2
4633,0.0007584095001220703,0.063,32.4
4634,0.0005927085876464844,0.063,31.6
4635,0.0018491744995117188,0.063,30.400000000000002
4636,0.0008225440979003906,0.063,29.200000000000003
4637,0.0016045570373535156,0.063,28.0
4638,0.0007641315460205078,0.063,26.400000000000002
4639,0.0022728443145751953,0.063,24.8
4640,0.0008063316345214844,0.063,23.200000000000003
4641,0.001566171646118164,0.063,21.200000000000003
4642,0.0006384849548339844,0.063,19.200000000000003
4643,0.0016491413116455078,0.063,15.200000000000001
4644,0.0017936229705810547,0.063,12.8
4645,0.0016820430755615234,0.063,10.8
4646,0.001522064208984375,0.063,8.4
4647,0.0006105899810791016,0.063,6.4
4648,0.0020470619201660156,0.063,4.0
4649,0.0007259845733642578,0.063,2.0
4650,0.0015475749969482422,0.063,0.0
4651,0.0006983280181884766,0.063,-2.0
4652,0.0012865066528320312,0.063,-4.0
4653,0.0007240772247314453,0.063,-6.0
4654,0.0005238056182861328,0.063,-7.6000000000000005
4655,0.0005629062652587891,0.063,-9.200000000000001
4656,0.0019083023071289062,0.063,-10.4
4657,0.0006589889526367188,0.063,-12.0
4658,0.001577615737915039,0.063,-12.8
4659,0.0007083415985107422,0.063,-14.0
4660,0.0015401840209960938,0.063,-14.8
4661,0.0007407665252685547,0.063,-15.200000000000001
4662,0.0014836788177490234,0.063,-15.600000000000001
4663,0.0007655620574951172,0.063,-16.0
4664,0.0010764598846435547,0.063,-16.0
4665,0.0005888938903808594,0.063,-15.600000000000001
4666,0.001684427261352539,0.063,-15.200000000000001
4667,0.0005757808685302734,0.063,-14.8
4668,0.001990079879760742,0.063,-14.0
4669,0.0007405281066894531,0.063,-13.200000000000001
4670,0.0016520023345947266,0.063,-12.0
4671,0.00060272216796875,0.063,-10.8
4672,0.0017673969268798828,0.063,-9.600000000000001
4673,0.0007448196411132812,0.063,-8.0
4674,0.0015347003936767578,0.063,-6.4
4675,0.0007073879241943359,0.063,-4.800000000000001
4676,0.0016245841979980469,0.063,-2.8000000000000003
4677,0.0005474090576171875,0.063,-0.8
4678,0.0017211437225341797,0.063,0.8
4679,0.0006749629974365234,0.063,3.2
4680,0.0016477108001708984,0.063,5.2
4681,0.0006623268127441406,0.063,7.2
4682,0.0015587806701660156,0.063,9.200000000000001
4683,0.0006771087646484375,0.063,11.200000000000001
4684,0.0016777515411376953,0.063,13.200000000000001
4685,0.0018248558044433594,0.063,15.200000000000001
4686,0.001489400863647461,0.063,16.8
4687,0.0014424324035644531,0.063,18.8
4688,0.0015704631805419922,0.063,20.400000000000002
4689,0.0015194416046142578,0.063,22.0
4690,0.0015857219696044922,0.063,23.6
4691,0.001622915267944336,0.063,24.8
4692,0.0016503334045410156,0.063,26.0
4693,0.0007610321044921875,0.063,27.200000000000003
4694,0.001585245132446289,0.063,28.0
4695,0.0014803409576416016,0.063,28.8
4696,0.0006387233734130859,0.063,29.200000000000003
4697,0.0017752647399902344,0.063,29.6
4698,0.0007467269897460938,0.063,30.0
4699,0.0016505718231201172,0.063,30.0
4700,0.0007598400115966797,0.063,30.0
4701,0.0014715194702148438,0.063,29.6
4702,0.0007708072662353516,0.063,29.200000000000003
4703,0.0015010833740234375,0.063,28.400000000000002
4704,0.0016112327575683594,0.063,27.6
4705,0.0008552074432373047,0.063,26.8
4706,0.002048015594482422,0.063,25.6
4707,0.002048015594482422,0.063,25.6
4708,0.0017156600952148438,0.063,24.400000000000002
4709,0.0007274150848388672,0.063,23.200000000000003
4710,0.0014111995697021484,0.063,21.6
4711,0.0007088184356689453,0.063,20.400000000000002
4712,0.0016574859619140625,0.063,18.400000000000002
4713,0.0007815361022949219,0.063,16.8
4714,0.0014750957489013672,0.063,15.200000000000001
4715,0.001735687255859375,0.063,13.200000000000001
4716,0.0015625953674316406,0.063,11.200000000000001
4717,0.00074005126953125,0.063,9.600000000000001
4718,0.0015630722045898438,0.063,7.6000000000000005
4719,0.0007548332214355469,0.063,5.6000000000000005
4720,0.0019881725311279297,0.063,4.0
4721,0.0018734931945800781,0.063,2.0
4722,0.0005784034729003906,0.063,0.4
4723,0.0019960403442382812,0.063,-1.6
4724,0.001577615737915039,0.063,-3.2
4725,0.0006856918334960938,0.063,-4.800000000000001
4726,0.0018320083618164062,0.063,-6.0
4727,0.0014619827270507812,0.063,-7.6000000000000005
4728,0.0007011890411376953,0.063,-8.8
4729,0.0015146732330322266,0.063,-9.600000000000001
4730,0.0008447170257568359,0.063,-10.4
4731,0.0015718936920166016,0.063,-11.200000000000001
4732,0.0015048980712890625,0.063,-12.0
4733,0.000591278076171875,0.063,-12.4
4734,0.0019407272338867188,0.063,-12.8
4735,0.001583099365234375,0.063,-12.8
4736,0.0007905960083007812,0.063,-12.8
4737,0.0016205310821533203,0.063,-12.4
4738,0.0006237030029296875,0.063,-12.0
4739,0.0014798641204833984,0.063,-11.600000000000001
4740,0.0014643669128417969,0.063,-10.8
4741,0.001585245132446289,0.063,-10.0
4742,0.0015718936920166016,0.063,-8.8
4743,0.0014722347259521484,0.063,-8.0
4744,0.001556396484375,0.063,-6.4
4745,0.0014395713806152344,0.063,-5.2
4746,0.001630544662475586,0.063,-3.6
4747,0.0015985965728759766,0.063,-2.4000000000000004
4748,0.0014901161193847656,0.063,-0.8
4749,0.0007843971252441406,0.063,1.2000000000000002
4750,0.002142190933227539,0.063,2.8000000000000003
4751,0.0015926361083984375,0.063,4.4
4752,0.001447439193725586,0.063,6.4
4753,0.0014200210571289062,0.063,8.0
4754,0.0007402896881103516,0.063,9.600000000000001
4755,0.0015087127685546875,0.063,11.600000000000001
4756,0.0007364749908447266,0.063,13.200000000000001
4757,0.0014739036560058594,0.063,14.8
4758,0.0007839202880859375,0.063,16.400000000000002
4759,0.0015614032745361328,0.063,18.0
4760,0.0006968975067138672,0.063,19.200000000000003
4761,0.002012491226196289,0.063,20.8
4762,0.0006861686706542969,0.063,22.0
4763,0.0018846988677978516,0.063,22.8
4764,0.0009083747863769531,0.063,24.0
4765,0.0017256736755371094,0.063,24.8
4766,0.0007829666137695312,0.063,25.6
4767,0.001522064208984375,0.063,26.0
4768,0.0007255077362060547,0.063,26.400000000000002
4769,0.0008873939514160156,0.063,26.8
4770,0.0007989406585693359,0.078,26.8
4771,0.0010142326354980469,0.093,26.8
4772,0.0004937648773193359,0.125,26.8
4773,0.000514984130859375,0.147,26.400000000000002
4774,0.0005311965942382812,0.159,26.0
4775,0.0004699230194091797,0.168,25.200000000000003
4776,0.000518798828125,0.172,24.400000000000002
4777,0.0005686283111572266,0.175,23.6
4778,0.0005807876586914062,0.177,22.8
4779,0.00049591064453125,0.177,22.0
4780,0.0008478164672851562,0.177,21.200000000000003
4781,0.00048065185546875,0.177,20.0
4782,0.0018596649169921875,0.177,19.200000000000003
4783,0.0009458065032958984,0.177,18.8
4784,0.0017006397247314453,0.177,18.0
4785,0.0007662773132324219,0.177,17.6
4786,0.0015530586242675781,0.177,16.8
4787,0.0015926361083984375,0.177,16.8
4788,0.0023412704467773438,0.175,16.400000000000002
4789,0.0006337165832519531,0.166,16.400000000000002
4790,0.0006678104400634766,0.151,16.400000000000002
4791,0.00043487548828125,0.14,16.400000000000002
4792,0.00048041343688964844,0.134,16.8
4793,0.0003325939178466797,0.125,17.2
4794,0.0007059574127197266,0.121,17.6
4795,0.0006597042083740234,0.112,18.0
4796,0.00046706199645996094,0.101,18.8
4797,0.0004744529724121094,0.099,19.6
4798,0.0004951953887939453,0.095,20.0
4799,0.0005087852478027344,0.091,20.8
4800,0.0005459785461425781,0.088,21.6
4801,0.000514984130859375,0.086,22.400000000000002
4802,0.0005943775177001953,0.082,22.8
4803,0.0008614063262939453,0.082,23.6
4804,0.0005259513854980469,0.08,24.0
4805,0.00048661231994628906,0.075,24.400000000000002
4806,0.0003287792205810547,0.075,24.8
4807,0.0005028247833251953,0.075,24.8
4808,0.0005207061767578125,0.075,25.200000000000003
4809,0.0004875659942626953,0.073,25.200000000000003
4810,0.0006248950958251953,0.073,24.8
4811,0.00048351287841796875,0.073,24.8
4812,0.0015041828155517578,0.073,24.400000000000002
4813,0.0016739368438720703,0.073,24.0
4814,0.0008144378662109375,0.073,23.6
4815,0.0011081695556640625,0.073,22.8
4816,0.0006139278411865234,0.073,22.400000000000002
4817,0.0019159317016601562,0.073,21.6
4818,0.001177072525024414,0.073,20.400000000000002
4819,0.0007228851318359375,0.073,19.6
4820,0.0015931129455566406,0.073,18.400000000000002
4821,0.0006899833679199219,0.073,17.2
4822,0.0018091201782226562,0.073,16.0
4823,0.0016553401947021484,0.073,14.8
4824,0.0007779598236083984,0.073,13.600000000000001
4825,0.001583099365234375,0.073,12.4
4826,0.0006477832794189453,0.073,11.200000000000001
4827,0.001703500747680664,0.073,9.600000000000001
4828,0.00072479248046875,0.073,8.4
4829,0.0016651153564453125,0.073,7.2
4830,0.0006940364837646484,0.073,6.0
4831,0.0016543865203857422,0.073,4.4
4832,0.0015239715576171875,0.073,3.2
4833,0.000659942626953125,0.073,2.4000000000000004
4834,0.0016908645629882812,0.073,1.2000000000000002
4835,0.0007457733154296875,0.073,0.0
4836,0.0017209053039550781,0.073,-0.8
4837,0.0007333755493164062,0.073,-1.6
4838,0.0016522407531738281,0.073,-2.4000000000000004
4839,0.000736236572265625,0.073,-2.8000000000000003
4840,0.0018558502197265625,0.073,-3.6
4841,0.0006957054138183594,0.073,-4.0
4842,0.0015430450439453125,0.073,-4.4
4843,0.0015408992767333984,0.073,-4.4
4844,0.0014867782592773438,0.073,-4.4
4845,0.0014262199401855469,0.073,-4.4
4846,0.002308368682861328,0.073,-4.4
4847,0.000766754150390625,0.073,-4.0
4848,0.0016846656799316406,0.073,-3.6
4849,0.0007123947143554688,0.073,-3.2
4850,0.0015561580657958984,0.073,-2.8000000000000003
4851,0.0015056133270263672,0.073,-2.0
4852,0.0018510818481445312,0.073,-1.2000000000000002
4853,0.0016255378723144531,0.073,-0.4
4854,0.0016193389892578125,0.073,0.4
4855,0.0016515254974365234,0.073,1.2000000000000002
4856,0.0016295909881591797,0.073,2.4000000000000004
4857,0.00074005126953125,0.073,3.6
4858,0.0017788410186767578,0.073,4.800000000000001
4859,0.0017788410186767578,0.073,4.800000000000001
4860,0.0015413761138916016,0.073,5.6000000000000005
4861,0.0007727146148681641,0.073,6.800000000000001
4862,0.0017178058624267578,0.073,8.0
4863,0.0006361007690429688,0.078,9.200000000000001
4864,0.0010204315185546875,0.078,10.4
4865,0.0013785362243652344,0.078,11.600000000000001
4866,0.0007097721099853516,0.078,12.8
4867,0.0021495819091796875,0.078,14.0
4868,0.0004596710205078125,0.08,15.200000000000001
4869,0.0010132789611816406,0.08,16.0
4870,0.0011987686157226562,0.08,17.2
4871,0.00045800209045410156,0.082,18.0
4872,0.00034499168395996094,0.084,18.8
4873,0.0004742145538330078,0.086,19.6
4874,0.0005843639373779297,0.086,20.400000000000002
4875,0.00047516822814941406,0.091,21.200000000000003
4876,0.00044465065002441406,0.091,21.6
4877,0.0004937648773193359,0.091,22.0
4878,0.0010421276092529297,0.091,22.400000000000002
4879,0.0004937648773193359,0.091,22.8
4880,0.0015964508056640625,0.091,22.8
4881,0.0006082057952880859,0.091,23.200000000000003
4882,0.001651763916015625,0.091,23.200000000000003
4883,0.0023643970489501953,0.091,23.200000000000003
4884,0.0005748271942138672,0.091,22.8
4885,0.0015707015991210938,0.091,22.8
4886,0.0014522075653076172,0.091,22.400000000000002
4887,0.0007255077362060547,0.091,22.0
4888,0.0015590190887451172,0.091,21.6
4889,0.0006909370422363281,0.091,21.200000000000003
4890,0.0017404556274414062,0.091,20.400000000000002
4891,0.001542806625366211,0.091,20.0
4892,0.0006999969482421875,0.091,19.200000000000003
4893,0.0016069412231445312,0.091,18.400000000000002
4894,0.0015745162963867188,0.091,17.6
4895,0.0016374588012695312,0.091,16.8
4896,0.0015594959259033203,0.091,16.0
4897,0.0011963844299316406,0.091,15.200000000000001
4898,0.0014739036560058594,0.091,14.4
4899,0.0017514228820800781,0.091,13.600000000000001
4900,0.0007140636444091797,0.091,12.4
4901,0.0015456676483154297,0.091,11.600000000000001
4902,0.0015959739685058594,0.091,10.8
4903,0.0007350444793701172,0.091,10.0
4904,0.001590728759765625,0.091,9.200000000000001
4905,0.0006589889526367188,0.091,8.4
4906,0.001605987548828125,0.091,7.6000000000000005
4907,0.0016095638275146484,0.091,6.800000000000001
4908,0.0015270709991455078,0.091,6.0
4909,0.0015184879302978516,0.091,5.6000000000000005
4910,0.0006201267242431641,0.091,4.800000000000001
4911,0.001983165740966797,0.091,4.4
4912,0.0007984638214111328,0.091,4.0
4913,0.0015902519226074219,0.091,3.6
4914,0.0016179084777832031,0.091,3.2
4915,0.0007157325744628906,0.091,3.2
4916,0.0018687248229980469,0.091,3.2
4917,0.0015254020690917969,0.091,3.2
4918,0.0006449222564697266,0.091,3.2
4919,0.0015223026275634766,0.091,3.2
4920,0.0007708072662353516,0.091,3.2
4921,0.001811981201171875,0.091,3.6
4922,0.0007376670837402344,0.091,4.0
4923,0.0016741752624511719,0.091,4.4
4924,0.0007715225219726562,0.091,4.800000000000001
4925,0.0018625259399414062,0.091,5.6000000000000005
4926,0.0019030570983886719,0.091,6.0
4927,0.0009336471557617188,0.095,6.800000000000001
4928,0.0006983280181884766,0.101,7.2
4929,0.0008411407470703125,0.11,8.0
4930,0.0004837512969970703,0.114,8.8
4931,0.00038909912109375,0.114,9.600000000000001
4932,0.0006000995635986328,0.116,10.4
4933,0.0005533695220947266,0.116,11.200000000000001
4934,0.0008630752563476562,0.123,12.0
4935,0.00048661231994628906,0.123,12.8
4936,0.0005037784576416016,0.123,14.0
4937,0.0006585121154785156,0.123,14.8
4938,0.0020689964294433594,0.123,15.600000000000001
4939,0.0006613731384277344,0.123,16.8
4940,0.0016200542449951172,0.123,17.6
4941,0.0016074180603027344,0.123,18.400000000000002
4942,0.0015819072723388672,0.123,19.6
4943,0.0016744136810302734,0.123,20.400000000000002
4944,0.0015680789947509766,0.123,21.200000000000003
4945,0.0007450580596923828,0.123,22.0
4946,0.002042055130004883,0.123,23.200000000000003
4947,0.0017871856689453125,0.123,24.0
4948,0.0016942024230957031,0.123,24.8
4949,0.0015387535095214844,0.123,25.200000000000003
4950,0.0007600784301757812,0.123,26.0
4951,0.0016100406646728516,0.123,26.8
4952,0.001558065414428711,0.123,27.200000000000003
4953,0.0006694793701171875,0.123,28.0
4954,0.0016748905181884766,0.123,28.400000000000002
4955,0.001505136489868164,0.123,28.8
4956,0.0015919208526611328,0.123,28.8
4957,0.0007603168487548828,0.123,29.200000000000003
4958,0.0020155906677246094,0.123,29.200000000000003
4959,0.0017538070678710938,0.123,29.6
4960,0.0007343292236328125,0.123,29.6
4961,0.001735687255859375,0.123,29.6
4962,0.0007240772247314453,0.123,29.200000000000003
4963,0.001687765121459961,0.123,29.200000000000003
4964,0.0005960464477539062,0.123,28.8
4965,0.0016629695892333984,0.123,28.400000000000002
4966,0.0016102790832519531,0.123,28.0
4967,0.0006997585296630859,0.123,27.6
4968,0.0016574859619140625,0.123,27.200000000000003
4969,0.0006058216094970703,0.123,26.400000000000002
4970,0.001573801040649414,0.123,26.0
4971,0.0005862712860107422,0.123,25.200000000000003
4972,0.001889944076538086,0.123,24.8
4973,0.000640869140625,0.123,24.0
4974,0.001590728759765625,0.123,23.200000000000003
4975,0.0005927085876464844,0.123,22.400000000000002
4976,0.0019648075103759766,0.123,21.6
4977,0.0015156269073486328,0.123,20.8
4978,0.0006210803985595703,0.123,20.0
4979,0.002033710479736328,0.123,19.200000000000003
4980,0.0017273426055908203,0.123,18.400000000000002
4981,0.0017974376678466797,0.123,17.6
4982,0.0014796257019042969,0.123,16.8
4983,0.0016369819641113281,0.123,16.0
4984,0.0007300376892089844,0.123,15.200000000000001
4985,0.002055644989013672,0.123,14.8
4986,0.0007495880126953125,0.123,14.0
4987,0.0016052722930908203,0.123,13.600000000000001
4988,0.001627206802368164,0.123,12.8
4989,0.0007643699645996094,0.123,12.4
4990,0.001608133316040039,0.123,12.0
4991,0.0005853176116943359,0.123,11.600000000000001
4992,0.0019674301147460938,0.123,11.600000000000001
4993,0.0008409023284912109,0.119,11.200000000000001
4994,0.0004892349243164062,0.116,11.200000000000001
4995,0.0008594989776611328,0.116,11.200000000000001
4996,0.0008594989776611328,0.112,11.200000000000001
4997,0.0004951953887939453,0.11,11.200000000000001
4998,0.00036716461181640625,0.11,11.200000000000001
4999,0.0006930828094482422,0.11,11.200000000000001
5000,0.0009617805480957031,0.108,11.200000000000001
5001,0.0008563995361328125,0.108,11.600000000000001
5002,0.0011451244354248047,0.108,12.0
5003,0.0012059211730957031,0.106,12.0
5004,0.0017833709716796875,0.106,12.4
5005,0.0016942024230957031,0.106,12.8
5006,0.0033779144287109375,0.106,13.200000000000001
5007,0.0011677742004394531,0.103,13.600000000000001
5008,0.0015785694122314453,0.103,14.0
5009,0.0019617080688476562,0.103,14.8
5010,0.0008528232574462891,0.101,15.200000000000001
5011,0.000423431396484375,0.099,15.600000000000001
5012,0.0007402896881103516,0.099,16.0
5013,0.0008666515350341797,0.097,16.8
5014,0.0006039142608642578,0.097,17.2
5015,0.0013642311096191406,0.097,17.6
5016,0.0027501583099365234,0.097,18.0
5017,0.0016181468963623047,0.097,18.400000000000002
5018,0.0008437633514404297,0.095,18.8
5019,0.0005855560302734375,0.095,19.200000000000003
5020,0.002131223678588867,0.095,19.6
5021,0.0017924308776855469,0.095,20.0
5022,0.0008637905120849609,0.095,20.0
5023,0.0016655921936035156,0.095,20.400000000000002
5024,0.0007271766662597656,0.095,20.400000000000002
5025,0.001678466796875,0.095,20.400000000000002
5026,0.000762939453125,0.095,20.400000000000002
5027,0.0005464553833007812,0.093,20.400000000000002
5028,0.0004642009735107422,0.091,20.400000000000002
5029,0.0006604194641113281,0.091,20.400000000000002
5030,0.0007462501525878906,0.088,20.400000000000002
5031,0.0017237663269042969,0.088,20.0
5032,0.0008516311645507812,0.088,20.0
5033,0.0016949176788330078,0.088,19.6
5034,0.002031564712524414,0.088,19.200000000000003
5035,0.0014858245849609375,0.088,18.8
5036,0.0014841556549072266,0.088,18.400000000000002
5037,0.0016260147094726562,0.088,18.0
5038,0.0016543865203857422,0.088,17.2
5039,0.0009045600891113281,0.088,16.8
5040,0.001554727554321289,0.088,16.400000000000002
5041,0.0007321834564208984,0.088,15.600000000000001
5042,0.001596689224243164,0.088,14.8
5043,0.0015811920166015625,0.088,14.4
5044,0.0007007122039794922,0.088,13.600000000000001
5045,0.001567840576171875,0.088,12.8
5046,0.0006024837493896484,0.088,12.4
5047,0.0017685890197753906,0.088,11.600000000000001
5048,0.0015749931335449219,0.088,10.8
5049,0.0015451908111572266,0.088,10.4
5050,0.0016756057739257812,0.088,9.600000000000001
5051,0.0008056163787841797,0.088,9.200000000000001
5052,0.001697540283203125,0.088,8.4
5053,0.0006952285766601562,0.088,8.0
5054,0.0017566680908203125,0.088,7.6000000000000005
5055,0.001462697982788086,0.088,6.800000000000001
5056,0.0006425380706787109,0.088,6.4
5057,0.0015649795532226562,0.088,6.4
5058,0.00061798095703125,0.088,6.0
5059,0.0022902488708496094,0.088,5.6000000000000005
5060,0.0006864070892333984,0.088,5.6000000000000005
5061,0.0015764236450195312,0.088,5.2
5062,0.000774383544921875,0.088,5.2
5063,0.0018277168273925781,0.088,5.2
5064,0.0004608631134033203,0.086,5.2
5065,0.0008273124694824219,0.084,5.2
5066,0.0007479190826416016,0.084,5.2
5067,0.002028942108154297,0.084,5.6000000000000005
5068,0.0008423328399658203,0.084,5.6000000000000005
5069,0.0018024444580078125,0.084,6.0
5070,0.0007615089416503906,0.084,6.4
5071,0.0017809867858886719,0.084,6.800000000000001
5072,0.0006971359252929688,0.084,7.2
5073,0.0017037391662597656,0.084,7.6000000000000005
5074,0.0007207393646240234,0.084,8.0
5075,0.002170562744140625,0.084,8.8
5076,0.0004954338073730469,0.082,9.200000000000001
5077,0.0005717277526855469,0.082,9.600000000000001
5078,0.0017921924591064453,0.082,10.4
5079,0.0013937950134277344,0.08,10.8
5080,0.0008974075317382812,0.08,11.200000000000001
5081,0.0007891654968261719,0.078,12.0
5082,0.0005939006805419922,0.075,12.4
5083,0.0008673667907714844,0.073,13.200000000000001
5084,0.00033783912658691406,0.073,13.600000000000001
5085,0.0005700588226318359,0.073,14.0
5086,0.00170135498046875,0.073,14.4
5087,0.0007188320159912109,0.073,14.8
5088,0.0015201568603515625,0.073,15.200000000000001
5089,0.0006921291351318359,0.073,15.600000000000001
5090,0.004039287567138672,0.071,16.0
5091,0.0006327629089355469,0.071,16.400000000000002
5092,0.0009479522705078125,0.069,16.400000000000002
5093,0.0011322498321533203,0.069,16.8
5094,0.0016336441040039062,0.069,16.8
5095,0.0013649463653564453,0.069,16.8
5096,0.0008525848388671875,0.069,16.8
5097,0.0016782283782958984,0.069,16.8
5098,0.0016520023345947266,0.069,16.400000000000002
5099,0.0015957355499267578,0.069,16.400000000000002
5100,0.0015344619750976562,0.069,16.0
5101,0.0016145706176757812,0.069,15.600000000000001
5102,0.001462697982788086,0.069,15.200000000000001
5103,0.001440286636352539,0.069,14.8
5104,0.0007839202880859375,0.069,14.4
5105,0.0016057491302490234,0.069,14.0
5106,0.0014495849609375,0.069,13.200000000000001
5107,0.0015811920166015625,0.069,12.8
5108,0.0016291141510009766,0.069,12.0
5109,0.0007576942443847656,0.069,11.600000000000001
5110,0.001562356948852539,0.069,10.8
5111,0.0006821155548095703,0.069,10.0
5112,0.001577138900756836,0.069,9.600000000000001
5113,0.0006144046783447266,0.069,8.8
5114,0.001688241958618164,0.069,8.0
5115,0.0007281303405761719,0.069,7.6000000000000005
5116,0.0016326904296875,0.069,6.800000000000001
5117,0.0008258819580078125,0.069,6.0
5118,0.0017790794372558594,0.069,5.6000000000000005
5119,0.0007684230804443359,0.069,4.800000000000001
5120,0.0015418529510498047,0.069,4.4
5121,0.001565694808959961,0.069,4.0
5122,0.0006449222564697266,0.069,3.2
5123,0.0019783973693847656,0.069,2.8000000000000003
5124,0.0008053779602050781,0.069,2.4000000000000004
5125,0.0018596649169921875,0.069,2.0
5126,0.0007138252258300781,0.069,2.0
5127,0.0015459060668945312,0.069,1.6
5128,0.0006313323974609375,0.069,1.6
5129,0.0017616748809814453,0.069,1.2000000000000002
5130,0.0017423629760742188,0.069,1.2000000000000002
5131,0.0024690628051757812,0.069,1.2000000000000002
5132,0.0016019344329833984,0.069,1.2000000000000002
5133,0.0005881786346435547,0.069,1.6
5134,0.002043485641479492,0.069,1.6
5135,0.0007295608520507812,0.069,2.0
5136,0.0013499259948730469,0.069,2.4000000000000004
5137,0.001619100570678711,0.069,2.4000000000000004
5138,0.002334117889404297,0.069,2.8000000000000003
5139,0.0015208721160888672,0.069,3.2
5140,0.0005977153778076172,0.069,4.0
5141,0.0017168521881103516,0.069,4.4
5142,0.0007526874542236328,0.069,4.800000000000001
5143,0.0018839836120605469,0.069,5.6000000000000005
5144,0.000606536865234375,0.069,6.0
5145,0.0018155574798583984,0.069,6.4
5146,0.0006127357482910156,0.069,7.2
5147,0.001749277114868164,0.069,8.0
5148,0.001463174819946289,0.069,8.4
5149,0.0007765293121337891,0.069,9.200000000000001
5150,0.0018696784973144531,0.069,9.600000000000001
5151,0.0014717578887939453,0.069,10.4
5152,0.0015501976013183594,0.069,10.8
5153,0.001527547836303711,0.069,11.200000000000001
5154,0.0019032955169677734,0.069,12.0
5155,0.0018317699432373047,0.069,12.4
5156,0.0014417171478271484,0.069,12.8
5157,0.0014960765838623047,0.069,13.200000000000001
5158,0.0014939308166503906,0.069,13.600000000000001
5159,0.0014939308166503906,0.069,13.600000000000001
5160,0.0017099380493164062,0.069,14.0
5161,0.0008172988891601562,0.069,14.4
5162,0.0015964508056640625,0.069,14.4
5163,0.0006024837493896484,0.069,14.8
5164,0.0017545223236083984,0.069,14.8
5165,0.0006854534149169922,0.069,14.8
5166,0.0016682147979736328,0.069,14.8
5167,0.0006253719329833984,0.069,14.8
5168,0.0017368793487548828,0.069,14.8
5169,0.0005829334259033203,0.069,14.8
5170,0.0017879009246826172,0.069,14.4
5171,0.0008788108825683594,0.069,14.4
5172,0.0016872882843017578,0.069,14.0
5173,0.0008091926574707031,0.069,13.600000000000001
5174,0.0015778541564941406,0.069,13.200000000000001
5175,0.0008149147033691406,0.069,12.8
5176,0.0016872882843017578,0.069,12.4
5177,0.0015408992767333984,0.069,12.0
5178,0.0015807151794433594,0.069,11.600000000000001
5179,0.0007178783416748047,0.069,10.8
5180,0.0016090869903564453,0.069,10.4
5181,0.0005619525909423828,0.069,9.600000000000001
5182,0.00152587890625,0.069,9.200000000000001
5183,0.0007476806640625,0.069,8.4
5184,0.0015707015991210938,0.069,8.0
5185,0.0016040802001953125,0.069,7.6000000000000005
5186,0.0014345645904541016,0.069,6.800000000000001
5187,0.001661062240600586,0.069,6.4
5188,0.0015633106231689453,0.069,5.6000000000000005
5189,0.0006799697875976562,0.069,5.2
5190,0.001821279525756836,0.069,4.800000000000001
5191,0.0006835460662841797,0.069,4.4
5192,0.0020503997802734375,0.069,4.0
5193,0.000774383544921875,0.069,3.6
5194,0.0016031265258789062,0.069,3.2
5195,0.0006909370422363281,0.069,2.8000000000000003
5196,0.00145721435546875,0.069,2.4000000000000004
5197,0.0014662742614746094,0.069,2.4000000000000004
5198,0.0007512569427490234,0.069,2.4000000000000004
5199,0.0020821094512939453,0.069,2.0
5200,0.0015926361083984375,0.069,2.0
5201,0.0008223056793212891,0.069,2.0
5202,0.0016543865203857422,0.069,2.0
5203,0.0008304119110107422,0.069,2.4000000000000004
5204,0.0016777515411376953,0.069,2.4000000000000004
5205,0.0014834403991699219,0.069,2.4000000000000004
5206,0.0014464855194091797,0.069,2.8000000000000003
5207,0.0015430450439453125,0.069,3.2
5208,0.0008060932159423828,0.069,3.6
5209,0.0018990039825439453,0.069,3.6
5210,0.0006928443908691406,0.069,4.0
5211,0.0015845298767089844,0.069,4.4
5212,0.0006246566772460938,0.069,5.2
5213,0.0019559860229492188,0.069,5.6000000000000005
5214,0.0006849765777587891,0.069,6.0
5215,0.0017712116241455078,0.069,6.4
5216,0.0007529258728027344,0.069,7.2
5217,0.0018968582153320312,0.069,7.6000000000000005
5218,0.0007255077362060547,0.069,8.0
5219,0.0017781257629394531,0.069,8.8
5220,0.0006253719329833984,0.069,9.200000000000001
5221,0.0015225410461425781,0.069,10.0
5222,0.0006649494171142578,0.069,10.4
5223,0.0016629695892333984,0.069,10.8
5224,0.0007355213165283203,0.069,11.200000000000001
5225,0.0017273426055908203,0.069,11.600000000000001
5226,0.0015559196472167969,0.069,12.0
5227,0.0015654563903808594,0.069,12.4
5228,0.0009560585021972656,0.069,12.8
5229,0.0021097660064697266,0.067,13.200000000000001
5230,0.0004982948303222656,0.067,13.600000000000001
5231,0.0026497840881347656,0.067,13.600000000000001
5232,0.0007598400115966797,0.067,14.0
5233,0.0018019676208496094,0.067,14.0
5234,0.001506805419921875,0.067,14.0
5235,0.0015473365783691406,0.067,14.0
5236,0.000720977783203125,0.067,14.0
5237,0.0022003650665283203,0.065,14.0
5238,0.0006837844848632812,0.065,14.0
5239,0.0017592906951904297,0.065,13.600000000000001
5240,0.0008494853973388672,0.065,13.600000000000001
5241,0.0017063617706298828,0.065,13.200000000000001
5242,0.0006794929504394531,0.065,13.200000000000001
5243,0.0016427040100097656,0.065,12.8
5244,0.0009174346923828125,0.065,12.4
5245,0.0015652179718017578,0.063,12.0
5246,0.0007426738739013672,0.063,11.600000000000001
5247,0.0020520687103271484,0.063,11.200000000000001
5248,0.0008082389831542969,0.063,10.4
5249,0.0017287731170654297,0.063,10.0
5250,0.0006780624389648438,0.063,9.600000000000001
5251,0.0016751289367675781,0.063,9.200000000000001
5252,0.0016393661499023438,0.063,8.4
5253,0.0006587505340576172,0.063,8.0
5254,0.0016071796417236328,0.063,7.6000000000000005
5255,0.0007946491241455078,0.063,6.800000000000001
5256,0.0017380714416503906,0.063,6.4
5257,0.0006175041198730469,0.063,5.6000000000000005
5258,0.0017185211181640625,0.063,5.2
5259,0.0016715526580810547,0.063,4.800000000000001
5260,0.0015530586242675781,0.063,4.4
5261,0.0015673637390136719,0.063,4.0
5262,0.0006833076477050781,0.06,3.6
5263,0.0013353824615478516,0.06,3.2
5264,0.0005142688751220703,0.058,2.8000000000000003
5265,0.0022644996643066406,0.058,2.4000000000000004
5266,0.0006780624389648438,0.056,2.0
5267,0.000560760498046875,0.056,2.0
5268,0.002379894256591797,0.056,1.6
5269,0.0009944438934326172,0.054,1.6
5270,0.001190185546875,0.054,1.6
5271,0.0011227130889892578,0.054,1.6
5272,0.0018467903137207031,0.054,1.2000000000000002
5273,0.0007987022399902344,0.054,1.2000000000000002
5274,0.0016493797302246094,0.054,1.6
5275,0.0007462501525878906,0.054,1.6
5276,0.0016946792602539062,0.054,1.6
5277,0.0006573200225830078,0.054,2.0
5278,0.0015101432800292969,0.054,2.0
5279,0.0005745887756347656,0.054,2.4000000000000004
5280,0.0016360282897949219,0.054,2.4000000000000004
5281,0.0006136894226074219,0.054,2.8000000000000003
5282,0.0019481182098388672,0.054,3.2
5283,0.0015957355499267578,0.054,3.6
5284,0.0015566349029541016,0.054,3.6
5285,0.0007557868957519531,0.054,4.0
5286,0.0017955303192138672,0.054,4.4
5287,0.0007262229919433594,0.054,4.800000000000001
5288,0.0018017292022705078,0.054,5.2
5289,0.0018587112426757812,0.054,5.6000000000000005
5290,0.0014219284057617188,0.054,6.0
5291,0.0007083415985107422,0.054,6.4
5292,0.0016331672668457031,0.054,6.800000000000001
5293,0.0005893707275390625,0.054,7.2
5294,0.0015676021575927734,0.054,7.6000000000000005
5295,0.0018110275268554688,0.054,8.0
5296,0.0004975795745849609,0.052,8.4
5297,0.0009098052978515625,0.052,8.4
5298,0.0023643970489501953,0.05,8.8
5299,0.0013873577117919922,0.05,9.200000000000001
5300,0.0006670951843261719,0.047,9.200000000000001
5301,0.0020651817321777344,0.047,9.600000000000001
5302,0.000885009765625,0.047,9.600000000000001
5303,0.0010139942169189453,0.045,10.0
5304,0.0007352828979492188,0.045,10.0
5305,0.0019271373748779297,0.045,10.0
5306,0.0016446113586425781,0.045,10.0
5307,0.0007979869842529297,0.045,10.0
5308,0.0018024444580078125,0.045,10.0
5309,0.0015444755554199219,0.045,10.0
5310,0.0015645027160644531,0.045,9.600000000000001
5311,0.0009186267852783203,0.045,9.600000000000001
5312,0.00182342529296875,0.045,9.200000000000001
5313,0.00182342529296875,0.045,9.200000000000001
5314,0.001577615737915039,0.045,9.200000000000001
5315,0.001435995101928711,0.045,8.8
5316,0.0007987022399902344,0.045,8.4
5317,0.0017211437225341797,0.045,8.0
5318,0.0007455348968505859,0.045,8.0
5319,0.0019156932830810547,0.045,7.6000000000000005
5320,0.0007565021514892578,0.045,7.2
5321,0.0019829273223876953,0.045,6.800000000000001
5322,0.0015947818756103516,0.045,6.4
5323,0.0008118152618408203,0.045,6.0
5324,0.0015285015106201172,0.045,5.2
5325,0.0007226467132568359,0.045,4.800000000000001
5326,0.0016183853149414062,0.045,4.4
5327,0.0007295608520507812,0.045,4.0
5328,0.0015375614166259766,0.045,3.6
5329,0.0016489028930664062,0.045,3.2
5330,0.00078582763671875,0.045,2.8000000000000003
5331,0.0015969276428222656,0.045,2.4000000000000004
5332,0.001558065414428711,0.045,2.0
5333,0.000705718994140625,0.045,1.6
5334,0.0016198158264160156,0.045,1.6
5335,0.0008339881896972656,0.045,1.2000000000000002
5336,0.0016601085662841797,0.045,0.8
5337,0.00087738037109375,0.045,0.8
5338,0.0015871524810791016,0.045,0.4
5339,0.0005788803100585938,0.045,0.4
5340,0.0018341541290283203,0.045,0.0
5341,0.0008060932159423828,0.045,0.0
5342,0.0008959770202636719,0.045,0.0
5343,0.0009665489196777344,0.045,0.0
5344,0.0016558170318603516,0.045,0.0
5345,0.0022678375244140625,0.045,0.0
5346,0.0004985332489013672,0.043,0.4
5347,0.0023491382598876953,0.043,0.4
5348,0.0011408329010009766,0.043,0.4
5349,0.0021049976348876953,0.043,0.8
5350,0.0008130073547363281,0.043,1.2000000000000002
5351,0.0017604827880859375,0.043,1.2000000000000002
5352,0.0015988349914550781,0.043,1.6
5353,0.0005486011505126953,0.043,2.0
5354,0.00193023681640625,0.043,2.4000000000000004
5355,0.0014154911041259766,0.043,2.8000000000000003
5356,0.0005199909210205078,0.041,2.8000000000000003
5357,0.0005612373352050781,0.041,3.2
5358,0.002088785171508789,0.041,3.6
5359,0.0012886524200439453,0.039,4.0
5360,0.0005753040313720703,0.039,4.4
5361,0.0005030632019042969,0.037,4.800000000000001
5362,0.0019192695617675781,0.037,5.2
5363,0.0010063648223876953,0.037,5.6000000000000005
5364,0.001535654067993164,0.037,6.0
5365,0.0007588863372802734,0.037,6.4
5366,0.0015909671783447266,0.037,6.4
5367,0.0008754730224609375,0.037,6.800000000000001
5368,0.0013430118560791016,0.034,7.2
5369,0.0005950927734375,0.034,7.2
5370,0.001960277557373047,0.034,7.6000000000000005
5371,0.0013701915740966797,0.034,7.6000000000000005
5372,0.0013947486877441406,0.032,8.0
5373,0.0007853507995605469,0.032,8.0
5374,0.0019268989562988281,0.032,8.0
5375,0.0009043216705322266,0.032,8.0
5376,0.002115011215209961,0.032,8.0
5377,0.0007243156433105469,0.032,8.0
5378,0.0018069744110107422,0.032,7.6000000000000005
5379,0.0015146732330322266,0.032,7.6000000000000005
5380,0.0007030963897705078,0.032,7.2
5381,0.001544952392578125,0.032,7.2
5382,0.0006415843963623047,0.032,6.800000000000001
5383,0.0017387866973876953,0.032,6.4
5384,0.0003101825714111328,0.032,6.0
5385,0.0006878376007080078,0.032,6.0
5386,0.0005524158477783203,0.032,5.6000000000000005
5387,0.002111196517944336,0.032,5.2
5388,0.0010097026824951172,0.032,4.4
5389,0.0018286705017089844,0.032,4.0
5390,0.001642465591430664,0.032,3.6
5391,0.001756429672241211,0.032,3.2
5392,0.0015704631805419922,0.032,2.8000000000000003
5393,0.0017426013946533203,0.032,2.4000000000000004
5394,0.0015490055084228516,0.032,2.0
5395,0.0007848739624023438,0.032,1.2000000000000002
5396,0.001653432846069336,0.032,0.8
5397,0.0008497238159179688,0.032,0.4
5398,0.0015988349914550781,0.032,0.0
5399,0.0008568763732910156,0.032,-0.4
5400,0.00160980224609375,0.032,-0.8
5401,0.0015823841094970703,0.032,-1.2000000000000002
5402,0.001047372817993164,0.03,-1.2000000000000002
5403,0.0003781318664550781,0.028,-1.6
5404,0.00185394287109375,0.028,-2.0
5405,0.001600503921508789,0.028,-2.0
5406,0.0009996891021728516,0.028,-2.0
5407,0.0016639232635498047,0.028,-2.4000000000000004
5408,0.0019237995147705078,0.028,-2.4000000000000004
5409,0.00054168701171875,0.026,-2.4000000000000004
5410,0.0006561279296875,0.024,-2.4000000000000004
5411,0.0012202262878417969,0.024,-2.4000000000000004
5412,0.0010399818420410156,0.022,-2.4000000000000004
5413,0.0003998279571533203,0.019,-2.0
5414,0.0006792545318603516,0.019,-2.0
5415,0.001171112060546875,0.019,-2.0
5416,0.0007612705230712891,0.019,-1.6
5417,0.0015902519226074219,0.019,-1.6
5418,0.0006775856018066406,0.019,-1.2000000000000002
5419,0.001970529556274414,0.019,-0.8
5420,0.000743865966796875,0.019,-0.8
5421,0.0016901493072509766,0.019,-0.4
5422,0.0007023811340332031,0.019,0.0
5423,0.001703500747680664,0.019,0.4
5424,0.0006425380706787109,0.019,0.8
5425,0.0015413761138916016,0.019,0.8
5426,0.0016512870788574219,0.019,1.2000000000000002
5427,0.0006308555603027344,0.019,1.6
5428,0.0018587112426757812,0.019,2.0
5429,0.0014843940734863281,0.019,2.4000000000000004
5430,0.0006418228149414062,0.019,2.4000000000000004
5431,0.001590728759765625,0.019,2.8000000000000003
5432,0.000766754150390625,0.017,3.2
5433,0.0007736682891845703,0.017,3.6
5434,0.0004756450653076172,0.017,3.6
5435,0.0024116039276123047,0.017,4.0
5436,0.0016913414001464844,0.017,4.0
5437,0.0010614395141601562,0.017,4.4
5438,0.0003209114074707031,0.013,4.4
5439,0.0003209114074707031,0.013,4.4
5440,0.0007529258728027344,0.013,4.4
5441,0.0009012222290039062,0.013,4.800000000000001
5442,0.0007338523864746094,0.013,4.800000000000001
5443,0.001569509506225586,0.013,4.800000000000001
5444,0.0006403923034667969,0.013,4.800000000000001
5445,0.0015723705291748047,0.013,4.800000000000001
5446,0.0007178783416748047,0.013,4.4
5447,0.0015299320220947266,0.013,4.4
5448,0.0015251636505126953,0.013,4.4
5449,0.0006635189056396484,0.013,4.0
5450,0.001644134521484375,0.013,4.0
5451,0.0006868839263916016,0.013,3.6
5452,0.0016808509826660156,0.013,3.2
5453,0.0007266998291015625,0.013,2.8000000000000003
5454,0.001603841781616211,0.013,2.8000000000000003
5455,0.0008683204650878906,0.013,2.4000000000000004
5456,0.001979827880859375,0.013,2.0
5457,0.0007259845733642578,0.013,1.6
5458,0.0018231868743896484,0.013,1.2000000000000002
5459,0.0007200241088867188,0.013,0.8
5460,0.0016279220581054688,0.013,0.4
5461,0.0015268325805664062,0.013,0.0
5462,0.0006928443908691406,0.013,-0.4
5463,0.0015103816986083984,0.013,-0.8
5464,0.0008096694946289062,0.013,-1.2000000000000002
5465,0.0020933151245117188,0.013,-1.6
5466,0.0008976459503173828,0.013,-2.0
5467,0.0015869140625,0.013,-2.4000000000000004
5468,0.0007205009460449219,0.013,-2.4000000000000004
5469,0.0006070137023925781,0.013,-2.8000000000000003
5470,0.00154876708984375,0.013,-3.2
5471,0.0016505718231201172,0.013,-3.2
5472,0.0015707015991210938,0.013,-3.6
5473,0.0007526874542236328,0.013,-3.6
5474,0.001497507095336914,0.013,-4.0
5475,0.0006749629974365234,0.013,-4.0
5476,0.001844644546508789,0.013,-4.0
5477,0.0016868114471435547,0.013,-4.0
5478,0.0013644695281982422,0.013,-4.4
5479,0.0014753341674804688,0.013,-4.0
5480,0.0011839866638183594,0.013,-4.0
5481,0.000530242919921875,0.011,-4.0
5482,0.0005054473876953125,0.011,-4.0
5483,0.0019998550415039062,0.009,-3.6
5484,0.0005350112915039062,0.009,-3.6
5485,0.0009319782257080078,0.009,-3.2
5486,0.0015833377838134766,0.009,-3.2
5487,0.0012366771697998047,0.009,-2.8000000000000003
5488,0.0006465911865234375,0.006,-2.4000000000000004
5489,0.0011153221130371094,0.006,-2.4000000000000004
5490,0.0007421970367431641,0.006,-2.0
5491,0.0017445087432861328,0.006,-1.6
5492,0.0015909671783447266,0.006,-1.2000000000000002
5493,0.0015606880187988281,0.006,-0.8
5494,0.000743865966796875,0.006,-0.4
5495,0.0016872882843017578,0.006,0.0
5496,0.0015802383422851562,0.006,0.4
5497,0.0007584095001220703,0.006,0.8
5498,0.0019631385803222656,0.006,1.2000000000000002
5499,0.0007407665252685547,0.006,1.6
5500,0.0017802715301513672,0.006,1.6
5501,0.0014796257019042969,0.006,2.0
5502,0.0015292167663574219,0.006,2.4000000000000004
5503,0.0012898445129394531,0.004,2.8000000000000003
5504,0.001338958740234375,0.004,2.8000000000000003
5505,0.002352476119995117,0.004,3.2
5506,0.0008065700531005859,0.002,3.6
5507,0.0010755062103271484,0.002,3.6
5508,0.0016148090362548828,0.002,3.6
5509,0.0008358955383300781,0.002,4.0
5510,0.0023822784423828125,0.002,4.0
5511,0.0007212162017822266,0.002,4.0
5512,0.0015790462493896484,0.002,4.0
5513,0.0007395744323730469,0.002,4.0
5514,0.0016126632690429688,0.002,4.0
5515,0.0006532669067382812,0.002,4.0
5516,0.0017163753509521484,0.002,4.0
5517,0.0004923343658447266,0.0,3.6
5518,0.00244140625,0.0,3.6
5519,0.0010154247283935547,0.0,3.6
5520,0.001705169677734375,0.0,3.2
5521,0.0020494461059570312,0.0,2.8000000000000003
5522,0.0007655620574951172,0.0,2.8000000000000003
5523,0.0016837120056152344,0.0,2.4000000000000004
5524,0.0017096996307373047,0.0,2.0
5525,0.0014462471008300781,0.0,2.0
5526,0.0015208721160888672,0.0,1.6
5527,0.0015778541564941406,0.0,1.2000000000000002
5528,0.000946044921875,0.0,0.8
5529,0.001720428466796875,0.0,0.4
5530,0.0008714199066162109,0.0,0.0
5531,0.001542806625366211,0.0,-0.4
5532,0.0015342235565185547,0.0,-0.8
5533,0.0006840229034423828,0.0,-0.8
5534,0.0018603801727294922,0.0,-1.2000000000000002
5535,0.0007848739624023438,0.0,-1.6
5536,0.0015707015991210938,0.0,-2.0
5537,0.0007627010345458984,0.0,-2.4000000000000004
5538,0.0005629062652587891,0.0,-2.4000000000000004
5539,0.0016276836395263672,0.0,-2.8000000000000003
5540,0.0007200241088867188,0.0,-2.8000000000000003
5541,0.0017631053924560547,0.0,-3.2
5542,0.0016837120056152344,0.0,-3.2
5543,0.0007176399230957031,0.0,-3.6
5544,0.0015783309936523438,0.0,-3.6
5545,0.0006897449493408203,0.0,-3.6
5546,0.001790761947631836,0.0,-3.6
5547,0.0007340908050537109,0.0,-4.0
5548,0.0017824172973632812,0.0,-4.0
5549,0.0007450580596923828,0.0,-3.6
5550,0.0005483627319335938,0.0,-3.6
5551,0.0015864372253417969,0.0,-3.6
5552,0.0013041496276855469,0.0,-3.6
5553,0.0023577213287353516,0.0,-3.2
5554,0.002301931381225586,0.0,-3.2
5555,0.000812530517578125,0.0,-2.8000000000000003
5556,0.0016968250274658203,0.0,-2.8000000000000003
5557,0.0018606185913085938,0.0,-2.4000000000000004
5558,0.0007543563842773438,0.0,-2.0
5559,0.0016460418701171875,0.0,-2.0
5560,0.0010037422180175781,0.0,-1.6
5561,0.002124309539794922,0.0,-1.2000000000000002
5562,0.0020923614501953125,0.0,-0.8
5563,0.0030517578125,0.0,-0.8
5564,0.002964496612548828,0.0,-0.4
5565,0.0021677017211914062,0.0,0.0
5566,0.0010688304901123047,0.0,0.4
5567,0.0015840530395507812,0.0,0.8
5568,0.0008552074432373047,0.0,1.2000000000000002
5569,0.0008518695831298828,0.0,1.2000000000000002
5570,0.0029883384704589844,0.0,1.6
5571,0.0005373954772949219,0.0,2.0
5572,0.0018839836120605469,0.0,2.0
5573,0.001984834671020508,0.0,2.4000000000000004
5574,0.0009748935699462891,0.0,2.8000000000000003
5575,0.0008752346038818359,0.0,2.8000000000000003
5576,0.0007250308990478516,0.0,3.2
5577,0.0022885799407958984,0.0,3.2
5578,0.0008852481842041016,0.0,3.2
5579,0.0016222000122070312,0.0,3.6
5580,0.001985788345336914,0.0,3.6
5581,0.0009593963623046875,0.0,3.6
5582,0.0005364418029785156,0.0,3.6
5583,0.0015799999237060547,0.0,3.6
5584,0.0019426345825195312,0.0,3.6
5585,0.00079345703125,0.0,3.6
5586,0.0010218620300292969,0.0,3.2
5587,0.0004885196685791016,0.0,3.2
5588,0.0014820098876953125,0.0,3.2
5589,0.0017788410186767578,0.0,2.8000000000000003
5590,0.001664876937866211,0.0,2.8000000000000003
5591,0.0016911029815673828,0.0,2.4000000000000004
5592,0.0007450580596923828,0.0,2.4000000000000004
5593,0.0015468597412109375,0.0,2.0
5594,0.0006697177886962891,0.0,1.6
5595,0.0015728473663330078,0.0,1.6
5596,0.0015666484832763672,0.0,1.2000000000000002
5597,0.0007448196411132812,0.0,0.8
5598,0.0016336441040039062,0.0,0.4
5599,0.0014650821685791016,0.0,0.4
5600,0.0015065670013427734,0.0,0.0
5601,0.0016019344329833984,0.0,-0.4
5602,0.0009062290191650391,0.0,-0.8
5603,0.0016100406646728516,0.0,-0.8
5604,0.0016074180603027344,0.0,-1.2000000000000002
5605,0.0011358261108398438,0.0,-1.6
5606,0.0006101131439208984,0.0,-2.0
5607,0.0016047954559326172,0.0,-2.0
5608,0.0006988048553466797,0.0,-2.4000000000000004
5609,0.002499818801879883,0.0,-2.4000000000000004
5610,0.0006856918334960938,0.0,-2.8000000000000003
5611,0.0016617774963378906,0.0,-2.8000000000000003
5612,0.0016617774963378906,0.0,-2.8000000000000003
5613,0.001550436019897461,0.0,-2.8000000000000003
5614,0.0006353855133056641,0.0,-3.2
5615,0.002027273178100586,0.0,-3.2
5616,0.001598358154296875,0.0,-3.2
5617,0.0007224082946777344,0.0,-3.2
5618,0.0018172264099121094,0.0,-3.2
5619,0.0007729530334472656,0.0,-3.2
5620,0.0017139911651611328,0.0,-3.2
5621,0.0008072853088378906,0.0,-3.2
5622,0.0016028881072998047,0.0,-3.2
5623,0.0007452964782714844,0.0,-2.8000000000000003
5624,0.0017497539520263672,0.0,-2.8000000000000003
5625,0.0006840229034423828,0.0,-2.8000000000000003
5626,0.0019221305847167969,0.0,-2.4000000000000004
5627,0.0006234645843505859,0.0,-2.4000000000000004
5628,0.0018138885498046875,0.0,-2.0
5629,0.0014736652374267578,0.0,-2.0
5630,0.0006716251373291016,0.0,-1.6
5631,0.001802206039428711,0.0,-1.2000000000000002
5632,0.0020444393157958984,0.0,-1.2000000000000002
5633,0.0016295909881591797,0.0,-0.8
5634,0.000732421875,0.0,-0.4
5635,0.0018515586853027344,0.0,0.0
5636,0.0007643699645996094,0.0,0.0
5637,0.001935720443725586,0.0,0.4
5638,0.0016012191772460938,0.0,0.8
5639,0.0007939338684082031,0.0,0.8
5640,0.0015201568603515625,0.0,1.2000000000000002
5641,0.0007531642913818359,0.0,1.6
5642,0.0018684864044189453,0.0,1.6
5643,0.0007359981536865234,0.0,2.0
5644,0.0015685558319091797,0.0,2.4000000000000004
5645,0.0007097721099853516,0.0,2.4000000000000004
5646,0.0015568733215332031,0.0,2.4000000000000004
5647,0.0007541179656982422,0.0,2.8000000000000003
5648,0.0017597675323486328,0.0,2.8000000000000003
5649,0.0014688968658447266,0.0,2.8000000000000003
5650,0.001386880874633789,0.0,3.2
5651,0.0014710426330566406,0.0,3.2
5652,0.0014979839324951172,0.0,3.2
5653,0.0015478134155273438,0.0,3.2
5654,0.001506805419921875,0.0,3.2
5655,0.0015056133270263672,0.0,3.2
5656,0.0008368492126464844,0.0,3.2
5657,0.0016186237335205078,0.0,2.8000000000000003
5658,0.0007729530334472656,0.0,2.8000000000000003
5659,0.0020148754119873047,0.0,2.8000000000000003
5660,0.0014989376068115234,0.0,2.4000000000000004
5661,0.0015692710876464844,0.0,2.4000000000000004
5662,0.0007412433624267578,0.0,2.0
5663,0.0019936561584472656,0.0,2.0
5664,0.0007545948028564453,0.0,1.6
5665,0.0015978813171386719,0.0,1.6
5666,0.0007050037384033203,0.0,1.2000000000000002
5667,0.0014998912811279297,0.0,0.8
5668,0.0007200241088867188,0.0,0.8
5669,0.0016753673553466797,0.0,0.4
5670,0.0007960796356201172,0.0,0.0
5671,0.001986980438232422,0.0,0.0
5672,0.000701904296875,0.0,-0.4
5673,0.001531839370727539,0.0,-0.8
5674,0.0007302761077880859,0.0,-0.8
5675,0.0016341209411621094,0.0,-1.2000000000000002
5676,0.0007560253143310547,0.0,-1.6
5677,0.0016295909881591797,0.0,-1.6
5678,0.000728607177734375,0.0,-2.0
5679,0.001665353775024414,0.0,-2.0
5680,0.001584768295288086,0.0,-2.4000000000000004
5681,0.0005984306335449219,0.0,-2.4000000000000004
5682,0.0021293163299560547,0.0,-2.4000000000000004
5683,0.0016050338745117188,0.0,-2.8000000000000003
5684,0.0006968975067138672,0.0,-2.8000000000000003
5685,0.001850128173828125,0.0,-2.8000000000000003
5686,0.0016477108001708984,0.0,-2.8000000000000003
5687,0.0007345676422119141,0.0,-2.8000000000000003
5688,0.0015673637390136719,0.0,-2.8000000000000003
5689,0.0007457733154296875,0.0,-2.8000000000000003
5690,0.0016613006591796875,0.0,-2.8000000000000003
5691,0.0016219615936279297,0.0,-2.8000000000000003
5692,0.0015377998352050781,0.0,-2.8000000000000003
5693,0.0015599727630615234,0.0,-2.4000000000000004
5694,0.0015268325805664062,0.0,-2.4000000000000004
5695,0.0006153583526611328,0.0,-2.4000000000000004
5696,0.001940011978149414,0.0,-2.0
5697,0.0014998912811279297,0.0,-2.0
5698,0.0015573501586914062,0.0,-1.6
5699,0.0015366077423095703,0.0,-1.6
5700,0.001554727554321289,0.0,-1.2000000000000002
5701,0.0014371871948242188,0.0,-1.2000000000000002
5702,0.0007216930389404297,0.0,-0.8
5703,0.0018661022186279297,0.0,-0.4
5704,0.0007739067077636719,0.0,0.0
5705,0.0019083023071289062,0.0,0.4
5706,0.0007469654083251953,0.0,0.4
5707,0.001968860626220703,0.0,0.8
5708,0.0016586780548095703,0.0,0.8
5709,0.001516580581665039,0.0,1.2000000000000002
5710,0.0016291141510009766,0.0,1.6
5711,0.001726388931274414,0.0,1.6
5712,0.0015227794647216797,0.0,1.6
5713,0.0015306472778320312,0.0,2.0
5714,0.0016012191772460938,0.0,2.0
5715,0.0014662742614746094,0.0,2.4000000000000004
5716,0.001628875732421875,0.0,2.4000000000000004
5717,0.001459360122680664,0.0,2.4000000000000004
5718,0.0007579326629638672,0.0,2.4000000000000004
5719,0.0015442371368408203,0.0,2.8000000000000003
5720,0.0007874965667724609,0.0,2.8000000000000003
5721,0.0016329288482666016,0.0,2.8000000000000003
5722,0.0007297992706298828,0.0,2.8000000000000003
5723,0.0015976428985595703,0.0,2.8000000000000003
5724,0.0007312297821044922,0.0,2.8000000000000003
5725,0.0019490718841552734,0.0,2.4000000000000004
5726,0.0007929801940917969,0.0,2.4000000000000004
5727,0.0016326904296875,0.0,2.4000000000000004
5728,0.000698089599609375,0.0,2.4000000000000004
5729,0.001538991928100586,0.0,2.0
5730,0.0007343292236328125,0.0,2.0
5731,0.002020120620727539,0.0,1.6
5732,0.0016908645629882812,0.0,1.6
5733,0.0007243156433105469,0.0,1.2000000000000002
5734,0.0015499591827392578,0.0,1.2000000000000002
5735,0.0015139579772949219,0.0,0.8
5736,0.0006704330444335938,0.0,0.8
5737,0.001581430435180664,0.0,0.4
5738,0.0007359981536865234,0.0,0.4
5739,0.0016765594482421875,0.0,0.0
5740,0.0007457733154296875,0.0,-0.4
5741,0.0015637874603271484,0.0,-0.4
5742,0.0018231868743896484,0.0,-0.8
5743,0.0005934238433837891,0.0,-0.8
5744,0.0015978813171386719,0.0,-1.2000000000000002
5745,0.0016405582427978516,0.0,-1.2000000000000002
5746,0.0014638900756835938,0.0,-1.6
5747,0.0014293193817138672,0.0,-1.6
5748,0.0008299350738525391,0.0,-1.6
5749,0.0016431808471679688,0.0,-2.0
5750,0.0015254020690917969,0.0,-2.0
5751,0.0015728473663330078,0.0,-2.0
5752,0.0015778541564941406,0.0,-2.4000000000000004
5753,0.0019288063049316406,0.0,-2.4000000000000004
5754,0.0015316009521484375,0.0,-2.4000000000000004
5755,0.0016562938690185547,0.0,-2.4000000000000004
5756,0.0007879734039306641,0.0,-2.4000000000000004
5757,0.0015342235565185547,0.0,-2.4000000000000004
5758,0.0015342235565185547,0.0,-2.4000000000000004
5759,0.0018084049224853516,0.0,-2.4000000000000004
5760,0.0007488727569580078,0.0,-2.4000000000000004
5761,0.001977682113647461,0.0,-2.4000000000000004
5762,0.00162506103515625,0.0,-2.0
5763,0.0007386207580566406,0.0,-2.0
5764,0.0016427040100097656,0.0,-2.0
5765,0.0017714500427246094,0.0,-1.6
5766,0.0006580352783203125,0.0,-1.6
5767,0.0015044212341308594,0.0,-1.6
5768,0.0017442703247070312,0.0,-1.2000000000000002
5769,0.0005962848663330078,0.0,-1.2000000000000002
5770,0.0019214153289794922,0.0,-0.8
5771,0.0007069110870361328,0.0,-0.8
5772,0.0017695426940917969,0.0,-0.4
5773,0.00080108642578125,0.0,-0.4
5774,0.001726388931274414,0.0,0.0
5775,0.000782012939453125,0.0,0.0
5776,0.0015764236450195312,0.0,0.4
5777,0.0006363391876220703,0.0,0.4
5778,0.001519918441772461,0.0,0.8
5779,0.0005891323089599609,0.0,0.8
5780,0.00222015380859375,0.0,1.2000000000000002
5781,0.0005817413330078125,0.0,1.2000000000000002
5782,0.0017137527465820312,0.0,1.6
5783,0.0007145404815673828,0.0,1.6
5784,0.001983165740966797,0.0,1.6
5785,0.0007243156433105469,0.0,2.0
5786,0.0015609264373779297,0.0,2.0
5787,0.0005826950073242188,0.0,2.0
5788,0.0022842884063720703,0.0,2.0
5789,0.001154184341430664,0.0,2.0
5790,0.0010082721710205078,0.0,2.4000000000000004
5791,0.0017390251159667969,0.0,2.4000000000000004
5792,0.0008182525634765625,0.0,2.4000000000000004
5793,0.0015304088592529297,0.0,2.4000000000000004
5794,0.0005357265472412109,0.0,2.0
5795,0.00029587745666503906,0.0,2.0
5796,0.0006031990051269531,0.0,2.0
5797,0.0019884109497070312,0.0,2.0
5798,0.0007169246673583984,0.0,2.0
5799,0.0017192363739013672,0.0,1.6
5800,0.0006518363952636719,0.0,1.6
5801,0.0015039443969726562,0.0,1.6
5802,0.0016160011291503906,0.0,1.2000000000000002
5803,0.0017261505126953125,0.0,1.2000000000000002
5804,0.0016162395477294922,0.0,1.2000000000000002
5805,0.0014696121215820312,0.0,0.8
5806,0.001567840576171875,0.0,0.8
5807,0.0008978843688964844,0.0,0.4
5808,0.0016460418701171875,0.0,0.4
5809,0.0016751289367675781,0.0,0.0
5810,0.0011713504791259766,0.0,0.0
5811,0.0019001960754394531,0.0,-0.4
5812,0.0016372203826904297,0.0,-0.4
5813,0.0015742778778076172,0.0,-0.8
5814,0.0016064643859863281,0.0,-0.8
5815,0.0015287399291992188,0.0,-0.8
5816,0.0025014877319335938,0.0,-1.2000000000000002
5817,0.0012595653533935547,0.0,-1.2000000000000002
5818,0.0016579627990722656,0.0,-1.6
5819,0.002099752426147461,0.0,-1.6
5820,0.0008587837219238281,0.0,-1.6
5821,0.0009214878082275391,0.0,-1.6
5822,0.0005164146423339844,0.0,-2.0
5823,0.0002999305725097656,0.0,-2.0
5824,0.0004763603210449219,0.0,-2.0
5825,0.0005209445953369141,0.0,-2.0
5826,0.0004723072052001953,0.0,-2.0
5827,0.0009052753448486328,0.0,-2.0
5828,0.00048351287841796875,0.0,-2.0
5829,0.001988649368286133,0.0,-2.0
5830,0.0007288455963134766,0.0,-2.0
5831,0.0012471675872802734,0.0,-1.6
5832,0.0005137920379638672,0.0,-1.6
5833,0.0008256435394287109,0.0,-1.6
5834,0.0004799365997314453,0.0,-1.6
5835,0.0005815029144287109,0.0,-1.2000000000000002
5836,0.00058746337890625,0.0,-1.2000000000000002
5837,0.00045871734619140625,0.0,-1.2000000000000002
5838,0.0006844997406005859,0.0,-0.8
5839,0.0004978179931640625,0.0,-0.8
5840,0.0005998611450195312,0.0,-0.8
5841,0.0007178783416748047,0.0,-0.4
5842,0.0007107257843017578,0.0,-0.4
5843,0.0006921291351318359,0.0,0.0
5844,0.0004589557647705078,0.0,0.0
5845,0.0009603500366210938,0.0,0.0
5846,0.0006892681121826172,0.0,0.4
5847,0.0017173290252685547,0.0,0.4
5848,0.0012073516845703125,0.0,0.8
5849,0.0007221698760986328,0.0,0.8
5850,0.0005905628204345703,0.0,0.8
5851,0.0018918514251708984,0.0,1.2000000000000002
5852,0.0006592273712158203,0.0,1.2000000000000002
5853,0.0018956661224365234,0.0,1.2000000000000002
5854,0.0017631053924560547,0.0,1.6
5855,0.0007402896881103516,0.0,1.6
5856,0.0014204978942871094,0.0,1.6
5857,0.0006620883941650391,0.0,1.6
5858,0.001482248306274414,0.0,1.6
5859,0.0006299018859863281,0.0,1.6
5860,0.0018579959869384766,0.0,1.6
5861,0.0006208419799804688,0.0,2.0
5862,0.0015549659729003906,0.0,2.0
5863,0.0016541481018066406,0.0,1.6
5864,0.0006167888641357422,0.0,1.6
5865,0.0005450248718261719,0.0,1.6
5866,0.002009153366088867,0.0,1.6
5867,0.0018754005432128906,0.0,1.6
5868,0.0015518665313720703,0.0,1.6
5869,0.0017094612121582031,0.0,1.2000000000000002
5870,0.0014569759368896484,0.0,1.2000000000000002
5871,0.0009455680847167969,0.0,1.2000000000000002
5872,0.0019080638885498047,0.0,1.2000000000000002
5873,0.0006685256958007812,0.0,0.8
5874,0.0015194416046142578,0.0,0.8
5875,0.0007526874542236328,0.0,0.8
5876,0.0005598068237304688,0.0,0.4
5877,0.0008451938629150391,0.0,0.4
5878,0.0014698505401611328,0.0,0.0
5879,0.0007855892181396484,0.0,0.0
5880,0.0016255378723144531,0.0,0.0
5881,0.0006115436553955078,0.0,-0.4
5882,0.001367330551147461,0.0,-0.4
5883,0.0005691051483154297,0.0,-0.4
5884,0.0015425682067871094,0.0,-0.8
5885,0.0005843639373779297,0.0,-0.8
5886,0.0016474723815917969,0.0,-0.8
5887,0.0007853507995605469,0.0,-1.2000000000000002
5888,0.0016930103302001953,0.0,-1.2000000000000002
5889,0.0007410049438476562,0.0,-1.2000000000000002
5890,0.001550436019897461,0.0,-1.2000000000000002
5891,0.0005924701690673828,0.0,-1.2000000000000002
5892,0.0016036033630371094,0.0,-1.6
5893,0.0015833377838134766,0.0,-1.6
5894,0.0007171630859375,0.0,-1.6
5895,0.002055644989013672,0.0,-1.6
5896,0.0016794204711914062,0.0,-1.6
5897,0.0007627010345458984,0.0,-1.6
5898,0.0012776851654052734,0.0,-1.6
5899,0.0007109642028808594,0.0,-1.6
5900,0.0018610954284667969,0.0,-1.2000000000000002
5901,0.0006017684936523438,0.0,-1.2000000000000002
5902,0.0016162395477294922,0.0,-1.2000000000000002
5903,0.0006413459777832031,0.0,-1.2000000000000002
5904,0.0020678043365478516,0.0,-1.2000000000000002
5905,0.0008878707885742188,0.0,-1.2000000000000002
5906,0.0015971660614013672,0.0,-0.8
5907,0.0015382766723632812,0.0,-0.8
5908,0.0016009807586669922,0.0,-0.8
5909,0.0016009807586669922,0.0,-0.8
5910,0.0016384124755859375,0.0,-0.4
5911,0.0015497207641601562,0.0,-0.4
5912,0.0015826225280761719,0.0,-0.4
5913,0.001631021499633789,0.0,0.0
5914,0.0007851123809814453,0.0,0.0
5915,0.0021238327026367188,0.0,0.0
5916,0.001500844955444336,0.0,0.4
5917,0.0016014575958251953,0.0,0.4
5918,0.0015056133270263672,0.0,0.4
5919,0.0014908313751220703,0.0,0.4
5920,0.0012731552124023438,0.0,0.8
5921,0.0006160736083984375,0.0,0.8
5922,0.001779317855834961,0.0,0.8
5923,0.0007257461547851562,0.0,0.8
5924,0.0021467208862304688,0.0,1.2000000000000002
5925,0.0007297992706298828,0.0,1.2000000000000002
5926,0.0017762184143066406,0.0,1.2000000000000002
5927,0.0007143020629882812,0.0,1.2000000000000002
5928,0.001447916030883789,0.0,1.2000000000000002
5929,0.0008904933929443359,0.0,1.2000000000000002
5930,0.0016207695007324219,0.0,1.2000000000000002
5931,0.0006852149963378906,0.0,1.2000000000000002
5932,0.0016283988952636719,0.0,1.2000000000000002
5933,0.0007009506225585938,0.0,1.2000000000000002
5934,0.002192258834838867,0.0,1.2000000000000002
5935,0.0007522106170654297,0.0,1.2000000000000002
5936,0.0019447803497314453,0.0,1.2000000000000002
5937,0.0007178783416748047,0.0,1.2000000000000002
5938,0.0015649795532226562,0.0,1.2000000000000002
5939,0.0015103816986083984,0.0,1.2000000000000002
5940,0.0007104873657226562,0.0,0.8
5941,0.0019373893737792969,0.0,0.8
5942,0.0017192363739013672,0.0,0.8
5943,0.000720977783203125,0.0,0.8
5944,0.0017344951629638672,0.0,0.8
5945,0.0007054805755615234,0.0,0.4
5946,0.001544952392578125,0.0,0.4
5947,0.0007600784301757812,0.0,0.4
5948,0.0018775463104248047,0.0,0.0
5949,0.0015583038330078125,0.0,0.0
5950,0.0007648468017578125,0.0,0.0
5951,0.001928091049194336,0.0,0.0
5952,0.0006203651428222656,0.0,-0.4
5953,0.0015692710876464844,0.0,-0.4
5954,0.0007283687591552734,0.0,-0.4
5955,0.0015437602996826172,0.0,-0.4
5956,0.00151824951171875,0.0,-0.8
5957,0.0016214847564697266,0.0,-0.8
5958,0.0015807151794433594,0.0,-0.8
5959,0.0006196498870849609,0.0,-0.8
5960,0.0015649795532226562,0.0,-0.8
5961,0.000759124755859375,0.0,-0.8
5962,0.0015077590942382812,0.0,-1.2000000000000002
5963,0.0015859603881835938,0.0,-1.2000000000000002
5964,0.0014529228210449219,0.0,-1.2000000000000002
5965,0.000736236572265625,0.0,-1.2000000000000002
5966,0.0015387535095214844,0.0,-1.2000000000000002
5967,0.001527547836303711,0.0,-1.2000000000000002
5968,0.0017249584197998047,0.0,-1.2000000000000002
5969,0.0014955997467041016,0.0,-1.2000000000000002
5970,0.0018846988677978516,0.0,-1.2000000000000002
5971,0.0018286705017089844,0.0,-0.8
5972,0.0008521080017089844,0.0,-0.8
5973,0.0015294551849365234,0.0,-0.8
5974,0.0014612674713134766,0.0,-0.8
5975,0.0007989406585693359,0.0,-0.8
5976,0.001508951187133789,0.0,-0.8
5977,0.0007970333099365234,0.0,-0.8
5978,0.0019617080688476562,0.0,-0.4
5979,0.0007128715515136719,0.0,-0.4
5980,0.001705169677734375,0.0,-0.4
5981,0.0007538795471191406,0.0,-0.4
5982,0.001519918441772461,0.0,0.0
5983,0.0007457733154296875,0.0,0.0
5984,0.00180816650390625,0.0,0.0
5985,0.0007443428039550781,0.0,0.0
5986,0.0016407966613769531,0.0,0.0
5987,0.0007944107055664062,0.0,0.4
5988,0.0014810562133789062,0.0,0.4
5989,0.0007572174072265625,0.0,0.4
5990,0.0017247200012207031,0.0,0.4
5991,0.0015614032745361328,0.0,0.4
5992,0.000637054443359375,0.0,0.8
5993,0.0018842220306396484,0.0,0.8
5994,0.0007524490356445312,0.0,0.8
5995,0.0015802383422851562,0.0,0.8
5996,0.0013546943664550781,0.0,0.8
5997,0.0007281303405761719,0.0,0.8
5998,0.0019137859344482422,0.0,0.8
5999,0.0006444454193115234,0.0,0.8
6000,0.0019674301147460938,0.0,0.8
6001,0.0014879703521728516,0.0,0.8
6002,0.0006322860717773438,0.0,0.8
6003,0.0015685558319091797,0.0,0.8
6004,0.0007658004760742188,0.0,0.8
6005,0.001982450485229492,0.0,0.8
6006,0.0008406639099121094,0.0,0.8
6007,0.001573801040649414,0.0,0.8
6008,0.0007467269897460938,0.0,0.8
6009,0.0015485286712646484,0.0,0.8
6010,0.0017247200012207031,0.0,0.8
6011,0.0015270709991455078,0.0,0.4
6012,0.0006494522094726562,0.0,0.4
6013,0.0016124248504638672,0.0,0.4
6014,0.0007481575012207031,0.0,0.4
6015,0.0017178058624267578,0.0,0.4
6016,0.0007560253143310547,0.0,0.4
6017,0.0014903545379638672,0.0,0.0
6018,0.0013818740844726562,0.0,0.0
6019,0.0012135505676269531,0.0,0.0
6020,0.0015125274658203125,0.0,0.0
6021,0.0018205642700195312,0.0,0.0
6022,0.0016512870788574219,0.0,0.0
6023,0.0008480548858642578,0.0,-0.4
6024,0.00146484375,0.0,-0.4
6025,0.0006623268127441406,0.0,-0.4
6026,0.0015065670013427734,0.0,-0.4
6027,0.0007750988006591797,0.0,-0.4
6028,0.0019359588623046875,0.0,-0.4
6029,0.0008361339569091797,0.0,-0.4
6030,0.002202272415161133,0.0,-0.8
6031,0.0007007122039794922,0.0,-0.8
6032,0.0015482902526855469,0.0,-0.8
6033,0.0005764961242675781,0.0,-0.8
6034,0.0019032955169677734,0.0,-0.8
6035,0.0016431808471679688,0.0,-0.8
6036,0.0007252693176269531,0.0,-0.8
6037,0.001508474349975586,0.0,-0.8
6038,0.0016589164733886719,0.0,-0.8
6039,0.0006084442138671875,0.0,-0.8
6040,0.002317667007446289,0.0,-0.8
6041,0.0005605220794677734,0.0,-0.4
6042,0.001619100570678711,0.0,-0.4
6043,0.0005657672882080078,0.0,-0.4
6044,0.0015087127685546875,0.0,-0.4
6045,0.0016086101531982422,0.0,-0.4
6046,0.0006587505340576172,0.0,-0.4
6047,0.0016672611236572266,0.0,-0.4
6048,0.0008258819580078125,0.0,-0.4
6049,0.0018470287322998047,0.0,-0.4
6050,0.0017499923706054688,0.0,0.0
6051,0.0017170906066894531,0.0,0.0
6052,0.0018105506896972656,0.0,0.0
6053,0.0008649826049804688,0.0,0.0
6054,0.001577615737915039,0.0,0.0
6055,0.0008373260498046875,0.0,0.0
6056,0.001561880111694336,0.0,0.0
6057,0.001561880111694336,0.0,0.0
6058,0.0015103816986083984,0.0,0.4
6059,0.0007367134094238281,0.0,0.4
6060,0.001996278762817383,0.0,0.4
6061,0.000583648681640625,0.0,0.4
6062,0.002019643783569336,0.0,0.4
6063,0.0005908012390136719,0.0,0.4
6064,0.001611948013305664,0.0,0.4
6065,0.0008265972137451172,0.0,0.4
6066,0.0015115737915039062,0.0,0.4
6067,0.0007259845733642578,0.0,0.4
6068,0.0015306472778320312,0.0,0.4
6069,0.0017185211181640625,0.0,0.4
6070,0.0006926059722900391,0.0,0.4
6071,0.0009601116180419922,0.0,0.4
6072,0.0016469955444335938,0.0,0.4
6073,0.0008134841918945312,0.0,0.4
6074,0.0015287399291992188,0.0,0.4
6075,0.0007116794586181641,0.0,0.4
6076,0.0015594959259033203,0.0,0.4
6077,0.0006933212280273438,0.0,0.4
6078,0.0016548633575439453,0.0,0.4
6079,0.0007212162017822266,0.0,0.4
6080,0.0016169548034667969,0.0,0.4
6081,0.0016148090362548828,0.0,0.4
6082,0.0007433891296386719,0.0,0.4
6083,0.0015506744384765625,0.0,0.4
6084,0.0005879402160644531,0.0,0.0
6085,0.002112865447998047,0.0,0.0
6086,0.0005872249603271484,0.0,0.0
6087,0.0015685558319091797,0.0,0.0
6088,0.0006814002990722656,0.0,0.0
6089,0.0017464160919189453,0.0,0.0
6090,0.0015926361083984375,0.0,0.0
6091,0.0007100105285644531,0.0,0.0
6092,0.0016357898712158203,0.0,0.0
6093,0.0005993843078613281,0.0,0.0
6094,0.0015861988067626953,0.0,-0.4
6095,0.0016646385192871094,0.0,-0.4
6096,0.0006949901580810547,0.0,-0.4
6097,0.0019495487213134766,0.0,-0.4
6098,0.0016443729400634766,0.0,-0.4
6099,0.0007503032684326172,0.0,-0.4
6100,0.0015594959259033203,0.0,-0.4
6101,0.0006811618804931641,0.0,-0.4
6102,0.002073049545288086,0.0,-0.4
6103,0.0007429122924804688,0.0,-0.4
6104,0.0014636516571044922,0.0,-0.4
6105,0.0006809234619140625,0.0,-0.4
6106,0.001500844955444336,0.0,-0.4
6107,0.0005738735198974609,0.0,-0.4
6108,0.0005171298980712891,0.0,-0.4
6109,0.0005440711975097656,0.0,-0.4
6110,0.001809835433959961,0.0,-0.4
6111,0.0008156299591064453,0.0,-0.4
6112,0.0017273426055908203,0.0,-0.4
6113,0.0016977787017822266,0.0,0.0
6114,0.0015025138854980469,0.0,0.0
6115,0.0005970001220703125,0.0,0.0
6116,0.0017993450164794922,0.0,0.0
6117,0.0006992816925048828,0.0,0.0
6118,0.0015702247619628906,0.0,0.0
6119,0.0006911754608154297,0.0,0.0
6120,0.0016171932220458984,0.0,0.0
6121,0.0016689300537109375,0.0,0.0
6122,0.0007348060607910156,0.0,0.0
6123,0.0019714832305908203,0.0,0.0
6124,0.0016064643859863281,0.0,0.0
6125,0.0007512569427490234,0.0,0.0
6126,0.0018889904022216797,0.0,0.4
6127,0.0007271766662597656,0.0,0.4
6128,0.0015537738800048828,0.0,0.4
6129,0.0007195472717285156,0.0,0.4
6130,0.0018954277038574219,0.0,0.4
6131,0.000667572021484375,0.0,0.4
6132,0.0019183158874511719,0.0,0.4
6133,0.0006914138793945312,0.0,0.4
6134,0.0016973018646240234,0.0,0.4
6135,0.0007524490356445312,0.0,0.4
6136,0.0017917156219482422,0.0,0.4
6137,0.0006108283996582031,0.0,0.4
6138,0.0015442371368408203,0.0,0.4
6139,0.0016307830810546875,0.0,0.4
6140,0.001615285873413086,0.0,0.4
6141,0.001598358154296875,0.0,0.4
6142,0.0005888938903808594,0.0,0.0
6143,0.0017347335815429688,0.0,0.0
6144,0.0006909370422363281,0.0,0.0
6145,0.0016987323760986328,0.0,0.0
6146,0.0006918907165527344,0.0,0.0
6147,0.0015597343444824219,0.0,0.0
6148,0.0007200241088867188,0.0,0.0
6149,0.0015969276428222656,0.0,0.0
6150,0.0015864372253417969,0.0,0.0
6151,0.001619577407836914,0.0,0.0
6152,0.0015077590942382812,0.0,0.0
6153,0.0009515285491943359,0.0,0.0
6154,0.0023260116577148438,0.0,0.0
6155,0.0016808509826660156,0.0,0.0
6156,0.001592397689819336,0.0,0.0
6157,0.0016527175903320312,0.0,0.0
6158,0.0008594989776611328,0.0,0.0
6159,0.0016760826110839844,0.0,0.0
6160,0.000789642333984375,0.0,0.0
6161,0.0015597343444824219,0.0,0.0
6162,0.0007386207580566406,0.0,0.0
6163,0.0015745162963867188,0.0,0.0
6164,0.001680135726928711,0.0,0.0
6165,0.0016307830810546875,0.0,0.0
6166,0.001644134521484375,0.0,0.0
6167,0.001950979232788086,0.0,0.0
6168,0.0007464885711669922,0.0,0.0
6169,0.0015323162078857422,0.0,0.0
6170,0.0007467269897460938,0.0,0.0
6171,0.001962423324584961,0.0,0.0
6172,0.0017650127410888672,0.0,0.0
6173,0.0007724761962890625,0.0,0.0
6174,0.0019025802612304688,0.0,0.0
6175,0.0016827583312988281,0.0,0.0
6176,0.0007624626159667969,0.0,0.0
6177,0.001981019973754883,0.0,0.0
6178,0.0006241798400878906,0.0,0.0
6179,0.0013697147369384766,0.0,0.0
6180,0.0007073879241943359,0.0,0.0
6181,0.0016016960144042969,0.0,0.0
6182,0.0005991458892822266,0.0,0.0
6183,0.001964092254638672,0.0,0.0
6184,0.0008037090301513672,0.0,0.0
6185,0.0015714168548583984,0.0,0.0
6186,0.0016300678253173828,0.0,0.0
6187,0.001672983169555664,0.0,0.0
6188,0.0015821456909179688,0.0,0.0
6189,0.0008115768432617188,0.0,0.0
6190,0.001504659652709961,0.0,0.0
6191,0.0006265640258789062,0.0,0.0
6192,0.0017862319946289062,0.0,0.0
6193,0.0007517337799072266,0.0,0.0
6194,0.0015735626220703125,0.0,0.0
6195,0.0007596015930175781,0.0,0.0
6196,0.0015645027160644531,0.0,0.0
6197,0.0015995502471923828,0.0,0.0
6198,0.0005240440368652344,0.0,0.0
6199,0.001909494400024414,0.0,0.0
6200,0.0011913776397705078,0.0,0.0
6201,0.0020918846130371094,0.0,0.0
6202,0.0011870861053466797,0.0,0.0
6203,0.0016474723815917969,0.0,0.0
6204,0.0009160041809082031,0.0,0.0
