,Latency,PWM Value,Angle
0,0.0,0.0,0.0
1,0.0006327629089355469,0.0,0.0
2,0.0005390644073486328,0.0,0.0
3,0.0006320476531982422,0.0,0.0
4,0.001340627670288086,0.0,0.0
5,0.0005962848663330078,0.0,0.0
6,0.002037525177001953,0.0,0.0
7,0.0005962848663330078,0.0,0.0
8,0.002977132797241211,0.0,0.0
9,0.0011785030364990234,0.0,0.0
10,0.0006151199340820312,0.0,0.0
11,0.0011353492736816406,0.0,0.0
12,0.000993490219116211,0.0,0.0
13,0.000743865966796875,0.0,0.0
14,0.0010259151458740234,0.0,0.0
15,0.0005176067352294922,0.0,0.0
16,0.0013742446899414062,0.0,0.0
17,0.0008594989776611328,0.0,0.0
18,0.0014710426330566406,0.0,0.0
19,0.0006911754608154297,0.0,0.0
20,0.002584695816040039,0.0,0.0
21,0.0006151199340820312,0.0,0.0
22,0.0031845569610595703,0.0,0.0
23,0.0014653205871582031,0.0,0.0
24,0.001096487045288086,0.0,0.0
25,0.0006015300750732422,0.0,0.0
26,0.002696514129638672,0.0,0.0
27,0.002440929412841797,0.0,0.0
28,0.0006275177001953125,0.0,0.0
29,0.0014233589172363281,0.0,0.0
30,0.0018134117126464844,0.0,0.0
31,0.0005595684051513672,0.0,0.0
32,0.001965045928955078,0.0,0.0
33,0.0005514621734619141,0.0,0.0
34,0.001973867416381836,0.0,0.0
35,0.0007364749908447266,0.0,0.0
36,0.0013778209686279297,0.0,0.0
37,0.002870798110961914,0.0,0.0
38,0.002062082290649414,0.0,0.0
39,0.0014638900756835938,0.0,0.0
40,0.002009868621826172,0.0,0.0
41,0.0017294883728027344,0.0,0.0
42,0.0015921592712402344,0.0,0.0
43,0.00165557861328125,0.0,0.0
44,0.0010106563568115234,0.0,0.0
45,0.0013890266418457031,0.0,0.0
46,0.0012328624725341797,0.0,0.0
47,0.0015118122100830078,0.0,0.0
48,0.001455068588256836,0.0,0.0
49,0.0007603168487548828,0.0,0.0
50,0.0020482540130615234,0.0,0.0
51,0.000946044921875,0.0,0.0
52,0.001234292984008789,0.0,0.0
53,0.0008296966552734375,0.0,0.0
54,0.0017485618591308594,0.0,0.0
55,0.0020418167114257812,0.0,0.0
56,0.0021598339080810547,0.0,0.0
57,0.0008111000061035156,0.0,0.0
58,0.0013823509216308594,0.0,0.0
59,0.0005886554718017578,0.0,0.0
60,0.0014503002166748047,0.0,0.0
61,0.0012907981872558594,0.0,0.0
62,0.002205371856689453,0.0,0.0
63,0.0023567676544189453,0.0,0.0
64,0.0019385814666748047,0.0,0.0
65,0.0016911029815673828,0.0,0.0
66,0.0007293224334716797,0.0,0.0
67,0.0010919570922851562,0.0,0.0
68,0.0008215904235839844,0.0,0.0
69,0.0011630058288574219,0.0,0.0
70,0.0019614696502685547,0.0,0.0
71,0.0008184909820556641,0.0,0.0
72,0.0012164115905761719,0.0,0.0
73,0.0018172264099121094,0.0,0.0
74,0.0009720325469970703,0.0,0.0
75,0.0004570484161376953,0.0,0.0
76,0.0025370121002197266,0.0,0.0
77,0.0009834766387939453,0.0,0.0
78,0.0006413459777832031,0.0,0.0
79,0.002354860305786133,0.0,0.0
80,0.0021419525146484375,0.0,0.0
81,0.0015544891357421875,0.0,0.0
82,0.0019028186798095703,0.0,0.0
83,0.0007481575012207031,0.0,0.0
84,0.0012433528900146484,0.0,0.0
85,0.0005605220794677734,0.0,0.0
86,0.0011990070343017578,0.0,0.0
87,0.0007674694061279297,0.0,0.0
88,0.001257181167602539,0.0,0.0
89,0.0007081031799316406,0.0,0.0
90,0.0019185543060302734,0.0,0.0
91,0.001203775405883789,0.0,0.0
92,0.0016064643859863281,0.0,0.0
93,0.001955747604370117,0.0,0.0
94,0.0015225410461425781,0.0,0.0
95,0.0012097358703613281,0.0,0.0
96,0.0020678043365478516,0.0,0.0
97,0.0014770030975341797,0.0,0.0
98,0.0023746490478515625,0.0,0.0
99,0.001055002212524414,0.0,0.0
100,0.002443075180053711,0.0,0.0
101,0.0011184215545654297,0.0,0.0
102,0.000986337661743164,0.0,0.0
103,0.002042055130004883,0.0,0.0
104,0.0013980865478515625,0.0,0.0
105,0.001981973648071289,0.0,0.0
106,0.001344919204711914,0.0,0.0
107,0.0027637481689453125,0.0,0.0
108,0.002233743667602539,0.0,0.0
109,0.0009086132049560547,0.0,0.0
110,0.0013701915740966797,0.0,0.0
111,0.0008580684661865234,0.0,0.0
112,0.0015468597412109375,0.0,0.0
113,0.0015468597412109375,0.0,0.0
114,0.002122640609741211,0.0,0.0
115,0.0016248226165771484,0.0,0.0
116,0.0009427070617675781,0.0,0.0
117,0.0011584758758544922,0.0,0.0
118,0.0007903575897216797,0.0,0.0
119,0.00234222412109375,0.0,0.0
120,0.0007841587066650391,0.0,0.0
121,0.0017893314361572266,0.0,0.0
122,0.0007359981536865234,0.0,0.0
123,0.0017576217651367188,0.0,0.0
124,0.0006656646728515625,0.0,0.0
125,0.0023899078369140625,0.0,0.0
126,0.0009584426879882812,0.0,0.0
127,0.0006010532379150391,0.0,0.0
128,0.0011749267578125,0.0,0.0
129,0.0005848407745361328,0.0,0.0
130,0.002206087112426758,0.0,0.0
131,0.0005953311920166016,0.0,0.0
132,0.0018107891082763672,0.0,0.0
133,0.0006992816925048828,0.0,0.0
134,0.0019223690032958984,0.0,0.0
135,0.0004994869232177734,0.0,0.0
136,0.0014896392822265625,0.0,0.0
137,0.0007882118225097656,0.0,0.0
138,0.0022177696228027344,0.0,0.0
139,0.0008330345153808594,0.0,0.0
140,0.001791238784790039,0.0,0.0
141,0.0020248889923095703,0.0,0.0
142,0.0006744861602783203,0.0,0.0
143,0.0017287731170654297,0.0,0.0
144,0.0016355514526367188,0.0,0.0
145,0.0011396408081054688,0.0,0.0
146,0.0013458728790283203,0.0,0.0
147,0.001102447509765625,0.0,0.0
148,0.0007822513580322266,0.0,0.0
149,0.0016019344329833984,0.0,0.0
150,0.003768444061279297,0.0,0.0
151,0.001917123794555664,0.0,0.0
152,0.0015411376953125,0.0,0.0
153,0.0007150173187255859,0.0,0.0
154,0.0018219947814941406,0.0,0.0
155,0.001590728759765625,0.0,0.0
156,0.0007283687591552734,0.0,0.0
157,0.0016777515411376953,0.0,0.0
158,0.0008089542388916016,0.0,0.0
159,0.0010721683502197266,0.0,0.0
160,0.0005629062652587891,0.0,0.0
161,0.0018978118896484375,0.0,0.0
162,0.0007686614990234375,0.0,0.0
163,0.0018758773803710938,0.0,0.0
164,0.0010063648223876953,0.0,0.0
165,0.0012011528015136719,0.0,0.0
166,0.0010943412780761719,0.0,0.0
167,0.0012927055358886719,0.0,0.0
168,0.0017118453979492188,0.0,0.0
169,0.0007736682891845703,0.0,0.0
170,0.0014989376068115234,0.002,0.0
171,0.0006465911865234375,0.004,0.0
172,0.0014944076538085938,0.004,0.0
173,0.0007390975952148438,0.004,0.0
174,0.0013203620910644531,0.004,0.0
175,0.0006268024444580078,0.004,0.0
176,0.002033710479736328,0.009000000000000001,0.0
177,0.0011370182037353516,0.009000000000000001,0.0
178,0.000614166259765625,0.009000000000000001,0.0
179,0.0018339157104492188,0.011,0.0
180,0.0006084442138671875,0.013,0.0
181,0.0017404556274414062,0.013,0.0
182,0.0007262229919433594,0.017,0.0
183,0.001979827880859375,0.019,0.0
184,0.0016756057739257812,0.022,0.0
185,0.0010981559753417969,0.024,0.0
186,0.0007443428039550781,0.024,0.0
187,0.0017819404602050781,0.024,0.0
188,0.0014014244079589844,0.024,0.0
189,0.0007691383361816406,0.024,0.0
190,0.0013134479522705078,0.024,0.0
191,0.0005338191986083984,0.026,0.0
192,0.0017533302307128906,0.026,0.0
193,0.0010530948638916016,0.027999999999999997,0.0
194,0.0011677742004394531,0.03,0.0
195,0.0004467964172363281,0.032,0.0
196,0.001010894775390625,0.034,0.0
197,0.001360177993774414,0.037000000000000005,0.0
198,0.0006992816925048828,0.037000000000000005,0.0
199,0.002231597900390625,0.037000000000000005,0.0
200,0.000789642333984375,0.040999999999999995,0.0
201,0.0013484954833984375,0.040999999999999995,0.0
202,0.0017011165618896484,0.043,0.0
203,0.002232074737548828,0.043,0.0
204,0.002183198928833008,0.043,0.4
205,0.0017693042755126953,0.043,0.4
206,0.0008254051208496094,0.043,0.4
207,0.00174713134765625,0.043,0.4
208,0.0005643367767333984,0.045,0.4
209,0.0013136863708496094,0.045,0.4
210,0.0005619525909423828,0.045,0.8
211,0.0014088153839111328,0.045,0.8
212,0.0008974075317382812,0.045,0.8
213,0.0012295246124267578,0.045,0.8
214,0.0005848407745361328,0.045,0.8
215,0.0005602836608886719,0.045,0.8
216,0.0019495487213134766,0.045,0.8
217,0.001842498779296875,0.045,0.8
218,0.0006799697875976562,0.045,0.8
219,0.001556396484375,0.045,0.8
220,0.0022754669189453125,0.045,0.8
221,0.0006439685821533203,0.047,0.8
222,0.0017445087432861328,0.047,0.8
223,0.0007803440093994141,0.05,0.8
224,0.0020029544830322266,0.05,0.8
225,0.0012195110321044922,0.05,0.8
226,0.0024836063385009766,0.052000000000000005,0.8
227,0.0007674694061279297,0.054000000000000006,0.8
228,0.0017247200012207031,0.054000000000000006,0.8
229,0.0022475719451904297,0.055999999999999994,0.4
230,0.0007963180541992188,0.055999999999999994,0.4
231,0.0013437271118164062,0.055999999999999994,0.4
232,0.0008270740509033203,0.055999999999999994,0.4
233,0.0012614727020263672,0.058,0.4
234,0.0008187294006347656,0.06,0.8
235,0.0014300346374511719,0.06,0.8
236,0.0006060600280761719,0.063,0.8
237,0.0016400814056396484,0.063,0.8
238,0.0017731189727783203,0.063,0.8
239,0.001659393310546875,0.067,0.8
240,0.0016596317291259766,0.071,0.8
241,0.0011317729949951172,0.075,0.8
242,0.0023696422576904297,0.078,0.8
243,0.0013926029205322266,0.08,0.8
244,0.0009517669677734375,0.08199999999999999,0.8
245,0.002727508544921875,0.084,0.8
246,0.0015573501586914062,0.086,0.8
247,0.00066375732421875,0.093,0.8
248,0.0018870830535888672,0.095,0.4
249,0.0018069744110107422,0.097,0.4
250,0.00228118896484375,0.097,0.4
251,0.0011696815490722656,0.099,0.4
252,0.002058267593383789,0.099,0.4
253,0.0022284984588623047,0.103,0.8
254,0.001068115234375,0.103,0.8
255,0.001068115234375,0.103,0.8
256,0.001165151596069336,0.103,1.2000000000000002
257,0.0010306835174560547,0.106,1.2000000000000002
258,0.0007164478302001953,0.106,1.6
259,0.001459360122680664,0.108,2.4000000000000004
260,0.0006213188171386719,0.11,2.8000000000000003
261,0.0017898082733154297,0.114,3.6
262,0.0008752346038818359,0.119,4.4
263,0.0017604827880859375,0.121,5.2
264,0.0007367134094238281,0.123,6.0
265,0.002102375030517578,0.123,7.2
266,0.0005540847778320312,0.123,8.0
267,0.0022521018981933594,0.123,9.200000000000001
268,0.0007491111755371094,0.123,10.4
269,0.002396821975708008,0.123,11.600000000000001
270,0.0006606578826904297,0.123,12.8
271,0.002578258514404297,0.125,14.4
272,0.0007212162017822266,0.127,15.600000000000001
273,0.0018758773803710938,0.127,17.2
274,0.0007834434509277344,0.131,18.400000000000002
275,0.001947641372680664,0.134,20.0
276,0.0007038116455078125,0.136,21.200000000000003
277,0.0017747879028320312,0.138,22.400000000000002
278,0.0006754398345947266,0.138,24.0
279,0.001905679702758789,0.138,25.200000000000003
280,0.0011892318725585938,0.138,26.400000000000002
281,0.0006296634674072266,0.138,27.6
282,0.0013129711151123047,0.138,28.8
283,0.0005958080291748047,0.138,30.0
284,0.001752614974975586,0.138,30.8
285,0.0006842613220214844,0.138,32.0
286,0.0017900466918945312,0.138,32.800000000000004
287,0.0006711483001708984,0.138,33.6
288,0.001882314682006836,0.138,34.4
289,0.0012500286102294922,0.138,34.800000000000004
290,0.0005855560302734375,0.138,35.6
291,0.002440214157104492,0.138,36.0
292,0.0022208690643310547,0.138,36.0
293,0.0005466938018798828,0.136,36.4
294,0.0013611316680908203,0.136,36.4
295,0.002279520034790039,0.134,36.800000000000004
296,0.0006625652313232422,0.131,36.4
297,0.001749277114868164,0.129,36.4
298,0.0006961822509765625,0.129,36.0
299,0.002003192901611328,0.127,36.0
300,0.0016312599182128906,0.125,35.6
301,0.0005564689636230469,0.123,34.800000000000004
302,0.001251220703125,0.119,34.4
303,0.0006878376007080078,0.116,33.6
304,0.0017104148864746094,0.116,32.800000000000004
305,0.001542806625366211,0.116,32.0
306,0.0006108283996582031,0.116,30.8
307,0.001397848129272461,0.116,30.0
308,0.000690460205078125,0.116,28.8
309,0.001552581787109375,0.114,27.6
310,0.0005168914794921875,0.11,26.400000000000002
311,0.0012965202331542969,0.11,25.200000000000003
312,0.0017018318176269531,0.108,23.6
313,0.0007355213165283203,0.103,22.400000000000002
314,0.001270294189453125,0.103,20.8
315,0.0006079673767089844,0.099,19.6
316,0.0010433197021484375,0.093,18.0
317,0.0005753040313720703,0.08199999999999999,16.8
318,0.0018856525421142578,0.071,15.200000000000001
319,0.0007035732269287109,0.067,13.600000000000001
320,0.0021028518676757812,0.067,12.4
321,0.0006804466247558594,0.065,10.8
322,0.001748800277709961,0.06,9.600000000000001
323,0.0006573200225830078,0.06,8.4
324,0.0014579296112060547,0.06,6.800000000000001
325,0.0007321834564208984,0.06,5.6000000000000005
326,0.0012519359588623047,0.06,4.4
327,0.0005979537963867188,0.06,3.2
328,0.0013239383697509766,0.063,2.0
329,0.0005474090576171875,0.063,0.8
330,0.0017147064208984375,0.065,0.0
331,0.0020029544830322266,0.067,-1.2000000000000002
332,0.0006148815155029297,0.067,-2.0
333,0.0017426013946533203,0.069,-2.8000000000000003
334,0.0008025169372558594,0.08,-3.6
335,0.0020177364349365234,0.084,-4.4
336,0.0006852149963378906,0.08800000000000001,-4.800000000000001
337,0.0021011829376220703,0.095,-5.6000000000000005
338,0.0006794929504394531,0.101,-5.6000000000000005
339,0.0011451244354248047,0.106,-6.0
340,0.0005679130554199219,0.11,-6.0
341,0.0017895698547363281,0.112,-6.0
342,0.0018131732940673828,0.112,-6.0
343,0.0007004737854003906,0.114,-5.6000000000000005
344,0.0014836788177490234,0.114,-5.2
345,0.0005536079406738281,0.114,-4.4
346,0.002402782440185547,0.114,-3.6
347,0.0005314350128173828,0.119,-2.8000000000000003
348,0.0019388198852539062,0.119,-1.6
349,0.0011973381042480469,0.121,-0.4
350,0.0007121562957763672,0.121,0.8
351,0.0019152164459228516,0.121,2.4000000000000004
352,0.0009984970092773438,0.121,4.0
353,0.002032756805419922,0.121,5.6000000000000005
354,0.002039670944213867,0.121,7.6000000000000005
355,0.001641988754272461,0.121,9.200000000000001
356,0.0006201267242431641,0.121,11.200000000000001
357,0.0017268657684326172,0.121,13.200000000000001
358,0.0007138252258300781,0.121,15.200000000000001
359,0.0018849372863769531,0.121,17.2
360,0.0005540847778320312,0.121,19.200000000000003
361,0.0014369487762451172,0.121,21.200000000000003
362,0.0007719993591308594,0.121,23.200000000000003
363,0.0011897087097167969,0.121,25.200000000000003
364,0.0007793903350830078,0.121,26.8
365,0.001935720443725586,0.121,28.8
366,0.0005698204040527344,0.121,30.400000000000002
367,0.002191781997680664,0.121,32.0
368,0.0007450580596923828,0.121,33.6
369,0.0018076896667480469,0.121,35.2
370,0.0007622241973876953,0.114,36.4
371,0.0012669563293457031,0.108,37.6
372,0.0012044906616210938,0.099,38.800000000000004
373,0.0006005764007568359,0.08800000000000001,39.6
374,0.002193927764892578,0.08800000000000001,40.400000000000006
375,0.0007359981536865234,0.08800000000000001,40.800000000000004
376,0.002083301544189453,0.08800000000000001,41.2
377,0.0005474090576171875,0.086,41.6
378,0.0017418861389160156,0.084,41.6
379,0.0016791820526123047,0.084,41.2
380,0.0005648136138916016,0.08199999999999999,40.800000000000004
381,0.0019598007202148438,0.08199999999999999,40.400000000000006
382,0.0006730556488037109,0.08199999999999999,39.6
383,0.0017812252044677734,0.08199999999999999,38.800000000000004
384,0.0029854774475097656,0.08199999999999999,37.6
385,0.0007193088531494141,0.08199999999999999,36.4
386,0.0019652843475341797,0.08199999999999999,34.800000000000004
387,0.0006732940673828125,0.08199999999999999,33.2
388,0.0018661022186279297,0.08199999999999999,31.200000000000003
389,0.000652313232421875,0.08199999999999999,29.200000000000003
390,0.0017406940460205078,0.08199999999999999,27.200000000000003
391,0.0006852149963378906,0.08199999999999999,25.200000000000003
392,0.0021190643310546875,0.08199999999999999,22.8
393,0.0007138252258300781,0.08199999999999999,20.400000000000002
394,0.0018079280853271484,0.08199999999999999,18.0
395,0.0005197525024414062,0.08199999999999999,15.600000000000001
396,0.0018696784973144531,0.08199999999999999,13.200000000000001
397,0.0011801719665527344,0.08199999999999999,10.8
398,0.0016448497772216797,0.08199999999999999,8.0
399,0.0006556510925292969,0.08199999999999999,5.6000000000000005
400,0.0017125606536865234,0.08199999999999999,3.2
401,0.0007560253143310547,0.08199999999999999,0.8
402,0.0011298656463623047,0.08199999999999999,-1.2000000000000002
403,0.0011298656463623047,0.08199999999999999,-1.2000000000000002
404,0.0006432533264160156,0.08199999999999999,-3.2
405,0.0010166168212890625,0.08199999999999999,-5.2
406,0.0008730888366699219,0.08199999999999999,-7.2
407,0.0019376277923583984,0.08199999999999999,-8.8
408,0.0005900859832763672,0.08199999999999999,-10.4
409,0.0017178058624267578,0.08199999999999999,-12.0
410,0.0005762577056884766,0.08199999999999999,-12.8
411,0.001926422119140625,0.08199999999999999,-14.0
412,0.0024514198303222656,0.08199999999999999,-14.8
413,0.0009167194366455078,0.08199999999999999,-15.200000000000001
414,0.0014233589172363281,0.08199999999999999,-15.600000000000001
415,0.0008256435394287109,0.08199999999999999,-15.600000000000001
416,0.0023071765899658203,0.08199999999999999,-15.600000000000001
417,0.0006420612335205078,0.08199999999999999,-15.600000000000001
418,0.002108335494995117,0.08199999999999999,-14.8
419,0.0006301403045654297,0.08199999999999999,-14.0
420,0.0015594959259033203,0.08199999999999999,-13.200000000000001
421,0.0005681514739990234,0.08199999999999999,-12.0
422,0.0027589797973632812,0.091,-10.8
423,0.0005624294281005859,0.099,-9.600000000000001
424,0.0013532638549804688,0.108,-8.0
425,0.0007739067077636719,0.114,-6.0
426,0.001104593276977539,0.121,-4.0
427,0.0005505084991455078,0.125,-2.0
428,0.0021169185638427734,0.127,0.0
429,0.0016663074493408203,0.127,2.0
430,0.0006568431854248047,0.127,4.4
431,0.0011446475982666016,0.127,6.800000000000001
432,0.000560760498046875,0.127,9.200000000000001
433,0.001882314682006836,0.127,12.0
434,0.0006842613220214844,0.127,14.4
435,0.001252889633178711,0.127,16.8
436,0.0006496906280517578,0.127,19.6
437,0.0017559528350830078,0.127,22.0
438,0.001165151596069336,0.127,24.8
439,0.0007600784301757812,0.127,27.200000000000003
440,0.0017938613891601562,0.127,29.6
441,0.0007467269897460938,0.127,32.0
442,0.0019145011901855469,0.127,34.0
443,0.0005917549133300781,0.127,36.4
444,0.0025658607482910156,0.127,38.400000000000006
445,0.0005297660827636719,0.127,40.0
446,0.0017695426940917969,0.127,41.6
447,0.0005631446838378906,0.127,43.2
448,0.0010805130004882812,0.127,44.800000000000004
449,0.0022306442260742188,0.127,46.0
450,0.0007097721099853516,0.127,46.800000000000004
451,0.0012028217315673828,0.123,47.6
452,0.0006716251373291016,0.114,48.400000000000006
453,0.0018794536590576172,0.101,48.800000000000004
454,0.0005192756652832031,0.08800000000000001,49.2
455,0.0013914108276367188,0.08,49.2
456,0.0011410713195800781,0.075,49.2
457,0.0006377696990966797,0.071,48.800000000000004
458,0.0014257431030273438,0.071,48.400000000000006
459,0.0005559921264648438,0.071,47.6
460,0.0017795562744140625,0.071,46.400000000000006
461,0.0006906986236572266,0.071,45.2
462,0.0017809867858886719,0.071,44.0
463,0.00075531005859375,0.071,42.400000000000006
464,0.0013966560363769531,0.071,40.400000000000006
465,0.0005774497985839844,0.071,38.400000000000006
466,0.0018656253814697266,0.071,36.0
467,0.0005521774291992188,0.071,33.6
468,0.0017499923706054688,0.071,30.8
469,0.000751495361328125,0.071,28.0
470,0.0018086433410644531,0.071,25.200000000000003
471,0.0007519721984863281,0.071,22.0
472,0.0017650127410888672,0.071,18.8
473,0.0019183158874511719,0.071,15.600000000000001
474,0.0005993843078613281,0.071,12.4
475,0.0020873546600341797,0.071,9.200000000000001
476,0.0015690326690673828,0.071,6.0
477,0.0007801055908203125,0.071,2.8000000000000003
478,0.0017366409301757812,0.071,-0.4
479,0.0006794929504394531,0.071,-3.6
480,0.0018453598022460938,0.071,-6.4
481,0.0006606578826904297,0.071,-9.200000000000001
482,0.0018658638000488281,0.071,-12.0
483,0.0006883144378662109,0.071,-14.4
484,0.001840829849243164,0.071,-16.8
485,0.0007593631744384766,0.071,-18.8
486,0.00177764892578125,0.071,-20.400000000000002
487,0.0005404949188232422,0.071,-22.0
488,0.0012392997741699219,0.071,-23.200000000000003
489,0.0006134510040283203,0.071,-24.400000000000002
490,0.001432180404663086,0.071,-25.200000000000003
491,0.0007040500640869141,0.071,-25.6
492,0.0013899803161621094,0.071,-26.0
493,0.001871347427368164,0.071,-25.6
494,0.0006015300750732422,0.071,-25.6
495,0.001890420913696289,0.071,-24.8
496,0.000598907470703125,0.071,-24.0
497,0.0018846988677978516,0.071,-22.8
498,0.0005311965942382812,0.071,-21.200000000000003
499,0.0018031597137451172,0.071,-19.6
500,0.0005769729614257812,0.071,-18.0
501,0.0012693405151367188,0.071,-15.600000000000001
502,0.0019483566284179688,0.071,-13.600000000000001
503,0.0020635128021240234,0.071,-11.200000000000001
504,0.0019359588623046875,0.071,-8.4
505,0.0020422935485839844,0.071,-6.0
506,0.0019402503967285156,0.071,-3.2
507,0.0016124248504638672,0.071,0.0
508,0.0007517337799072266,0.071,2.8000000000000003
509,0.0018041133880615234,0.071,5.6000000000000005
510,0.0005314350128173828,0.071,8.8
511,0.0016720294952392578,0.071,11.600000000000001
512,0.0006144046783447266,0.071,14.8
513,0.0012269020080566406,0.071,17.6
514,0.000629425048828125,0.071,20.400000000000002
515,0.002221345901489258,0.071,23.200000000000003
516,0.0005741119384765625,0.071,25.6
517,0.002219676971435547,0.071,28.0
518,0.0006530284881591797,0.071,30.400000000000002
519,0.0020706653594970703,0.071,32.4
520,0.0006494522094726562,0.071,34.4
521,0.0012907981872558594,0.071,36.4
522,0.0006310939788818359,0.071,37.6
523,0.001306295394897461,0.071,39.2
524,0.0005490779876708984,0.071,40.0
525,0.0018062591552734375,0.071,41.2
526,0.001178741455078125,0.073,41.6
527,0.0006344318389892578,0.08800000000000001,42.0
528,0.0019168853759765625,0.106,42.0
529,0.0007016658782958984,0.123,42.0
530,0.0018353462219238281,0.131,41.6
531,0.0006656646728515625,0.134,41.2
532,0.0017223358154296875,0.134,40.400000000000006
533,0.0007562637329101562,0.134,39.6
534,0.0012743473052978516,0.134,38.400000000000006
535,0.0016682147979736328,0.136,37.2
536,0.0005614757537841797,0.138,35.6
537,0.001840353012084961,0.138,34.0
538,0.0005917549133300781,0.138,32.4
539,0.0018279552459716797,0.138,30.8
540,0.0006036758422851562,0.138,28.8
541,0.0013279914855957031,0.138,27.200000000000003
542,0.0005676746368408203,0.138,25.200000000000003
543,0.0016829967498779297,0.138,23.200000000000003
544,0.0006639957427978516,0.138,21.6
545,0.0019614696502685547,0.138,19.6
546,0.0005202293395996094,0.138,18.0
547,0.0017654895782470703,0.138,16.0
548,0.0007734298706054688,0.138,14.4
549,0.0017461776733398438,0.138,12.8
550,0.0017461776733398438,0.138,12.8
551,0.0018100738525390625,0.138,11.200000000000001
552,0.0013022422790527344,0.136,9.600000000000001
553,0.0005595684051513672,0.136,8.4
554,0.002435922622680664,0.136,7.2
555,0.0023140907287597656,0.134,6.0
556,0.0005767345428466797,0.131,5.2
557,0.001695871353149414,0.129,4.0
558,0.0008831024169921875,0.121,3.6
559,0.001943826675415039,0.116,2.8000000000000003
560,0.0005595684051513672,0.116,2.4000000000000004
561,0.0014264583587646484,0.114,2.4000000000000004
562,0.0008776187896728516,0.114,2.0
563,0.0012295246124267578,0.114,2.4000000000000004
564,0.0008392333984375,0.11,2.4000000000000004
565,0.0018362998962402344,0.108,3.2
566,0.0007436275482177734,0.101,3.6
567,0.0017633438110351562,0.097,4.4
568,0.0005581378936767578,0.095,5.2
569,0.0016908645629882812,0.091,6.0
570,0.0006453990936279297,0.08800000000000001,6.800000000000001
571,0.00171661376953125,0.086,8.0
572,0.0008580684661865234,0.086,9.200000000000001
573,0.0014541149139404297,0.086,10.0
574,0.0008108615875244141,0.086,11.200000000000001
575,0.0022611618041992188,0.086,12.4
576,0.0010039806365966797,0.086,13.600000000000001
577,0.0006880760192871094,0.08199999999999999,14.8
578,0.0016815662384033203,0.08199999999999999,16.0
579,0.0007936954498291016,0.08199999999999999,17.2
580,0.0018463134765625,0.08199999999999999,18.0
581,0.0013394355773925781,0.08199999999999999,19.200000000000003
582,0.0016400814056396484,0.08199999999999999,20.0
583,0.0006058216094970703,0.08199999999999999,20.8
584,0.0012807846069335938,0.08199999999999999,21.6
585,0.001714944839477539,0.08199999999999999,22.400000000000002
586,0.0029296875,0.08199999999999999,22.8
587,0.0015442371368408203,0.08199999999999999,23.200000000000003
588,0.0006258487701416016,0.08199999999999999,23.6
589,0.0022115707397460938,0.08199999999999999,24.0
590,0.0007352828979492188,0.08199999999999999,24.400000000000002
591,0.0018241405487060547,0.08199999999999999,24.400000000000002
592,0.0007228851318359375,0.08199999999999999,24.400000000000002
593,0.0013382434844970703,0.08199999999999999,24.400000000000002
594,0.000545501708984375,0.08800000000000001,24.0
595,0.0017917156219482422,0.097,24.0
596,0.0016398429870605469,0.103,23.6
597,0.0006115436553955078,0.112,22.8
598,0.0015649795532226562,0.116,22.400000000000002
599,0.0007648468017578125,0.121,21.6
600,0.0019268989562988281,0.123,21.200000000000003
601,0.0006759166717529297,0.123,20.400000000000002
602,0.002110004425048828,0.127,19.6
603,0.0011615753173828125,0.127,18.400000000000002
604,0.0015597343444824219,0.129,17.6
605,0.0020813941955566406,0.134,16.8
606,0.0012629032135009766,0.134,16.0
607,0.0006759166717529297,0.136,15.200000000000001
608,0.0018248558044433594,0.136,14.4
609,0.0007848739624023438,0.136,13.600000000000001
610,0.0027015209197998047,0.136,12.8
611,0.0015716552734375,0.136,12.4
612,0.0006959438323974609,0.14,11.600000000000001
613,0.002407550811767578,0.14,11.200000000000001
614,0.0023577213287353516,0.14,10.8
615,0.0021789073944091797,0.14,10.8
616,0.0016198158264160156,0.14,10.4
617,0.0007429122924804688,0.14,10.4
618,0.001997232437133789,0.14,10.4
619,0.0009088516235351562,0.14,10.4
620,0.0007662773132324219,0.14,10.4
621,0.0022003650665283203,0.14,10.8
622,0.0020983219146728516,0.14,11.200000000000001
623,0.0011212825775146484,0.14,11.600000000000001
624,0.0015010833740234375,0.14,12.0
625,0.0011334419250488281,0.14,12.8
626,0.001245737075805664,0.14,13.600000000000001
627,0.0006585121154785156,0.14,14.0
628,0.0018393993377685547,0.14,14.8
629,0.0005962848663330078,0.14,16.0
630,0.0012161731719970703,0.14,16.8
631,0.0013501644134521484,0.142,17.6
632,0.001547098159790039,0.14400000000000002,18.8
633,0.0021276473999023438,0.14400000000000002,19.6
634,0.0024251937866210938,0.14400000000000002,20.8
635,0.0021784305572509766,0.147,22.0
636,0.0006508827209472656,0.147,22.8
637,0.001791238784790039,0.147,24.0
638,0.0016932487487792969,0.147,24.8
639,0.0005910396575927734,0.149,26.0
640,0.001226663589477539,0.149,26.8
641,0.001421213150024414,0.149,28.0
642,0.000583648681640625,0.149,28.8
643,0.0014462471008300781,0.151,29.6
644,0.0017778873443603516,0.151,30.8
645,0.0016062259674072266,0.151,31.6
646,0.0012085437774658203,0.151,32.4
647,0.0006163120269775391,0.151,32.800000000000004
648,0.001859426498413086,0.151,33.6
649,0.0007035732269287109,0.153,34.0
650,0.002303600311279297,0.153,34.800000000000004
651,0.0016410350799560547,0.153,35.2
652,0.0018475055694580078,0.153,35.6
653,0.0012888908386230469,0.153,36.0
654,0.0022094249725341797,0.153,36.0
655,0.0019304752349853516,0.153,36.4
656,0.001556396484375,0.153,36.4
657,0.0015358924865722656,0.155,36.4
658,0.0017151832580566406,0.159,36.4
659,0.0015246868133544922,0.159,36.4
660,0.0007696151733398438,0.159,36.0
661,0.0018131732940673828,0.159,36.0
662,0.0006220340728759766,0.159,35.6
663,0.001953601837158203,0.162,35.2
664,0.0010035037994384766,0.162,34.800000000000004
665,0.0006432533264160156,0.162,34.4
666,0.0017580986022949219,0.16399999999999998,34.0
667,0.0007195472717285156,0.16399999999999998,33.2
668,0.001402139663696289,0.16399999999999998,32.800000000000004
669,0.0008451938629150391,0.16399999999999998,32.4
670,0.0008413791656494141,0.16399999999999998,31.6
671,0.0017392635345458984,0.16399999999999998,30.8
672,0.0012974739074707031,0.166,30.400000000000002
673,0.0005993843078613281,0.168,29.6
674,0.00140380859375,0.168,29.200000000000003
675,0.0006146430969238281,0.168,28.400000000000002
676,0.0017714500427246094,0.168,28.0
677,0.002178192138671875,0.168,27.200000000000003
678,0.0020530223846435547,0.168,26.8
679,0.0020608901977539062,0.168,26.400000000000002
680,0.0006067752838134766,0.168,25.6
681,0.0018339157104492188,0.168,25.200000000000003
682,0.0014622211456298828,0.168,24.8
683,0.0019919872283935547,0.17,24.400000000000002
684,0.0012714862823486328,0.17,24.400000000000002
685,0.0006263256072998047,0.17,24.0
686,0.0016314983367919922,0.17,23.6
687,0.0017359256744384766,0.17,23.6
688,0.0016131401062011719,0.17,23.6
689,0.0006024837493896484,0.17,23.6
690,0.0017328262329101562,0.17,23.6
691,0.0015532970428466797,0.17,23.6
692,0.0015377998352050781,0.17,23.6
693,0.0013260841369628906,0.172,23.6
694,0.0007810592651367188,0.175,24.0
695,0.0017838478088378906,0.175,24.400000000000002
696,0.0016150474548339844,0.175,24.400000000000002
697,0.0015349388122558594,0.177,24.8
698,0.0007131099700927734,0.177,25.200000000000003
699,0.0016937255859375,0.179,26.0
700,0.0016651153564453125,0.179,26.400000000000002
701,0.0006530284881591797,0.179,26.8
702,0.0017914772033691406,0.179,27.6
703,0.0014748573303222656,0.179,28.0
704,0.0014748573303222656,0.179,28.0
705,0.0012254714965820312,0.179,28.8
706,0.0005538463592529297,0.179,29.6
707,0.0017325878143310547,0.179,30.0
708,0.0006029605865478516,0.179,30.8
709,0.0015842914581298828,0.179,31.6
710,0.0007083415985107422,0.179,32.4
711,0.001897573471069336,0.179,33.2
712,0.0007047653198242188,0.179,34.0
713,0.0018687248229980469,0.179,34.800000000000004
714,0.0006315708160400391,0.179,35.2
715,0.001756429672241211,0.181,36.0
716,0.0007271766662597656,0.183,36.800000000000004
717,0.0013935565948486328,0.183,37.6
718,0.0006186962127685547,0.183,38.400000000000006
719,0.00138092041015625,0.185,38.800000000000004
720,0.002263784408569336,0.185,39.6
721,0.0008323192596435547,0.185,40.0
722,0.0015101432800292969,0.185,40.800000000000004
723,0.0006971359252929688,0.188,41.2
724,0.0011980533599853516,0.188,41.6
725,0.0005824565887451172,0.188,42.0
726,0.0016133785247802734,0.19,42.400000000000006
727,0.0006673336029052734,0.19,42.800000000000004
728,0.0017046928405761719,0.19,43.2
729,0.0005395412445068359,0.19,43.2
730,0.0013308525085449219,0.19,43.6
731,0.0007371902465820312,0.192,43.6
732,0.001764059066772461,0.194,43.6
733,0.001720428466796875,0.194,44.0
734,0.0005655288696289062,0.196,44.0
735,0.002313375473022461,0.196,44.0
736,0.001104116439819336,0.198,44.0
737,0.001966714859008789,0.198,44.0
738,0.0024878978729248047,0.198,43.6
739,0.002239704132080078,0.198,43.6
740,0.0006015300750732422,0.2,43.6
741,0.0014340877532958984,0.2,43.2
742,0.0007078647613525391,0.2,43.2
743,0.001661062240600586,0.2,43.2
744,0.0018742084503173828,0.2,42.800000000000004
745,0.002213716506958008,0.2,42.800000000000004
746,0.002080678939819336,0.2,42.400000000000006
747,0.0012388229370117188,0.2,42.400000000000006
748,0.0016722679138183594,0.2,42.0
749,0.0013437271118164062,0.198,42.0
750,0.0007872581481933594,0.198,41.6
751,0.0016353130340576172,0.196,41.6
752,0.001249551773071289,0.194,41.2
753,0.0014760494232177734,0.192,41.2
754,0.0018734931945800781,0.19,40.800000000000004
755,0.0019621849060058594,0.185,40.800000000000004
756,0.0006160736083984375,0.183,40.400000000000006
757,0.0017468929290771484,0.181,40.400000000000006
758,0.0005869865417480469,0.177,40.0
759,0.0017421245574951172,0.175,40.0
760,0.0015521049499511719,0.175,39.6
761,0.0008652210235595703,0.172,39.6
762,0.0016756057739257812,0.17,39.2
763,0.0006084442138671875,0.168,39.2
764,0.0022614002227783203,0.168,38.800000000000004
765,0.0005936622619628906,0.166,38.400000000000006
766,0.0016107559204101562,0.166,38.0
767,0.0005822181701660156,0.162,37.6
768,0.0012328624725341797,0.157,37.2
769,0.002241849899291992,0.155,36.800000000000004
770,0.0016613006591796875,0.155,36.4
771,0.001674652099609375,0.151,36.0
772,0.0011484622955322266,0.149,35.6
773,0.0022199153900146484,0.142,34.800000000000004
774,0.0012426376342773438,0.136,34.4
775,0.0006623268127441406,0.134,33.6
776,0.0012135505676269531,0.127,32.800000000000004
777,0.0008406639099121094,0.121,32.0
778,0.0017321109771728516,0.114,31.200000000000003
779,0.00072479248046875,0.11,30.400000000000002
780,0.0020928382873535156,0.106,29.6
781,0.0011913776397705078,0.106,28.8
782,0.0007340908050537109,0.103,27.6
783,0.001691579818725586,0.103,26.8
784,0.0013709068298339844,0.101,25.6
785,0.0019147396087646484,0.099,24.400000000000002
786,0.0012421607971191406,0.099,23.6
787,0.0010232925415039062,0.099,22.400000000000002
788,0.0012288093566894531,0.097,20.8
789,0.0013031959533691406,0.097,19.6
790,0.0017533302307128906,0.097,18.400000000000002
791,0.0015339851379394531,0.097,16.8
792,0.0012981891632080078,0.097,15.600000000000001
793,0.002184152603149414,0.097,14.4
794,0.0010230541229248047,0.097,12.8
795,0.0013208389282226562,0.097,11.600000000000001
796,0.0027632713317871094,0.097,10.4
797,0.0022187232971191406,0.097,9.200000000000001
798,0.002066373825073242,0.097,8.0
799,0.0006854534149169922,0.097,6.800000000000001
800,0.001506805419921875,0.097,5.6000000000000005
801,0.0006110668182373047,0.097,4.4
802,0.0018317699432373047,0.097,3.6
803,0.0020515918731689453,0.097,2.8000000000000003
804,0.001667022705078125,0.097,2.0
805,0.0005738735198974609,0.097,1.2000000000000002
806,0.0014102458953857422,0.097,0.8
807,0.0012366771697998047,0.097,0.4
808,0.0006880760192871094,0.097,0.0
809,0.001146554946899414,0.097,-0.4
810,0.0006055831909179688,0.097,-0.4
811,0.0015022754669189453,0.097,-0.4
812,0.0007989406585693359,0.097,0.0
813,0.0020036697387695312,0.097,0.0
814,0.0007665157318115234,0.097,0.4
815,0.0017774105072021484,0.097,0.8
816,0.0006885528564453125,0.101,1.2000000000000002
817,0.0011222362518310547,0.108,2.0
818,0.0006351470947265625,0.112,2.8000000000000003
819,0.002184629440307617,0.114,3.6
820,0.0008111000061035156,0.116,4.4
821,0.001417398452758789,0.121,5.6000000000000005
822,0.0005807876586914062,0.123,6.4
823,0.0013670921325683594,0.123,7.6000000000000005
824,0.0006337165832519531,0.123,8.8
825,0.0011720657348632812,0.123,10.0
826,0.0006992816925048828,0.125,11.200000000000001
827,0.0014681816101074219,0.125,12.4
828,0.0007503032684326172,0.125,14.0
829,0.0018007755279541016,0.125,15.200000000000001
830,0.0007815361022949219,0.127,16.400000000000002
831,0.001802206039428711,0.127,18.0
832,0.0007534027099609375,0.127,19.200000000000003
833,0.001680135726928711,0.127,20.8
834,0.0005743503570556641,0.127,22.0
835,0.0019865036010742188,0.131,23.200000000000003
836,0.002445220947265625,0.131,24.8
837,0.0005347728729248047,0.131,26.0
838,0.002018451690673828,0.131,27.200000000000003
839,0.0019865036010742188,0.131,28.400000000000002
840,0.0006513595581054688,0.131,29.200000000000003
841,0.0025260448455810547,0.131,30.400000000000002
842,0.001203298568725586,0.131,31.200000000000003
843,0.0006074905395507812,0.131,32.0
844,0.0021724700927734375,0.134,32.800000000000004
845,0.0014622211456298828,0.134,33.6
846,0.0015206336975097656,0.134,34.0
847,0.0019812583923339844,0.134,34.4
848,0.0015990734100341797,0.129,34.800000000000004
849,0.0019659996032714844,0.125,35.2
850,0.002103090286254883,0.121,35.2
851,0.0006082057952880859,0.114,35.2
852,0.002184152603149414,0.106,35.2
853,0.0016021728515625,0.103,35.2
854,0.0007245540618896484,0.099,34.800000000000004
855,0.0012581348419189453,0.095,34.4
856,0.0005903244018554688,0.08800000000000001,34.0
857,0.0013244152069091797,0.086,33.6
858,0.0020973682403564453,0.08199999999999999,32.800000000000004
859,0.002166271209716797,0.08199999999999999,32.0
860,0.0020880699157714844,0.08199999999999999,30.8
861,0.0008814334869384766,0.08199999999999999,30.0
862,0.0016946792602539062,0.08199999999999999,28.8
863,0.0006508827209472656,0.08199999999999999,27.200000000000003
864,0.002068042755126953,0.08199999999999999,26.0
865,0.002068042755126953,0.08199999999999999,26.0
866,0.0014142990112304688,0.08199999999999999,24.400000000000002
867,0.0009577274322509766,0.08199999999999999,22.8
868,0.0011906623840332031,0.08199999999999999,21.200000000000003
869,0.0007200241088867188,0.08199999999999999,19.200000000000003
870,0.002423524856567383,0.08199999999999999,17.6
871,0.0018324851989746094,0.08199999999999999,15.600000000000001
872,0.0011665821075439453,0.08199999999999999,14.0
873,0.0007617473602294922,0.08199999999999999,12.0
874,0.001943826675415039,0.08199999999999999,10.0
875,0.0013613700866699219,0.08199999999999999,8.0
876,0.0007028579711914062,0.08199999999999999,6.4
877,0.002247333526611328,0.08199999999999999,4.4
878,0.0007350444793701172,0.08199999999999999,2.8000000000000003
879,0.0017621517181396484,0.08199999999999999,1.2000000000000002
880,0.0007112026214599609,0.08199999999999999,-0.4
881,0.0018155574798583984,0.08199999999999999,-2.0
882,0.0006787776947021484,0.08199999999999999,-3.2
883,0.0012671947479248047,0.08199999999999999,-4.800000000000001
884,0.0013194084167480469,0.08199999999999999,-5.6000000000000005
885,0.0017371177673339844,0.08199999999999999,-6.800000000000001
886,0.0011820793151855469,0.08199999999999999,-7.6000000000000005
887,0.0023355484008789062,0.08199999999999999,-8.4
888,0.0022475719451904297,0.08199999999999999,-8.8
889,0.0005972385406494141,0.08199999999999999,-9.200000000000001
890,0.0018231868743896484,0.08199999999999999,-9.200000000000001
891,0.0017011165618896484,0.08199999999999999,-9.600000000000001
892,0.0014011859893798828,0.08199999999999999,-9.200000000000001
893,0.002393960952758789,0.08199999999999999,-9.200000000000001
894,0.0014100074768066406,0.08199999999999999,-8.4
895,0.0021250247955322266,0.08199999999999999,-8.0
896,0.0016489028930664062,0.08199999999999999,-7.2
897,0.0006358623504638672,0.08199999999999999,-6.4
898,0.0017464160919189453,0.091,-5.2
899,0.0011734962463378906,0.095,-4.0
900,0.0022857189178466797,0.097,-2.8000000000000003
901,0.0012288093566894531,0.103,-1.6
902,0.0016634464263916016,0.106,0.0
903,0.0012543201446533203,0.112,1.6
904,0.0016014575958251953,0.112,3.2
905,0.002048015594482422,0.112,4.800000000000001
906,0.0019690990447998047,0.116,6.800000000000001
907,0.0015802383422851562,0.116,8.4
908,0.00063323974609375,0.116,10.4
909,0.001705169677734375,0.116,12.0
910,0.0016057491302490234,0.116,14.0
911,0.0005900859832763672,0.116,16.0
912,0.0010523796081542969,0.116,18.0
913,0.00047707557678222656,0.116,20.0
914,0.0013854503631591797,0.116,21.6
915,0.0006744861602783203,0.116,23.6
916,0.0010573863983154297,0.116,25.200000000000003
917,0.002065420150756836,0.116,27.200000000000003
918,0.0007691383361816406,0.116,28.8
919,0.0012390613555908203,0.116,30.400000000000002
920,0.0005929470062255859,0.116,31.6
921,0.0024271011352539062,0.116,33.2
922,0.0021715164184570312,0.116,34.4
923,0.0007092952728271484,0.116,35.2
924,0.002574920654296875,0.119,36.4
925,0.0006248950958251953,0.123,37.2
926,0.0010156631469726562,0.125,38.0
927,0.0016033649444580078,0.127,38.400000000000006
928,0.0007021427154541016,0.129,38.800000000000004
929,0.0019071102142333984,0.134,39.2
930,0.0007140636444091797,0.138,39.2
931,0.0018110275268554688,0.14,39.2
932,0.0007371902465820312,0.14400000000000002,38.800000000000004
933,0.0018644332885742188,0.14400000000000002,38.400000000000006
934,0.0006952285766601562,0.14400000000000002,38.0
935,0.0018045902252197266,0.14400000000000002,37.6
936,0.0005822181701660156,0.14400000000000002,36.800000000000004
937,0.0027451515197753906,0.14400000000000002,36.0
938,0.0012934207916259766,0.14400000000000002,35.2
939,0.0006825923919677734,0.14400000000000002,34.4
940,0.0018548965454101562,0.14400000000000002,33.2
941,0.0006256103515625,0.14400000000000002,32.4
942,0.0017232894897460938,0.14400000000000002,31.200000000000003
943,0.0006608963012695312,0.14400000000000002,30.0
944,0.002245664596557617,0.14400000000000002,28.8
945,0.0016851425170898438,0.14400000000000002,27.6
946,0.0005452632904052734,0.14,26.400000000000002
947,0.0018486976623535156,0.134,25.200000000000003
948,0.0016007423400878906,0.134,24.0
949,0.0005686283111572266,0.134,22.8
950,0.0016372203826904297,0.134,21.6
951,0.0006060600280761719,0.134,20.400000000000002
952,0.0017380714416503906,0.134,19.200000000000003
953,0.0012199878692626953,0.134,18.0
954,0.0005970001220703125,0.134,16.8
955,0.0011570453643798828,0.134,16.0
956,0.0015902519226074219,0.134,14.8
957,0.0015826225280761719,0.134,14.0
958,0.002127408981323242,0.134,13.200000000000001
959,0.0015306472778320312,0.134,12.4
960,0.001527547836303711,0.134,11.600000000000001
961,0.0016121864318847656,0.134,11.200000000000001
962,0.0019390583038330078,0.134,10.4
963,0.0007500648498535156,0.134,10.0
964,0.0018184185028076172,0.134,9.600000000000001
965,0.0007982254028320312,0.134,9.600000000000001
966,0.0012018680572509766,0.134,9.200000000000001
967,0.0007355213165283203,0.134,9.200000000000001
968,0.00127410888671875,0.134,9.200000000000001
969,0.0006647109985351562,0.134,9.600000000000001
970,0.0017311573028564453,0.134,9.600000000000001
971,0.0015835762023925781,0.134,10.0
972,0.0015780925750732422,0.134,10.4
973,0.0017323493957519531,0.134,10.8
974,0.0013747215270996094,0.134,11.200000000000001
975,0.0007812976837158203,0.134,12.0
976,0.001758575439453125,0.136,12.8
977,0.0013010501861572266,0.138,13.600000000000001
978,0.0016071796417236328,0.142,14.4
979,0.002826213836669922,0.147,15.200000000000001
980,0.001268148422241211,0.155,16.0
981,0.0006494522094726562,0.159,16.8
982,0.0024690628051757812,0.162,18.0
983,0.0005643367767333984,0.16399999999999998,18.8
984,0.0021600723266601562,0.168,20.0
985,0.0016143321990966797,0.17,21.200000000000003
986,0.0015790462493896484,0.172,22.0
987,0.0015301704406738281,0.172,23.200000000000003
988,0.0017116069793701172,0.172,24.400000000000002
989,0.0006086826324462891,0.172,25.6
990,0.0018086433410644531,0.172,26.8
991,0.0005826950073242188,0.172,28.0
992,0.001294851303100586,0.172,29.200000000000003
993,0.0021402835845947266,0.172,30.400000000000002
994,0.0012054443359375,0.17,31.6
995,0.002094268798828125,0.16399999999999998,32.800000000000004
996,0.0014653205871582031,0.157,34.0
997,0.000579833984375,0.153,35.2
998,0.0014264583587646484,0.149,36.4
999,0.000553131103515625,0.142,37.2
1000,0.0017061233520507812,0.138,38.400000000000006
1001,0.0020804405212402344,0.131,39.2
1002,0.002161264419555664,0.125,40.400000000000006
1003,0.002066373825073242,0.119,41.2
1004,0.00203704833984375,0.11,41.6
1005,0.0010116100311279297,0.101,42.400000000000006
1006,0.0016863346099853516,0.097,42.800000000000004
1007,0.0015535354614257812,0.091,43.2
1008,0.0010302066802978516,0.086,43.2
1009,0.001251220703125,0.084,43.2
1010,0.001161336898803711,0.084,43.2
1011,0.0016481876373291016,0.084,42.800000000000004
1012,0.002008199691772461,0.084,42.0
1013,0.0021276473999023438,0.084,41.2
1014,0.0010924339294433594,0.084,40.400000000000006
1015,0.001913309097290039,0.084,39.2
1016,0.001913309097290039,0.084,39.2
1017,0.0017905235290527344,0.084,38.0
1018,0.0016021728515625,0.084,36.4
1019,0.000989675521850586,0.084,34.800000000000004
1020,0.0015110969543457031,0.084,32.800000000000004
1021,0.0008056163787841797,0.084,30.8
1022,0.0011200904846191406,0.084,28.8
1023,0.0004830360412597656,0.084,26.400000000000002
1024,0.001583099365234375,0.084,24.0
1025,0.00121307373046875,0.084,21.6
1026,0.0019712448120117188,0.084,18.8
1027,0.0016105175018310547,0.084,16.400000000000002
1028,0.0011801719665527344,0.084,14.0
1029,0.0006127357482910156,0.084,11.200000000000001
1030,0.001384735107421875,0.084,8.8
1031,0.0007412433624267578,0.084,6.0
1032,0.0018310546875,0.084,3.6
1033,0.0016655921936035156,0.084,1.2000000000000002
1034,0.0007166862487792969,0.084,-1.2000000000000002
1035,0.0019981861114501953,0.084,-3.6
1036,0.0008406639099121094,0.084,-5.6000000000000005
1037,0.001737833023071289,0.084,-7.6000000000000005
1038,0.0005719661712646484,0.084,-9.200000000000001
1039,0.0012862682342529297,0.084,-10.8
1040,0.0005424022674560547,0.084,-12.4
1041,0.0014178752899169922,0.084,-13.600000000000001
1042,0.0007410049438476562,0.084,-14.4
1043,0.0018534660339355469,0.084,-15.200000000000001
1044,0.0007023811340332031,0.084,-16.0
1045,0.0017421245574951172,0.084,-16.400000000000002
1046,0.0005819797515869141,0.084,-16.400000000000002
1047,0.001728057861328125,0.084,-16.400000000000002
1048,0.001773834228515625,0.084,-16.0
1049,0.0005519390106201172,0.084,-15.200000000000001
1050,0.0018389225006103516,0.084,-14.8
1051,0.0006155967712402344,0.084,-13.600000000000001
1052,0.0018439292907714844,0.084,-12.4
1053,0.0019085407257080078,0.084,-11.200000000000001
1054,0.0007126331329345703,0.084,-9.600000000000001
1055,0.001157999038696289,0.084,-8.0
1056,0.0005612373352050781,0.084,-6.0
1057,0.002185821533203125,0.084,-4.0
1058,0.0010075569152832031,0.086,-2.0
1059,0.0017940998077392578,0.091,0.0
1060,0.0016171932220458984,0.097,2.4000000000000004
1061,0.0015685558319091797,0.106,4.800000000000001
1062,0.0015959739685058594,0.112,7.2
1063,0.0005822181701660156,0.116,9.600000000000001
1064,0.0019044876098632812,0.125,12.0
1065,0.0019664764404296875,0.127,14.0
1066,0.0008327960968017578,0.131,16.400000000000002
1067,0.0016841888427734375,0.131,18.8
1068,0.0006906986236572266,0.134,21.200000000000003
1069,0.0018780231475830078,0.134,23.6
1070,0.0006394386291503906,0.138,25.6
1071,0.001779794692993164,0.138,27.6
1072,0.002170085906982422,0.14,29.6
1073,0.0007748603820800781,0.14,31.6
1074,0.0016934871673583984,0.14,33.6
1075,0.0005848407745361328,0.142,35.2
1076,0.003091096878051758,0.142,37.2
1077,0.0007026195526123047,0.142,38.800000000000004
1078,0.001959562301635742,0.142,40.0
1079,0.0017516613006591797,0.149,41.2
1080,0.0005576610565185547,0.149,42.400000000000006
1081,0.001760244369506836,0.151,43.6
1082,0.0005404949188232422,0.151,44.400000000000006
1083,0.0017380714416503906,0.153,45.2
1084,0.0006134510040283203,0.153,45.6
1085,0.0011150836944580078,0.153,46.0
1086,0.0005662441253662109,0.153,46.400000000000006
1087,0.0017757415771484375,0.153,46.400000000000006
1088,0.0005443096160888672,0.153,46.400000000000006
1089,0.0014879703521728516,0.151,46.400000000000006
1090,0.0018417835235595703,0.151,46.0
1091,0.0007348060607910156,0.149,45.6
1092,0.0017845630645751953,0.147,45.2
1093,0.000629425048828125,0.142,44.800000000000004
1094,0.0019524097442626953,0.136,44.0
1095,0.0007646083831787109,0.129,43.2
1096,0.001300811767578125,0.123,42.0
1097,0.0019872188568115234,0.121,40.800000000000004
1098,0.0005657672882080078,0.114,39.6
1099,0.001428842544555664,0.114,38.400000000000006
1100,0.0011851787567138672,0.114,37.2
1101,0.0020055770874023438,0.108,35.6
1102,0.0005691051483154297,0.106,34.0
1103,0.001264810562133789,0.101,32.4
1104,0.0010941028594970703,0.101,30.400000000000002
1105,0.0004730224609375,0.095,28.8
1106,0.0015294551849365234,0.093,26.8
1107,0.0006704330444335938,0.08800000000000001,24.8
1108,0.0019068717956542969,0.086,22.8
1109,0.001659393310546875,0.086,20.400000000000002
1110,0.0015819072723388672,0.086,18.400000000000002
1111,0.0009233951568603516,0.086,16.400000000000002
1112,0.002421855926513672,0.086,14.0
1113,0.0024261474609375,0.086,12.0
1114,0.0006844997406005859,0.086,10.0
1115,0.0011820793151855469,0.086,7.6000000000000005
1116,0.0006422996520996094,0.086,5.6000000000000005
1117,0.0020055770874023438,0.086,3.6
1118,0.0007295608520507812,0.086,1.6
1119,0.0007014274597167969,0.086,-0.4
1120,0.0006334781646728516,0.086,-2.0
1121,0.0016505718231201172,0.086,-3.6
1122,0.0011458396911621094,0.086,-5.2
1123,0.0006225109100341797,0.086,-6.4
1124,0.001337289810180664,0.086,-7.6000000000000005
1125,0.0006396770477294922,0.086,-8.8
1126,0.0022127628326416016,0.086,-9.600000000000001
1127,0.0009784698486328125,0.086,-10.4
1128,0.00058746337890625,0.086,-10.8
1129,0.0005044937133789062,0.086,-11.200000000000001
1130,0.001967906951904297,0.086,-11.200000000000001
1131,0.0005955696105957031,0.086,-11.200000000000001
1132,0.0024144649505615234,0.086,-10.8
1133,0.0005559921264648438,0.086,-10.4
1134,0.0017223358154296875,0.08800000000000001,-10.0
1135,0.0007612705230712891,0.091,-9.200000000000001
1136,0.0009860992431640625,0.095,-8.4
1137,0.0005445480346679688,0.103,-7.2
1138,0.00047969818115234375,0.112,-6.0
1139,0.0021948814392089844,0.119,-4.4
1140,0.00057220458984375,0.127,-3.2
1141,0.0018033981323242188,0.134,-1.6
1142,0.0006666183471679688,0.14,0.4
1143,0.0017137527465820312,0.147,2.0
1144,0.0006458759307861328,0.151,4.0
1145,0.0005006790161132812,0.153,6.0
1146,0.002521991729736328,0.157,8.4
1147,0.0019185543060302734,0.16399999999999998,10.4
1148,0.000598907470703125,0.16399999999999998,12.8
1149,0.002742767333984375,0.17,14.8
1150,0.0005655288696289062,0.172,17.2
1151,0.0017063617706298828,0.177,19.6
1152,0.0021822452545166016,0.177,22.0
1153,0.0007340908050537109,0.181,24.8
1154,0.0010797977447509766,0.183,27.200000000000003
1155,0.0012202262878417969,0.183,29.6
1156,0.0021131038665771484,0.185,32.0
1157,0.001157999038696289,0.185,34.4
1158,0.0027077198028564453,0.185,36.800000000000004
1159,0.0021359920501708984,0.19,39.2
1160,0.0010776519775390625,0.19,41.6
1161,0.0011425018310546875,0.192,44.0
1162,0.0016124248504638672,0.192,46.0
1163,0.0010328292846679688,0.194,48.400000000000006
1164,0.0008480548858642578,0.194,50.400000000000006
1165,0.0010297298431396484,0.194,52.400000000000006
1166,0.0016171932220458984,0.194,54.0
1167,0.0016171932220458984,0.194,54.0
1168,0.002104043960571289,0.194,56.0
1169,0.0008852481842041016,0.194,57.6
1170,0.0018324851989746094,0.188,58.800000000000004
1171,0.0008053779602050781,0.183,60.400000000000006
1172,0.0017859935760498047,0.175,61.6
1173,0.0007109642028808594,0.166,62.800000000000004
1174,0.002212047576904297,0.162,64.0
1175,0.0006077289581298828,0.155,64.8
1176,0.0021712779998779297,0.149,65.60000000000001
1177,0.0017495155334472656,0.142,66.0
1178,0.0006248950958251953,0.134,66.4
1179,0.0018455982208251953,0.129,66.4
1180,0.0005831718444824219,0.123,66.4
1181,0.001337289810180664,0.123,66.4
1182,0.0007522106170654297,0.123,66.0
1183,0.0017747879028320312,0.119,65.2
1184,0.000530242919921875,0.119,64.4
1185,0.0012521743774414062,0.119,63.2
1186,0.0011508464813232422,0.119,62.0
1187,0.0005795955657958984,0.119,60.400000000000006
1188,0.0018122196197509766,0.119,58.400000000000006
1189,0.0007026195526123047,0.119,56.400000000000006
1190,0.001871347427368164,0.119,54.0
1191,0.0005314350128173828,0.119,51.6
1192,0.002313852310180664,0.119,48.800000000000004
1193,0.0005435943603515625,0.116,46.0
1194,0.0014300346374511719,0.116,42.800000000000004
1195,0.0010128021240234375,0.116,39.6
1196,0.0006983280181884766,0.116,36.0
1197,0.0017871856689453125,0.116,32.800000000000004
1198,0.0017170906066894531,0.116,29.200000000000003
1199,0.0005395412445068359,0.116,25.6
1200,0.0019273757934570312,0.116,21.6
1201,0.0005297660827636719,0.116,18.0
1202,0.0012798309326171875,0.116,14.4
1203,0.00069427490234375,0.116,10.8
1204,0.0013072490692138672,0.116,7.2
1205,0.0019724369049072266,0.116,3.6
1206,0.0006937980651855469,0.116,0.4
1207,0.0017499923706054688,0.116,-2.8000000000000003
1208,0.0005521774291992188,0.116,-5.6000000000000005
1209,0.001882314682006836,0.116,-8.4
1210,0.0005924701690673828,0.116,-11.200000000000001
1211,0.0018336772918701172,0.116,-13.600000000000001
1212,0.0012240409851074219,0.116,-15.600000000000001
1213,0.0017862319946289062,0.116,-17.2
1214,0.0020592212677001953,0.116,-18.8
1215,0.001264810562133789,0.116,-20.0
1216,0.0012269020080566406,0.116,-20.8
1217,0.0015106201171875,0.116,-21.200000000000003
1218,0.0008943080902099609,0.116,-21.6
1219,0.0017428398132324219,0.116,-21.200000000000003
1220,0.0007777214050292969,0.116,-20.8
1221,0.0017774105072021484,0.116,-20.0
1222,0.0008106231689453125,0.116,-19.200000000000003
1223,0.0016553401947021484,0.116,-18.0
1224,0.0007843971252441406,0.116,-16.400000000000002
1225,0.002152681350708008,0.116,-14.4
1226,0.0007929801940917969,0.116,-12.4
1227,0.0014083385467529297,0.116,-10.0
1228,0.0021207332611083984,0.116,-7.6000000000000005
1229,0.0007016658782958984,0.116,-4.800000000000001
1230,0.0018053054809570312,0.116,-2.0
1231,0.0005555152893066406,0.116,1.2000000000000002
1232,0.0017657279968261719,0.116,4.4
1233,0.0006265640258789062,0.116,7.6000000000000005
1234,0.0017859935760498047,0.116,10.8
1235,0.0006983280181884766,0.116,14.0
1236,0.0012972354888916016,0.116,17.6
1237,0.0005342960357666016,0.116,20.8
1238,0.0016181468963623047,0.116,24.0
1239,0.0017383098602294922,0.116,27.200000000000003
1240,0.000579833984375,0.114,30.400000000000002
1241,0.0017859935760498047,0.112,33.6
1242,0.0006470680236816406,0.108,36.4
1243,0.0017483234405517578,0.103,39.2
1244,0.0006787776947021484,0.093,41.6
1245,0.0018429756164550781,0.08800000000000001,44.0
1246,0.0005433559417724609,0.08199999999999999,46.400000000000006
1247,0.0018396377563476562,0.078,48.400000000000006
1248,0.0005819797515869141,0.071,50.0
1249,0.0018076896667480469,0.071,51.6
1250,0.0005588531494140625,0.071,52.800000000000004
1251,0.0017910003662109375,0.071,53.6
1252,0.0005586147308349609,0.071,54.400000000000006
1253,0.0017960071563720703,0.071,54.800000000000004
1254,0.0005154609680175781,0.071,54.800000000000004
1255,0.0018546581268310547,0.071,54.800000000000004
1256,0.002131223678588867,0.071,54.400000000000006
1257,0.0007655620574951172,0.071,53.6
1258,0.0011298656463623047,0.071,52.400000000000006
1259,0.0016279220581054688,0.071,50.800000000000004
1260,0.0006895065307617188,0.071,49.2
1261,0.0017778873443603516,0.071,47.2
1262,0.0016002655029296875,0.071,45.2
1263,0.001046895980834961,0.071,42.800000000000004
1264,0.0007929801940917969,0.069,40.0
1265,0.0011844635009765625,0.069,37.2
1266,0.0015857219696044922,0.069,34.0
1267,0.0016014575958251953,0.069,30.8
1268,0.0015130043029785156,0.069,27.200000000000003
1269,0.002135753631591797,0.069,23.6
1270,0.0008993148803710938,0.069,20.0
1271,0.0016922950744628906,0.069,16.400000000000002
1272,0.0007855892181396484,0.069,12.4
1273,0.0016980171203613281,0.069,8.8
1274,0.000579833984375,0.069,4.800000000000001
1275,0.001359701156616211,0.069,1.2000000000000002
1276,0.0006034374237060547,0.069,-2.4000000000000004
1277,0.001890420913696289,0.069,-6.0
1278,0.0007083415985107422,0.069,-9.600000000000001
1279,0.001928091049194336,0.069,-12.8
1280,0.0010745525360107422,0.069,-16.0
1281,0.0007226467132568359,0.069,-18.8
1282,0.0016601085662841797,0.069,-21.6
1283,0.0007450580596923828,0.069,-24.0
1284,0.0017242431640625,0.069,-26.0
1285,0.0005550384521484375,0.069,-28.0
1286,0.0016312599182128906,0.069,-29.6
1287,0.0005543231964111328,0.069,-30.8
1288,0.0012717247009277344,0.069,-32.0
1289,0.0005555152893066406,0.069,-32.4
1290,0.0012469291687011719,0.069,-32.800000000000004
1291,0.0007166862487792969,0.069,-32.800000000000004
1292,0.0015952587127685547,0.069,-32.800000000000004
1293,0.0005557537078857422,0.069,-32.0
1294,0.0014710426330566406,0.069,-31.200000000000003
1295,0.0005352497100830078,0.069,-30.0
1296,0.0018353462219238281,0.069,-28.400000000000002
1297,0.0020482540130615234,0.069,-26.400000000000002
1298,0.0007467269897460938,0.069,-24.400000000000002
1299,0.0018992424011230469,0.069,-22.0
1300,0.0007183551788330078,0.069,-19.6
1301,0.0017991065979003906,0.069,-16.8
1302,0.0005259513854980469,0.069,-14.0
1303,0.001809835433959961,0.069,-10.8
1304,0.0005652904510498047,0.069,-7.6000000000000005
1305,0.001703500747680664,0.069,-4.0
1306,0.0015215873718261719,0.069,-0.4
1307,0.000621795654296875,0.069,2.8000000000000003
1308,0.0015149116516113281,0.069,6.4
1309,0.0015149116516113281,0.069,6.4
1310,0.0018694400787353516,0.069,10.0
1311,0.0015919208526611328,0.069,13.600000000000001
1312,0.0008587837219238281,0.069,16.8
1313,0.0016088485717773438,0.069,20.400000000000002
1314,0.0017037391662597656,0.069,23.6
1315,0.002062082290649414,0.069,26.8
1316,0.002042531967163086,0.069,29.6
1317,0.001035451889038086,0.069,32.4
1318,0.0012862682342529297,0.069,35.2
1319,0.00022077560424804688,0.069,37.6
1320,0.0019080638885498047,0.069,39.6
1321,0.0012118816375732422,0.069,41.6
1322,0.0014834403991699219,0.069,43.2
1323,0.0010690689086914062,0.069,44.800000000000004
1324,0.001817464828491211,0.069,46.0
1325,0.0009827613830566406,0.069,46.800000000000004
1326,0.0018439292907714844,0.069,47.2
1327,0.001529693603515625,0.069,47.6
1328,0.0006978511810302734,0.069,47.6
1329,0.001728057861328125,0.069,47.6
1330,0.0006132125854492188,0.069,46.800000000000004
1331,0.0015714168548583984,0.08,46.0
1332,0.0008943080902099609,0.101,45.2
1333,0.0017435550689697266,0.125,44.0
1334,0.0007793903350830078,0.138,42.400000000000006
1335,0.0017249584197998047,0.153,40.400000000000006
1336,0.0013427734375,0.157,38.400000000000006
1337,0.0005738735198974609,0.159,36.4
1338,0.0018911361694335938,0.159,34.0
1339,0.0007150173187255859,0.159,31.6
1340,0.002244234085083008,0.162,29.200000000000003
1341,0.00055694580078125,0.16399999999999998,26.400000000000002
1342,0.0018131732940673828,0.16399999999999998,24.0
1343,0.0006487369537353516,0.16399999999999998,21.200000000000003
1344,0.00140380859375,0.16399999999999998,18.8
1345,0.0005812644958496094,0.16399999999999998,16.0
1346,0.0018930435180664062,0.162,14.0
1347,0.0005443096160888672,0.159,11.600000000000001
1348,0.001588582992553711,0.155,9.600000000000001
1349,0.0006787776947021484,0.151,7.6000000000000005
1350,0.0012547969818115234,0.151,5.6000000000000005
1351,0.002025127410888672,0.149,4.0
1352,0.0005457401275634766,0.149,2.8000000000000003
1353,0.0017461776733398438,0.149,1.6
1354,0.0012149810791015625,0.149,0.4
1355,0.0005815029144287109,0.149,-0.4
1356,0.002142190933227539,0.149,-0.8
1357,0.0007870197296142578,0.149,-1.2000000000000002
1358,0.0017209053039550781,0.149,-1.6
1359,0.0009613037109375,0.149,-1.2000000000000002
1360,0.001796722412109375,0.149,-1.2000000000000002
1361,0.0013966560363769531,0.149,-0.8
1362,0.0012030601501464844,0.149,0.0
1363,0.0010495185852050781,0.149,0.8
1364,0.001924753189086914,0.149,2.0
1365,0.002235889434814453,0.149,2.8000000000000003
1366,0.0018825531005859375,0.149,4.4
1367,0.0013935565948486328,0.147,6.0
1368,0.002439260482788086,0.142,7.6000000000000005
1369,0.0019311904907226562,0.136,9.200000000000001
1370,0.0008170604705810547,0.127,11.200000000000001
1371,0.001744985580444336,0.119,13.200000000000001
1372,0.0008020401000976562,0.114,15.200000000000001
1373,0.0012652873992919922,0.112,17.2
1374,0.0005862712860107422,0.112,19.200000000000003
1375,0.0015797615051269531,0.11,21.200000000000003
1376,0.0007731914520263672,0.108,23.6
1377,0.0011639595031738281,0.108,25.6
1378,0.0006608963012695312,0.108,27.6
1379,0.0011560916900634766,0.108,29.6
1380,0.0014019012451171875,0.108,31.200000000000003
1381,0.0019767284393310547,0.108,33.2
1382,0.0007615089416503906,0.108,34.4
1383,0.0018134117126464844,0.106,36.0
1384,0.0007417201995849609,0.106,37.2
1385,0.0018689632415771484,0.106,38.400000000000006
1386,0.0007183551788330078,0.106,39.6
1387,0.0019655227661132812,0.106,40.400000000000006
1388,0.0011992454528808594,0.108,40.800000000000004
1389,0.0008237361907958984,0.108,41.2
1390,0.0021657943725585938,0.11,41.6
1391,0.001909494400024414,0.11,41.6
1392,0.0006101131439208984,0.11,41.6
1393,0.001821756362915039,0.11,41.2
1394,0.0005528926849365234,0.11,40.800000000000004
1395,0.0014042854309082031,0.11,40.0
1396,0.0007531642913818359,0.11,39.2
1397,0.0017421245574951172,0.11,38.400000000000006
1398,0.0006606578826904297,0.11,37.2
1399,0.0012464523315429688,0.11,36.0
1400,0.0007698535919189453,0.11,34.800000000000004
1401,0.0018780231475830078,0.112,33.2
1402,0.0012307167053222656,0.112,31.6
1403,0.0006780624389648438,0.112,29.6
1404,0.0009951591491699219,0.112,28.0
1405,0.0004665851593017578,0.112,26.0
1406,0.0005042552947998047,0.112,24.0
1407,0.0024595260620117188,0.112,22.0
1408,0.0007529258728027344,0.112,20.0
1409,0.0014503002166748047,0.112,18.0
1410,0.0009098052978515625,0.112,16.0
1411,0.0017766952514648438,0.112,14.0
1412,0.0006251335144042969,0.112,12.0
1413,0.0016775131225585938,0.112,10.0
1414,0.0017156600952148438,0.112,8.0
1415,0.001458883285522461,0.112,6.0
1416,0.0013070106506347656,0.112,4.4
1417,0.0016338825225830078,0.112,2.8000000000000003
1418,0.00244140625,0.112,1.2000000000000002
1419,0.0019114017486572266,0.112,0.0
1420,0.0010614395141601562,0.112,-1.6
1421,0.001739501953125,0.112,-2.4000000000000004
1422,0.0007076263427734375,0.112,-3.6
1423,0.0023229122161865234,0.112,-4.4
1424,0.0005991458892822266,0.112,-4.800000000000001
1425,0.0025777816772460938,0.112,-5.2
1426,0.0007343292236328125,0.112,-5.6000000000000005
1427,0.001880645751953125,0.112,-5.6000000000000005
1428,0.0006060600280761719,0.112,-5.6000000000000005
1429,0.0031120777130126953,0.114,-5.2
1430,0.0011627674102783203,0.119,-4.800000000000001
1431,0.0006053447723388672,0.123,-4.4
1432,0.001753091812133789,0.127,-3.6
1433,0.0006844997406005859,0.129,-2.4000000000000004
1434,0.0017981529235839844,0.129,-1.6
1435,0.0006809234619140625,0.129,-0.4
1436,0.0017392635345458984,0.129,1.2000000000000002
1437,0.0006840229034423828,0.129,2.8000000000000003
1438,0.0012176036834716797,0.129,4.4
1439,0.001173257827758789,0.129,6.0
1440,0.000659942626953125,0.129,7.6000000000000005
1441,0.002506732940673828,0.129,9.600000000000001
1442,0.0018906593322753906,0.134,11.600000000000001
1443,0.0007653236389160156,0.134,13.600000000000001
1444,0.0017147064208984375,0.136,15.600000000000001
1445,0.0006725788116455078,0.136,17.6
1446,0.0015366077423095703,0.136,20.0
1447,0.0011622905731201172,0.136,22.0
1448,0.0007131099700927734,0.136,24.0
1449,0.0017096996307373047,0.136,26.0
1450,0.0023720264434814453,0.136,28.0
1451,0.0007214546203613281,0.136,30.0
1452,0.0017151832580566406,0.14,31.6
1453,0.0005922317504882812,0.14,33.6
1454,0.0016605854034423828,0.14,35.2
1455,0.0005483627319335938,0.14,36.800000000000004
1456,0.002151012420654297,0.142,38.0
1457,0.0023310184478759766,0.14400000000000002,39.6
1458,0.000774383544921875,0.147,40.800000000000004
1459,0.001825571060180664,0.149,41.6
1460,0.001825571060180664,0.151,41.6
1461,0.001890420913696289,0.155,42.800000000000004
1462,0.0005869865417480469,0.155,43.6
1463,0.001697540283203125,0.159,44.0
1464,0.0005426406860351562,0.159,44.800000000000004
1465,0.0018734931945800781,0.162,45.2
1466,0.0015795230865478516,0.16399999999999998,45.2
1467,0.0007233619689941406,0.166,45.6
1468,0.0013737678527832031,0.166,45.6
1469,0.0006353855133056641,0.168,45.2
1470,0.0024445056915283203,0.172,45.2
1471,0.0006351470947265625,0.172,44.800000000000004
1472,0.0011670589447021484,0.172,44.400000000000006
1473,0.0016789436340332031,0.172,43.6
1474,0.0007548332214355469,0.177,43.2
1475,0.0011248588562011719,0.179,42.400000000000006
1476,0.0007565021514892578,0.179,41.6
1477,0.0012714862823486328,0.179,40.800000000000004
1478,0.0007288455963134766,0.179,40.0
1479,0.0018374919891357422,0.179,38.800000000000004
1480,0.0005967617034912109,0.179,38.0
1481,0.0018680095672607422,0.179,36.800000000000004
1482,0.0005371570587158203,0.179,36.0
1483,0.001283407211303711,0.179,34.800000000000004
1484,0.0017936229705810547,0.179,34.0
1485,0.000568389892578125,0.179,32.800000000000004
1486,0.0017347335815429688,0.179,31.6
1487,0.0005850791931152344,0.183,30.8
1488,0.0018591880798339844,0.183,30.0
1489,0.000614166259765625,0.183,28.8
1490,0.0013701915740966797,0.183,28.0
1491,0.0005502700805664062,0.183,27.200000000000003
1492,0.0018885135650634766,0.183,26.400000000000002
1493,0.0015981197357177734,0.185,25.6
1494,0.0005657672882080078,0.185,25.200000000000003
1495,0.0017957687377929688,0.185,24.400000000000002
1496,0.0017271041870117188,0.185,24.0
1497,0.0005440711975097656,0.185,23.6
1498,0.0012116432189941406,0.185,23.200000000000003
1499,0.0006847381591796875,0.185,23.200000000000003
1500,0.0019259452819824219,0.185,22.8
1501,0.0006673336029052734,0.185,22.8
1502,0.0018579959869384766,0.185,22.8
1503,0.0007607936859130859,0.185,23.200000000000003
1504,0.0018470287322998047,0.185,23.200000000000003
1505,0.0015993118286132812,0.185,23.6
1506,0.0006921291351318359,0.185,24.0
1507,0.001871347427368164,0.185,24.400000000000002
1508,0.0005574226379394531,0.185,25.200000000000003
1509,0.0017473697662353516,0.185,25.6
1510,0.0005562305450439453,0.185,26.400000000000002
1511,0.0018765926361083984,0.185,27.200000000000003
1512,0.0013475418090820312,0.185,28.0
1513,0.0005898475646972656,0.185,28.8
1514,0.0017688274383544922,0.185,29.6
1515,0.0008187294006347656,0.185,30.8
1516,0.0012052059173583984,0.185,31.6
1517,0.0016503334045410156,0.185,32.800000000000004
1518,0.0007669925689697266,0.185,33.6
1519,0.0018138885498046875,0.185,34.800000000000004
1520,0.0009245872497558594,0.185,35.6
1521,0.0018186569213867188,0.185,36.800000000000004
1522,0.0007576942443847656,0.185,37.6
1523,0.0019850730895996094,0.185,38.800000000000004
1524,0.0007181167602539062,0.185,39.6
1525,0.0014677047729492188,0.185,40.400000000000006
1526,0.0007631778717041016,0.185,41.6
1527,0.0017313957214355469,0.181,42.400000000000006
1528,0.0018055438995361328,0.175,43.2
1529,0.0016341209411621094,0.168,44.0
1530,0.0011594295501708984,0.159,44.800000000000004
1531,0.0013546943664550781,0.151,45.2
1532,0.0008351802825927734,0.147,46.0
1533,0.0017685890197753906,0.14,46.400000000000006
1534,0.0017096996307373047,0.136,46.800000000000004
1535,0.0008580684661865234,0.131,47.2
1536,0.0018148422241210938,0.127,47.2
1537,0.0013384819030761719,0.123,47.6
1538,0.0006158351898193359,0.119,47.6
1539,0.0013422966003417969,0.119,47.2
1540,0.0007100105285644531,0.114,46.800000000000004
1541,0.0005049705505371094,0.112,46.400000000000006
1542,0.0005168914794921875,0.108,45.6
1543,0.0017690658569335938,0.106,44.800000000000004
1544,0.0005280971527099609,0.106,44.0
1545,0.001252889633178711,0.106,42.800000000000004
1546,0.0016410350799560547,0.106,41.2
1547,0.0007419586181640625,0.106,40.0
1548,0.0017788410186767578,0.106,38.0
1549,0.0005817413330078125,0.106,36.4
1550,0.0017480850219726562,0.103,34.4
1551,0.0005669593811035156,0.097,32.4
1552,0.001646280288696289,0.095,30.0
1553,0.0012936592102050781,0.095,28.0
1554,0.0007054805755615234,0.095,25.6
1555,0.0017790794372558594,0.093,23.200000000000003
1556,0.0006721019744873047,0.091,20.8
1557,0.0018134117126464844,0.086,18.0
1558,0.0007979869842529297,0.086,15.600000000000001
1559,0.001734018325805664,0.086,13.200000000000001
1560,0.0007700920104980469,0.086,10.4
1561,0.001867055892944336,0.086,8.0
1562,0.0005795955657958984,0.086,5.6000000000000005
1563,0.0013251304626464844,0.086,3.2
1564,0.0006694793701171875,0.086,0.8
1565,0.0018053054809570312,0.086,-1.2000000000000002
1566,0.0012097358703613281,0.086,-3.2
1567,0.0016934871673583984,0.086,-5.2
1568,0.0008378028869628906,0.086,-7.2
1569,0.001817941665649414,0.086,-8.8
1570,0.0008108615875244141,0.086,-10.0
1571,0.0018947124481201172,0.086,-11.600000000000001
1572,0.0008192062377929688,0.086,-12.4
1573,0.0017921924591064453,0.086,-13.600000000000001
1574,0.0005946159362792969,0.086,-14.0
1575,0.0017406940460205078,0.086,-14.4
1576,0.001590728759765625,0.086,-14.8
1577,0.0007441043853759766,0.086,-14.8
1578,0.0018150806427001953,0.086,-14.8
1579,0.0008473396301269531,0.086,-14.4
1580,0.0016820430755615234,0.086,-13.600000000000001
1581,0.0007169246673583984,0.086,-12.8
1582,0.0018668174743652344,0.086,-11.600000000000001
1583,0.0005745887756347656,0.086,-10.8
1584,0.0015571117401123047,0.086,-9.200000000000001
1585,0.0005536079406738281,0.086,-7.6000000000000005
1586,0.0011687278747558594,0.086,-6.0
1587,0.0005693435668945312,0.086,-4.4
1588,0.0019214153289794922,0.086,-2.4000000000000004
1589,0.001607656478881836,0.086,-0.4
1590,0.0005471706390380859,0.086,2.0
1591,0.0016434192657470703,0.086,4.0
1592,0.0016789436340332031,0.086,6.4
1593,0.0006270408630371094,0.086,8.4
1594,0.0017545223236083984,0.086,10.8
1595,0.0005469322204589844,0.086,13.200000000000001
1596,0.0011932849884033203,0.086,15.200000000000001
1597,0.0013442039489746094,0.086,17.6
1598,0.0005490779876708984,0.086,19.6
1599,0.0017766952514648438,0.086,22.0
1600,0.0017940998077392578,0.086,24.0
1601,0.0006589889526367188,0.086,25.6
1602,0.0016884803771972656,0.086,27.6
1603,0.0006892681121826172,0.086,29.200000000000003
1604,0.0018134117126464844,0.086,30.8
1605,0.0005514621734619141,0.086,32.0
1606,0.0012357234954833984,0.086,33.2
1607,0.0016150474548339844,0.086,34.4
1608,0.0005540847778320312,0.086,35.2
1609,0.0017342567443847656,0.086,36.0
1610,0.0017342567443847656,0.086,36.0
1611,0.0014634132385253906,0.086,36.4
1612,0.0006723403930664062,0.086,36.800000000000004
1613,0.0012295246124267578,0.086,36.800000000000004
1614,0.0011320114135742188,0.086,36.800000000000004
1615,0.0008020401000976562,0.086,36.4
1616,0.0014417171478271484,0.097,36.0
1617,0.0004994869232177734,0.121,35.6
1618,0.0007581710815429688,0.138,34.800000000000004
1619,0.0010552406311035156,0.153,33.6
1620,0.0007293224334716797,0.159,32.4
1621,0.0021572113037109375,0.162,31.200000000000003
1622,0.0006771087646484375,0.162,30.0
1623,0.0016973018646240234,0.162,28.400000000000002
1624,0.0005846023559570312,0.162,26.8
1625,0.0018413066864013672,0.162,25.200000000000003
1626,0.0006160736083984375,0.162,23.6
1627,0.0013027191162109375,0.162,20.400000000000002
1628,0.0007693767547607422,0.162,18.8
1629,0.0012962818145751953,0.162,17.2
1630,0.0007503032684326172,0.162,16.0
1631,0.0024290084838867188,0.162,14.4
1632,0.0005662441253662109,0.162,13.200000000000001
1633,0.001369476318359375,0.162,12.4
1634,0.0016384124755859375,0.162,11.200000000000001
1635,0.0005788803100585938,0.162,10.4
1636,0.0016825199127197266,0.162,10.0
1637,0.0006339550018310547,0.162,9.600000000000001
1638,0.002263307571411133,0.162,9.200000000000001
1639,0.0007808208465576172,0.159,8.8
1640,0.0012552738189697266,0.155,8.8
1641,0.0016090869903564453,0.147,8.8
1642,0.0016469955444335938,0.138,9.200000000000001
1643,0.000705718994140625,0.134,9.600000000000001
1644,0.001844644546508789,0.129,10.0
1645,0.0005707740783691406,0.123,10.8
1646,0.0016956329345703125,0.121,11.600000000000001
1647,0.0007050037384033203,0.116,12.4
1648,0.0018835067749023438,0.116,13.200000000000001
1649,0.0005345344543457031,0.114,14.4
1650,0.0018317699432373047,0.112,15.600000000000001
1651,0.0015876293182373047,0.108,16.400000000000002
1652,0.0006482601165771484,0.101,17.6
1653,0.001739501953125,0.101,18.8
1654,0.0005483627319335938,0.101,20.0
1655,0.0015189647674560547,0.097,20.8
1656,0.0006735324859619141,0.097,22.0
1657,0.0022673606872558594,0.097,22.8
1658,0.0005240440368652344,0.097,24.0
1659,0.0017969608306884766,0.097,24.8
1660,0.0005304813385009766,0.097,25.6
1661,0.001226663589477539,0.097,26.0
1662,0.0006825923919677734,0.097,26.8
1663,0.0013537406921386719,0.097,27.200000000000003
1664,0.0006449222564697266,0.097,27.6
1665,0.0016345977783203125,0.097,28.0
1666,0.0022110939025878906,0.097,28.0
1667,0.0007696151733398438,0.097,28.0
1668,0.001272439956665039,0.097,28.0
1669,0.0008807182312011719,0.097,28.0
1670,0.002072572708129883,0.097,27.6
1671,0.0016453266143798828,0.097,27.6
1672,0.0006096363067626953,0.097,26.8
1673,0.001451253890991211,0.097,26.400000000000002
1674,0.0007357597351074219,0.097,25.6
1675,0.0017642974853515625,0.097,25.200000000000003
1676,0.0006563663482666016,0.097,24.400000000000002
1677,0.0018916130065917969,0.093,23.200000000000003
1678,0.0006756782531738281,0.091,22.400000000000002
1679,0.001817464828491211,0.091,21.200000000000003
1680,0.0011870861053466797,0.091,20.400000000000002
1681,0.0006196498870849609,0.091,19.200000000000003
1682,0.0012636184692382812,0.08800000000000001,18.0
1683,0.0022039413452148438,0.08800000000000001,16.8
1684,0.0007252693176269531,0.08800000000000001,15.600000000000001
1685,0.001814126968383789,0.086,14.4
1686,0.0011012554168701172,0.086,13.200000000000001
1687,0.00069427490234375,0.086,12.0
1688,0.0014145374298095703,0.084,10.8
1689,0.001260995864868164,0.084,9.600000000000001
1690,0.0005662441253662109,0.084,8.4
1691,0.0013248920440673828,0.084,7.2
1692,0.001636505126953125,0.084,6.0
1693,0.001150369644165039,0.084,4.800000000000001
1694,0.002004861831665039,0.084,4.0
1695,0.0005922317504882812,0.084,3.2
1696,0.0017435550689697266,0.084,2.0
1697,0.0008196830749511719,0.084,1.2000000000000002
1698,0.0012030601501464844,0.093,0.8
1699,0.0005671977996826172,0.103,0.0
1700,0.0013146400451660156,0.11,-0.4
1701,0.00054931640625,0.121,-0.8
1702,0.0014476776123046875,0.125,-1.2000000000000002
1703,0.001134634017944336,0.129,-1.6
1704,0.0006837844848632812,0.134,-1.6
1705,0.0017507076263427734,0.134,-1.6
1706,0.000667572021484375,0.136,-1.2000000000000002
1707,0.0017659664154052734,0.136,-1.2000000000000002
1708,0.0007462501525878906,0.14,-0.4
1709,0.001804351806640625,0.14,0.0
1710,0.0016956329345703125,0.14,0.8
1711,0.0006163120269775391,0.14,1.6
1712,0.0013685226440429688,0.14,2.8000000000000003
1713,0.0019769668579101562,0.14,4.0
1714,0.0011715888977050781,0.142,5.2
1715,0.0020661354064941406,0.14400000000000002,6.800000000000001
1716,0.0006592273712158203,0.14400000000000002,8.0
1717,0.0012400150299072266,0.14400000000000002,9.600000000000001
1718,0.0007376670837402344,0.147,11.600000000000001
1719,0.0015709400177001953,0.149,13.200000000000001
1720,0.0016562938690185547,0.149,15.200000000000001
1721,0.0019724369049072266,0.149,17.2
1722,0.0007710456848144531,0.153,19.200000000000003
1723,0.0023889541625976562,0.155,20.8
1724,0.0006511211395263672,0.155,22.8
1725,0.001399993896484375,0.157,24.8
1726,0.0006642341613769531,0.157,26.8
1727,0.0012416839599609375,0.157,28.8
1728,0.0006783008575439453,0.159,30.8
1729,0.0017731189727783203,0.159,32.800000000000004
1730,0.0005905628204345703,0.159,34.4
1731,0.0012476444244384766,0.159,36.0
1732,0.0005819797515869141,0.159,38.0
1733,0.0018074512481689453,0.162,39.6
1734,0.0005345344543457031,0.162,40.800000000000004
1735,0.0017971992492675781,0.162,42.400000000000006
1736,0.00128173828125,0.162,43.6
1737,0.0006737709045410156,0.166,44.800000000000004
1738,0.0022840499877929688,0.166,46.0
1739,0.0005528926849365234,0.166,46.800000000000004
1740,0.0017299652099609375,0.166,47.6
1741,0.0007109642028808594,0.166,48.400000000000006
1742,0.0013079643249511719,0.166,49.2
1743,0.001163482666015625,0.166,49.6
1744,0.0007498264312744141,0.166,50.0
1745,0.0012736320495605469,0.166,50.0
1746,0.0008156299591064453,0.168,50.0
1747,0.0005726814270019531,0.168,50.0
1748,0.0021452903747558594,0.168,50.0
1749,0.0022652149200439453,0.168,49.6
1750,0.002061605453491211,0.168,49.2
1751,0.0011363029479980469,0.168,48.800000000000004
1752,0.0015385150909423828,0.168,48.0
1753,0.0007326602935791016,0.168,47.2
1754,0.001836538314819336,0.168,46.400000000000006
1755,0.001329660415649414,0.168,45.6
1756,0.0005598068237304688,0.168,44.800000000000004
1757,0.001873016357421875,0.168,43.6
1758,0.0006630420684814453,0.168,42.400000000000006
1759,0.001438140869140625,0.168,41.2
1760,0.0012865066528320312,0.168,39.6
1761,0.0012543201446533203,0.168,38.400000000000006
1762,0.0006880760192871094,0.168,36.800000000000004
1763,0.0013167858123779297,0.17,35.6
1764,0.0014319419860839844,0.172,34.0
1765,0.0014939308166503906,0.177,32.4
1766,0.0014939308166503906,0.177,32.4
1767,0.0004487037658691406,0.177,31.200000000000003
1768,0.0010173320770263672,0.177,29.6
1769,0.0011475086212158203,0.179,28.0
1770,0.0022788047790527344,0.179,26.8
1771,0.0016942024230957031,0.179,25.200000000000003
1772,0.000789642333984375,0.181,24.0
1773,0.0018320083618164062,0.183,22.8
1774,0.0020835399627685547,0.188,21.6
1775,0.0007488727569580078,0.19,20.400000000000002
1776,0.0018908977508544922,0.19,19.6
1777,0.0006053447723388672,0.192,18.400000000000002
1778,0.002462625503540039,0.194,18.0
1779,0.000713348388671875,0.194,17.2
1780,0.002428770065307617,0.194,16.8
1781,0.0007486343383789062,0.194,16.400000000000002
1782,0.0017809867858886719,0.194,16.0
1783,0.0006816387176513672,0.194,16.0
1784,0.0014691352844238281,0.194,16.400000000000002
1785,0.0005464553833007812,0.194,16.400000000000002
1786,0.0011963844299316406,0.194,17.2
1787,0.0006973743438720703,0.194,17.6
1788,0.0021309852600097656,0.194,18.400000000000002
1789,0.0005404949188232422,0.194,19.200000000000003
1790,0.0013718605041503906,0.194,20.400000000000002
1791,0.0005252361297607422,0.194,21.6
1792,0.001783132553100586,0.194,22.8
1793,0.001413583755493164,0.194,24.0
1794,0.0006482601165771484,0.194,25.6
1795,0.002635955810546875,0.194,27.200000000000003
1796,0.0005500316619873047,0.194,28.8
1797,0.0012619495391845703,0.194,30.400000000000002
1798,0.0006985664367675781,0.194,32.0
1799,0.0017240047454833984,0.194,33.6
1800,0.0005335807800292969,0.194,35.6
1801,0.001863241195678711,0.196,37.2
1802,0.0013241767883300781,0.196,39.2
1803,0.0006794929504394531,0.198,40.800000000000004
1804,0.001230001449584961,0.198,42.800000000000004
1805,0.0006482601165771484,0.198,44.400000000000006
1806,0.0018382072448730469,0.198,46.0
1807,0.0007083415985107422,0.198,47.6
1808,0.0014009475708007812,0.198,49.2
1809,0.0006902217864990234,0.198,50.800000000000004
1810,0.0018644332885742188,0.198,52.0
1811,0.0018923282623291016,0.198,53.2
1812,0.0007338523864746094,0.2,54.800000000000004
1813,0.00186920166015625,0.2,56.0
1814,0.0016930103302001953,0.2,56.800000000000004
1815,0.0016984939575195312,0.2,58.0
1816,0.002112150192260742,0.203,58.800000000000004
1817,0.0010037422180175781,0.205,59.6
1818,0.00048804283142089844,0.205,60.400000000000006
1819,0.0010695457458496094,0.207,60.800000000000004
1820,0.0008103847503662109,0.207,61.2
1821,0.0018427371978759766,0.207,61.6
1822,0.0017895698547363281,0.207,62.0
1823,0.0006120204925537109,0.209,62.0
1824,0.0015254020690917969,0.211,62.400000000000006
1825,0.0017383098602294922,0.211,62.400000000000006
1826,0.0016341209411621094,0.211,62.400000000000006
1827,0.0008165836334228516,0.211,62.0
1828,0.0016646385192871094,0.211,62.0
1829,0.0006191730499267578,0.211,61.6
1830,0.002179861068725586,0.211,61.2
1831,0.0007486343383789062,0.211,60.800000000000004
1832,0.001741647720336914,0.213,60.0
1833,0.0007112026214599609,0.213,59.6
1834,0.0018453598022460938,0.21600000000000005,58.800000000000004
1835,0.0005724430084228516,0.21600000000000005,58.0
1836,0.0017268657684326172,0.21600000000000005,57.6
1837,0.0006623268127441406,0.21600000000000005,56.800000000000004
1838,0.0025153160095214844,0.218,56.0
1839,0.0007781982421875,0.218,54.800000000000004
1840,0.0011303424835205078,0.22,54.0
1841,0.0006966590881347656,0.22,53.2
1842,0.0017104148864746094,0.22,52.400000000000006
1843,0.0005459785461425781,0.22,51.2
1844,0.0018019676208496094,0.22,50.400000000000006
1845,0.0015959739685058594,0.22,49.2
1846,0.002092599868774414,0.21600000000000005,48.400000000000006
1847,0.002008676528930664,0.205,47.6
1848,0.0015866756439208984,0.198,46.800000000000004
1849,0.0006091594696044922,0.188,45.6
1850,0.0012443065643310547,0.183,44.800000000000004
1851,0.0006270408630371094,0.183,44.0
1852,0.002479076385498047,0.179,43.2
1853,0.0016796588897705078,0.175,42.800000000000004
1854,0.001641988754272461,0.166,42.0
1855,0.0018451213836669922,0.159,41.2
1856,0.0021409988403320312,0.155,40.400000000000006
1857,0.0005712509155273438,0.149,39.6
1858,0.0016143321990966797,0.142,38.800000000000004
1859,0.0007097721099853516,0.14,38.0
1860,0.002331972122192383,0.138,37.2
1861,0.0013308525085449219,0.134,36.4
1862,0.0020956993103027344,0.127,35.2
1863,0.001898050308227539,0.119,34.4
1864,0.0013194084167480469,0.116,33.2
1865,0.0020987987518310547,0.116,32.0
1866,0.0007178783416748047,0.116,30.8
1867,0.001821279525756836,0.116,29.6
1868,0.001749277114868164,0.116,28.400000000000002
1869,0.001600027084350586,0.116,27.200000000000003
1870,0.002128124237060547,0.116,25.6
1871,0.0010132789611816406,0.114,24.400000000000002
1872,0.0009765625,0.114,22.8
1873,0.0015101432800292969,0.114,21.6
1874,0.0009834766387939453,0.114,20.0
1875,0.0007567405700683594,0.114,18.400000000000002
1876,0.0018072128295898438,0.114,16.8
1877,0.0006587505340576172,0.114,15.200000000000001
1878,0.002313375473022461,0.114,14.0
1879,0.0006542205810546875,0.114,12.4
1880,0.0014407634735107422,0.114,11.200000000000001
1881,0.0006110668182373047,0.114,9.600000000000001
1882,0.0024759769439697266,0.114,8.4
1883,0.0006947517395019531,0.114,7.2
1884,0.0019698143005371094,0.114,6.0
1885,0.0007472038269042969,0.114,5.2
1886,0.0016827583312988281,0.114,4.4
1887,0.0007588863372802734,0.114,3.6
1888,0.0013203620910644531,0.114,2.8000000000000003
1889,0.0006680488586425781,0.114,2.4000000000000004
1890,0.0012755393981933594,0.114,2.0
1891,0.00055694580078125,0.114,1.6
1892,0.0017609596252441406,0.114,1.6
1893,0.0005750656127929688,0.114,1.6
1894,0.0013816356658935547,0.114,1.6
1895,0.0005357265472412109,0.114,2.0
1896,0.0018672943115234375,0.114,2.4000000000000004
1897,0.0016815662384033203,0.119,2.8000000000000003
1898,0.001348257064819336,0.121,3.2
1899,0.0022335052490234375,0.125,4.0
1900,0.000843048095703125,0.131,4.800000000000001
1901,0.001377105712890625,0.136,5.6000000000000005
1902,0.0006015300750732422,0.14,6.800000000000001
1903,0.0018177032470703125,0.14400000000000002,7.6000000000000005
1904,0.0005536079406738281,0.147,8.8
1905,0.0015153884887695312,0.149,10.0
1906,0.0016858577728271484,0.153,11.600000000000001
1907,0.0005512237548828125,0.153,12.8
1908,0.001216888427734375,0.153,14.4
1909,0.0016350746154785156,0.153,15.600000000000001
1910,0.0008137226104736328,0.155,17.2
1911,0.0012221336364746094,0.155,18.8
1912,0.0006926059722900391,0.155,20.400000000000002
1913,0.0017778873443603516,0.159,22.0
1914,0.0006868839263916016,0.159,24.0
1915,0.0017042160034179688,0.159,25.6
1916,0.0006537437438964844,0.159,27.200000000000003
1917,0.0018389225006103516,0.159,28.8
1918,0.002105712890625,0.159,30.400000000000002
1919,0.0012755393981933594,0.159,32.0
1920,0.0012073516845703125,0.159,33.6
1921,0.0020689964294433594,0.159,35.2
1922,0.0015933513641357422,0.162,36.4
1923,0.0015883445739746094,0.162,38.0
1924,0.0021042823791503906,0.162,39.2
1925,0.0009796619415283203,0.162,40.400000000000006
1926,0.0017848014831542969,0.162,41.6
1927,0.0012295246124267578,0.162,42.800000000000004
1928,0.0012891292572021484,0.162,43.6
1929,0.0019345283508300781,0.162,44.400000000000006
1930,0.0016286373138427734,0.162,45.2
1931,0.001886606216430664,0.162,45.6
1932,0.001886606216430664,0.162,45.6
1933,0.0017342567443847656,0.162,46.400000000000006
1934,0.0007698535919189453,0.162,46.800000000000004
1935,0.0019125938415527344,0.162,46.800000000000004
1936,0.0008327960968017578,0.162,47.2
1937,0.0018744468688964844,0.162,47.2
1938,0.0006008148193359375,0.155,47.2
1939,0.0018987655639648438,0.147,46.800000000000004
1940,0.0007555484771728516,0.138,46.400000000000006
1941,0.0013403892517089844,0.134,46.0
1942,0.0006875991821289062,0.125,45.6
1943,0.0018842220306396484,0.116,44.800000000000004
1944,0.0006811618804931641,0.112,44.400000000000006
1945,0.0018210411071777344,0.112,43.2
1946,0.001678466796875,0.112,42.400000000000006
1947,0.0005652904510498047,0.112,41.2
1948,0.0018911361694335938,0.112,40.0
1949,0.0016667842864990234,0.112,38.400000000000006
1950,0.0006005764007568359,0.112,37.2
1951,0.0019102096557617188,0.112,35.2
1952,0.0005724430084228516,0.112,33.6
1953,0.0017154216766357422,0.112,31.6
1954,0.0005495548248291016,0.11,29.6
1955,0.0018513202667236328,0.11,27.6
1956,0.0007338523864746094,0.11,25.6
1957,0.0012569427490234375,0.11,23.200000000000003
1958,0.0006685256958007812,0.11,21.200000000000003
1959,0.0017654895782470703,0.11,18.8
1960,0.0006403923034667969,0.11,16.400000000000002
1961,0.0017383098602294922,0.11,14.4
1962,0.00083160400390625,0.11,12.0
1963,0.0017061233520507812,0.11,10.0
1964,0.0012049674987792969,0.11,7.6000000000000005
1965,0.0017886161804199219,0.11,5.6000000000000005
1966,0.002226114273071289,0.11,3.6
1967,0.0008404254913330078,0.11,1.6
1968,0.00174713134765625,0.11,0.0
1969,0.000774383544921875,0.11,-1.6
1970,0.0018012523651123047,0.11,-3.2
1971,0.0017018318176269531,0.11,-4.4
1972,0.0016164779663085938,0.11,-5.6000000000000005
1973,0.001737833023071289,0.11,-6.4
1974,0.0006525516510009766,0.11,-7.2
1975,0.0011801719665527344,0.11,-7.6000000000000005
1976,0.0021178722381591797,0.11,-8.0
1977,0.0017735958099365234,0.11,-8.4
1978,0.0014717578887939453,0.11,-8.4
1979,0.002190113067626953,0.11,-8.0
1980,0.0013401508331298828,0.11,-7.6000000000000005
1981,0.0006682872772216797,0.11,-7.2
1982,0.0015337467193603516,0.11,-6.4
1983,0.0007524490356445312,0.11,-5.2
1984,0.0022420883178710938,0.11,-4.0
1985,0.0006310939788818359,0.11,-2.8000000000000003
1986,0.0017583370208740234,0.11,-1.6
1987,0.0005986690521240234,0.11,0.0
1988,0.0017790794372558594,0.11,1.6
1989,0.0012905597686767578,0.11,3.6
1990,0.0007169246673583984,0.11,5.2
1991,0.0017006397247314453,0.119,7.2
1992,0.0006515979766845703,0.125,9.200000000000001
1993,0.0013692378997802734,0.131,11.200000000000001
1994,0.0005788803100585938,0.136,13.600000000000001
1995,0.0018236637115478516,0.14,15.600000000000001
1996,0.0005774497985839844,0.14,17.6
1997,0.001209259033203125,0.14,19.6
1998,0.0005838871002197266,0.14,21.6
1999,0.0018489360809326172,0.14,24.0
2000,0.0012295246124267578,0.14,26.0
2001,0.0006048679351806641,0.14,27.6
2002,0.0020301342010498047,0.14,29.6
2003,0.0012545585632324219,0.14,31.6
2004,0.0015592575073242188,0.14,33.2
2005,0.0018362998962402344,0.14,34.800000000000004
2006,0.0023241043090820312,0.14,36.4
2007,0.0006968975067138672,0.14,38.0
2008,0.002069711685180664,0.14,39.2
2009,0.0005993843078613281,0.14,40.400000000000006
2010,0.001371145248413086,0.14,41.6
2011,0.0007014274597167969,0.14,42.800000000000004
2012,0.0004928112030029297,0.14,43.6
2013,0.0006334781646728516,0.14,44.0
2014,0.0023887157440185547,0.14,44.800000000000004
2015,0.0007259845733642578,0.14,45.2
2016,0.001253366470336914,0.14,45.2
2017,0.001451730728149414,0.14,45.2
2018,0.0009245872497558594,0.14,45.2
2019,0.0012123584747314453,0.14,45.2
2020,0.001825094223022461,0.14,44.800000000000004
2021,0.0020525455474853516,0.14,44.400000000000006
2022,0.000713348388671875,0.14,43.6
2023,0.0021746158599853516,0.14,42.800000000000004
2024,0.0010762214660644531,0.138,42.0
2025,0.0015330314636230469,0.134,40.800000000000004
2026,0.0016067028045654297,0.129,39.6
2027,0.0010983943939208984,0.125,38.400000000000006
2028,0.0006644725799560547,0.121,37.2
2029,0.0020623207092285156,0.116,35.6
2030,0.0007729530334472656,0.112,34.4
2031,0.0016942024230957031,0.11,32.800000000000004
2032,0.0016777515411376953,0.108,30.8
2033,0.0007753372192382812,0.108,29.200000000000003
2034,0.0017871856689453125,0.103,27.200000000000003
2035,0.0007150173187255859,0.099,25.6
2036,0.0014421939849853516,0.099,23.6
2037,0.0006349086761474609,0.095,21.6
2038,0.0019681453704833984,0.095,19.6
2039,0.0016350746154785156,0.093,17.6
2040,0.0007264614105224609,0.093,15.600000000000001
2041,0.0014431476593017578,0.08800000000000001,13.600000000000001
2042,0.0007338523864746094,0.08800000000000001,11.600000000000001
2043,0.0013153553009033203,0.08800000000000001,9.600000000000001
2044,0.0005779266357421875,0.08800000000000001,7.6000000000000005
2045,0.0013239383697509766,0.08800000000000001,5.6000000000000005
2046,0.002079486846923828,0.08800000000000001,4.0
2047,0.0007064342498779297,0.08800000000000001,2.0
2048,0.0010519027709960938,0.08800000000000001,0.4
2049,0.0007348060607910156,0.08800000000000001,-1.2000000000000002
2050,0.0017747879028320312,0.08800000000000001,-2.4000000000000004
2051,0.0007495880126953125,0.08800000000000001,-4.0
2052,0.0018253326416015625,0.08800000000000001,-5.2
2053,0.0005733966827392578,0.08800000000000001,-6.0
2054,0.001886129379272461,0.08800000000000001,-6.800000000000001
2055,0.0011165142059326172,0.08800000000000001,-7.6000000000000005
2056,0.0007488727569580078,0.086,-8.4
2057,0.0010230541229248047,0.086,-8.8
2058,0.0016584396362304688,0.086,-9.200000000000001
2059,0.0006241798400878906,0.086,-9.200000000000001
2060,0.0022094249725341797,0.086,-9.200000000000001
2061,0.0007674694061279297,0.086,-8.8
2062,0.0017380714416503906,0.086,-8.4
2063,0.0017380714416503906,0.086,-8.4
2064,0.0005335807800292969,0.08800000000000001,-8.0
2065,0.0012116432189941406,0.091,-7.2
2066,0.0006117820739746094,0.095,-6.4
2067,0.0013244152069091797,0.101,-5.2
2068,0.000675201416015625,0.106,-4.4
2069,0.0017914772033691406,0.112,-2.8000000000000003
2070,0.001726388931274414,0.121,-1.6
2071,0.0008141994476318359,0.127,0.0
2072,0.0018155574798583984,0.134,1.6
2073,0.0014281272888183594,0.14,3.2
2074,0.0012254714965820312,0.14400000000000002,4.800000000000001
2075,0.0012073516845703125,0.153,6.4
2076,0.0016374588012695312,0.157,8.4
2077,0.0015990734100341797,0.162,10.4
2078,0.0014634132385253906,0.162,12.4
2079,0.0020754337310791016,0.162,14.4
2080,0.0016252994537353516,0.162,16.8
2081,0.0008058547973632812,0.162,18.8
2082,0.0015406608581542969,0.162,20.8
2083,0.0007548332214355469,0.162,23.200000000000003
2084,0.002043008804321289,0.162,25.6
2085,0.0005741119384765625,0.162,27.6
2086,0.0012674331665039062,0.162,30.0
2087,0.001165151596069336,0.162,32.0
2088,0.0006163120269775391,0.162,34.4
2089,0.0012624263763427734,0.162,36.4
2090,0.0007302761077880859,0.162,38.400000000000006
2091,0.00130462646484375,0.162,40.400000000000006
2092,0.0005695819854736328,0.162,42.0
2093,0.00174713134765625,0.162,44.0
2094,0.0006682872772216797,0.162,45.6
2095,0.0014424324035644531,0.162,47.2
2096,0.0006792545318603516,0.162,48.400000000000006
2097,0.0017497539520263672,0.162,50.0
2098,0.0011336803436279297,0.162,50.800000000000004
2099,0.0007662773132324219,0.162,52.0
2100,0.0013871192932128906,0.162,52.800000000000004
2101,0.0007638931274414062,0.162,53.6
2102,0.0022683143615722656,0.162,54.0
2103,0.0006890296936035156,0.162,54.400000000000006
2104,0.0018379688262939453,0.162,54.800000000000004
2105,0.0016322135925292969,0.162,54.800000000000004
2106,0.0005633831024169922,0.162,54.800000000000004
2107,0.0011937618255615234,0.162,54.400000000000006
2108,0.0006010532379150391,0.162,54.0
2109,0.0017483234405517578,0.155,53.6
2110,0.0006899833679199219,0.151,52.800000000000004
2111,0.0019676685333251953,0.14400000000000002,52.0
2112,0.0011281967163085938,0.136,51.2
2113,0.001863241195678711,0.131,50.0
2114,0.0022225379943847656,0.127,48.800000000000004
2115,0.0021491050720214844,0.125,47.6
2116,0.0013327598571777344,0.119,46.0
2117,0.0007686614990234375,0.119,44.400000000000006
2118,0.0015020370483398438,0.114,42.800000000000004
2119,0.0011873245239257812,0.114,40.800000000000004
2120,0.0007078647613525391,0.11,38.800000000000004
2121,0.0017123222351074219,0.106,36.800000000000004
2122,0.0008168220520019531,0.101,34.4
2123,0.0017859935760498047,0.095,32.4
2124,0.0007541179656982422,0.093,30.0
2125,0.0013866424560546875,0.091,27.200000000000003
2126,0.0006337165832519531,0.08800000000000001,24.8
2127,0.0016925334930419922,0.08800000000000001,22.0
2128,0.0015671253204345703,0.08800000000000001,19.6
2129,0.0011022090911865234,0.08800000000000001,16.8
2130,0.0014104843139648438,0.08800000000000001,14.0
2131,0.0016164779663085938,0.08800000000000001,11.600000000000001
2132,0.0008461475372314453,0.08800000000000001,8.8
2133,0.0018737316131591797,0.08800000000000001,6.4
2134,0.0007565021514892578,0.08800000000000001,3.6
2135,0.0018150806427001953,0.08800000000000001,1.2000000000000002
2136,0.0007374286651611328,0.08800000000000001,-1.2000000000000002
2137,0.0018105506896972656,0.08800000000000001,-3.6
2138,0.0006053447723388672,0.08800000000000001,-5.6000000000000005
2139,0.0014047622680664062,0.08800000000000001,-7.6000000000000005
2140,0.002317667007446289,0.091,-9.600000000000001
2141,0.0008673667907714844,0.093,-11.200000000000001
2142,0.0013043880462646484,0.097,-12.4
2143,0.0009427070617675781,0.099,-13.600000000000001
2144,0.001369476318359375,0.101,-14.8
2145,0.0007789134979248047,0.101,-15.600000000000001
2146,0.0017349720001220703,0.101,-16.0
2147,0.0005779266357421875,0.101,-16.400000000000002
2148,0.0030705928802490234,0.108,-16.8
2149,0.0006062984466552734,0.112,-16.400000000000002
2150,0.0013561248779296875,0.116,-16.0
2151,0.0010852813720703125,0.121,-15.600000000000001
2152,0.0005803108215332031,0.127,-14.8
2153,0.0017845630645751953,0.138,-13.600000000000001
2154,0.000743865966796875,0.149,-12.0
2155,0.0015742778778076172,0.157,-10.8
2156,0.0005459785461425781,0.16399999999999998,-8.8
2157,0.002088308334350586,0.168,-6.800000000000001
2158,0.0005648136138916016,0.168,-4.800000000000001
2159,0.0017545223236083984,0.172,-2.4000000000000004
2160,0.0005705356597900391,0.177,0.4
2161,0.00185394287109375,0.179,2.8000000000000003
2162,0.0008480548858642578,0.181,6.0
2163,0.0014252662658691406,0.181,8.8
2164,0.0020046234130859375,0.185,12.0
2165,0.0022475719451904297,0.185,15.600000000000001
2166,0.0020949840545654297,0.188,18.8
2167,0.0007143020629882812,0.188,22.400000000000002
2168,0.0017132759094238281,0.188,26.0
2169,0.000675201416015625,0.188,29.6
2170,0.0014464855194091797,0.188,32.800000000000004
2171,0.0006344318389892578,0.188,36.4
2172,0.001779317855834961,0.188,40.0
2173,0.0007479190826416016,0.188,43.6
2174,0.0013728141784667969,0.188,47.2
2175,0.001394033432006836,0.188,50.400000000000006
2176,0.0006229877471923828,0.188,53.6
2177,0.0019118785858154297,0.188,56.800000000000004
2178,0.0016827583312988281,0.188,60.0
2179,0.0006694793701171875,0.183,62.800000000000004
2180,0.0006020069122314453,0.177,65.2
2181,0.0017316341400146484,0.17,68.0
2182,0.0006349086761474609,0.166,70.4
2183,0.0016887187957763672,0.162,72.4
2184,0.0016982555389404297,0.155,74.4
2185,0.0016710758209228516,0.149,76.4
2186,0.0007884502410888672,0.142,78.0
2187,0.0017557144165039062,0.136,79.60000000000001
2188,0.0005886554718017578,0.131,80.80000000000001
2189,0.0019297599792480469,0.127,81.60000000000001
2190,0.0011112689971923828,0.125,82.4
2191,0.0006995201110839844,0.121,82.80000000000001
2192,0.001966714859008789,0.114,83.2
2193,0.0005710124969482422,0.108,82.80000000000001
2194,0.0017406940460205078,0.103,82.4
2195,0.0005524158477783203,0.101,82.0
2196,0.0014350414276123047,0.095,80.80000000000001
2197,0.0005338191986083984,0.093,79.60000000000001
2198,0.0016531944274902344,0.093,78.4
2199,0.0008039474487304688,0.093,76.4
2200,0.0023071765899658203,0.091,74.4
2201,0.0005733966827392578,0.08800000000000001,71.60000000000001
2202,0.0016624927520751953,0.08800000000000001,68.8
2203,0.00231170654296875,0.08800000000000001,66.0
2204,0.0006003379821777344,0.08800000000000001,62.400000000000006
2205,0.00180816650390625,0.08800000000000001,58.800000000000004
2206,0.0006816387176513672,0.08800000000000001,54.800000000000004
2207,0.0018427371978759766,0.08800000000000001,50.800000000000004
2208,0.0007321834564208984,0.08800000000000001,46.400000000000006
2209,0.001584768295288086,0.08800000000000001,41.6
2210,0.0007932186126708984,0.08800000000000001,36.800000000000004
2211,0.0017018318176269531,0.086,32.0
2212,0.0005428791046142578,0.086,26.8
2213,0.0013341903686523438,0.086,21.6
2214,0.001607656478881836,0.086,16.400000000000002
2215,0.001607656478881836,0.086,16.400000000000002
2216,0.0013027191162109375,0.086,11.200000000000001
2217,0.001252889633178711,0.086,6.0
2218,0.0006985664367675781,0.086,0.8
2219,0.0016632080078125,0.08199999999999999,-4.4
2220,0.0007321834564208984,0.08199999999999999,-9.200000000000001
2221,0.0025222301483154297,0.078,-14.0
2222,0.0006392002105712891,0.078,-18.400000000000002
2223,0.0017032623291015625,0.075,-22.8
2224,0.0006914138793945312,0.075,-26.400000000000002
2225,0.0012657642364501953,0.073,-30.400000000000002
2226,0.0011272430419921875,0.073,-33.6
2227,0.001983165740966797,0.073,-36.4
2228,0.0022699832916259766,0.073,-39.2
2229,0.0018584728240966797,0.073,-41.2
2230,0.0015869140625,0.073,-43.2
2231,0.0008680820465087891,0.073,-44.400000000000006
2232,0.0019061565399169922,0.073,-45.2
2233,0.00176239013671875,0.073,-46.0
2234,0.0013306140899658203,0.073,-46.0
2235,0.0015590190887451172,0.073,-46.0
2236,0.0006263256072998047,0.073,-45.2
2237,0.0011987686157226562,0.073,-44.0
2238,0.0006139278411865234,0.073,-42.400000000000006
2239,0.0018603801727294922,0.073,-40.800000000000004
2240,0.0006330013275146484,0.073,-38.400000000000006
2241,0.0016789436340332031,0.073,-36.0
2242,0.0006084442138671875,0.073,-32.800000000000004
2243,0.0017521381378173828,0.073,-29.6
2244,0.0006966590881347656,0.073,-26.0
2245,0.0018167495727539062,0.073,-22.400000000000002
2246,0.0006875991821289062,0.073,-18.400000000000002
2247,0.0017676353454589844,0.073,-14.0
2248,0.0005528926849365234,0.073,-9.600000000000001
2249,0.001737833023071289,0.073,-5.2
2250,0.0005667209625244141,0.073,-0.4
2251,0.0012021064758300781,0.073,4.0
2252,0.0011324882507324219,0.073,8.8
2253,0.0005710124969482422,0.073,13.600000000000001
2254,0.0019342899322509766,0.073,18.0
2255,0.00055694580078125,0.073,22.8
2256,0.0012192726135253906,0.073,27.200000000000003
2257,0.0005888938903808594,0.073,31.200000000000003
2258,0.0011093616485595703,0.073,35.6
2259,0.0021195411682128906,0.073,39.2
2260,0.0005626678466796875,0.073,42.800000000000004
2261,0.001779317855834961,0.073,46.400000000000006
2262,0.0006651878356933594,0.073,49.6
2263,0.0013248920440673828,0.073,52.400000000000006
2264,0.0005457401275634766,0.073,54.800000000000004
2265,0.0018210411071777344,0.073,57.2
2266,0.0007092952728271484,0.073,58.800000000000004
2267,0.0017747879028320312,0.086,60.400000000000006
2268,0.001146554946899414,0.112,61.6
2269,0.0006616115570068359,0.14,62.400000000000006
2270,0.0018603801727294922,0.175,63.2
2271,0.0006697177886962891,0.205,63.2
2272,0.0012598037719726562,0.226,63.2
2273,0.00063323974609375,0.239,62.800000000000004
2274,0.0018529891967773438,0.246,62.0
2275,0.0021817684173583984,0.25,61.2
2276,0.0010962486267089844,0.25,60.0
2277,0.0015914440155029297,0.25,58.400000000000006
2278,0.001706838607788086,0.25,57.2
2279,0.0016093254089355469,0.25,55.6
2280,0.0017902851104736328,0.25,54.400000000000006
2281,0.0016407966613769531,0.25,52.800000000000004
2282,0.0016698837280273438,0.248,51.2
2283,0.0007092952728271484,0.246,50.0
2284,0.0017905235290527344,0.246,48.800000000000004
2285,0.0012345314025878906,0.244,47.6
2286,0.0007925033569335938,0.244,46.400000000000006
2287,0.001733541488647461,0.244,45.2
2288,0.0005717277526855469,0.244,44.400000000000006
2289,0.0012447834014892578,0.244,43.2
2290,0.0010652542114257812,0.239,42.400000000000006
2291,0.0006270408630371094,0.237,42.0
2292,0.0011754035949707031,0.231,41.2
2293,0.0007083415985107422,0.228,40.800000000000004
2294,0.0013675689697265625,0.224,40.400000000000006
2295,0.0006906986236572266,0.224,40.400000000000006
2296,0.0017197132110595703,0.222,40.0
2297,0.0007100105285644531,0.218,40.0
2298,0.001237630844116211,0.218,40.0
2299,0.0006501674652099609,0.213,40.400000000000006
2300,0.0017399787902832031,0.207,40.400000000000006
2301,0.0007450580596923828,0.2,40.800000000000004
2302,0.0019617080688476562,0.196,41.2
2303,0.0005748271942138672,0.188,41.6
2304,0.00179290771484375,0.175,42.0
2305,0.0012104511260986328,0.166,42.400000000000006
2306,0.0005877017974853516,0.157,42.800000000000004
2307,0.0017032623291015625,0.153,43.6
2308,0.0007920265197753906,0.147,44.0
2309,0.0017974376678466797,0.142,44.400000000000006
2310,0.0006933212280273438,0.136,44.800000000000004
2311,0.0016644001007080078,0.129,45.2
2312,0.0005486011505126953,0.125,45.2
2313,0.001758575439453125,0.121,45.6
2314,0.002074718475341797,0.119,45.6
2315,0.0007693767547607422,0.116,45.2
2316,0.0016851425170898438,0.116,45.2
2317,0.0007700920104980469,0.116,44.800000000000004
2318,0.0014753341674804688,0.114,44.0
2319,0.0013942718505859375,0.112,43.2
2320,0.0007040500640869141,0.112,42.400000000000006
2321,0.0016787052154541016,0.112,41.2
2322,0.0015881061553955078,0.112,40.0
2323,0.0006923675537109375,0.112,38.800000000000004
2324,0.001196146011352539,0.112,37.2
2325,0.0011434555053710938,0.112,35.6
2326,0.0021185874938964844,0.112,34.0
2327,0.0007739067077636719,0.112,32.0
2328,0.0016341209411621094,0.112,30.0
2329,0.0016474723815917969,0.112,28.0
2330,0.0008072853088378906,0.112,26.0
2331,0.0018017292022705078,0.112,23.6
2332,0.0007600784301757812,0.112,21.6
2333,0.0017638206481933594,0.112,19.200000000000003
2334,0.0015769004821777344,0.112,17.2
2335,0.0012390613555908203,0.112,14.8
2336,0.0005853176116943359,0.112,12.4
2337,0.0016443729400634766,0.112,10.4
2338,0.0006530284881591797,0.112,8.4
2339,0.001953125,0.112,6.4
2340,0.0006701946258544922,0.112,4.4
2341,0.001222848892211914,0.112,2.4000000000000004
2342,0.001651763916015625,0.112,0.8
2343,0.0006458759307861328,0.112,-0.8
2344,0.0017871856689453125,0.112,-2.0
2345,0.0007665157318115234,0.112,-3.6
2346,0.001665353775024414,0.112,-4.4
2347,0.0005676746368408203,0.112,-5.6000000000000005
2348,0.001965045928955078,0.112,-6.0
2349,0.0005955696105957031,0.112,-6.800000000000001
2350,0.0018036365509033203,0.112,-7.2
2351,0.0007569789886474609,0.112,-7.2
2352,0.002016305923461914,0.112,-7.2
2353,0.0005781650543212891,0.112,-6.800000000000001
2354,0.0012421607971191406,0.112,-6.4
2355,0.0007300376892089844,0.112,-6.0
2356,0.0016677379608154297,0.112,-5.2
2357,0.0006909370422363281,0.112,-4.4
2358,0.001956939697265625,0.112,-3.2
2359,0.0012516975402832031,0.112,-2.0
2360,0.0006084442138671875,0.112,-0.4
2361,0.002221822738647461,0.112,1.2000000000000002
2362,0.0006272792816162109,0.112,2.8000000000000003
2363,0.0017693042755126953,0.112,4.4
2364,0.0005695819854736328,0.112,6.4
2365,0.001773834228515625,0.112,8.4
2366,0.0006184577941894531,0.112,10.4
2367,0.001779317855834961,0.112,12.4
2368,0.0006504058837890625,0.112,14.4
2369,0.001804351806640625,0.112,16.400000000000002
2370,0.0009748935699462891,0.112,18.400000000000002
2371,0.0018475055694580078,0.112,20.400000000000002
2372,0.0013058185577392578,0.112,22.400000000000002
2373,0.0022122859954833984,0.112,24.400000000000002
2374,0.0006740093231201172,0.112,26.400000000000002
2375,0.0005950927734375,0.112,28.0
2376,0.0018100738525390625,0.112,30.0
2377,0.0018100738525390625,0.112,30.0
2378,0.0012347698211669922,0.112,31.6
2379,0.001539468765258789,0.112,32.800000000000004
2380,0.0016133785247802734,0.112,34.4
2381,0.0007266998291015625,0.112,35.6
2382,0.001298666000366211,0.112,36.800000000000004
2383,0.0026390552520751953,0.112,37.6
2384,0.0015468597412109375,0.112,38.400000000000006
2385,0.002440929412841797,0.112,39.2
2386,0.0020182132720947266,0.112,39.6
2387,0.0007586479187011719,0.112,40.0
2388,0.0018515586853027344,0.112,40.0
2389,0.0007805824279785156,0.112,40.0
2390,0.0018506050109863281,0.112,40.0
2391,0.0006999969482421875,0.112,39.6
2392,0.001844167709350586,0.112,39.2
2393,0.0005428791046142578,0.112,38.400000000000006
2394,0.001741647720336914,0.112,37.6
2395,0.0005435943603515625,0.112,36.800000000000004
2396,0.001728057861328125,0.112,35.6
2397,0.0007562637329101562,0.112,34.4
2398,0.0018494129180908203,0.112,33.2
2399,0.0016775131225585938,0.112,32.0
2400,0.0008182525634765625,0.112,30.400000000000002
2401,0.0025725364685058594,0.112,28.8
2402,0.0006575584411621094,0.112,27.200000000000003
2403,0.001299142837524414,0.112,25.6
2404,0.0006508827209472656,0.112,23.6
2405,0.0029549598693847656,0.112,22.0
2406,0.0005412101745605469,0.112,20.0
2407,0.0012803077697753906,0.112,18.0
2408,0.0005931854248046875,0.112,16.400000000000002
2409,0.002005338668823242,0.112,14.4
2410,0.0010004043579101562,0.112,12.8
2411,0.0013113021850585938,0.112,10.8
2412,0.0007274150848388672,0.112,9.200000000000001
2413,0.0012755393981933594,0.112,7.6000000000000005
2414,0.0008091926574707031,0.112,6.0
2415,0.0019030570983886719,0.112,4.4
2416,0.0007748603820800781,0.112,3.2
2417,0.001298666000366211,0.112,2.0
2418,0.0007154941558837891,0.112,0.8
2419,0.0018243789672851562,0.112,-0.4
2420,0.0007183551788330078,0.112,-1.2000000000000002
2421,0.0021653175354003906,0.112,-1.6
2422,0.0006821155548095703,0.112,-2.4000000000000004
2423,0.0016503334045410156,0.112,-2.8000000000000003
2424,0.0008893013000488281,0.112,-2.8000000000000003
2425,0.0027823448181152344,0.112,-2.8000000000000003
2426,0.001983165740966797,0.112,-2.8000000000000003
2427,0.0011663436889648438,0.112,-2.4000000000000004
2428,0.0016260147094726562,0.114,-2.0
2429,0.0018086433410644531,0.116,-1.6
2430,0.0006346702575683594,0.121,-0.8
2431,0.0018017292022705078,0.129,0.0
2432,0.0008230209350585938,0.136,0.8
2433,0.0016956329345703125,0.142,2.0
2434,0.0017740726470947266,0.14400000000000002,3.2
2435,0.0017080307006835938,0.147,4.4
2436,0.001275777816772461,0.149,6.0
2437,0.001546621322631836,0.151,7.6000000000000005
2438,0.0005738735198974609,0.155,9.200000000000001
2439,0.0018148422241210938,0.155,10.8
2440,0.0005886554718017578,0.155,12.8
2441,0.0018148422241210938,0.157,14.4
2442,0.0007348060607910156,0.162,16.400000000000002
2443,0.001753091812133789,0.16399999999999998,18.400000000000002
2444,0.0007295608520507812,0.16399999999999998,20.400000000000002
2445,0.001745462417602539,0.16399999999999998,22.400000000000002
2446,0.0005829334259033203,0.166,24.400000000000002
2447,0.0023784637451171875,0.166,26.400000000000002
2448,0.0005626678466796875,0.168,28.8
2449,0.001720428466796875,0.168,30.8
2450,0.002183675765991211,0.168,32.800000000000004
2451,0.0005946159362792969,0.17,34.800000000000004
2452,0.0017461776733398438,0.17,36.800000000000004
2453,0.0011882781982421875,0.17,38.400000000000006
2454,0.0005764961242675781,0.17,40.400000000000006
2455,0.0017709732055664062,0.172,42.0
2456,0.0006341934204101562,0.172,43.6
2457,0.0014896392822265625,0.175,45.2
2458,0.0026848316192626953,0.175,46.800000000000004
2459,0.002003908157348633,0.177,48.0
2460,0.001293182373046875,0.177,49.2
2461,0.0016527175903320312,0.177,50.400000000000006
2462,0.0005927085876464844,0.179,51.6
2463,0.002340078353881836,0.179,52.400000000000006
2464,0.00122833251953125,0.179,53.2
2465,0.0007047653198242188,0.181,53.6
2466,0.0018432140350341797,0.181,54.400000000000006
2467,0.0006392002105712891,0.181,54.800000000000004
2468,0.002019643783569336,0.181,54.800000000000004
2469,0.0006744861602783203,0.181,55.2
2470,0.0023338794708251953,0.183,55.2
2471,0.0016891956329345703,0.183,55.2
2472,0.0015835762023925781,0.183,54.800000000000004
2473,0.0007033348083496094,0.183,54.400000000000006
2474,0.0013775825500488281,0.183,54.0
2475,0.0006167888641357422,0.183,53.6
2476,0.002295970916748047,0.183,53.2
2477,0.0006251335144042969,0.183,52.400000000000006
2478,0.0005068778991699219,0.172,51.6
2479,0.0005578994750976562,0.157,50.800000000000004
2480,0.0005295276641845703,0.142,49.6
2481,0.0017821788787841797,0.134,48.800000000000004
2482,0.0018193721771240234,0.129,47.6
2483,0.0006549358367919922,0.125,46.400000000000006
2484,0.0012969970703125,0.119,45.2
2485,0.0005548000335693359,0.116,44.0
2486,0.0017547607421875,0.112,42.400000000000006
2487,0.0005800724029541016,0.11,40.800000000000004
2488,0.0022077560424804688,0.108,39.2
2489,0.0005488395690917969,0.108,37.6
2490,0.001528024673461914,0.106,35.6
2491,0.0005338191986083984,0.106,33.6
2492,0.0016193389892578125,0.106,31.6
2493,0.0007064342498779297,0.106,29.200000000000003
2494,0.0012843608856201172,0.106,27.200000000000003
2495,0.0005233287811279297,0.106,24.8
2496,0.0018451213836669922,0.106,22.400000000000002
2497,0.0007278919219970703,0.106,20.0
2498,0.0017206668853759766,0.101,17.6
2499,0.0014622211456298828,0.101,15.200000000000001
2500,0.0008814334869384766,0.101,12.8
2501,0.0017628669738769531,0.101,10.4
2502,0.001336812973022461,0.101,8.4
2503,0.0007491111755371094,0.101,6.0
2504,0.001322031021118164,0.101,4.0
2505,0.0005800724029541016,0.101,2.0
2506,0.0018019676208496094,0.101,0.0
2507,0.0005755424499511719,0.101,-2.0
2508,0.001268148422241211,0.101,-3.6
2509,0.0005743503570556641,0.101,-4.800000000000001
2510,0.0012814998626708984,0.101,-6.4
2511,0.0006842613220214844,0.101,-7.6000000000000005
2512,0.001287221908569336,0.101,-8.4
2513,0.0005636215209960938,0.101,-9.200000000000001
2514,0.001783609390258789,0.101,-9.600000000000001
2515,0.0005621910095214844,0.101,-10.0
2516,0.0016562938690185547,0.101,-10.4
2517,0.0015735626220703125,0.101,-10.0
2518,0.0022437572479248047,0.101,-10.0
2519,0.0008683204650878906,0.101,-9.600000000000001
2520,0.0019392967224121094,0.101,-8.8
2521,0.0012569427490234375,0.101,-8.0
2522,0.002106189727783203,0.101,-6.800000000000001
2523,0.002588987350463867,0.101,-5.6000000000000005
2524,0.0011332035064697266,0.101,-4.4
2525,0.0012776851654052734,0.101,-2.8000000000000003
2526,0.0013010501861572266,0.101,-1.2000000000000002
2527,0.0007445812225341797,0.101,0.4
2528,0.0016603469848632812,0.101,2.4000000000000004
2529,0.0017442703247070312,0.101,4.4
2530,0.0011479854583740234,0.101,6.4
2531,0.0020236968994140625,0.101,8.4
2532,0.0015835762023925781,0.101,10.4
2533,0.0015835762023925781,0.101,10.4
2534,0.0013470649719238281,0.101,12.8
2535,0.0008175373077392578,0.101,14.8
2536,0.0017957687377929688,0.101,16.8
2537,0.0018153190612792969,0.101,19.200000000000003
2538,0.0006244182586669922,0.101,21.200000000000003
2539,0.0013785362243652344,0.101,23.200000000000003
2540,0.0006091594696044922,0.101,25.200000000000003
2541,0.0016994476318359375,0.101,27.200000000000003
2542,0.0010974407196044922,0.101,28.8
2543,0.0006248950958251953,0.101,30.400000000000002
2544,0.0017387866973876953,0.101,32.0
2545,0.0007345676422119141,0.101,33.6
2546,0.0013484954833984375,0.101,34.800000000000004
2547,0.0006933212280273438,0.101,36.0
2548,0.0014140605926513672,0.101,36.800000000000004
2549,0.0005407333374023438,0.101,37.6
2550,0.0019905567169189453,0.101,38.0
2551,0.0007596015930175781,0.101,38.800000000000004
2552,0.0017774105072021484,0.101,38.800000000000004
2553,0.0012562274932861328,0.101,39.2
2554,0.001538991928100586,0.101,38.800000000000004
2555,0.0016949176788330078,0.101,38.800000000000004
2556,0.0023474693298339844,0.101,38.400000000000006
2557,0.0024764537811279297,0.101,37.6
2558,0.001977682113647461,0.101,37.2
2559,0.002003908157348633,0.101,36.0
2560,0.0014562606811523438,0.101,35.2
2561,0.0012962818145751953,0.101,34.0
2562,0.0022945404052734375,0.101,32.800000000000004
2563,0.001676797866821289,0.101,31.200000000000003
2564,0.0017058849334716797,0.101,29.6
2565,0.0009465217590332031,0.101,28.0
2566,0.0017366409301757812,0.101,26.400000000000002
2567,0.0006334781646728516,0.101,24.400000000000002
2568,0.0020580291748046875,0.101,22.8
2569,0.0012576580047607422,0.101,20.8
2570,0.0013577938079833984,0.101,18.8
2571,0.0016939640045166016,0.101,16.8
2572,0.0016243457794189453,0.101,14.8
2573,0.0020160675048828125,0.101,12.8
2574,0.0012946128845214844,0.101,11.200000000000001
2575,0.0016336441040039062,0.101,9.200000000000001
2576,0.0007870197296142578,0.101,7.2
2577,0.0015249252319335938,0.101,5.6000000000000005
2578,0.0019373893737792969,0.101,4.0
2579,0.0026674270629882812,0.101,2.4000000000000004
2580,0.0019469261169433594,0.101,0.8
2581,0.0013382434844970703,0.101,-0.4
2582,0.001392364501953125,0.101,-1.6
2583,0.0021512508392333984,0.101,-2.8000000000000003
2584,0.0021076202392578125,0.101,-3.6
2585,0.0007617473602294922,0.101,-4.4
2586,0.0029230117797851562,0.101,-4.800000000000001
2587,0.0011949539184570312,0.101,-5.2
2588,0.002055644989013672,0.101,-5.6000000000000005
2589,0.002328157424926758,0.101,-5.6000000000000005
2590,0.001695871353149414,0.101,-5.6000000000000005
2591,0.0008401870727539062,0.103,-5.2
2592,0.001790761947631836,0.103,-4.800000000000001
2593,0.0007886886596679688,0.11,-4.4
2594,0.0018410682678222656,0.116,-3.6
2595,0.0007534027099609375,0.121,-2.8000000000000003
2596,0.0016810894012451172,0.123,-1.6
2597,0.0007250308990478516,0.127,-0.8
2598,0.001428842544555664,0.131,0.4
2599,0.0006215572357177734,0.134,2.0
2600,0.001828908920288086,0.138,3.6
2601,0.0007157325744628906,0.138,5.2
2602,0.0012309551239013672,0.14,6.800000000000001
2603,0.0005917549133300781,0.14,8.4
2604,0.0017631053924560547,0.147,10.4
2605,0.0005865097045898438,0.149,12.4
2606,0.0012524127960205078,0.149,14.4
2607,0.001401662826538086,0.149,16.400000000000002
2608,0.0013566017150878906,0.151,18.400000000000002
2609,0.0013897418975830078,0.153,20.400000000000002
2610,0.0021104812622070312,0.157,22.400000000000002
2611,0.0006320476531982422,0.157,24.8
2612,0.0013425350189208984,0.157,26.8
2613,0.0011355876922607422,0.16399999999999998,28.8
2614,0.002401590347290039,0.166,30.8
2615,0.0029511451721191406,0.166,32.800000000000004
2616,0.0013968944549560547,0.172,34.800000000000004
2617,0.0006759166717529297,0.172,36.800000000000004
2618,0.0012409687042236328,0.175,38.400000000000006
2619,0.0019288063049316406,0.177,40.400000000000006
2620,0.0007567405700683594,0.177,42.0
2621,0.0017664432525634766,0.179,43.6
2622,0.0006868839263916016,0.179,44.800000000000004
2623,0.002437114715576172,0.181,46.400000000000006
2624,0.0012540817260742188,0.181,47.6
2625,0.0006728172302246094,0.183,48.800000000000004
2626,0.0024480819702148438,0.183,50.0
2627,0.0012123584747314453,0.185,50.800000000000004
2628,0.0006239414215087891,0.185,51.6
2629,0.0021986961364746094,0.19,52.400000000000006
2630,0.0011904239654541016,0.19,53.2
2631,0.0020809173583984375,0.19,54.0
2632,0.001865386962890625,0.192,54.400000000000006
2633,0.0015804767608642578,0.196,54.800000000000004
2634,0.0012416839599609375,0.196,54.800000000000004
2635,0.0015485286712646484,0.196,55.2
2636,0.0008025169372558594,0.196,55.2
2637,0.0012373924255371094,0.196,55.2
2638,0.0006251335144042969,0.198,55.2
2639,0.0017516613006591797,0.2,54.800000000000004
2640,0.0021524429321289062,0.2,54.800000000000004
2641,0.00080108642578125,0.2,54.400000000000006
2642,0.0015954971313476562,0.2,54.0
2643,0.0017523765563964844,0.2,53.6
2644,0.0005750656127929688,0.2,52.800000000000004
2645,0.0017621517181396484,0.2,52.400000000000006
2646,0.0017457008361816406,0.2,51.6
2647,0.0007302761077880859,0.2,50.800000000000004
2648,0.0017342567443847656,0.2,50.400000000000006
2649,0.000713348388671875,0.2,49.6
2650,0.0012731552124023438,0.2,48.800000000000004
2651,0.0005645751953125,0.2,48.0
2652,0.0012967586517333984,0.2,46.800000000000004
2653,0.0012416839599609375,0.2,46.0
2654,0.0007159709930419922,0.2,45.2
2655,0.0013339519500732422,0.2,44.400000000000006
2656,0.0007340908050537109,0.2,43.6
2657,0.0017290115356445312,0.2,42.400000000000006
2658,0.0011377334594726562,0.2,41.6
2659,0.0010704994201660156,0.2,40.800000000000004
2660,0.0019752979278564453,0.2,40.0
2661,0.0026884078979492188,0.2,39.2
2662,0.0012464523315429688,0.2,38.400000000000006
2663,0.0010142326354980469,0.2,37.6
2664,0.0017077922821044922,0.2,36.800000000000004
2665,0.0008606910705566406,0.2,36.0
2666,0.0017817020416259766,0.2,35.2
2667,0.0012745857238769531,0.2,34.800000000000004
2668,0.0012745857238769531,0.2,34.800000000000004
2669,0.0009355545043945312,0.2,34.0
2670,0.0018417835235595703,0.2,33.6
2671,0.0008556842803955078,0.203,33.2
2672,0.0018126964569091797,0.203,32.800000000000004
2673,0.0007965564727783203,0.203,32.4
2674,0.0012729167938232422,0.203,32.0
2675,0.0005869865417480469,0.203,31.6
2676,0.0016834735870361328,0.203,31.200000000000003
2677,0.002635478973388672,0.203,30.8
2678,0.0006334781646728516,0.203,30.8
2679,0.002046823501586914,0.205,30.8
2680,0.0011894702911376953,0.205,30.8
2681,0.0015842914581298828,0.205,30.8
2682,0.0013699531555175781,0.205,30.8
2683,0.0007240772247314453,0.205,31.200000000000003
2684,0.002320528030395508,0.205,31.6
2685,0.0008399486541748047,0.205,32.0
2686,0.002438783645629883,0.205,32.4
2687,0.0021038055419921875,0.205,32.800000000000004
2688,0.001295328140258789,0.205,34.0
2689,0.0014300346374511719,0.205,34.800000000000004
2690,0.0015592575073242188,0.205,35.6
2691,0.0007510185241699219,0.205,36.4
2692,0.0016851425170898438,0.205,37.2
2693,0.0005908012390136719,0.207,38.0
2694,0.0011997222900390625,0.207,38.800000000000004
2695,0.0005896091461181641,0.207,40.0
2696,0.0018558502197265625,0.207,40.800000000000004
2697,0.0006961822509765625,0.207,41.6
2698,0.002154827117919922,0.209,42.800000000000004
2699,0.000690460205078125,0.209,43.6
2700,0.0017883777618408203,0.209,44.800000000000004
2701,0.0007908344268798828,0.211,45.6
2702,0.0017826557159423828,0.211,46.400000000000006
2703,0.0007441043853759766,0.211,47.6
2704,0.0017864704132080078,0.211,48.400000000000006
2705,0.0017163753509521484,0.211,49.2
2706,0.0022203922271728516,0.213,50.400000000000006
2707,0.0016276836395263672,0.21600000000000005,51.2
2708,0.002281665802001953,0.21600000000000005,52.0
2709,0.0010654926300048828,0.21600000000000005,52.800000000000004
2710,0.002029895782470703,0.21600000000000005,53.6
2711,0.0007851123809814453,0.21600000000000005,54.400000000000006
2712,0.0017044544219970703,0.21600000000000005,54.800000000000004
2713,0.0007388591766357422,0.21600000000000005,55.6
2714,0.0017294883728027344,0.21600000000000005,56.0
2715,0.0006213188171386719,0.21600000000000005,56.800000000000004
2716,0.0021064281463623047,0.21600000000000005,57.2
2717,0.0007004737854003906,0.21600000000000005,57.6
2718,0.0018262863159179688,0.21600000000000005,58.0
2719,0.0008108615875244141,0.218,58.400000000000006
2720,0.0018329620361328125,0.218,58.800000000000004
2721,0.002172708511352539,0.218,58.800000000000004
2722,0.0012764930725097656,0.218,59.2
2723,0.001123666763305664,0.22,59.2
2724,0.0007808208465576172,0.22,59.6
2725,0.0011897087097167969,0.22,59.6
2726,0.0009915828704833984,0.22,59.6
2727,0.001683950424194336,0.22,59.6
2728,0.0007510185241699219,0.22,59.6
2729,0.0011932849884033203,0.22,59.2
2730,0.0026390552520751953,0.22,59.2
2731,0.0007529258728027344,0.22,59.2
2732,0.00140380859375,0.22,58.800000000000004
2733,0.0013501644134521484,0.22,58.400000000000006
2734,0.0006797313690185547,0.222,58.400000000000006
2735,0.0017142295837402344,0.224,58.0
2736,0.0006036758422851562,0.224,57.6
2737,0.001191854476928711,0.226,57.2
2738,0.002344369888305664,0.226,56.800000000000004
2739,0.0007607936859130859,0.226,56.800000000000004
2740,0.0017511844635009766,0.228,56.400000000000006
2741,0.0007758140563964844,0.228,56.0
2742,0.001573324203491211,0.228,55.2
2743,0.0006575584411621094,0.228,54.800000000000004
2744,0.002454042434692383,0.228,54.400000000000006
2745,0.002009868621826172,0.228,54.0
2746,0.0024802684783935547,0.228,53.6
2747,0.0017728805541992188,0.228,53.2
2748,0.002111673355102539,0.228,52.800000000000004
2749,0.0006196498870849609,0.228,52.800000000000004
2750,0.0017631053924560547,0.228,52.400000000000006
2751,0.0007317066192626953,0.228,52.0
2752,0.001375436782836914,0.228,51.6
2753,0.0020868778228759766,0.228,51.2
2754,0.0018007755279541016,0.228,51.2
2755,0.0005955696105957031,0.228,50.800000000000004
2756,0.0017919540405273438,0.228,50.400000000000006
2757,0.0005605220794677734,0.228,50.400000000000006
2758,0.0014443397521972656,0.228,50.0
2759,0.0005395412445068359,0.228,50.0
2760,0.001252889633178711,0.228,50.0
2761,0.0006320476531982422,0.228,49.6
2762,0.001982450485229492,0.228,49.6
2763,0.0005512237548828125,0.231,49.6
2764,0.0019621849060058594,0.231,49.6
2765,0.0005538463592529297,0.231,49.6
2766,0.001447439193725586,0.231,49.6
2767,0.0016977787017822266,0.231,49.6
2768,0.0007047653198242188,0.231,50.0
2769,0.0017361640930175781,0.231,50.0
2770,0.0008404254913330078,0.231,50.0
2771,0.0018088817596435547,0.231,50.400000000000006
2772,0.0006532669067382812,0.233,50.400000000000006
2773,0.0027811527252197266,0.235,50.800000000000004
2774,0.0006146430969238281,0.235,50.800000000000004
2775,0.0012552738189697266,0.235,51.2
2776,0.0007195472717285156,0.235,51.6
2777,0.001993894577026367,0.235,52.0
2778,0.0005960464477539062,0.235,52.400000000000006
2779,0.0012333393096923828,0.235,52.400000000000006
2780,0.0007197856903076172,0.235,52.800000000000004
2781,0.0012524127960205078,0.235,53.2
2782,0.0007541179656982422,0.235,53.6
2783,0.0018587112426757812,0.237,54.400000000000006
2784,0.00054931640625,0.237,54.800000000000004
2785,0.0017461776733398438,0.237,55.2
2786,0.0006868839263916016,0.237,55.6
2787,0.0017957687377929688,0.237,56.0
2788,0.0016672611236572266,0.237,56.400000000000006
2789,0.0007610321044921875,0.237,56.800000000000004
2790,0.001998424530029297,0.237,57.6
2791,0.0007319450378417969,0.237,58.0
2792,0.0017430782318115234,0.237,58.400000000000006
2793,0.0005931854248046875,0.237,58.800000000000004
2794,0.0018146038055419922,0.237,59.2
2795,0.0005552768707275391,0.237,59.6
2796,0.001760244369506836,0.237,60.0
2797,0.0006487369537353516,0.237,60.400000000000006
2798,0.0013301372528076172,0.237,60.800000000000004
2799,0.0005218982696533203,0.237,61.2
2800,0.0018780231475830078,0.237,61.6
2801,0.0006501674652099609,0.237,62.0
2802,0.0020151138305664062,0.237,62.400000000000006
2803,0.0005276203155517578,0.237,62.400000000000006
2804,0.001474142074584961,0.237,62.800000000000004
2805,0.0005388259887695312,0.228,63.2
2806,0.0017399787902832031,0.22,63.2
2807,0.0005314350128173828,0.209,63.6
2808,0.0013031959533691406,0.2,63.6
2809,0.0007617473602294922,0.185,64.0
2810,0.0013055801391601562,0.172,64.0
2811,0.0004870891571044922,0.16399999999999998,64.0
2812,0.0004870891571044922,0.159,64.0
2813,0.0017502307891845703,0.151,64.0
2814,0.0007703304290771484,0.142,64.0
2815,0.0018000602722167969,0.136,63.6
2816,0.0007481575012207031,0.127,63.6
2817,0.0012531280517578125,0.123,63.2
2818,0.0006051063537597656,0.116,62.800000000000004
2819,0.0017726421356201172,0.116,62.0
2820,0.0008819103240966797,0.114,61.2
2821,0.0013248920440673828,0.114,60.0
2822,0.0012712478637695312,0.114,58.400000000000006
2823,0.0006225109100341797,0.114,57.2
2824,0.0013442039489746094,0.114,55.2
2825,0.0009179115295410156,0.114,53.2
2826,0.001016855239868164,0.11,51.2
2827,0.0007598400115966797,0.11,48.800000000000004
2828,0.0017430782318115234,0.11,46.0
2829,0.0007259845733642578,0.11,43.2
2830,0.0013301372528076172,0.11,40.400000000000006
2831,0.0007207393646240234,0.11,37.2
2832,0.001689910888671875,0.11,34.0
2833,0.000827789306640625,0.11,30.8
2834,0.0019626617431640625,0.11,27.6
2835,0.0011076927185058594,0.11,24.0
2836,0.0021483898162841797,0.11,20.400000000000002
2837,0.0021169185638427734,0.11,17.2
2838,0.0006690025329589844,0.11,13.600000000000001
2839,0.0022623538970947266,0.11,10.0
2840,0.000858306884765625,0.11,6.800000000000001
2841,0.0014772415161132812,0.11,3.6
2842,0.0006494522094726562,0.11,0.4
2843,0.0017549991607666016,0.11,-2.8000000000000003
2844,0.0005824565887451172,0.11,-5.6000000000000005
2845,0.001478433609008789,0.11,-8.0
2846,0.0006935596466064453,0.11,-10.4
2847,0.0027344226837158203,0.11,-12.8
2848,0.0006096363067626953,0.11,-14.8
2849,0.0013549327850341797,0.11,-16.400000000000002
2850,0.0005953311920166016,0.11,-18.0
2851,0.002030611038208008,0.11,-19.200000000000003
2852,0.0027742385864257812,0.11,-20.0
2853,0.0007576942443847656,0.11,-20.400000000000002
2854,0.0016117095947265625,0.11,-20.8
2855,0.00019097328186035156,0.11,-20.8
2856,0.0015900135040283203,0.11,-20.400000000000002
2857,0.0013642311096191406,0.11,-19.6
2858,0.0005741119384765625,0.11,-18.8
2859,0.002351522445678711,0.11,-17.6
2860,0.0007355213165283203,0.116,-16.0
2861,0.001428365707397461,0.131,-14.4
2862,0.0014607906341552734,0.142,-12.4
2863,0.0007424354553222656,0.149,-10.4
2864,0.0019545555114746094,0.153,-8.0
2865,0.0007898807525634766,0.153,-5.2
2866,0.0017995834350585938,0.157,-2.4000000000000004
2867,0.0005707740783691406,0.159,0.4
2868,0.0014200210571289062,0.159,3.2
2869,0.0007405281066894531,0.16399999999999998,6.4
2870,0.001837015151977539,0.16399999999999998,10.0
2871,0.0007300376892089844,0.16399999999999998,13.200000000000001
2872,0.0024843215942382812,0.16399999999999998,16.8
2873,0.0021851062774658203,0.16399999999999998,20.400000000000002
2874,0.0009284019470214844,0.16399999999999998,24.0
2875,0.0012521743774414062,0.16399999999999998,27.6
2876,0.002164602279663086,0.16399999999999998,31.200000000000003
2877,0.0007627010345458984,0.16399999999999998,34.4
2878,0.0018532276153564453,0.16399999999999998,38.0
2879,0.0006325244903564453,0.159,41.2
2880,0.0023956298828125,0.153,44.800000000000004
2881,0.0006046295166015625,0.151,48.0
2882,0.0019538402557373047,0.138,50.800000000000004
2883,0.0005908012390136719,0.129,53.6
2884,0.0012018680572509766,0.121,56.400000000000006
2885,0.0005679130554199219,0.116,58.800000000000004
2886,0.0017731189727783203,0.112,61.2
2887,0.0005626678466796875,0.108,63.2
2888,0.0013110637664794922,0.103,65.2
2889,0.0017304420471191406,0.099,66.8
2890,0.0007176399230957031,0.097,68.0
2891,0.0017809867858886719,0.095,69.2
2892,0.0008199214935302734,0.091,70.0
2893,0.001728057861328125,0.091,70.4
2894,0.0006814002990722656,0.091,70.4
2895,0.0012688636779785156,0.08800000000000001,70.0
2896,0.0016560554504394531,0.08199999999999999,69.60000000000001
2897,0.0007164478302001953,0.08,68.8
2898,0.0012395381927490234,0.075,67.60000000000001
2899,0.0005681514739990234,0.075,66.0
2900,0.0017654895782470703,0.071,64.0
2901,0.0016374588012695312,0.067,62.0
2902,0.0006058216094970703,0.067,59.6
2903,0.0017082691192626953,0.065,56.800000000000004
2904,0.0006272792816162109,0.065,54.0
2905,0.0005338191986083984,0.065,50.400000000000006
2906,0.00028586387634277344,0.065,47.2
2907,0.00024247169494628906,0.065,43.2
2908,0.00014781951904296875,0.065,39.2
2909,0.0006210803985595703,0.065,34.800000000000004
2910,0.0006868839263916016,0.065,30.400000000000002
2911,0.0009129047393798828,0.065,26.0
2912,0.0009663105010986328,0.065,21.200000000000003
2913,0.0013298988342285156,0.065,16.400000000000002
2914,0.0004570484161376953,0.065,11.600000000000001
2915,0.0016145706176757812,0.065,6.800000000000001
2916,0.0005283355712890625,0.065,2.0
2917,0.0017299652099609375,0.065,-2.8000000000000003
2918,0.0008783340454101562,0.065,-7.6000000000000005
2919,0.0017185211181640625,0.065,-12.0
2920,0.0009992122650146484,0.065,-16.400000000000002
2921,0.0017423629760742188,0.065,-20.400000000000002
2922,0.0009770393371582031,0.065,-24.400000000000002
2923,0.00186920166015625,0.065,-28.0
2924,0.0009236335754394531,0.065,-31.200000000000003
2925,0.0013079643249511719,0.063,-34.0
2926,0.002172231674194336,0.063,-36.800000000000004
2927,0.0017495155334472656,0.063,-39.2
2928,0.0007073879241943359,0.063,-41.2
2929,0.0012531280517578125,0.063,-42.800000000000004
2930,0.0012013912200927734,0.063,-44.0
2931,0.0006775856018066406,0.063,-44.800000000000004
2932,0.0017137527465820312,0.063,-45.2
2933,0.002269744873046875,0.063,-45.2
2934,0.0006823539733886719,0.063,-44.800000000000004
2935,0.0012450218200683594,0.063,-44.0
2936,0.0018503665924072266,0.063,-42.800000000000004
2937,0.0006291866302490234,0.063,-41.2
2938,0.0017933845520019531,0.063,-39.2
2939,0.0007200241088867188,0.063,-37.2
2940,0.0017485618591308594,0.063,-34.4
2941,0.0007658004760742188,0.063,-31.6
2942,0.0020189285278320312,0.063,-28.400000000000002
2943,0.0006651878356933594,0.063,-25.200000000000003
2944,0.0031099319458007812,0.063,-21.200000000000003
2945,0.0006566047668457031,0.063,-17.6
2946,0.00103759765625,0.063,-13.600000000000001
2947,0.002382993698120117,0.063,-9.200000000000001
2948,0.0006060600280761719,0.065,-4.800000000000001
2949,0.0017862319946289062,0.065,-0.4
2950,0.0007240772247314453,0.065,4.0
2951,0.00128936767578125,0.065,8.4
2952,0.0006921291351318359,0.065,12.8
2953,0.0017893314361572266,0.065,17.2
2954,0.0006580352783203125,0.065,21.200000000000003
2955,0.0016984939575195312,0.065,25.6
2956,0.000560760498046875,0.065,29.6
2957,0.0023109912872314453,0.065,33.2
2958,0.0006012916564941406,0.065,36.800000000000004
2959,0.0012197494506835938,0.065,40.400000000000006
2960,0.002131223678588867,0.065,43.2
2961,0.0007963180541992188,0.065,46.400000000000006
2962,0.0017807483673095703,0.065,48.800000000000004
2963,0.0017423629760742188,0.065,51.2
2964,0.0005981922149658203,0.065,53.2
2965,0.0018923282623291016,0.065,54.800000000000004
2966,0.0012238025665283203,0.065,56.0
2967,0.001819610595703125,0.065,57.2
2968,0.0006129741668701172,0.065,57.6
2969,0.0013146400451660156,0.065,58.0
2970,0.0007064342498779297,0.065,58.0
2971,0.0023131370544433594,0.067,58.0
2972,0.00070953369140625,0.067,57.2
2973,0.001978158950805664,0.067,56.0
2974,0.001978158950805664,0.067,56.0
2975,0.0018901824951171875,0.067,54.800000000000004
2976,0.0025987625122070312,0.067,53.2
2977,0.0007786750793457031,0.067,51.2
2978,0.0013577938079833984,0.067,49.2
2979,0.0007097721099853516,0.067,46.800000000000004
2980,0.0013277530670166016,0.067,44.0
2981,0.0018038749694824219,0.067,40.800000000000004
2982,0.0011038780212402344,0.067,37.6
2983,0.0006887912750244141,0.067,34.4
2984,0.0014486312866210938,0.067,30.8
2985,0.0020024776458740234,0.067,27.200000000000003
2986,0.0006103515625,0.067,23.200000000000003
2987,0.0012538433074951172,0.067,19.200000000000003
2988,0.0005927085876464844,0.067,15.200000000000001
2989,0.0017774105072021484,0.067,10.8
2990,0.0005640983581542969,0.067,6.800000000000001
2991,0.0014858245849609375,0.067,2.8000000000000003
2992,0.00133514404296875,0.067,-1.2000000000000002
2993,0.00048661231994628906,0.067,-5.2
2994,0.001850128173828125,0.067,-9.200000000000001
2995,0.0021622180938720703,0.067,-12.8
2996,0.0019297599792480469,0.067,-16.0
2997,0.0007288455963134766,0.067,-19.6
2998,0.001985788345336914,0.067,-22.400000000000002
2999,0.0008070468902587891,0.067,-25.200000000000003
3000,0.0018165111541748047,0.067,-28.0
3001,0.0007674694061279297,0.067,-30.0
3002,0.0017790794372558594,0.067,-32.0
3003,0.0007202625274658203,0.067,-33.6
3004,0.001714944839477539,0.067,-34.800000000000004
3005,0.0007202625274658203,0.067,-35.6
3006,0.002050638198852539,0.067,-36.4
3007,0.0005948543548583984,0.067,-36.800000000000004
3008,0.0012729167938232422,0.067,-36.4
3009,0.0005960464477539062,0.067,-36.0
3010,0.0018398761749267578,0.067,-35.2
3011,0.0007522106170654297,0.067,-34.0
3012,0.0018877983093261719,0.067,-32.800000000000004
3013,0.0005588531494140625,0.067,-30.8
3014,0.0012233257293701172,0.067,-28.8
3015,0.0006098747253417969,0.067,-26.8
3016,0.0017685890197753906,0.067,-24.0
3017,0.0007100105285644531,0.067,-21.200000000000003
3018,0.0013201236724853516,0.067,-18.0
3019,0.0006163120269775391,0.067,-14.8
3020,0.0018513202667236328,0.067,-11.600000000000001
3021,0.0006909370422363281,0.067,-8.0
3022,0.001744985580444336,0.067,-4.4
3023,0.0007760524749755859,0.067,-0.4
3024,0.0017690658569335938,0.067,3.2
3025,0.0007104873657226562,0.067,7.2
3026,0.002184629440307617,0.067,10.8
3027,0.0007989406585693359,0.067,14.8
3028,0.0017473697662353516,0.067,18.400000000000002
3029,0.0006618499755859375,0.067,22.0
3030,0.0017881393432617188,0.067,25.6
3031,0.0007586479187011719,0.067,28.8
3032,0.0018258094787597656,0.067,32.0
3033,0.0016674995422363281,0.067,34.800000000000004
3034,0.0016834735870361328,0.067,37.6
3035,0.0006511211395263672,0.067,40.400000000000006
3036,0.0017001628875732422,0.067,42.400000000000006
3037,0.001636505126953125,0.067,44.400000000000006
3038,0.0007004737854003906,0.067,46.400000000000006
3039,0.0017426013946533203,0.073,48.0
3040,0.0016753673553466797,0.08800000000000001,49.2
3041,0.0006611347198486328,0.106,50.0
3042,0.0024526119232177734,0.123,50.400000000000006
3043,0.0007982254028320312,0.138,50.800000000000004
3044,0.0018193721771240234,0.149,50.800000000000004
3045,0.0006949901580810547,0.157,50.800000000000004
3046,0.0017807483673095703,0.16399999999999998,50.0
3047,0.0010898113250732422,0.168,49.2
3048,0.0017979145050048828,0.172,48.400000000000006
3049,0.0015971660614013672,0.179,47.2
3050,0.0006973743438720703,0.185,46.0
3051,0.0019812583923339844,0.19,44.400000000000006
3052,0.0007169246673583984,0.194,42.800000000000004
3053,0.0017273426055908203,0.194,41.2
3054,0.0006759166717529297,0.194,39.2
3055,0.0017867088317871094,0.194,37.6
3056,0.0006897449493408203,0.194,35.6
3057,0.001741647720336914,0.194,33.6
3058,0.00069427490234375,0.194,32.0
3059,0.001733541488647461,0.194,30.0
3060,0.0006928443908691406,0.194,28.400000000000002
3061,0.0017635822296142578,0.194,26.8
3062,0.0007021427154541016,0.194,25.200000000000003
3063,0.0021355152130126953,0.194,24.0
3064,0.0007083415985107422,0.194,22.400000000000002
3065,0.0019860267639160156,0.194,21.200000000000003
3066,0.0007717609405517578,0.194,20.400000000000002
3067,0.001268625259399414,0.194,19.200000000000003
3068,0.0006005764007568359,0.194,18.400000000000002
3069,0.0012125968933105469,0.194,18.0
3070,0.0018231868743896484,0.194,17.6
3071,0.0008246898651123047,0.194,17.2
3072,0.0017132759094238281,0.194,16.8
3073,0.0007867813110351562,0.194,16.8
3074,0.0021338462829589844,0.194,17.2
3075,0.0006170272827148438,0.194,17.6
3076,0.0019714832305908203,0.194,18.0
3077,0.0007257461547851562,0.194,18.400000000000002
3078,0.0019245147705078125,0.194,19.200000000000003
3079,0.001611948013305664,0.194,20.0
3080,0.0006575584411621094,0.194,21.200000000000003
3081,0.0011992454528808594,0.194,22.400000000000002
3082,0.0006377696990966797,0.194,23.6
3083,0.0017352104187011719,0.188,24.8
3084,0.001224517822265625,0.179,26.400000000000002
3085,0.0015976428985595703,0.16399999999999998,27.6
3086,0.0015861988067626953,0.155,29.200000000000003
3087,0.0006525516510009766,0.147,30.8
3088,0.0018758773803710938,0.142,32.4
3089,0.000614166259765625,0.136,34.0
3090,0.0017940998077392578,0.134,35.6
3091,0.0007207393646240234,0.134,37.2
3092,0.0018177032470703125,0.131,38.800000000000004
3093,0.0007886886596679688,0.125,40.400000000000006
3094,0.0017833709716796875,0.125,41.6
3095,0.0016014575958251953,0.123,42.800000000000004
3096,0.0005803108215332031,0.123,44.0
3097,0.0017578601837158203,0.123,44.800000000000004
3098,0.0007109642028808594,0.121,45.6
3099,0.0017733573913574219,0.121,46.400000000000006
3100,0.0007450580596923828,0.119,46.800000000000004
3101,0.0017261505126953125,0.119,47.2
3102,0.0006051063537597656,0.119,47.2
3103,0.0017228126525878906,0.119,46.800000000000004
3104,0.0006062984466552734,0.119,46.800000000000004
3105,0.0014798641204833984,0.119,46.0
3106,0.0007021427154541016,0.119,45.6
3107,0.0017557144165039062,0.119,44.800000000000004
3108,0.0017042160034179688,0.119,43.6
3109,0.0007648468017578125,0.119,42.400000000000006
3110,0.0018405914306640625,0.119,41.2
3111,0.0006873607635498047,0.119,39.6
3112,0.0018072128295898438,0.119,38.0
3113,0.0007309913635253906,0.119,36.4
3114,0.0018696784973144531,0.119,34.4
3115,0.0006861686706542969,0.119,32.4
3116,0.0013742446899414062,0.119,30.400000000000002
3117,0.0006923675537109375,0.119,28.400000000000002
3118,0.0017464160919189453,0.119,26.0
3119,0.0011649131774902344,0.119,24.0
3120,0.0008475780487060547,0.119,21.6
3121,0.0017268657684326172,0.119,19.200000000000003
3122,0.0008721351623535156,0.119,17.2
3123,0.0018584728240966797,0.119,14.8
3124,0.0009768009185791016,0.119,12.8
3125,0.0015544891357421875,0.119,10.4
3126,0.0015544891357421875,0.119,10.4
3127,0.001329660415649414,0.119,8.4
3128,0.000766754150390625,0.119,6.4
3129,0.0019519329071044922,0.119,4.4
3130,0.0019040107727050781,0.119,2.8000000000000003
3131,0.0007982254028320312,0.119,1.2000000000000002
3132,0.001833200454711914,0.119,-0.4
3133,0.0007650852203369141,0.119,-1.6
3134,0.0012302398681640625,0.119,-2.8000000000000003
3135,0.0015990734100341797,0.119,-3.6
3136,0.0011916160583496094,0.119,-4.4
3137,0.0007042884826660156,0.119,-5.2
3138,0.0017824172973632812,0.119,-5.6000000000000005
3139,0.0012881755828857422,0.119,-6.0
3140,0.000732421875,0.119,-6.0
3141,0.0011796951293945312,0.119,-5.6000000000000005
3142,0.0017282962799072266,0.119,-5.6000000000000005
3143,0.0007982254028320312,0.119,-4.800000000000001
3144,0.0017828941345214844,0.119,-4.0
3145,0.0017805099487304688,0.119,-3.2
3146,0.0012023448944091797,0.119,-2.4000000000000004
3147,0.0006000995635986328,0.119,-1.2000000000000002
3148,0.0018086433410644531,0.123,0.4
3149,0.0017693042755126953,0.127,1.6
3150,0.0007512569427490234,0.129,3.6
3151,0.0013263225555419922,0.134,5.2
3152,0.0006151199340820312,0.136,6.800000000000001
3153,0.0012826919555664062,0.14,8.8
3154,0.0005848407745361328,0.14,10.8
3155,0.0013349056243896484,0.142,12.8
3156,0.0005795955657958984,0.142,14.8
3157,0.0017180442810058594,0.142,17.2
3158,0.0007224082946777344,0.142,19.200000000000003
3159,0.001744985580444336,0.142,21.200000000000003
3160,0.0006887912750244141,0.142,23.6
3161,0.0008952617645263672,0.142,25.6
3162,0.001367807388305664,0.142,27.6
3163,0.002119302749633789,0.142,29.6
3164,0.0007658004760742188,0.142,31.6
3165,0.0018489360809326172,0.142,33.6
3166,0.0006048679351806641,0.142,35.6
3167,0.0020325183868408203,0.142,37.2
3168,0.0006208419799804688,0.142,38.800000000000004
3169,0.0019605159759521484,0.142,40.400000000000006
3170,0.0008547306060791016,0.142,41.6
3171,0.0012555122375488281,0.142,42.800000000000004
3172,0.0006778240203857422,0.142,44.0
3173,0.0013213157653808594,0.142,45.2
3174,0.0006062984466552734,0.142,46.0
3175,0.0018110275268554688,0.142,46.400000000000006
3176,0.0006840229034423828,0.142,47.2
3177,0.0017478466033935547,0.14,47.2
3178,0.0016646385192871094,0.136,47.6
3179,0.0006339550018310547,0.131,47.6
3180,0.001806497573852539,0.129,47.6
3181,0.0012814998626708984,0.119,47.2
3182,0.002271890640258789,0.11,46.800000000000004
3183,0.0019054412841796875,0.103,46.400000000000006
3184,0.0017833709716796875,0.099,45.6
3185,0.00081634521484375,0.095,44.400000000000006
3186,0.0017673969268798828,0.095,43.6
3187,0.0008640289306640625,0.093,42.400000000000006
3188,0.001985311508178711,0.093,40.800000000000004
3189,0.0008242130279541016,0.093,39.6
3190,0.0018024444580078125,0.093,37.6
3191,0.0007431507110595703,0.093,36.0
3192,0.0019345283508300781,0.093,34.0
3193,0.001720428466796875,0.093,32.0
3194,0.0006139278411865234,0.091,29.6
3195,0.0017156600952148438,0.08800000000000001,27.200000000000003
3196,0.0007071495056152344,0.08800000000000001,24.8
3197,0.0014221668243408203,0.08800000000000001,22.400000000000002
3198,0.002048015594482422,0.08800000000000001,19.6
3199,0.0006489753723144531,0.08800000000000001,17.2
3200,0.0017838478088378906,0.08800000000000001,14.4
3201,0.0007817745208740234,0.08800000000000001,11.600000000000001
3202,0.0017533302307128906,0.08800000000000001,9.200000000000001
3203,0.0008115768432617188,0.08800000000000001,6.4
3204,0.002774953842163086,0.08800000000000001,4.0
3205,0.0007126331329345703,0.08800000000000001,1.6
3206,0.0018444061279296875,0.08800000000000001,-0.8
3207,0.0006630420684814453,0.08800000000000001,-3.2
3208,0.0017561912536621094,0.08800000000000001,-5.2
3209,0.0007841587066650391,0.08800000000000001,-7.2
3210,0.002590656280517578,0.08800000000000001,-8.8
3211,0.0005917549133300781,0.08800000000000001,-10.8
3212,0.002336740493774414,0.08800000000000001,-12.0
3213,0.0022840499877929688,0.08800000000000001,-13.200000000000001
3214,0.0008075237274169922,0.08800000000000001,-14.4
3215,0.0015611648559570312,0.08800000000000001,-15.200000000000001
3216,0.0007233619689941406,0.08800000000000001,-16.0
3217,0.001331329345703125,0.08800000000000001,-16.400000000000002
3218,0.0023775100708007812,0.08800000000000001,-16.400000000000002
3219,0.0007519721984863281,0.08800000000000001,-16.400000000000002
3220,0.0018274784088134766,0.08800000000000001,-16.0
3221,0.0008523464202880859,0.08800000000000001,-15.600000000000001
3222,0.001842498779296875,0.08800000000000001,-14.8
3223,0.0007297992706298828,0.08800000000000001,-13.600000000000001
3224,0.0025517940521240234,0.08800000000000001,-12.4
3225,0.0006442070007324219,0.08800000000000001,-11.200000000000001
3226,0.0012788772583007812,0.08800000000000001,-9.600000000000001
3227,0.0008144378662109375,0.08800000000000001,-8.0
3228,0.0016946792602539062,0.08800000000000001,-6.0
3229,0.0006349086761474609,0.08800000000000001,-4.0
3230,0.0016493797302246094,0.08800000000000001,-2.0
3231,0.0011563301086425781,0.08800000000000001,0.0
3232,0.0006422996520996094,0.08800000000000001,2.4000000000000004
3233,0.0021545886993408203,0.08800000000000001,4.800000000000001
3234,0.0006051063537597656,0.08800000000000001,7.2
3235,0.0017571449279785156,0.08800000000000001,9.600000000000001
3236,0.0016613006591796875,0.08800000000000001,12.0
3237,0.0007193088531494141,0.08800000000000001,14.8
3238,0.0016963481903076172,0.08800000000000001,17.2
3239,0.0016944408416748047,0.08800000000000001,19.200000000000003
3240,0.0007596015930175781,0.08800000000000001,21.6
3241,0.0017621517181396484,0.08800000000000001,24.0
3242,0.001714468002319336,0.08800000000000001,26.0
3243,0.0005896091461181641,0.08800000000000001,28.0
3244,0.0017151832580566406,0.08800000000000001,29.6
3245,0.0008065700531005859,0.08800000000000001,31.6
3246,0.0018298625946044922,0.08800000000000001,33.2
3247,0.0013623237609863281,0.08800000000000001,34.4
3248,0.0005793571472167969,0.08800000000000001,35.6
3249,0.0016438961029052734,0.08800000000000001,36.800000000000004
3250,0.0017936229705810547,0.08800000000000001,37.6
3251,0.000629425048828125,0.08800000000000001,38.400000000000006
3252,0.0013003349304199219,0.08800000000000001,38.800000000000004
3253,0.0006732940673828125,0.08800000000000001,38.800000000000004
3254,0.0013027191162109375,0.08800000000000001,39.2
3255,0.0007407665252685547,0.08800000000000001,38.800000000000004
3256,0.0018618106842041016,0.08800000000000001,38.800000000000004
3257,0.0005829334259033203,0.08800000000000001,38.0
3258,0.0015740394592285156,0.08800000000000001,37.6
3259,0.0005478858947753906,0.08800000000000001,36.800000000000004
3260,0.0017242431640625,0.08800000000000001,35.6
3261,0.0007448196411132812,0.099,34.4
3262,0.0017802715301513672,0.116,33.2
3263,0.0007903575897216797,0.134,31.6
3264,0.0017461776733398438,0.151,30.0
3265,0.0007226467132568359,0.155,28.0
3266,0.0018656253814697266,0.155,26.400000000000002
3267,0.001692056655883789,0.157,24.400000000000002
3268,0.001692056655883789,0.159,24.400000000000002
3269,0.0018551349639892578,0.159,22.400000000000002
3270,0.0005781650543212891,0.159,20.400000000000002
3271,0.0018322467803955078,0.159,18.400000000000002
3272,0.0008127689361572266,0.159,16.400000000000002
3273,0.0023407936096191406,0.159,14.4
3274,0.0007867813110351562,0.159,12.8
3275,0.0013840198516845703,0.159,10.8
3276,0.0008313655853271484,0.159,9.600000000000001
3277,0.0013356208801269531,0.159,8.0
3278,0.0006115436553955078,0.159,6.800000000000001
3279,0.0020215511322021484,0.159,5.6000000000000005
3280,0.0007693767547607422,0.159,4.800000000000001
3281,0.0017440319061279297,0.159,4.0
3282,0.0008149147033691406,0.159,3.6
3283,0.0018961429595947266,0.159,3.2
3284,0.0007681846618652344,0.159,3.2
3285,0.0018551349639892578,0.159,3.2
3286,0.001165628433227539,0.159,3.6
3287,0.0017616748809814453,0.159,4.0
3288,0.001107931137084961,0.159,4.4
3289,0.0006020069122314453,0.159,5.2
3290,0.0017919540405273438,0.159,6.4
3291,0.0007941722869873047,0.159,7.6000000000000005
3292,0.001821756362915039,0.159,8.8
3293,0.0007109642028808594,0.159,10.0
3294,0.0011930465698242188,0.159,11.600000000000001
3295,0.0007297992706298828,0.159,13.200000000000001
3296,0.0018422603607177734,0.159,15.200000000000001
3297,0.0007100105285644531,0.155,16.8
3298,0.0021295547485351562,0.14400000000000002,18.8
3299,0.0005755424499511719,0.138,20.8
3300,0.001737833023071289,0.129,22.8
3301,0.0014159679412841797,0.123,24.8
3302,0.0005807876586914062,0.114,26.8
3303,0.0016918182373046875,0.11,28.8
3304,0.0007112026214599609,0.106,30.8
3305,0.0014705657958984375,0.103,32.800000000000004
3306,0.0005540847778320312,0.101,34.800000000000004
3307,0.0017294883728027344,0.099,36.4
3308,0.0007174015045166016,0.095,38.0
3309,0.0018193721771240234,0.091,39.2
3310,0.0007898807525634766,0.086,40.400000000000006
3311,0.0012629032135009766,0.086,41.6
3312,0.0005855560302734375,0.086,42.400000000000006
3313,0.001569986343383789,0.084,43.2
3314,0.0005652904510498047,0.084,43.6
3315,0.0016932487487792969,0.084,44.0
3316,0.000667572021484375,0.084,44.0
3317,0.0016398429870605469,0.08,44.0
3318,0.0007529258728027344,0.08,43.6
3319,0.0018160343170166016,0.075,42.800000000000004
3320,0.0007221698760986328,0.075,42.0
3321,0.001878976821899414,0.075,40.800000000000004
3322,0.0007562637329101562,0.075,39.6
3323,0.0019843578338623047,0.075,38.400000000000006
3324,0.000823974609375,0.075,36.4
3325,0.0017337799072265625,0.075,34.800000000000004
3326,0.0007627010345458984,0.075,32.800000000000004
3327,0.0017108917236328125,0.075,30.400000000000002
3328,0.0008294582366943359,0.075,28.400000000000002
3329,0.0019376277923583984,0.075,25.6
3330,0.0007190704345703125,0.075,23.200000000000003
3331,0.00164794921875,0.075,20.8
3332,0.0006041526794433594,0.075,18.0
3333,0.0018014907836914062,0.075,15.200000000000001
3334,0.0007936954498291016,0.075,12.4
3335,0.0017764568328857422,0.075,9.600000000000001
3336,0.0005915164947509766,0.075,6.800000000000001
3337,0.0017311573028564453,0.075,4.0
3338,0.0023317337036132812,0.075,1.2000000000000002
3339,0.0006418228149414062,0.075,-1.2000000000000002
3340,0.0003559589385986328,0.075,-3.6
3341,0.0005104541778564453,0.075,-6.0
3342,0.0006268024444580078,0.075,-8.4
3343,0.0013272762298583984,0.075,-10.4
3344,0.0007791519165039062,0.075,-12.4
3345,0.0023810863494873047,0.075,-14.0
3346,0.0006535053253173828,0.075,-15.600000000000001
3347,0.0017888545989990234,0.075,-16.8
3348,0.0008776187896728516,0.075,-18.0
3349,0.001744985580444336,0.075,-18.8
3350,0.0008070468902587891,0.075,-19.200000000000003
3351,0.0016231536865234375,0.075,-19.6
3352,0.0017306804656982422,0.075,-20.0
3353,0.0005979537963867188,0.075,-19.6
3354,0.0018384456634521484,0.075,-19.200000000000003
3355,0.0008134841918945312,0.075,-18.8
3356,0.001764059066772461,0.075,-18.0
3357,0.0005891323089599609,0.075,-16.8
3358,0.002073049545288086,0.075,-15.600000000000001
3359,0.0008950233459472656,0.075,-14.0
3360,0.0011889934539794922,0.075,-12.4
3361,0.0005660057067871094,0.075,-10.8
3362,0.0017063617706298828,0.075,-8.8
3363,0.0006284713745117188,0.075,-6.800000000000001
3364,0.0023658275604248047,0.075,-4.4
3365,0.0006954669952392578,0.075,-2.0
3366,0.0015499591827392578,0.075,0.4
3367,0.00020503997802734375,0.075,2.8000000000000003
3368,0.002129077911376953,0.075,5.2
3369,0.0012722015380859375,0.075,8.0
3370,0.002270221710205078,0.075,10.4
3371,0.00041484832763671875,0.075,12.8
3372,0.0013322830200195312,0.075,15.600000000000001
3373,0.0010933876037597656,0.075,18.0
3374,0.0021178722381591797,0.075,20.400000000000002
3375,0.0007770061492919922,0.075,22.400000000000002
3376,0.002373218536376953,0.075,24.8
3377,0.0006589889526367188,0.075,26.8
3378,0.0017037391662597656,0.075,28.400000000000002
3379,0.0005812644958496094,0.075,30.400000000000002
3380,0.0018038749694824219,0.075,32.0
3381,0.0008292198181152344,0.075,33.2
3382,0.0017440319061279297,0.075,34.4
3383,0.0007648468017578125,0.075,35.6
3384,0.0012640953063964844,0.075,36.4
3385,0.0007054805755615234,0.075,37.2
3386,0.0017344951629638672,0.075,37.6
3387,0.0006113052368164062,0.075,37.6
3388,0.001720428466796875,0.08199999999999999,38.0
3389,0.0007445812225341797,0.08800000000000001,37.6
3390,0.0017473697662353516,0.097,37.2
3391,0.0007116794586181641,0.106,36.800000000000004
3392,0.0011725425720214844,0.112,36.0
3393,0.0016133785247802734,0.123,34.800000000000004
3394,0.0005784034729003906,0.134,34.0
3395,0.0012507438659667969,0.14400000000000002,32.4
3396,0.0006775856018066406,0.151,31.200000000000003
3397,0.0017664432525634766,0.155,29.6
3398,0.0007770061492919922,0.159,28.0
3399,0.0013468265533447266,0.162,26.400000000000002
3400,0.0007395744323730469,0.166,24.400000000000002
3401,0.0016834735870361328,0.166,22.8
3402,0.0006992816925048828,0.166,21.200000000000003
3403,0.001276254653930664,0.166,19.200000000000003
3404,0.0007510185241699219,0.166,17.6
3405,0.0013675689697265625,0.166,16.0
3406,0.0007071495056152344,0.166,14.4
3407,0.0007123947143554688,0.166,13.200000000000001
3408,0.0007123947143554688,0.166,13.200000000000001
3409,0.0005173683166503906,0.166,12.0
3410,0.00046515464782714844,0.166,10.8
3411,0.0006401538848876953,0.166,10.0
3412,0.0016613006591796875,0.166,9.200000000000001
3413,0.0006415843963623047,0.166,8.4
3414,0.0028028488159179688,0.166,8.0
3415,0.0006151199340820312,0.166,7.6000000000000005
3416,0.0013065338134765625,0.166,7.6000000000000005
3417,0.00047588348388671875,0.166,7.6000000000000005
3418,0.001312255859375,0.166,8.0
3419,0.0006313323974609375,0.166,8.4
3420,0.001979351043701172,0.166,8.8
3421,0.0007848739624023438,0.166,9.600000000000001
3422,0.0015025138854980469,0.166,10.4
3423,0.002344846725463867,0.166,11.200000000000001
3424,0.0007367134094238281,0.166,12.4
3425,0.0025289058685302734,0.166,13.600000000000001
3426,0.0022568702697753906,0.166,15.200000000000001
3427,0.0009379386901855469,0.166,16.400000000000002
3428,0.0018589496612548828,0.166,18.0
3429,0.0017499923706054688,0.166,19.6
3430,0.0006496906280517578,0.166,21.200000000000003
3431,0.0017771720886230469,0.166,23.200000000000003
3432,0.0007236003875732422,0.166,24.8
3433,0.0018153190612792969,0.166,26.8
3434,0.0007145404815673828,0.166,28.400000000000002
3435,0.001779317855834961,0.166,30.400000000000002
3436,0.0005774497985839844,0.166,32.0
3437,0.0012679100036621094,0.166,34.0
3438,0.0007331371307373047,0.166,35.6
3439,0.002082347869873047,0.166,37.6
3440,0.0007574558258056641,0.166,39.2
3441,0.001764059066772461,0.166,40.800000000000004
3442,0.0022890567779541016,0.166,42.0
3443,0.0008225440979003906,0.166,43.6
3444,0.0023429393768310547,0.166,44.800000000000004
3445,0.0007505416870117188,0.166,46.0
3446,0.0023844242095947266,0.166,47.2
3447,0.0007266998291015625,0.166,48.0
3448,0.0012938976287841797,0.166,49.2
3449,0.0021886825561523438,0.166,49.6
3450,0.002112865447998047,0.166,50.400000000000006
3451,0.0024251937866210938,0.166,50.800000000000004
3452,0.0006489753723144531,0.166,51.2
3453,0.001817464828491211,0.166,51.6
3454,0.0010690689086914062,0.166,51.6
3455,0.0006396770477294922,0.166,51.6
3456,0.0018324851989746094,0.166,51.2
3457,0.0005528926849365234,0.166,51.2
3458,0.001596689224243164,0.166,50.800000000000004
3459,0.0005564689636230469,0.166,50.0
3460,0.0015475749969482422,0.166,49.6
3461,0.0005252361297607422,0.166,48.800000000000004
3462,0.0017316341400146484,0.166,47.6
3463,0.00063323974609375,0.166,46.800000000000004
3464,0.0028200149536132812,0.166,45.6
3465,0.0005950927734375,0.166,44.400000000000006
3466,0.0013697147369384766,0.166,43.2
3467,0.0006127357482910156,0.166,42.0
3468,0.0010819435119628906,0.166,40.800000000000004
3469,0.0009026527404785156,0.166,39.2
3470,0.0012295246124267578,0.166,37.6
3471,0.0007140636444091797,0.166,36.4
3472,0.0025894641876220703,0.166,34.800000000000004
3473,0.0007162094116210938,0.166,33.2
3474,0.0012013912200927734,0.166,31.6
3475,0.0007414817810058594,0.166,30.0
3476,0.001833200454711914,0.166,28.400000000000002
3477,0.0007529258728027344,0.166,26.8
3478,0.0017552375793457031,0.166,25.6
3479,0.0010271072387695312,0.168,24.0
3480,0.0006632804870605469,0.17,22.400000000000002
3481,0.001708984375,0.175,21.200000000000003
3482,0.002003192901611328,0.177,20.0
3483,0.0005826950073242188,0.185,18.8
3484,0.0018780231475830078,0.192,17.6
3485,0.0007305145263671875,0.196,16.8
3486,0.0018496513366699219,0.198,16.0
3487,0.001672506332397461,0.203,15.200000000000001
3488,0.0005826950073242188,0.203,14.4
3489,0.0008959770202636719,0.203,14.0
3490,0.0006458759307861328,0.203,13.600000000000001
3491,0.002454042434692383,0.203,13.600000000000001
3492,0.0005691051483154297,0.203,13.600000000000001
3493,0.0018224716186523438,0.203,14.0
3494,0.0010941028594970703,0.203,14.4
3495,0.001970529556274414,0.203,14.8
3496,0.0018062591552734375,0.203,15.600000000000001
3497,0.0007014274597167969,0.203,16.8
3498,0.0018253326416015625,0.203,18.0
3499,0.0006911754608154297,0.203,19.200000000000003
3500,0.0018334388732910156,0.203,20.400000000000002
3501,0.0017871856689453125,0.203,22.0
3502,0.00168609619140625,0.203,24.0
3503,0.0007717609405517578,0.203,25.6
3504,0.0017936229705810547,0.205,27.6
3505,0.001695871353149414,0.205,29.6
3506,0.000812530517578125,0.205,31.6
3507,0.001203775405883789,0.205,33.6
3508,0.00045752525329589844,0.2,36.0
3509,0.0004699230194091797,0.192,38.0
3510,0.0026307106018066406,0.185,40.400000000000006
3511,0.0007519721984863281,0.179,42.400000000000006
3512,0.0017864704132080078,0.172,44.800000000000004
3513,0.0007395744323730469,0.168,46.800000000000004
3514,0.0013108253479003906,0.159,49.2
3515,0.0005505084991455078,0.153,51.2
3516,0.0005347728729248047,0.14400000000000002,53.2
3517,0.0005357265472412109,0.134,54.800000000000004
3518,0.0006706714630126953,0.127,56.800000000000004
3519,0.0015285015106201172,0.119,58.0
3520,0.0007176399230957031,0.103,59.6
3521,0.002003192901611328,0.093,60.800000000000004
3522,0.0007193088531494141,0.086,61.6
3523,0.0018038749694824219,0.084,62.400000000000006
3524,0.0006937980651855469,0.084,63.2
3525,0.0012826919555664062,0.08,63.2
3526,0.0006704330444335938,0.08,63.2
3527,0.0013079643249511719,0.08,62.800000000000004
3528,0.0005919933319091797,0.08,62.400000000000006
3529,0.0012612342834472656,0.08,61.2
3530,0.0006051063537597656,0.08,60.0
3531,0.0012364387512207031,0.08,58.800000000000004
3532,0.0016994476318359375,0.08,56.800000000000004
3533,0.0005867481231689453,0.08,54.800000000000004
3534,0.0019381046295166016,0.08,52.400000000000006
3535,0.0007429122924804688,0.08,49.6
3536,0.0018036365509033203,0.08,46.800000000000004
3537,0.0005671977996826172,0.08,43.6
3538,0.0017116069793701172,0.08199999999999999,40.400000000000006
3539,0.0017862319946289062,0.08199999999999999,36.800000000000004
3540,0.0007035732269287109,0.08199999999999999,33.2
3541,0.0018846988677978516,0.08199999999999999,29.200000000000003
3542,0.0005612373352050781,0.08199999999999999,25.200000000000003
3543,0.0018203258514404297,0.08199999999999999,21.200000000000003
3544,0.0005867481231689453,0.08199999999999999,16.8
3545,0.001810312271118164,0.084,12.8
3546,0.0007061958312988281,0.084,8.4
3547,0.0018820762634277344,0.084,4.4
3548,0.001661062240600586,0.086,0.4
3549,0.0006954669952392578,0.086,-3.6
3550,0.0019173622131347656,0.086,-7.6000000000000005
3551,0.0018756389617919922,0.086,-11.200000000000001
3552,0.0019447803497314453,0.086,-14.8
3553,0.0012981891632080078,0.086,-18.0
3554,0.0007619857788085938,0.086,-21.200000000000003
3555,0.0012836456298828125,0.086,-24.0
3556,0.0008161067962646484,0.086,-26.400000000000002
3557,0.0018768310546875,0.086,-28.400000000000002
3558,0.0006375312805175781,0.086,-30.400000000000002
3559,0.0017800331115722656,0.086,-32.0
3560,0.0005857944488525391,0.086,-33.2
3561,0.0017740726470947266,0.086,-34.0
3562,0.0005917549133300781,0.086,-34.4
3563,0.0016760826110839844,0.086,-34.4
3564,0.0006151199340820312,0.086,-34.0
3565,0.0014421939849853516,0.08800000000000001,-33.6
3566,0.0006282329559326172,0.08800000000000001,-32.4
3567,0.0024085044860839844,0.08800000000000001,-31.200000000000003
3568,0.0006659030914306641,0.08800000000000001,-29.6
3569,0.0012314319610595703,0.08800000000000001,-27.6
3570,0.0006384849548339844,0.08800000000000001,-25.6
3571,0.002389192581176758,0.08800000000000001,-22.8
3572,0.001917123794555664,0.08800000000000001,-20.0
3573,0.001917123794555664,0.08800000000000001,-20.0
3574,0.0022020339965820312,0.08800000000000001,-17.2
3575,0.0006928443908691406,0.08800000000000001,-14.0
3576,0.0025458335876464844,0.08800000000000001,-10.4
3577,0.002370119094848633,0.08800000000000001,-6.800000000000001
3578,0.0008275508880615234,0.08800000000000001,-3.2
3579,0.001257181167602539,0.08800000000000001,0.8
3580,0.0006420612335205078,0.08800000000000001,4.4
3581,0.0012209415435791016,0.091,8.4
3582,0.0006706714630126953,0.091,12.4
3583,0.0016143321990966797,0.091,16.400000000000002
3584,0.001245737075805664,0.091,20.400000000000002
3585,0.0006153583526611328,0.091,24.0
3586,0.0019731521606445312,0.091,27.6
3587,0.0007121562957763672,0.091,31.200000000000003
3588,0.0023529529571533203,0.091,34.800000000000004
3589,0.0005805492401123047,0.091,38.0
3590,0.0018236637115478516,0.091,40.800000000000004
3591,0.001749277114868164,0.091,43.6
3592,0.0005815029144287109,0.091,46.400000000000006
3593,0.0016088485717773438,0.093,48.800000000000004
3594,0.0007722377777099609,0.093,50.800000000000004
3595,0.001971721649169922,0.093,52.400000000000006
3596,0.0017383098602294922,0.093,54.0
3597,0.0006124973297119141,0.097,55.2
3598,0.0012216567993164062,0.103,56.400000000000006
3599,0.001657724380493164,0.108,56.800000000000004
3600,0.0012292861938476562,0.112,57.2
3601,0.0018310546875,0.116,57.2
3602,0.001699209213256836,0.121,57.2
3603,0.0016400814056396484,0.123,56.800000000000004
3604,0.0017037391662597656,0.123,56.0
3605,0.0017461776733398438,0.127,54.800000000000004
3606,0.0018041133880615234,0.129,53.6
3607,0.0007579326629638672,0.129,52.0
3608,0.001962900161743164,0.131,50.400000000000006
3609,0.0007290840148925781,0.138,48.400000000000006
3610,0.0012121200561523438,0.138,46.400000000000006
3611,0.0007181167602539062,0.14,44.0
3612,0.0017592906951904297,0.142,41.6
3613,0.0006134510040283203,0.147,39.2
3614,0.0004887580871582031,0.149,36.4
3615,0.0018663406372070312,0.153,33.6
3616,0.001264810562133789,0.153,30.8
3617,0.0006442070007324219,0.153,28.0
3618,0.0011594295501708984,0.153,24.8
3619,0.0013196468353271484,0.155,22.0
3620,0.0012102127075195312,0.157,19.200000000000003
3621,0.0016851425170898438,0.159,16.400000000000002
3622,0.0007402896881103516,0.159,13.600000000000001
3623,0.0017943382263183594,0.159,11.200000000000001
3624,0.0006568431854248047,0.159,8.4
3625,0.0013628005981445312,0.16399999999999998,6.4
3626,0.0006451606750488281,0.16399999999999998,4.0
3627,0.0021314620971679688,0.16399999999999998,2.0
3628,0.001401662826538086,0.16399999999999998,0.4
3629,0.0007798671722412109,0.16399999999999998,-1.2000000000000002
3630,0.003095388412475586,0.16399999999999998,-2.4000000000000004
3631,0.0007460117340087891,0.16399999999999998,-3.6
3632,0.0009257793426513672,0.16399999999999998,-4.4
3633,0.0015091896057128906,0.16399999999999998,-4.800000000000001
3634,0.0006387233734130859,0.16399999999999998,-5.2
3635,0.001840829849243164,0.16399999999999998,-5.2
3636,0.0024459362030029297,0.16399999999999998,-4.800000000000001
3637,0.0011217594146728516,0.16399999999999998,-4.4
3638,0.0006060600280761719,0.16399999999999998,-3.6
3639,0.001270294189453125,0.16399999999999998,-2.8000000000000003
3640,0.0007023811340332031,0.16399999999999998,-1.2000000000000002
3641,0.0016813278198242188,0.16399999999999998,0.0
3642,0.0005614757537841797,0.16399999999999998,2.0
3643,0.0013935565948486328,0.16399999999999998,3.6
3644,0.0020051002502441406,0.16399999999999998,6.0
3645,0.0005960464477539062,0.16399999999999998,8.0
3646,0.001332998275756836,0.16399999999999998,10.4
3647,0.002147197723388672,0.16399999999999998,13.200000000000001
3648,0.0011332035064697266,0.16399999999999998,15.600000000000001
3649,0.0007865428924560547,0.16399999999999998,18.400000000000002
3650,0.0014536380767822266,0.16399999999999998,21.200000000000003
3651,0.0021414756774902344,0.162,24.0
3652,0.002309560775756836,0.159,26.8
3653,0.0015697479248046875,0.155,29.6
3654,0.0016326904296875,0.153,32.4
3655,0.0006241798400878906,0.149,35.2
3656,0.0017628669738769531,0.149,38.0
3657,0.0011882781982421875,0.14400000000000002,40.800000000000004
3658,0.0013594627380371094,0.14,43.2
3659,0.0023539066314697266,0.136,45.6
3660,0.0019965171813964844,0.131,48.0
3661,0.0005888938903808594,0.129,50.0
3662,0.0011959075927734375,0.125,52.0
3663,0.001959085464477539,0.121,54.0
3664,0.0006453990936279297,0.119,55.6
3665,0.0020520687103271484,0.119,56.800000000000004
3666,0.0012125968933105469,0.119,58.0
3667,0.0005838871002197266,0.119,58.800000000000004
3668,0.0015552043914794922,0.116,59.6
3669,0.0006718635559082031,0.116,60.0
3670,0.0008637905120849609,0.116,60.0
3671,0.0005939006805419922,0.116,60.0
3672,0.0012760162353515625,0.116,59.6
3673,0.0021309852600097656,0.116,59.2
3674,0.000881195068359375,0.116,58.400000000000006
3675,0.0014045238494873047,0.116,57.2
3676,0.0009772777557373047,0.116,56.0
3677,0.001779317855834961,0.116,54.400000000000006
3678,0.0007784366607666016,0.116,52.800000000000004
3679,0.001252889633178711,0.116,50.800000000000004
3680,0.0007781982421875,0.116,48.400000000000006
3681,0.0017461776733398438,0.116,46.0
3682,0.0006945133209228516,0.116,43.6
3683,0.0018744468688964844,0.116,40.800000000000004
3684,0.0006237030029296875,0.116,38.0
3685,0.0013251304626464844,0.116,34.800000000000004
3686,0.0007865428924560547,0.116,31.6
3687,0.0017154216766357422,0.116,28.400000000000002
3688,0.0007443428039550781,0.116,25.200000000000003
3689,0.0017905235290527344,0.116,22.0
3690,0.0005948543548583984,0.116,18.8
3691,0.0012400150299072266,0.116,15.200000000000001
3692,0.000728607177734375,0.116,12.0
3693,0.001646280288696289,0.116,8.8
3694,0.0006265640258789062,0.116,5.6000000000000005
3695,0.0016617774963378906,0.116,2.8000000000000003
3696,0.0007462501525878906,0.116,-0.4
3697,0.0019183158874511719,0.116,-3.2
3698,0.001377105712890625,0.116,-5.6000000000000005
3699,0.0005776882171630859,0.116,-8.0
3700,0.0022208690643310547,0.116,-10.0
3701,0.0006597042083740234,0.116,-12.0
3702,0.0017943382263183594,0.116,-13.600000000000001
3703,0.0008373260498046875,0.116,-14.8
3704,0.0018510818481445312,0.116,-16.0
3705,0.0017452239990234375,0.116,-16.8
3706,0.0009677410125732422,0.116,-17.6
3707,0.0018076896667480469,0.116,-18.0
3708,0.0006852149963378906,0.116,-18.0
3709,0.0017926692962646484,0.116,-17.6
3710,0.0007429122924804688,0.116,-16.8
3711,0.0018355846405029297,0.116,-16.0
3712,0.0005667209625244141,0.116,-14.8
3713,0.0012621879577636719,0.116,-13.600000000000001
3714,0.0007741451263427734,0.116,-12.0
3715,0.0018148422241210938,0.116,-10.0
3716,0.0018148422241210938,0.116,-10.0
3717,0.0017344951629638672,0.116,-8.0
3718,0.0008933544158935547,0.116,-5.6000000000000005
3719,0.0010788440704345703,0.116,-3.2
3720,0.0006592273712158203,0.116,-0.8
3721,0.0017085075378417969,0.116,2.0
3722,0.0008544921875,0.116,4.800000000000001
3723,0.0017507076263427734,0.116,7.6000000000000005
3724,0.0007548332214355469,0.116,10.8
3725,0.0022144317626953125,0.116,13.600000000000001
3726,0.0007054805755615234,0.116,16.8
3727,0.0017466545104980469,0.116,19.6
3728,0.0008108615875244141,0.116,22.8
3729,0.0017611980438232422,0.116,25.6
3730,0.0007536411285400391,0.116,28.400000000000002
3731,0.0013523101806640625,0.116,31.200000000000003
3732,0.0007004737854003906,0.116,34.0
3733,0.0013315677642822266,0.116,36.4
3734,0.0005846023559570312,0.116,38.800000000000004
3735,0.002064228057861328,0.116,41.2
3736,0.0022118091583251953,0.116,43.2
3737,0.0005941390991210938,0.116,45.2
3738,0.0016057491302490234,0.116,46.800000000000004
3739,0.0005733966827392578,0.123,48.400000000000006
3740,0.002138853073120117,0.131,49.6
3741,0.0005729198455810547,0.14400000000000002,50.800000000000004
3742,0.0017199516296386719,0.151,51.6
3743,0.0010700225830078125,0.155,52.0
3744,0.0006492137908935547,0.159,52.400000000000006
3745,0.0013196468353271484,0.166,52.800000000000004
3746,0.0006396770477294922,0.177,52.800000000000004
3747,0.0013377666473388672,0.185,52.400000000000006
3748,0.0007026195526123047,0.194,52.0
3749,0.0013616085052490234,0.2,51.6
3750,0.0017666816711425781,0.207,50.0
3751,0.001802682876586914,0.211,49.2
3752,0.0006182193756103516,0.213,48.0
3753,0.0018270015716552734,0.213,46.800000000000004
3754,0.0017960071563720703,0.213,45.6
3755,0.0016984939575195312,0.213,44.400000000000006
3756,0.0017354488372802734,0.213,43.2
3757,0.0006396770477294922,0.213,42.0
3758,0.0018825531005859375,0.213,41.2
3759,0.0005574226379394531,0.213,40.0
3760,0.0018780231475830078,0.21600000000000005,38.800000000000004
3761,0.0007584095001220703,0.21600000000000005,37.6
3762,0.0018131732940673828,0.21600000000000005,36.800000000000004
3763,0.0007679462432861328,0.21600000000000005,36.0
3764,0.0011601448059082031,0.21600000000000005,34.800000000000004
3765,0.0007090568542480469,0.211,34.4
3766,0.0016090869903564453,0.211,33.6
3767,0.0008034706115722656,0.211,32.800000000000004
3768,0.0022284984588623047,0.211,32.4
3769,0.0005731582641601562,0.211,32.0
3770,0.0012619495391845703,0.211,32.0
3771,0.0007505416870117188,0.207,31.6
3772,0.0017614364624023438,0.207,31.6
3773,0.0007588863372802734,0.207,31.6
3774,0.0012652873992919922,0.207,31.6
3775,0.0006315708160400391,0.207,32.0
3776,0.002337217330932617,0.207,32.0
3777,0.0006704330444335938,0.207,32.4
3778,0.0013217926025390625,0.207,32.800000000000004
3779,0.0006308555603027344,0.207,33.6
3780,0.0018656253814697266,0.207,34.0
3781,0.0007607936859130859,0.207,34.800000000000004
3782,0.0013883113861083984,0.207,35.6
3783,0.0010979175567626953,0.207,36.4
3784,0.0011403560638427734,0.205,37.2
3785,0.002210855484008789,0.205,38.0
3786,0.0008230209350585938,0.203,38.800000000000004
3787,0.0020613670349121094,0.2,39.6
3788,0.0008373260498046875,0.192,40.800000000000004
3789,0.0014722347259521484,0.185,41.6
3790,0.0006508827209472656,0.181,42.800000000000004
3791,0.0013175010681152344,0.175,43.6
3792,0.0009970664978027344,0.166,44.400000000000006
3793,0.002070188522338867,0.159,45.6
3794,0.0006380081176757812,0.159,46.400000000000006
3795,0.001855611801147461,0.155,47.2
3796,0.0009748935699462891,0.155,48.0
3797,0.001954317092895508,0.155,48.800000000000004
3798,0.0008101463317871094,0.153,49.2
3799,0.001978635787963867,0.153,49.6
3800,0.0006563663482666016,0.149,50.0
3801,0.001859903335571289,0.149,50.0
3802,0.0025386810302734375,0.149,50.400000000000006
3803,0.0005838871002197266,0.147,50.0
3804,0.0010943412780761719,0.147,50.0
3805,0.0012104511260986328,0.147,49.6
3806,0.0006444454193115234,0.147,48.800000000000004
3807,0.0021288394927978516,0.147,48.400000000000006
3808,0.0025548934936523438,0.147,47.6
3809,0.0006127357482910156,0.147,46.400000000000006
3810,0.0018341541290283203,0.147,45.6
3811,0.0007269382476806641,0.147,44.400000000000006
3812,0.0013120174407958984,0.147,42.800000000000004
3813,0.0006992816925048828,0.147,41.6
3814,0.0019388198852539062,0.147,40.0
3815,0.0006701946258544922,0.147,38.400000000000006
3816,0.0012886524200439453,0.147,36.800000000000004
3817,0.0006299018859863281,0.147,34.800000000000004
3818,0.0021152496337890625,0.147,33.2
3819,0.0007719993591308594,0.147,31.200000000000003
3820,0.0013053417205810547,0.147,29.200000000000003
3821,0.0011589527130126953,0.147,27.200000000000003
3822,0.0025322437286376953,0.147,25.6
3823,0.0008380413055419922,0.147,23.6
3824,0.0025358200073242188,0.147,21.6
3825,0.0007321834564208984,0.147,19.6
3826,0.0020682811737060547,0.147,18.0
3827,0.0006151199340820312,0.147,16.0
3828,0.001796722412109375,0.147,14.4
3829,0.000652313232421875,0.147,12.8
3830,0.0017871856689453125,0.147,11.200000000000001
3831,0.0007493495941162109,0.147,10.0
3832,0.0012772083282470703,0.147,8.8
3833,0.0005574226379394531,0.147,7.6000000000000005
3834,0.0017566680908203125,0.147,6.800000000000001
3835,0.0006780624389648438,0.147,6.0
3836,0.0015516281127929688,0.147,5.2
3837,0.0005419254302978516,0.147,4.800000000000001
3838,0.0018310546875,0.147,4.4
3839,0.0007073879241943359,0.147,4.0
3840,0.001338958740234375,0.147,4.0
3841,0.0020859241485595703,0.147,4.4
3842,0.0013027191162109375,0.147,4.4
3843,0.0006623268127441406,0.147,5.2
3844,0.0010399818420410156,0.147,5.6000000000000005
3845,0.0005681514739990234,0.147,6.4
3846,0.0005075931549072266,0.147,7.2
3847,0.00122833251953125,0.147,8.4
3848,0.0017113685607910156,0.147,9.600000000000001
3849,0.0007159709930419922,0.147,10.8
3850,0.0016665458679199219,0.147,12.0
3851,0.0006556510925292969,0.147,13.600000000000001
3852,0.002558469772338867,0.147,14.8
3853,0.0007033348083496094,0.147,16.400000000000002
3854,0.0018358230590820312,0.147,18.400000000000002
3855,0.001809835433959961,0.147,20.0
3856,0.0023193359375,0.147,21.6
3857,0.0011386871337890625,0.147,23.200000000000003
3858,0.0007569789886474609,0.147,25.200000000000003
3859,0.001257181167602539,0.147,26.8
3860,0.0007379055023193359,0.147,28.400000000000002
3861,0.001207113265991211,0.147,30.0
3862,0.0007221698760986328,0.147,31.6
3863,0.001882314682006836,0.147,33.2
3864,0.0008485317230224609,0.147,34.800000000000004
3865,0.0020761489868164062,0.147,36.0
3866,0.0007665157318115234,0.147,37.6
3867,0.0017611980438232422,0.147,38.800000000000004
3868,0.0017611980438232422,0.147,38.800000000000004
3869,0.0022783279418945312,0.147,40.0
3870,0.0006887912750244141,0.147,40.800000000000004
3871,0.002594470977783203,0.147,41.6
3872,0.0006737709045410156,0.147,42.400000000000006
3873,0.0012004375457763672,0.147,43.2
3874,0.0008666515350341797,0.147,43.6
3875,0.0012750625610351562,0.147,44.0
3876,0.0006449222564697266,0.147,44.400000000000006
3877,0.001252889633178711,0.147,44.400000000000006
3878,0.001356363296508789,0.147,44.400000000000006
3879,0.0002143383026123047,0.147,44.400000000000006
3880,0.0019686222076416016,0.147,44.0
3881,0.0012259483337402344,0.147,43.6
3882,0.0022242069244384766,0.14400000000000002,43.2
3883,0.0011723041534423828,0.14,42.800000000000004
3884,0.0008008480072021484,0.136,42.0
3885,0.0021550655364990234,0.134,41.2
3886,0.0021839141845703125,0.134,40.400000000000006
3887,0.0007512569427490234,0.134,39.2
3888,0.0026221275329589844,0.134,38.0
3889,0.0007660388946533203,0.134,36.800000000000004
3890,0.0018627643585205078,0.134,35.6
3891,0.0007679462432861328,0.134,34.0
3892,0.0018198490142822266,0.134,32.800000000000004
3893,0.002180814743041992,0.134,31.200000000000003
3894,0.0007567405700683594,0.134,29.6
3895,0.0013053417205810547,0.134,28.0
3896,0.0022096633911132812,0.134,26.400000000000002
3897,0.0005877017974853516,0.134,24.8
3898,0.0018608570098876953,0.134,22.8
3899,0.0005726814270019531,0.134,21.200000000000003
3900,0.0014939308166503906,0.134,19.6
3901,0.0005753040313720703,0.134,18.0
3902,0.0025064945220947266,0.134,16.400000000000002
3903,0.0005621910095214844,0.134,14.8
3904,0.0013327598571777344,0.134,13.200000000000001
3905,0.0006687641143798828,0.134,11.600000000000001
3906,0.0013337135314941406,0.134,10.4
3907,0.0017251968383789062,0.134,9.200000000000001
3908,0.002285480499267578,0.134,8.0
3909,0.000591278076171875,0.134,6.800000000000001
3910,0.0018978118896484375,0.134,6.0
3911,0.0008738040924072266,0.134,5.2
3912,0.0018286705017089844,0.134,4.4
3913,0.0007722377777099609,0.134,4.0
3914,0.0018107891082763672,0.134,3.6
3915,0.0006785392761230469,0.134,3.2
3916,0.0021581649780273438,0.134,3.2
3917,0.0005726814270019531,0.134,3.2
3918,0.0014226436614990234,0.134,3.2
3919,0.0006206035614013672,0.131,3.6
3920,0.0017979145050048828,0.131,4.0
3921,0.0006074905395507812,0.131,4.800000000000001
3922,0.001154184341430664,0.131,5.6000000000000005
3923,0.0007326602935791016,0.127,6.4
3924,0.0023927688598632812,0.127,7.2
3925,0.0007004737854003906,0.125,8.4
3926,0.001790761947631836,0.125,9.600000000000001
3927,0.0007798671722412109,0.125,10.8
3928,0.0012519359588623047,0.125,12.0
3929,0.0007300376892089844,0.125,13.200000000000001
3930,0.0012705326080322266,0.125,14.8
3931,0.0006425380706787109,0.125,16.0
3932,0.0012238025665283203,0.125,17.6
3933,0.0006453990936279297,0.123,18.8
3934,0.0014264583587646484,0.123,20.400000000000002
3935,0.0005617141723632812,0.123,21.6
3936,0.0012476444244384766,0.123,23.200000000000003
3937,0.0005710124969482422,0.123,24.400000000000002
3938,0.0024199485778808594,0.123,25.6
3939,0.0006060600280761719,0.123,27.200000000000003
3940,0.0011963844299316406,0.123,28.400000000000002
3941,0.0005466938018798828,0.123,29.200000000000003
3942,0.0027379989624023438,0.123,30.400000000000002
3943,0.0008535385131835938,0.123,31.200000000000003
3944,0.0018839836120605469,0.123,32.4
3945,0.001337289810180664,0.123,32.800000000000004
3946,0.0005931854248046875,0.123,33.6
3947,0.002229928970336914,0.123,34.0
3948,0.001878499984741211,0.123,34.800000000000004
3949,0.0007212162017822266,0.123,34.800000000000004
3950,0.0018033981323242188,0.123,35.2
3951,0.0005543231964111328,0.123,35.2
3952,0.0011627674102783203,0.123,35.2
3953,0.0006911754608154297,0.123,35.2
3954,0.0019366741180419922,0.123,34.800000000000004
3955,0.0007352828979492188,0.123,34.4
3956,0.0018513202667236328,0.123,34.0
3957,0.002355813980102539,0.123,33.2
3958,0.0006716251373291016,0.123,32.800000000000004
3959,0.001832723617553711,0.123,32.0
3960,0.0014629364013671875,0.123,31.200000000000003
3961,0.0007481575012207031,0.123,30.0
3962,0.0015316009521484375,0.127,29.200000000000003
3963,0.0007317066192626953,0.134,28.0
3964,0.0027208328247070312,0.142,26.8
3965,0.0008606910705566406,0.147,25.6
3966,0.0010213851928710938,0.149,24.400000000000002
3967,0.0016429424285888672,0.155,23.200000000000003
3968,0.0006854534149169922,0.162,22.0
3969,0.0012545585632324219,0.16399999999999998,20.8
3970,0.0006656646728515625,0.17,19.6
3971,0.002038240432739258,0.17,18.0
3972,0.0006091594696044922,0.17,17.2
3973,0.0017116069793701172,0.17,16.0
3974,0.0007646083831787109,0.17,14.8
3975,0.001756429672241211,0.17,14.0
3976,0.002791881561279297,0.17,13.200000000000001
3977,0.0009667873382568359,0.17,12.4
3978,0.0022203922271728516,0.17,12.0
3979,0.0012574195861816406,0.17,11.600000000000001
3980,0.0015799999237060547,0.17,11.600000000000001
3981,0.0016798973083496094,0.17,11.600000000000001
3982,0.0008828639984130859,0.17,11.600000000000001
3983,0.0012552738189697266,0.17,11.600000000000001
3984,0.0006492137908935547,0.17,12.0
3985,0.0024497509002685547,0.17,12.8
3986,0.0017158985137939453,0.17,13.200000000000001
3987,0.001674652099609375,0.172,14.0
3988,0.0006439685821533203,0.172,15.200000000000001
3989,0.0017573833465576172,0.175,16.0
3990,0.0010666847229003906,0.175,17.2
3991,0.00180816650390625,0.175,18.400000000000002
3992,0.0006070137023925781,0.175,19.6
3993,0.00189971923828125,0.175,21.200000000000003
3994,0.0006153583526611328,0.175,22.8
3995,0.001294851303100586,0.175,24.0
3996,0.0010228157043457031,0.175,25.6
3997,0.0005834102630615234,0.175,27.200000000000003
3998,0.0012311935424804688,0.175,28.8
3999,0.0006153583526611328,0.175,30.8
4000,0.0018093585968017578,0.175,32.4
4001,0.0005888938903808594,0.175,34.0
4002,0.0012068748474121094,0.175,35.6
4003,0.0012526512145996094,0.175,37.2
4004,0.002962350845336914,0.175,38.800000000000004
4005,0.0007863044738769531,0.175,40.400000000000006
4006,0.002451658248901367,0.175,41.6
4007,0.0006074905395507812,0.175,43.2
4008,0.0012094974517822266,0.177,44.400000000000006
4009,0.0019648075103759766,0.179,45.6
4010,0.0012290477752685547,0.181,46.800000000000004
4011,0.0009968280792236328,0.181,47.6
4012,0.0006139278411865234,0.181,48.800000000000004
4013,0.0012416839599609375,0.183,49.6
4014,0.0007886886596679688,0.185,50.0
4015,0.0016639232635498047,0.185,50.800000000000004
4016,0.0013489723205566406,0.185,51.2
4017,0.0013489723205566406,0.188,51.2
4018,0.001991748809814453,0.19,51.6
4019,0.0007004737854003906,0.194,52.0
4020,0.0019109249114990234,0.196,52.400000000000006
4021,0.0005664825439453125,0.196,52.400000000000006
4022,0.0017511844635009766,0.196,52.400000000000006
4023,0.0017063617706298828,0.196,52.400000000000006
4024,0.0008776187896728516,0.196,52.0
4025,0.0013318061828613281,0.196,52.0
4026,0.0014519691467285156,0.196,51.6
4027,0.0006914138793945312,0.196,51.2
4028,0.0023136138916015625,0.196,50.800000000000004
4029,0.0021047592163085938,0.196,50.0
4030,0.002229928970336914,0.196,49.6
4031,0.0017325878143310547,0.196,48.800000000000004
4032,0.0016560554504394531,0.196,48.0
4033,0.0010933876037597656,0.196,47.2
4034,0.0013692378997802734,0.196,46.800000000000004
4035,0.0018208026885986328,0.196,45.6
4036,0.001535177230834961,0.196,44.800000000000004
4037,0.0016262531280517578,0.196,44.0
4038,0.0012445449829101562,0.196,43.2
4039,0.0010833740234375,0.196,42.400000000000006
4040,0.001434326171875,0.196,41.2
4041,0.00222015380859375,0.196,40.400000000000006
4042,0.0009312629699707031,0.196,39.6
4043,0.0015425682067871094,0.196,38.800000000000004
4044,0.0012409687042236328,0.196,38.0
4045,0.00118255615234375,0.196,36.800000000000004
4046,0.0026819705963134766,0.196,36.0
4047,0.0008342266082763672,0.196,35.2
4048,0.0016870498657226562,0.196,34.800000000000004
4049,0.0008115768432617188,0.196,34.0
4050,0.0018455982208251953,0.196,33.2
4051,0.000732421875,0.196,32.800000000000004
4052,0.001795053482055664,0.196,32.0
4053,0.0011780261993408203,0.196,31.6
4054,0.001155853271484375,0.196,31.200000000000003
4055,0.002030611038208008,0.196,30.8
4056,0.0023336410522460938,0.196,30.400000000000002
4057,0.0010135173797607422,0.196,30.400000000000002
4058,0.0019245147705078125,0.196,30.0
4059,0.0012674331665039062,0.196,30.0
4060,0.0022187232971191406,0.196,30.0
4061,0.0017695426940917969,0.196,30.0
4062,0.001668691635131836,0.196,30.0
4063,0.0009059906005859375,0.196,30.0
4064,0.001409769058227539,0.196,30.400000000000002
4065,0.0007808208465576172,0.196,30.400000000000002
4066,0.0018305778503417969,0.196,30.8
4067,0.0007128715515136719,0.196,31.200000000000003
4068,0.0018188953399658203,0.196,31.6
4069,0.0006260871887207031,0.196,32.4
4070,0.001359701156616211,0.196,32.800000000000004
4071,0.001077890396118164,0.196,33.2
4072,0.0005750656127929688,0.196,34.0
4073,0.001870870590209961,0.192,34.4
4074,0.0008306503295898438,0.185,35.2
4075,0.0020635128021240234,0.179,36.0
4076,0.0010254383087158203,0.172,36.800000000000004
4077,0.0006129741668701172,0.17,37.6
4078,0.0020771026611328125,0.16399999999999998,38.0
4079,0.0009872913360595703,0.155,38.800000000000004
4080,0.0006327629089355469,0.153,39.6
4081,0.002100706100463867,0.147,40.400000000000006
4082,0.0013661384582519531,0.14,40.800000000000004
4083,0.0012345314025878906,0.134,41.6
4084,0.0016107559204101562,0.131,42.0
4085,0.0007543563842773438,0.125,42.400000000000006
4086,0.0011434555053710938,0.123,42.800000000000004
4087,0.0016558170318603516,0.119,43.2
4088,0.0025701522827148438,0.116,43.2
4089,0.001984119415283203,0.114,43.2
4090,0.0008080005645751953,0.11,42.800000000000004
4091,0.0017926692962646484,0.108,42.400000000000006
4092,0.0007376670837402344,0.103,42.0
4093,0.0011806488037109375,0.101,41.6
4094,0.0019078254699707031,0.099,40.800000000000004
4095,0.0007424354553222656,0.097,39.6
4096,0.0011987686157226562,0.095,38.800000000000004
4097,0.001646280288696289,0.091,37.6
4098,0.0005795955657958984,0.084,36.0
4099,0.0017673969268798828,0.084,34.4
4100,0.0007240772247314453,0.084,32.800000000000004
4101,0.0018725395202636719,0.084,31.200000000000003
4102,0.0010192394256591797,0.084,29.200000000000003
4103,0.001852273941040039,0.084,27.200000000000003
4104,0.0010144710540771484,0.084,25.200000000000003
4105,0.002140045166015625,0.084,22.8
4106,0.0010950565338134766,0.084,20.400000000000002
4107,0.0020134449005126953,0.084,18.400000000000002
4108,0.002074718475341797,0.084,16.0
4109,0.0017857551574707031,0.084,13.600000000000001
4110,0.0021708011627197266,0.084,10.8
4111,0.0006248950958251953,0.084,8.4
4112,0.0021605491638183594,0.084,6.0
4113,0.0008993148803710938,0.084,4.0
4114,0.0006132125854492188,0.084,1.6
4115,0.0020639896392822266,0.084,-0.8
4116,0.0008189678192138672,0.084,-2.8000000000000003
4117,0.0012853145599365234,0.084,-4.800000000000001
4118,0.0006756782531738281,0.084,-6.4
4119,0.0012657642364501953,0.084,-8.0
4120,0.0006299018859863281,0.084,-9.600000000000001
4121,0.0013270378112792969,0.084,-10.8
4122,0.0016808509826660156,0.084,-12.0
4123,0.0006296634674072266,0.084,-13.200000000000001
4124,0.0021829605102539062,0.084,-14.0
4125,0.00091552734375,0.084,-14.4
4126,0.0010423660278320312,0.084,-14.8
4127,0.0013074874877929688,0.084,-14.8
4128,0.0007593631744384766,0.084,-14.8
4129,0.0012059211730957031,0.084,-14.4
4130,0.0021190643310546875,0.08800000000000001,-14.0
4131,0.0016062259674072266,0.08800000000000001,-13.200000000000001
4132,0.001653432846069336,0.101,-12.4
4133,0.0006456375122070312,0.11,-11.600000000000001
4134,0.0013828277587890625,0.125,-10.0
4135,0.0017142295837402344,0.129,-8.8
4136,0.0011680126190185547,0.14,-7.2
4137,0.0011210441589355469,0.14400000000000002,-5.6000000000000005
4138,0.0016281604766845703,0.151,-3.6
4139,0.0017824172973632812,0.153,-1.6
4140,0.0017242431640625,0.157,0.4
4141,0.0006272792816162109,0.157,2.8000000000000003
4142,0.0017559528350830078,0.157,5.2
4143,0.0007202625274658203,0.157,7.6000000000000005
4144,0.002520322799682617,0.157,10.4
4145,0.001169443130493164,0.157,12.8
4146,0.0006041526794433594,0.157,15.600000000000001
4147,0.0018134117126464844,0.157,18.400000000000002
4148,0.0017740726470947266,0.157,21.200000000000003
4149,0.0013532638549804688,0.157,24.400000000000002
4150,0.0016872882843017578,0.157,27.200000000000003
4151,0.0018498897552490234,0.157,30.0
4152,0.0016222000122070312,0.157,32.800000000000004
4153,0.0016477108001708984,0.157,35.6
4154,0.0013155937194824219,0.157,38.0
4155,0.0007410049438476562,0.157,40.800000000000004
4156,0.0015742778778076172,0.157,43.2
4157,0.0016870498657226562,0.157,45.6
4158,0.0016033649444580078,0.157,48.0
4159,0.0021505355834960938,0.157,50.0
4160,0.0007114410400390625,0.157,52.0
4161,0.0017192363739013672,0.157,53.6
4162,0.0009014606475830078,0.157,55.2
4163,0.0013360977172851562,0.157,56.400000000000006
4164,0.0016703605651855469,0.157,58.0
4165,0.0005676746368408203,0.157,58.800000000000004
4166,0.002670764923095703,0.157,59.6
4167,0.002670764923095703,0.157,59.6
4168,0.0019183158874511719,0.157,60.400000000000006
4169,0.0006356239318847656,0.153,60.800000000000004
4170,0.0021321773529052734,0.147,61.2
4171,0.0013451576232910156,0.142,61.2
4172,0.0006656646728515625,0.14,61.2
4173,0.001699209213256836,0.136,60.800000000000004
4174,0.0018992424011230469,0.131,60.400000000000006
4175,0.0009510517120361328,0.129,59.6
4176,0.0012478828430175781,0.125,58.800000000000004
4177,0.0007054805755615234,0.125,58.0
4178,0.001352548599243164,0.125,56.800000000000004
4179,0.0007615089416503906,0.125,55.2
4180,0.0015115737915039062,0.125,53.6
4181,0.0007762908935546875,0.125,52.0
4182,0.0013513565063476562,0.125,50.0
4183,0.0016841888427734375,0.125,47.6
4184,0.0023136138916015625,0.125,45.6
4185,0.0021369457244873047,0.125,42.800000000000004
4186,0.0023632049560546875,0.125,40.400000000000006
4187,0.0007433891296386719,0.125,37.6
4188,0.002334117889404297,0.125,34.800000000000004
4189,0.0006306171417236328,0.125,31.6
4190,0.0012660026550292969,0.125,28.8
4191,0.0012226104736328125,0.125,25.6
4192,0.0005855560302734375,0.125,22.400000000000002
4193,0.0022461414337158203,0.125,19.200000000000003
4194,0.0006127357482910156,0.125,16.0
4195,0.001794576644897461,0.125,13.200000000000001
4196,0.0016226768493652344,0.125,10.0
4197,0.0010352134704589844,0.125,7.2
4198,0.0018458366394042969,0.125,4.4
4199,0.0007495880126953125,0.125,1.6
4200,0.0017459392547607422,0.125,-0.8
4201,0.0016281604766845703,0.125,-3.2
4202,0.0012979507446289062,0.125,-5.6000000000000005
4203,0.0005931854248046875,0.125,-7.2
4204,0.0012083053588867188,0.125,-9.200000000000001
4205,0.001214742660522461,0.125,-10.8
4206,0.0006041526794433594,0.123,-12.0
4207,0.001312255859375,0.123,-12.8
4208,0.0017206668853759766,0.123,-13.600000000000001
4209,0.0006055831909179688,0.123,-14.0
4210,0.0017943382263183594,0.123,-14.4
4211,0.0017762184143066406,0.123,-14.0
4212,0.0018520355224609375,0.123,-14.0
4213,0.0005743503570556641,0.123,-13.200000000000001
4214,0.0017371177673339844,0.123,-12.4
4215,0.0005664825439453125,0.123,-11.200000000000001
4216,0.0018336772918701172,0.123,-10.0
4217,0.0005834102630615234,0.123,-8.4
4218,0.0012748241424560547,0.123,-6.4
4219,0.0006291866302490234,0.123,-4.4
4220,0.0024068355560302734,0.123,-2.4000000000000004
4221,0.0007035732269287109,0.123,0.0
4222,0.0018286705017089844,0.123,2.4000000000000004
4223,0.0006184577941894531,0.123,5.2
4224,0.0018537044525146484,0.123,7.6000000000000005
4225,0.0006825923919677734,0.123,10.4
4226,0.0010797977447509766,0.123,13.200000000000001
4227,0.0007970333099365234,0.123,16.0
4228,0.0017774105072021484,0.123,18.8
4229,0.0006561279296875,0.123,21.6
4230,0.0023546218872070312,0.125,24.400000000000002
4231,0.0006487369537353516,0.131,27.200000000000003
4232,0.0026178359985351562,0.14,29.6
4233,0.0005946159362792969,0.14400000000000002,32.4
4234,0.0012965202331542969,0.149,34.800000000000004
4235,0.0006449222564697266,0.149,37.2
4236,0.0019190311431884766,0.149,39.2
4237,0.0007729530334472656,0.149,41.2
4238,0.001798868179321289,0.149,43.2
4239,0.0006961822509765625,0.149,44.800000000000004
4240,0.0018754005432128906,0.149,46.400000000000006
4241,0.0017237663269042969,0.149,48.0
4242,0.0006182193756103516,0.149,49.2
4243,0.0012722015380859375,0.149,50.400000000000006
4244,0.0017428398132324219,0.149,51.2
4245,0.0007319450378417969,0.149,52.0
4246,0.0011310577392578125,0.149,52.400000000000006
4247,0.002413034439086914,0.149,52.800000000000004
4248,0.0006978511810302734,0.149,53.2
4249,0.0018079280853271484,0.149,53.2
4250,0.0027277469635009766,0.149,53.2
4251,0.00189971923828125,0.149,52.800000000000004
4252,0.0005609989166259766,0.149,52.400000000000006
4253,0.0018773078918457031,0.149,51.6
4254,0.0006549358367919922,0.149,50.800000000000004
4255,0.0024671554565429688,0.149,50.0
4256,0.0006151199340820312,0.149,48.800000000000004
4257,0.001340627670288086,0.149,47.6
4258,0.0010495185852050781,0.149,46.400000000000006
4259,0.0005483627319335938,0.149,44.800000000000004
4260,0.0020270347595214844,0.149,43.2
4261,0.002325773239135742,0.147,41.6
4262,0.0021562576293945312,0.136,40.0
4263,0.0007138252258300781,0.129,38.0
4264,0.0019071102142333984,0.121,36.0
4265,0.0005333423614501953,0.119,34.0
4266,0.0020711421966552734,0.114,32.0
4267,0.0005855560302734375,0.108,29.6
4268,0.0018122196197509766,0.099,27.6
4269,0.0006682872772216797,0.093,25.200000000000003
4270,0.001861572265625,0.086,23.200000000000003
4271,0.0006108283996582031,0.073,20.8
4272,0.0017819404602050781,0.067,18.8
4273,0.0006520748138427734,0.055999999999999994,16.400000000000002
4274,0.00145721435546875,0.054000000000000006,14.0
4275,0.0008542537689208984,0.054000000000000006,11.600000000000001
4276,0.0012784004211425781,0.054000000000000006,9.600000000000001
4277,0.0007905960083007812,0.054000000000000006,7.2
4278,0.0015110969543457031,0.054000000000000006,5.2
4279,0.0005970001220703125,0.054000000000000006,2.8000000000000003
4280,0.0018112659454345703,0.054000000000000006,0.8
4281,0.0006439685821533203,0.054000000000000006,-1.2000000000000002
4282,0.0011224746704101562,0.054000000000000006,-3.2
4283,0.0006909370422363281,0.054000000000000006,-5.2
4284,0.0011653900146484375,0.054000000000000006,-6.800000000000001
4285,0.0005631446838378906,0.054000000000000006,-8.8
4286,0.0012557506561279297,0.054000000000000006,-10.0
4287,0.0005435943603515625,0.054000000000000006,-11.600000000000001
4288,0.0013580322265625,0.054000000000000006,-12.8
4289,0.0005502700805664062,0.054000000000000006,-14.0
4290,0.0014350414276123047,0.054000000000000006,-14.8
4291,0.0007643699645996094,0.054000000000000006,-15.600000000000001
4292,0.0010836124420166016,0.054000000000000006,-16.400000000000002
4293,0.0016224384307861328,0.054000000000000006,-16.8
4294,0.0006988048553466797,0.055999999999999994,-16.8
4295,0.0018410682678222656,0.055999999999999994,-17.2
4296,0.0007317066192626953,0.055999999999999994,-16.8
4297,0.0012176036834716797,0.055999999999999994,-16.400000000000002
4298,0.0006184577941894531,0.055999999999999994,-16.0
4299,0.0017285346984863281,0.055999999999999994,-15.200000000000001
4300,0.0020906925201416016,0.058,-14.4
4301,0.0006959438323974609,0.058,-13.600000000000001
4302,0.0018100738525390625,0.058,-12.4
4303,0.0007023811340332031,0.058,-10.8
4304,0.001313924789428711,0.058,-9.600000000000001
4305,0.002222299575805664,0.058,-8.0
4306,0.0018460750579833984,0.058,-6.4
4307,0.0006139278411865234,0.058,-4.4
4308,0.0023107528686523438,0.058,-2.4000000000000004
4309,0.0021419525146484375,0.058,-0.8
4310,0.0005834102630615234,0.058,1.2000000000000002
4311,0.0013301372528076172,0.058,3.2
4312,0.0016777515411376953,0.058,5.6000000000000005
4313,0.0016777515411376953,0.058,5.6000000000000005
4314,0.002863645553588867,0.06,7.6000000000000005
4315,0.0005595684051513672,0.06,9.600000000000001
4316,0.001961231231689453,0.06,11.600000000000001
4317,0.0012750625610351562,0.06,13.200000000000001
4318,0.0007207393646240234,0.06,15.200000000000001
4319,0.0017681121826171875,0.06,17.2
4320,0.0007407665252685547,0.06,18.8
4321,0.0013151168823242188,0.06,20.400000000000002
4322,0.0005831718444824219,0.06,22.0
4323,0.0021440982818603516,0.06,23.200000000000003
4324,0.0008161067962646484,0.06,24.8
4325,0.001859426498413086,0.06,25.6
4326,0.0008087158203125,0.06,26.8
4327,0.0012440681457519531,0.06,27.6
4328,0.0006308555603027344,0.06,28.400000000000002
4329,0.0012595653533935547,0.06,28.8
4330,0.0005843639373779297,0.06,29.200000000000003
4331,0.001918792724609375,0.06,29.200000000000003
4332,0.000720977783203125,0.063,29.200000000000003
4333,0.0018157958984375,0.071,29.200000000000003
4334,0.0007073879241943359,0.078,28.8
4335,0.0014796257019042969,0.106,28.400000000000002
4336,0.0006642341613769531,0.125,27.6
4337,0.001833200454711914,0.14400000000000002,26.8
4338,0.0005373954772949219,0.157,26.0
4339,0.0014352798461914062,0.16399999999999998,24.8
4340,0.0005674362182617188,0.17,23.6
4341,0.0013246536254882812,0.177,22.400000000000002
4342,0.0007147789001464844,0.179,21.200000000000003
4343,0.0011496543884277344,0.179,19.6
4344,0.002279996871948242,0.179,18.400000000000002
4345,0.0005588531494140625,0.179,17.2
4346,0.0009996891021728516,0.179,16.0
4347,0.0006120204925537109,0.179,14.8
4348,0.0021059513092041016,0.179,14.0
4349,0.0011854171752929688,0.179,13.200000000000001
4350,0.002727985382080078,0.179,12.4
4351,0.0013456344604492188,0.179,12.0
4352,0.000728607177734375,0.179,11.600000000000001
4353,0.001733541488647461,0.177,11.600000000000001
4354,0.0024051666259765625,0.177,11.200000000000001
4355,0.0005829334259033203,0.177,11.600000000000001
4356,0.0010859966278076172,0.175,12.0
4357,0.0022051334381103516,0.17,12.4
4358,0.0006918907165527344,0.17,12.8
4359,0.0012502670288085938,0.17,13.600000000000001
4360,0.0005805492401123047,0.168,14.4
4361,0.0011334419250488281,0.162,15.600000000000001
4362,0.0014200210571289062,0.157,16.8
4363,0.0007703304290771484,0.151,18.0
4364,0.0013353824615478516,0.14400000000000002,19.200000000000003
4365,0.0014159679412841797,0.14,20.8
4366,0.0005922317504882812,0.136,22.400000000000002
4367,0.0012898445129394531,0.129,23.6
4368,0.0006368160247802734,0.127,25.200000000000003
4369,0.0017726421356201172,0.123,26.8
4370,0.0006384849548339844,0.114,28.400000000000002
4371,0.0013535022735595703,0.11,30.0
4372,0.0007522106170654297,0.106,31.200000000000003
4373,0.0018088817596435547,0.101,32.800000000000004
4374,0.0008337497711181641,0.095,34.0
4375,0.002437591552734375,0.091,35.2
4376,0.0006711483001708984,0.08800000000000001,36.4
4377,0.0021185874938964844,0.084,37.2
4378,0.0005917549133300781,0.084,38.0
4379,0.0024366378784179688,0.084,38.400000000000006
4380,0.0008084774017333984,0.084,38.800000000000004
4381,0.0006089210510253906,0.08199999999999999,39.2
4382,0.001833200454711914,0.08199999999999999,39.2
4383,0.0007312297821044922,0.08199999999999999,39.2
4384,0.0012540817260742188,0.08199999999999999,38.800000000000004
4385,0.0007121562957763672,0.08199999999999999,38.0
4386,0.0018734931945800781,0.08199999999999999,37.6
4387,0.0007464885711669922,0.08199999999999999,36.4
4388,0.001255035400390625,0.08199999999999999,35.6
4389,0.0019876956939697266,0.08199999999999999,34.4
4390,0.0007226467132568359,0.08199999999999999,32.800000000000004
4391,0.0018122196197509766,0.08199999999999999,31.200000000000003
4392,0.0006160736083984375,0.08199999999999999,29.6
4393,0.0016989707946777344,0.08199999999999999,27.6
4394,0.0006926059722900391,0.08199999999999999,25.6
4395,0.0023190975189208984,0.08199999999999999,23.6
4396,0.0012314319610595703,0.08199999999999999,21.6
4397,0.0005724430084228516,0.08199999999999999,19.200000000000003
4398,0.0013053417205810547,0.08199999999999999,16.8
4399,0.0007307529449462891,0.08199999999999999,14.8
4400,0.0019214153289794922,0.08199999999999999,12.4
4401,0.0007474422454833984,0.08199999999999999,10.0
4402,0.0019407272338867188,0.08199999999999999,7.6000000000000005
4403,0.0006706714630126953,0.08199999999999999,5.2
4404,0.0015673637390136719,0.08199999999999999,3.2
4405,0.0007097721099853516,0.08199999999999999,1.2000000000000002
4406,0.001911163330078125,0.08199999999999999,-1.2000000000000002
4407,0.0006814002990722656,0.08199999999999999,-2.8000000000000003
4408,0.0019083023071289062,0.08199999999999999,-4.800000000000001
4409,0.0012273788452148438,0.08199999999999999,-6.4
4410,0.0008161067962646484,0.08199999999999999,-8.0
4411,0.0006268024444580078,0.08199999999999999,-9.200000000000001
4412,0.001361846923828125,0.08199999999999999,-10.4
4413,0.0008933544158935547,0.08199999999999999,-11.600000000000001
4414,0.0023860931396484375,0.08199999999999999,-12.4
4415,0.0007181167602539062,0.08199999999999999,-13.200000000000001
4416,0.0017428398132324219,0.08199999999999999,-13.600000000000001
4417,0.0006816387176513672,0.08199999999999999,-13.600000000000001
4418,0.0017964839935302734,0.08199999999999999,-13.600000000000001
4419,0.0006647109985351562,0.08199999999999999,-13.600000000000001
4420,0.0018391609191894531,0.08199999999999999,-13.200000000000001
4421,0.0005993843078613281,0.08199999999999999,-12.8
4422,0.0017952919006347656,0.08199999999999999,-12.0
4423,0.0005967617034912109,0.08199999999999999,-11.200000000000001
4424,0.0015277862548828125,0.08199999999999999,-10.0
4425,0.0008082389831542969,0.08199999999999999,-8.8
4426,0.0024280548095703125,0.08199999999999999,-7.2
4427,0.0006284713745117188,0.08199999999999999,-5.6000000000000005
4428,0.002658843994140625,0.08199999999999999,-4.0
4429,0.002112865447998047,0.08199999999999999,-2.4000000000000004
4430,0.0007333755493164062,0.08199999999999999,-0.4
4431,0.001771688461303711,0.08199999999999999,1.6
4432,0.0007617473602294922,0.084,3.6
4433,0.0017232894897460938,0.084,6.0
4434,0.0006096363067626953,0.086,8.0
4435,0.0013434886932373047,0.086,10.0
4436,0.0007801055908203125,0.086,12.4
4437,0.0013713836669921875,0.086,14.4
4438,0.0007069110870361328,0.086,16.400000000000002
4439,0.0011470317840576172,0.086,18.400000000000002
4440,0.0006692409515380859,0.086,20.400000000000002
4441,0.0012035369873046875,0.086,22.400000000000002
4442,0.0005335807800292969,0.086,24.0
4443,0.0018422603607177734,0.086,26.0
4444,0.0026161670684814453,0.086,27.6
4445,0.0006229877471923828,0.086,28.8
4446,0.0017995834350585938,0.086,30.400000000000002
4447,0.0012264251708984375,0.086,31.6
4448,0.00237274169921875,0.086,32.4
4449,0.0016937255859375,0.086,33.2
4450,0.001188516616821289,0.086,34.0
4451,0.0007679462432861328,0.086,34.4
4452,0.001705169677734375,0.086,34.800000000000004
4453,0.0005662441253662109,0.086,35.2
4454,0.0011718273162841797,0.086,35.2
4455,0.0008335113525390625,0.086,34.800000000000004
4456,0.002045869827270508,0.086,34.800000000000004
4457,0.0007009506225585938,0.086,34.0
4458,0.0019426345825195312,0.08800000000000001,33.6
4459,0.0008533000946044922,0.093,32.800000000000004
4460,0.001287698745727539,0.101,32.0
4461,0.0014111995697021484,0.114,30.8
4462,0.0014111995697021484,0.138,30.8
4463,0.0012555122375488281,0.16399999999999998,29.6
4464,0.0006647109985351562,0.181,28.0
4465,0.0013899803161621094,0.192,26.8
4466,0.0025289058685302734,0.194,25.200000000000003
4467,0.002111673355102539,0.196,23.6
4468,0.0006053447723388672,0.196,22.0
4469,0.001992940902709961,0.196,20.400000000000002
4470,0.0026803016662597656,0.196,18.400000000000002
4471,0.0008461475372314453,0.196,17.2
4472,0.0016901493072509766,0.196,15.600000000000001
4473,0.00075531005859375,0.196,14.4
4474,0.001226186752319336,0.196,13.200000000000001
4475,0.002441883087158203,0.196,12.4
4476,0.0007519721984863281,0.196,11.600000000000001
4477,0.002609729766845703,0.196,10.8
4478,0.0022454261779785156,0.198,10.8
4479,0.0008563995361328125,0.198,10.4
4480,0.0019366741180419922,0.198,10.4
4481,0.0009300708770751953,0.194,10.8
4482,0.001373291015625,0.185,11.200000000000001
4483,0.0008127689361572266,0.177,12.0
4484,0.001255035400390625,0.17,13.200000000000001
4485,0.0006978511810302734,0.162,14.0
4486,0.0014138221740722656,0.153,15.200000000000001
4487,0.0004990100860595703,0.138,16.8
4488,0.0012102127075195312,0.125,18.400000000000002
4489,0.0013442039489746094,0.114,20.0
4490,0.0014216899871826172,0.108,21.6
4491,0.0006983280181884766,0.101,23.6
4492,0.0017952919006347656,0.097,25.6
4493,0.0009181499481201172,0.095,27.200000000000003
4494,0.0006220340728759766,0.095,29.200000000000003
4495,0.0011322498321533203,0.093,30.8
4496,0.001140594482421875,0.091,32.4
4497,0.0017025470733642578,0.08800000000000001,33.6
4498,0.0006670951843261719,0.08800000000000001,35.2
4499,0.0014040470123291016,0.08800000000000001,36.4
4500,0.0020596981048583984,0.08800000000000001,37.2
4501,0.0012068748474121094,0.08800000000000001,38.0
4502,0.0013020038604736328,0.08800000000000001,38.800000000000004
4503,0.0006265640258789062,0.08800000000000001,39.2
4504,0.0017898082733154297,0.08800000000000001,39.6
4505,0.0011878013610839844,0.086,39.6
4506,0.0018754005432128906,0.086,39.6
4507,0.0016689300537109375,0.086,39.2
4508,0.0009911060333251953,0.086,38.800000000000004
4509,0.0008215904235839844,0.086,38.0
4510,0.00183868408203125,0.084,37.2
4511,0.0006535053253173828,0.08199999999999999,36.0
4512,0.0011360645294189453,0.08199999999999999,34.800000000000004
4513,0.002185821533203125,0.08199999999999999,33.2
4514,0.0011644363403320312,0.08199999999999999,31.6
4515,0.00191497802734375,0.08199999999999999,30.0
4516,0.0013194084167480469,0.08199999999999999,28.400000000000002
4517,0.0019330978393554688,0.08199999999999999,26.400000000000002
4518,0.002251148223876953,0.08199999999999999,24.400000000000002
4519,0.0016622543334960938,0.08199999999999999,22.0
4520,0.001707315444946289,0.08199999999999999,20.0
4521,0.0007731914520263672,0.08199999999999999,17.6
4522,0.00119781494140625,0.08199999999999999,15.600000000000001
4523,0.0006172657012939453,0.08199999999999999,13.200000000000001
4524,0.0011785030364990234,0.08199999999999999,10.8
4525,0.0018718242645263672,0.08199999999999999,8.4
4526,0.0006818771362304688,0.08199999999999999,6.4
4527,0.0022470951080322266,0.08199999999999999,4.0
4528,0.0006470680236816406,0.08199999999999999,2.0
4529,0.0021886825561523438,0.08199999999999999,-0.4
4530,0.0007162094116210938,0.08199999999999999,-2.4000000000000004
4531,0.0012736320495605469,0.08199999999999999,-4.0
4532,0.0005698204040527344,0.08199999999999999,-5.6000000000000005
4533,0.0020782947540283203,0.08199999999999999,-7.2
4534,0.0025954246520996094,0.08199999999999999,-8.8
4535,0.0007214546203613281,0.08199999999999999,-10.0
4536,0.0022919178009033203,0.08199999999999999,-11.200000000000001
4537,0.0005803108215332031,0.08199999999999999,-12.0
4538,0.0018467903137207031,0.08199999999999999,-12.8
4539,0.0005931854248046875,0.08199999999999999,-13.200000000000001
4540,0.0012853145599365234,0.08199999999999999,-13.600000000000001
4541,0.00058746337890625,0.08199999999999999,-13.600000000000001
4542,0.001142263412475586,0.08199999999999999,-13.600000000000001
4543,0.0005664825439453125,0.08199999999999999,-13.200000000000001
4544,0.0018105506896972656,0.08199999999999999,-12.8
4545,0.0006799697875976562,0.08199999999999999,-12.0
4546,0.0017781257629394531,0.08199999999999999,-11.200000000000001
4547,0.0011436939239501953,0.08199999999999999,-10.4
4548,0.0005900859832763672,0.08199999999999999,-9.200000000000001
4549,0.0008444786071777344,0.08199999999999999,-7.6000000000000005
4550,0.0006189346313476562,0.08199999999999999,-6.0
4551,0.0023069381713867188,0.08199999999999999,-4.4
4552,0.002290010452270508,0.08199999999999999,-2.8000000000000003
4553,0.0024089813232421875,0.08199999999999999,-0.8
4554,0.0016973018646240234,0.08199999999999999,0.8
4555,0.002348661422729492,0.08199999999999999,3.2
4556,0.0019638538360595703,0.08199999999999999,5.2
4557,0.0022683143615722656,0.08199999999999999,7.2
4558,0.0006091594696044922,0.08199999999999999,9.200000000000001
4559,0.0018587112426757812,0.08199999999999999,11.600000000000001
4560,0.0011246204376220703,0.08199999999999999,13.600000000000001
4561,0.001554250717163086,0.08199999999999999,15.600000000000001
4562,0.0016949176788330078,0.08199999999999999,17.6
4563,0.0007817745208740234,0.08199999999999999,19.6
4564,0.0018236637115478516,0.08199999999999999,21.6
4565,0.0006012916564941406,0.08199999999999999,23.6
4566,0.0017769336700439453,0.08199999999999999,25.200000000000003
4567,0.0010106563568115234,0.08199999999999999,26.8
4568,0.0007333755493164062,0.08199999999999999,28.400000000000002
4569,0.0012941360473632812,0.08199999999999999,29.6
4570,0.002356290817260742,0.08199999999999999,30.8
4571,0.0018863677978515625,0.08199999999999999,32.0
4572,0.0008323192596435547,0.08199999999999999,32.800000000000004
4573,0.0012431144714355469,0.08199999999999999,33.6
4574,0.0009601116180419922,0.08199999999999999,34.0
4575,0.0020956993103027344,0.08199999999999999,34.4
4576,0.0006921291351318359,0.08199999999999999,34.4
4577,0.0020494461059570312,0.08199999999999999,34.4
4578,0.0007486343383789062,0.08199999999999999,34.4
4579,0.0015289783477783203,0.08199999999999999,34.0
4580,0.0006494522094726562,0.091,33.6
4581,0.0014314651489257812,0.103,32.800000000000004
4582,0.0005965232849121094,0.123,32.0
4583,0.0017795562744140625,0.136,31.200000000000003
4584,0.0005877017974853516,0.149,30.0
4585,0.0012745857238769531,0.157,28.8
4586,0.0005543231964111328,0.166,27.6
4587,0.0012233257293701172,0.168,26.0
4588,0.000579833984375,0.17,24.400000000000002
4589,0.001165628433227539,0.17,22.8
4590,0.0012969970703125,0.17,21.200000000000003
4591,0.0005853176116943359,0.17,20.0
4592,0.0020885467529296875,0.17,18.400000000000002
4593,0.0005919933319091797,0.17,16.8
4594,0.002143383026123047,0.17,15.600000000000001
4595,0.0005884170532226562,0.17,14.4
4596,0.0018961429595947266,0.17,13.200000000000001
4597,0.0006003379821777344,0.17,12.4
4598,0.001299142837524414,0.17,11.600000000000001
4599,0.0007333755493164062,0.17,10.8
4600,0.002154827117919922,0.17,10.4
4601,0.0012598037719726562,0.17,10.0
4602,0.0017518997192382812,0.17,10.0
4603,0.001478433609008789,0.17,9.600000000000001
4604,0.0018312931060791016,0.17,10.0
4605,0.0022106170654296875,0.17,10.0
4606,0.0012402534484863281,0.17,10.8
4607,0.0010440349578857422,0.17,11.200000000000001
4608,0.001512765884399414,0.168,12.0
4609,0.0009377002716064453,0.159,12.8
4610,0.0020842552185058594,0.149,13.600000000000001
4611,0.0011546611785888672,0.136,14.8
4612,0.0022916793823242188,0.125,16.0
4613,0.0022916793823242188,0.114,16.0
4614,0.0012073516845703125,0.106,17.6
4615,0.0008313655853271484,0.097,18.8
4616,0.0013737678527832031,0.095,20.400000000000002
4617,0.002263784408569336,0.093,22.0
4618,0.0008120536804199219,0.091,23.200000000000003
4619,0.0012857913970947266,0.08800000000000001,24.8
4620,0.0015704631805419922,0.086,26.400000000000002
4621,0.0017695426940917969,0.086,27.6
4622,0.0018384456634521484,0.08,28.8
4623,0.001833200454711914,0.075,30.0
4624,0.0006191730499267578,0.075,30.8
4625,0.0022139549255371094,0.073,32.0
4626,0.0023899078369140625,0.073,32.4
4627,0.0007681846618652344,0.071,33.2
4628,0.0013735294342041016,0.067,33.6
4629,0.0006573200225830078,0.067,33.6
4630,0.0025975704193115234,0.067,33.6
4631,0.0006334781646728516,0.065,33.6
4632,0.001306295394897461,0.063,33.2
4633,0.0005979537963867188,0.063,32.800000000000004
4634,0.0013577938079833984,0.063,32.0
4635,0.0007150173187255859,0.063,31.200000000000003
4636,0.0014526844024658203,0.063,30.0
4637,0.0007455348968505859,0.063,28.8
4638,0.0017392635345458984,0.063,27.6
4639,0.0005810260772705078,0.063,26.0
4640,0.0016551017761230469,0.063,24.400000000000002
4641,0.0007004737854003906,0.063,22.8
4642,0.0018038749694824219,0.063,20.8
4643,0.0005524158477783203,0.063,18.8
4644,0.0011577606201171875,0.063,16.8
4645,0.0005357265472412109,0.063,14.8
4646,0.0015683174133300781,0.063,12.4
4647,0.0005407333374023438,0.063,10.4
4648,0.0018286705017089844,0.063,8.0
4649,0.000560760498046875,0.063,6.0
4650,0.0017731189727783203,0.063,3.6
4651,0.0006582736968994141,0.063,1.6
4652,0.0017447471618652344,0.063,-0.4
4653,0.002480745315551758,0.063,-2.4000000000000004
4654,0.0019922256469726562,0.063,-4.4
4655,0.0006136894226074219,0.063,-6.4
4656,0.0013010501861572266,0.063,-8.0
4657,0.0006117820739746094,0.063,-9.600000000000001
4658,0.002324819564819336,0.063,-11.200000000000001
4659,0.0017502307891845703,0.063,-12.4
4660,0.0006296634674072266,0.063,-13.600000000000001
4661,0.0016138553619384766,0.063,-14.4
4662,0.0011980533599853516,0.063,-15.200000000000001
4663,0.0017409324645996094,0.063,-15.600000000000001
4664,0.0012431144714355469,0.063,-16.0
4665,0.0013256072998046875,0.063,-16.400000000000002
4666,0.0025267601013183594,0.063,-16.400000000000002
4667,0.000637054443359375,0.063,-16.0
4668,0.0012509822845458984,0.063,-15.600000000000001
4669,0.0020618438720703125,0.063,-15.200000000000001
4670,0.0023622512817382812,0.063,-14.4
4671,0.0006120204925537109,0.063,-13.600000000000001
4672,0.002094268798828125,0.063,-12.4
4673,0.0006124973297119141,0.063,-11.200000000000001
4674,0.0019042491912841797,0.063,-9.600000000000001
4675,0.0006277561187744141,0.063,-8.4
4676,0.0013048648834228516,0.063,-6.800000000000001
4677,0.0008409023284912109,0.063,-4.800000000000001
4678,0.002361774444580078,0.063,-3.2
4679,0.0006344318389892578,0.063,-1.2000000000000002
4680,0.0012760162353515625,0.063,0.8
4681,0.0006475448608398438,0.063,2.8000000000000003
4682,0.0011425018310546875,0.063,4.800000000000001
4683,0.0005841255187988281,0.063,6.800000000000001
4684,0.0011718273162841797,0.063,8.8
4685,0.0006062984466552734,0.063,10.8
4686,0.0017957687377929688,0.063,12.8
4687,0.0005686283111572266,0.063,14.8
4688,0.0012371540069580078,0.063,16.8
4689,0.0005640983581542969,0.063,18.400000000000002
4690,0.0022459030151367188,0.063,20.400000000000002
4691,0.0005574226379394531,0.063,22.0
4692,0.0008378028869628906,0.063,23.200000000000003
4693,0.0005881786346435547,0.063,24.8
4694,0.0011670589447021484,0.063,26.0
4695,0.0005855560302734375,0.063,26.8
4696,0.002042531967163086,0.063,28.0
4697,0.0006871223449707031,0.063,28.400000000000002
4698,0.0017774105072021484,0.063,29.200000000000003
4699,0.0006735324859619141,0.063,29.6
4700,0.0013005733489990234,0.063,29.6
4701,0.0006570816040039062,0.063,30.0
4702,0.0010788440704345703,0.063,29.6
4703,0.0006821155548095703,0.063,29.6
4704,0.001781463623046875,0.063,28.8
4705,0.0005800724029541016,0.063,28.400000000000002
4706,0.001348257064819336,0.063,27.6
4707,0.0005660057067871094,0.063,26.8
4708,0.0026352405548095703,0.063,25.6
4709,0.0009598731994628906,0.063,24.400000000000002
4710,0.0005848407745361328,0.063,23.200000000000003
4711,0.0018482208251953125,0.063,21.6
4712,0.0016794204711914062,0.063,20.0
4713,0.001806020736694336,0.063,18.400000000000002
4714,0.002065420150756836,0.063,16.8
4715,0.0013942718505859375,0.063,14.8
4716,0.0018458366394042969,0.063,13.200000000000001
4717,0.0017957687377929688,0.063,11.200000000000001
4718,0.0006039142608642578,0.063,9.200000000000001
4719,0.0012638568878173828,0.063,7.2
4720,0.0007522106170654297,0.063,5.6000000000000005
4721,0.0011568069458007812,0.063,3.6
4722,0.001674652099609375,0.063,1.6
4723,0.0026369094848632812,0.063,0.0
4724,0.0011022090911865234,0.063,-2.0
4725,0.0020656585693359375,0.063,-3.6
4726,0.0011441707611083984,0.063,-5.2
4727,0.0008816719055175781,0.063,-6.4
4728,0.0013833045959472656,0.063,-7.6000000000000005
4729,0.0008778572082519531,0.063,-8.8
4730,0.001210927963256836,0.063,-10.0
4731,0.0008151531219482422,0.063,-10.8
4732,0.0018951892852783203,0.063,-11.600000000000001
4733,0.0006642341613769531,0.063,-12.4
4734,0.0016705989837646484,0.063,-12.8
4735,0.0016369819641113281,0.063,-13.200000000000001
4736,0.0009393692016601562,0.063,-13.200000000000001
4737,0.001295328140258789,0.063,-13.200000000000001
4738,0.0005984306335449219,0.063,-12.8
4739,0.0012831687927246094,0.063,-12.4
4740,0.00189971923828125,0.063,-12.0
4741,0.0008568763732910156,0.063,-11.200000000000001
4742,0.001268625259399414,0.063,-10.4
4743,0.0006976127624511719,0.063,-9.600000000000001
4744,0.0017690658569335938,0.063,-8.4
4745,0.0017642974853515625,0.063,-7.2
4746,0.0007483959197998047,0.063,-6.0
4747,0.0017371177673339844,0.063,-4.4
4748,0.0009090900421142578,0.063,-2.8000000000000003
4749,0.0021054744720458984,0.063,-1.2000000000000002
4750,0.0007350444793701172,0.063,0.4
4751,0.0013723373413085938,0.063,2.0
4752,0.00069427490234375,0.063,3.6
4753,0.002064943313598633,0.063,5.6000000000000005
4754,0.0007479190826416016,0.063,7.2
4755,0.0019567012786865234,0.063,9.200000000000001
4756,0.0009367465972900391,0.063,10.8
4757,0.0009443759918212891,0.063,12.4
4758,0.0017266273498535156,0.063,14.0
4759,0.0015933513641357422,0.063,15.600000000000001
4760,0.0023179054260253906,0.063,17.2
4761,0.0023179054260253906,0.063,17.2
4762,0.0012960433959960938,0.063,18.8
4763,0.000576019287109375,0.063,20.0
4764,0.0005333423614501953,0.063,21.200000000000003
4765,0.0017104148864746094,0.063,22.400000000000002
4766,0.001138925552368164,0.063,23.200000000000003
4767,0.0023250579833984375,0.063,24.400000000000002
4768,0.0011782646179199219,0.063,24.8
4769,0.002496480941772461,0.063,25.6
4770,0.0009226799011230469,0.078,26.0
4771,0.0020089149475097656,0.093,26.400000000000002
4772,0.0016798973083496094,0.125,26.400000000000002
4773,0.0008304119110107422,0.147,26.400000000000002
4774,0.0023293495178222656,0.159,26.400000000000002
4775,0.0009524822235107422,0.168,26.0
4776,0.0019495487213134766,0.172,25.6
4777,0.0007507801055908203,0.175,25.200000000000003
4778,0.0014176368713378906,0.177,24.8
4779,0.0006802082061767578,0.177,24.0
4780,0.001447439193725586,0.177,23.6
4781,0.0006759166717529297,0.177,22.8
4782,0.001163482666015625,0.177,22.400000000000002
4783,0.0008749961853027344,0.177,21.6
4784,0.0005676746368408203,0.177,21.200000000000003
4785,0.0005974769592285156,0.177,20.8
4786,0.0013301372528076172,0.177,20.400000000000002
4787,0.0005977153778076172,0.177,20.400000000000002
4788,0.0012466907501220703,0.175,20.0
4789,0.0005896091461181641,0.166,20.0
4790,0.0017385482788085938,0.151,20.0
4791,0.0005936622619628906,0.14,20.400000000000002
4792,0.0015044212341308594,0.134,20.400000000000002
4793,0.0013415813446044922,0.125,20.8
4794,0.0007314682006835938,0.121,21.200000000000003
4795,0.0014231204986572266,0.112,21.6
4796,0.0007293224334716797,0.101,22.0
4797,0.0012784004211425781,0.099,22.8
4798,0.0005795955657958984,0.095,23.200000000000003
4799,0.0013113021850585938,0.091,23.6
4800,0.0005564689636230469,0.08800000000000001,24.0
4801,0.001794576644897461,0.086,24.400000000000002
4802,0.0005459785461425781,0.08199999999999999,24.8
4803,0.0018448829650878906,0.08199999999999999,25.200000000000003
4804,0.000675201416015625,0.08,25.200000000000003
4805,0.0015177726745605469,0.075,25.200000000000003
4806,0.0006392002105712891,0.075,25.200000000000003
4807,0.0014214515686035156,0.075,25.200000000000003
4808,0.002278566360473633,0.075,24.8
4809,0.0007696151733398438,0.073,24.8
4810,0.001321554183959961,0.073,24.400000000000002
4811,0.0007109642028808594,0.073,23.6
4812,0.0012886524200439453,0.073,22.400000000000002
4813,0.0005795955657958984,0.073,21.6
4814,0.0018985271453857422,0.073,20.8
4815,0.0005452632904052734,0.073,19.6
4816,0.0018203258514404297,0.073,18.8
4817,0.002148151397705078,0.073,17.6
4818,0.0015959739685058594,0.073,16.400000000000002
4819,0.0011224746704101562,0.073,15.200000000000001
4820,0.0007531642913818359,0.073,14.0
4821,0.0017960071563720703,0.073,12.4
4822,0.0006253719329833984,0.073,11.200000000000001
4823,0.0017805099487304688,0.073,10.0
4824,0.0006005764007568359,0.073,8.8
4825,0.002496004104614258,0.073,7.2
4826,0.0006806850433349609,0.073,6.0
4827,0.0012357234954833984,0.073,4.800000000000001
4828,0.0006396770477294922,0.073,3.6
4829,0.0013763904571533203,0.073,2.4000000000000004
4830,0.0006363391876220703,0.073,1.2000000000000002
4831,0.001786947250366211,0.073,0.0
4832,0.0006310939788818359,0.073,-0.8
4833,0.001766204833984375,0.073,-1.6
4834,0.0024013519287109375,0.073,-2.4000000000000004
4835,0.0007584095001220703,0.073,-3.2
4836,0.001748800277709961,0.073,-3.6
4837,0.0007131099700927734,0.073,-4.0
4838,0.0017554759979248047,0.073,-4.4
4839,0.0017130374908447266,0.073,-4.800000000000001
4840,0.0006062984466552734,0.073,-4.800000000000001
4841,0.0013434886932373047,0.073,-4.800000000000001
4842,0.0005779266357421875,0.073,-4.800000000000001
4843,0.0011680126190185547,0.073,-4.800000000000001
4844,0.0007345676422119141,0.073,-4.4
4845,0.0017523765563964844,0.073,-4.0
4846,0.0005891323089599609,0.073,-3.2
4847,0.0019028186798095703,0.073,-2.8000000000000003
4848,0.0010099411010742188,0.073,-2.0
4849,0.0009484291076660156,0.073,-1.2000000000000002
4850,0.0006344318389892578,0.073,-0.4
4851,0.001752614974975586,0.073,0.8
4852,0.0012755393981933594,0.073,1.6
4853,0.00079345703125,0.073,2.8000000000000003
4854,0.0012273788452148438,0.073,4.0
4855,0.0006237030029296875,0.073,5.2
4856,0.0005409717559814453,0.073,6.4
4857,0.000579833984375,0.073,7.6000000000000005
4858,0.0018455982208251953,0.073,8.8
4859,0.0017001628875732422,0.073,10.0
4860,0.0005996227264404297,0.073,11.200000000000001
4861,0.002483367919921875,0.073,12.4
4862,0.0005567073822021484,0.073,13.600000000000001
4863,0.0016779899597167969,0.078,14.8
4864,0.000598907470703125,0.078,15.600000000000001
4865,0.0019109249114990234,0.078,16.8
4866,0.0006530284881591797,0.078,17.6
4867,0.001285552978515625,0.078,18.8
4868,0.0007100105285644531,0.08,19.6
4869,0.002475261688232422,0.08,20.0
4870,0.0005595684051513672,0.08,20.8
4871,0.001857757568359375,0.08199999999999999,21.6
4872,0.0012555122375488281,0.084,22.0
4873,0.001268148422241211,0.086,22.400000000000002
4874,0.002567768096923828,0.086,22.400000000000002
4875,0.0013117790222167969,0.091,22.8
4876,0.0008296966552734375,0.091,22.8
4877,0.0017595291137695312,0.091,22.8
4878,0.0007503032684326172,0.091,22.8
4879,0.0018274784088134766,0.091,22.8
4880,0.0007073879241943359,0.091,22.400000000000002
4881,0.0019197463989257812,0.091,22.0
4882,0.0006542205810546875,0.091,21.6
4883,0.0014197826385498047,0.091,21.200000000000003
4884,0.0006694793701171875,0.091,20.8
4885,0.0018885135650634766,0.091,20.400000000000002
4886,0.0007414817810058594,0.091,19.6
4887,0.0018584728240966797,0.091,18.8
4888,0.002192974090576172,0.091,18.0
4889,0.0005643367767333984,0.091,17.2
4890,0.0019731521606445312,0.091,16.400000000000002
4891,0.0007941722869873047,0.091,15.600000000000001
4892,0.0011627674102783203,0.091,14.8
4893,0.0005886554718017578,0.091,14.0
4894,0.0017201900482177734,0.091,13.200000000000001
4895,0.0007407665252685547,0.091,12.0
4896,0.001790761947631836,0.091,11.200000000000001
4897,0.0011937618255615234,0.091,10.4
4898,0.0011181831359863281,0.091,9.600000000000001
4899,0.0017802715301513672,0.091,8.8
4900,0.0007729530334472656,0.091,8.0
4901,0.0017621517181396484,0.091,7.2
4902,0.0007984638214111328,0.091,6.4
4903,0.0012445449829101562,0.091,6.0
4904,0.0022580623626708984,0.091,5.2
4905,0.001239776611328125,0.091,4.800000000000001
4906,0.0010640621185302734,0.091,4.4
4907,0.0014231204986572266,0.091,4.0
4908,0.0020766258239746094,0.091,3.6
4909,0.0006506443023681641,0.091,3.2
4910,0.002273082733154297,0.091,3.2
4911,0.0006303787231445312,0.091,2.8000000000000003
4912,0.002513885498046875,0.091,2.8000000000000003
4913,0.0012307167053222656,0.091,2.8000000000000003
4914,0.0012323856353759766,0.091,3.2
4915,0.0022819042205810547,0.091,3.2
4916,0.0022819042205810547,0.091,3.2
4917,0.0011985301971435547,0.091,3.6
4918,0.0016155242919921875,0.091,4.0
4919,0.0007641315460205078,0.091,4.4
4920,0.001252889633178711,0.091,4.800000000000001
4921,0.0006048679351806641,0.091,5.2
4922,0.0025789737701416016,0.091,6.0
4923,0.0005810260772705078,0.091,6.4
4924,0.00211334228515625,0.091,7.2
4925,0.0010347366333007812,0.091,8.0
4926,0.0007061958312988281,0.091,8.8
4927,0.0012612342834472656,0.095,9.600000000000001
4928,0.0006768703460693359,0.101,10.4
4929,0.002213001251220703,0.11,11.200000000000001
4930,0.002277851104736328,0.114,12.0
4931,0.0012850761413574219,0.114,12.8
4932,0.001163482666015625,0.116,13.600000000000001
4933,0.001155853271484375,0.116,14.4
4934,0.0006361007690429688,0.123,15.600000000000001
4935,0.0014841556549072266,0.123,16.400000000000002
4936,0.0006461143493652344,0.123,17.2
4937,0.0013234615325927734,0.123,18.0
4938,0.0007748603820800781,0.123,18.8
4939,0.0012447834014892578,0.123,19.6
4940,0.0006031990051269531,0.123,20.400000000000002
4941,0.0013346672058105469,0.123,21.200000000000003
4942,0.0006899833679199219,0.123,21.6
4943,0.0017375946044921875,0.123,22.400000000000002
4944,0.0009207725524902344,0.123,23.200000000000003
4945,0.0005738735198974609,0.123,23.6
4946,0.0016443729400634766,0.123,24.400000000000002
4947,0.0005812644958496094,0.123,24.8
4948,0.001209259033203125,0.123,25.6
4949,0.0005538463592529297,0.123,26.0
4950,0.001142263412475586,0.123,26.400000000000002
4951,0.0006661415100097656,0.123,26.8
4952,0.0012919902801513672,0.123,26.8
4953,0.0005326271057128906,0.123,27.200000000000003
4954,0.0013039112091064453,0.123,27.6
4955,0.0005815029144287109,0.123,27.6
4956,0.0013840198516845703,0.123,27.6
4957,0.002111196517944336,0.123,27.6
4958,0.0006442070007324219,0.123,27.6
4959,0.0014257431030273438,0.123,27.200000000000003
4960,0.0008106231689453125,0.123,27.200000000000003
4961,0.002121448516845703,0.123,26.8
4962,0.0011985301971435547,0.123,26.400000000000002
4963,0.0005657672882080078,0.123,26.400000000000002
4964,0.001708984375,0.123,26.0
4965,0.0005867481231689453,0.123,25.200000000000003
4966,0.0020723342895507812,0.123,24.8
4967,0.001176595687866211,0.123,24.400000000000002
4968,0.0005674362182617188,0.123,23.6
4969,0.0017223358154296875,0.123,23.200000000000003
4970,0.0006134510040283203,0.123,22.400000000000002
4971,0.00106048583984375,0.123,21.6
4972,0.0006093978881835938,0.123,21.200000000000003
4973,0.0017893314361572266,0.123,20.400000000000002
4974,0.0006077289581298828,0.123,19.6
4975,0.0013189315795898438,0.123,18.8
4976,0.0009181499481201172,0.123,18.400000000000002
4977,0.0024585723876953125,0.123,17.6
4978,0.0023458003997802734,0.123,16.8
4979,0.0008511543273925781,0.123,16.0
4980,0.0012412071228027344,0.123,15.600000000000001
4981,0.0006928443908691406,0.123,14.8
4982,0.0012576580047607422,0.123,14.4
4983,0.0015816688537597656,0.123,14.0
4984,0.0010671615600585938,0.123,13.200000000000001
4985,0.0007612705230712891,0.123,12.8
4986,0.0011610984802246094,0.123,12.4
4987,0.0011281967163085938,0.123,12.0
4988,0.0006346702575683594,0.123,12.0
4989,0.0013649463653564453,0.123,11.600000000000001
4990,0.002389192581176758,0.123,11.600000000000001
4991,0.0005919933319091797,0.123,11.600000000000001
4992,0.0018458366394042969,0.123,11.600000000000001
4993,0.0006008148193359375,0.119,11.600000000000001
4994,0.0017561912536621094,0.116,11.600000000000001
4995,0.0018329620361328125,0.116,11.600000000000001
4996,0.0015833377838134766,0.112,12.0
4997,0.0010378360748291016,0.11,12.0
4998,0.002115011215209961,0.11,12.4
4999,0.0005955696105957031,0.11,12.8
5000,0.0024559497833251953,0.108,13.200000000000001
5001,0.0007190704345703125,0.108,13.600000000000001
5002,0.0013861656188964844,0.108,14.0
5003,0.0012586116790771484,0.106,14.4
5004,0.0021026134490966797,0.106,14.8
5005,0.0012962818145751953,0.106,15.600000000000001
5006,0.0006082057952880859,0.106,16.0
5007,0.002164602279663086,0.103,16.400000000000002
5008,0.001638650894165039,0.103,16.8
5009,0.0009617805480957031,0.103,17.6
5010,0.0015053749084472656,0.101,18.0
5011,0.0010116100311279297,0.099,18.400000000000002
5012,0.0011515617370605469,0.099,18.8
5013,0.00048470497131347656,0.097,19.200000000000003
5014,0.0014121532440185547,0.097,19.6
5015,0.0009341239929199219,0.097,20.0
5016,0.002460479736328125,0.097,20.400000000000002
5017,0.0006949901580810547,0.097,20.400000000000002
5018,0.002226591110229492,0.095,20.8
5019,0.0007710456848144531,0.095,20.8
5020,0.0018002986907958984,0.095,21.200000000000003
5021,0.0012271404266357422,0.095,21.200000000000003
5022,0.0011143684387207031,0.095,21.200000000000003
5023,0.0011758804321289062,0.095,20.8
5024,0.002428293228149414,0.095,20.8
5025,0.0009102821350097656,0.095,20.8
5026,0.00138092041015625,0.095,20.400000000000002
5027,0.0007669925689697266,0.093,20.0
5028,0.002061128616333008,0.091,20.0
5029,0.0006575584411621094,0.091,19.6
5030,0.0017292499542236328,0.08800000000000001,18.8
5031,0.0011980533599853516,0.08800000000000001,18.400000000000002
5032,0.0008366107940673828,0.08800000000000001,18.0
5033,0.0019347667694091797,0.08800000000000001,17.6
5034,0.0006573200225830078,0.08800000000000001,16.8
5035,0.0017511844635009766,0.08800000000000001,16.400000000000002
5036,0.0017960071563720703,0.08800000000000001,15.600000000000001
5037,0.0009372234344482422,0.08800000000000001,15.200000000000001
5038,0.0011603832244873047,0.08800000000000001,14.4
5039,0.002028942108154297,0.08800000000000001,13.600000000000001
5040,0.0008194446563720703,0.08800000000000001,12.8
5041,0.0012824535369873047,0.08800000000000001,12.4
5042,0.0007882118225097656,0.08800000000000001,11.600000000000001
5043,0.0016300678253173828,0.08800000000000001,10.8
5044,0.0006170272827148438,0.08800000000000001,10.0
5045,0.0012557506561279297,0.08800000000000001,9.600000000000001
5046,0.0022993087768554688,0.08800000000000001,8.8
5047,0.002271890640258789,0.08800000000000001,8.4
5048,0.0006020069122314453,0.08800000000000001,7.6000000000000005
5049,0.0024509429931640625,0.08800000000000001,7.2
5050,0.0011212825775146484,0.08800000000000001,6.800000000000001
5051,0.0006532669067382812,0.08800000000000001,6.0
5052,0.0012249946594238281,0.08800000000000001,5.6000000000000005
5053,0.0012965202331542969,0.08800000000000001,5.6000000000000005
5054,0.0006241798400878906,0.08800000000000001,5.2
5055,0.0013604164123535156,0.08800000000000001,4.800000000000001
5056,0.0022993087768554688,0.08800000000000001,4.800000000000001
5057,0.0006034374237060547,0.08800000000000001,4.800000000000001
5058,0.0019791126251220703,0.08800000000000001,4.4
5059,0.0016617774963378906,0.08800000000000001,4.4
5060,0.0022249221801757812,0.08800000000000001,4.800000000000001
5061,0.002312183380126953,0.08800000000000001,4.800000000000001
5062,0.0019228458404541016,0.08800000000000001,4.800000000000001
5063,0.0019228458404541016,0.08800000000000001,4.800000000000001
5064,0.0010979175567626953,0.086,5.2
5065,0.0006687641143798828,0.084,5.6000000000000005
5066,0.0017244815826416016,0.084,6.0
5067,0.002076864242553711,0.084,6.4
5068,0.0006101131439208984,0.084,6.800000000000001
5069,0.002057790756225586,0.084,7.2
5070,0.001397848129272461,0.084,8.0
5071,0.0018229484558105469,0.084,8.4
5072,0.0016353130340576172,0.084,9.200000000000001
5073,0.0007729530334472656,0.084,9.600000000000001
5074,0.002532482147216797,0.084,10.4
5075,0.0022237300872802734,0.084,10.8
5076,0.0011506080627441406,0.08199999999999999,11.600000000000001
5077,0.0004937648773193359,0.08199999999999999,12.0
5078,0.0014290809631347656,0.08199999999999999,12.8
5079,0.00066375732421875,0.08,13.200000000000001
5080,0.0013649463653564453,0.08,14.0
5081,0.0006170272827148438,0.078,14.4
5082,0.002391338348388672,0.075,15.200000000000001
5083,0.0019659996032714844,0.073,15.600000000000001
5084,0.000751495361328125,0.073,16.0
5085,0.001965761184692383,0.073,16.400000000000002
5086,0.0006203651428222656,0.073,16.8
5087,0.0018219947814941406,0.073,17.2
5088,0.0007693767547607422,0.073,17.6
5089,0.0012998580932617188,0.073,17.6
5090,0.0005869865417480469,0.071,18.0
5091,0.0018129348754882812,0.071,18.0
5092,0.0005881786346435547,0.069,18.0
5093,0.001768350601196289,0.069,18.0
5094,0.0010924339294433594,0.069,18.0
5095,0.0006554126739501953,0.069,17.6
5096,0.001804351806640625,0.069,17.6
5097,0.0007331371307373047,0.069,17.2
5098,0.0018236637115478516,0.069,16.8
5099,0.0005762577056884766,0.069,16.400000000000002
5100,0.0013828277587890625,0.069,16.0
5101,0.0006074905395507812,0.069,15.600000000000001
5102,0.001682281494140625,0.069,14.8
5103,0.0009262561798095703,0.069,14.4
5104,0.0006062984466552734,0.069,13.600000000000001
5105,0.0018115043640136719,0.069,12.8
5106,0.0007188320159912109,0.069,12.0
5107,0.0013592243194580078,0.069,11.600000000000001
5108,0.0005662441253662109,0.069,10.8
5109,0.0012812614440917969,0.069,10.0
5110,0.0007565021514892578,0.069,9.200000000000001
5111,0.001956939697265625,0.069,8.4
5112,0.0009608268737792969,0.069,7.6000000000000005
5113,0.0005903244018554688,0.069,6.800000000000001
5114,0.0017921924591064453,0.069,6.0
5115,0.0006053447723388672,0.069,5.2
5116,0.0012326240539550781,0.069,4.800000000000001
5117,0.00047850608825683594,0.069,4.0
5118,0.0013020038604736328,0.069,3.2
5119,0.0008432865142822266,0.069,2.8000000000000003
5120,0.0005905628204345703,0.069,2.4000000000000004
5121,0.0005340576171875,0.069,2.0
5122,0.0006139278411865234,0.069,1.6
5123,0.0005369186401367188,0.069,1.2000000000000002
5124,0.00048828125,0.069,0.8
5125,0.0013380050659179688,0.069,0.4
5126,0.0007832050323486328,0.069,0.4
5127,0.0013432502746582031,0.069,0.4
5128,0.0006735324859619141,0.069,0.4
5129,0.0012154579162597656,0.069,0.4
5130,0.0006535053253173828,0.069,0.4
5131,0.0012638568878173828,0.069,0.8
5132,0.0007340908050537109,0.069,0.8
5133,0.0012545585632324219,0.069,1.2000000000000002
5134,0.0007803440093994141,0.069,1.6
5135,0.001416921615600586,0.069,2.0
5136,0.0005741119384765625,0.069,2.4000000000000004
5137,0.0012423992156982422,0.069,3.2
5138,0.002039194107055664,0.069,3.6
5139,0.0006973743438720703,0.069,4.4
5140,0.0012171268463134766,0.069,4.800000000000001
5141,0.0005924701690673828,0.069,5.6000000000000005
5142,0.001207113265991211,0.069,6.4
5143,0.0005967617034912109,0.069,6.800000000000001
5144,0.001079559326171875,0.069,7.6000000000000005
5145,0.0005464553833007812,0.069,8.4
5146,0.0012493133544921875,0.069,9.200000000000001
5147,0.0010743141174316406,0.069,9.600000000000001
5148,0.0006291866302490234,0.069,10.4
5149,0.001262664794921875,0.069,11.200000000000001
5150,0.0013821125030517578,0.069,12.0
5151,0.002093076705932617,0.069,12.4
5152,0.0006642341613769531,0.069,13.200000000000001
5153,0.0020940303802490234,0.069,13.600000000000001
5154,0.0006008148193359375,0.069,14.0
5155,0.0017664432525634766,0.069,14.8
5156,0.0016198158264160156,0.069,15.200000000000001
5157,0.0005769729614257812,0.069,15.600000000000001
5158,0.0019009113311767578,0.069,15.600000000000001
5159,0.001295328140258789,0.069,16.0
5160,0.0006356239318847656,0.069,16.400000000000002
5161,0.0017366409301757812,0.069,16.400000000000002
5162,0.0005893707275390625,0.069,16.400000000000002
5163,0.0012726783752441406,0.069,16.400000000000002
5164,0.0006296634674072266,0.069,16.400000000000002
5165,0.0017948150634765625,0.069,16.400000000000002
5166,0.0007076263427734375,0.069,16.0
5167,0.0014138221740722656,0.069,16.0
5168,0.0005841255187988281,0.069,15.600000000000001
5169,0.0019865036010742188,0.069,15.200000000000001
5170,0.0016169548034667969,0.069,14.8
5171,0.0005567073822021484,0.069,14.4
5172,0.0010464191436767578,0.069,14.0
5173,0.0013227462768554688,0.069,13.600000000000001
5174,0.0006518363952636719,0.069,12.8
5175,0.0013461112976074219,0.069,12.4
5176,0.002157449722290039,0.069,12.0
5177,0.000728607177734375,0.069,11.200000000000001
5178,0.002566099166870117,0.069,10.4
5179,0.001201629638671875,0.069,10.0
5180,0.0007517337799072266,0.069,9.200000000000001
5181,0.002015352249145508,0.069,8.8
5182,0.0006260871887207031,0.069,8.0
5183,0.0013184547424316406,0.069,7.2
5184,0.0006041526794433594,0.069,6.800000000000001
5185,0.0018570423126220703,0.069,6.0
5186,0.0008003711700439453,0.069,5.6000000000000005
5187,0.0017025470733642578,0.069,5.2
5188,0.0006973743438720703,0.069,4.4
5189,0.0011839866638183594,0.069,4.0
5190,0.0010721683502197266,0.069,3.6
5191,0.0006368160247802734,0.069,3.2
5192,0.0017714500427246094,0.069,2.8000000000000003
5193,0.0006072521209716797,0.069,2.8000000000000003
5194,0.0018205642700195312,0.069,2.4000000000000004
5195,0.0008203983306884766,0.069,2.0
5196,0.0018033981323242188,0.069,2.0
5197,0.000728607177734375,0.069,2.0
5198,0.0013484954833984375,0.069,2.0
5199,0.000560760498046875,0.069,2.0
5200,0.001855611801147461,0.069,2.0
5201,0.0007431507110595703,0.069,2.0
5202,0.002450227737426758,0.069,2.4000000000000004
5203,0.0006818771362304688,0.069,2.4000000000000004
5204,0.0013079643249511719,0.069,2.8000000000000003
5205,0.002098560333251953,0.069,3.2
5206,0.0008499622344970703,0.069,3.6
5207,0.0013320446014404297,0.069,4.0
5208,0.0005924701690673828,0.069,4.4
5209,0.0016870498657226562,0.069,4.800000000000001
5210,0.0013382434844970703,0.069,5.6000000000000005
5211,0.0012989044189453125,0.069,6.0
5212,0.0006201267242431641,0.069,6.4
5213,0.0017609596252441406,0.069,7.2
5214,0.0017271041870117188,0.069,7.6000000000000005
5215,0.0011649131774902344,0.069,8.4
5216,0.001373291015625,0.069,8.8
5217,0.001373291015625,0.069,8.8
5218,0.0017685890197753906,0.069,9.600000000000001
5219,0.0016984939575195312,0.069,10.0
5220,0.0008029937744140625,0.069,10.8
5221,0.001271963119506836,0.069,11.200000000000001
5222,0.0020456314086914062,0.069,11.600000000000001
5223,0.0006535053253173828,0.069,12.4
5224,0.007936716079711914,0.069,12.8
5225,0.0002970695495605469,0.069,13.200000000000001
5226,0.0011146068572998047,0.069,13.600000000000001
5227,0.0010898113250732422,0.069,14.0
5228,0.0012123584747314453,0.069,14.0
5229,0.0008914470672607422,0.067,14.4
5230,0.0022330284118652344,0.067,14.8
5231,0.001336812973022461,0.067,14.8
5232,0.0007712841033935547,0.067,14.8
5233,0.0020363330841064453,0.067,15.200000000000001
5234,0.0006518363952636719,0.067,15.200000000000001
5235,0.0018534660339355469,0.067,14.8
5236,0.0007417201995849609,0.067,14.8
5237,0.0019855499267578125,0.065,14.8
5238,0.0006034374237060547,0.065,14.4
5239,0.0017952919006347656,0.065,14.4
5240,0.0005784034729003906,0.065,14.0
5241,0.0026645660400390625,0.065,13.600000000000001
5242,0.002129793167114258,0.065,13.200000000000001
5243,0.0005931854248046875,0.065,12.8
5244,0.001988649368286133,0.065,12.4
5245,0.000762939453125,0.063,12.0
5246,0.0017821788787841797,0.063,11.600000000000001
5247,0.0006005764007568359,0.063,11.200000000000001
5248,0.002046823501586914,0.063,10.4
5249,0.0006499290466308594,0.063,10.0
5250,0.0014121532440185547,0.063,9.200000000000001
5251,0.0008244514465332031,0.063,8.8
5252,0.0019953250885009766,0.063,8.0
5253,0.0010771751403808594,0.063,7.6000000000000005
5254,0.0006418228149414062,0.063,7.2
5255,0.002012491226196289,0.063,6.4
5256,0.0006091594696044922,0.063,6.0
5257,0.0017731189727783203,0.063,5.2
5258,0.0007004737854003906,0.063,4.800000000000001
5259,0.0013339519500732422,0.063,4.4
5260,0.0006036758422851562,0.063,4.0
5261,0.0019762516021728516,0.063,3.6
5262,0.0007193088531494141,0.06,3.2
5263,0.0012745857238769531,0.06,2.8000000000000003
5264,0.0006568431854248047,0.058,2.4000000000000004
5265,0.0017807483673095703,0.058,2.0
5266,0.0018799304962158203,0.055999999999999994,2.0
5267,0.0012500286102294922,0.055999999999999994,1.6
5268,0.0017359256744384766,0.055999999999999994,1.6
5269,0.0006246566772460938,0.054000000000000006,1.6
5270,0.0008790493011474609,0.054000000000000006,1.6
5271,0.002363920211791992,0.054000000000000006,1.6
5272,0.002055644989013672,0.054000000000000006,1.6
5273,0.002357006072998047,0.054000000000000006,1.6
5274,0.002086639404296875,0.054000000000000006,2.0
5275,0.0018999576568603516,0.054000000000000006,2.0
5276,0.0021483898162841797,0.054000000000000006,2.0
5277,0.0018107891082763672,0.054000000000000006,2.4000000000000004
5278,0.0011010169982910156,0.054000000000000006,2.8000000000000003
5279,0.0008394718170166016,0.054000000000000006,2.8000000000000003
5280,0.0023255348205566406,0.054000000000000006,3.2
5281,0.0008437633514404297,0.054000000000000006,3.6
5282,0.001245260238647461,0.054000000000000006,4.0
5283,0.0015513896942138672,0.054000000000000006,4.4
5284,0.0006527900695800781,0.054000000000000006,4.800000000000001
5285,0.0012059211730957031,0.054000000000000006,5.2
5286,0.0006344318389892578,0.054000000000000006,5.6000000000000005
5287,0.001222372055053711,0.054000000000000006,6.0
5288,0.001100778579711914,0.054000000000000006,6.4
5289,0.0006108283996582031,0.054000000000000006,6.800000000000001
5290,0.0012538433074951172,0.054000000000000006,7.2
5291,0.0006203651428222656,0.054000000000000006,7.6000000000000005
5292,0.0021429061889648438,0.054000000000000006,8.0
5293,0.0007879734039306641,0.054000000000000006,8.4
5294,0.0012042522430419922,0.054000000000000006,8.8
5295,0.0005965232849121094,0.054000000000000006,8.8
5296,0.002221822738647461,0.052000000000000005,9.200000000000001
5297,0.0005562305450439453,0.052000000000000005,9.600000000000001
5298,0.0011267662048339844,0.05,9.600000000000001
5299,0.0005695819854736328,0.05,10.0
5300,0.0015416145324707031,0.047,10.0
5301,0.0006823539733886719,0.047,10.4
5302,0.001779794692993164,0.047,10.4
5303,0.0006811618804931641,0.045,10.4
5304,0.0017619132995605469,0.045,10.4
5305,0.0005562305450439453,0.045,10.4
5306,0.001329660415649414,0.045,10.4
5307,0.0005700588226318359,0.045,10.4
5308,0.002543926239013672,0.045,10.4
5309,0.00112152099609375,0.045,10.0
5310,0.000644683837890625,0.045,10.0
5311,0.0012969970703125,0.045,9.600000000000001
5312,0.0005905628204345703,0.045,9.600000000000001
5313,0.001352548599243164,0.045,9.200000000000001
5314,0.0005631446838378906,0.045,8.8
5315,0.0013649463653564453,0.045,8.4
5316,0.0006968975067138672,0.045,8.0
5317,0.0018110275268554688,0.045,7.6000000000000005
5318,0.0007274150848388672,0.045,7.2
5319,0.0018298625946044922,0.045,6.800000000000001
5320,0.0007610321044921875,0.045,6.0
5321,0.0016982555389404297,0.045,5.6000000000000005
5322,0.0011174678802490234,0.045,5.2
5323,0.0007309913635253906,0.045,4.800000000000001
5324,0.0014336109161376953,0.045,4.0
5325,0.0006670951843261719,0.045,3.6
5326,0.0017459392547607422,0.045,3.2
5327,0.0007624626159667969,0.045,2.8000000000000003
5328,0.0012841224670410156,0.045,2.4000000000000004
5329,0.0015611648559570312,0.045,2.0
5330,0.0025734901428222656,0.045,1.6
5331,0.0021665096282958984,0.045,1.2000000000000002
5332,0.0011794567108154297,0.045,0.8
5333,0.002180814743041992,0.045,0.4
5334,0.0008504390716552734,0.045,0.0
5335,0.0012912750244140625,0.045,0.0
5336,0.002413034439086914,0.045,-0.4
5337,0.0008301734924316406,0.045,-0.4
5338,0.001316070556640625,0.045,-0.4
5339,0.0011970996856689453,0.045,-0.4
5340,0.0006465911865234375,0.045,-0.4
5341,0.0024471282958984375,0.045,-0.4
5342,0.0007255077362060547,0.045,-0.4
5343,0.0019469261169433594,0.045,-0.4
5344,0.0006198883056640625,0.045,0.0
5345,0.0013003349304199219,0.045,0.0
5346,0.0006268024444580078,0.043,0.4
5347,0.0017216205596923828,0.043,0.4
5348,0.0005733966827392578,0.043,0.8
5349,0.0013315677642822266,0.043,1.2000000000000002
5350,0.0012366771697998047,0.043,1.6
5351,0.0007448196411132812,0.043,2.0
5352,0.001960277557373047,0.043,2.4000000000000004
5353,0.0006384849548339844,0.043,2.8000000000000003
5354,0.0017924308776855469,0.043,3.2
5355,0.0017924308776855469,0.043,3.2
5356,0.0015850067138671875,0.040999999999999995,3.6
5357,0.0005915164947509766,0.040999999999999995,4.0
5358,0.0014367103576660156,0.040999999999999995,4.800000000000001
5359,0.0008828639984130859,0.039,5.2
5360,0.002123117446899414,0.039,5.6000000000000005
5361,0.001210927963256836,0.037000000000000005,6.0
5362,0.0007293224334716797,0.037000000000000005,6.0
5363,0.0012967586517333984,0.037000000000000005,6.4
5364,0.0017328262329101562,0.037000000000000005,6.800000000000001
5365,0.0005633831024169922,0.037000000000000005,7.2
5366,0.0020592212677001953,0.037000000000000005,7.2
5367,0.0009996891021728516,0.037000000000000005,7.6000000000000005
5368,0.0012977123260498047,0.034,7.6000000000000005
5369,0.0007262229919433594,0.034,8.0
5370,0.0018236637115478516,0.034,8.0
5371,0.0006268024444580078,0.034,8.0
5372,0.0010783672332763672,0.032,8.0
5373,0.0015523433685302734,0.032,8.0
5374,0.0011217594146728516,0.032,8.0
5375,0.0020401477813720703,0.032,8.0
5376,0.0007622241973876953,0.032,7.6000000000000005
5377,0.0017666816711425781,0.032,7.6000000000000005
5378,0.0007455348968505859,0.032,7.6000000000000005
5379,0.0017604827880859375,0.032,7.2
5380,0.002627134323120117,0.032,6.800000000000001
5381,0.0021784305572509766,0.032,6.4
5382,0.0014421939849853516,0.032,6.4
5383,0.002142667770385742,0.032,6.0
5384,0.0009648799896240234,0.032,5.6000000000000005
5385,0.0016994476318359375,0.032,5.2
5386,0.0006463527679443359,0.032,4.4
5387,0.0017561912536621094,0.032,4.0
5388,0.0023043155670166016,0.032,3.6
5389,0.0008022785186767578,0.032,3.2
5390,0.001894235610961914,0.032,2.8000000000000003
5391,0.002421140670776367,0.032,2.0
5392,0.0006480216979980469,0.032,1.6
5393,0.0017745494842529297,0.032,1.2000000000000002
5394,0.0006086826324462891,0.032,0.8
5395,0.0012013912200927734,0.032,0.4
5396,0.0005774497985839844,0.032,0.0
5397,0.0017371177673339844,0.032,-0.4
5398,0.000568389892578125,0.032,-0.8
5399,0.0013988018035888672,0.032,-1.2000000000000002
5400,0.0005588531494140625,0.032,-1.6
5401,0.0012004375457763672,0.032,-1.6
5402,0.0005960464477539062,0.03,-2.0
5403,0.0014259815216064453,0.027999999999999997,-2.4000000000000004
5404,0.0005764961242675781,0.027999999999999997,-2.4000000000000004
5405,0.001714468002319336,0.027999999999999997,-2.4000000000000004
5406,0.0006709098815917969,0.027999999999999997,-2.4000000000000004
5407,0.001779317855834961,0.027999999999999997,-2.4000000000000004
5408,0.0007555484771728516,0.027999999999999997,-2.4000000000000004
5409,0.0012297630310058594,0.026,-2.4000000000000004
5410,0.001199483871459961,0.024,-2.4000000000000004
5411,0.0008561611175537109,0.024,-2.4000000000000004
5412,0.000598907470703125,0.022,-2.0
5413,0.0011699199676513672,0.019,-2.0
5414,0.001379251480102539,0.019,-1.6
5415,0.0011229515075683594,0.019,-1.6
5416,0.0016965866088867188,0.019,-1.2000000000000002
5417,0.0016980171203613281,0.019,-0.8
5418,0.0009500980377197266,0.019,-0.4
5419,0.002133607864379883,0.019,0.0
5420,0.0008156299591064453,0.019,0.4
5421,0.001272439956665039,0.019,0.4
5422,0.0007572174072265625,0.019,0.8
5423,0.0018584728240966797,0.019,1.2000000000000002
5424,0.0006949901580810547,0.019,1.6
5425,0.0024137496948242188,0.019,2.0
5426,0.0007414817810058594,0.019,2.4000000000000004
5427,0.0010004043579101562,0.019,2.8000000000000003
5428,0.0008263587951660156,0.019,3.2
5429,0.0017948150634765625,0.019,3.2
5430,0.0017583370208740234,0.019,3.6
5431,0.0010228157043457031,0.019,4.0
5432,0.00147247314453125,0.017,4.0
5433,0.002055644989013672,0.017,4.4
5434,0.0007605552673339844,0.017,4.4
5435,0.001127481460571289,0.017,4.800000000000001
5436,0.0008783340454101562,0.017,4.800000000000001
5437,0.0017235279083251953,0.017,4.800000000000001
5438,0.0007739067077636719,0.013,4.800000000000001
5439,0.001911163330078125,0.013,4.800000000000001
5440,0.0006427764892578125,0.013,4.800000000000001
5441,0.0019004344940185547,0.013,4.800000000000001
5442,0.0007565021514892578,0.013,4.800000000000001
5443,0.001802206039428711,0.013,4.800000000000001
5444,0.0005891323089599609,0.013,4.4
5445,0.002515554428100586,0.013,4.4
5446,0.0005810260772705078,0.013,4.0
5447,0.0017883777618408203,0.013,4.0
5448,0.0005631446838378906,0.013,3.6
5449,0.0024433135986328125,0.013,3.2
5450,0.0005483627319335938,0.013,2.8000000000000003
5451,0.002810955047607422,0.013,2.8000000000000003
5452,0.0006639957427978516,0.013,2.4000000000000004
5453,0.001188039779663086,0.013,2.0
5454,0.0006055831909179688,0.013,1.6
5455,0.0010709762573242188,0.013,1.2000000000000002
5456,0.0004603862762451172,0.013,0.8
5457,0.0004680156707763672,0.013,0.0
5458,0.0005841255187988281,0.013,-0.4
5459,0.0012853145599365234,0.013,-0.8
5460,0.0006434917449951172,0.013,-1.2000000000000002
5461,0.0005311965942382812,0.013,-1.6
5462,0.001781463623046875,0.013,-2.0
5463,0.0012683868408203125,0.013,-2.4000000000000004
5464,0.002306699752807617,0.013,-2.4000000000000004
5465,0.0006327629089355469,0.013,-2.8000000000000003
5466,0.0027189254760742188,0.013,-3.2
5467,0.0005846023559570312,0.013,-3.6
5468,0.0017795562744140625,0.013,-3.6
5469,0.0005669593811035156,0.013,-4.0
5470,0.0018095970153808594,0.013,-4.0
5471,0.002329587936401367,0.013,-4.4
5472,0.0005643367767333984,0.013,-4.4
5473,0.0025284290313720703,0.013,-4.4
5474,0.0005850791931152344,0.013,-4.4
5475,0.002492666244506836,0.013,-4.4
5476,0.0018143653869628906,0.013,-4.4
5477,0.0005843639373779297,0.013,-4.4
5478,0.0017490386962890625,0.013,-4.0
5479,0.0007226467132568359,0.013,-4.0
5480,0.0025076866149902344,0.013,-4.0
5481,0.002329587936401367,0.011,-3.6
5482,0.002338409423828125,0.011,-3.2
5483,0.0016505718231201172,0.009000000000000001,-3.2
5484,0.0012898445129394531,0.009000000000000001,-2.8000000000000003
5485,0.0008308887481689453,0.009000000000000001,-2.4000000000000004
5486,0.0012030601501464844,0.009000000000000001,-2.0
5487,0.0007684230804443359,0.009000000000000001,-1.6
5488,0.0019125938415527344,0.006,-1.2000000000000002
5489,0.0005815029144287109,0.006,-0.8
5490,0.0013556480407714844,0.006,-0.4
5491,0.0007483959197998047,0.006,0.0
5492,0.0012829303741455078,0.006,0.4
5493,0.0007090568542480469,0.006,0.8
5494,0.0018010139465332031,0.006,0.8
5495,0.0005831718444824219,0.006,1.2000000000000002
5496,0.0018265247344970703,0.006,1.6
5497,0.0007610321044921875,0.006,2.0
5498,0.001756906509399414,0.006,2.4000000000000004
5499,0.0005962848663330078,0.006,2.8000000000000003
5500,0.0017306804656982422,0.006,3.2
5501,0.0005829334259033203,0.006,3.2
5502,0.0017766952514648438,0.006,3.6
5503,0.0007073879241943359,0.004,3.6
5504,0.0019114017486572266,0.004,4.0
5505,0.0007188320159912109,0.004,4.0
5506,0.001718282699584961,0.002,4.4
5507,0.0005941390991210938,0.002,4.4
5508,0.0018160343170166016,0.002,4.4
5509,0.0005395412445068359,0.002,4.4
5510,0.001905202865600586,0.002,4.4
5511,0.001905202865600586,0.002,4.4
5512,0.0012006759643554688,0.002,4.4
5513,0.0009551048278808594,0.002,4.0
5514,0.0012843608856201172,0.002,4.0
5515,0.0007135868072509766,0.002,4.0
5516,0.0017962455749511719,0.002,3.6
5517,0.000978708267211914,0.0,3.6
5518,0.0017740726470947266,0.0,3.2
5519,0.0012941360473632812,0.0,2.8000000000000003
5520,0.0005841255187988281,0.0,2.8000000000000003
5521,0.0018138885498046875,0.0,2.4000000000000004
5522,0.0006434917449951172,0.0,2.0
5523,0.0014879703521728516,0.0,1.6
5524,0.0008068084716796875,0.0,1.2000000000000002
5525,0.0013720989227294922,0.0,0.8
5526,0.0017561912536621094,0.0,0.8
5527,0.0007832050323486328,0.0,0.4
5528,0.0017910003662109375,0.0,0.0
5529,0.0011830329895019531,0.0,-0.4
5530,0.0018613338470458984,0.0,-0.8
5531,0.0021615028381347656,0.0,-1.2000000000000002
5532,0.0016951560974121094,0.0,-1.6
5533,0.0014116764068603516,0.0,-2.0
5534,0.0022039413452148438,0.0,-2.4000000000000004
5535,0.0025560855865478516,0.0,-2.4000000000000004
5536,0.0011303424835205078,0.0,-2.8000000000000003
5537,0.0012214183807373047,0.0,-3.2
5538,0.0007710456848144531,0.0,-3.2
5539,0.002091646194458008,0.0,-3.6
5540,0.0006871223449707031,0.0,-3.6
5541,0.0013463497161865234,0.0,-4.0
5542,0.0006129741668701172,0.0,-4.0
5543,0.002244710922241211,0.0,-4.0
5544,0.0007710456848144531,0.0,-4.0
5545,0.0017690658569335938,0.0,-4.0
5546,0.0007097721099853516,0.0,-4.0
5547,0.001665353775024414,0.0,-4.0
5548,0.0007765293121337891,0.0,-4.0
5549,0.0017216205596923828,0.0,-3.6
5550,0.0006952285766601562,0.0,-3.6
5551,0.0012350082397460938,0.0,-3.6
5552,0.0005795955657958984,0.0,-3.2
5553,0.0013391971588134766,0.0,-2.8000000000000003
5554,0.0005598068237304688,0.0,-2.8000000000000003
5555,0.0017993450164794922,0.0,-2.4000000000000004
5556,0.0007607936859130859,0.0,-2.0
5557,0.0017881393432617188,0.0,-2.0
5558,0.000762939453125,0.0,-1.6
5559,0.0019881725311279297,0.0,-1.2000000000000002
5560,0.0005645751953125,0.0,-0.8
5561,0.001352071762084961,0.0,-0.4
5562,0.0005657672882080078,0.0,0.0
5563,0.001744985580444336,0.0,0.4
5564,0.0005617141723632812,0.0,0.8
5565,0.001222848892211914,0.0,0.8
5566,0.0006194114685058594,0.0,1.2000000000000002
5567,0.0018770694732666016,0.0,1.6
5568,0.0005879402160644531,0.0,2.0
5569,0.0005636215209960938,0.0,2.4000000000000004
5570,0.0006709098815917969,0.0,2.4000000000000004
5571,0.0018470287322998047,0.0,2.8000000000000003
5572,0.0016925334930419922,0.0,2.8000000000000003
5573,0.0006299018859863281,0.0,3.2
5574,0.0024394989013671875,0.0,3.2
5575,0.001171112060546875,0.0,3.6
5576,0.0023796558380126953,0.0,3.6
5577,0.0020134449005126953,0.0,3.6
5578,0.0011944770812988281,0.0,4.0
5579,0.0007150173187255859,0.0,4.0
5580,0.0019817352294921875,0.0,4.0
5581,0.001405477523803711,0.0,4.0
5582,0.0006973743438720703,0.0,3.6
5583,0.0012056827545166016,0.0,3.6
5584,0.0013852119445800781,0.0,3.6
5585,0.002504587173461914,0.0,3.2
5586,0.0013842582702636719,0.0,3.2
5587,0.0006527900695800781,0.0,2.8000000000000003
5588,0.0013391971588134766,0.0,2.8000000000000003
5589,0.0007395744323730469,0.0,2.4000000000000004
5590,0.0012924671173095703,0.0,2.4000000000000004
5591,0.0012860298156738281,0.0,2.0
5592,0.0007686614990234375,0.0,1.6
5593,0.00047397613525390625,0.0,1.2000000000000002
5594,0.00048470497131347656,0.0,1.2000000000000002
5595,0.0004506111145019531,0.0,0.8
5596,0.0004706382751464844,0.0,0.4
5597,0.00044417381286621094,0.0,0.0
5598,0.0004780292510986328,0.0,-0.4
5599,0.0004611015319824219,0.0,-0.8
5600,0.0004038810729980469,0.0,-0.8
5601,0.0005080699920654297,0.0,-1.2000000000000002
5602,0.0005004405975341797,0.0,-1.6
5603,0.0004973411560058594,0.0,-2.0
5604,0.0004525184631347656,0.0,-2.0
5605,0.000926971435546875,0.0,-2.4000000000000004
5606,0.0006356239318847656,0.0,-2.8000000000000003
5607,0.0013382434844970703,0.0,-2.8000000000000003
5608,0.0008761882781982422,0.0,-3.2
5609,0.001184701919555664,0.0,-3.2
5610,0.0006356239318847656,0.0,-3.2
5611,0.0021882057189941406,0.0,-3.6
5612,0.0005619525909423828,0.0,-3.6
5613,0.0017476081848144531,0.0,-3.6
5614,0.0005705356597900391,0.0,-3.6
5615,0.0009968280792236328,0.0,-3.6
5616,0.0005962848663330078,0.0,-3.6
5617,0.0012011528015136719,0.0,-3.6
5618,0.00121307373046875,0.0,-3.2
5619,0.0006003379821777344,0.0,-3.2
5620,0.0013511180877685547,0.0,-3.2
5621,0.0006103515625,0.0,-2.8000000000000003
5622,0.0012650489807128906,0.0,-2.8000000000000003
5623,0.002133607864379883,0.0,-2.4000000000000004
5624,0.0005996227264404297,0.0,-2.4000000000000004
5625,0.0009725093841552734,0.0,-2.0
5626,0.0011670589447021484,0.0,-1.6
5627,0.0009725093841552734,0.0,-1.6
5628,0.0007083415985107422,0.0,-1.2000000000000002
5629,0.0012059211730957031,0.0,-0.8
5630,0.0008594989776611328,0.0,-0.4
5631,0.0011265277862548828,0.0,-0.4
5632,0.0013396739959716797,0.0,0.0
5633,0.001692056655883789,0.0,0.4
5634,0.0009703636169433594,0.0,0.8
5635,0.0007157325744628906,0.0,0.8
5636,0.001264333724975586,0.0,1.2000000000000002
5637,0.0020868778228759766,0.0,1.6
5638,0.0008225440979003906,0.0,2.0
5639,0.001725912094116211,0.0,2.0
5640,0.0006418228149414062,0.0,2.4000000000000004
5641,0.001905202865600586,0.0,2.4000000000000004
5642,0.0005831718444824219,0.0,2.8000000000000003
5643,0.0012547969818115234,0.0,2.8000000000000003
5644,0.001287698745727539,0.0,3.2
5645,0.0013573169708251953,0.0,3.2
5646,0.0006628036499023438,0.0,3.2
5647,0.0017046928405761719,0.0,3.2
5648,0.0008249282836914062,0.0,3.2
5649,0.0022406578063964844,0.0,3.2
5650,0.0007388591766357422,0.0,3.2
5651,0.0012569427490234375,0.0,3.2
5652,0.0012569427490234375,0.0,3.2
5653,0.0012040138244628906,0.0,3.2
5654,0.0007283687591552734,0.0,3.2
5655,0.0012347698211669922,0.0,3.2
5656,0.0006296634674072266,0.0,2.8000000000000003
5657,0.0011379718780517578,0.0,2.8000000000000003
5658,0.0008566379547119141,0.0,2.4000000000000004
5659,0.0017313957214355469,0.0,2.4000000000000004
5660,0.0006129741668701172,0.0,2.0
5661,0.0012955665588378906,0.0,2.0
5662,0.0007386207580566406,0.0,1.6
5663,0.001383066177368164,0.0,1.2000000000000002
5664,0.0006923675537109375,0.0,1.2000000000000002
5665,0.0014119148254394531,0.0,0.8
5666,0.0006554126739501953,0.0,0.4
5667,0.0017423629760742188,0.0,0.0
5668,0.0006971359252929688,0.0,0.0
5669,0.001280069351196289,0.0,-0.4
5670,0.0005605220794677734,0.0,-0.8
5671,0.0005702972412109375,0.0,-0.8
5672,0.0006139278411865234,0.0,-1.2000000000000002
5673,0.0025649070739746094,0.0,-1.6
5674,0.0012226104736328125,0.0,-1.6
5675,0.0006668567657470703,0.0,-2.0
5676,0.0014438629150390625,0.0,-2.0
5677,0.001737833023071289,0.0,-2.4000000000000004
5678,0.0007524490356445312,0.0,-2.4000000000000004
5679,0.0010104179382324219,0.0,-2.8000000000000003
5680,0.0012958049774169922,0.0,-2.8000000000000003
5681,0.0019981861114501953,0.0,-2.8000000000000003
5682,0.0007829666137695312,0.0,-2.8000000000000003
5683,0.0014388561248779297,0.0,-3.2
5684,0.0007112026214599609,0.0,-3.2
5685,0.0017833709716796875,0.0,-3.2
5686,0.001191854476928711,0.0,-3.2
5687,0.0024671554565429688,0.0,-2.8000000000000003
5688,0.0019290447235107422,0.0,-2.8000000000000003
5689,0.002292633056640625,0.0,-2.8000000000000003
5690,0.0006816387176513672,0.0,-2.8000000000000003
5691,0.001041412353515625,0.0,-2.4000000000000004
5692,0.0006136894226074219,0.0,-2.4000000000000004
5693,0.0017919540405273438,0.0,-2.4000000000000004
5694,0.0006649494171142578,0.0,-2.0
5695,0.0010967254638671875,0.0,-2.0
5696,0.0006630420684814453,0.0,-1.6
5697,0.0013551712036132812,0.0,-1.2000000000000002
5698,0.0007123947143554688,0.0,-1.2000000000000002
5699,0.002603769302368164,0.0,-0.8
5700,0.0004761219024658203,0.0,-0.8
5701,0.001539468765258789,0.0,-0.4
5702,0.0006213188171386719,0.0,0.0
5703,0.0023822784423828125,0.0,0.0
5704,0.0007340908050537109,0.0,0.4
5705,0.0018658638000488281,0.0,0.8
5706,0.0006155967712402344,0.0,0.8
5707,0.0017523765563964844,0.0,1.2000000000000002
5708,0.0005700588226318359,0.0,1.6
5709,0.0019218921661376953,0.0,1.6
5710,0.0009381771087646484,0.0,2.0
5711,0.001550912857055664,0.0,2.0
5712,0.0006284713745117188,0.0,2.4000000000000004
5713,0.0020046234130859375,0.0,2.4000000000000004
5714,0.0007522106170654297,0.0,2.4000000000000004
5715,0.0012934207916259766,0.0,2.8000000000000003
5716,0.0005757808685302734,0.0,2.8000000000000003
5717,0.0012402534484863281,0.0,2.8000000000000003
5718,0.000705718994140625,0.0,2.8000000000000003
5719,0.0012061595916748047,0.0,2.8000000000000003
5720,0.0007925033569335938,0.0,2.8000000000000003
5721,0.0014355182647705078,0.0,2.8000000000000003
5722,0.0005824565887451172,0.0,2.8000000000000003
5723,0.0013854503631591797,0.0,2.8000000000000003
5724,0.0005848407745361328,0.0,2.8000000000000003
5725,0.002301931381225586,0.0,2.4000000000000004
5726,0.0009608268737792969,0.0,2.4000000000000004
5727,0.0012164115905761719,0.0,2.4000000000000004
5728,0.0007262229919433594,0.0,2.0
5729,0.0017845630645751953,0.0,2.0
5730,0.0009276866912841797,0.0,1.6
5731,0.0012581348419189453,0.0,1.6
5732,0.0007424354553222656,0.0,1.2000000000000002
5733,0.001865386962890625,0.0,1.2000000000000002
5734,0.000789642333984375,0.0,0.8
5735,0.0013339519500732422,0.0,0.4
5736,0.0010280609130859375,0.0,0.4
5737,0.0007462501525878906,0.0,0.0
5738,0.002252817153930664,0.0,-0.4
5739,0.0006439685821533203,0.0,-0.4
5740,0.002518177032470703,0.0,-0.8
5741,0.0017175674438476562,0.0,-0.8
5742,0.0006160736083984375,0.0,-1.2000000000000002
5743,0.0024416446685791016,0.0,-1.2000000000000002
5744,0.000568389892578125,0.0,-1.6
5745,0.0016069412231445312,0.0,-1.6
5746,0.0005681514739990234,0.0,-2.0
5747,0.0013043880462646484,0.0,-2.0
5748,0.0020368099212646484,0.0,-2.4000000000000004
5749,0.002417325973510742,0.0,-2.4000000000000004
5750,0.002051115036010742,0.0,-2.4000000000000004
5751,0.0005967617034912109,0.0,-2.4000000000000004
5752,0.0008389949798583984,0.0,-2.4000000000000004
5753,0.0005784034729003906,0.0,-2.4000000000000004
5754,0.001325845718383789,0.0,-2.4000000000000004
5755,0.0016338825225830078,0.0,-2.4000000000000004
5756,0.002043008804321289,0.0,-2.4000000000000004
5757,0.0007994174957275391,0.0,-2.4000000000000004
5758,0.0013806819915771484,0.0,-2.4000000000000004
5759,0.002109050750732422,0.0,-2.4000000000000004
5760,0.0005793571472167969,0.0,-2.4000000000000004
5761,0.001800537109375,0.0,-2.0
5762,0.0007600784301757812,0.0,-2.0
5763,0.0014014244079589844,0.0,-2.0
5764,0.0016260147094726562,0.0,-1.6
5765,0.0012242794036865234,0.0,-1.6
5766,0.002414703369140625,0.0,-1.2000000000000002
5767,0.0005691051483154297,0.0,-1.2000000000000002
5768,0.0012068748474121094,0.0,-0.8
5769,0.0005939006805419922,0.0,-0.8
5770,0.002115964889526367,0.0,-0.4
5771,0.0006692409515380859,0.0,0.0
5772,0.0015866756439208984,0.0,0.0
5773,0.0007696151733398438,0.0,0.4
5774,0.001445770263671875,0.0,0.4
5775,0.002312898635864258,0.0,0.8
5776,0.00225830078125,0.0,0.8
5777,0.0019598007202148438,0.0,1.2000000000000002
5778,0.0020132064819335938,0.0,1.2000000000000002
5779,0.0004949569702148438,0.0,1.6
5780,0.0006797313690185547,0.0,1.6
5781,0.0004982948303222656,0.0,2.0
5782,0.00048470497131347656,0.0,2.0
5783,0.0004699230194091797,0.0,2.0
5784,0.00048279762268066406,0.0,2.0
5785,0.00048279762268066406,0.0,2.0
5786,0.0004429817199707031,0.0,2.4000000000000004
5787,0.00046515464782714844,0.0,2.4000000000000004
5788,0.0004642009735107422,0.0,2.4000000000000004
5789,0.0006327629089355469,0.0,2.4000000000000004
5790,0.0010979175567626953,0.0,2.4000000000000004
5791,0.0006666183471679688,0.0,2.4000000000000004
5792,0.0016047954559326172,0.0,2.4000000000000004
5793,0.0006136894226074219,0.0,2.4000000000000004
5794,0.001237630844116211,0.0,2.4000000000000004
5795,0.0007183551788330078,0.0,2.0
5796,0.0015666484832763672,0.0,2.0
5797,0.0007092952728271484,0.0,2.0
5798,0.0013194084167480469,0.0,1.6
5799,0.0005903244018554688,0.0,1.6
5800,0.0013773441314697266,0.0,1.6
5801,0.001682281494140625,0.0,1.2000000000000002
5802,0.0005564689636230469,0.0,1.2000000000000002
5803,0.001260519027709961,0.0,0.8
5804,0.0010325908660888672,0.0,0.8
5805,0.0007662773132324219,0.0,0.4
5806,0.00048351287841796875,0.0,0.4
5807,0.00046324729919433594,0.0,0.0
5808,0.0004343986511230469,0.0,0.0
5809,0.0005099773406982422,0.0,-0.4
5810,0.0004487037658691406,0.0,-0.4
5811,0.0004031658172607422,0.0,-0.8
5812,0.00046706199645996094,0.0,-0.8
5813,0.00046181678771972656,0.0,-1.2000000000000002
5814,0.00043702125549316406,0.0,-1.2000000000000002
5815,0.0004513263702392578,0.0,-1.2000000000000002
5816,0.0004649162292480469,0.0,-1.6
5817,0.000446319580078125,0.0,-1.6
5818,0.0004513263702392578,0.0,-1.6
5819,0.0004892349243164062,0.0,-2.0
5820,0.00043892860412597656,0.0,-2.0
5821,0.00047707557678222656,0.0,-2.0
5822,0.00043702125549316406,0.0,-2.0
5823,0.0004432201385498047,0.0,-2.0
5824,0.0008540153503417969,0.0,-2.0
5825,0.00046253204345703125,0.0,-2.0
5826,0.00103759765625,0.0,-2.0
5827,0.0012042522430419922,0.0,-2.0
5828,0.0007944107055664062,0.0,-2.0
5829,0.002087831497192383,0.0,-2.0
5830,0.00080108642578125,0.0,-2.0
5831,0.0013511180877685547,0.0,-1.6
5832,0.0008261203765869141,0.0,-1.6
5833,0.0012161731719970703,0.0,-1.6
5834,0.0023043155670166016,0.0,-1.2000000000000002
5835,0.0017657279968261719,0.0,-1.2000000000000002
5836,0.0014712810516357422,0.0,-1.2000000000000002
5837,0.0008165836334228516,0.0,-0.8
5838,0.0013916492462158203,0.0,-0.8
5839,0.0006213188171386719,0.0,-0.4
5840,0.0011005401611328125,0.0,-0.4
5841,0.0006008148193359375,0.0,0.0
5842,0.001486063003540039,0.0,0.0
5843,0.0006155967712402344,0.0,0.0
5844,0.0013968944549560547,0.0,0.4
5845,0.0005743503570556641,0.0,0.4
5846,0.001232147216796875,0.0,0.8
5847,0.0005886554718017578,0.0,0.8
5848,0.0013735294342041016,0.0,1.2000000000000002
5849,0.0005595684051513672,0.0,1.2000000000000002
5850,0.0019083023071289062,0.0,1.2000000000000002
5851,0.001283407211303711,0.0,1.6
5852,0.0006167888641357422,0.0,1.6
5853,0.0015964508056640625,0.0,1.6
5854,0.0007257461547851562,0.0,1.6
5855,0.0016512870788574219,0.0,2.0
5856,0.0007026195526123047,0.0,2.0
5857,0.0020427703857421875,0.0,2.0
5858,0.0013034343719482422,0.0,2.0
5859,0.0013737678527832031,0.0,2.0
5860,0.0011565685272216797,0.0,2.0
5861,0.0022666454315185547,0.0,2.0
5862,0.0019609928131103516,0.0,2.0
5863,0.0005872249603271484,0.0,2.0
5864,0.0013222694396972656,0.0,1.6
5865,0.0006046295166015625,0.0,1.6
5866,0.0015358924865722656,0.0,1.6
5867,0.0006852149963378906,0.0,1.6
5868,0.0019497871398925781,0.0,1.2000000000000002
5869,0.0010859966278076172,0.0,1.2000000000000002
5870,0.0020380020141601562,0.0,1.2000000000000002
5871,0.0009016990661621094,0.0,0.8
5872,0.002519845962524414,0.0,0.8
5873,0.0005774497985839844,0.0,0.4
5874,0.002070903778076172,0.0,0.4
5875,0.0005509853363037109,0.0,0.0
5876,0.0011913776397705078,0.0,0.0
5877,0.0012884140014648438,0.0,0.0
5878,0.0007636547088623047,0.0,-0.4
5879,0.002123117446899414,0.0,-0.4
5880,0.0007395744323730469,0.0,-0.4
5881,0.0013031959533691406,0.0,-0.8
5882,0.0028493404388427734,0.0,-0.8
5883,0.0020279884338378906,0.0,-1.2000000000000002
5884,0.002462625503540039,0.0,-1.2000000000000002
5885,0.0009081363677978516,0.0,-1.2000000000000002
5886,0.0012843608856201172,0.0,-1.2000000000000002
5887,0.0008943080902099609,0.0,-1.6
5888,0.001255035400390625,0.0,-1.6
5889,0.000789642333984375,0.0,-1.6
5890,0.0012416839599609375,0.0,-1.6
5891,0.00067138671875,0.0,-1.6
5892,0.0021419525146484375,0.0,-1.6
5893,0.0007576942443847656,0.0,-1.6
5894,0.002619504928588867,0.0,-1.6
5895,0.0005738735198974609,0.0,-1.6
5896,0.0011773109436035156,0.0,-1.6
5897,0.0005943775177001953,0.0,-1.6
5898,0.002519369125366211,0.0,-1.6
5899,0.0006921291351318359,0.0,-1.2000000000000002
5900,0.0018601417541503906,0.0,-1.2000000000000002
5901,0.0005838871002197266,0.0,-1.2000000000000002
5902,0.0026476383209228516,0.0,-1.2000000000000002
5903,0.001264810562133789,0.0,-0.8
5904,0.0006830692291259766,0.0,-0.8
5905,0.0018525123596191406,0.0,-0.8
5906,0.0007512569427490234,0.0,-0.8
5907,0.0012302398681640625,0.0,-0.4
5908,0.0005705356597900391,0.0,-0.4
5909,0.001188039779663086,0.0,0.0
5910,0.0005559921264648438,0.0,0.0
5911,0.001249074935913086,0.0,0.0
5912,0.0006928443908691406,0.0,0.4
5913,0.0014750957489013672,0.0,0.4
5914,0.0006580352783203125,0.0,0.4
5915,0.0013303756713867188,0.0,0.8
5916,0.0005567073822021484,0.0,0.8
5917,0.0013761520385742188,0.0,0.8
5918,0.002160787582397461,0.0,0.8
5919,0.0007519721984863281,0.0,1.2000000000000002
5920,0.001837015151977539,0.0,1.2000000000000002
5921,0.0010428428649902344,0.0,1.2000000000000002
5922,0.0018992424011230469,0.0,1.2000000000000002
5923,0.0006039142608642578,0.0,1.2000000000000002
5924,0.001356363296508789,0.0,1.6
5925,0.0007894039154052734,0.0,1.6
5926,0.0020864009857177734,0.0,1.6
5927,0.0007512569427490234,0.0,1.6
5928,0.0018048286437988281,0.0,1.6
5929,0.0006895065307617188,0.0,1.6
5930,0.0012919902801513672,0.0,1.6
5931,0.0008187294006347656,0.0,1.6
5932,0.00185394287109375,0.0,1.2000000000000002
5933,0.0006573200225830078,0.0,1.2000000000000002
5934,0.0012514591217041016,0.0,1.2000000000000002
5935,0.0006244182586669922,0.0,1.2000000000000002
5936,0.002211332321166992,0.0,1.2000000000000002
5937,0.0017278194427490234,0.0,1.2000000000000002
5938,0.00255584716796875,0.0,0.8
5939,0.0012700557708740234,0.0,0.8
5940,0.00205230712890625,0.0,0.8
5941,0.0018606185913085938,0.0,0.4
5942,0.0008227825164794922,0.0,0.4
5943,0.0010418891906738281,0.0,0.4
5944,0.0006787776947021484,0.0,0.4
5945,0.0013785362243652344,0.0,0.0
5946,0.0006182193756103516,0.0,0.0
5947,0.0012848377227783203,0.0,0.0
5948,0.0006361007690429688,0.0,-0.4
5949,0.002047300338745117,0.0,-0.4
5950,0.0006325244903564453,0.0,-0.4
5951,0.0018150806427001953,0.0,-0.8
5952,0.0005824565887451172,0.0,-0.8
5953,0.001367807388305664,0.0,-0.8
5954,0.0005805492401123047,0.0,-0.8
5955,0.0030896663665771484,0.0,-0.8
5956,0.0011093616485595703,0.0,-1.2000000000000002
5957,0.0006053447723388672,0.0,-1.2000000000000002
5958,0.0012388229370117188,0.0,-1.2000000000000002
5959,0.0013728141784667969,0.0,-1.2000000000000002
5960,0.000640869140625,0.0,-1.2000000000000002
5961,0.0016291141510009766,0.0,-1.2000000000000002
5962,0.0019502639770507812,0.0,-1.2000000000000002
5963,0.002687692642211914,0.0,-1.2000000000000002
5964,0.0006382465362548828,0.0,-1.2000000000000002
5965,0.0014543533325195312,0.0,-1.2000000000000002
5966,0.0014543533325195312,0.0,-1.2000000000000002
5967,0.001367807388305664,0.0,-1.2000000000000002
5968,0.0013093948364257812,0.0,-1.2000000000000002
5969,0.0005035400390625,0.0,-1.2000000000000002
5970,0.0015020370483398438,0.0,-0.8
5971,0.0005271434783935547,0.0,-0.8
5972,0.0011682510375976562,0.0,-0.8
5973,0.0008993148803710938,0.0,-0.8
5974,0.0015082359313964844,0.0,-0.8
5975,0.0008170604705810547,0.0,-0.4
5976,0.0015554428100585938,0.0,-0.4
5977,0.0008146762847900391,0.0,-0.4
5978,0.0014536380767822266,0.0,-0.4
5979,0.0012633800506591797,0.0,0.0
5980,0.0007715225219726562,0.0,0.0
5981,0.0014324188232421875,0.0,0.0
5982,0.0007073879241943359,0.0,0.0
5983,0.00121307373046875,0.0,0.4
5984,0.0019512176513671875,0.0,0.4
5985,0.0012447834014892578,0.0,0.4
5986,0.0016214847564697266,0.0,0.4
5987,0.002627134323120117,0.0,0.8
5988,0.0006780624389648438,0.0,0.8
5989,0.0013518333435058594,0.0,0.8
5990,0.00078582763671875,0.0,0.8
5991,0.0016388893127441406,0.0,0.8
5992,0.0005970001220703125,0.0,0.8
5993,0.0027523040771484375,0.0,0.8
5994,0.0005786418914794922,0.0,1.2000000000000002
5995,0.002298116683959961,0.0,1.2000000000000002
5996,0.0006158351898193359,0.0,1.2000000000000002
5997,0.0014042854309082031,0.0,1.2000000000000002
5998,0.0007112026214599609,0.0,1.2000000000000002
5999,0.0012898445129394531,0.0,1.2000000000000002
6000,0.0007600784301757812,0.0,1.2000000000000002
6001,0.0018401145935058594,0.0,1.2000000000000002
6002,0.0017910003662109375,0.0,1.2000000000000002
6003,0.0008056163787841797,0.0,0.8
6004,0.001844644546508789,0.0,0.8
6005,0.0006244182586669922,0.0,0.8
6006,0.0026133060455322266,0.0,0.8
6007,0.0010454654693603516,0.0,0.8
6008,0.0013256072998046875,0.0,0.8
6009,0.00208282470703125,0.0,0.4
6010,0.0008215904235839844,0.0,0.4
6011,0.0014390945434570312,0.0,0.4
6012,0.0007281303405761719,0.0,0.4
6013,0.0013957023620605469,0.0,0.4
6014,0.0005772113800048828,0.0,0.0
6015,0.0013659000396728516,0.0,0.0
6016,0.0005953311920166016,0.0,0.0
6017,0.0027344226837158203,0.0,0.0
6018,0.0010809898376464844,0.0,0.0
6019,0.0006504058837890625,0.0,-0.4
6020,0.0020287036895751953,0.0,-0.4
6021,0.0007660388946533203,0.0,-0.4
6022,0.002344369888305664,0.0,-0.4
6023,0.002431631088256836,0.0,-0.4
6024,0.0006031990051269531,0.0,-0.4
6025,0.002702951431274414,0.0,-0.8
6026,0.0016148090362548828,0.0,-0.8
6027,0.0018486976623535156,0.0,-0.8
6028,0.0013458728790283203,0.0,-0.8
6029,0.0007014274597167969,0.0,-0.8
6030,0.00197601318359375,0.0,-0.8
6031,0.0012555122375488281,0.0,-0.8
6032,0.001163482666015625,0.0,-0.8
6033,0.001026153564453125,0.0,-0.8
6034,0.0014338493347167969,0.0,-0.8
6035,0.0010273456573486328,0.0,-0.8
6036,0.001356363296508789,0.0,-0.8
6037,0.0014278888702392578,0.0,-0.8
6038,0.0009791851043701172,0.0,-0.8
6039,0.0012507438659667969,0.0,-0.8
6040,0.0009124279022216797,0.0,-0.8
6041,0.0012784004211425781,0.0,-0.4
6042,0.002462625503540039,0.0,-0.4
6043,0.0018968582153320312,0.0,-0.4
6044,0.0006630420684814453,0.0,-0.4
6045,0.0013582706451416016,0.0,-0.4
6046,0.0006532669067382812,0.0,-0.4
6047,0.001386880874633789,0.0,0.0
6048,0.0005779266357421875,0.0,0.0
6049,0.002012014389038086,0.0,0.0
6050,0.0005962848663330078,0.0,0.0
6051,0.001993417739868164,0.0,0.0
6052,0.0011785030364990234,0.0,0.0
6053,0.00046706199645996094,0.0,0.4
6054,0.0007669925689697266,0.0,0.4
6055,0.0002994537353515625,0.0,0.4
6056,0.00016498565673828125,0.0,0.4
6057,0.0003647804260253906,0.0,0.4
6058,0.0005016326904296875,0.0,0.4
6059,0.0015888214111328125,0.0,0.4
6060,0.0008108615875244141,0.0,0.4
6061,0.0005233287811279297,0.0,0.8
6062,0.0003039836883544922,0.0,0.8
6063,0.0004642009735107422,0.0,0.8
6064,0.0005867481231689453,0.0,0.8
6065,0.0004398822784423828,0.0,0.8
6066,0.00049591064453125,0.0,0.8
6067,0.0004489421844482422,0.0,0.8
6068,0.0004620552062988281,0.0,0.8
6069,0.00047588348388671875,0.0,0.8
6070,0.0004673004150390625,0.0,0.8
6071,0.0004303455352783203,0.0,0.8
6072,0.0004291534423828125,0.0,0.4
6073,0.0008304119110107422,0.0,0.4
6074,0.0005011558532714844,0.0,0.4
6075,0.0010190010070800781,0.0,0.4
6076,0.00045180320739746094,0.0,0.4
6077,0.0009491443634033203,0.0,0.4
6078,0.0006287097930908203,0.0,0.4
6079,0.0012426376342773438,0.0,0.4
6080,0.0011980533599853516,0.0,0.4
6081,0.0009682178497314453,0.0,0.0
6082,0.0013232231140136719,0.0,0.0
6083,0.0013310909271240234,0.0,0.0
6084,0.0006611347198486328,0.0,0.0
6085,0.0018434524536132812,0.0,0.0
6086,0.0012023448944091797,0.0,0.0
6087,0.0022749900817871094,0.0,0.0
6088,0.0020499229431152344,0.0,0.0
6089,0.0023665428161621094,0.0,-0.4
6090,0.0009534358978271484,0.0,-0.4
6091,0.0023005008697509766,0.0,-0.4
6092,0.0010616779327392578,0.0,-0.4
6093,0.0016045570373535156,0.0,-0.4
6094,0.0006594657897949219,0.0,-0.4
6095,0.0010843276977539062,0.0,-0.4
6096,0.000713348388671875,0.0,-0.4
6097,0.001277923583984375,0.0,-0.4
6098,0.0005791187286376953,0.0,-0.4
6099,0.001245737075805664,0.0,-0.4
6100,0.0006098747253417969,0.0,-0.4
6101,0.0013134479522705078,0.0,-0.4
6102,0.002201557159423828,0.0,-0.4
6103,0.0005748271942138672,0.0,-0.4
6104,0.0017888545989990234,0.0,-0.4
6105,0.0005953311920166016,0.0,-0.4
6106,0.001245737075805664,0.0,-0.4
6107,0.0011219978332519531,0.0,-0.4
6108,0.0005972385406494141,0.0,-0.4
6109,0.0012428760528564453,0.0,-0.4
6110,0.0022628307342529297,0.0,-0.4
6111,0.0005915164947509766,0.0,0.0
6112,0.002084493637084961,0.0,0.0
6113,0.0005626678466796875,0.0,0.0
6114,0.0012691020965576172,0.0,0.0
6115,0.0020837783813476562,0.0,0.0
6116,0.0006272792816162109,0.0,0.0
6117,0.0013070106506347656,0.0,0.0
6118,0.0014004707336425781,0.0,0.0
6119,0.0022554397583007812,0.0,0.0
6120,0.0006520748138427734,0.0,0.0
6121,0.0014498233795166016,0.0,0.0
6122,0.0014498233795166016,0.0,0.0
6123,0.0011687278747558594,0.0,0.4
6124,0.001008749008178711,0.0,0.4
6125,0.0006871223449707031,0.0,0.4
6126,0.001863718032836914,0.0,0.4
6127,0.002445697784423828,0.0,0.4
6128,0.0006115436553955078,0.0,0.4
6129,0.0013766288757324219,0.0,0.4
6130,0.0008122920989990234,0.0,0.4
6131,0.0013365745544433594,0.0,0.4
6132,0.0007510185241699219,0.0,0.4
6133,0.0020139217376708984,0.0,0.4
6134,0.0012929439544677734,0.0,0.4
6135,0.0006508827209472656,0.0,0.4
6136,0.0011157989501953125,0.0,0.4
6137,0.0006368160247802734,0.0,0.4
6138,0.0012836456298828125,0.0,0.4
6139,0.0020787715911865234,0.0,0.4
6140,0.0012462139129638672,0.0,0.4
6141,0.001407623291015625,0.0,0.4
6142,0.0022745132446289062,0.0,0.4
6143,0.0010876655578613281,0.0,0.0
6144,0.0006170272827148438,0.0,0.0
6145,0.0014832019805908203,0.0,0.0
6146,0.0009312629699707031,0.0,0.0
6147,0.0012137889862060547,0.0,0.0
6148,0.0008127689361572266,0.0,0.0
6149,0.0018186569213867188,0.0,0.0
6150,0.0005524158477783203,0.0,0.0
6151,0.0017232894897460938,0.0,0.0
6152,0.0006763935089111328,0.0,0.0
6153,0.0018069744110107422,0.0,0.0
6154,0.0006890296936035156,0.0,0.0
6155,0.0015668869018554688,0.0,0.0
6156,0.0007154941558837891,0.0,0.0
6157,0.0012993812561035156,0.0,0.0
6158,0.0017197132110595703,0.0,0.0
6159,0.0008440017700195312,0.0,-0.4
6160,0.0012845993041992188,0.0,-0.4
6161,0.0006048679351806641,0.0,-0.4
6162,0.001882314682006836,0.0,-0.4
6163,0.0005548000335693359,0.0,-0.4
6164,0.0018455982208251953,0.0,-0.4
6165,0.001984834671020508,0.0,-0.4
6166,0.0006434917449951172,0.0,-0.4
6167,0.0013804435729980469,0.0,-0.4
6168,0.0012180805206298828,0.0,0.0
6169,0.0023598670959472656,0.0,0.0
6170,0.0012104511260986328,0.0,0.0
6171,0.0007710456848144531,0.0,0.0
6172,0.0016932487487792969,0.0,0.0
6173,0.0012645721435546875,0.0,0.0
6174,0.0007538795471191406,0.0,0.0
6175,0.0011408329010009766,0.0,0.0
6176,0.0012063980102539062,0.0,0.0
6177,0.0006320476531982422,0.0,0.0
6178,0.0011751651763916016,0.0,0.0
6179,0.0005955696105957031,0.0,0.0
6180,0.0015044212341308594,0.0,0.0
6181,0.0007390975952148438,0.0,0.0
6182,0.0027320384979248047,0.0,0.0
6183,0.0010356903076171875,0.0,0.0
6184,0.0024051666259765625,0.0,0.0
6185,0.0020427703857421875,0.0,0.0
6186,0.0008065700531005859,0.0,0.0
6187,0.001880645751953125,0.0,0.0
6188,0.0005905628204345703,0.0,0.0
6189,0.002636432647705078,0.0,0.0
6190,0.00060272216796875,0.0,0.0
6191,0.0017170906066894531,0.0,0.0
6192,0.0012226104736328125,0.0,0.0
6193,0.0022237300872802734,0.0,0.0
6194,0.0011761188507080078,0.0,0.0
6195,0.0006108283996582031,0.0,0.0
6196,0.0011785030364990234,0.0,0.0
6197,0.0006113052368164062,0.0,0.0
6198,0.001089334487915039,0.0,0.0
6199,0.00060272216796875,0.0,0.0
6200,0.0017514228820800781,0.0,0.0
6201,0.0006940364837646484,0.0,0.0
6202,0.001035928726196289,0.0,0.0
6203,0.0005743503570556641,0.0,0.0
6204,0.00240325927734375,0.0,0.0
6205,0.0005574226379394531,0.0,0.0
6206,0.0018782615661621094,0.0,0.0
