,Latency,PWM Value,Angle
0,0.0,0.0,0.0
1,0.0003714561462402344,0.0,0.0
2,0.00024819374084472656,0.0,0.0
3,0.0002655982971191406,0.0,0.0
4,0.0004379749298095703,0.0,0.0
5,0.00026488304138183594,0.0,0.0
6,0.0003895759582519531,0.0,0.0
7,0.00029468536376953125,0.0,0.0
8,0.0004088878631591797,0.0,0.0
9,0.0002582073211669922,0.0,0.0
10,0.000293731689453125,0.0,0.0
11,0.0008807182312011719,0.0,0.0
12,0.0004932880401611328,0.0,0.0
13,0.00023937225341796875,0.0,0.0
14,0.0003821849822998047,0.0,0.0
15,0.0005519390106201172,0.0,0.0
16,0.0005347728729248047,0.0,0.0
17,0.00016021728515625,0.0,0.0
18,0.0002799034118652344,0.0,0.0
19,0.00015997886657714844,0.0,0.0
20,0.00016450881958007812,0.0,0.0
21,0.0001761913299560547,0.0,0.0
22,0.00018310546875,0.0,0.0
23,0.000209808349609375,0.0,0.0
24,0.00025081634521484375,0.0,0.0
25,0.0002269744873046875,0.0,0.0
26,0.0002448558807373047,0.0,0.0
27,0.00029397010803222656,0.0,0.0
28,0.0003197193145751953,0.0,0.0
29,0.0004572868347167969,0.0,0.0
30,0.0001735687255859375,0.0,0.0
31,0.0003027915954589844,0.0,0.0
32,0.0002200603485107422,0.0,0.0
33,0.0002300739288330078,0.0,0.0
34,0.00040721893310546875,0.0,0.0
35,0.0004525184631347656,0.0,0.0
36,0.0003314018249511719,0.0,0.0
37,0.00033473968505859375,0.0,0.0
38,0.0004782676696777344,0.0,0.0
39,0.0004756450653076172,0.0,0.0
40,0.0002257823944091797,0.0,0.0
41,0.0002703666687011719,0.0,0.0
42,0.0001647472381591797,0.0,0.0
43,0.0002071857452392578,0.0,0.0
44,0.00021314620971679688,0.0,0.0
45,0.00016832351684570312,0.0,0.0
46,0.0002484321594238281,0.0,0.0
47,0.00020599365234375,0.0,0.0
48,0.00017142295837402344,0.0,0.0
49,0.00024247169494628906,0.0,0.0
50,0.0003666877746582031,0.0,0.0
51,0.0004532337188720703,0.0,0.0
52,0.0003113746643066406,0.0,0.0
53,0.0002930164337158203,0.0,0.0
54,0.00015735626220703125,0.0,0.0
55,0.00046515464782714844,0.0,0.0
56,0.00034332275390625,0.0,0.0
57,0.00034928321838378906,0.0,0.0
58,0.00036835670471191406,0.0,0.0
59,0.0004329681396484375,0.0,0.0
60,0.0007116794586181641,0.0,0.0
61,0.0005807876586914062,0.0,0.0
62,0.0004851818084716797,0.0,0.0
63,0.0004775524139404297,0.0,0.0
64,0.0004100799560546875,0.0,0.0
65,0.00031375885009765625,0.0,0.0
66,0.00035071372985839844,0.0,0.0
67,0.00023603439331054688,0.0,0.0
68,0.00016236305236816406,0.0,0.0
69,0.00024366378784179688,0.0,0.0
70,0.0001995563507080078,0.0,0.0
71,0.00021338462829589844,0.0,0.0
72,0.000263214111328125,0.0,0.0
73,0.00015306472778320312,0.0,0.0
74,0.0002694129943847656,0.0,0.0
75,0.00020551681518554688,0.0,0.0
76,0.00035119056701660156,0.0,0.0
77,0.0002639293670654297,0.0,0.0
78,0.00020837783813476562,0.0,0.0
79,0.0002627372741699219,0.0,0.0
80,0.0003864765167236328,0.0,0.0
81,0.0006318092346191406,0.0,0.0
82,0.00040149688720703125,0.0,0.0
83,0.0003733634948730469,0.0,0.0
84,0.0004906654357910156,0.0,0.0
85,0.0004177093505859375,0.0,0.0
86,0.00040841102600097656,0.0,0.0
87,0.0003058910369873047,0.0,0.0
88,0.0003223419189453125,0.0,0.0
89,0.0004429817199707031,0.0,0.0
90,0.0003008842468261719,0.0,0.0
91,0.00043487548828125,0.0,0.0
92,0.00028586387634277344,0.0,0.0
93,0.00015163421630859375,0.0,0.0
94,0.0002238750457763672,0.0,0.0
95,0.0002319812774658203,0.0,0.0
96,0.00027942657470703125,0.0,0.0
97,0.0004699230194091797,0.0,0.0
98,0.0002753734588623047,0.0,0.0
99,0.00048542022705078125,0.0,0.0
100,0.0003228187561035156,0.0,0.0
101,0.00034427642822265625,0.0,0.0
102,0.00030684471130371094,0.0,0.0
103,0.00027489662170410156,0.0,0.0
104,0.00046062469482421875,0.0,0.0
105,0.0003573894500732422,0.0,0.0
106,0.0002815723419189453,0.0,0.0
107,0.00026702880859375,0.0,0.0
108,0.0004165172576904297,0.0,0.0
109,0.0002732276916503906,0.0,0.0
110,0.0004558563232421875,0.0,0.0
111,0.0005855560302734375,0.0,0.0
112,0.00018215179443359375,0.0,0.0
113,0.0004608631134033203,0.0,0.0
114,0.00038933753967285156,0.0,0.0
115,0.00018167495727539062,0.0,0.0
116,0.00030922889709472656,0.0,0.0
117,0.00023126602172851562,0.0,0.0
118,0.00017023086547851562,0.0,0.0
119,0.0001766681671142578,0.0,0.0
120,0.00023984909057617188,0.0,0.0
121,0.0002684593200683594,0.0,0.0
122,0.00029969215393066406,0.0,0.0
123,0.0005257129669189453,0.0,0.0
124,0.00046133995056152344,0.0,0.0
125,0.0001556873321533203,0.0,0.0
126,0.0004374980926513672,0.0,0.0
127,0.00037169456481933594,0.0,0.0
128,0.0004470348358154297,0.0,0.0
129,0.0005407333374023438,0.0,0.0
130,0.00038623809814453125,0.0,0.0
131,0.0005135536193847656,0.0,0.0
132,0.00036978721618652344,0.0,0.0
133,0.0003116130828857422,0.0,0.0
134,0.000270843505859375,0.0,0.0
135,0.0003764629364013672,0.0,0.0
136,0.0004432201385498047,0.002,0.0
137,0.0003762245178222656,0.002,0.0
138,0.00017833709716796875,0.002,0.0
139,0.00024318695068359375,0.002,0.0
140,0.00017905235290527344,0.002,0.0
141,0.00023603439331054688,0.002,0.0
142,0.00020575523376464844,0.002,0.0
143,0.00022792816162109375,0.002,0.0
144,0.0003285408020019531,0.002,0.0
145,0.00018787384033203125,0.002,0.0
146,0.00035881996154785156,0.002,0.0
147,0.0003986358642578125,0.002,0.0
148,0.00045561790466308594,0.002,0.0
149,0.0002288818359375,0.004,0.0
150,0.00030612945556640625,0.004,0.0
151,0.00041675567626953125,0.004,0.0
152,0.00029397010803222656,0.004,0.0
153,0.00025272369384765625,0.006,0.0
154,0.00046181678771972656,0.006,0.0
155,0.0006318092346191406,0.006,0.0
156,0.00046181678771972656,0.006,0.0
157,0.00027751922607421875,0.006,0.0
158,0.0005044937133789062,0.006,0.0
159,0.0005040168762207031,0.006,0.0
160,0.0005028247833251953,0.006,0.0
161,0.0005028247833251953,0.006,0.0
162,0.0001456737518310547,0.006,0.0
163,0.000274658203125,0.006,0.0
164,0.0001533031463623047,0.006,0.0
165,0.0001552104949951172,0.006,0.0
166,0.0001556873321533203,0.006,0.0
167,0.00017189979553222656,0.006,0.0
168,0.00017118453979492188,0.006,0.0
169,0.00019288063049316406,0.009000000000000001,0.0
170,0.00036597251892089844,0.009000000000000001,0.0
171,0.00031828880310058594,0.011000000000000001,0.0
172,0.00033736228942871094,0.011000000000000001,0.0
173,0.00027251243591308594,0.013000000000000001,0.0
174,0.0002651214599609375,0.013000000000000001,0.0
175,0.00031256675720214844,0.013000000000000001,0.0
176,0.0004200935363769531,0.015,0.0
177,0.00030303001403808594,0.017,0.0
178,0.0002689361572265625,0.017,0.0
179,0.0003681182861328125,0.017,0.0
180,0.0005605220794677734,0.017,0.0
181,0.0005459785461425781,0.017,0.0
182,0.0003485679626464844,0.017,0.0
183,0.00019931793212890625,0.017,0.0
184,0.0003566741943359375,0.017,0.0
185,0.00016808509826660156,0.019,0.0
186,0.0004012584686279297,0.024,0.0
187,0.0001513957977294922,0.024,0.0
188,0.00025653839111328125,0.024,0.0
189,0.0001652240753173828,0.024,0.0
190,0.00015592575073242188,0.024,0.0
191,0.00017404556274414062,0.026000000000000002,0.0
192,0.0002703666687011719,0.026000000000000002,0.0
193,0.00018596649169921875,0.027999999999999997,0.0
194,0.0002491474151611328,0.027999999999999997,0.0
195,0.0002105236053466797,0.027999999999999997,0.0
196,0.0002429485321044922,0.027999999999999997,0.0
197,0.0002696514129638672,0.027999999999999997,0.0
198,0.00017571449279785156,0.03,0.0
199,0.0002472400665283203,0.03,0.0
200,0.00023031234741210938,0.03,0.0
201,0.0002696514129638672,0.032,0.4
202,0.0003428459167480469,0.034,0.4
203,0.00027632713317871094,0.037000000000000005,0.4
204,0.0003230571746826172,0.037000000000000005,0.4
205,0.0003066062927246094,0.037000000000000005,0.4
206,0.0004184246063232422,0.037000000000000005,0.4
207,0.0003781318664550781,0.039,0.8
208,0.00023436546325683594,0.039,0.8
209,0.00044465065002441406,0.039,0.8
210,0.00016260147094726562,0.039,0.8
211,0.0002446174621582031,0.039,0.8
212,0.00018262863159179688,0.040999999999999995,0.8
213,0.00025343894958496094,0.045,0.8
214,0.0003800392150878906,0.047,0.8
215,0.000244140625,0.05,0.8
216,0.00018596649169921875,0.05,0.8
217,0.00025773048400878906,0.05,0.8
218,0.000225067138671875,0.05,0.8
219,0.00023627281188964844,0.05,0.8
220,0.00015997886657714844,0.05,0.8
221,0.00033092498779296875,0.05,0.8
222,0.0002675056457519531,0.05,0.8
223,0.00023031234741210938,0.05,0.8
224,0.00023174285888671875,0.05,0.8
225,0.00025391578674316406,0.05,0.8
226,0.0003199577331542969,0.05,0.8
227,0.00039458274841308594,0.05,0.8
228,0.00031304359436035156,0.052000000000000005,0.8
229,0.0003998279571533203,0.054000000000000006,0.8
230,0.0004734992980957031,0.055999999999999994,0.8
231,0.0004870891571044922,0.06,0.8
232,0.0005376338958740234,0.06,0.4
233,0.00037860870361328125,0.06,0.4
234,0.0002894401550292969,0.06,0.4
235,0.0001766681671142578,0.06,0.4
236,0.0005433559417724609,0.06,0.4
237,0.00030517578125,0.06,0.4
238,0.00016760826110839844,0.06,0.0
239,0.0002796649932861328,0.06,0.0
240,0.00020623207092285156,0.06,0.0
241,0.0004825592041015625,0.06,0.0
242,0.0002455711364746094,0.06,0.0
243,0.0002593994140625,0.063,0.0
244,0.0002911090850830078,0.063,0.0
245,0.00014781951904296875,0.067,-0.4
246,0.00018310546875,0.073,-0.4
247,0.0002734661102294922,0.075,-0.4
248,0.0002944469451904297,0.075,-0.4
249,0.00024366378784179688,0.075,-0.4
250,0.0004668235778808594,0.075,-0.4
251,0.0003955364227294922,0.075,-0.4
252,0.0002372264862060547,0.075,-0.4
253,0.00035834312438964844,0.075,-0.4
254,0.0004413127899169922,0.078,-0.4
255,0.00028443336486816406,0.078,0.0
256,0.0005033016204833984,0.078,0.0
257,0.00029277801513671875,0.078,0.0
258,0.00021576881408691406,0.078,0.0
259,0.00025010108947753906,0.078,0.0
260,0.0001857280731201172,0.08199999999999999,0.0
261,0.0003199577331542969,0.08199999999999999,0.0
262,0.00016021728515625,0.084,0.0
263,0.0002505779266357422,0.084,0.0
264,0.00018215179443359375,0.084,0.4
265,0.00019550323486328125,0.084,0.4
266,0.00022983551025390625,0.084,0.8
267,0.00031375885009765625,0.084,1.2000000000000002
268,0.00017213821411132812,0.084,1.6
269,0.0001666545867919922,0.084,2.0
270,0.00032138824462890625,0.084,2.4000000000000004
271,0.00035762786865234375,0.084,3.2
272,0.0005986690521240234,0.084,3.6
273,0.0005290508270263672,0.084,4.4
274,0.0002090930938720703,0.084,5.2
275,0.0003795623779296875,0.084,6.0
276,0.000377655029296875,0.084,6.800000000000001
277,0.0003731250762939453,0.084,7.6000000000000005
278,0.0005052089691162109,0.084,8.4
279,0.0007526874542236328,0.084,9.600000000000001
280,0.0006053447723388672,0.084,10.4
281,0.00033664703369140625,0.084,11.200000000000001
282,0.0001659393310546875,0.084,12.4
283,0.00033283233642578125,0.084,13.200000000000001
284,0.00021004676818847656,0.084,14.0
285,0.00017642974853515625,0.084,14.8
286,0.00029206275939941406,0.084,15.600000000000001
287,0.0002262592315673828,0.084,16.400000000000002
288,0.00024628639221191406,0.084,17.2
289,0.0002894401550292969,0.084,18.0
290,0.0003006458282470703,0.084,18.8
291,0.0003643035888671875,0.084,19.200000000000003
292,0.00042819976806640625,0.084,20.0
293,0.00025844573974609375,0.084,20.400000000000002
294,0.00023102760314941406,0.084,20.8
295,0.00015306472778320312,0.084,20.8
296,0.00021386146545410156,0.084,21.200000000000003
297,0.0003113746643066406,0.084,21.200000000000003
298,0.0004584789276123047,0.086,21.6
299,0.0004737377166748047,0.08800000000000001,21.6
300,0.0005321502685546875,0.091,21.200000000000003
301,0.0005648136138916016,0.091,21.200000000000003
302,0.00037598609924316406,0.091,21.200000000000003
303,0.0005130767822265625,0.09300000000000001,20.8
304,0.00045800209045410156,0.09300000000000001,20.400000000000002
305,0.00048422813415527344,0.09300000000000001,20.0
306,0.00040531158447265625,0.09300000000000001,19.6
307,0.00016236305236816406,0.09300000000000001,18.8
308,0.00016236305236816406,0.09300000000000001,18.8
309,0.0003352165222167969,0.09300000000000001,18.400000000000002
310,0.00016307830810546875,0.095,17.6
311,0.0001666545867919922,0.09699999999999999,16.8
312,0.00016999244689941406,0.09699999999999999,16.400000000000002
313,0.00019121170043945312,0.09699999999999999,15.600000000000001
314,0.0002903938293457031,0.09699999999999999,14.8
315,0.00020623207092285156,0.09699999999999999,14.0
316,0.0004360675811767578,0.099,13.200000000000001
317,0.00036263465881347656,0.10099999999999999,12.4
318,0.00018477439880371094,0.10099999999999999,12.0
319,0.00020694732666015625,0.106,11.200000000000001
320,0.00026607513427734375,0.10800000000000001,10.4
321,0.00038170814514160156,0.11199999999999999,9.600000000000001
322,0.0004620552062988281,0.11599999999999999,9.200000000000001
323,0.0003619194030761719,0.11900000000000001,8.8
324,0.0003960132598876953,0.12300000000000001,8.0
325,0.0003972053527832031,0.127,7.6000000000000005
326,0.00048279762268066406,0.129,7.2
327,0.00023555755615234375,0.131,6.800000000000001
328,0.00040912628173828125,0.136,6.800000000000001
329,0.0005092620849609375,0.136,6.4
330,0.00021457672119140625,0.136,6.4
331,0.0005276203155517578,0.136,6.4
332,0.0003292560577392578,0.136,6.800000000000001
333,0.00025534629821777344,0.136,6.800000000000001
334,0.0001678466796875,0.138,7.2
335,0.00018930435180664062,0.138,7.6000000000000005
336,0.00023627281188964844,0.138,8.4
337,0.0002586841583251953,0.138,9.200000000000001
338,0.00020813941955566406,0.138,9.600000000000001
339,0.000263214111328125,0.138,10.8
340,0.0005016326904296875,0.138,11.600000000000001
341,0.00044274330139160156,0.142,12.8
342,0.0001659393310546875,0.142,13.600000000000001
343,0.00019621849060058594,0.14400000000000002,14.8
344,0.0003628730773925781,0.14400000000000002,16.0
345,0.0005590915679931641,0.14400000000000002,17.2
346,0.0004801750183105469,0.14400000000000002,18.8
347,0.00051116943359375,0.149,20.0
348,0.00027060508728027344,0.151,21.200000000000003
349,0.00034928321838378906,0.151,22.400000000000002
350,0.0003075599670410156,0.155,24.0
351,0.0004966259002685547,0.157,25.200000000000003
352,0.0002799034118652344,0.162,26.400000000000002
353,0.00031185150146484375,0.162,28.0
354,0.0003376007080078125,0.16399999999999998,29.200000000000003
355,0.00039076805114746094,0.166,30.400000000000002
356,0.00020384788513183594,0.166,31.6
357,0.00024008750915527344,0.166,32.800000000000004
358,0.00019407272338867188,0.166,34.0
359,0.00023794174194335938,0.166,35.2
360,0.0002624988555908203,0.166,36.0
361,0.0003247261047363281,0.166,37.2
362,0.000400543212890625,0.166,38.0
363,0.00020813941955566406,0.166,38.800000000000004
364,0.00039076805114746094,0.166,39.6
365,0.00016641616821289062,0.166,40.400000000000006
366,0.0003154277801513672,0.166,41.2
367,0.0002865791320800781,0.166,41.6
368,0.0006248950958251953,0.166,42.400000000000006
369,0.0003752708435058594,0.166,42.800000000000004
370,0.0005290508270263672,0.166,43.2
371,0.0005707740783691406,0.166,43.6
372,0.0004730224609375,0.166,43.6
373,0.0004980564117431641,0.166,43.6
374,0.0005478858947753906,0.168,43.6
375,0.00018143653869628906,0.168,43.6
376,0.00016760826110839844,0.168,43.6
377,0.00029015541076660156,0.166,43.2
378,0.00015544891357421875,0.16399999999999998,43.2
379,0.0004868507385253906,0.162,42.800000000000004
380,0.0002446174621582031,0.159,42.400000000000006
381,0.0001666545867919922,0.157,41.6
382,0.0002472400665283203,0.157,41.2
383,0.00016641616821289062,0.157,40.400000000000006
384,0.000148773193359375,0.153,39.6
385,0.0002231597900390625,0.153,38.800000000000004
386,0.00023889541625976562,0.153,38.0
387,0.0006020069122314453,0.153,37.2
388,0.0003654956817626953,0.151,36.0
389,0.0004470348358154297,0.151,35.2
390,0.0001735687255859375,0.151,34.0
391,0.000347137451171875,0.151,32.800000000000004
392,0.00036025047302246094,0.151,32.0
393,0.0004734992980957031,0.149,30.8
394,0.0004119873046875,0.149,29.6
395,0.0006530284881591797,0.149,28.400000000000002
396,0.00048804283142089844,0.14400000000000002,27.200000000000003
397,0.0005877017974853516,0.14400000000000002,26.0
398,0.0005800724029541016,0.142,24.8
399,0.0005161762237548828,0.142,23.6
400,0.0006375312805175781,0.142,22.400000000000002
401,0.0003533363342285156,0.142,21.200000000000003
402,0.0001556873321533203,0.14,20.0
403,0.00028204917907714844,0.14,19.200000000000003
404,0.00018858909606933594,0.14,18.0
405,0.00022983551025390625,0.14,17.2
406,0.00017118453979492188,0.14,16.0
407,0.0001556873321533203,0.14,15.200000000000001
408,0.0004363059997558594,0.14,14.8
409,0.00015354156494140625,0.14,14.0
410,0.000164031982421875,0.14,13.200000000000001
411,0.00019741058349609375,0.14,12.8
412,0.00021338462829589844,0.14,12.4
413,0.000286102294921875,0.14,12.0
414,0.00024199485778808594,0.14,12.0
415,0.00018858909606933594,0.14,11.600000000000001
416,0.00015211105346679688,0.14,11.600000000000001
417,0.0002617835998535156,0.14,11.600000000000001
418,0.00028252601623535156,0.14,12.0
419,0.0005412101745605469,0.14,12.0
420,0.0004639625549316406,0.14,12.4
421,0.0004715919494628906,0.14,12.8
422,0.0004973411560058594,0.14,13.200000000000001
423,0.0004534721374511719,0.14,13.600000000000001
424,0.00045609474182128906,0.14,14.4
425,0.0006158351898193359,0.14,15.200000000000001
426,0.00042128562927246094,0.14,15.600000000000001
427,0.00021791458129882812,0.142,16.400000000000002
428,0.00028324127197265625,0.142,17.2
429,0.0002703666687011719,0.14400000000000002,18.0
430,0.0002677440643310547,0.147,19.200000000000003
431,0.00016570091247558594,0.147,20.0
432,0.00019693374633789062,0.149,20.8
433,0.00029277801513671875,0.149,22.0
434,0.0005862712860107422,0.149,22.8
435,0.0003657341003417969,0.149,23.6
436,0.0004591941833496094,0.149,24.8
437,0.0004696846008300781,0.149,25.6
438,0.0004398822784423828,0.149,26.8
439,0.0002689361572265625,0.149,27.6
440,0.0005834102630615234,0.149,28.400000000000002
441,0.0004863739013671875,0.149,29.200000000000003
442,0.0004572868347167969,0.149,30.400000000000002
443,0.0005838871002197266,0.149,31.200000000000003
444,0.0004761219024658203,0.149,32.0
445,0.0004737377166748047,0.149,32.4
446,0.0004668235778808594,0.149,33.2
447,0.00043511390686035156,0.149,33.6
448,0.00047278404235839844,0.149,34.4
449,0.00045990943908691406,0.149,34.800000000000004
450,0.000644683837890625,0.149,35.2
451,0.0005147457122802734,0.149,35.6
452,0.0004734992980957031,0.151,36.0
453,0.0002541542053222656,0.151,36.0
454,0.00023555755615234375,0.153,36.4
455,0.00024509429931640625,0.153,36.4
456,0.00016927719116210938,0.153,36.4
457,0.00031375885009765625,0.155,36.0
458,0.00031375885009765625,0.155,36.0
459,0.0002200603485107422,0.157,36.0
460,0.00018858909606933594,0.162,35.6
461,0.0007185935974121094,0.16399999999999998,35.6
462,0.0003364086151123047,0.166,35.2
463,0.0005059242248535156,0.166,34.800000000000004
464,0.00016188621520996094,0.168,34.0
465,0.0002815723419189453,0.168,33.6
466,0.0003292560577392578,0.17,33.2
467,0.0005505084991455078,0.17,32.4
468,0.000453948974609375,0.17,32.0
469,0.00048089027404785156,0.17,31.200000000000003
470,0.0004994869232177734,0.172,30.400000000000002
471,0.0004420280456542969,0.18100000000000002,28.8
472,0.0007300376892089844,0.18100000000000002,28.0
473,0.0004963874816894531,0.18100000000000002,27.6
474,0.0004792213439941406,0.18100000000000002,26.8
475,0.0003845691680908203,0.185,26.0
476,0.00040221214294433594,0.188,25.6
477,0.00015878677368164062,0.19,24.8
478,0.0003361701965332031,0.19,24.400000000000002
479,0.0001666545867919922,0.19,24.0
480,0.0002338886260986328,0.19,23.6
481,0.0001857280731201172,0.19,23.6
482,0.0002522468566894531,0.19,23.200000000000003
483,0.0002455711364746094,0.192,23.200000000000003
484,0.0003631114959716797,0.192,23.200000000000003
485,0.0005590915679931641,0.192,23.6
486,0.00028061866760253906,0.192,23.6
487,0.0004417896270751953,0.192,24.0
488,0.0002186298370361328,0.192,24.400000000000002
489,0.00027871131896972656,0.192,25.200000000000003
490,0.0004837512969970703,0.192,25.6
491,0.0003993511199951172,0.192,26.400000000000002
492,0.0004961490631103516,0.192,27.200000000000003
493,0.0005598068237304688,0.19399999999999998,28.0
494,0.0005526542663574219,0.19399999999999998,28.8
495,0.0005924701690673828,0.19399999999999998,30.0
496,0.0005419254302978516,0.19399999999999998,30.8
497,0.0004494190216064453,0.19399999999999998,32.0
498,0.0005598068237304688,0.19399999999999998,33.2
499,0.0005538463592529297,0.19399999999999998,34.4
500,0.0003867149353027344,0.19399999999999998,35.6
501,0.0004994869232177734,0.19399999999999998,36.800000000000004
502,0.00016379356384277344,0.19399999999999998,38.0
503,0.00015735626220703125,0.19399999999999998,39.2
504,0.0001976490020751953,0.19399999999999998,40.400000000000006
505,0.00017905235290527344,0.19399999999999998,41.6
506,0.0002334117889404297,0.19399999999999998,42.400000000000006
507,0.0002200603485107422,0.19399999999999998,43.6
508,0.0001418590545654297,0.19399999999999998,44.800000000000004
509,0.00017261505126953125,0.19399999999999998,46.0
510,0.00019240379333496094,0.19399999999999998,46.800000000000004
511,0.0002608299255371094,0.19399999999999998,48.0
512,0.0004661083221435547,0.19399999999999998,48.800000000000004
513,0.00046062469482421875,0.19399999999999998,49.6
514,0.00021028518676757812,0.19399999999999998,50.400000000000006
515,0.0002281665802001953,0.19399999999999998,51.2
516,0.0005035400390625,0.192,52.0
517,0.0004572868347167969,0.19,52.400000000000006
518,0.0005939006805419922,0.18100000000000002,52.800000000000004
519,0.0005867481231689453,0.16399999999999998,53.2
520,0.0005896091461181641,0.151,53.6
521,0.0004818439483642578,0.14400000000000002,54.0
522,0.00048160552978515625,0.14,54.0
523,0.0005218982696533203,0.136,54.0
524,0.0003886222839355469,0.136,54.0
525,0.0010230541229248047,0.136,54.0
526,0.00020766258239746094,0.136,53.6
527,0.0005648136138916016,0.131,53.2
528,0.00020956993103027344,0.125,52.400000000000006
529,0.0006797313690185547,0.11599999999999999,51.6
530,0.00014972686767578125,0.11199999999999999,50.400000000000006
531,0.00016164779663085938,0.10800000000000001,49.2
532,0.0003943443298339844,0.10099999999999999,48.0
533,0.0004706382751464844,0.10099999999999999,46.400000000000006
534,0.0002472400665283203,0.10099999999999999,44.800000000000004
535,0.00023436546325683594,0.10099999999999999,42.800000000000004
536,0.000331878662109375,0.10099999999999999,40.800000000000004
537,0.0004482269287109375,0.10099999999999999,38.800000000000004
538,0.0005893707275390625,0.10099999999999999,36.4
539,0.0005555152893066406,0.10099999999999999,34.0
540,0.00016808509826660156,0.10099999999999999,31.200000000000003
541,0.0002694129943847656,0.10099999999999999,28.400000000000002
542,0.0006160736083984375,0.10099999999999999,25.6
543,0.0007159709930419922,0.10099999999999999,22.8
544,0.0005509853363037109,0.10099999999999999,20.0
545,0.0005362033843994141,0.10099999999999999,17.2
546,0.0006186962127685547,0.10099999999999999,14.0
547,0.0005331039428710938,0.10099999999999999,11.200000000000001
548,0.0005035400390625,0.10099999999999999,8.4
549,0.0005941390991210938,0.10099999999999999,5.6000000000000005
550,0.0005061626434326172,0.10099999999999999,2.8000000000000003
551,0.00046634674072265625,0.10099999999999999,0.0
552,0.0003192424774169922,0.10099999999999999,-2.4000000000000004
553,0.00034689903259277344,0.10099999999999999,-4.800000000000001
554,0.0005192756652832031,0.10099999999999999,-6.800000000000001
555,0.00017642974853515625,0.10099999999999999,-8.8
556,0.00025177001953125,0.10099999999999999,-10.8
557,0.00036835670471191406,0.10099999999999999,-12.4
558,0.00018167495727539062,0.10099999999999999,-13.600000000000001
559,0.00030875205993652344,0.10099999999999999,-14.8
560,0.0003657341003417969,0.10099999999999999,-15.600000000000001
561,0.0002560615539550781,0.10099999999999999,-16.400000000000002
562,0.00032019615173339844,0.10099999999999999,-16.8
563,0.0005586147308349609,0.10099999999999999,-16.8
564,0.0004322528839111328,0.10099999999999999,-16.8
565,0.00023245811462402344,0.10099999999999999,-16.400000000000002
566,0.0002384185791015625,0.10099999999999999,-15.600000000000001
567,0.0003325939178466797,0.10099999999999999,-14.8
568,0.0004742145538330078,0.10099999999999999,-13.600000000000001
569,0.0001995563507080078,0.10099999999999999,-12.4
570,0.0005729198455810547,0.10099999999999999,-10.8
571,0.0005016326904296875,0.10099999999999999,-9.200000000000001
572,0.0004639625549316406,0.10099999999999999,-7.2
573,0.0005080699920654297,0.10099999999999999,-5.2
574,0.00045490264892578125,0.10099999999999999,-3.2
575,0.0005540847778320312,0.10099999999999999,-0.8
576,0.0004901885986328125,0.10099999999999999,2.0
577,0.00027942657470703125,0.10099999999999999,4.4
578,0.0006086826324462891,0.10099999999999999,6.800000000000001
579,0.0004630088806152344,0.10099999999999999,9.600000000000001
580,0.00018906593322753906,0.10099999999999999,12.4
581,0.00012803077697753906,0.10099999999999999,15.200000000000001
582,0.00015282630920410156,0.10099999999999999,17.6
583,0.00017571449279785156,0.10099999999999999,20.400000000000002
584,0.0002357959747314453,0.10099999999999999,22.8
585,0.00015807151794433594,0.10099999999999999,25.6
586,0.0002512931823730469,0.10099999999999999,28.0
587,0.00017189979553222656,0.10099999999999999,30.0
588,0.00015592575073242188,0.10099999999999999,32.4
589,0.00013303756713867188,0.10099999999999999,34.4
590,0.0001895427703857422,0.10099999999999999,36.4
591,0.00016117095947265625,0.10099999999999999,38.0
592,0.0001671314239501953,0.10099999999999999,39.6
593,0.00015306472778320312,0.10099999999999999,40.800000000000004
594,0.00022649765014648438,0.10099999999999999,42.0
595,0.0002799034118652344,0.10099999999999999,43.2
596,0.0003407001495361328,0.10099999999999999,44.0
597,0.0004718303680419922,0.10099999999999999,44.400000000000006
598,0.0008671283721923828,0.10099999999999999,44.800000000000004
599,0.0004673004150390625,0.10099999999999999,45.2
600,0.0006036758422851562,0.10099999999999999,45.2
601,0.00042366981506347656,0.10099999999999999,44.800000000000004
602,0.0005323886871337891,0.10099999999999999,44.400000000000006
603,0.0004754066467285156,0.10099999999999999,43.6
604,0.0004448890686035156,0.10099999999999999,42.800000000000004
605,0.0004551410675048828,0.10099999999999999,41.6
606,0.0005805492401123047,0.10099999999999999,40.400000000000006
607,0.0004944801330566406,0.10099999999999999,38.800000000000004
608,0.0004723072052001953,0.10099999999999999,37.2
609,0.00041604042053222656,0.10099999999999999,35.6
610,0.00032782554626464844,0.10099999999999999,33.6
611,0.00032782554626464844,0.10099999999999999,33.6
612,0.00018453598022460938,0.10099999999999999,31.6
613,0.00020265579223632812,0.10099999999999999,29.6
614,0.00023412704467773438,0.10099999999999999,27.200000000000003
615,0.00031375885009765625,0.10099999999999999,25.200000000000003
616,0.0004639625549316406,0.10099999999999999,22.8
617,0.00042700767517089844,0.10099999999999999,20.400000000000002
618,0.0004494190216064453,0.10099999999999999,17.6
619,0.0002498626708984375,0.10099999999999999,15.200000000000001
620,0.0005099773406982422,0.10099999999999999,12.8
621,0.0004584789276123047,0.10099999999999999,10.4
622,0.0004801750183105469,0.10099999999999999,8.0
623,0.0004649162292480469,0.10099999999999999,5.6000000000000005
624,0.0004398822784423828,0.10099999999999999,3.6
625,0.0005004405975341797,0.10099999999999999,1.2000000000000002
626,0.0004405975341796875,0.10099999999999999,-0.8
627,0.0005400180816650391,0.10099999999999999,-2.4000000000000004
628,0.00045180320739746094,0.10099999999999999,-4.4
629,0.00042557716369628906,0.10099999999999999,-5.6000000000000005
630,0.00047707557678222656,0.10099999999999999,-7.2
631,0.0005159378051757812,0.10099999999999999,-8.4
632,0.0004973411560058594,0.10099999999999999,-9.600000000000001
633,0.00046133995056152344,0.10099999999999999,-10.4
634,0.0005044937133789062,0.10099999999999999,-10.8
635,0.00017690658569335938,0.10099999999999999,-11.200000000000001
636,0.00015926361083984375,0.10099999999999999,-11.600000000000001
637,0.00015497207641601562,0.10099999999999999,-11.600000000000001
638,0.00018787384033203125,0.10099999999999999,-11.200000000000001
639,0.0002384185791015625,0.10099999999999999,-10.8
640,0.0003211498260498047,0.10099999999999999,-10.0
641,0.0005805492401123047,0.10099999999999999,-9.200000000000001
642,0.0004870891571044922,0.10099999999999999,-8.0
643,0.0004391670227050781,0.10099999999999999,-6.800000000000001
644,0.0005328655242919922,0.10099999999999999,-5.6000000000000005
645,0.00031638145446777344,0.10099999999999999,-4.0
646,0.0003705024719238281,0.10099999999999999,-2.4000000000000004
647,0.0003325939178466797,0.10099999999999999,-0.8
648,0.000453948974609375,0.10099999999999999,1.2000000000000002
649,0.0004563331604003906,0.10099999999999999,3.2
650,0.00047659873962402344,0.10099999999999999,5.6000000000000005
651,0.0004546642303466797,0.10099999999999999,7.6000000000000005
652,0.0003991127014160156,0.10099999999999999,10.0
653,0.0004553794860839844,0.10099999999999999,12.0
654,0.0004506111145019531,0.10099999999999999,14.4
655,0.0004246234893798828,0.10099999999999999,16.8
656,0.00040340423583984375,0.10099999999999999,18.8
657,0.0005013942718505859,0.10099999999999999,21.200000000000003
658,0.0005216598510742188,0.10300000000000001,23.200000000000003
659,0.00031685829162597656,0.106,25.200000000000003
660,0.00026154518127441406,0.10800000000000001,27.200000000000003
661,0.00024366378784179688,0.10800000000000001,29.200000000000003
662,0.00020647048950195312,0.11,30.8
663,0.00025081634521484375,0.11,32.4
664,0.00025582313537597656,0.11,34.0
665,0.00033283233642578125,0.11,35.2
666,0.0005562305450439453,0.11,36.4
667,0.0004489421844482422,0.11,37.2
668,0.00043201446533203125,0.11,38.400000000000006
669,0.0003075599670410156,0.11,38.800000000000004
670,0.00037407875061035156,0.11,39.6
671,0.00044417381286621094,0.11,40.0
672,0.0004935264587402344,0.11199999999999999,40.0
673,0.0004439353942871094,0.11199999999999999,40.0
674,0.0004596710205078125,0.11199999999999999,40.0
675,0.0004360675811767578,0.114,39.6
676,0.00045037269592285156,0.114,39.2
677,0.0004885196685791016,0.114,38.400000000000006
678,0.0005559921264648438,0.114,37.6
679,0.0005300045013427734,0.114,36.800000000000004
680,0.0005173683166503906,0.114,35.6
681,0.0003578662872314453,0.114,34.4
682,0.0001761913299560547,0.114,33.2
683,0.00047397613525390625,0.114,32.0
684,0.0002262592315673828,0.114,30.400000000000002
685,0.0001964569091796875,0.114,28.8
686,0.0001494884490966797,0.114,27.200000000000003
687,0.0003180503845214844,0.114,25.200000000000003
688,0.00025391578674316406,0.114,23.6
689,0.0002968311309814453,0.114,21.6
690,0.0005125999450683594,0.114,20.0
691,0.0005538463592529297,0.114,18.0
692,0.0005853176116943359,0.11199999999999999,16.400000000000002
693,0.00042891502380371094,0.10800000000000001,14.4
694,0.0004298686981201172,0.106,12.8
695,0.0002448558807373047,0.10300000000000001,10.8
696,0.0004963874816894531,0.10099999999999999,9.200000000000001
697,0.0004627704620361328,0.09699999999999999,7.6000000000000005
698,0.000518798828125,0.09699999999999999,6.0
699,0.0005307197570800781,0.09699999999999999,4.800000000000001
700,0.00045871734619140625,0.09699999999999999,3.2
701,0.0005645751953125,0.09699999999999999,2.0
702,0.0004763603210449219,0.09699999999999999,1.2000000000000002
703,0.00045680999755859375,0.09699999999999999,0.0
704,0.0004475116729736328,0.09699999999999999,-0.8
705,0.0004892349243164062,0.09699999999999999,-1.6
706,0.0004994869232177734,0.09699999999999999,-2.0
707,0.0004596710205078125,0.09699999999999999,-2.8000000000000003
708,0.0002582073211669922,0.09699999999999999,-3.2
709,0.0002646446228027344,0.09699999999999999,-3.2
710,0.00016736984252929688,0.09699999999999999,-3.2
711,0.00014853477478027344,0.09699999999999999,-3.2
712,0.00020265579223632812,0.09699999999999999,-3.2
713,0.00020647048950195312,0.09699999999999999,-2.8000000000000003
714,0.00022172927856445312,0.09699999999999999,-2.4000000000000004
715,0.00030612945556640625,0.09699999999999999,-1.6
716,0.0005521774291992188,0.09699999999999999,-0.8
717,0.0004398822784423828,0.09699999999999999,0.0
718,0.0003123283386230469,0.09699999999999999,0.8
719,0.00019812583923339844,0.09699999999999999,2.0
720,0.00027751922607421875,0.09699999999999999,3.2
721,0.0004334449768066406,0.09699999999999999,4.4
722,0.0004532337188720703,0.09699999999999999,5.6000000000000005
723,0.00045180320739746094,0.099,6.800000000000001
724,0.0004451274871826172,0.10099999999999999,8.4
725,0.00044274330139160156,0.106,9.600000000000001
726,0.00048232078552246094,0.106,11.200000000000001
727,0.0005309581756591797,0.10800000000000001,12.8
728,0.0004570484161376953,0.10800000000000001,14.0
729,0.00022649765014648438,0.11,15.600000000000001
730,0.0005638599395751953,0.11900000000000001,17.2
731,0.0004553794860839844,0.127,18.400000000000002
732,0.000331878662109375,0.134,20.0
733,0.0002357959747314453,0.136,21.200000000000003
734,0.0004057884216308594,0.14,22.8
735,0.00030541419982910156,0.142,24.0
736,0.0002574920654296875,0.147,25.200000000000003
737,0.000514984130859375,0.149,26.400000000000002
738,0.0003781318664550781,0.151,27.6
739,0.0005061626434326172,0.151,28.400000000000002
740,0.0004875659942626953,0.151,29.6
741,0.00044155120849609375,0.151,30.400000000000002
742,0.0001785755157470703,0.151,31.200000000000003
743,0.0005142688751220703,0.151,32.4
744,0.00042438507080078125,0.151,33.2
745,0.00046062469482421875,0.155,33.6
746,0.0005016326904296875,0.155,34.4
747,0.00048065185546875,0.155,35.2
748,0.0005509853363037109,0.155,35.6
749,0.0005881786346435547,0.155,36.0
750,0.0004937648773193359,0.155,36.4
751,0.00036978721618652344,0.155,36.800000000000004
752,0.0001862049102783203,0.155,36.800000000000004
753,0.0003597736358642578,0.155,37.2
754,0.0001773834228515625,0.155,37.2
755,0.0006189346313476562,0.155,37.2
756,0.00026154518127441406,0.155,37.2
757,0.00026154518127441406,0.155,37.2
758,0.00020623207092285156,0.155,37.2
759,0.0002231597900390625,0.155,37.2
760,0.0003910064697265625,0.155,36.800000000000004
761,0.0003910064697265625,0.155,36.4
762,0.0006213188171386719,0.155,36.4
763,0.000431060791015625,0.155,35.6
764,0.0005898475646972656,0.157,35.2
765,0.00044274330139160156,0.162,34.800000000000004
766,0.0005357265472412109,0.168,34.0
767,0.00025343894958496094,0.17,33.6
768,0.00046825408935546875,0.17,32.800000000000004
769,0.0004773139953613281,0.175,31.6
770,0.00046515464782714844,0.175,30.8
771,0.0004620552062988281,0.175,30.0
772,0.0003571510314941406,0.175,28.8
773,0.0003311634063720703,0.179,27.6
774,0.0005598068237304688,0.179,26.8
775,0.00042724609375,0.179,25.6
776,0.00043272972106933594,0.18100000000000002,24.400000000000002
777,0.0004673004150390625,0.183,23.6
778,0.0004367828369140625,0.183,22.8
779,0.00026226043701171875,0.185,22.0
780,0.0002703666687011719,0.185,21.200000000000003
781,0.00025534629821777344,0.185,20.400000000000002
782,0.0001614093780517578,0.185,20.0
783,0.00017118453979492188,0.185,19.6
784,0.00017333030700683594,0.185,19.200000000000003
785,0.00019168853759765625,0.19,19.200000000000003
786,0.0002491474151611328,0.19,18.8
787,0.0003294944763183594,0.19,19.200000000000003
788,0.0004706382751464844,0.19,19.200000000000003
789,0.0005710124969482422,0.19399999999999998,19.6
790,0.00031065940856933594,0.19399999999999998,20.0
791,0.0002551078796386719,0.19399999999999998,20.400000000000002
792,0.000568389892578125,0.196,21.200000000000003
793,0.0006010532379150391,0.198,22.0
794,0.00047707557678222656,0.198,22.8
795,0.0004420280456542969,0.198,23.6
796,0.00046372413635253906,0.2,24.8
797,0.0004363059997558594,0.203,26.0
798,0.0004642009735107422,0.203,27.200000000000003
799,0.0004456043243408203,0.203,28.400000000000002
800,0.0004591941833496094,0.205,30.0
801,0.000396728515625,0.21100000000000002,31.6
802,0.0004093647003173828,0.21600000000000005,32.800000000000004
803,0.0007641315460205078,0.21600000000000005,34.4
804,0.0006086826324462891,0.21600000000000005,36.0
805,0.0002532005310058594,0.218,38.0
806,0.00023245811462402344,0.22,39.6
807,0.00024580955505371094,0.22,41.2
808,0.0003674030303955078,0.22,42.800000000000004
809,0.0002808570861816406,0.22,44.800000000000004
810,0.0004608631134033203,0.22,46.400000000000006
811,0.00048089027404785156,0.21600000000000005,48.0
812,0.00012993812561035156,0.21100000000000002,50.0
813,0.0004482269287109375,0.188,51.6
814,0.00037360191345214844,0.172,53.2
815,0.00037479400634765625,0.157,54.800000000000004
816,0.00047087669372558594,0.153,56.400000000000006
817,0.0004909038543701172,0.153,58.0
818,0.0005428791046142578,0.149,59.6
819,0.0004897117614746094,0.147,60.800000000000004
820,0.0001506805419921875,0.14400000000000002,62.0
821,0.00045609474182128906,0.14400000000000002,63.2
822,0.0004515647888183594,0.14400000000000002,64.0
823,0.00044798851013183594,0.14400000000000002,64.8
824,0.0004799365997314453,0.14400000000000002,65.2
825,0.0004279613494873047,0.14400000000000002,65.2
826,0.0002315044403076172,0.14400000000000002,65.2
827,0.00025153160095214844,0.14400000000000002,65.2
828,0.00042724609375,0.14400000000000002,64.8
829,0.00023794174194335938,0.14400000000000002,64.0
830,0.00017070770263671875,0.14400000000000002,63.2
831,0.000194549560546875,0.14400000000000002,62.0
832,0.000186920166015625,0.14400000000000002,60.800000000000004
833,0.00022602081298828125,0.14400000000000002,59.2
834,0.0002689361572265625,0.14400000000000002,57.6
835,0.0005562305450439453,0.14400000000000002,55.6
836,0.00043702125549316406,0.14400000000000002,53.6
837,0.0004951953887939453,0.14400000000000002,51.2
838,0.0004048347473144531,0.14400000000000002,48.800000000000004
839,0.00014448165893554688,0.14400000000000002,46.400000000000006
840,0.00017833709716796875,0.14400000000000002,43.6
841,0.0003094673156738281,0.14400000000000002,40.800000000000004
842,0.00031065940856933594,0.14400000000000002,38.0
843,0.0005288124084472656,0.14400000000000002,34.800000000000004
844,0.00019478797912597656,0.14400000000000002,32.0
845,0.0008707046508789062,0.14400000000000002,28.8
846,0.00037288665771484375,0.14400000000000002,25.6
847,0.0005855560302734375,0.14400000000000002,22.8
848,0.0005311965942382812,0.14400000000000002,19.6
849,0.0005116462707519531,0.14400000000000002,16.8
850,0.00024580955505371094,0.14400000000000002,13.600000000000001
851,0.0005280971527099609,0.14400000000000002,10.8
852,0.0003247261047363281,0.14400000000000002,8.4
853,0.00023221969604492188,0.14400000000000002,5.6000000000000005
854,0.0001571178436279297,0.14400000000000002,3.2
855,0.00014734268188476562,0.14400000000000002,1.2000000000000002
856,0.00019812583923339844,0.14400000000000002,-0.8
857,0.00022172927856445312,0.14400000000000002,-2.8000000000000003
858,0.00039577484130859375,0.147,-4.4
859,0.0003752708435058594,0.151,-5.6000000000000005
860,0.0003647804260253906,0.151,-6.800000000000001
861,0.0006039142608642578,0.151,-7.6000000000000005
862,0.00017261505126953125,0.151,-8.4
863,0.00024127960205078125,0.153,-8.4
864,0.0003333091735839844,0.155,-8.8
865,0.0004673004150390625,0.155,-8.4
866,0.00047898292541503906,0.155,-8.0
867,0.0004811286926269531,0.155,-7.2
868,0.0004515647888183594,0.155,-6.0
869,0.0004894733428955078,0.155,-4.800000000000001
870,0.0004904270172119141,0.157,-3.2
871,0.00021505355834960938,0.157,-1.6
872,0.0004520416259765625,0.157,0.4
873,0.0005571842193603516,0.157,2.4000000000000004
874,0.0002722740173339844,0.157,4.800000000000001
875,0.0003094673156738281,0.157,7.2
876,0.00025177001953125,0.157,9.600000000000001
877,0.0002434253692626953,0.157,12.4
878,0.0005390644073486328,0.157,15.200000000000001
879,0.00020170211791992188,0.157,18.0
880,0.0002841949462890625,0.157,21.200000000000003
881,0.000339508056640625,0.157,24.0
882,0.0002932548522949219,0.157,26.8
883,0.00072479248046875,0.157,30.0
884,0.00037097930908203125,0.157,32.800000000000004
885,0.0003185272216796875,0.157,35.6
886,0.00016832351684570312,0.157,38.400000000000006
887,0.00031638145446777344,0.157,41.2
888,0.0003898143768310547,0.157,43.6
889,0.00044655799865722656,0.157,46.0
890,0.00033974647521972656,0.157,48.400000000000006
891,0.0005552768707275391,0.157,50.800000000000004
892,0.0003883838653564453,0.157,52.800000000000004
893,0.0002923011779785156,0.157,54.400000000000006
894,0.0004775524139404297,0.157,56.0
895,0.0005054473876953125,0.157,57.6
896,0.0004622936248779297,0.157,58.800000000000004
897,0.0001475811004638672,0.157,60.0
898,0.000293731689453125,0.157,60.800000000000004
899,0.00019311904907226562,0.157,61.6
900,0.00020599365234375,0.157,62.0
901,0.0001671314239501953,0.157,62.400000000000006
902,0.00025773048400878906,0.155,62.400000000000006
903,0.0003457069396972656,0.155,62.400000000000006
904,0.00048661231994628906,0.155,62.0
905,0.0004780292510986328,0.155,61.6
906,0.0003528594970703125,0.155,60.800000000000004
907,0.0004906654357910156,0.155,60.0
908,0.00048041343688964844,0.155,59.2
909,0.0003037452697753906,0.155,57.6
910,0.0005495548248291016,0.155,56.400000000000006
911,0.0005495548248291016,0.153,56.400000000000006
912,0.0002627372741699219,0.153,54.800000000000004
913,0.0004634857177734375,0.153,53.2
914,0.0006916522979736328,0.153,51.2
915,0.00048422813415527344,0.153,49.2
916,0.0006468296051025391,0.153,47.2
917,0.0005190372467041016,0.153,44.800000000000004
918,0.001039266586303711,0.153,42.400000000000006
919,0.00046443939208984375,0.153,40.0
920,0.0010139942169189453,0.153,37.6
921,0.0004520416259765625,0.153,35.2
922,0.0007944107055664062,0.153,32.4
923,0.0005066394805908203,0.153,30.0
924,0.0014166831970214844,0.153,27.200000000000003
925,0.0006253719329833984,0.153,24.400000000000002
926,0.0004849433898925781,0.153,22.0
927,0.0004889965057373047,0.153,19.6
928,0.0004889965057373047,0.153,16.8
929,0.0005550384521484375,0.153,14.4
930,0.0004813671112060547,0.153,12.4
931,0.00022459030151367188,0.153,10.4
932,0.0001685619354248047,0.153,8.4
933,0.00027298927307128906,0.153,6.4
934,0.00017213821411132812,0.153,4.800000000000001
935,0.0002617835998535156,0.153,3.2
936,0.0001704692840576172,0.153,2.0
937,0.0002474784851074219,0.153,1.2000000000000002
938,0.0002391338348388672,0.153,0.0
939,0.00017595291137695312,0.153,-0.4
940,0.00022745132446289062,0.153,-0.8
941,0.00016880035400390625,0.153,-1.2000000000000002
942,0.0005230903625488281,0.153,-1.2000000000000002
943,0.00012969970703125,0.153,-0.8
944,0.0001976490020751953,0.153,-0.4
945,0.00016999244689941406,0.153,0.4
946,0.0002624988555908203,0.153,1.2000000000000002
947,0.0005588531494140625,0.153,2.0
948,0.000457763671875,0.153,3.2
949,0.0004658699035644531,0.153,4.800000000000001
950,0.00036835670471191406,0.153,6.4
951,0.00019550323486328125,0.153,8.0
952,0.00014448165893554688,0.153,10.0
953,0.00017213821411132812,0.153,12.0
954,0.00015091896057128906,0.153,14.0
955,0.00016927719116210938,0.153,16.0
956,0.00022292137145996094,0.153,18.400000000000002
957,0.00014019012451171875,0.153,20.400000000000002
958,0.00015974044799804688,0.153,22.8
959,0.0002067089080810547,0.153,25.200000000000003
960,0.00021982192993164062,0.153,27.200000000000003
961,0.0004298686981201172,0.153,29.6
962,0.00039839744567871094,0.153,31.6
963,0.00030303001403808594,0.153,34.0
964,0.00022912025451660156,0.153,36.0
965,0.0001518726348876953,0.153,38.0
966,0.00017881393432617188,0.153,40.0
967,0.00021123886108398438,0.153,42.0
968,0.00022292137145996094,0.153,43.6
969,0.0002722740173339844,0.153,45.2
970,0.00033092498779296875,0.153,46.800000000000004
971,0.0004980564117431641,0.153,48.0
972,0.00037288665771484375,0.153,49.2
973,0.0005185604095458984,0.153,50.0
974,0.0004515647888183594,0.153,51.2
975,0.000530242919921875,0.153,51.6
976,0.0004780292510986328,0.153,52.400000000000006
977,0.0003345012664794922,0.153,52.800000000000004
978,0.00019025802612304688,0.153,52.800000000000004
979,0.00016021728515625,0.153,52.800000000000004
980,0.00022912025451660156,0.153,52.800000000000004
981,0.00027561187744140625,0.153,52.400000000000006
982,0.00019669532775878906,0.153,52.0
983,0.00038623809814453125,0.153,51.6
984,0.00045490264892578125,0.153,50.800000000000004
985,0.0005071163177490234,0.153,50.0
986,0.0004627704620361328,0.153,48.800000000000004
987,0.00046634674072265625,0.153,47.6
988,0.0003848075866699219,0.153,46.400000000000006
989,0.00019502639770507812,0.153,44.800000000000004
990,0.00016617774963378906,0.153,43.2
991,0.0003070831298828125,0.153,41.6
992,0.000354766845703125,0.153,40.0
993,0.0004761219024658203,0.153,38.400000000000006
994,0.0004367828369140625,0.153,36.4
995,0.00045561790466308594,0.153,34.4
996,0.0004410743713378906,0.153,32.4
997,0.0008640289306640625,0.153,30.400000000000002
998,0.0004763603210449219,0.153,28.400000000000002
999,0.0010523796081542969,0.153,26.400000000000002
1000,0.0003743171691894531,0.153,24.400000000000002
1001,0.00013303756713867188,0.153,22.400000000000002
1002,0.0001518726348876953,0.153,20.400000000000002
1003,0.0007479190826416016,0.153,18.8
1004,0.0005030632019042969,0.153,16.8
1005,0.0006787776947021484,0.153,15.200000000000001
1006,0.0002734661102294922,0.153,13.600000000000001
1007,0.0002899169921875,0.153,12.0
1008,0.0016436576843261719,0.153,10.8
1009,0.0005095005035400391,0.153,9.600000000000001
1010,0.0015821456909179688,0.153,8.4
1011,0.0004885196685791016,0.153,7.6000000000000005
1012,0.0010752677917480469,0.153,6.800000000000001
1013,0.0004899501800537109,0.153,6.0
1014,0.0010366439819335938,0.153,5.6000000000000005
1015,0.0005085468292236328,0.153,5.2
1016,0.0010733604431152344,0.153,5.2
1017,0.0005290508270263672,0.153,5.2
1018,0.001031637191772461,0.153,5.2
1019,0.00046753883361816406,0.153,5.6000000000000005
1020,0.0010657310485839844,0.153,6.4
1021,0.0004966259002685547,0.153,6.800000000000001
1022,0.0011699199676513672,0.153,7.6000000000000005
1023,0.00046062469482421875,0.153,8.8
1024,0.0010771751403808594,0.153,9.600000000000001
1025,0.0004534721374511719,0.153,11.200000000000001
1026,0.0005321502685546875,0.153,12.4
1027,0.0005006790161132812,0.153,13.600000000000001
1028,0.001552581787109375,0.153,15.200000000000001
1029,0.00046181678771972656,0.153,16.8
1030,0.0010128021240234375,0.153,18.400000000000002
1031,0.0004630088806152344,0.153,20.400000000000002
1032,0.000978708267211914,0.153,22.0
1033,0.00047898292541503906,0.153,23.6
1034,0.0010585784912109375,0.153,25.6
1035,0.00044536590576171875,0.153,27.200000000000003
1036,0.0011179447174072266,0.153,29.200000000000003
1037,0.00047016143798828125,0.153,30.8
1038,0.0010769367218017578,0.153,32.4
1039,0.0004489421844482422,0.153,34.0
1040,0.0010476112365722656,0.153,35.6
1041,0.0004630088806152344,0.153,37.2
1042,0.0010266304016113281,0.153,38.800000000000004
1043,0.0004582405090332031,0.153,40.0
1044,0.0005574226379394531,0.153,41.2
1045,0.000461578369140625,0.153,42.400000000000006
1046,0.0010728836059570312,0.153,43.2
1047,0.0004665851593017578,0.153,44.0
1048,0.00039839744567871094,0.153,44.800000000000004
1049,0.00045561790466308594,0.153,45.6
1050,0.0009775161743164062,0.153,46.0
1051,0.0005486011505126953,0.153,46.400000000000006
1052,0.0013184547424316406,0.153,46.800000000000004
1053,0.0004887580871582031,0.153,46.800000000000004
1054,0.0010678768157958984,0.153,46.800000000000004
1055,0.0004673004150390625,0.153,46.800000000000004
1056,0.0009672641754150391,0.153,46.400000000000006
1057,0.0004582405090332031,0.153,46.0
1058,0.0010461807250976562,0.153,45.6
1059,0.0004544258117675781,0.153,44.800000000000004
1060,0.0010733604431152344,0.153,44.0
1061,0.0005114078521728516,0.153,43.2
1062,0.0010292530059814453,0.153,42.400000000000006
1063,0.0004515647888183594,0.153,41.2
1064,0.0006651878356933594,0.153,40.0
1065,0.0004582405090332031,0.153,38.800000000000004
1066,0.001325368881225586,0.153,37.6
1067,0.0004601478576660156,0.153,36.4
1068,0.0009622573852539062,0.153,34.800000000000004
1069,0.0009424686431884766,0.153,33.2
1070,0.0004863739013671875,0.153,32.0
1071,0.001294851303100586,0.153,30.400000000000002
1072,0.0005092620849609375,0.153,28.8
1073,0.0013420581817626953,0.153,27.200000000000003
1074,0.0013420581817626953,0.153,27.200000000000003
1075,0.0010385513305664062,0.153,25.6
1076,0.00048160552978515625,0.153,24.0
1077,0.0010714530944824219,0.153,22.8
1078,0.0004630088806152344,0.153,21.200000000000003
1079,0.0010309219360351562,0.153,19.6
1080,0.00046133995056152344,0.153,18.400000000000002
1081,0.00047206878662109375,0.153,17.2
1082,0.0005435943603515625,0.153,16.0
1083,0.0010614395141601562,0.153,14.8
1084,0.0005123615264892578,0.153,14.0
1085,0.001043558120727539,0.153,12.8
1086,0.0004775524139404297,0.153,12.0
1087,0.0010404586791992188,0.153,11.600000000000001
1088,0.00047135353088378906,0.153,10.8
1089,0.0010294914245605469,0.153,10.4
1090,0.0004494190216064453,0.153,10.4
1091,0.0010573863983154297,0.153,10.0
1092,0.0004603862762451172,0.153,10.0
1093,0.0010724067687988281,0.153,10.0
1094,0.0004906654357910156,0.153,10.4
1095,0.001056671142578125,0.153,10.4
1096,0.0004506111145019531,0.153,11.200000000000001
1097,0.0010120868682861328,0.153,11.600000000000001
1098,0.00045490264892578125,0.153,12.4
1099,0.0010116100311279297,0.153,12.8
1100,0.0004725456237792969,0.153,14.0
1101,0.0010037422180175781,0.153,14.8
1102,0.0005502700805664062,0.153,16.0
1103,0.0004553794860839844,0.153,16.8
1104,0.0005826950073242188,0.153,18.0
1105,0.0008172988891601562,0.153,19.200000000000003
1106,0.0004994869232177734,0.153,20.8
1107,0.0010528564453125,0.153,22.0
1108,0.00048828125,0.153,23.200000000000003
1109,0.0010209083557128906,0.153,24.8
1110,0.0005087852478027344,0.153,26.0
1111,0.0009987354278564453,0.153,27.200000000000003
1112,0.0005092620849609375,0.153,28.8
1113,0.0010576248168945312,0.153,30.0
1114,0.0004942417144775391,0.153,31.200000000000003
1115,0.0010662078857421875,0.153,32.4
1116,0.0009984970092773438,0.153,33.6
1117,0.00049591064453125,0.153,34.800000000000004
1118,0.0010116100311279297,0.149,36.0
1119,0.00048160552978515625,0.149,36.800000000000004
1120,0.0010731220245361328,0.147,37.6
1121,0.000453948974609375,0.14400000000000002,38.800000000000004
1122,0.0006201267242431641,0.14400000000000002,39.2
1123,0.000988006591796875,0.142,40.0
1124,0.0005230903625488281,0.142,40.400000000000006
1125,0.0011205673217773438,0.14,41.2
1126,0.0007326602935791016,0.136,41.6
1127,0.0005829334259033203,0.136,41.6
1128,0.0010528564453125,0.136,41.6
1129,0.0005090236663818359,0.136,41.6
1130,0.0009922981262207031,0.136,41.6
1131,0.0004756450653076172,0.136,41.2
1132,0.0010249614715576172,0.136,40.800000000000004
1133,0.00046062469482421875,0.136,40.400000000000006
1134,0.0010340213775634766,0.136,40.0
1135,0.00045609474182128906,0.136,39.2
1136,0.0006132125854492188,0.136,38.400000000000006
1137,0.0005002021789550781,0.136,37.2
1138,0.0010175704956054688,0.136,36.4
1139,0.0005099773406982422,0.136,35.2
1140,0.0010128021240234375,0.136,34.0
1141,0.0004849433898925781,0.136,32.4
1142,0.000978708267211914,0.136,31.200000000000003
1143,0.00045752525329589844,0.136,29.6
1144,0.0009739398956298828,0.136,28.400000000000002
1145,0.0004918575286865234,0.136,26.8
1146,0.001382589340209961,0.136,25.200000000000003
1147,0.0005013942718505859,0.136,23.6
1148,0.0011012554168701172,0.136,22.0
1149,0.000518798828125,0.136,20.400000000000002
1150,0.0010263919830322266,0.136,18.8
1151,0.0004994869232177734,0.136,17.6
1152,0.0011050701141357422,0.136,16.0
1153,0.00048422813415527344,0.136,14.8
1154,0.0010938644409179688,0.136,13.200000000000001
1155,0.00046443939208984375,0.136,12.0
1156,0.0010311603546142578,0.136,10.8
1157,0.0004680156707763672,0.136,9.600000000000001
1158,0.0010330677032470703,0.136,8.8
1159,0.000568389892578125,0.136,8.0
1160,0.0010116100311279297,0.136,7.2
1161,0.0005476474761962891,0.136,6.800000000000001
1162,0.000982046127319336,0.136,6.0
1163,0.0005321502685546875,0.136,5.6000000000000005
1164,0.001168966293334961,0.136,5.6000000000000005
1165,0.00070953369140625,0.136,5.6000000000000005
1166,0.0010714530944824219,0.136,5.6000000000000005
1167,0.0004978179931640625,0.136,5.6000000000000005
1168,0.0009930133819580078,0.136,6.0
1169,0.00048160552978515625,0.136,6.4
1170,0.0010106563568115234,0.136,6.800000000000001
1171,0.00054931640625,0.136,7.6000000000000005
1172,0.0009996891021728516,0.136,8.4
1173,0.0005056858062744141,0.136,9.200000000000001
1174,0.001010894775390625,0.136,10.0
1175,0.0004553794860839844,0.136,11.200000000000001
1176,0.0009555816650390625,0.136,12.4
1177,0.0010099411010742188,0.136,13.600000000000001
1178,0.0009865760803222656,0.136,14.8
1179,0.0005428791046142578,0.136,16.0
1180,0.0007963180541992188,0.136,17.2
1181,0.0005178451538085938,0.136,18.8
1182,0.0010213851928710938,0.136,20.0
1183,0.0005497932434082031,0.136,21.6
1184,0.0010666847229003906,0.136,22.8
1185,0.0005714893341064453,0.136,24.400000000000002
1186,0.0010609626770019531,0.136,25.6
1187,0.0005400180816650391,0.136,26.8
1188,0.001018524169921875,0.136,28.0
1189,0.0005128383636474609,0.136,29.200000000000003
1190,0.0009963512420654297,0.136,30.400000000000002
1191,0.0004889965057373047,0.136,31.6
1192,0.0010528564453125,0.136,32.800000000000004
1193,0.00048422813415527344,0.136,33.6
1194,0.0011153221130371094,0.136,34.4
1195,0.00046706199645996094,0.136,35.2
1196,0.0004980564117431641,0.136,36.0
1197,0.0011515617370605469,0.136,36.4
1198,0.0004870891571044922,0.136,36.800000000000004
1199,0.001043081283569336,0.136,37.2
1200,0.0004684925079345703,0.138,37.6
1201,0.0010688304901123047,0.14,37.6
1202,0.0005583763122558594,0.142,37.6
1203,0.0005388259887695312,0.14400000000000002,37.6
1204,0.0011098384857177734,0.14400000000000002,37.2
1205,0.0004980564117431641,0.147,37.2
1206,0.0010368824005126953,0.147,36.800000000000004
1207,0.00046753883361816406,0.147,36.0
1208,0.0009860992431640625,0.147,35.6
1209,0.00045418739318847656,0.147,34.800000000000004
1210,0.0009505748748779297,0.147,34.0
1211,0.00044846534729003906,0.147,33.2
1212,0.001009225845336914,0.149,32.4
1213,0.00045943260192871094,0.149,31.6
1214,0.001077890396118164,0.151,30.8
1215,0.00046825408935546875,0.151,29.6
1216,0.0005192756652832031,0.153,28.8
1217,0.001065969467163086,0.153,27.6
1218,0.0004918575286865234,0.157,26.400000000000002
1219,0.0009751319885253906,0.157,25.6
1220,0.0005080699920654297,0.157,24.400000000000002
1221,0.0010476112365722656,0.157,23.6
1222,0.0010476112365722656,0.157,23.6
1223,0.0010223388671875,0.157,22.400000000000002
1224,0.0004901885986328125,0.157,21.6
1225,0.0006265640258789062,0.157,20.8
1226,0.0014476776123046875,0.157,19.6
1227,0.0005652904510498047,0.157,19.200000000000003
1228,0.001049041748046875,0.159,18.400000000000002
1229,0.0010077953338623047,0.159,17.6
1230,0.0009083747863769531,0.159,17.2
1231,0.0005548000335693359,0.159,16.8
1232,0.0009770393371582031,0.159,16.400000000000002
1233,0.0004711151123046875,0.159,16.0
1234,0.0010082721710205078,0.159,16.0
1235,0.0004754066467285156,0.159,15.600000000000001
1236,0.0013723373413085938,0.159,15.600000000000001
1237,0.0005285739898681641,0.159,16.0
1238,0.0009980201721191406,0.159,16.0
1239,0.0005145072937011719,0.159,16.400000000000002
1240,0.0010228157043457031,0.159,16.8
1241,0.0004878044128417969,0.159,17.2
1242,0.0010333061218261719,0.159,17.6
1243,0.0005090236663818359,0.159,18.400000000000002
1244,0.0010066032409667969,0.159,19.200000000000003
1245,0.0004177093505859375,0.159,20.0
1246,0.0005586147308349609,0.159,20.8
1247,0.0010485649108886719,0.159,21.6
1248,0.0005083084106445312,0.159,22.400000000000002
1249,0.0010085105895996094,0.159,23.200000000000003
1250,0.000476837158203125,0.159,24.400000000000002
1251,0.0010504722595214844,0.159,25.200000000000003
1252,0.0005779266357421875,0.159,26.400000000000002
1253,0.0005300045013427734,0.159,27.200000000000003
1254,0.0003097057342529297,0.159,28.400000000000002
1255,0.0002498626708984375,0.159,29.6
1256,0.0002467632293701172,0.159,30.400000000000002
1257,0.00017881393432617188,0.159,31.200000000000003
1258,0.0002562999725341797,0.159,32.4
1259,0.0002906322479248047,0.159,33.2
1260,0.0009438991546630859,0.159,34.0
1261,0.00046825408935546875,0.162,34.800000000000004
1262,0.00044417381286621094,0.16399999999999998,35.6
1263,0.0004436969757080078,0.16399999999999998,36.4
1264,0.0003020763397216797,0.16399999999999998,37.2
1265,0.00024580955505371094,0.166,37.6
1266,0.0004298686981201172,0.166,38.400000000000006
1267,0.0004954338073730469,0.168,38.800000000000004
1268,0.00047707557678222656,0.168,39.2
1269,0.0008330345153808594,0.168,39.6
1270,0.00048279762268066406,0.168,39.6
1271,0.00047850608825683594,0.17,40.0
1272,0.0010650157928466797,0.17,40.0
1273,0.00048041343688964844,0.17,40.0
1274,0.0010845661163330078,0.17,40.0
1275,0.000461578369140625,0.17,40.0
1276,0.000476837158203125,0.17,40.0
1277,0.0003581047058105469,0.17,40.0
1278,0.0004124641418457031,0.17,39.6
1279,0.0001876354217529297,0.17,39.2
1280,0.0005486011505126953,0.17,39.2
1281,0.00027298927307128906,0.17,38.800000000000004
1282,0.00021028518676757812,0.17,38.400000000000006
1283,0.0001513957977294922,0.17,37.6
1284,0.0002818107604980469,0.17,37.2
1285,0.00022745132446289062,0.17,36.800000000000004
1286,0.0006582736968994141,0.17,36.0
1287,0.0002532005310058594,0.17,35.6
1288,0.00046372413635253906,0.17,34.800000000000004
1289,0.0004322528839111328,0.17,34.4
1290,0.00045752525329589844,0.16399999999999998,33.6
1291,0.0004355907440185547,0.155,33.2
1292,0.0003924369812011719,0.151,32.4
1293,0.000316619873046875,0.151,31.6
1294,0.0005843639373779297,0.147,31.200000000000003
1295,0.00047850608825683594,0.14,30.400000000000002
1296,0.0004544258117675781,0.14,29.6
1297,0.0004489421844482422,0.138,29.200000000000003
1298,0.0008623600006103516,0.138,28.400000000000002
1299,0.0005290508270263672,0.138,27.6
1300,0.0010116100311279297,0.138,27.200000000000003
1301,0.0005216598510742188,0.138,26.400000000000002
1302,0.0010859966278076172,0.136,25.6
1303,0.0006215572357177734,0.134,24.8
1304,0.001081705093383789,0.131,24.400000000000002
1305,0.0003981590270996094,0.129,23.6
1306,0.0003371238708496094,0.129,22.8
1307,0.0005404949188232422,0.129,22.0
1308,0.0005078315734863281,0.129,21.200000000000003
1309,0.0002906322479248047,0.129,20.8
1310,0.0001499652862548828,0.129,20.0
1311,0.0006868839263916016,0.129,19.200000000000003
1312,0.00045299530029296875,0.129,18.400000000000002
1313,0.00047588348388671875,0.129,18.0
1314,0.0004334449768066406,0.129,17.2
1315,0.0004494190216064453,0.129,16.8
1316,0.00043272972106933594,0.129,16.0
1317,0.0004918575286865234,0.129,15.600000000000001
1318,0.00043392181396484375,0.129,15.200000000000001
1319,0.00024080276489257812,0.131,14.8
1320,0.00022983551025390625,0.131,14.4
1321,0.0005247592926025391,0.131,14.0
1322,0.0004394054412841797,0.134,13.600000000000001
1323,0.0005512237548828125,0.134,13.200000000000001
1324,0.0004858970642089844,0.134,13.200000000000001
1325,0.0004837512969970703,0.138,13.200000000000001
1326,0.0008556842803955078,0.138,13.200000000000001
1327,0.00040531158447265625,0.138,13.200000000000001
1328,0.0004868507385253906,0.138,13.200000000000001
1329,0.0010557174682617188,0.138,13.200000000000001
1330,0.00047588348388671875,0.138,13.600000000000001
1331,0.0011992454528808594,0.138,13.600000000000001
1332,0.0003063678741455078,0.142,14.0
1333,0.00046372413635253906,0.14400000000000002,14.4
1334,0.0004925727844238281,0.14400000000000002,14.8
1335,0.0004906654357910156,0.14400000000000002,15.200000000000001
1336,0.00033736228942871094,0.14400000000000002,16.0
1337,0.00014662742614746094,0.14400000000000002,16.400000000000002
1338,0.00015997886657714844,0.14400000000000002,17.2
1339,0.00019168853759765625,0.14400000000000002,18.0
1340,0.0005829334259033203,0.14400000000000002,18.400000000000002
1341,0.00031065940856933594,0.14400000000000002,19.200000000000003
1342,0.00045490264892578125,0.14400000000000002,20.0
1343,0.00047397613525390625,0.14400000000000002,20.8
1344,0.0004355907440185547,0.14400000000000002,22.0
1345,0.0002944469451904297,0.14400000000000002,22.8
1346,0.0005769729614257812,0.14400000000000002,23.6
1347,0.0004825592041015625,0.14400000000000002,24.400000000000002
1348,0.0004546642303466797,0.14400000000000002,25.200000000000003
1349,0.0005567073822021484,0.14400000000000002,26.0
1350,0.0004801750183105469,0.14400000000000002,26.8
1351,0.0005512237548828125,0.14400000000000002,27.6
1352,0.0009214878082275391,0.14400000000000002,28.400000000000002
1353,0.0009148120880126953,0.14400000000000002,29.200000000000003
1354,0.002311229705810547,0.14400000000000002,30.0
1355,0.0006711483001708984,0.14400000000000002,30.400000000000002
1356,0.0004718303680419922,0.14400000000000002,31.200000000000003
1357,0.0006425380706787109,0.14400000000000002,31.6
1358,0.0007135868072509766,0.14400000000000002,32.0
1359,0.0008628368377685547,0.14400000000000002,32.4
1360,0.0008628368377685547,0.14400000000000002,32.4
1361,0.0004444122314453125,0.136,32.800000000000004
1362,0.0005505084991455078,0.127,33.2
1363,0.0005049705505371094,0.12300000000000001,33.6
1364,0.0004696846008300781,0.11900000000000001,33.6
1365,0.0003101825714111328,0.11599999999999999,33.6
1366,0.0003790855407714844,0.114,33.6
1367,0.00049591064453125,0.11199999999999999,33.6
1368,0.00043392181396484375,0.11,33.6
1369,0.00044226646423339844,0.10800000000000001,33.6
1370,0.0004324913024902344,0.10800000000000001,33.2
1371,0.0004420280456542969,0.10800000000000001,32.800000000000004
1372,0.00017881393432617188,0.10800000000000001,32.4
1373,0.00026035308837890625,0.10300000000000001,31.6
1374,0.00047278404235839844,0.10300000000000001,30.8
1375,0.0004811286926269531,0.10300000000000001,30.0
1376,0.0004642009735107422,0.10300000000000001,29.200000000000003
1377,0.0007023811340332031,0.10300000000000001,28.400000000000002
1378,0.0005788803100585938,0.10300000000000001,27.200000000000003
1379,0.0005578994750976562,0.10300000000000001,26.0
1380,0.0009961128234863281,0.10300000000000001,24.8
1381,0.0004885196685791016,0.10300000000000001,23.6
1382,0.0032186508178710938,0.10300000000000001,22.400000000000002
1383,0.0005388259887695312,0.10300000000000001,20.8
1384,0.0003256797790527344,0.10300000000000001,19.6
1385,0.0004916191101074219,0.10300000000000001,18.0
1386,0.0004668235778808594,0.10300000000000001,16.400000000000002
1387,0.0005753040313720703,0.10300000000000001,15.200000000000001
1388,0.00020956993103027344,0.106,13.600000000000001
1389,0.00015473365783691406,0.10800000000000001,12.4
1390,0.00019073486328125,0.11,10.8
1391,0.00021004676818847656,0.11,9.600000000000001
1392,0.0005590915679931641,0.11,8.4
1393,0.00043964385986328125,0.114,6.800000000000001
1394,0.0005197525024414062,0.114,6.0
1395,0.00042247772216796875,0.114,4.800000000000001
1396,0.0005075931549072266,0.11599999999999999,3.6
1397,0.00014901161193847656,0.11599999999999999,2.8000000000000003
1398,0.0006017684936523438,0.11599999999999999,2.0
1399,0.00046133995056152344,0.11599999999999999,1.6
1400,0.0004570484161376953,0.121,1.2000000000000002
1401,0.0005216598510742188,0.121,0.8
1402,0.0004820823669433594,0.121,0.4
1403,0.0005795955657958984,0.121,0.4
1404,0.00012302398681640625,0.12300000000000001,0.4
1405,0.0004756450653076172,0.12300000000000001,0.8
1406,0.00046539306640625,0.12300000000000001,1.2000000000000002
1407,0.0011665821075439453,0.12300000000000001,1.6
1408,0.0007739067077636719,0.12300000000000001,2.0
1409,0.000835418701171875,0.125,2.8000000000000003
1410,0.0004756450653076172,0.125,3.6
1411,0.0004315376281738281,0.125,4.800000000000001
1412,0.0004737377166748047,0.127,5.6000000000000005
1413,0.0003523826599121094,0.127,6.800000000000001
1414,0.0001685619354248047,0.127,8.4
1415,0.0005116462707519531,0.127,9.600000000000001
1416,0.00017404556274414062,0.129,11.200000000000001
1417,0.0006101131439208984,0.129,12.4
1418,0.0004508495330810547,0.131,14.0
1419,0.0005259513854980469,0.134,15.600000000000001
1420,0.0004379749298095703,0.138,17.2
1421,0.000461578369140625,0.14,18.8
1422,0.0004684925079345703,0.142,20.400000000000002
1423,0.00017261505126953125,0.142,22.400000000000002
1424,0.0003046989440917969,0.142,24.0
1425,0.0005679130554199219,0.142,25.6
1426,0.0004723072052001953,0.142,26.8
1427,0.0007636547088623047,0.142,28.400000000000002
1428,0.0007412433624267578,0.142,30.0
1429,0.0010592937469482422,0.142,31.200000000000003
1430,0.0011096000671386719,0.142,32.800000000000004
1431,0.0009725093841552734,0.142,34.0
1432,0.0011968612670898438,0.142,35.2
1433,0.0003383159637451172,0.142,36.4
1434,0.0005581378936767578,0.142,37.2
1435,0.0005714893341064453,0.142,38.0
1436,0.00046706199645996094,0.142,38.800000000000004
1437,0.0002593994140625,0.142,39.6
1438,0.0001685619354248047,0.142,40.0
1439,0.00013756752014160156,0.142,40.800000000000004
1440,0.0006558895111083984,0.142,40.800000000000004
1441,0.0003752708435058594,0.138,41.2
1442,0.0002675056457519531,0.138,41.2
1443,0.0003495216369628906,0.134,41.2
1444,0.0005812644958496094,0.129,41.2
1445,0.0004591941833496094,0.129,40.800000000000004
1446,0.0004572868347167969,0.127,40.400000000000006
1447,0.00020837783813476562,0.12300000000000001,40.0
1448,0.0006537437438964844,0.12300000000000001,39.6
1449,0.0005204677581787109,0.121,38.800000000000004
1450,0.0004811286926269531,0.11900000000000001,38.0
1451,0.0004801750183105469,0.11599999999999999,36.800000000000004
1452,0.0007634162902832031,0.11199999999999999,36.0
1453,0.00052642822265625,0.11199999999999999,34.800000000000004
1454,0.000982046127319336,0.11199999999999999,33.6
1455,0.0005800724029541016,0.11199999999999999,32.0
1456,0.0006258487701416016,0.11199999999999999,30.8
1457,0.00110626220703125,0.11199999999999999,29.200000000000003
1458,0.0017781257629394531,0.11,27.6
1459,0.0005145072937011719,0.11,26.0
1460,0.00048732757568359375,0.11,24.400000000000002
1461,0.0004863739013671875,0.11,22.400000000000002
1462,0.000446319580078125,0.11,20.8
1463,0.00028443336486816406,0.11,18.8
1464,0.0002875328063964844,0.11,17.2
1465,0.00016236305236816406,0.11,15.200000000000001
1466,0.00015544891357421875,0.11,13.600000000000001
1467,0.00025844573974609375,0.11,12.0
1468,0.00017333030700683594,0.11,10.0
1469,0.000156402587890625,0.11,8.4
1470,0.0001876354217529297,0.11,7.2
1471,0.0003216266632080078,0.11,5.6000000000000005
1472,0.000423431396484375,0.11,4.0
1473,0.0007588863372802734,0.11,2.8000000000000003
1474,0.0002357959747314453,0.11,1.6
1475,0.0002803802490234375,0.11,0.8
1476,0.0003235340118408203,0.11,0.0
1477,0.00046944618225097656,0.11,-0.8
1478,0.00047516822814941406,0.11,-1.6
1479,0.0008668899536132812,0.11,-2.0
1480,0.0006856918334960938,0.11,-2.4000000000000004
1481,0.0007562637329101562,0.11,-2.4000000000000004
1482,0.0015091896057128906,0.11,-2.4000000000000004
1483,0.0009448528289794922,0.11199999999999999,-2.4000000000000004
1484,0.0011022090911865234,0.11199999999999999,-2.0
1485,0.0005867481231689453,0.114,-1.6
1486,0.0005035400390625,0.114,-0.8
1487,0.00026726722717285156,0.11599999999999999,-0.4
1488,0.000385284423828125,0.11599999999999999,0.8
1489,0.0005428791046142578,0.11599999999999999,1.6
1490,0.0004889965057373047,0.121,2.8000000000000003
1491,0.0005037784576416016,0.125,4.0
1492,0.00030922889709472656,0.125,5.2
1493,0.00036215782165527344,0.127,6.800000000000001
1494,0.0004734992980957031,0.127,8.0
1495,0.0004482269287109375,0.127,9.600000000000001
1496,0.00048065185546875,0.131,11.200000000000001
1497,0.00044155120849609375,0.131,13.200000000000001
1498,0.00048351287841796875,0.131,14.8
1499,0.0004780292510986328,0.136,16.400000000000002
1500,0.000438690185546875,0.138,18.400000000000002
1501,0.0005042552947998047,0.138,20.0
1502,0.0005123615264892578,0.142,22.0
1503,0.0005319118499755859,0.14400000000000002,23.6
1504,0.0005457401275634766,0.147,25.200000000000003
1505,0.000888824462890625,0.149,26.8
1506,0.0017108917236328125,0.149,28.8
1507,0.0016601085662841797,0.149,30.400000000000002
1508,0.0009629726409912109,0.151,31.6
1509,0.003366708755493164,0.153,33.2
1510,0.0005195140838623047,0.153,34.800000000000004
1511,0.0005195140838623047,0.153,34.800000000000004
1512,0.00044989585876464844,0.153,36.0
1513,0.000438690185546875,0.153,37.2
1514,0.00024580955505371094,0.153,38.400000000000006
1515,0.0003905296325683594,0.153,39.6
1516,0.00012755393981933594,0.153,40.400000000000006
1517,0.00022840499877929688,0.153,41.2
1518,0.000263214111328125,0.153,42.0
1519,0.0003070831298828125,0.153,42.800000000000004
1520,0.0005295276641845703,0.153,43.2
1521,0.00046706199645996094,0.153,43.6
1522,0.0005006790161132812,0.153,43.6
1523,0.00024080276489257812,0.153,44.0
1524,0.00015115737915039062,0.153,44.0
1525,0.0005414485931396484,0.153,44.0
1526,0.0003376007080078125,0.151,43.6
1527,0.0015842914581298828,0.14400000000000002,43.2
1528,0.0007038116455078125,0.138,42.800000000000004
1529,0.0012674331665039062,0.136,42.400000000000006
1530,0.0010538101196289062,0.136,41.6
1531,0.0009527206420898438,0.134,41.2
1532,0.0005736351013183594,0.131,40.400000000000006
1533,0.0010428428649902344,0.131,38.400000000000006
1534,0.0012180805206298828,0.131,37.2
1535,0.001171112060546875,0.131,36.0
1536,0.0005762577056884766,0.131,34.800000000000004
1537,0.0007879734039306641,0.131,33.2
1538,0.0003306865692138672,0.129,31.6
1539,0.0005161762237548828,0.129,30.400000000000002
1540,0.0006525516510009766,0.127,28.8
1541,0.0004918575286865234,0.127,27.200000000000003
1542,0.0003619194030761719,0.125,25.200000000000003
1543,0.0001621246337890625,0.12300000000000001,23.6
1544,0.0002315044403076172,0.12300000000000001,22.0
1545,0.0002048015594482422,0.12300000000000001,20.400000000000002
1546,0.0002307891845703125,0.12300000000000001,18.8
1547,0.0002453327178955078,0.12300000000000001,16.8
1548,0.0003612041473388672,0.12300000000000001,15.200000000000001
1549,0.0005311965942382812,0.12300000000000001,13.600000000000001
1550,0.0004417896270751953,0.12300000000000001,12.0
1551,0.0005457401275634766,0.12300000000000001,10.8
1552,0.000225067138671875,0.12300000000000001,9.200000000000001
1553,0.0006368160247802734,0.12300000000000001,8.0
1554,0.0003752708435058594,0.12300000000000001,6.800000000000001
1555,0.0014176368713378906,0.12300000000000001,5.6000000000000005
1556,0.0005257129669189453,0.12300000000000001,4.800000000000001
1557,0.0005245208740234375,0.12300000000000001,3.6
1558,0.0007872581481933594,0.12300000000000001,2.8000000000000003
1559,0.0005462169647216797,0.12300000000000001,2.4000000000000004
1560,0.0017254352569580078,0.12300000000000001,2.0
1561,0.0013620853424072266,0.12300000000000001,1.6
1562,0.001188039779663086,0.12300000000000001,1.2000000000000002
1563,0.0006721019744873047,0.12300000000000001,1.2000000000000002
1564,0.0007066726684570312,0.12300000000000001,1.2000000000000002
1565,0.0006518363952636719,0.12300000000000001,1.6
1566,0.0009758472442626953,0.12300000000000001,2.0
1567,0.0002510547637939453,0.12300000000000001,2.4000000000000004
1568,0.0006833076477050781,0.12300000000000001,2.8000000000000003
1569,0.0001862049102783203,0.125,3.6
1570,0.0004634857177734375,0.125,4.4
1571,0.0001652240753173828,0.127,5.6000000000000005
1572,0.00016188621520996094,0.127,6.4
1573,0.0001533031463623047,0.129,7.6000000000000005
1574,0.00024700164794921875,0.134,9.200000000000001
1575,0.0002918243408203125,0.136,10.4
1576,0.0003197193145751953,0.138,11.600000000000001
1577,0.0005514621734619141,0.142,13.200000000000001
1578,0.0006220340728759766,0.142,14.8
1579,0.0005521774291992188,0.14400000000000002,16.400000000000002
1580,0.0006587505340576172,0.14400000000000002,17.6
1581,0.0004930496215820312,0.149,19.200000000000003
1582,0.0003800392150878906,0.149,20.8
1583,0.00045180320739746094,0.149,22.400000000000002
1584,0.0004818439483642578,0.149,24.0
1585,0.0005040168762207031,0.149,25.6
1586,0.00044846534729003906,0.149,27.200000000000003
1587,0.00047135353088378906,0.149,28.8
1588,0.0007076263427734375,0.153,30.400000000000002
1589,0.0004832744598388672,0.153,31.6
1590,0.002059459686279297,0.153,33.2
1591,0.001123666763305664,0.153,34.4
1592,0.0010631084442138672,0.153,35.6
1593,0.0008823871612548828,0.153,36.800000000000004
1594,0.0005123615264892578,0.155,38.0
1595,0.0004892349243164062,0.155,39.2
1596,0.0004477500915527344,0.155,40.0
1597,0.00040030479431152344,0.157,40.800000000000004
1598,0.0004892349243164062,0.157,41.6
1599,0.0004830360412597656,0.157,42.0
1600,0.00047326087951660156,0.157,42.800000000000004
1601,0.0005009174346923828,0.157,43.2
1602,0.0004994869232177734,0.162,43.2
1603,0.00045371055603027344,0.16399999999999998,43.6
1604,0.0004382133483886719,0.166,43.6
1605,0.00048232078552246094,0.168,43.6
1606,0.000476837158203125,0.17,43.6
1607,0.0005025863647460938,0.172,43.2
1608,0.0004744529724121094,0.175,43.2
1609,0.0004608631134033203,0.177,42.800000000000004
1610,0.0008590221405029297,0.179,42.0
1611,0.0005085468292236328,0.18100000000000002,41.6
1612,0.0005202293395996094,0.183,41.2
1613,0.0008161067962646484,0.183,40.400000000000006
1614,0.0008647441864013672,0.183,39.6
1615,0.0014905929565429688,0.183,38.800000000000004
1616,0.0008084774017333984,0.183,38.0
1617,0.0016214847564697266,0.183,37.6
1618,0.0007722377777099609,0.185,36.800000000000004
1619,0.0006852149963378906,0.185,36.0
1620,0.0005223751068115234,0.185,35.2
1621,0.00027942657470703125,0.185,34.4
1622,0.0004611015319824219,0.185,33.6
1623,0.0004642009735107422,0.185,32.800000000000004
1624,0.00044226646423339844,0.185,32.0
1625,0.00047850608825683594,0.185,31.200000000000003
1626,0.0004894733428955078,0.185,30.8
1627,0.0003688335418701172,0.185,30.0
1628,0.0004715919494628906,0.185,29.6
1629,0.0005121231079101562,0.185,29.200000000000003
1630,0.0004591941833496094,0.185,28.8
1631,0.0004601478576660156,0.185,28.400000000000002
1632,0.000438690185546875,0.185,28.0
1633,0.0005066394805908203,0.185,27.6
1634,0.000156402587890625,0.185,27.200000000000003
1635,0.0003910064697265625,0.185,27.200000000000003
1636,0.00032711029052734375,0.185,27.200000000000003
1637,0.0010344982147216797,0.185,27.200000000000003
1638,0.0006966590881347656,0.185,27.200000000000003
1639,0.0007374286651611328,0.185,27.200000000000003
1640,0.0007970333099365234,0.185,27.6
1641,0.0009613037109375,0.185,27.6
1642,0.00031113624572753906,0.185,28.0
1643,0.0004684925079345703,0.185,28.400000000000002
1644,0.0008275508880615234,0.185,28.8
1645,0.0005354881286621094,0.185,29.200000000000003
1646,0.0004982948303222656,0.188,29.6
1647,0.0004558563232421875,0.188,30.400000000000002
1648,0.0004754066467285156,0.188,30.8
1649,0.0002827644348144531,0.188,31.6
1650,0.0002460479736328125,0.19,32.0
1651,0.00023674964904785156,0.192,32.800000000000004
1652,0.0006160736083984375,0.192,33.6
1653,0.0006160736083984375,0.19399999999999998,33.6
1654,0.0007479190826416016,0.19399999999999998,34.4
1655,0.0002574920654296875,0.19399999999999998,35.2
1656,0.0005650520324707031,0.196,35.6
1657,0.0005121231079101562,0.198,36.4
1658,0.0005645751953125,0.198,37.2
1659,0.0004382133483886719,0.2,38.0
1660,0.0005464553833007812,0.2,38.800000000000004
1661,0.0004596710205078125,0.2,39.6
1662,0.0004563331604003906,0.203,40.400000000000006
1663,0.0004589557647705078,0.205,41.2
1664,0.0004343986511230469,0.205,42.0
1665,0.0004379749298095703,0.205,42.800000000000004
1666,0.00045371055603027344,0.205,43.2
1667,0.0005142688751220703,0.205,44.0
1668,0.0008854866027832031,0.205,44.800000000000004
1669,0.00048828125,0.205,45.2
1670,0.000579833984375,0.205,46.0
1671,0.0004436969757080078,0.205,46.400000000000006
1672,0.0004706382751464844,0.205,47.2
1673,0.0004277229309082031,0.205,47.6
1674,0.00037384033203125,0.205,48.400000000000006
1675,0.00015115737915039062,0.205,48.800000000000004
1676,0.00014925003051757812,0.205,49.2
1677,0.00028777122497558594,0.205,49.6
1678,0.0005340576171875,0.205,50.0
1679,0.0004792213439941406,0.205,50.400000000000006
1680,0.0004508495330810547,0.205,50.800000000000004
1681,0.0004856586456298828,0.205,51.2
1682,0.0004706382751464844,0.205,51.6
1683,0.0004589557647705078,0.205,51.6
1684,0.0003490447998046875,0.205,52.0
1685,0.0001552104949951172,0.205,52.0
1686,0.0005812644958496094,0.205,52.0
1687,0.0004553794860839844,0.205,52.0
1688,0.00047588348388671875,0.205,52.0
1689,0.0005652904510498047,0.205,52.0
1690,0.0005102157592773438,0.205,52.0
1691,0.0010194778442382812,0.205,52.0
1692,0.0006983280181884766,0.205,52.0
1693,0.0019092559814453125,0.205,51.6
1694,0.0010356903076171875,0.205,51.2
1695,0.001046895980834961,0.205,51.2
1696,0.0010426044464111328,0.205,50.800000000000004
1697,0.0005731582641601562,0.205,50.400000000000006
1698,0.0005295276641845703,0.205,50.0
1699,0.0004513263702392578,0.205,49.6
1700,0.000518798828125,0.205,49.2
1701,0.00018143653869628906,0.207,48.800000000000004
1702,0.0005013942718505859,0.209,48.400000000000006
1703,0.00015091896057128906,0.21100000000000002,48.0
1704,0.0001499652862548828,0.213,47.2
1705,0.000156402587890625,0.21600000000000005,46.800000000000004
1706,0.0002465248107910156,0.218,46.400000000000006
1707,0.0001995563507080078,0.22,45.6
1708,0.0001838207244873047,0.222,45.2
1709,0.00046253204345703125,0.222,44.800000000000004
1710,0.0002980232238769531,0.226,44.400000000000006
1711,0.0003552436828613281,0.226,44.0
1712,0.0004825592041015625,0.226,43.2
1713,0.0005316734313964844,0.226,42.800000000000004
1714,0.0001723766326904297,0.226,42.800000000000004
1715,0.00045490264892578125,0.226,42.400000000000006
1716,0.00045228004455566406,0.226,42.0
1717,0.0002143383026123047,0.226,42.0
1718,0.0006122589111328125,0.226,41.6
1719,0.0009167194366455078,0.226,41.6
1720,0.0010378360748291016,0.226,41.6
1721,0.0006978511810302734,0.226,41.6
1722,0.0005235671997070312,0.226,41.6
1723,0.00047016143798828125,0.226,42.0
1724,0.0008389949798583984,0.226,42.0
1725,0.0004470348358154297,0.226,42.400000000000006
1726,0.00044727325439453125,0.226,42.800000000000004
1727,0.0003571510314941406,0.226,43.2
1728,0.0005869865417480469,0.226,43.6
1729,0.0005173683166503906,0.226,44.0
1730,0.0004856586456298828,0.226,44.800000000000004
1731,0.0005023479461669922,0.222,45.2
1732,0.0005180835723876953,0.213,46.0
1733,0.0005006790161132812,0.209,46.400000000000006
1734,0.0004937648773193359,0.192,47.2
1735,0.0004475116729736328,0.179,48.0
1736,0.0004303455352783203,0.172,48.400000000000006
1737,0.0004317760467529297,0.166,49.2
1738,0.0005028247833251953,0.16399999999999998,50.0
1739,0.00016570091247558594,0.162,50.800000000000004
1740,0.0004680156707763672,0.159,51.2
1741,0.00045299530029296875,0.153,52.0
1742,0.0004849433898925781,0.153,52.400000000000006
1743,0.0009481906890869141,0.151,52.800000000000004
1744,0.000690460205078125,0.151,52.800000000000004
1745,0.0004742145538330078,0.147,52.800000000000004
1746,0.0014848709106445312,0.14400000000000002,52.800000000000004
1747,0.0005044937133789062,0.142,52.800000000000004
1748,0.0014121532440185547,0.142,52.400000000000006
1749,0.0005786418914794922,0.142,51.6
1750,0.0007176399230957031,0.142,51.2
1751,0.0004894733428955078,0.142,50.400000000000006
1752,0.00028395652770996094,0.142,49.2
1753,0.0005970001220703125,0.142,48.400000000000006
1754,0.0004975795745849609,0.142,46.800000000000004
1755,0.0004439353942871094,0.142,45.6
1756,0.0001494884490966797,0.142,44.0
1757,0.0006511211395263672,0.142,42.400000000000006
1758,0.00013685226440429688,0.142,40.400000000000006
1759,0.0004565715789794922,0.142,38.800000000000004
1760,0.00043582916259765625,0.142,36.800000000000004
1761,0.0005326271057128906,0.147,34.800000000000004
1762,0.0004425048828125,0.149,32.4
1763,0.0005171298980712891,0.151,30.400000000000002
1764,0.0001544952392578125,0.151,28.400000000000002
1765,0.0006253719329833984,0.155,26.0
1766,0.00040149688720703125,0.162,24.0
1767,0.0003235340118408203,0.162,21.6
1768,0.0006110668182373047,0.162,19.6
1769,0.0004925727844238281,0.162,17.2
1770,0.0008165836334228516,0.162,15.200000000000001
1771,0.0005016326904296875,0.166,13.600000000000001
1772,0.0013325214385986328,0.166,11.600000000000001
1773,0.0010004043579101562,0.166,10.0
1774,0.0007710456848144531,0.166,8.4
1775,0.0005381107330322266,0.166,7.2
1776,0.0007507801055908203,0.17,6.0
1777,0.00027632713317871094,0.17,4.800000000000001
1778,0.0001456737518310547,0.17,4.0
1779,0.0007200241088867188,0.17,3.6
1780,0.00014400482177734375,0.172,3.2
1781,0.0001685619354248047,0.172,2.8000000000000003
1782,0.00021338462829589844,0.172,2.8000000000000003
1783,0.00023651123046875,0.172,3.2
1784,0.00025343894958496094,0.172,3.6
1785,0.000347137451171875,0.175,4.0
1786,0.0006477832794189453,0.175,5.2
1787,0.0005886554718017578,0.175,6.0
1788,0.0004420280456542969,0.177,7.2
1789,0.0004649162292480469,0.177,8.8
1790,0.0004706382751464844,0.177,10.4
1791,0.00047898292541503906,0.177,12.0
1792,0.00012755393981933594,0.177,14.0
1793,0.00046825408935546875,0.177,16.0
1794,0.0004737377166748047,0.179,18.0
1795,0.0005741119384765625,0.179,20.400000000000002
1796,0.0005905628204345703,0.179,22.8
1797,0.0008990764617919922,0.179,25.200000000000003
1798,0.0005679130554199219,0.179,27.6
1799,0.001062154769897461,0.179,30.0
1800,0.0008721351623535156,0.179,32.4
1801,0.0008730888366699219,0.179,34.800000000000004
1802,0.0005445480346679688,0.175,37.6
1803,0.0005123615264892578,0.166,40.0
1804,0.00046062469482421875,0.157,42.0
1805,0.0005040168762207031,0.155,44.400000000000006
1806,0.0005040168762207031,0.153,44.400000000000006
1807,0.0006008148193359375,0.14400000000000002,46.800000000000004
1808,0.0005586147308349609,0.142,48.800000000000004
1809,0.0004608631134033203,0.14,50.800000000000004
1810,0.0004277229309082031,0.134,52.800000000000004
1811,0.0004780292510986328,0.129,54.400000000000006
1812,0.0004711151123046875,0.125,56.0
1813,0.0004572868347167969,0.12300000000000001,57.2
1814,0.0004563331604003906,0.121,58.400000000000006
1815,0.0004985332489013672,0.121,59.6
1816,0.00017642974853515625,0.121,60.0
1817,0.0002701282501220703,0.121,60.800000000000004
1818,0.00034618377685546875,0.121,60.800000000000004
1819,0.0006551742553710938,0.121,61.2
1820,0.0004603862762451172,0.121,60.800000000000004
1821,0.0005123615264892578,0.121,60.400000000000006
1822,0.0008730888366699219,0.121,59.6
1823,0.00046443939208984375,0.121,58.800000000000004
1824,0.0004756450653076172,0.121,57.6
1825,0.0006718635559082031,0.121,56.0
1826,0.0005118846893310547,0.121,54.400000000000006
1827,0.0003685951232910156,0.121,52.400000000000006
1828,0.0005104541778564453,0.121,50.400000000000006
1829,0.0004551410675048828,0.121,48.0
1830,0.000247955322265625,0.121,45.6
1831,0.00019073486328125,0.121,43.2
1832,0.0001583099365234375,0.121,40.400000000000006
1833,0.00016045570373535156,0.121,37.2
1834,0.00035500526428222656,0.121,34.4
1835,0.0004947185516357422,0.121,31.200000000000003
1836,0.00048232078552246094,0.121,28.0
1837,0.00046896934509277344,0.121,24.8
1838,0.00044417381286621094,0.121,21.6
1839,0.0004436969757080078,0.121,18.400000000000002
1840,0.00042247772216796875,0.121,15.200000000000001
1841,0.00017690658569335938,0.121,12.0
1842,0.000274658203125,0.121,8.8
1843,0.0008478164672851562,0.121,5.6000000000000005
1844,0.0009732246398925781,0.121,2.8000000000000003
1845,0.0008792877197265625,0.121,0.0
1846,0.0004913806915283203,0.121,-2.8000000000000003
1847,0.0005168914794921875,0.121,-5.2
1848,0.0005626678466796875,0.121,-7.6000000000000005
1849,0.0006487369537353516,0.121,-9.600000000000001
1850,0.0009603500366210938,0.121,-11.200000000000001
1851,0.0005431175231933594,0.121,-12.8
1852,0.0012464523315429688,0.121,-14.0
1853,0.0005633831024169922,0.121,-15.200000000000001
1854,0.0002987384796142578,0.121,-16.0
1855,0.0004611015319824219,0.125,-16.400000000000002
1856,0.0004074573516845703,0.125,-16.400000000000002
1857,0.0009083747863769531,0.125,-16.400000000000002
1858,0.00024127960205078125,0.125,-16.0
1859,0.00016927719116210938,0.127,-15.200000000000001
1860,0.0006613731384277344,0.127,-14.4
1861,0.00048232078552246094,0.127,-13.200000000000001
1862,0.0004444122314453125,0.127,-11.600000000000001
1863,0.00046133995056152344,0.127,-10.0
1864,0.0004425048828125,0.129,-8.0
1865,0.0004551410675048828,0.131,-6.0
1866,0.0005316734313964844,0.131,-3.6
1867,0.0003714561462402344,0.131,-1.2000000000000002
1868,0.0001506805419921875,0.131,1.6
1869,0.0006542205810546875,0.131,4.4
1870,0.0003135204315185547,0.131,7.2
1871,0.0005860328674316406,0.131,10.0
1872,0.0008754730224609375,0.131,13.200000000000001
1873,0.00047588348388671875,0.131,16.400000000000002
1874,0.0005171298980712891,0.131,19.200000000000003
1875,0.0006666183471679688,0.131,22.400000000000002
1876,0.0006830692291259766,0.131,25.6
1877,0.001049041748046875,0.131,28.400000000000002
1878,0.001131296157836914,0.131,31.200000000000003
1879,0.00040078163146972656,0.131,34.4
1880,0.0005018711090087891,0.131,36.800000000000004
1881,0.0004563331604003906,0.131,39.6
1882,0.00035834312438964844,0.131,42.0
1883,0.00029349327087402344,0.131,44.400000000000006
1884,0.000148773193359375,0.131,46.400000000000006
1885,0.0004899501800537109,0.131,48.400000000000006
1886,0.0002243518829345703,0.131,50.0
1887,0.0002524852752685547,0.131,51.6
1888,0.0005772113800048828,0.131,53.2
1889,0.00044846534729003906,0.131,54.0
1890,0.00044608116149902344,0.131,55.2
1891,0.0004324913024902344,0.131,56.0
1892,0.0004851818084716797,0.131,56.400000000000006
1893,0.00023794174194335938,0.131,56.400000000000006
1894,0.001039266586303711,0.131,56.400000000000006
1895,0.00027942657470703125,0.131,56.400000000000006
1896,0.0005280971527099609,0.131,56.0
1897,0.00047135353088378906,0.131,55.2
1898,0.0005490779876708984,0.131,54.400000000000006
1899,0.0007150173187255859,0.131,53.6
1900,0.0018689632415771484,0.131,52.400000000000006
1901,0.0004899501800537109,0.131,50.800000000000004
1902,0.0006771087646484375,0.131,49.2
1903,0.0007646083831787109,0.131,47.2
1904,0.0002448558807373047,0.131,45.2
1905,0.0006182193756103516,0.131,43.2
1906,0.0005140304565429688,0.131,41.2
1907,0.0005090236663818359,0.131,38.800000000000004
1908,0.0005447864532470703,0.131,36.0
1909,0.0004706382751464844,0.131,33.6
1910,0.0004825592041015625,0.131,30.8
1911,0.0003724098205566406,0.131,28.0
1912,0.0005240440368652344,0.131,25.6
1913,0.0004515647888183594,0.131,22.8
1914,0.0004608631134033203,0.131,20.0
1915,0.00043487548828125,0.131,17.2
1916,0.0006456375122070312,0.131,14.4
1917,0.00047016143798828125,0.131,11.600000000000001
1918,0.00020623207092285156,0.131,9.200000000000001
1919,0.0006244182586669922,0.131,6.800000000000001
1920,0.00048542022705078125,0.131,4.4
1921,0.00046062469482421875,0.131,2.4000000000000004
1922,0.0004627704620361328,0.131,0.0
1923,0.0007302761077880859,0.131,-1.6
1924,0.0012083053588867188,0.131,-3.2
1925,0.0011403560638427734,0.131,-4.800000000000001
1926,0.0013480186462402344,0.131,-6.0
1927,0.0011451244354248047,0.131,-7.2
1928,0.0005202293395996094,0.131,-8.0
1929,0.0010416507720947266,0.131,-8.8
1930,0.0002894401550292969,0.131,-8.8
1931,0.0005908012390136719,0.131,-9.200000000000001
1932,0.001748800277709961,0.131,-8.8
1933,0.00016927719116210938,0.131,-8.8
1934,0.00022172927856445312,0.131,-8.0
1935,0.0001537799835205078,0.131,-7.2
1936,0.000152587890625,0.131,-6.4
1937,0.0002582073211669922,0.131,-5.2
1938,0.0002808570861816406,0.131,-3.6
1939,0.00025653839111328125,0.134,-2.0
1940,0.0003056526184082031,0.134,0.0
1941,0.0005066394805908203,0.136,1.6
1942,0.00044083595275878906,0.136,4.0
1943,0.0002193450927734375,0.138,6.0
1944,0.0002589225769042969,0.142,8.4
1945,0.00037980079650878906,0.14400000000000002,10.8
1946,0.00041222572326660156,0.153,13.200000000000001
1947,0.00048422813415527344,0.155,15.600000000000001
1948,0.0005123615264892578,0.159,18.0
1949,0.0005342960357666016,0.16399999999999998,20.8
1950,0.0008652210235595703,0.168,23.200000000000003
1951,0.0005121231079101562,0.172,26.0
1952,0.0008733272552490234,0.175,28.400000000000002
1953,0.000629425048828125,0.177,30.8
1954,0.0007164478302001953,0.177,33.2
1955,0.0002796649932861328,0.18100000000000002,35.6
1956,0.0002796649932861328,0.185,35.6
1957,0.00019860267639160156,0.185,38.0
1958,0.0002918243408203125,0.185,40.400000000000006
1959,0.0001678466796875,0.185,42.800000000000004
1960,0.0005857944488525391,0.185,44.800000000000004
1961,0.00020647048950195312,0.185,46.800000000000004
1962,0.000171661376953125,0.185,48.800000000000004
1963,0.00016760826110839844,0.185,50.800000000000004
1964,0.0002276897430419922,0.185,52.400000000000006
1965,0.0001785755157470703,0.185,54.0
1966,0.00024366378784179688,0.185,55.6
1967,0.0004336833953857422,0.185,57.2
1968,0.0005159378051757812,0.185,58.400000000000006
1969,0.00015592575073242188,0.185,59.6
1970,0.0005965232849121094,0.185,60.400000000000006
1971,0.00045680999755859375,0.179,61.6
1972,0.00047779083251953125,0.177,62.400000000000006
1973,0.0005080699920654297,0.172,62.800000000000004
1974,0.0005834102630615234,0.172,63.2
1975,0.001054525375366211,0.172,63.6
1976,0.0004935264587402344,0.172,64.0
1977,0.0015499591827392578,0.172,64.0
1978,0.0007424354553222656,0.172,63.6
1979,0.0011584758758544922,0.172,63.6
1980,0.0004818439483642578,0.172,63.2
1981,0.0004885196685791016,0.172,62.400000000000006
1982,0.000476837158203125,0.172,61.6
1983,0.00046706199645996094,0.172,60.800000000000004
1984,0.00032782554626464844,0.172,59.6
1985,0.0004987716674804688,0.172,58.400000000000006
1986,0.00048089027404785156,0.172,57.2
1987,0.0004634857177734375,0.177,55.6
1988,0.0003044605255126953,0.177,54.0
1989,0.00045418739318847656,0.177,52.400000000000006
1990,0.00048160552978515625,0.177,50.400000000000006
1991,0.0004315376281738281,0.177,48.400000000000006
1992,0.00046443939208984375,0.177,46.400000000000006
1993,0.00042724609375,0.177,44.400000000000006
1994,0.0003695487976074219,0.177,42.0
1995,0.0002510547637939453,0.177,40.0
1996,0.0016450881958007812,0.177,37.6
1997,0.0004436969757080078,0.177,35.6
1998,0.0011615753173828125,0.177,33.2
1999,0.0006852149963378906,0.177,30.8
2000,0.0005342960357666016,0.177,28.8
2001,0.0008335113525390625,0.177,26.8
2002,0.0017559528350830078,0.177,24.400000000000002
2003,0.0010297298431396484,0.177,22.400000000000002
2004,0.0006074905395507812,0.175,20.400000000000002
2005,0.0005373954772949219,0.166,18.8
2006,0.0006029605865478516,0.159,17.2
2007,0.0005102157592773438,0.155,15.600000000000001
2008,0.0005679130554199219,0.151,14.0
2009,0.0004477500915527344,0.149,12.8
2010,0.0004439353942871094,0.147,11.600000000000001
2011,0.00047898292541503906,0.147,10.8
2012,0.00019288063049316406,0.147,10.0
2013,0.00016188621520996094,0.147,9.200000000000001
2014,0.00020074844360351562,0.147,8.8
2015,0.00018787384033203125,0.147,8.4
2016,0.00017547607421875,0.147,8.0
2017,0.00020241737365722656,0.147,8.0
2018,0.000202178955078125,0.147,8.0
2019,0.0001900196075439453,0.147,8.0
2020,0.00018858909606933594,0.147,8.4
2021,0.0003376007080078125,0.147,8.8
2022,0.000148773193359375,0.147,9.200000000000001
2023,0.00031065940856933594,0.147,10.0
2024,0.00025153160095214844,0.147,10.8
2025,0.0007021427154541016,0.147,11.600000000000001
2026,0.0005278587341308594,0.147,12.8
2027,0.0005862712860107422,0.147,13.600000000000001
2028,0.0007190704345703125,0.147,14.8
2029,0.0005545616149902344,0.147,16.0
2030,0.0017573833465576172,0.147,17.2
2031,0.0008227825164794922,0.151,18.8
2032,0.0015246868133544922,0.153,20.0
2033,0.00035858154296875,0.155,21.6
2034,0.0004627704620361328,0.155,22.8
2035,0.0004622936248779297,0.157,24.400000000000002
2036,0.0003504753112792969,0.159,25.6
2037,0.00028228759765625,0.16399999999999998,27.200000000000003
2038,0.0001633167266845703,0.16399999999999998,28.400000000000002
2039,0.00013208389282226562,0.166,30.0
2040,0.00017595291137695312,0.17,31.200000000000003
2041,0.000186920166015625,0.172,32.4
2042,0.00025653839111328125,0.175,33.6
2043,0.0002410411834716797,0.175,34.800000000000004
2044,0.00032258033752441406,0.175,36.0
2045,0.0005407333374023438,0.175,37.2
2046,0.00043129920959472656,0.175,38.400000000000006
2047,0.00014662742614746094,0.175,39.2
2048,0.00026154518127441406,0.175,40.400000000000006
2049,0.0004398822784423828,0.175,41.2
2050,0.001318216323852539,0.175,42.0
2051,0.0008747577667236328,0.175,42.800000000000004
2052,0.0005211830139160156,0.175,43.6
2053,0.0008525848388671875,0.175,44.0
2054,0.0010750293731689453,0.175,44.800000000000004
2055,0.0018262863159179688,0.175,45.2
2056,0.0008704662322998047,0.175,45.6
2057,0.0018129348754882812,0.175,46.0
2058,0.0010654926300048828,0.172,46.0
2059,0.0008161067962646484,0.172,46.400000000000006
2060,0.0003666877746582031,0.155,46.400000000000006
2061,0.0003452301025390625,0.151,46.400000000000006
2062,0.0003390312194824219,0.14,46.400000000000006
2063,0.00024962425231933594,0.134,46.0
2064,0.0003345012664794922,0.127,46.0
2065,0.00014901161193847656,0.125,45.6
2066,0.00015783309936523438,0.121,45.2
2067,0.0006058216094970703,0.121,44.400000000000006
2068,0.0001862049102783203,0.11900000000000001,44.0
2069,0.0005502700805664062,0.11900000000000001,42.800000000000004
2070,0.0004284381866455078,0.11900000000000001,42.0
2071,0.0004398822784423828,0.11900000000000001,40.800000000000004
2072,0.0004425048828125,0.11900000000000001,39.6
2073,0.0005252361297607422,0.11900000000000001,38.400000000000006
2074,0.0003895759582519531,0.11900000000000001,36.800000000000004
2075,0.0003979206085205078,0.11900000000000001,35.2
2076,0.0004773139953613281,0.11900000000000001,33.6
2077,0.0007741451263427734,0.11900000000000001,31.6
2078,0.00047087669372558594,0.11900000000000001,30.0
2079,0.00044465065002441406,0.11900000000000001,28.0
2080,0.00044798851013183594,0.11900000000000001,26.0
2081,0.0013399124145507812,0.11900000000000001,23.6
2082,0.0004105567932128906,0.11900000000000001,21.6
2083,0.000720977783203125,0.11900000000000001,19.6
2084,0.0012042522430419922,0.11900000000000001,17.2
2085,0.0008187294006347656,0.11900000000000001,15.200000000000001
2086,0.0005016326904296875,0.11900000000000001,13.200000000000001
2087,0.0004978179931640625,0.11900000000000001,11.200000000000001
2088,0.0004181861877441406,0.121,9.200000000000001
2089,0.00017142295837402344,0.121,7.6000000000000005
2090,0.0004429817199707031,0.121,5.6000000000000005
2091,0.0002129077911376953,0.12300000000000001,4.0
2092,0.00022339820861816406,0.12300000000000001,2.4000000000000004
2093,0.00022339820861816406,0.12300000000000001,2.4000000000000004
2094,0.00037598609924316406,0.12300000000000001,1.2000000000000002
2095,0.0005161762237548828,0.125,0.0
2096,0.00021338462829589844,0.127,-1.2000000000000002
2097,0.0005660057067871094,0.127,-2.0
2098,0.0004374980926513672,0.131,-2.8000000000000003
2099,0.00043582916259765625,0.131,-3.2
2100,0.0004279613494873047,0.131,-3.6
2101,0.00014662742614746094,0.131,-4.0
2102,0.00045561790466308594,0.134,-4.0
2103,0.0004901885986328125,0.136,-4.0
2104,0.0005662441253662109,0.138,-3.6
2105,0.001341104507446289,0.138,-2.8000000000000003
2106,0.0005691051483154297,0.138,-2.0
2107,0.0008499622344970703,0.138,-1.2000000000000002
2108,0.0005736351013183594,0.138,-0.4
2109,0.0008594989776611328,0.138,0.8
2110,0.0010709762573242188,0.138,2.4000000000000004
2111,0.0007739067077636719,0.138,4.0
2112,0.0006954669952392578,0.138,5.6000000000000005
2113,0.0004608631134033203,0.138,7.2
2114,0.00018787384033203125,0.138,9.200000000000001
2115,0.0001857280731201172,0.138,11.200000000000001
2116,0.0002391338348388672,0.138,13.200000000000001
2117,0.00017571449279785156,0.138,15.200000000000001
2118,0.00034427642822265625,0.138,17.6
2119,0.00014472007751464844,0.138,19.6
2120,0.00015616416931152344,0.138,21.6
2121,0.00017523765563964844,0.138,24.0
2122,0.0002613067626953125,0.138,26.0
2123,0.0003192424774169922,0.131,28.400000000000002
2124,0.0005738735198974609,0.127,30.400000000000002
2125,0.0004601478576660156,0.121,32.4
2126,0.0001957416534423828,0.11599999999999999,34.4
2127,0.00016951560974121094,0.11,36.0
2128,0.0009031295776367188,0.10800000000000001,37.6
2129,0.0009946823120117188,0.10300000000000001,39.2
2130,0.0006020069122314453,0.10300000000000001,40.800000000000004
2131,0.001012563705444336,0.10300000000000001,42.0
2132,0.001870870590209961,0.10300000000000001,43.2
2133,0.0011677742004394531,0.10300000000000001,44.400000000000006
2134,0.0016481876373291016,0.10300000000000001,44.800000000000004
2135,0.0011510848999023438,0.10300000000000001,45.6
2136,0.001277923583984375,0.10300000000000001,46.0
2137,0.0006306171417236328,0.10300000000000001,46.0
2138,0.0008382797241210938,0.10300000000000001,46.0
2139,0.0005125999450683594,0.10300000000000001,45.6
2140,0.0002913475036621094,0.10300000000000001,45.2
2141,0.0005314350128173828,0.10300000000000001,44.400000000000006
2142,0.0002617835998535156,0.10300000000000001,43.6
2143,0.00015473365783691406,0.10300000000000001,42.400000000000006
2144,0.00015163421630859375,0.10300000000000001,41.2
2145,0.00019216537475585938,0.10300000000000001,40.0
2146,0.0004913806915283203,0.10300000000000001,38.0
2147,0.00022459030151367188,0.10300000000000001,36.4
2148,0.0005743503570556641,0.10300000000000001,34.4
2149,0.0004353523254394531,0.10300000000000001,32.4
2150,0.0004267692565917969,0.10300000000000001,30.400000000000002
2151,0.0004253387451171875,0.10300000000000001,28.0
2152,0.00019431114196777344,0.10300000000000001,25.6
2153,0.0006899833679199219,0.10300000000000001,23.200000000000003
2154,0.0003790855407714844,0.11,20.8
2155,0.0005936622619628906,0.114,18.400000000000002
2156,0.00061798095703125,0.121,16.0
2157,0.0009148120880126953,0.12300000000000001,13.200000000000001
2158,0.0008590221405029297,0.127,10.8
2159,0.0004858970642089844,0.134,8.4
2160,0.0008192062377929688,0.136,6.0
2161,0.0007178783416748047,0.138,3.6
2162,0.0006275177001953125,0.14400000000000002,1.6
2163,0.0008029937744140625,0.147,-0.4
2164,0.00045037269592285156,0.151,-2.4000000000000004
2165,0.0003502368927001953,0.151,-4.0
2166,0.0005066394805908203,0.151,-5.6000000000000005
2167,0.0004742145538330078,0.151,-6.800000000000001
2168,0.00015664100646972656,0.155,-7.6000000000000005
2169,0.00014209747314453125,0.155,-8.4
2170,0.0006005764007568359,0.155,-8.8
2171,0.00015354156494140625,0.155,-9.200000000000001
2172,0.0006282329559326172,0.155,-9.200000000000001
2173,0.00044846534729003906,0.155,-8.8
2174,0.0004589557647705078,0.155,-8.0
2175,0.0004260540008544922,0.155,-7.2
2176,0.0004324913024902344,0.155,-6.0
2177,0.0002071857452392578,0.155,-4.800000000000001
2178,0.000171661376953125,0.155,-3.2
2179,0.0002472400665283203,0.155,-1.2000000000000002
2180,0.0002491474151611328,0.155,0.8
2181,0.00016951560974121094,0.155,2.8000000000000003
2182,0.00016498565673828125,0.149,5.2
2183,0.0002498626708984375,0.14,8.0
2184,0.00017905235290527344,0.131,10.4
2185,0.00024700164794921875,0.12300000000000001,13.200000000000001
2186,0.0001475811004638672,0.11900000000000001,16.400000000000002
2187,0.00017213821411132812,0.11,19.200000000000003
2188,0.00020599365234375,0.10099999999999999,22.0
2189,0.0002880096435546875,0.099,25.200000000000003
2190,0.0002377033233642578,0.095,28.0
2191,0.00026226043701171875,0.095,30.8
2192,0.0003523826599121094,0.095,33.6
2193,0.0005033016204833984,0.095,36.4
2194,0.000370025634765625,0.095,38.800000000000004
2195,0.00037598609924316406,0.095,41.2
2196,0.00046062469482421875,0.095,43.2
2197,0.0004780292510986328,0.09300000000000001,45.2
2198,0.00045037269592285156,0.09300000000000001,46.800000000000004
2199,0.0004749298095703125,0.09300000000000001,48.0
2200,0.0004334449768066406,0.09300000000000001,49.2
2201,0.0002353191375732422,0.09300000000000001,50.400000000000006
2202,0.0001342296600341797,0.09699999999999999,50.800000000000004
2203,0.0002779960632324219,0.10099999999999999,51.2
2204,0.0004892349243164062,0.10099999999999999,51.6
2205,0.0007753372192382812,0.10300000000000001,51.6
2206,0.00047707557678222656,0.10800000000000001,51.2
2207,0.0002512931823730469,0.11,50.400000000000006
2208,0.000530242919921875,0.11,49.6
2209,0.0007910728454589844,0.11,48.400000000000006
2210,0.0005533695220947266,0.11,47.2
2211,0.002364635467529297,0.11,45.6
2212,0.0005242824554443359,0.11,44.0
2213,0.00026154518127441406,0.11,42.0
2214,0.0005009174346923828,0.11,40.0
2215,0.00048422813415527344,0.11,37.6
2216,0.00029969215393066406,0.11,35.6
2217,0.00014925003051757812,0.11,32.800000000000004
2218,0.0002918243408203125,0.11,30.400000000000002
2219,0.0001494884490966797,0.10800000000000001,27.6
2220,0.00012254714965820312,0.10800000000000001,24.8
2221,0.0001995563507080078,0.10800000000000001,22.0
2222,0.00020503997802734375,0.10800000000000001,19.200000000000003
2223,0.0003275871276855469,0.10800000000000001,16.400000000000002
2224,0.00044155120849609375,0.10800000000000001,13.600000000000001
2225,0.00043582916259765625,0.10800000000000001,10.8
2226,0.0005171298980712891,0.10800000000000001,8.0
2227,0.0001366138458251953,0.10800000000000001,5.2
2228,0.00046539306640625,0.10800000000000001,2.8000000000000003
2229,0.00045871734619140625,0.10800000000000001,0.4
2230,0.00045609474182128906,0.10800000000000001,-2.0
2231,0.0004608631134033203,0.10800000000000001,-4.0
2232,0.00045752525329589844,0.10800000000000001,-6.0
2233,0.001504659652709961,0.10800000000000001,-8.0
2234,0.0007369518280029297,0.10800000000000001,-9.600000000000001
2235,0.0017728805541992188,0.10800000000000001,-10.8
2236,0.0004286766052246094,0.10800000000000001,-12.0
2237,0.0008525848388671875,0.10800000000000001,-13.200000000000001
2238,0.0008809566497802734,0.10800000000000001,-13.600000000000001
2239,0.0004150867462158203,0.10800000000000001,-14.4
2240,0.0002593994140625,0.10800000000000001,-14.4
2241,0.00048613548278808594,0.10800000000000001,-14.4
2242,0.0003795623779296875,0.10800000000000001,-14.0
2243,0.00025391578674316406,0.10800000000000001,-13.600000000000001
2244,0.00025391578674316406,0.10800000000000001,-13.600000000000001
2245,0.0001423358917236328,0.10800000000000001,-12.8
2246,0.00021696090698242188,0.10800000000000001,-12.0
2247,0.00022101402282714844,0.10800000000000001,-10.8
2248,0.00024247169494628906,0.10800000000000001,-9.200000000000001
2249,0.0007085800170898438,0.10800000000000001,-8.0
2250,0.00043773651123046875,0.10800000000000001,-6.0
2251,0.0004417896270751953,0.10800000000000001,-4.0
2252,0.0003476142883300781,0.10800000000000001,-2.0
2253,0.0005199909210205078,0.10800000000000001,0.0
2254,0.0004680156707763672,0.10800000000000001,2.4000000000000004
2255,0.0005788803100585938,0.10800000000000001,4.800000000000001
2256,0.00046372413635253906,0.10800000000000001,7.6000000000000005
2257,0.0004398822784423828,0.10800000000000001,10.0
2258,0.0004703998565673828,0.10800000000000001,12.4
2259,0.0005867481231689453,0.10800000000000001,15.200000000000001
2260,0.0007641315460205078,0.10800000000000001,17.6
2261,0.0007679462432861328,0.10800000000000001,20.400000000000002
2262,0.0008053779602050781,0.10800000000000001,22.8
2263,0.0015783309936523438,0.10800000000000001,25.200000000000003
2264,0.0008411407470703125,0.10800000000000001,27.6
2265,0.0006380081176757812,0.10800000000000001,30.0
2266,0.0005013942718505859,0.10800000000000001,32.0
2267,0.0003459453582763672,0.10800000000000001,34.0
2268,0.0006139278411865234,0.10800000000000001,35.6
2269,0.0002663135528564453,0.10800000000000001,37.2
2270,0.000209808349609375,0.10800000000000001,38.800000000000004
2271,0.00014972686767578125,0.10800000000000001,40.0
2272,0.00015544891357421875,0.10800000000000001,40.800000000000004
2273,0.0001583099365234375,0.10800000000000001,41.6
2274,0.0001773834228515625,0.10800000000000001,42.400000000000006
2275,0.0001480579376220703,0.11900000000000001,42.800000000000004
2276,0.00033354759216308594,0.129,42.800000000000004
2277,0.0003139972686767578,0.14,42.800000000000004
2278,0.0005261898040771484,0.142,42.800000000000004
2279,0.00025844573974609375,0.14400000000000002,42.400000000000006
2280,0.00014638900756835938,0.149,41.6
2281,0.0004918575286865234,0.153,40.800000000000004
2282,0.0008654594421386719,0.153,40.0
2283,0.0006380081176757812,0.153,39.2
2284,0.0007982254028320312,0.153,38.0
2285,0.0005457401275634766,0.153,36.800000000000004
2286,0.0024292469024658203,0.153,35.6
2287,0.0009057521820068359,0.153,34.0
2288,0.001783609390258789,0.153,32.800000000000004
2289,0.0007686614990234375,0.153,31.200000000000003
2290,0.0012574195861816406,0.153,30.0
2291,0.0005779266357421875,0.153,28.400000000000002
2292,0.00045013427734375,0.153,26.8
2293,0.0004851818084716797,0.153,25.200000000000003
2294,0.0003972053527832031,0.14400000000000002,24.0
2295,0.0005123615264892578,0.134,22.400000000000002
2296,0.0004982948303222656,0.125,20.8
2297,0.00046753883361816406,0.121,19.6
2298,0.0005924701690673828,0.11599999999999999,18.400000000000002
2299,0.0004937648773193359,0.114,16.8
2300,0.0004642009735107422,0.11,15.600000000000001
2301,0.00047588348388671875,0.10800000000000001,14.4
2302,0.0004286766052246094,0.10800000000000001,13.600000000000001
2303,0.0005118846893310547,0.10800000000000001,12.4
2304,0.0001614093780517578,0.10800000000000001,11.600000000000001
2305,0.0006341934204101562,0.10800000000000001,10.4
2306,0.0005698204040527344,0.10800000000000001,9.600000000000001
2307,0.00039768218994140625,0.10800000000000001,8.8
2308,0.0007236003875732422,0.10800000000000001,8.0
2309,0.0005576610565185547,0.10800000000000001,7.2
2310,0.0009036064147949219,0.10800000000000001,6.800000000000001
2311,0.0015850067138671875,0.10800000000000001,6.0
2312,0.0006990432739257812,0.10800000000000001,5.6000000000000005
2313,0.0005388259887695312,0.10800000000000001,5.2
2314,0.0013928413391113281,0.10800000000000001,4.800000000000001
2315,0.0005755424499511719,0.10800000000000001,4.800000000000001
2316,0.00048828125,0.10800000000000001,4.4
2317,0.00032901763916015625,0.10800000000000001,4.4
2318,0.0003781318664550781,0.10800000000000001,4.4
2319,0.00048041343688964844,0.10800000000000001,4.800000000000001
2320,0.0004870891571044922,0.10800000000000001,4.800000000000001
2321,0.00017714500427246094,0.10800000000000001,5.2
2322,0.0003838539123535156,0.10800000000000001,5.6000000000000005
2323,0.00028824806213378906,0.10800000000000001,6.0
2324,0.0005729198455810547,0.10800000000000001,6.800000000000001
2325,0.00043463706970214844,0.10800000000000001,7.2
2326,0.0004420280456542969,0.10800000000000001,8.0
2327,0.0004944801330566406,0.10800000000000001,8.8
2328,0.00016927719116210938,0.10800000000000001,9.600000000000001
2329,0.000461578369140625,0.10800000000000001,10.4
2330,0.00043010711669921875,0.10800000000000001,11.200000000000001
2331,0.0008547306060791016,0.10800000000000001,12.4
2332,0.0005700588226318359,0.10800000000000001,13.200000000000001
2333,0.0005314350128173828,0.10800000000000001,14.4
2334,0.0008475780487060547,0.10800000000000001,15.200000000000001
2335,0.0005481243133544922,0.10800000000000001,16.0
2336,0.0016601085662841797,0.10300000000000001,17.2
2337,0.0009720325469970703,0.10300000000000001,18.0
2338,0.0008418560028076172,0.10300000000000001,19.200000000000003
2339,0.0001628398895263672,0.10300000000000001,20.0
2340,0.0005524158477783203,0.10099999999999999,20.8
2341,0.0009019374847412109,0.10099999999999999,21.6
2342,0.000675201416015625,0.10099999999999999,22.400000000000002
2343,0.0004591941833496094,0.09300000000000001,23.200000000000003
2344,0.00048804283142089844,0.08199999999999999,23.6
2345,0.0005190372467041016,0.075,24.400000000000002
2346,0.0006170272827148438,0.071,24.8
2347,0.0004734992980957031,0.067,25.200000000000003
2348,0.0017077922821044922,0.063,25.6
2349,0.0004985332489013672,0.06,26.0
2350,0.00177764892578125,0.055999999999999994,26.0
2351,0.0008747577667236328,0.05,26.0
2352,0.0015006065368652344,0.047,26.0
2353,0.0008459091186523438,0.047,25.6
2354,0.0010037422180175781,0.045,25.200000000000003
2355,0.0010790824890136719,0.045,24.8
2356,0.0008552074432373047,0.039,24.0
2357,0.0004916191101074219,0.03,23.200000000000003
2358,0.0019104480743408203,0.026000000000000002,22.400000000000002
2359,0.0010738372802734375,0.024,21.200000000000003
2360,0.0016825199127197266,0.019,20.0
2361,0.0008816719055175781,0.017,18.8
2362,0.0013017654418945312,0.011000000000000001,17.6
2363,0.0007901191711425781,0.009000000000000001,16.0
2364,0.0013167858123779297,0.006,14.4
2365,0.0009489059448242188,0.004,12.4
2366,0.001627206802368164,0.002,10.8
2367,0.0005805492401123047,0.002,8.8
2368,0.000518798828125,0.002,6.800000000000001
2369,0.0016636848449707031,0.002,4.800000000000001
2370,0.0009918212890625,0.002,2.8000000000000003
2371,0.0007371902465820312,0.002,0.8
2372,0.0011363029479980469,0.002,-1.2000000000000002
2373,0.0009357929229736328,0.002,-3.2
2374,0.0015943050384521484,0.002,-5.6000000000000005
2375,0.0009033679962158203,0.002,-7.6000000000000005
2376,0.0018007755279541016,0.002,-9.200000000000001
2377,0.0004818439483642578,0.002,-11.200000000000001
2378,0.0020279884338378906,0.002,-12.8
2379,0.000438690185546875,0.002,-14.4
2380,0.0008485317230224609,0.002,-16.0
2381,0.0013163089752197266,0.002,-17.6
2382,0.0004069805145263672,0.002,-18.8
2383,0.0010867118835449219,0.002,-19.6
2384,0.00110626220703125,0.002,-20.8
2385,0.0016939640045166016,0.002,-21.6
2386,0.0007860660552978516,0.002,-22.0
2387,0.0007023811340332031,0.002,-22.400000000000002
2388,0.0004837512969970703,0.002,-22.8
2389,0.0014319419860839844,0.002,-22.8
2390,0.00044655799865722656,0.002,-22.8
2391,0.000888824462890625,0.002,-22.400000000000002
2392,0.0007190704345703125,0.002,-22.0
2393,0.0006482601165771484,0.002,-21.200000000000003
2394,0.0007534027099609375,0.002,-20.400000000000002
2395,0.0016374588012695312,0.002,-19.200000000000003
2396,0.0006821155548095703,0.002,-18.400000000000002
2397,0.0012700557708740234,0.002,-16.8
2398,0.0007774829864501953,0.002,-15.600000000000001
2399,0.0023262500762939453,0.002,-14.0
2400,0.0006797313690185547,0.002,-12.4
2401,0.0005364418029785156,0.002,-10.8
2402,0.001153707504272461,0.002,-8.8
2403,0.0016353130340576172,0.002,-6.800000000000001
2404,0.0014595985412597656,0.002,-5.2
2405,0.0011341571807861328,0.002,-3.2
2406,0.0021429061889648438,0.002,-1.2000000000000002
2407,0.0014450550079345703,0.002,0.8
2408,0.0019490718841552734,0.002,2.8000000000000003
2409,0.001107931137084961,0.002,4.800000000000001
2410,0.0008182525634765625,0.002,6.800000000000001
2411,0.0016520023345947266,0.002,8.8
2412,0.0013988018035888672,0.002,10.4
2413,0.00165557861328125,0.002,12.0
2414,0.006056070327758789,0.002,13.600000000000001
2415,0.0005733966827392578,0.002,15.200000000000001
2416,0.0014507770538330078,0.002,16.400000000000002
2417,0.0008955001831054688,0.002,18.0
2418,0.0016624927520751953,0.002,18.8
2419,0.0012645721435546875,0.002,20.0
2420,0.0018763542175292969,0.002,20.8
2421,0.0009305477142333984,0.002,21.200000000000003
2422,0.0012862682342529297,0.002,21.6
2423,0.0015971660614013672,0.002,22.0
2424,0.0021822452545166016,0.002,22.0
2425,0.0012085437774658203,0.002,22.0
2426,0.0012085437774658203,0.002,22.0
2427,0.0007982254028320312,0.002,21.6
2428,0.001668691635131836,0.002,21.200000000000003
2429,0.0021126270294189453,0.002,20.8
2430,0.0009622573852539062,0.002,20.0
2431,0.001222372055053711,0.002,19.200000000000003
2432,0.0016613006591796875,0.002,18.0
2433,0.0016582012176513672,0.002,16.8
2434,0.0014612674713134766,0.002,15.600000000000001
2435,0.001592874526977539,0.002,14.0
2436,0.0015423297882080078,0.002,12.4
2437,0.0011522769927978516,0.002,10.8
2438,0.0015020370483398438,0.002,8.8
2439,0.0009057521820068359,0.002,7.2
2440,0.0015506744384765625,0.002,5.2
2441,0.0011179447174072266,0.002,3.6
2442,0.002437114715576172,0.002,1.6
2443,0.0008327960968017578,0.002,-0.4
2444,0.0011992454528808594,0.002,-2.4000000000000004
2445,0.0016160011291503906,0.002,-4.4
2446,0.0016086101531982422,0.002,-6.0
2447,0.001293182373046875,0.002,-8.0
2448,0.00044655799865722656,0.002,-9.600000000000001
2449,0.0016469955444335938,0.002,-11.200000000000001
2450,0.0008795261383056641,0.002,-12.8
2451,0.0013623237609863281,0.002,-14.4
2452,0.0008668899536132812,0.002,-15.600000000000001
2453,0.0007138252258300781,0.002,-16.8
2454,0.0011281967163085938,0.002,-18.0
2455,0.0023374557495117188,0.002,-18.8
2456,0.0015993118286132812,0.002,-19.6
2457,0.0015196800231933594,0.002,-20.400000000000002
2458,0.0013048648834228516,0.002,-20.8
2459,0.002402067184448242,0.002,-20.8
2460,0.0009558200836181641,0.002,-21.200000000000003
2461,0.0015115737915039062,0.002,-21.200000000000003
2462,0.0009922981262207031,0.002,-20.8
2463,0.001827239990234375,0.002,-20.400000000000002
2464,0.0016498565673828125,0.0,-20.0
2465,0.0012440681457519531,0.0,-19.200000000000003
2466,0.0005548000335693359,0.0,-18.400000000000002
2467,0.000720977783203125,0.0,-17.2
2468,0.0005555152893066406,0.0,-16.0
2469,0.0011429786682128906,0.0,-14.8
2470,0.0011577606201171875,0.0,-13.600000000000001
2471,0.001230001449584961,0.0,-12.0
2472,0.0026133060455322266,0.0,-10.4
2473,0.0011055469512939453,0.0,-8.8
2474,0.0017273426055908203,0.0,-7.2
2475,0.00019741058349609375,0.0,-5.2
2476,0.0016019344329833984,0.0,-3.6
2477,0.0005214214324951172,0.0,-1.6
2478,0.0012209415435791016,0.0,0.0
2479,0.0009796619415283203,0.0,2.0
2480,0.0011563301086425781,0.0,4.0
2481,0.0006868839263916016,0.0,5.6000000000000005
2482,0.0006954669952392578,0.0,7.6000000000000005
2483,0.0018835067749023438,0.0,9.200000000000001
2484,0.0013108253479003906,0.0,10.8
2485,0.0010094642639160156,0.0,12.4
2486,0.00017404556274414062,0.0,13.600000000000001
2487,0.0002608299255371094,0.0,14.8
2488,0.0005810260772705078,0.0,16.0
2489,0.0012810230255126953,0.0,17.2
2490,0.0006463527679443359,0.0,18.0
2491,0.0009386539459228516,0.0,18.8
2492,0.0007171630859375,0.0,19.6
2493,0.0014472007751464844,0.0,20.0
2494,0.0013580322265625,0.0,20.400000000000002
2495,0.0018680095672607422,0.0,20.400000000000002
2496,0.0005736351013183594,0.0,20.400000000000002
2497,0.0012481212615966797,0.0,20.0
2498,0.0011470317840576172,0.0,20.0
2499,0.001535177230834961,0.0,19.200000000000003
2500,0.0015304088592529297,0.0,18.8
2501,0.0016033649444580078,0.0,18.0
2502,0.0018525123596191406,0.0,16.8
2503,0.0018601417541503906,0.0,16.0
2504,0.0008294582366943359,0.0,14.8
2505,0.0012493133544921875,0.0,13.200000000000001
2506,0.0006651878356933594,0.0,12.0
2507,0.0015490055084228516,0.0,10.4
2508,0.0007562637329101562,0.0,8.8
2509,0.0014226436614990234,0.0,7.2
2510,0.0006058216094970703,0.0,5.6000000000000005
2511,0.0011348724365234375,0.0,3.6
2512,0.0013294219970703125,0.0,2.0
2513,0.0021605491638183594,0.0,0.0
2514,0.0012538433074951172,0.0,-1.6
2515,0.0024080276489257812,0.0,-3.6
2516,0.0011355876922607422,0.0,-5.2
2517,0.0015642642974853516,0.0,-6.800000000000001
2518,0.0008704662322998047,0.0,-8.4
2519,0.0015764236450195312,0.0,-10.0
2520,0.001054525375366211,0.0,-11.600000000000001
2521,0.0013885498046875,0.0,-12.8
2522,0.0019481182098388672,0.0,-14.4
2523,0.0014586448669433594,0.0,-15.200000000000001
2524,0.0010941028594970703,0.0,-16.400000000000002
2525,0.0008771419525146484,0.0,-17.2
2526,0.0011229515075683594,0.0,-18.0
2527,0.0010051727294921875,0.0,-18.8
2528,0.0016665458679199219,0.0,-19.200000000000003
2529,0.0011031627655029297,0.0,-19.6
2530,0.0020067691802978516,0.0,-19.6
2531,0.0011103153228759766,0.0,-19.6
2532,0.0006453990936279297,0.0,-19.6
2533,0.0014488697052001953,0.0,-19.200000000000003
2534,0.0015552043914794922,0.0,-18.8
2535,0.0010974407196044922,0.0,-18.0
2536,0.0013778209686279297,0.0,-17.2
2537,0.0006024837493896484,0.0,-16.400000000000002
2538,0.0008296966552734375,0.0,-15.200000000000001
2539,0.0010323524475097656,0.0,-14.0
2540,0.002456188201904297,0.0,-12.8
2541,0.0011091232299804688,0.0,-11.600000000000001
2542,0.0011391639709472656,0.0,-10.0
2543,0.0014696121215820312,0.0,-8.4
2544,0.001989126205444336,0.0,-7.2
2545,0.00069427490234375,0.0,-5.2
2546,0.0011255741119384766,0.0,-3.6
2547,0.0008723735809326172,0.0,-2.0
2548,0.0004870891571044922,0.0,-0.4
2549,0.0027632713317871094,0.0,1.6
2550,0.0010001659393310547,0.0,3.2
2551,0.0016217231750488281,0.0,4.800000000000001
2552,0.0006616115570068359,0.0,6.4
2553,0.0011816024780273438,0.0,8.0
2554,0.0007646083831787109,0.0,9.600000000000001
2555,0.001953125,0.0,11.200000000000001
2556,0.0027573108673095703,0.0,12.4
2557,0.0013854503631591797,0.0,13.600000000000001
2558,0.0012583732604980469,0.0,14.8
2559,0.0013103485107421875,0.0,15.600000000000001
2560,0.0015401840209960938,0.0,16.8
2561,0.0008931159973144531,0.0,17.6
2562,0.0018601417541503906,0.0,18.0
2563,0.0008180141448974609,0.0,18.400000000000002
2564,0.001699686050415039,0.0,18.8
2565,0.00106048583984375,0.0,18.8
2566,0.001058340072631836,0.0,18.8
2567,0.0013165473937988281,0.0,18.8
2568,0.002652406692504883,0.0,18.400000000000002
2569,0.002652406692504883,0.0,18.400000000000002
2570,0.0017964839935302734,0.0,18.0
2571,0.0006837844848632812,0.0,17.6
2572,0.0008447170257568359,0.0,16.8
2573,0.0017809867858886719,0.0,16.0
2574,0.0009443759918212891,0.0,15.200000000000001
2575,0.002773761749267578,0.0,14.0
2576,0.0008172988891601562,0.0,12.8
2577,0.0004975795745849609,0.0,11.200000000000001
2578,0.0018877983093261719,0.0,10.0
2579,0.0006632804870605469,0.0,8.4
2580,0.0015683174133300781,0.0,6.800000000000001
2581,0.0013763904571533203,0.0,5.6000000000000005
2582,0.000457763671875,0.0,3.6
2583,0.0009603500366210938,0.0,2.0
2584,0.0014095306396484375,0.0,0.4
