,Latency,PWM Value,Angle
0,0.0,0.0,0.0
1,0.0005512237548828125,0.0,0.0
2,0.0005617141723632812,0.0,0.0
3,0.0003333091735839844,0.0,0.0
4,0.000209808349609375,0.0,0.0
5,0.0005650520324707031,0.0,0.0
6,0.00017833709716796875,0.0,0.0
7,0.00023508071899414062,0.0,0.0
8,0.0002372264862060547,0.0,0.0
9,0.00015282630920410156,0.0,0.0
10,0.0004858970642089844,0.0,0.0
11,0.0004749298095703125,0.0,0.0
12,0.00016832351684570312,0.0,0.0
13,0.00030231475830078125,0.0,0.0
14,0.00047135353088378906,0.0,0.0
15,0.0004830360412597656,0.0,0.0
16,0.00046253204345703125,0.0,0.0
17,0.00030350685119628906,0.0,0.0
18,0.00043392181396484375,0.0,0.0
19,0.0003914833068847656,0.0,0.0
20,0.0001480579376220703,0.0,0.0
21,0.0006284713745117188,0.0,0.0
22,0.0004379749298095703,0.0,0.0
23,0.0004489421844482422,0.0,0.0
24,0.0005054473876953125,0.0,0.0
25,0.0017001628875732422,0.0,0.0
26,0.0005338191986083984,0.0,0.0
27,0.0018503665924072266,0.0,0.0
28,0.0008499622344970703,0.0,0.0
29,0.0008184909820556641,0.0,0.0
30,0.0006079673767089844,0.0,0.0
31,0.00046944618225097656,0.0,0.0
32,0.0007359981536865234,0.0,0.0
33,0.00031113624572753906,0.0,0.0
34,0.00048160552978515625,0.0,0.0
35,0.0004515647888183594,0.0,0.0
36,0.0005588531494140625,0.0,0.0
37,0.00014781951904296875,0.0,0.0
38,0.0001780986785888672,0.0,0.0
39,0.0005688667297363281,0.0,0.0
40,0.00027680397033691406,0.0,0.0
41,0.0005502700805664062,0.0,0.0
42,0.00045990943908691406,0.0,0.0
43,0.0004343986511230469,0.0,0.0
44,0.00045108795166015625,0.0,0.0
45,0.00044536590576171875,0.0,0.0
46,0.0004405975341796875,0.0,0.0
47,0.00043582916259765625,0.0,0.0
48,0.00014543533325195312,0.0,0.0
49,0.0005950927734375,0.0,0.0
50,0.0004596710205078125,0.0,0.0
51,0.00044608116149902344,0.0,0.0
52,0.0004391670227050781,0.0,0.0
53,0.0004906654357910156,0.0,0.0
54,0.0007500648498535156,0.0,0.0
55,0.0005145072937011719,0.0,0.0
56,0.0008280277252197266,0.0,0.0
57,0.0007886886596679688,0.0,0.0
58,0.0006716251373291016,0.0,0.0
59,0.00029730796813964844,0.0,0.0
60,0.0004456043243408203,0.0,0.0
61,0.00046753883361816406,0.0,0.0
62,0.000537872314453125,0.0,0.0
63,0.00036716461181640625,0.0,0.0
64,0.0005185604095458984,0.0,0.0
65,0.00028228759765625,0.0,0.0
66,0.0004601478576660156,0.0,0.0
67,0.00047850608825683594,0.0,0.0
68,0.0004894733428955078,0.0,0.0
69,0.00043892860412597656,0.0,0.0
70,0.0004756450653076172,0.0,0.0
71,0.00042748451232910156,0.0,0.0
72,0.0004611015319824219,0.0,0.0
73,0.00042319297790527344,0.0,0.0
74,0.0001556873321533203,0.0,0.0
75,0.00023984909057617188,0.0,0.0
76,0.0003383159637451172,0.0,0.0
77,0.0003209114074707031,0.0,0.0
78,0.0004401206970214844,0.0,0.0
79,0.0008170604705810547,0.0,0.0
80,0.0004737377166748047,0.0,0.0
81,0.0020465850830078125,0.0,0.0
82,0.0007586479187011719,0.0,0.0
83,0.003628253936767578,0.0,0.0
84,0.0007245540618896484,0.0,0.0
85,0.0013332366943359375,0.0,0.0
86,0.0005018711090087891,0.0,0.0
87,0.0003898143768310547,0.0,0.0
88,0.0003094673156738281,0.0,0.0
89,0.0005171298980712891,0.0,0.0
90,0.0004715919494628906,0.0,0.0
91,0.0024390220642089844,0.0,0.0
92,0.0007216930389404297,0.0,0.0
93,0.0012214183807373047,0.0,0.0
94,0.0006539821624755859,0.0,0.0
95,0.0007178783416748047,0.0,0.0
96,0.00048732757568359375,0.0,0.0
97,0.0008287429809570312,0.0,0.0
98,0.0010998249053955078,0.0,0.0
99,0.0011305809020996094,0.0,0.0
100,0.0005257129669189453,0.0,0.0
101,0.001678466796875,0.0,0.0
102,0.0008571147918701172,0.0,0.0
103,0.0011980533599853516,0.0,0.0
104,0.0008106231689453125,0.0,0.0
105,0.0015072822570800781,0.0,0.0
106,0.0009913444519042969,0.0,0.0
107,0.001558542251586914,0.0,0.0
108,0.0007865428924560547,0.0,0.0
109,0.000698089599609375,0.0,0.0
110,0.0005667209625244141,0.0,0.0
111,0.0006861686706542969,0.0,0.0
112,0.0005965232849121094,0.0,0.0
113,0.0005388259887695312,0.0,0.0
114,0.0018622875213623047,0.0,0.0
115,0.0006618499755859375,0.0,0.0
116,0.0009500980377197266,0.0,0.0
117,0.0007083415985107422,0.0,0.0
118,0.001607656478881836,0.0,0.0
119,0.0010857582092285156,0.0,0.0
120,0.0003762245178222656,0.0,0.0
121,0.0005261898040771484,0.0,0.0
122,0.0011377334594726562,0.0,0.0
123,0.0008046627044677734,0.0,0.0
124,0.0006983280181884766,0.0,0.0
125,0.0007879734039306641,0.0,0.0
126,0.0010030269622802734,0.0,0.0
127,0.0011322498321533203,0.0,0.0
128,0.002706766128540039,0.0,0.0
129,0.0008273124694824219,0.0,0.0
130,0.0017769336700439453,0.0,0.0
131,0.001918792724609375,0.0,0.0
132,0.0007522106170654297,0.0,0.0
133,0.0009834766387939453,0.0,0.0
134,0.0006206035614013672,0.0,0.0
135,0.0005397796630859375,0.0,0.0
136,0.0018150806427001953,0.002,0.0
137,0.0007123947143554688,0.002,0.0
138,0.0020439624786376953,0.002,0.0
139,0.001466989517211914,0.002,0.0
140,0.0016660690307617188,0.002,0.0
141,0.0012323856353759766,0.002,0.0
142,0.001008749008178711,0.002,0.0
143,0.0009517669677734375,0.002,0.0
144,0.002332448959350586,0.002,0.0
145,0.0009524822235107422,0.002,0.0
146,0.0016865730285644531,0.002,0.0
147,0.0012125968933105469,0.002,0.0
148,0.0014960765838623047,0.002,0.0
149,0.0005586147308349609,0.004,0.0
150,0.00160980224609375,0.004,0.0
151,0.0010976791381835938,0.004,0.0
152,0.0017933845520019531,0.004,0.0
153,0.0020499229431152344,0.006,0.0
154,0.0020499229431152344,0.006,0.0
155,0.0005714893341064453,0.006,0.0
156,0.0013439655303955078,0.006,0.0
157,0.0008726119995117188,0.006,0.0
158,0.0021724700927734375,0.006,0.0
159,0.0017383098602294922,0.006,0.0
160,0.0020122528076171875,0.006,0.0
161,0.0014598369598388672,0.006,0.0
162,0.0015976428985595703,0.006,0.0
163,0.0004904270172119141,0.006,0.0
164,0.0008533000946044922,0.006,0.0
165,0.001972675323486328,0.006,0.0
166,0.001855611801147461,0.006,0.0
167,0.001413583755493164,0.006,0.0
168,0.001901865005493164,0.006,0.0
169,0.0009024143218994141,0.009000000000000001,0.0
170,0.001699686050415039,0.009000000000000001,0.0
171,0.0008835792541503906,0.011,0.0
172,0.0017590522766113281,0.011,0.0
173,0.0012440681457519531,0.013,0.0
174,0.0016422271728515625,0.013,0.0
175,0.0005323886871337891,0.013,0.0
176,0.0014977455139160156,0.015,0.0
177,0.0004634857177734375,0.017,0.0
178,0.0019288063049316406,0.017,0.0
179,0.003069639205932617,0.017,0.0
180,0.0016622543334960938,0.017,0.0
181,0.0025949478149414062,0.017,0.0
182,0.0012903213500976562,0.017,0.0
183,0.002329111099243164,0.017,0.0
184,0.000985860824584961,0.017,0.0
185,0.0008473396301269531,0.019,0.0
186,0.0006976127624511719,0.024,0.0
187,0.0008208751678466797,0.024,0.0
188,0.0022363662719726562,0.024,0.0
189,0.0020172595977783203,0.024,0.0
190,0.0020711421966552734,0.024,0.0
191,0.001855611801147461,0.026,0.0
192,0.0016999244689941406,0.026,0.0
193,0.0021817684173583984,0.027999999999999997,0.0
194,0.0004181861877441406,0.027999999999999997,0.0
195,0.0010640621185302734,0.027999999999999997,0.0
196,0.002312183380126953,0.027999999999999997,0.0
197,0.0029761791229248047,0.027999999999999997,0.0
198,0.0007231235504150391,0.03,0.0
199,0.0017573833465576172,0.03,0.0
200,0.0018815994262695312,0.03,0.0
201,0.0022449493408203125,0.032,0.0
202,0.0012946128845214844,0.034,0.0
203,0.0018563270568847656,0.037000000000000005,0.0
204,0.0018777847290039062,0.037000000000000005,0.0
205,0.0013918876647949219,0.037000000000000005,0.0
206,0.0009307861328125,0.037000000000000005,0.0
207,0.0005376338958740234,0.039,0.0
208,0.0006046295166015625,0.039,0.0
209,0.0007877349853515625,0.039,0.0
210,0.0013000965118408203,0.039,0.0
211,0.001955747604370117,0.039,0.0
212,0.0010387897491455078,0.040999999999999995,0.0
213,0.0004849433898925781,0.045,0.0
214,0.0005815029144287109,0.047,0.0
215,0.0020780563354492188,0.05,0.0
216,0.0005588531494140625,0.05,0.0
217,0.0007851123809814453,0.05,0.0
218,0.0006213188171386719,0.05,0.0
219,0.002083301544189453,0.05,0.0
220,0.0007379055023193359,0.05,0.0
221,0.0015933513641357422,0.05,0.4
222,0.0013599395751953125,0.05,0.4
223,0.002039194107055664,0.05,0.4
224,0.0011072158813476562,0.05,0.8
225,0.0005323886871337891,0.05,0.8
226,0.0009877681732177734,0.05,1.2000000000000002
227,0.0017728805541992188,0.05,1.6
228,0.0016036033630371094,0.052000000000000005,1.6
229,0.00135040283203125,0.054000000000000006,2.0
230,0.0007550716400146484,0.055999999999999994,2.4000000000000004
231,0.002738475799560547,0.06,2.8000000000000003
232,0.000858306884765625,0.06,3.2
233,0.0015108585357666016,0.06,3.6
234,0.0006272792816162109,0.06,4.0
235,0.0010180473327636719,0.06,4.800000000000001
236,0.003710031509399414,0.06,5.2
237,0.0009665489196777344,0.06,5.6000000000000005
238,0.0005791187286376953,0.06,6.0
239,0.0009484291076660156,0.06,6.4
240,0.0006709098815917969,0.06,7.2
241,0.0005087852478027344,0.06,7.6000000000000005
242,0.0008363723754882812,0.06,8.0
243,0.0005104541778564453,0.063,8.4
244,0.0017688274383544922,0.063,8.8
245,0.0009791851043701172,0.067,9.200000000000001
246,0.002500772476196289,0.073,9.600000000000001
247,0.0005044937133789062,0.075,10.0
248,0.0004985332489013672,0.075,10.4
249,0.0013129711151123047,0.075,10.8
250,0.0005147457122802734,0.075,11.200000000000001
251,0.000629425048828125,0.075,11.600000000000001
252,0.0027234554290771484,0.075,11.600000000000001
253,0.0025916099548339844,0.075,12.0
254,0.0007314682006835938,0.078,12.4
255,0.0008668899536132812,0.078,12.4
256,0.0006394386291503906,0.078,12.8
257,0.0013685226440429688,0.078,12.8
258,0.0016279220581054688,0.078,12.8
259,0.001603841781616211,0.078,12.8
260,0.0009453296661376953,0.08199999999999999,13.200000000000001
261,0.0005140304565429688,0.08199999999999999,13.200000000000001
262,0.0008382797241210938,0.084,13.200000000000001
263,0.002846240997314453,0.084,13.200000000000001
264,0.001024007797241211,0.084,13.200000000000001
265,0.0009999275207519531,0.084,13.200000000000001
266,0.0011768341064453125,0.084,13.200000000000001
267,0.0018761157989501953,0.084,12.8
268,0.0014903545379638672,0.084,12.8
269,0.001634836196899414,0.084,12.8
270,0.0011360645294189453,0.084,12.8
271,0.0016589164733886719,0.084,12.4
272,0.0012617111206054688,0.084,12.4
273,0.0007755756378173828,0.084,12.4
274,0.0004665851593017578,0.084,12.0
275,0.0006330013275146484,0.084,12.0
276,0.0005769729614257812,0.084,12.0
277,0.0008161067962646484,0.084,11.600000000000001
278,0.0005025863647460938,0.084,11.600000000000001
279,0.0008411407470703125,0.084,11.600000000000001
280,0.0010404586791992188,0.084,11.200000000000001
281,0.0012989044189453125,0.084,11.200000000000001
282,0.0009005069732666016,0.084,10.8
283,0.0025060176849365234,0.084,10.8
284,0.0005102157592773438,0.084,10.8
285,0.0005793571472167969,0.084,10.4
286,0.0005290508270263672,0.084,10.4
287,0.0017054080963134766,0.084,10.4
288,0.00115966796875,0.084,10.0
289,0.002276897430419922,0.084,10.0
290,0.0014121532440185547,0.084,10.0
291,0.0006062984466552734,0.084,10.0
292,0.0017962455749511719,0.084,10.0
293,0.0016484260559082031,0.084,10.0
294,0.0008542537689208984,0.084,9.600000000000001
295,0.00044226646423339844,0.084,9.600000000000001
296,0.001949310302734375,0.084,9.600000000000001
297,0.0016326904296875,0.084,9.600000000000001
298,0.0007076263427734375,0.086,10.0
299,0.0013773441314697266,0.08800000000000001,10.0
300,0.0009806156158447266,0.091,10.0
301,0.0038089752197265625,0.091,10.0
302,0.0016698837280273438,0.091,10.0
303,0.0015845298767089844,0.093,10.0
304,0.0008380413055419922,0.093,10.4
305,0.0008008480072021484,0.093,10.4
306,0.0008008480072021484,0.093,10.4
307,0.0008225440979003906,0.093,10.4
308,0.0007674694061279297,0.093,10.8
309,0.0011386871337890625,0.093,10.8
310,0.000985860824584961,0.095,10.8
311,0.0008587837219238281,0.097,11.200000000000001
312,0.001294851303100586,0.097,11.200000000000001
313,0.002072572708129883,0.097,11.600000000000001
314,0.0006995201110839844,0.097,11.600000000000001
315,0.000583648681640625,0.097,12.0
316,0.0006139278411865234,0.099,12.4
317,0.0013589859008789062,0.101,12.4
318,0.0006482601165771484,0.101,12.8
319,0.000690460205078125,0.106,13.200000000000001
320,0.002620697021484375,0.108,13.200000000000001
321,0.0020177364349365234,0.112,13.600000000000001
322,0.0020601749420166016,0.116,13.600000000000001
323,0.0015230178833007812,0.119,14.0
324,0.002443075180053711,0.123,14.4
325,0.0007560253143310547,0.127,14.8
326,0.0019218921661376953,0.129,14.8
327,0.002401590347290039,0.131,15.200000000000001
328,0.0013966560363769531,0.136,15.600000000000001
329,0.0006434917449951172,0.136,16.0
330,0.002246856689453125,0.136,16.0
331,0.0024857521057128906,0.136,16.400000000000002
332,0.001600503921508789,0.136,16.8
333,0.003066539764404297,0.136,17.2
334,0.0015332698822021484,0.138,17.6
335,0.0005548000335693359,0.138,18.0
336,0.0005266666412353516,0.138,18.8
337,0.003566265106201172,0.138,19.200000000000003
338,0.002555370330810547,0.138,19.6
339,0.0011966228485107422,0.138,20.0
340,0.0005886554718017578,0.138,20.8
341,0.0008261203765869141,0.142,21.200000000000003
342,0.00023436546325683594,0.142,21.6
343,0.00014734268188476562,0.14400000000000002,22.400000000000002
344,0.00045180320739746094,0.14400000000000002,23.200000000000003
345,0.0004923343658447266,0.14400000000000002,24.0
346,0.00020194053649902344,0.14400000000000002,24.400000000000002
347,0.0003235340118408203,0.149,24.8
348,0.0003108978271484375,0.151,25.200000000000003
349,0.0006196498870849609,0.151,26.0
350,0.0006012916564941406,0.155,26.400000000000002
351,0.0006859302520751953,0.157,26.8
352,0.0005545616149902344,0.162,27.200000000000003
353,0.00033545494079589844,0.162,27.6
354,0.0002040863037109375,0.16399999999999998,28.0
355,0.00048422813415527344,0.166,28.400000000000002
356,0.00047326087951660156,0.166,28.8
357,0.0001380443572998047,0.166,29.200000000000003
358,0.0004673004150390625,0.166,29.200000000000003
359,0.0008139610290527344,0.166,29.6
360,0.0011296272277832031,0.166,30.0
361,0.0006811618804931641,0.166,30.400000000000002
362,0.0010504722595214844,0.166,30.8
363,0.001766204833984375,0.166,30.8
364,0.001882791519165039,0.166,31.200000000000003
365,0.0016069412231445312,0.166,31.6
366,0.002481698989868164,0.166,32.0
367,0.0008091926574707031,0.166,32.0
368,0.002336263656616211,0.166,32.4
369,0.0005095005035400391,0.166,32.800000000000004
370,0.0012500286102294922,0.166,32.800000000000004
371,0.0005578994750976562,0.166,33.2
372,0.0004684925079345703,0.166,33.2
373,0.0004849433898925781,0.166,33.6
374,0.00035762786865234375,0.168,33.6
375,0.00017833709716796875,0.168,33.6
376,0.00035881996154785156,0.168,34.0
377,0.00047898292541503906,0.166,34.0
378,0.0003657341003417969,0.16399999999999998,34.0
379,0.00046062469482421875,0.162,34.0
380,0.00048613548278808594,0.159,34.0
381,0.0004334449768066406,0.157,34.0
382,0.00044655799865722656,0.157,34.0
383,0.00041866302490234375,0.157,34.0
384,0.0004553794860839844,0.153,34.0
385,0.0004162788391113281,0.153,34.0
386,0.0004036426544189453,0.153,33.6
387,0.000499725341796875,0.153,33.6
388,0.0004775524139404297,0.151,33.2
389,0.0005018711090087891,0.151,33.2
390,0.0007491111755371094,0.151,32.800000000000004
391,0.0007429122924804688,0.151,32.4
392,0.0007164478302001953,0.151,32.0
393,0.0011806488037109375,0.149,31.6
394,0.0013818740844726562,0.149,31.200000000000003
395,0.0004470348358154297,0.149,30.8
396,0.00046539306640625,0.14400000000000002,30.400000000000002
397,0.00042366981506347656,0.14400000000000002,30.0
398,0.0009036064147949219,0.142,29.200000000000003
399,0.00044727325439453125,0.142,28.8
400,0.0002682209014892578,0.142,28.400000000000002
401,0.0004968643188476562,0.142,27.6
402,0.00044727325439453125,0.14,27.200000000000003
403,0.0004248619079589844,0.14,26.400000000000002
404,0.00023818016052246094,0.14,26.0
405,0.00028586387634277344,0.14,25.200000000000003
406,0.00017523765563964844,0.14,24.8
407,0.00022482872009277344,0.14,24.0
408,0.00026988983154296875,0.14,23.200000000000003
409,0.0005471706390380859,0.14,22.8
410,0.0004646778106689453,0.14,22.0
411,0.00043201446533203125,0.14,21.6
412,0.0003707408905029297,0.14,21.200000000000003
413,0.0006000995635986328,0.14,20.400000000000002
414,0.0006730556488037109,0.14,20.0
415,0.00016736984252929688,0.14,19.6
416,0.0005919933319091797,0.14,19.200000000000003
417,0.0005204677581787109,0.14,18.400000000000002
418,0.0004942417144775391,0.14,18.400000000000002
419,0.002470254898071289,0.14,18.0
420,0.000492095947265625,0.14,17.6
421,0.0005235671997070312,0.14,17.2
422,0.0005300045013427734,0.14,17.2
423,0.0007805824279785156,0.14,16.8
424,0.0009796619415283203,0.14,16.8
425,0.001020669937133789,0.14,16.8
426,0.000690460205078125,0.14,16.8
427,0.0005731582641601562,0.142,16.8
428,0.0003726482391357422,0.142,16.8
429,0.00019598007202148438,0.14400000000000002,17.2
430,0.0009510517120361328,0.147,17.2
431,0.00017118453979492188,0.147,17.6
432,0.0005269050598144531,0.149,17.6
433,0.0005269050598144531,0.149,17.6
434,0.0003490447998046875,0.149,18.0
435,0.00018787384033203125,0.149,18.400000000000002
436,0.00020694732666015625,0.149,18.8
437,0.00024819374084472656,0.149,19.200000000000003
438,0.00019741058349609375,0.149,19.6
439,0.0004456043243408203,0.149,20.400000000000002
440,0.0002980232238769531,0.149,20.8
441,0.0005381107330322266,0.149,21.200000000000003
442,0.00042057037353515625,0.149,22.0
443,0.0004181861877441406,0.149,22.400000000000002
444,0.00023126602172851562,0.149,23.200000000000003
445,0.0003407001495361328,0.149,24.0
446,0.0005068778991699219,0.149,24.400000000000002
447,0.0004534721374511719,0.149,25.200000000000003
448,0.00047850608825683594,0.149,26.0
449,0.0004475116729736328,0.149,26.400000000000002
450,0.0004451274871826172,0.149,27.200000000000003
451,0.0005495548248291016,0.149,27.6
452,0.0008730888366699219,0.151,28.400000000000002
453,0.0009152889251708984,0.151,28.8
454,0.0007479190826416016,0.153,29.6
455,0.0007684230804443359,0.153,30.0
456,0.0004324913024902344,0.153,30.400000000000002
457,0.00044035911560058594,0.155,31.200000000000003
458,0.0008358955383300781,0.155,31.6
459,0.0011658668518066406,0.157,32.0
460,0.0004222393035888672,0.162,32.0
461,0.00039696693420410156,0.16399999999999998,32.4
462,0.0003287792205810547,0.166,32.800000000000004
463,0.0004894733428955078,0.166,32.800000000000004
464,0.0002942085266113281,0.168,33.2
465,0.00017023086547851562,0.168,33.2
466,0.00015115737915039062,0.17,33.2
467,0.00015163421630859375,0.17,33.6
468,0.0006341934204101562,0.17,33.6
469,0.00018215179443359375,0.17,33.6
470,0.0002429485321044922,0.172,33.6
471,0.0005300045013427734,0.181,33.6
472,0.00042819976806640625,0.181,33.6
473,0.0004210472106933594,0.181,33.6
474,0.0004394054412841797,0.181,33.2
475,0.000461578369140625,0.185,33.2
476,0.0002574920654296875,0.188,33.2
477,0.00024819374084472656,0.19,33.2
478,0.00016689300537109375,0.19,33.2
479,0.0007963180541992188,0.19,33.2
480,0.00015234947204589844,0.19,33.2
481,0.00018143653869628906,0.19,33.2
482,0.0001544952392578125,0.19,33.2
483,0.00014519691467285156,0.192,33.2
484,0.0001614093780517578,0.192,33.2
485,0.0005354881286621094,0.192,33.2
486,0.00016927719116210938,0.192,33.6
487,0.0005178451538085938,0.192,33.6
488,0.0004894733428955078,0.192,34.0
489,0.0004448890686035156,0.192,34.0
490,0.00045680999755859375,0.192,34.4
491,0.00045180320739746094,0.192,34.800000000000004
492,0.0006082057952880859,0.192,35.2
493,0.00047397613525390625,0.194,35.6
494,0.0004775524139404297,0.194,35.6
495,0.0004801750183105469,0.194,36.0
496,0.0002923011779785156,0.194,36.4
497,0.000568389892578125,0.194,36.800000000000004
498,0.00019025802612304688,0.194,37.2
499,0.0004355907440185547,0.194,38.0
500,0.0004382133483886719,0.194,38.400000000000006
501,0.0004267692565917969,0.194,38.800000000000004
502,0.0004203319549560547,0.194,39.2
503,0.0003616809844970703,0.194,39.6
504,0.0005025863647460938,0.194,40.0
505,0.0004773139953613281,0.194,40.400000000000006
506,0.0005285739898681641,0.194,40.800000000000004
507,0.0004851818084716797,0.194,41.2
508,0.0004544258117675781,0.194,41.6
509,0.0010564327239990234,0.194,42.0
510,0.0007002353668212891,0.194,42.400000000000006
511,0.002493143081665039,0.194,42.400000000000006
512,0.0006842613220214844,0.194,42.800000000000004
513,0.0008072853088378906,0.194,43.2
514,0.0006852149963378906,0.194,43.6
515,0.0005857944488525391,0.194,43.6
516,0.0004658699035644531,0.192,44.0
517,0.0005345344543457031,0.19,44.0
518,0.00018072128295898438,0.181,44.0
519,0.0006120204925537109,0.16399999999999998,44.400000000000006
520,0.00021076202392578125,0.151,44.400000000000006
521,0.00015115737915039062,0.14400000000000002,44.400000000000006
522,0.00028324127197265625,0.14,44.400000000000006
523,0.0006663799285888672,0.136,44.400000000000006
524,0.0002875328063964844,0.136,44.400000000000006
525,0.0003597736358642578,0.136,44.0
526,0.0004832744598388672,0.136,44.0
527,0.00032401084899902344,0.131,43.6
528,0.0004763603210449219,0.125,42.800000000000004
529,0.0004284381866455078,0.116,42.400000000000006
530,0.0005753040313720703,0.112,41.6
531,8.130073547363281e-05,0.108,40.800000000000004
532,0.0005748271942138672,0.101,39.6
533,0.0002548694610595703,0.101,38.400000000000006
534,0.0006008148193359375,0.101,37.2
535,0.0004715919494628906,0.101,36.0
536,0.0008749961853027344,0.101,34.4
537,0.0005507469177246094,0.101,32.800000000000004
538,0.00044989585876464844,0.101,31.200000000000003
539,0.00044226646423339844,0.101,29.200000000000003
540,0.000896453857421875,0.101,27.6
541,0.0007004737854003906,0.101,25.6
542,0.0028405189514160156,0.101,23.200000000000003
543,0.0018317699432373047,0.101,21.200000000000003
544,0.0014393329620361328,0.101,19.200000000000003
545,0.00029778480529785156,0.101,16.8
546,0.0006818771362304688,0.101,14.8
547,0.0001571178436279297,0.101,12.4
548,0.0010955333709716797,0.101,10.4
549,0.00021600723266601562,0.101,8.4
550,0.0001952648162841797,0.101,6.4
551,0.00022125244140625,0.101,4.4
552,0.00015425682067871094,0.101,2.4000000000000004
553,0.00023794174194335938,0.101,0.8
554,0.0004372596740722656,0.101,-0.8
555,0.0002243518829345703,0.101,-2.4000000000000004
556,0.0003044605255126953,0.101,-3.6
557,0.0004673004150390625,0.101,-4.800000000000001
558,0.0004246234893798828,0.101,-6.0
559,0.00045490264892578125,0.101,-6.800000000000001
560,0.00041961669921875,0.101,-7.6000000000000005
561,0.00042557716369628906,0.101,-8.0
562,0.0002589225769042969,0.101,-8.4
563,0.0005047321319580078,0.101,-8.4
564,0.00048828125,0.101,-8.4
565,0.0004436969757080078,0.101,-8.4
566,0.0006303787231445312,0.101,-7.6000000000000005
567,0.0007266998291015625,0.101,-7.2
568,0.000827789306640625,0.101,-6.4
569,0.0014052391052246094,0.101,-5.6000000000000005
570,0.0009064674377441406,0.101,-4.4
571,0.0006968975067138672,0.101,-3.2
572,0.0005657672882080078,0.101,-1.6
573,0.0007383823394775391,0.101,-0.4
574,0.0004343986511230469,0.101,1.2000000000000002
575,0.0005426406860351562,0.101,3.2
576,0.0004401206970214844,0.101,4.800000000000001
577,0.0005202293395996094,0.101,6.800000000000001
578,0.0004980564117431641,0.101,8.8
579,0.00047588348388671875,0.101,10.8
580,0.0004885196685791016,0.101,12.8
581,0.0005245208740234375,0.101,14.8
582,0.0004818439483642578,0.101,16.8
583,0.00047779083251953125,0.101,18.400000000000002
584,0.0005242824554443359,0.101,20.400000000000002
585,0.0005242824554443359,0.101,20.400000000000002
586,0.0004372596740722656,0.101,22.400000000000002
587,0.00045299530029296875,0.101,24.0
588,0.0004131793975830078,0.101,26.0
589,0.0006732940673828125,0.101,27.6
590,0.0001780986785888672,0.101,28.8
591,0.0006284713745117188,0.101,30.400000000000002
592,0.00045037269592285156,0.101,31.6
593,0.0004608631134033203,0.101,32.800000000000004
594,0.0004558563232421875,0.101,34.0
595,0.0006515979766845703,0.101,34.800000000000004
596,0.0023670196533203125,0.101,35.2
597,0.0007641315460205078,0.101,36.0
598,0.0015020370483398438,0.101,36.4
599,0.0009577274322509766,0.101,36.4
600,0.0004553794860839844,0.101,36.800000000000004
601,0.0004723072052001953,0.101,36.4
602,0.00029087066650390625,0.101,36.4
603,0.0004508495330810547,0.101,36.0
604,0.0004360675811767578,0.101,35.2
605,0.00041747093200683594,0.101,34.4
606,0.0005199909210205078,0.101,33.6
607,0.0004684925079345703,0.101,32.800000000000004
608,0.00038909912109375,0.101,31.6
609,0.0004668235778808594,0.101,30.400000000000002
610,0.0004372596740722656,0.101,29.200000000000003
611,0.0004363059997558594,0.101,27.6
612,0.00043964385986328125,0.101,26.0
613,0.0004258155822753906,0.101,24.400000000000002
614,0.0004315376281738281,0.101,22.8
615,0.0004162788391113281,0.101,21.200000000000003
616,0.0002465248107910156,0.101,19.200000000000003
617,0.00022149085998535156,0.101,17.6
618,0.0005342960357666016,0.101,15.600000000000001
619,0.0004699230194091797,0.101,14.0
620,0.0006511211395263672,0.101,12.0
621,0.0007295608520507812,0.101,10.4
622,0.0005233287811279297,0.101,8.4
623,0.0019114017486572266,0.101,6.800000000000001
624,0.0007548332214355469,0.101,5.2
625,0.0020194053649902344,0.101,4.0
626,0.0008251667022705078,0.101,2.4000000000000004
627,0.0004668235778808594,0.101,1.2000000000000002
628,0.0004782676696777344,0.101,0.0
629,0.0004582405090332031,0.101,-1.2000000000000002
630,0.0003006458282470703,0.101,-2.0
631,0.0001888275146484375,0.101,-2.8000000000000003
632,0.0005562305450439453,0.101,-3.6
633,0.00019598007202148438,0.101,-4.0
634,0.00030684471130371094,0.101,-4.4
635,0.0004107952117919922,0.101,-4.4
636,0.00044727325439453125,0.101,-4.4
637,0.0004763603210449219,0.101,-4.4
638,0.00044345855712890625,0.101,-4.0
639,0.00045108795166015625,0.101,-3.6
640,0.0004253387451171875,0.101,-3.2
641,0.00045013427734375,0.101,-2.4000000000000004
642,0.0004901885986328125,0.101,-1.6
643,0.0005023479461669922,0.101,-0.4
644,0.00045990943908691406,0.101,0.4
645,0.00045943260192871094,0.101,1.6
646,0.0006113052368164062,0.101,2.8000000000000003
647,0.0007915496826171875,0.101,4.4
648,0.0005223751068115234,0.101,5.6000000000000005
649,0.0008537769317626953,0.101,7.2
650,0.0008368492126464844,0.101,8.8
651,0.0012748241424560547,0.101,10.4
652,0.0007724761962890625,0.101,12.0
653,0.0015993118286132812,0.101,13.600000000000001
654,0.0005383491516113281,0.101,15.200000000000001
655,0.0004851818084716797,0.101,16.8
656,0.00043272972106933594,0.101,18.400000000000002
657,0.00048422813415527344,0.101,20.0
658,0.0005054473876953125,0.103,21.6
659,0.00048160552978515625,0.106,23.200000000000003
660,0.0004563331604003906,0.108,24.400000000000002
661,0.0005245208740234375,0.108,25.6
662,0.0005266666412353516,0.11,26.8
663,0.0005042552947998047,0.11,28.0
664,0.0004525184631347656,0.11,28.8
665,0.00046443939208984375,0.11,30.0
666,0.0004360675811767578,0.11,30.400000000000002
667,0.00044608116149902344,0.11,31.200000000000003
668,0.00042438507080078125,0.11,31.6
669,0.00041985511779785156,0.11,32.0
670,0.0003235340118408203,0.11,32.4
671,0.0005052089691162109,0.11,32.800000000000004
672,0.00027441978454589844,0.112,32.800000000000004
673,0.00045299530029296875,0.112,32.800000000000004
674,0.0004534721374511719,0.112,32.4
675,0.0005176067352294922,0.114,32.0
676,0.00046372413635253906,0.114,31.6
677,0.0010476112365722656,0.114,31.200000000000003
678,0.00041866302490234375,0.114,30.400000000000002
679,0.0014238357543945312,0.114,30.0
680,0.0005052089691162109,0.114,29.200000000000003
681,0.0004949569702148438,0.114,28.0
682,0.0005373954772949219,0.114,27.200000000000003
683,0.0004405975341796875,0.114,26.0
684,0.0004513263702392578,0.114,24.8
685,0.00015878677368164062,0.114,24.0
686,0.00015211105346679688,0.114,22.8
687,0.0001380443572998047,0.114,21.6
688,0.00013685226440429688,0.114,20.0
689,0.00015878677368164062,0.114,18.8
690,0.00015687942504882812,0.114,17.6
691,0.0005562305450439453,0.114,16.400000000000002
692,0.00045108795166015625,0.112,15.200000000000001
693,0.0004260540008544922,0.108,14.0
694,0.0004475116729736328,0.106,12.8
695,0.0004112720489501953,0.103,11.600000000000001
696,0.0004658699035644531,0.101,10.4
697,0.0003027915954589844,0.097,9.600000000000001
698,0.0004703998565673828,0.097,8.4
699,0.0004436969757080078,0.097,7.6000000000000005
700,0.00014209747314453125,0.097,6.800000000000001
701,0.0004646778106689453,0.097,6.0
702,0.000278472900390625,0.097,5.2
703,0.0006663799285888672,0.097,4.800000000000001
704,0.0009670257568359375,0.097,4.4
705,0.0005948543548583984,0.097,4.0
706,0.00055694580078125,0.097,3.6
707,0.0005240440368652344,0.097,3.2
708,0.0005390644073486328,0.097,3.2
709,0.0005517005920410156,0.097,3.2
710,0.0002732276916503906,0.097,3.2
711,0.0004515647888183594,0.097,3.2
712,0.0005414485931396484,0.097,3.6
713,0.00016450881958007812,0.097,4.0
714,0.00014925003051757812,0.097,4.0
715,0.00019931793212890625,0.097,4.800000000000001
716,0.00046443939208984375,0.097,5.2
717,0.00047397613525390625,0.097,5.6000000000000005
718,0.00042939186096191406,0.097,6.4
719,0.00045299530029296875,0.097,7.2
720,0.00041937828063964844,0.097,8.0
721,0.00044918060302734375,0.097,8.8
722,0.0004189014434814453,0.097,9.600000000000001
723,0.0005445480346679688,0.099,10.4
724,0.00015091896057128906,0.101,11.200000000000001
725,0.00015091896057128906,0.106,11.200000000000001
726,0.0004525184631347656,0.106,12.4
727,0.00046944618225097656,0.108,13.200000000000001
728,0.00047659873962402344,0.108,14.0
729,0.0007655620574951172,0.11,14.8
730,0.0005328655242919922,0.119,16.0
731,0.0021028518676757812,0.127,16.8
732,0.0010440349578857422,0.134,17.6
733,0.0016789436340332031,0.136,18.400000000000002
734,0.0009677410125732422,0.14,19.200000000000003
735,0.0005040168762207031,0.142,20.0
736,0.00023889541625976562,0.147,20.8
737,0.0005228519439697266,0.149,21.6
738,0.0005581378936767578,0.151,22.400000000000002
739,0.0002906322479248047,0.151,23.200000000000003
740,0.000240325927734375,0.151,24.0
741,0.00015664100646972656,0.151,24.400000000000002
742,0.0005831718444824219,0.151,25.200000000000003
743,0.00039458274841308594,0.151,25.6
744,0.00029158592224121094,0.151,26.400000000000002
745,0.0006213188171386719,0.155,26.8
746,0.00043320655822753906,0.155,27.6
747,0.0004718303680419922,0.155,28.0
748,0.00042724609375,0.155,28.400000000000002
749,0.0004525184631347656,0.155,29.200000000000003
750,0.0004830360412597656,0.155,29.6
751,0.00015616416931152344,0.155,30.0
752,0.0005979537963867188,0.155,30.400000000000002
753,0.0005145072937011719,0.155,30.8
754,0.0004525184631347656,0.155,31.200000000000003
755,0.0006778240203857422,0.155,31.6
756,0.0004904270172119141,0.155,31.6
757,0.00031113624572753906,0.155,32.0
758,0.0009503364562988281,0.155,32.4
759,0.0008561611175537109,0.155,32.4
760,0.000850677490234375,0.155,32.4
761,0.0016276836395263672,0.155,32.800000000000004
762,0.00041174888610839844,0.155,32.800000000000004
763,0.000492095947265625,0.155,32.800000000000004
764,0.00067901611328125,0.157,32.800000000000004
765,0.000499725341796875,0.162,32.800000000000004
766,0.00031256675720214844,0.168,32.4
767,0.0003743171691894531,0.17,32.4
768,0.0001652240753173828,0.17,32.4
769,0.0002262592315673828,0.175,32.0
770,0.00046062469482421875,0.175,32.0
771,0.0001575946807861328,0.175,31.6
772,0.00013446807861328125,0.175,31.6
773,0.00016999244689941406,0.179,31.200000000000003
774,0.000232696533203125,0.179,30.8
775,0.000438690185546875,0.179,30.8
776,0.0004208087921142578,0.181,30.400000000000002
777,0.0009481906890869141,0.183,30.400000000000002
778,0.0001888275146484375,0.183,30.0
779,0.0005357265472412109,0.185,30.0
780,0.00023365020751953125,0.185,29.6
781,0.0005791187286376953,0.185,29.6
782,0.0004439353942871094,0.185,29.6
783,0.0007524490356445312,0.185,29.6
784,0.0004432201385498047,0.185,29.6
785,0.0017209053039550781,0.19,29.6
786,0.0006499290466308594,0.19,29.6
787,0.0004954338073730469,0.19,30.0
788,0.00032591819763183594,0.19,30.0
789,0.0005826950073242188,0.194,30.400000000000002
790,0.0005037784576416016,0.194,30.8
791,0.0002460479736328125,0.194,30.8
792,0.00014925003051757812,0.196,31.200000000000003
793,0.0001537799835205078,0.198,31.6
794,0.0001785755157470703,0.198,32.0
795,0.00019359588623046875,0.198,32.800000000000004
796,0.0002884864807128906,0.2,33.2
797,0.00036835670471191406,0.203,33.6
798,0.0004603862762451172,0.203,34.4
799,0.00042819976806640625,0.203,34.800000000000004
800,0.0004730224609375,0.205,35.6
801,0.0004153251647949219,0.211,36.0
802,0.0004448890686035156,0.21600000000000005,36.800000000000004
803,0.00034809112548828125,0.21600000000000005,37.6
804,0.00046372413635253906,0.21600000000000005,38.400000000000006
805,0.00046539306640625,0.218,39.2
806,0.0004222393035888672,0.22,40.0
807,0.0007157325744628906,0.22,40.800000000000004
808,0.0005035400390625,0.22,41.6
809,0.001443624496459961,0.22,42.400000000000006
810,0.0007414817810058594,0.22,43.6
811,0.0017843246459960938,0.21600000000000005,44.400000000000006
812,0.00047850608825683594,0.211,45.2
813,0.0002288818359375,0.188,46.400000000000006
814,0.000614166259765625,0.172,47.2
815,0.0006275177001953125,0.157,48.0
816,0.0005419254302978516,0.153,49.2
817,0.00042939186096191406,0.153,50.0
818,0.00015211105346679688,0.149,50.800000000000004
819,0.0001468658447265625,0.147,51.6
820,0.0001990795135498047,0.14400000000000002,52.400000000000006
821,0.00026679039001464844,0.14400000000000002,53.2
822,0.00025725364685058594,0.14400000000000002,53.6
823,0.0003323554992675781,0.14400000000000002,54.0
824,0.0005543231964111328,0.14400000000000002,54.0
825,0.00045943260192871094,0.14400000000000002,54.0
826,0.00042128562927246094,0.14400000000000002,53.6
827,0.00045299530029296875,0.14400000000000002,53.2
828,0.0001423358917236328,0.14400000000000002,52.800000000000004
829,0.00018334388732910156,0.14400000000000002,52.0
830,0.0003380775451660156,0.14400000000000002,51.2
831,0.0004703998565673828,0.14400000000000002,50.0
832,0.0004470348358154297,0.14400000000000002,48.800000000000004
833,0.0004413127899169922,0.14400000000000002,47.2
834,0.0004944801330566406,0.14400000000000002,45.6
835,0.0004987716674804688,0.14400000000000002,44.0
836,0.0006153583526611328,0.14400000000000002,42.400000000000006
837,0.0012812614440917969,0.14400000000000002,40.400000000000006
838,0.0005476474761962891,0.14400000000000002,38.400000000000006
839,0.0013897418975830078,0.14400000000000002,36.4
840,0.00047087669372558594,0.14400000000000002,34.0
841,0.0005714893341064453,0.14400000000000002,32.0
842,0.0005292892456054688,0.14400000000000002,29.6
843,0.0002899169921875,0.14400000000000002,27.200000000000003
844,0.00022411346435546875,0.14400000000000002,25.200000000000003
845,0.00024008750915527344,0.14400000000000002,22.8
846,0.0001506805419921875,0.14400000000000002,20.400000000000002
847,0.0001347064971923828,0.14400000000000002,18.400000000000002
848,0.00017976760864257812,0.14400000000000002,16.0
849,0.0006597042083740234,0.14400000000000002,14.0
850,0.00025010108947753906,0.14400000000000002,12.0
851,0.00021147727966308594,0.14400000000000002,10.0
852,0.00030350685119628906,0.14400000000000002,8.4
853,0.0005958080291748047,0.14400000000000002,6.4
854,0.00042319297790527344,0.14400000000000002,5.2
855,0.0004532337188720703,0.14400000000000002,3.6
856,0.0003294944763183594,0.14400000000000002,2.4000000000000004
857,0.0001480579376220703,0.14400000000000002,1.6
858,0.00010776519775390625,0.147,0.8
859,0.0003783702850341797,0.151,0.0
860,0.0004305839538574219,0.151,-0.4
861,0.0005619525909423828,0.151,-0.8
862,0.0008702278137207031,0.151,-0.8
863,0.0004956722259521484,0.153,-0.8
864,0.0006279945373535156,0.155,-0.4
865,0.0005617141723632812,0.155,0.0
866,0.002282857894897461,0.155,0.8
867,0.0010139942169189453,0.155,2.0
868,0.0004737377166748047,0.155,2.8000000000000003
869,0.0004792213439941406,0.155,4.0
870,0.00024509429931640625,0.157,5.6000000000000005
871,0.0004892349243164062,0.157,7.2
872,0.00043487548828125,0.157,8.8
873,0.0004012584686279297,0.157,10.8
874,0.0002894401550292969,0.157,12.8
875,0.0002894401550292969,0.157,12.8
876,0.0002243518829345703,0.157,14.8
877,0.0002589225769042969,0.157,17.2
878,0.0004711151123046875,0.157,19.200000000000003
879,0.0002598762512207031,0.157,21.6
880,0.0002391338348388672,0.157,24.0
881,0.0005543231964111328,0.157,26.0
882,0.000522613525390625,0.157,28.400000000000002
883,0.0004246234893798828,0.157,30.8
884,0.0004200935363769531,0.157,32.800000000000004
885,0.00042700767517089844,0.157,35.2
886,0.0002276897430419922,0.157,37.2
887,0.0005104541778564453,0.157,39.2
888,0.000354766845703125,0.157,41.2
889,0.0004639625549316406,0.157,43.2
890,0.0004572868347167969,0.157,44.800000000000004
891,0.0006425380706787109,0.157,46.400000000000006
892,0.0005249977111816406,0.157,48.0
893,0.002355813980102539,0.157,49.2
894,0.0008497238159179688,0.157,50.400000000000006
895,0.0006291866302490234,0.157,51.6
896,0.000946044921875,0.157,52.400000000000006
897,0.0006129741668701172,0.157,53.2
898,0.00044727325439453125,0.157,53.6
899,0.0004622936248779297,0.157,54.0
900,0.00041675567626953125,0.157,54.400000000000006
901,0.000492095947265625,0.157,54.400000000000006
902,0.0004761219024658203,0.155,54.0
903,0.0004792213439941406,0.155,54.0
904,0.00046062469482421875,0.155,53.6
905,0.0003726482391357422,0.155,52.800000000000004
906,0.0002727508544921875,0.155,52.0
907,0.0004901885986328125,0.155,51.2
908,0.0004417896270751953,0.155,50.400000000000006
909,0.00042939186096191406,0.155,49.2
910,0.0004239082336425781,0.155,47.6
911,0.0004134178161621094,0.153,46.400000000000006
912,0.0005071163177490234,0.153,44.800000000000004
913,0.0001850128173828125,0.153,43.2
914,0.0004892349243164062,0.153,41.6
915,0.0006773471832275391,0.153,39.6
916,0.0004875659942626953,0.153,37.6
917,0.0007293224334716797,0.153,35.6
918,0.0015573501586914062,0.153,33.6
919,0.0021049976348876953,0.153,31.6
920,0.0011479854583740234,0.153,29.6
921,0.0017495155334472656,0.153,27.6
922,0.0005161762237548828,0.153,25.200000000000003
923,0.0041196346282958984,0.153,23.200000000000003
924,0.0004305839538574219,0.153,21.200000000000003
925,0.00046253204345703125,0.153,19.200000000000003
926,0.0005314350128173828,0.153,17.6
927,0.0004794597625732422,0.153,15.600000000000001
928,0.00019931793212890625,0.153,14.0
929,0.00014901161193847656,0.153,12.4
930,0.00016736984252929688,0.153,10.8
931,0.0003509521484375,0.153,9.200000000000001
932,0.0001888275146484375,0.153,8.0
933,0.00019884109497070312,0.153,6.800000000000001
934,0.00029850006103515625,0.153,6.0
935,0.0003066062927246094,0.153,5.2
936,0.0005738735198974609,0.153,4.800000000000001
937,0.00042724609375,0.153,4.4
938,0.0004229545593261719,0.153,4.0
939,0.0004134178161621094,0.153,4.0
940,0.0006070137023925781,0.153,4.0
941,0.00015783309936523438,0.153,4.4
942,0.00034356117248535156,0.153,4.800000000000001
943,0.00036406517028808594,0.153,5.2
944,0.0003876686096191406,0.153,6.0
945,0.0002951622009277344,0.153,7.2
946,0.0007495880126953125,0.153,8.0
947,0.0018601417541503906,0.153,9.200000000000001
948,0.0005013942718505859,0.153,10.4
949,0.0007417201995849609,0.153,12.0
950,0.000537872314453125,0.153,13.600000000000001
951,0.0009992122650146484,0.153,15.200000000000001
952,0.0005748271942138672,0.153,16.8
953,0.0003325939178466797,0.153,18.400000000000002
954,0.00047278404235839844,0.153,20.400000000000002
955,0.00047898292541503906,0.153,22.400000000000002
956,0.00036144256591796875,0.153,24.0
957,0.0005016326904296875,0.153,26.0
958,0.0004668235778808594,0.153,27.6
959,0.0003085136413574219,0.153,29.6
960,0.0005037784576416016,0.153,31.6
961,0.00020837783813476562,0.153,33.2
962,0.0004649162292480469,0.153,34.800000000000004
963,0.0004298686981201172,0.153,36.4
964,0.00046253204345703125,0.153,38.0
965,0.0004336833953857422,0.153,39.6
966,0.0004360675811767578,0.153,40.800000000000004
967,0.0003256797790527344,0.153,42.0
968,0.0005035400390625,0.153,43.2
969,0.0005211830139160156,0.153,44.400000000000006
970,0.0008199214935302734,0.153,45.2
971,0.0008456707000732422,0.153,46.0
972,0.0005550384521484375,0.153,46.800000000000004
973,0.0019087791442871094,0.153,47.2
974,0.0009129047393798828,0.153,47.6
975,0.003256082534790039,0.153,47.6
976,0.001356363296508789,0.153,47.6
977,0.0016355514526367188,0.153,47.6
978,0.00047469139099121094,0.153,47.6
979,0.00032520294189453125,0.153,47.2
980,0.0006673336029052734,0.153,46.800000000000004
981,0.0006873607635498047,0.153,46.400000000000006
982,0.00046753883361816406,0.153,45.6
983,0.0003306865692138672,0.153,44.800000000000004
984,0.00022220611572265625,0.153,43.6
985,0.00015497207641601562,0.153,42.800000000000004
986,0.0003750324249267578,0.153,41.6
987,0.0002655982971191406,0.153,40.400000000000006
988,0.0005464553833007812,0.153,39.2
989,0.00044536590576171875,0.153,37.6
990,0.0004227161407470703,0.153,36.4
991,0.00044345855712890625,0.153,34.800000000000004
992,0.00041675567626953125,0.153,33.2
993,0.00041866302490234375,0.153,31.6
994,0.00041222572326660156,0.153,30.0
995,0.000247955322265625,0.153,28.400000000000002
996,0.00026106834411621094,0.153,26.8
997,0.0003147125244140625,0.153,25.200000000000003
998,0.0005764961242675781,0.153,23.6
999,0.0004353523254394531,0.153,22.0
1000,0.00041937828063964844,0.153,20.400000000000002
1001,0.00045180320739746094,0.153,19.200000000000003
1002,0.0004761219024658203,0.153,17.6
1003,0.002046346664428711,0.153,16.400000000000002
1004,0.0007596015930175781,0.153,15.200000000000001
1005,0.0018024444580078125,0.153,14.0
1006,0.0004940032958984375,0.153,13.200000000000001
1007,0.0002853870391845703,0.153,12.0
1008,0.0007548332214355469,0.153,11.200000000000001
1009,0.00015115737915039062,0.153,10.8
1010,0.0008661746978759766,0.153,10.0
1011,0.000179290771484375,0.153,9.600000000000001
1012,0.00023508071899414062,0.153,9.600000000000001
1013,0.00015497207641601562,0.153,9.200000000000001
1014,0.0002989768981933594,0.153,9.200000000000001
1015,0.0001685619354248047,0.153,9.600000000000001
1016,0.00014591217041015625,0.153,9.600000000000001
1017,0.0002243518829345703,0.153,10.0
1018,0.00023436546325683594,0.153,10.8
1019,0.0003914833068847656,0.153,11.200000000000001
1020,0.00043487548828125,0.153,12.0
1021,0.0004489421844482422,0.153,12.8
1022,0.0004279613494873047,0.153,14.0
1023,0.0005087852478027344,0.153,14.8
1024,0.00026345252990722656,0.153,16.0
1025,0.0007364749908447266,0.153,17.2
1026,0.0004475116729736328,0.153,18.400000000000002
1027,0.0004394054412841797,0.153,19.6
1028,0.0005548000335693359,0.153,21.200000000000003
1029,0.0005805492401123047,0.153,22.400000000000002
1030,0.0008273124694824219,0.153,24.0
1031,0.0004825592041015625,0.153,25.200000000000003
1032,0.0016942024230957031,0.153,26.8
1033,0.0006773471832275391,0.153,28.400000000000002
1034,0.0003223419189453125,0.153,29.6
1035,0.0003223419189453125,0.153,29.6
1036,0.00045943260192871094,0.153,30.8
1037,0.00029659271240234375,0.153,32.4
1038,0.00020551681518554688,0.153,33.6
1039,0.00014400482177734375,0.153,34.800000000000004
1040,0.00015163421630859375,0.153,36.0
1041,0.0001652240753173828,0.153,37.2
1042,0.00017571449279785156,0.153,38.0
1043,0.0005879402160644531,0.153,38.800000000000004
1044,0.00039315223693847656,0.153,40.0
1045,0.0005381107330322266,0.153,40.400000000000006
1046,0.00041985511779785156,0.153,41.2
1047,0.00042128562927246094,0.153,41.6
1048,0.00041222572326660156,0.153,42.0
1049,0.0002593994140625,0.153,42.400000000000006
1050,0.0005021095275878906,0.153,42.800000000000004
1051,0.0004532337188720703,0.153,42.800000000000004
1052,0.0005156993865966797,0.153,42.800000000000004
1053,0.0005788803100585938,0.153,42.800000000000004
1054,0.00048065185546875,0.153,42.400000000000006
1055,0.0008459091186523438,0.153,42.0
1056,0.0004913806915283203,0.153,41.6
1057,0.0010378360748291016,0.153,41.2
1058,0.0003006458282470703,0.153,40.400000000000006
1059,0.001024484634399414,0.153,40.0
1060,0.0006361007690429688,0.153,39.2
1061,0.0008184909820556641,0.153,38.0
1062,0.00036144256591796875,0.153,37.2
1063,0.0004525184631347656,0.153,36.0
1064,0.0004353523254394531,0.153,35.2
1065,0.0004515647888183594,0.153,34.0
1066,0.0005102157592773438,0.153,32.800000000000004
1067,0.00046372413635253906,0.153,31.6
1068,0.000514984130859375,0.153,30.400000000000002
1069,0.0004582405090332031,0.153,29.200000000000003
1070,0.00036144256591796875,0.153,28.0
1071,0.00045418739318847656,0.153,26.8
1072,0.00044226646423339844,0.153,25.6
1073,0.00042629241943359375,0.153,24.400000000000002
1074,0.0004658699035644531,0.153,23.200000000000003
1075,0.0005042552947998047,0.153,22.0
1076,0.0003085136413574219,0.153,20.8
1077,0.00046634674072265625,0.153,20.0
1078,0.00015425682067871094,0.153,18.8
1079,0.0006439685821533203,0.153,18.0
1080,0.00045037269592285156,0.153,17.2
1081,0.0008065700531005859,0.153,16.400000000000002
1082,0.0005130767822265625,0.153,15.600000000000001
1083,0.0004684925079345703,0.153,15.200000000000001
1084,0.0016613006591796875,0.153,14.8
1085,0.0005154609680175781,0.153,14.4
1086,0.001566171646118164,0.153,14.0
1087,0.0005505084991455078,0.153,13.600000000000001
1088,0.0010211467742919922,0.153,13.600000000000001
1089,0.0007796287536621094,0.153,13.600000000000001
1090,0.0004279613494873047,0.153,13.600000000000001
1091,0.0004904270172119141,0.153,14.0
1092,0.0002944469451904297,0.153,14.0
1093,0.0005328655242919922,0.153,14.4
1094,0.0003228187561035156,0.153,15.200000000000001
1095,0.00015044212341308594,0.153,15.600000000000001
1096,0.0001461505889892578,0.153,16.0
1097,0.0001819133758544922,0.153,16.8
1098,0.0004899501800537109,0.153,17.6
1099,0.00044155120849609375,0.153,18.400000000000002
1100,0.0004303455352783203,0.153,19.200000000000003
1101,0.0004329681396484375,0.153,20.400000000000002
1102,0.00046825408935546875,0.153,21.200000000000003
1103,0.000423431396484375,0.153,22.400000000000002
1104,0.00044655799865722656,0.153,23.200000000000003
1105,0.0005135536193847656,0.153,24.400000000000002
1106,0.00023174285888671875,0.153,25.200000000000003
1107,0.0005447864532470703,0.153,26.400000000000002
1108,0.00047850608825683594,0.153,27.6
1109,0.0005388259887695312,0.153,28.400000000000002
1110,0.0004894733428955078,0.153,29.6
1111,0.0007102489471435547,0.153,30.400000000000002
1112,0.0006177425384521484,0.153,31.6
1113,0.002282857894897461,0.153,32.4
1114,0.0011680126190185547,0.153,33.2
1115,0.0007703304290771484,0.153,34.0
1116,0.0011506080627441406,0.153,34.800000000000004
1117,0.0003752708435058594,0.153,35.6
1118,0.0005242824554443359,0.149,36.0
1119,0.0006124973297119141,0.149,36.800000000000004
1120,0.0004642009735107422,0.147,37.2
1121,0.0004956722259521484,0.14400000000000002,37.6
1122,0.0001575946807861328,0.14400000000000002,38.0
1123,0.00013494491577148438,0.142,38.0
1124,0.00021910667419433594,0.142,38.400000000000006
1125,0.0006043910980224609,0.14,38.400000000000006
1126,0.00043463706970214844,0.136,38.400000000000006
1127,0.00043582916259765625,0.136,38.400000000000006
1128,0.0004296302795410156,0.136,38.0
1129,0.0004329681396484375,0.136,37.6
1130,0.0004291534423828125,0.136,37.2
1131,0.0004239082336425781,0.136,36.800000000000004
1132,0.00020241737365722656,0.136,36.4
1133,0.0005519390106201172,0.136,35.6
1134,0.00046515464782714844,0.136,34.800000000000004
1135,0.00045108795166015625,0.136,34.0
1136,0.00044846534729003906,0.136,32.800000000000004
1137,0.0004982948303222656,0.136,32.0
1138,0.0008730888366699219,0.136,30.8
1139,0.0007863044738769531,0.136,30.0
1140,0.0014345645904541016,0.136,28.8
1141,0.0006747245788574219,0.136,27.6
1142,0.0006883144378662109,0.136,26.400000000000002
1143,0.00043082237243652344,0.136,24.8
1144,0.0004360675811767578,0.136,23.6
1145,0.00041985511779785156,0.136,22.400000000000002
1146,0.00044846534729003906,0.136,21.200000000000003
1147,0.0002868175506591797,0.136,20.0
1148,0.0001659393310546875,0.136,18.8
1149,0.00016570091247558594,0.136,17.6
1150,0.00016808509826660156,0.136,16.400000000000002
1151,0.00017023086547851562,0.136,15.200000000000001
1152,0.0001518726348876953,0.136,14.4
1153,0.00014209747314453125,0.136,13.200000000000001
1154,0.00011658668518066406,0.136,12.4
1155,0.00019073486328125,0.136,11.600000000000001
1156,0.00014781951904296875,0.136,10.8
1157,0.00018286705017089844,0.136,10.0
1158,0.0002541542053222656,0.136,9.600000000000001
1159,0.00022077560424804688,0.136,9.200000000000001
1160,0.0002193450927734375,0.136,8.8
1161,0.00046253204345703125,0.136,8.8
1162,0.0006349086761474609,0.136,8.4
1163,0.0004520416259765625,0.136,8.4
1164,0.0004911422729492188,0.136,8.8
1165,0.0001475811004638672,0.136,8.8
1166,0.0001475811004638672,0.136,8.8
1167,0.0005533695220947266,0.136,9.200000000000001
1168,0.00046181678771972656,0.136,9.600000000000001
1169,0.0004994869232177734,0.136,10.0
1170,0.000469207763671875,0.136,10.8
1171,0.0004470348358154297,0.136,11.200000000000001
1172,0.00046634674072265625,0.136,12.0
1173,0.00048804283142089844,0.136,12.8
1174,0.0005371570587158203,0.136,14.0
1175,0.0001571178436279297,0.136,14.8
1176,0.000152587890625,0.136,15.600000000000001
1177,0.0002484321594238281,0.136,16.8
1178,0.0005407333374023438,0.136,18.0
1179,0.0002601146697998047,0.136,18.8
1180,0.0004029273986816406,0.136,20.0
1181,0.0005476474761962891,0.136,21.200000000000003
1182,0.00046944618225097656,0.136,22.400000000000002
1183,0.00042748451232910156,0.136,23.6
1184,0.0004398822784423828,0.136,24.400000000000002
1185,0.00041556358337402344,0.136,25.6
1186,0.0001575946807861328,0.136,26.8
1187,0.0006222724914550781,0.136,27.6
1188,0.0003266334533691406,0.136,28.8
1189,0.00043010711669921875,0.136,29.6
1190,0.0005273818969726562,0.136,30.400000000000002
1191,0.0006606578826904297,0.136,31.200000000000003
1192,0.0007822513580322266,0.136,32.0
1193,0.0005064010620117188,0.136,32.4
1194,0.0006990432739257812,0.136,32.800000000000004
1195,0.0005128383636474609,0.136,33.6
1196,0.000843048095703125,0.136,34.0
1197,0.00040984153747558594,0.136,34.0
1198,0.0004868507385253906,0.136,34.4
1199,0.00035262107849121094,0.136,34.4
1200,0.0004534721374511719,0.138,34.4
1201,0.00029659271240234375,0.14,34.4
1202,0.0005192756652832031,0.142,34.0
1203,0.0001666545867919922,0.14400000000000002,34.0
1204,0.00024247169494628906,0.14400000000000002,33.6
1205,0.0004930496215820312,0.147,33.2
1206,0.00041794776916503906,0.147,32.4
1207,0.00057220458984375,0.147,32.0
1208,0.00044155120849609375,0.147,31.200000000000003
1209,0.00043272972106933594,0.147,30.8
1210,0.0004305839538574219,0.147,30.0
1211,0.00042057037353515625,0.147,29.200000000000003
1212,0.00045180320739746094,0.149,28.400000000000002
1213,0.0001556873321533203,0.149,27.6
1214,0.0007066726684570312,0.151,26.8
1215,0.0004401206970214844,0.151,26.0
1216,0.0007278919219970703,0.153,25.200000000000003
1217,0.0004553794860839844,0.153,24.400000000000002
1218,0.0005178451538085938,0.157,23.6
1219,0.0006160736083984375,0.157,22.8
1220,0.0017895698547363281,0.157,22.0
1221,0.00052642822265625,0.157,21.200000000000003
1222,0.0019876956939697266,0.157,20.400000000000002
1223,0.0012412071228027344,0.157,20.0
1224,0.0005252361297607422,0.157,19.200000000000003
1225,0.00021910667419433594,0.157,18.8
1226,0.0009436607360839844,0.157,18.400000000000002
1227,0.0002231597900390625,0.157,18.0
1228,0.0009219646453857422,0.159,17.6
1229,0.00015234947204589844,0.159,17.6
1230,0.0001552104949951172,0.159,17.2
1231,0.00014519691467285156,0.159,17.2
1232,0.0002899169921875,0.159,17.2
1233,0.00024771690368652344,0.159,17.6
1234,0.00020694732666015625,0.159,17.6
1235,0.00023698806762695312,0.159,18.0
1236,0.0005545616149902344,0.159,18.400000000000002
1237,0.00046825408935546875,0.159,18.8
1238,0.00043654441833496094,0.159,19.200000000000003
1239,0.0004200935363769531,0.159,20.0
1240,0.0004496574401855469,0.159,20.400000000000002
1241,0.00030112266540527344,0.159,21.200000000000003
1242,0.00048613548278808594,0.159,22.0
1243,0.00043964385986328125,0.159,22.8
1244,0.0005452632904052734,0.159,23.6
1245,0.0004718303680419922,0.159,24.400000000000002
1246,0.00042438507080078125,0.159,25.200000000000003
1247,0.0021581649780273438,0.159,26.0
1248,0.0007822513580322266,0.159,26.8
1249,0.0018451213836669922,0.159,28.0
1250,0.0007779598236083984,0.159,28.8
1251,0.0017268657684326172,0.159,29.6
1252,0.0010495185852050781,0.159,30.400000000000002
1253,0.0002307891845703125,0.159,31.200000000000003
1254,0.0003077983856201172,0.159,32.0
1255,0.0006587505340576172,0.159,32.800000000000004
1256,0.00020551681518554688,0.159,33.6
1257,0.0009982585906982422,0.159,34.4
1258,0.00015926361083984375,0.159,35.2
1259,0.0001728534698486328,0.159,35.6
1260,0.0001506805419921875,0.159,36.0
1261,0.00014448165893554688,0.162,36.800000000000004
1262,0.0001556873321533203,0.16399999999999998,37.2
1263,0.00017404556274414062,0.16399999999999998,37.6
1264,0.00014829635620117188,0.16399999999999998,37.6
1265,0.00031828880310058594,0.166,38.0
1266,0.00021195411682128906,0.166,38.0
1267,0.0004260540008544922,0.168,38.400000000000006
1268,0.00043320655822753906,0.168,38.400000000000006
1269,0.00042724609375,0.168,38.400000000000006
1270,0.000202178955078125,0.168,38.0
1271,0.00015497207641601562,0.17,38.0
1272,0.0002562999725341797,0.17,37.6
1273,0.00041794776916503906,0.17,37.6
1274,0.00044274330139160156,0.17,37.2
1275,0.0005228519439697266,0.17,36.800000000000004
1276,0.0009171962738037109,0.17,36.800000000000004
1277,0.0004673004150390625,0.17,36.4
1278,0.00034499168395996094,0.17,36.0
1279,0.0005004405975341797,0.17,35.6
1280,0.0015332698822021484,0.17,34.800000000000004
1281,0.0012204647064208984,0.17,34.4
1282,0.0005340576171875,0.17,34.0
1283,0.0004968643188476562,0.17,33.6
1284,0.000885009765625,0.17,33.2
1285,0.0001659393310546875,0.17,32.4
1286,0.0006830692291259766,0.17,32.0
1287,0.00016117095947265625,0.17,31.6
1288,0.0003464221954345703,0.17,31.200000000000003
1289,0.0002288818359375,0.17,30.400000000000002
1290,0.00015544891357421875,0.16399999999999998,30.0
1291,0.00014925003051757812,0.155,29.6
1292,0.0001456737518310547,0.151,29.200000000000003
1293,0.0002739429473876953,0.151,28.8
1294,0.00016689300537109375,0.147,28.400000000000002
1295,0.0004961490631103516,0.14,28.0
1296,0.00042510032653808594,0.14,27.6
1297,0.00042700767517089844,0.138,27.200000000000003
1298,0.00044465065002441406,0.138,26.8
1299,0.0004329681396484375,0.138,26.8
1300,0.0005109310150146484,0.138,26.400000000000002
1301,0.00019216537475585938,0.138,26.0
1302,0.0006766319274902344,0.136,25.6
1303,0.0005011558532714844,0.134,25.200000000000003
1304,0.0009379386901855469,0.131,24.8
1305,0.0007371902465820312,0.129,24.400000000000002
1306,0.0006339550018310547,0.129,24.0
1307,0.0008904933929443359,0.129,23.6
1308,0.0017743110656738281,0.129,23.200000000000003
1309,0.0011281967163085938,0.129,22.8
1310,0.00109100341796875,0.129,22.400000000000002
1311,0.0016598701477050781,0.129,22.0
1312,0.0006427764892578125,0.129,21.6
1313,0.0008118152618408203,0.129,21.200000000000003
1314,0.00016355514526367188,0.129,20.8
1315,0.0006718635559082031,0.129,20.400000000000002
1316,0.00016999244689941406,0.129,20.0
1317,0.0016622543334960938,0.129,19.6
1318,0.0016622543334960938,0.129,19.6
1319,0.0001659393310546875,0.131,19.200000000000003
1320,0.0004513263702392578,0.131,18.8
1321,0.00015234947204589844,0.131,18.400000000000002
1322,0.0001723766326904297,0.134,18.0
1323,0.0004425048828125,0.134,17.6
1324,0.0001461505889892578,0.134,17.6
1325,0.00043964385986328125,0.138,17.2
1326,0.00045609474182128906,0.138,16.8
1327,0.0004172325134277344,0.138,16.8
1328,0.0004475116729736328,0.138,16.400000000000002
1329,0.00041365623474121094,0.138,16.400000000000002
1330,0.00028634071350097656,0.138,16.400000000000002
1331,0.0001595020294189453,0.138,16.400000000000002
1332,0.0014958381652832031,0.142,16.400000000000002
1333,0.0003056526184082031,0.14400000000000002,16.400000000000002
1334,0.0007150173187255859,0.14400000000000002,16.400000000000002
1335,0.0004341602325439453,0.14400000000000002,16.8
1336,0.0005972385406494141,0.14400000000000002,16.8
1337,0.0006489753723144531,0.14400000000000002,17.2
1338,0.00043082237243652344,0.14400000000000002,17.2
1339,0.0008351802825927734,0.14400000000000002,17.6
1340,0.0006365776062011719,0.14400000000000002,18.0
1341,0.0003561973571777344,0.14400000000000002,18.400000000000002
1342,0.00017380714416503906,0.14400000000000002,18.8
1343,0.0006809234619140625,0.14400000000000002,19.6
1344,0.00022482872009277344,0.14400000000000002,20.0
1345,0.0004410743713378906,0.14400000000000002,20.400000000000002
1346,0.00015735626220703125,0.14400000000000002,21.200000000000003
1347,0.0001533031463623047,0.14400000000000002,21.6
1348,0.00014591217041015625,0.14400000000000002,22.400000000000002
1349,0.00017523765563964844,0.14400000000000002,22.8
1350,0.00019860267639160156,0.14400000000000002,23.6
1351,0.00020122528076171875,0.14400000000000002,24.400000000000002
1352,0.0003008842468261719,0.14400000000000002,24.8
1353,0.0003170967102050781,0.14400000000000002,25.6
1354,0.0005469322204589844,0.14400000000000002,26.0
1355,0.0004532337188720703,0.14400000000000002,26.8
1356,0.0004253387451171875,0.14400000000000002,27.200000000000003
1357,0.0004220008850097656,0.14400000000000002,28.0
1358,0.00024127960205078125,0.14400000000000002,28.400000000000002
1359,0.0006687641143798828,0.14400000000000002,28.8
1360,0.0004930496215820312,0.14400000000000002,29.200000000000003
1361,0.00047707557678222656,0.136,29.6
1362,0.0006616115570068359,0.127,30.0
1363,0.00048089027404785156,0.123,30.400000000000002
1364,0.00048661231994628906,0.119,30.8
1365,0.0008826255798339844,0.116,30.8
1366,0.00043392181396484375,0.114,31.200000000000003
1367,0.0004532337188720703,0.112,31.200000000000003
1368,0.00042629241943359375,0.11,31.200000000000003
1369,0.0005443096160888672,0.108,31.200000000000003
1370,0.00034928321838378906,0.108,31.200000000000003
1371,0.0004985332489013672,0.108,31.200000000000003
1372,0.0005166530609130859,0.108,30.8
1373,0.0004703998565673828,0.103,30.400000000000002
1374,0.00028586387634277344,0.103,30.0
1375,0.0001666545867919922,0.103,29.200000000000003
1376,0.0001533031463623047,0.103,28.8
1377,0.0003542900085449219,0.103,28.0
1378,0.00048279762268066406,0.103,27.200000000000003
1379,0.0004303455352783203,0.103,26.400000000000002
1380,0.00046944618225097656,0.103,25.200000000000003
1381,0.0004267692565917969,0.103,24.400000000000002
1382,0.0005495548248291016,0.103,23.200000000000003
1383,0.0004508495330810547,0.103,22.0
1384,0.00042247772216796875,0.103,20.8
1385,0.00016689300537109375,0.103,19.6
1386,0.000148773193359375,0.103,18.400000000000002
1387,0.0006258487701416016,0.103,17.2
1388,0.0003299713134765625,0.106,15.600000000000001
1389,0.0006601810455322266,0.108,14.4
1390,0.0005946159362792969,0.11,13.200000000000001
1391,0.0005085468292236328,0.11,12.0
1392,0.0008268356323242188,0.11,10.8
1393,0.000997304916381836,0.114,9.600000000000001
1394,0.0012333393096923828,0.114,8.8
1395,0.0006492137908935547,0.114,7.6000000000000005
1396,0.0002923011779785156,0.116,6.800000000000001
1397,0.0004837512969970703,0.116,6.0
1398,0.00031256675720214844,0.116,5.2
1399,0.00048160552978515625,0.116,4.4
1400,0.0006048679351806641,0.121,4.0
1401,0.00015091896057128906,0.121,3.6
1402,0.00014638900756835938,0.121,3.2
1403,0.00014853477478027344,0.121,2.8000000000000003
1404,0.00012683868408203125,0.123,2.8000000000000003
1405,0.00019216537475585938,0.123,3.2
1406,0.00023937225341796875,0.123,3.2
1407,0.0002543926239013672,0.123,4.0
1408,0.0005342960357666016,0.123,4.4
1409,0.00045371055603027344,0.125,4.800000000000001
1410,0.0004181861877441406,0.125,5.6000000000000005
1411,0.0004374980926513672,0.125,6.800000000000001
1412,0.00024366378784179688,0.127,7.6000000000000005
1413,0.00014519691467285156,0.127,8.8
1414,0.00035381317138671875,0.127,9.600000000000001
1415,0.0004925727844238281,0.127,10.8
1416,0.0005121231079101562,0.129,12.4
1417,0.001005411148071289,0.129,13.600000000000001
1418,0.0002887248992919922,0.131,14.8
1419,0.0007345676422119141,0.134,16.400000000000002
1420,0.0005741119384765625,0.138,17.6
1421,0.0018475055694580078,0.14,19.200000000000003
1422,0.0010364055633544922,0.142,20.400000000000002
1423,0.0005421638488769531,0.142,22.0
1424,0.00036025047302246094,0.142,23.6
1425,0.0006852149963378906,0.142,24.8
1426,0.00022864341735839844,0.142,26.0
1427,0.0010175704956054688,0.142,27.6
1428,0.0001537799835205078,0.142,28.8
1429,0.00021576881408691406,0.142,30.0
1430,0.00015664100646972656,0.142,31.200000000000003
1431,0.00012946128845214844,0.142,32.4
1432,0.00021910667419433594,0.142,33.6
1433,0.00042128562927246094,0.142,34.4
1434,0.0004398822784423828,0.142,35.2
1435,0.0004572868347167969,0.142,36.0
1436,0.0004215240478515625,0.142,36.800000000000004
1437,0.00044274330139160156,0.142,37.6
1438,0.00042748451232910156,0.142,38.0
1439,0.00042939186096191406,0.142,38.400000000000006
1440,0.00029540061950683594,0.142,38.800000000000004
1441,0.0001513957977294922,0.138,38.800000000000004
1442,0.0006597042083740234,0.138,39.2
1443,0.00045752525329589844,0.134,39.2
1444,0.00047779083251953125,0.129,38.800000000000004
1445,0.0004527568817138672,0.129,38.800000000000004
1446,0.0004642009735107422,0.127,38.400000000000006
1447,0.00091552734375,0.123,38.0
1448,0.0007922649383544922,0.123,37.6
1449,0.0018091201782226562,0.121,36.800000000000004
1450,0.0006811618804931641,0.119,36.0
1451,0.0008311271667480469,0.116,35.2
1452,0.00048804283142089844,0.112,34.4
1453,0.0002646446228027344,0.112,33.2
1454,0.0004975795745849609,0.112,32.0
1455,0.00030541419982910156,0.112,30.8
1456,0.0003101825714111328,0.112,29.6
1457,0.00021314620971679688,0.112,28.400000000000002
1458,0.00021314620971679688,0.11,28.400000000000002
1459,0.0005047321319580078,0.11,26.8
1460,0.00015735626220703125,0.11,25.200000000000003
1461,0.00017499923706054688,0.11,24.0
1462,0.000560760498046875,0.11,22.400000000000002
1463,0.00030517578125,0.11,20.8
1464,0.0004684925079345703,0.11,18.8
1465,0.0004241466522216797,0.11,17.2
1466,0.000492095947265625,0.11,15.600000000000001
1467,0.0004513263702392578,0.11,14.0
1468,0.0004291534423828125,0.11,12.4
1469,0.00024199485778808594,0.11,11.200000000000001
1470,0.0005261898040771484,0.11,9.600000000000001
1471,0.0006353855133056641,0.11,8.0
1472,0.0005877017974853516,0.11,6.800000000000001
1473,0.0004742145538330078,0.11,5.6000000000000005
1474,0.0006706714630126953,0.11,4.4
1475,0.0008955001831054688,0.11,3.2
1476,0.001369476318359375,0.11,2.4000000000000004
1477,0.002175569534301758,0.11,1.6
1478,0.0003955364227294922,0.11,0.8
1479,0.0015807151794433594,0.11,0.4
1480,0.0007433891296386719,0.11,0.0
1481,0.0004937648773193359,0.11,-0.4
1482,0.00029349327087402344,0.11,-0.4
1483,0.0005366802215576172,0.112,-0.4
1484,0.0005354881286621094,0.112,-0.4
1485,0.0002810955047607422,0.114,0.0
1486,0.00014781951904296875,0.114,0.4
1487,0.00012993812561035156,0.116,0.8
1488,0.00012683868408203125,0.116,1.2000000000000002
1489,0.00019025802612304688,0.116,2.0
1490,0.00019812583923339844,0.121,3.2
1491,0.00021123886108398438,0.125,4.0
1492,0.0005404949188232422,0.125,5.2
1493,0.00042748451232910156,0.127,6.4
1494,0.0004477500915527344,0.127,7.6000000000000005
1495,0.00041604042053222656,0.127,9.200000000000001
1496,0.0002923011779785156,0.131,10.4
1497,0.00021195411682128906,0.131,12.0
1498,0.0002605915069580078,0.131,13.600000000000001
1499,0.00024962425231933594,0.136,15.200000000000001
1500,0.000797271728515625,0.138,16.8
1501,0.0006306171417236328,0.138,18.400000000000002
1502,0.00032019615173339844,0.142,20.0
1503,0.0008053779602050781,0.14400000000000002,21.6
1504,0.0007627010345458984,0.147,23.200000000000003
1505,0.0015947818756103516,0.149,24.8
1506,0.0005548000335693359,0.149,26.400000000000002
1507,0.0007269382476806641,0.149,28.0
1508,0.000484466552734375,0.151,29.6
1509,0.0004336833953857422,0.153,30.8
1510,0.0004987716674804688,0.153,32.4
1511,9.72747802734375e-05,0.153,33.6
1512,0.0006234645843505859,0.153,34.800000000000004
1513,0.0019905567169189453,0.153,36.0
1514,0.0011217594146728516,0.153,37.2
1515,0.0013103485107421875,0.153,38.400000000000006
1516,0.0005211830139160156,0.153,39.2
1517,0.0004680156707763672,0.153,40.0
1518,0.0006232261657714844,0.153,40.800000000000004
1519,0.0014307498931884766,0.153,41.6
1520,0.0005774497985839844,0.153,42.0
1521,0.0007481575012207031,0.153,42.400000000000006
1522,0.0012409687042236328,0.153,42.800000000000004
1523,0.0009391307830810547,0.153,43.2
1524,0.0006923675537109375,0.153,43.2
1525,0.00036144256591796875,0.153,43.2
1526,0.0006248950958251953,0.151,43.2
1527,0.0004444122314453125,0.14400000000000002,43.2
1528,0.0005400180816650391,0.138,42.800000000000004
1529,0.0008511543273925781,0.136,42.400000000000006
1530,0.001089334487915039,0.136,42.0
1531,0.0017101764678955078,0.134,41.2
1532,0.0009365081787109375,0.131,40.400000000000006
1533,0.0018811225891113281,0.131,39.6
1534,0.0006511211395263672,0.131,38.800000000000004
1535,0.0012319087982177734,0.131,38.0
1536,0.0009138584136962891,0.131,36.800000000000004
1537,0.001795053482055664,0.131,35.6
1538,0.0004918575286865234,0.129,34.4
1539,0.0006582736968994141,0.129,32.800000000000004
1540,0.0009093284606933594,0.127,31.6
1541,0.0008547306060791016,0.127,30.0
1542,0.0012357234954833984,0.125,28.400000000000002
1543,0.0016300678253173828,0.123,26.8
1544,0.0010352134704589844,0.123,25.200000000000003
1545,0.001561880111694336,0.123,23.6
1546,0.0016353130340576172,0.123,21.6
1547,0.0019485950469970703,0.123,20.0
1548,0.0013315677642822266,0.123,18.400000000000002
1549,0.0005981922149658203,0.123,16.8
1550,0.0004901885986328125,0.123,15.200000000000001
1551,0.0014977455139160156,0.123,13.600000000000001
1552,0.0012204647064208984,0.123,12.0
1553,0.0007808208465576172,0.123,10.4
1554,0.0007636547088623047,0.123,9.200000000000001
1555,0.0011034011840820312,0.123,8.0
1556,0.0005753040313720703,0.123,6.800000000000001
1557,0.001949310302734375,0.123,5.6000000000000005
1558,0.0004756450653076172,0.123,4.800000000000001
1559,0.0006322860717773438,0.123,4.0
1560,0.0008168220520019531,0.123,3.2
1561,0.0006666183471679688,0.123,2.8000000000000003
1562,0.003015756607055664,0.123,2.4000000000000004
1563,0.001058340072631836,0.123,2.0
1564,0.0018699169158935547,0.123,1.6
1565,0.0007865428924560547,0.123,1.6
1566,0.0008027553558349609,0.123,2.0
1567,0.0007050037384033203,0.123,2.4000000000000004
1568,0.0025768280029296875,0.123,2.8000000000000003
1569,0.001239776611328125,0.125,3.2
1570,0.0018768310546875,0.125,4.0
1571,0.001031637191772461,0.127,4.800000000000001
1572,0.0014257431030273438,0.127,5.6000000000000005
1573,0.0016410350799560547,0.129,6.800000000000001
1574,0.0011820793151855469,0.134,7.6000000000000005
1575,0.0008153915405273438,0.136,8.8
1576,0.0014834403991699219,0.138,10.4
1577,0.0017468929290771484,0.142,11.600000000000001
1578,0.0006842613220214844,0.142,12.8
1579,0.00039005279541015625,0.14400000000000002,14.4
1580,0.0005342960357666016,0.14400000000000002,16.0
1581,0.0008082389831542969,0.149,17.6
1582,0.0012145042419433594,0.149,19.200000000000003
1583,0.002295255661010742,0.149,20.8
1584,0.0007638931274414062,0.149,22.400000000000002
1585,0.001149892807006836,0.149,24.0
1586,0.0012569427490234375,0.149,25.6
1587,0.001499176025390625,0.149,27.200000000000003
1588,0.0011444091796875,0.153,28.400000000000002
1589,0.00156402587890625,0.153,30.0
1590,0.0010528564453125,0.153,31.6
1591,0.0016510486602783203,0.153,33.2
1592,0.0008263587951660156,0.153,34.4
1593,0.0012674331665039062,0.153,35.6
1594,0.0007276535034179688,0.155,36.800000000000004
1595,0.0024156570434570312,0.155,38.0
1596,0.0010917186737060547,0.155,39.2
1597,0.001255035400390625,0.157,40.0
1598,0.0017151832580566406,0.157,41.2
1599,0.0005214214324951172,0.157,42.0
1600,0.0008413791656494141,0.157,42.400000000000006
1601,0.00131988525390625,0.157,43.2
1602,0.0016858577728271484,0.162,43.6
1603,0.0015711784362792969,0.16399999999999998,44.0
1604,0.0005586147308349609,0.166,44.0
1605,0.0013728141784667969,0.168,44.400000000000006
1606,0.0035276412963867188,0.17,44.400000000000006
1607,0.0017614364624023438,0.172,44.400000000000006
1608,0.0020406246185302734,0.175,44.0
1609,0.0014302730560302734,0.177,43.6
1610,0.002032041549682617,0.179,43.6
1611,0.0004923343658447266,0.181,43.2
1612,0.0014801025390625,0.183,42.400000000000006
1613,0.0002536773681640625,0.183,42.0
1614,0.00107574462890625,0.183,41.2
1615,0.0016875267028808594,0.183,40.800000000000004
1616,0.0005002021789550781,0.183,40.0
1617,0.0008065700531005859,0.183,39.2
1618,0.0006420612335205078,0.185,38.400000000000006
1619,0.001577615737915039,0.185,37.6
1620,0.0015439987182617188,0.185,36.800000000000004
1621,0.003312349319458008,0.185,36.0
1622,0.001882314682006836,0.185,35.6
1623,0.005007743835449219,0.185,34.800000000000004
1624,0.00044798851013183594,0.185,34.0
1625,0.001917123794555664,0.185,33.2
1626,0.0004153251647949219,0.185,32.4
1627,0.0023555755615234375,0.185,32.0
1628,0.0006134510040283203,0.185,31.200000000000003
1629,0.0014336109161376953,0.185,30.8
1630,0.0017695426940917969,0.185,30.400000000000002
1631,0.0013701915740966797,0.185,29.6
1632,0.001955270767211914,0.185,29.200000000000003
1633,0.0017511844635009766,0.185,29.200000000000003
1634,0.002035379409790039,0.185,28.8
1635,0.001522064208984375,0.185,28.400000000000002
1636,0.0018274784088134766,0.185,28.400000000000002
1637,0.0006346702575683594,0.185,28.0
1638,0.0044329166412353516,0.185,28.0
1639,0.0044329166412353516,0.185,28.0
1640,0.0007615089416503906,0.185,28.0
1641,0.0005979537963867188,0.185,28.0
1642,0.0013651847839355469,0.185,28.400000000000002
1643,0.0014195442199707031,0.185,28.400000000000002
1644,0.0017504692077636719,0.185,28.400000000000002
1645,0.0011925697326660156,0.185,28.8
1646,0.0011229515075683594,0.188,29.200000000000003
1647,0.0007641315460205078,0.188,29.6
1648,0.0028841495513916016,0.188,30.0
1649,0.00033545494079589844,0.188,30.400000000000002
1650,0.0009124279022216797,0.19,30.8
1651,0.0019450187683105469,0.192,31.200000000000003
1652,0.002048015594482422,0.192,31.6
1653,0.0013840198516845703,0.194,32.4
1654,0.002759218215942383,0.194,32.800000000000004
1655,0.0012555122375488281,0.194,33.6
1656,0.001852273941040039,0.196,34.0
1657,0.0010390281677246094,0.198,34.800000000000004
1658,0.0032770633697509766,0.198,35.2
1659,0.0005311965942382812,0.2,36.0
1660,0.003845691680908203,0.2,36.800000000000004
1661,0.0012903213500976562,0.2,37.6
1662,0.0008137226104736328,0.203,38.400000000000006
1663,0.0027420520782470703,0.205,38.800000000000004
1664,0.0017697811126708984,0.205,39.6
1665,0.0012395381927490234,0.205,40.400000000000006
1666,0.0016891956329345703,0.205,41.2
1667,0.0008194446563720703,0.205,42.0
1668,0.0005807876586914062,0.205,42.800000000000004
1669,0.0007369518280029297,0.205,43.6
1670,0.0004878044128417969,0.205,44.0
1671,0.0008323192596435547,0.205,44.800000000000004
1672,0.0004878044128417969,0.205,45.6
1673,0.002086162567138672,0.205,46.400000000000006
1674,0.00051116943359375,0.205,46.800000000000004
1675,0.00092315673828125,0.205,47.6
1676,0.0006535053253173828,0.205,48.400000000000006
1677,0.0028810501098632812,0.205,48.800000000000004
1678,0.0033762454986572266,0.205,49.2
1679,0.0012967586517333984,0.205,50.0
1680,0.0016093254089355469,0.205,50.400000000000006
1681,0.0008361339569091797,0.205,50.800000000000004
1682,0.0006673336029052734,0.205,51.2
1683,0.0025758743286132812,0.205,51.6
1684,0.0009300708770751953,0.205,52.0
1685,0.0004982948303222656,0.205,52.0
1686,0.0016880035400390625,0.205,52.400000000000006
1687,0.0019216537475585938,0.205,52.400000000000006
1688,0.0013580322265625,0.205,52.800000000000004
1689,0.002201080322265625,0.205,52.800000000000004
1690,0.002268552780151367,0.205,52.800000000000004
1691,0.0016956329345703125,0.205,52.800000000000004
1692,0.0006372928619384766,0.205,52.800000000000004
1693,0.000640869140625,0.205,52.400000000000006
1694,0.0007033348083496094,0.205,52.400000000000006
1695,0.0006220340728759766,0.205,52.400000000000006
1696,0.0007002353668212891,0.205,52.0
1697,0.0011858940124511719,0.205,51.6
1698,0.0022742748260498047,0.205,51.2
1699,0.0005223751068115234,0.205,50.800000000000004
1700,0.0031096935272216797,0.205,50.800000000000004
1701,0.000568389892578125,0.207,50.0
1702,0.0010666847229003906,0.209,49.6
1703,0.0014836788177490234,0.211,49.2
1704,0.002470731735229492,0.213,48.800000000000004
1705,0.0019516944885253906,0.21600000000000005,48.400000000000006
1706,0.0016036033630371094,0.218,47.6
1707,0.0016529560089111328,0.22,47.2
1708,0.0005991458892822266,0.222,46.800000000000004
1709,0.0005681514739990234,0.222,46.0
1710,0.0016751289367675781,0.226,45.6
1711,0.0014696121215820312,0.226,45.2
1712,0.0020067691802978516,0.226,44.400000000000006
1713,0.0011310577392578125,0.226,44.0
1714,0.0006208419799804688,0.226,43.6
1715,0.0005357265472412109,0.226,43.2
1716,0.0027532577514648438,0.226,43.2
1717,0.0019330978393554688,0.226,42.800000000000004
1718,0.0004961490631103516,0.226,42.400000000000006
1719,0.0005118846893310547,0.226,42.400000000000006
1720,0.002794504165649414,0.226,42.400000000000006
1721,0.0006597042083740234,0.226,42.400000000000006
1722,0.00072479248046875,0.226,42.400000000000006
1723,0.0025298595428466797,0.226,42.400000000000006
1724,0.005499601364135742,0.226,42.800000000000004
1725,0.0005977153778076172,0.226,42.800000000000004
1726,0.0006089210510253906,0.226,43.2
1727,0.0031082630157470703,0.226,43.6
1728,0.000659942626953125,0.226,44.0
1729,0.0015323162078857422,0.226,44.400000000000006
1730,0.0013222694396972656,0.226,44.800000000000004
1731,0.002324342727661133,0.222,45.2
1732,0.0014426708221435547,0.213,45.6
1733,0.002439737319946289,0.209,46.400000000000006
1734,0.0015180110931396484,0.192,46.800000000000004
1735,0.0017313957214355469,0.179,47.6
1736,0.0007200241088867188,0.172,48.0
1737,0.0005066394805908203,0.166,48.800000000000004
1738,0.0010035037994384766,0.16399999999999998,49.2
1739,0.0014872550964355469,0.162,50.0
1740,0.0016276836395263672,0.159,50.400000000000006
1741,0.0012781620025634766,0.153,51.2
1742,0.0007693767547607422,0.153,51.6
1743,0.0005095005035400391,0.151,51.6
1744,0.0019440650939941406,0.151,52.0
1745,0.0009112358093261719,0.147,52.0
1746,0.0021209716796875,0.14400000000000002,51.6
1747,0.0005195140838623047,0.142,51.6
1748,0.0007109642028808594,0.142,51.2
1749,0.0005154609680175781,0.142,50.400000000000006
1750,0.0007307529449462891,0.142,50.0
1751,0.0013871192932128906,0.142,49.2
1752,0.0007960796356201172,0.142,48.0
1753,0.001287221908569336,0.142,46.800000000000004
1754,0.0006422996520996094,0.142,45.6
1755,0.0010981559753417969,0.142,44.400000000000006
1756,0.0016026496887207031,0.142,42.800000000000004
1757,0.0009465217590332031,0.142,41.2
1758,0.0007908344268798828,0.142,39.2
1759,0.0005512237548828125,0.142,37.6
1760,0.0006930828094482422,0.142,35.6
1761,0.0004534721374511719,0.147,33.6
1762,0.0002758502960205078,0.149,31.6
1763,0.0003898143768310547,0.151,29.6
1764,0.0014846324920654297,0.151,27.200000000000003
1765,0.001277923583984375,0.155,25.200000000000003
1766,0.0005102157592773438,0.162,23.200000000000003
1767,0.0006191730499267578,0.162,20.8
1768,0.0005567073822021484,0.162,18.8
1769,0.0006020069122314453,0.162,16.8
1770,0.0008313655853271484,0.162,15.200000000000001
1771,0.0013573169708251953,0.166,13.200000000000001
1772,0.0018794536590576172,0.166,11.600000000000001
1773,0.0012204647064208984,0.166,10.0
1774,0.002546548843383789,0.166,8.8
1775,0.0024750232696533203,0.166,7.2
1776,0.0007879734039306641,0.17,6.4
1777,0.001520395278930664,0.17,5.6000000000000005
1778,0.001333475112915039,0.17,4.800000000000001
1779,0.0008351802825927734,0.17,4.4
1780,0.0006041526794433594,0.172,4.0
1781,0.0005266666412353516,0.172,4.0
1782,0.0008614063262939453,0.172,4.0
1783,0.0017154216766357422,0.172,4.4
1784,0.0015251636505126953,0.172,4.800000000000001
1785,0.0018434524536132812,0.175,5.6000000000000005
1786,0.0015132427215576172,0.175,6.4
1787,0.0006184577941894531,0.175,7.6000000000000005
1788,0.002054452896118164,0.177,8.8
1789,0.0016679763793945312,0.177,10.4
1790,0.0014431476593017578,0.177,12.0
1791,0.002900362014770508,0.177,13.600000000000001
1792,0.0005614757537841797,0.177,15.600000000000001
1793,0.001447439193725586,0.177,17.6
1794,0.001260995864868164,0.179,19.6
1795,0.00036025047302246094,0.179,22.0
1796,0.00036025047302246094,0.179,22.0
1797,0.0006926059722900391,0.179,24.0
1798,0.0006511211395263672,0.179,26.400000000000002
1799,0.001691579818725586,0.179,28.8
1800,0.001588582992553711,0.179,31.200000000000003
1801,0.002107858657836914,0.179,33.2
1802,0.0005838871002197266,0.175,35.6
1803,0.0007030963897705078,0.166,38.0
1804,0.0005753040313720703,0.157,40.400000000000006
1805,0.0020470619201660156,0.155,42.400000000000006
1806,0.0019366741180419922,0.153,44.800000000000004
1807,0.0015878677368164062,0.14400000000000002,46.800000000000004
1808,0.0010955333709716797,0.142,48.800000000000004
1809,0.0006270408630371094,0.14,50.400000000000006
1810,0.0011565685272216797,0.134,52.400000000000006
1811,0.001931905746459961,0.129,53.6
1812,0.0009322166442871094,0.125,55.2
1813,0.0010726451873779297,0.123,56.400000000000006
1814,0.0005452632904052734,0.121,57.2
1815,0.0022001266479492188,0.121,58.0
1816,0.00146484375,0.121,58.400000000000006
1817,0.0015652179718017578,0.121,58.800000000000004
1818,0.0020308494567871094,0.121,58.800000000000004
1819,0.002141714096069336,0.121,58.800000000000004
1820,0.0005080699920654297,0.121,58.400000000000006
1821,0.0008425712585449219,0.121,57.6
1822,0.0012359619140625,0.121,56.800000000000004
1823,0.0017445087432861328,0.121,55.6
1824,0.001645803451538086,0.121,54.0
1825,0.0013866424560546875,0.121,52.800000000000004
1826,0.0005693435668945312,0.121,50.800000000000004
1827,0.0005540847778320312,0.121,48.800000000000004
1828,0.0016100406646728516,0.121,46.800000000000004
1829,0.001332998275756836,0.121,44.400000000000006
1830,0.0013346672058105469,0.121,42.0
1831,0.0017948150634765625,0.121,39.2
1832,0.0014355182647705078,0.121,36.4
1833,0.0020551681518554688,0.121,33.6
1834,0.0011439323425292969,0.121,30.400000000000002
1835,0.0010221004486083984,0.121,27.6
1836,0.0017533302307128906,0.121,24.400000000000002
1837,0.001169443130493164,0.121,21.200000000000003
1838,0.0016045570373535156,0.121,18.0
1839,0.0008714199066162109,0.121,14.8
1840,0.0004699230194091797,0.121,12.0
1841,0.0006766319274902344,0.121,8.8
1842,0.0004749298095703125,0.121,6.0
1843,0.0023005008697509766,0.121,3.2
1844,0.000972747802734375,0.121,0.4
1845,0.0021970272064208984,0.121,-2.0
1846,0.0011589527130126953,0.121,-4.4
1847,0.0004634857177734375,0.121,-6.4
1848,0.0008437633514404297,0.121,-8.4
1849,0.0013613700866699219,0.121,-10.0
1850,0.0012421607971191406,0.121,-11.600000000000001
1851,0.0005481243133544922,0.121,-12.8
1852,0.0006833076477050781,0.121,-13.600000000000001
1853,0.0007357597351074219,0.121,-14.4
1854,0.0009868144989013672,0.121,-14.8
1855,0.0010368824005126953,0.125,-14.8
1856,0.0009586811065673828,0.125,-14.8
1857,0.0007293224334716797,0.125,-14.4
1858,0.0006015300750732422,0.125,-13.600000000000001
1859,0.000499725341796875,0.127,-12.8
1860,0.0007684230804443359,0.127,-11.600000000000001
1861,0.0009224414825439453,0.127,-10.4
1862,0.002067089080810547,0.127,-8.8
1863,0.0004897117614746094,0.127,-6.800000000000001
1864,0.0007259845733642578,0.129,-4.800000000000001
1865,0.0009114742279052734,0.131,-2.8000000000000003
1866,0.001844644546508789,0.131,-0.4
1867,0.0008299350738525391,0.131,2.4000000000000004
1868,0.0004420280456542969,0.131,4.800000000000001
1869,0.0007081031799316406,0.131,7.6000000000000005
1870,0.0014977455139160156,0.131,10.4
1871,0.0013971328735351562,0.131,13.200000000000001
1872,0.0006153583526611328,0.131,16.400000000000002
1873,0.0017464160919189453,0.131,19.200000000000003
1874,0.0005807876586914062,0.131,22.0
1875,0.0009715557098388672,0.131,25.200000000000003
1876,0.0007016658782958984,0.131,28.0
1877,0.002599000930786133,0.131,30.8
1878,0.0010380744934082031,0.131,33.6
1879,0.0005707740783691406,0.131,36.0
1880,0.0007023811340332031,0.131,38.400000000000006
1881,0.0005917549133300781,0.131,40.800000000000004
1882,0.0007610321044921875,0.131,43.2
1883,0.0008192062377929688,0.131,45.2
1884,0.0013246536254882812,0.131,46.800000000000004
1885,0.002390623092651367,0.131,48.800000000000004
1886,0.0013475418090820312,0.131,50.0
1887,0.0010433197021484375,0.131,51.2
1888,0.0004913806915283203,0.131,52.400000000000006
1889,0.0005605220794677734,0.131,53.2
1890,0.0005288124084472656,0.131,54.0
1891,0.001065969467163086,0.131,54.400000000000006
1892,0.0030167102813720703,0.131,54.400000000000006
1893,0.0005285739898681641,0.131,54.400000000000006
1894,0.0017824172973632812,0.131,54.400000000000006
1895,0.0012676715850830078,0.131,53.6
1896,0.0009577274322509766,0.131,53.2
1897,0.00047087669372558594,0.131,52.400000000000006
1898,0.0022118091583251953,0.131,51.2
1899,0.0004923343658447266,0.131,50.0
1900,0.0006132125854492188,0.131,48.400000000000006
1901,0.0006229877471923828,0.131,46.800000000000004
1902,0.0007050037384033203,0.131,45.2
1903,0.0008211135864257812,0.131,43.2
1904,0.0008156299591064453,0.131,40.800000000000004
1905,0.001382589340209961,0.131,38.800000000000004
1906,0.0007407665252685547,0.131,36.4
1907,0.0022401809692382812,0.131,34.0
1908,0.0017230510711669922,0.131,31.6
1909,0.0013592243194580078,0.131,28.8
1910,0.002432584762573242,0.131,26.400000000000002
1911,0.001013040542602539,0.131,23.6
1912,0.0006144046783447266,0.131,20.8
1913,0.003156900405883789,0.131,18.0
1914,0.0015931129455566406,0.131,15.600000000000001
1915,0.0011832714080810547,0.131,12.8
1916,0.0006096363067626953,0.131,10.4
1917,0.0003044605255126953,0.131,8.0
1918,0.0003044605255126953,0.131,8.0
1919,0.0008463859558105469,0.131,5.6000000000000005
1920,0.0007550716400146484,0.131,3.6
1921,0.0017757415771484375,0.131,1.6
1922,0.001917123794555664,0.131,-0.4
1923,0.0006258487701416016,0.131,-2.0
1924,0.0007669925689697266,0.131,-3.6
1925,0.0006203651428222656,0.131,-4.800000000000001
1926,0.0013573169708251953,0.131,-6.0
1927,0.001247406005859375,0.131,-6.800000000000001
1928,0.0018887519836425781,0.131,-7.6000000000000005
1929,0.0017867088317871094,0.131,-8.0
1930,0.0011687278747558594,0.131,-8.4
1931,0.0009109973907470703,0.131,-8.4
1932,0.000171661376953125,0.131,-8.0
1933,0.0015680789947509766,0.131,-7.6000000000000005
1934,0.0011544227600097656,0.131,-6.800000000000001
1935,0.0009305477142333984,0.131,-6.0
1936,0.0033233165740966797,0.131,-4.800000000000001
1937,0.001085042953491211,0.131,-3.6
1938,0.0018639564514160156,0.131,-2.0
1939,0.0007147789001464844,0.134,-0.4
1940,0.0007197856903076172,0.134,1.2000000000000002
1941,0.00051116943359375,0.136,3.2
1942,0.001424551010131836,0.136,5.2
1943,0.001287698745727539,0.138,7.6000000000000005
1944,0.001650094985961914,0.142,9.600000000000001
1945,0.0005609989166259766,0.14400000000000002,12.0
1946,0.0008785724639892578,0.153,14.4
1947,0.0005941390991210938,0.155,16.8
1948,0.0018057823181152344,0.159,19.200000000000003
1949,0.0014927387237548828,0.16399999999999998,21.6
1950,0.0028214454650878906,0.168,24.400000000000002
1951,0.0020112991333007812,0.172,26.8
1952,0.002515077590942383,0.175,29.200000000000003
1953,0.0015883445739746094,0.177,31.6
1954,0.0006940364837646484,0.177,33.6
1955,0.00048089027404785156,0.181,36.0
1956,0.0008294582366943359,0.185,38.400000000000006
1957,0.0004792213439941406,0.185,40.400000000000006
1958,0.000690460205078125,0.185,42.400000000000006
1959,0.0006592273712158203,0.185,44.400000000000006
1960,0.0006825923919677734,0.185,46.400000000000006
1961,0.0003361701965332031,0.185,48.400000000000006
1962,0.0007455348968505859,0.185,50.0
1963,0.0008482933044433594,0.185,51.6
1964,0.0015544891357421875,0.185,53.2
1965,0.0006723403930664062,0.185,54.400000000000006
1966,0.0015375614166259766,0.185,55.6
1967,0.0005872249603271484,0.185,56.800000000000004
1968,0.0006492137908935547,0.185,58.0
1969,0.00045943260192871094,0.185,58.800000000000004
1970,0.0016736984252929688,0.185,59.6
1971,0.0005824565887451172,0.179,60.400000000000006
1972,0.002460956573486328,0.177,60.800000000000004
1973,0.0011749267578125,0.172,61.2
1974,0.0009694099426269531,0.172,61.2
1975,0.0005643367767333984,0.172,61.2
1976,0.0007083415985107422,0.172,61.2
1977,0.0011148452758789062,0.172,61.2
1978,0.0008437633514404297,0.172,60.800000000000004
1979,0.0006735324859619141,0.172,60.400000000000006
1980,0.0022537708282470703,0.172,59.6
1981,0.002440929412841797,0.172,58.800000000000004
1982,0.00225830078125,0.172,58.0
1983,0.001775979995727539,0.172,56.800000000000004
1984,0.0017876625061035156,0.172,55.6
1985,0.0015578269958496094,0.172,54.0
1986,0.0017559528350830078,0.172,52.800000000000004
1987,0.0011839866638183594,0.177,51.2
1988,0.0034868717193603516,0.177,49.6
1989,0.0007219314575195312,0.177,47.6
1990,0.0004150867462158203,0.177,45.6
1991,0.0006608963012695312,0.177,44.0
1992,0.0016720294952392578,0.177,42.0
1993,0.002912282943725586,0.177,40.0
1994,0.0018451213836669922,0.177,37.6
1995,0.0020492076873779297,0.177,35.6
1996,0.0011088848114013672,0.177,33.6
1997,0.0016531944274902344,0.177,31.6
1998,0.0009114742279052734,0.177,29.6
1999,0.0031113624572753906,0.177,27.6
2000,0.0003781318664550781,0.177,25.6
2001,0.0004589557647705078,0.177,23.6
2002,0.0008993148803710938,0.177,21.6
2003,0.0004937648773193359,0.177,20.0
2004,0.0018846988677978516,0.175,18.400000000000002
2005,0.0009412765502929688,0.166,16.8
2006,0.0017600059509277344,0.159,15.600000000000001
2007,0.0011544227600097656,0.155,14.4
2008,0.002357006072998047,0.151,13.200000000000001
2009,0.0018312931060791016,0.149,12.4
2010,0.0013568401336669922,0.147,11.600000000000001
2011,0.0020492076873779297,0.147,10.8
2012,0.004201650619506836,0.147,10.4
2013,0.0007724761962890625,0.147,10.0
2014,0.0014529228210449219,0.147,10.0
2015,0.0008778572082519531,0.147,9.600000000000001
2016,0.0009899139404296875,0.147,9.600000000000001
2017,0.0008747577667236328,0.147,10.0
2018,0.0017507076263427734,0.147,10.0
2019,0.0009455680847167969,0.147,10.4
2020,0.001722574234008789,0.147,10.8
2021,0.0004661083221435547,0.147,11.600000000000001
2022,0.0007221698760986328,0.147,12.4
2023,0.0006744861602783203,0.147,12.8
2024,0.0005283355712890625,0.147,14.0
2025,0.0010218620300292969,0.147,14.8
2026,0.0007214546203613281,0.147,15.600000000000001
2027,0.0008237361907958984,0.147,16.8
2028,0.0005114078521728516,0.147,18.0
2029,0.0008335113525390625,0.147,18.8
2030,0.0014047622680664062,0.147,20.0
2031,0.0011279582977294922,0.151,21.200000000000003
2032,0.0013628005981445312,0.153,22.400000000000002
2033,0.0007493495941162109,0.155,24.0
2034,0.0005793571472167969,0.155,25.200000000000003
2035,0.0005867481231689453,0.157,26.400000000000002
2036,0.0006053447723388672,0.159,27.6
2037,0.0006473064422607422,0.16399999999999998,28.8
2038,0.0008721351623535156,0.16399999999999998,29.6
2039,0.0013680458068847656,0.166,30.8
2040,0.0011374950408935547,0.17,32.0
2041,0.001917123794555664,0.172,33.2
2042,0.0005171298980712891,0.175,34.0
2043,0.002084016799926758,0.175,34.800000000000004
2044,0.001069784164428711,0.175,36.0
2045,0.0010673999786376953,0.175,36.800000000000004
2046,0.0005242824554443359,0.175,37.6
2047,0.0018184185028076172,0.175,38.400000000000006
2048,0.00115203857421875,0.175,39.2
2049,0.0014967918395996094,0.175,39.6
2050,0.0005691051483154297,0.175,40.400000000000006
2051,0.0014121532440185547,0.175,40.800000000000004
2052,0.00046133995056152344,0.175,41.2
2053,0.002003908157348633,0.175,42.0
2054,0.0005316734313964844,0.175,42.0
2055,0.0009746551513671875,0.175,42.400000000000006
2056,0.0006730556488037109,0.175,42.800000000000004
2057,0.0005097389221191406,0.175,42.800000000000004
2058,0.0007026195526123047,0.172,42.800000000000004
2059,0.0025908946990966797,0.172,42.800000000000004
2060,0.00131988525390625,0.155,42.800000000000004
2061,0.00047969818115234375,0.151,42.800000000000004
2062,0.00095367431640625,0.14,42.400000000000006
2063,0.002509593963623047,0.134,42.400000000000006
2064,0.0012788772583007812,0.127,42.0
2065,0.0016486644744873047,0.125,41.6
2066,0.0012290477752685547,0.121,41.2
2067,0.001220703125,0.121,40.400000000000006
2068,0.0006437301635742188,0.119,40.0
2069,0.0012421607971191406,0.119,39.2
2070,0.0005385875701904297,0.119,38.400000000000006
2071,0.0009431838989257812,0.119,37.2
2072,0.0007169246673583984,0.119,36.0
2073,0.0021696090698242188,0.119,34.800000000000004
2074,0.0015916824340820312,0.119,33.6
2075,0.0009818077087402344,0.119,32.0
2076,0.0016698837280273438,0.119,30.400000000000002
2077,0.0018644332885742188,0.119,28.8
2078,0.0007011890411376953,0.119,27.200000000000003
2079,0.0005276203155517578,0.119,25.6
2080,0.0016782283782958984,0.119,23.6
2081,0.0005443096160888672,0.119,22.0
2082,0.0005354881286621094,0.119,20.0
2083,0.0005354881286621094,0.119,20.0
2084,0.0022852420806884766,0.119,18.0
2085,0.0015423297882080078,0.119,16.400000000000002
2086,0.0025038719177246094,0.119,14.4
2087,0.0012700557708740234,0.119,12.8
2088,0.003952980041503906,0.121,11.200000000000001
2089,0.0008139610290527344,0.121,9.600000000000001
2090,0.0008065700531005859,0.121,8.0
2091,0.0016007423400878906,0.123,6.4
2092,0.0007839202880859375,0.123,5.2
2093,0.0017344951629638672,0.123,4.0
2094,0.0017058849334716797,0.123,2.8000000000000003
2095,0.0010535717010498047,0.125,1.6
2096,0.0021283626556396484,0.127,0.8
2097,0.0009276866912841797,0.127,0.4
2098,0.0014584064483642578,0.131,-0.4
2099,0.0007050037384033203,0.131,-0.8
2100,0.0005772113800048828,0.131,-0.8
2101,0.00044083595275878906,0.131,-1.2000000000000002
2102,0.0013751983642578125,0.134,-0.8
2103,0.0013287067413330078,0.136,-0.8
2104,0.0019497871398925781,0.138,-0.4
2105,0.0015332698822021484,0.138,0.4
2106,0.0018541812896728516,0.138,1.2000000000000002
2107,0.0015032291412353516,0.138,2.0
2108,0.0017995834350585938,0.138,2.8000000000000003
2109,0.0016849040985107422,0.138,4.0
2110,0.0007898807525634766,0.138,5.6000000000000005
2111,0.0005688667297363281,0.138,6.800000000000001
2112,0.0002353191375732422,0.138,8.4
2113,0.0003097057342529297,0.138,10.0
2114,0.00016641616821289062,0.138,11.600000000000001
2115,0.000507354736328125,0.138,13.600000000000001
2116,0.0005207061767578125,0.138,15.600000000000001
2117,0.0004565715789794922,0.138,17.2
2118,0.0007653236389160156,0.138,19.200000000000003
2119,0.0005099773406982422,0.138,21.200000000000003
2120,0.0005307197570800781,0.138,23.200000000000003
2121,0.0006902217864990234,0.138,24.8
2122,0.0006756782531738281,0.138,26.8
2123,0.0004928112030029297,0.131,28.8
2124,0.0002465248107910156,0.127,30.400000000000002
2125,0.0005655288696289062,0.121,32.0
2126,0.0007302761077880859,0.116,33.6
2127,0.0005292892456054688,0.11,35.2
2128,0.0018486976623535156,0.108,36.800000000000004
2129,0.0006182193756103516,0.103,38.0
2130,0.0007832050323486328,0.103,39.2
2131,0.0011074542999267578,0.103,40.0
2132,0.0015311241149902344,0.103,41.2
2133,0.0005536079406738281,0.103,41.6
2134,0.0009200572967529297,0.103,42.400000000000006
2135,0.0034825801849365234,0.103,42.400000000000006
2136,0.0010766983032226562,0.103,42.800000000000004
2137,0.0020651817321777344,0.103,42.800000000000004
2138,0.0013074874877929688,0.103,42.400000000000006
2139,0.0019185543060302734,0.103,42.0
2140,0.0007700920104980469,0.103,41.2
2141,0.0006818771362304688,0.103,40.400000000000006
2142,0.0005016326904296875,0.103,39.6
2143,0.0004715919494628906,0.103,38.400000000000006
2144,0.00067901611328125,0.103,37.2
2145,0.0004801750183105469,0.103,35.6
2146,0.0027697086334228516,0.103,34.0
2147,0.0008320808410644531,0.103,32.4
2148,0.0019381046295166016,0.103,30.400000000000002
2149,0.0011031627655029297,0.103,28.400000000000002
2150,0.0016450881958007812,0.103,26.400000000000002
2151,0.0004987716674804688,0.103,24.400000000000002
2152,0.0012326240539550781,0.103,22.400000000000002
2153,0.0019578933715820312,0.103,20.0
2154,0.0004639625549316406,0.11,18.0
2155,0.0006616115570068359,0.114,15.600000000000001
2156,0.0005066394805908203,0.121,13.200000000000001
2157,0.0009779930114746094,0.123,11.200000000000001
2158,0.0011553764343261719,0.127,8.8
2159,0.0012290477752685547,0.134,6.800000000000001
2160,0.0007698535919189453,0.136,4.800000000000001
2161,0.000997304916381836,0.138,2.8000000000000003
2162,0.001680612564086914,0.14400000000000002,1.2000000000000002
2163,0.0016567707061767578,0.147,-0.4
2164,0.0016429424285888672,0.151,-2.0
2165,0.0005438327789306641,0.151,-3.2
2166,0.0005879402160644531,0.151,-4.4
2167,0.0011820793151855469,0.151,-5.2
2168,0.0028696060180664062,0.155,-6.0
2169,0.0017390251159667969,0.155,-6.4
2170,0.001312255859375,0.155,-6.800000000000001
2171,0.0005943775177001953,0.155,-6.800000000000001
2172,0.0018711090087890625,0.155,-6.4
2173,0.001436471939086914,0.155,-6.0
2174,0.0006716251373291016,0.155,-5.2
2175,0.0008730888366699219,0.155,-4.0
2176,0.00048470497131347656,0.155,-2.8000000000000003
2177,0.0006735324859619141,0.155,-1.2000000000000002
2178,0.0023450851440429688,0.155,0.4
2179,0.0009984970092773438,0.155,2.0
2180,0.001068115234375,0.155,4.0
2181,0.0004279613494873047,0.155,6.4
2182,0.0001881122589111328,0.149,8.8
2183,0.0006325244903564453,0.14,11.200000000000001
2184,0.0004906654357910156,0.131,13.600000000000001
2185,0.002205371856689453,0.123,16.400000000000002
2186,0.0017664432525634766,0.119,19.200000000000003
2187,0.0004863739013671875,0.11,21.6
2188,0.0007963180541992188,0.101,24.400000000000002
2189,0.0006191730499267578,0.099,27.200000000000003
2190,0.0010628700256347656,0.095,30.0
2191,0.0006844997406005859,0.095,32.4
2192,0.0027570724487304688,0.095,35.2
2193,0.0017611980438232422,0.095,37.2
2194,0.0009486675262451172,0.095,39.6
2195,0.00020766258239746094,0.095,41.6
2196,0.002094268798828125,0.095,43.2
2197,0.0015010833740234375,0.093,44.800000000000004
2198,0.0007572174072265625,0.093,46.400000000000006
2199,0.0005071163177490234,0.093,47.6
2200,0.0006306171417236328,0.093,48.400000000000006
2201,0.001085519790649414,0.093,49.2
2202,0.0026252269744873047,0.097,49.6
2203,0.00048279762268066406,0.101,49.6
2204,0.0006148815155029297,0.101,49.6
2205,0.0005733966827392578,0.103,49.2
2206,0.0028467178344726562,0.108,48.400000000000006
2207,0.001146078109741211,0.11,47.6
2208,0.0006420612335205078,0.11,46.800000000000004
2209,0.0005166530609130859,0.11,45.2
2210,0.0006740093231201172,0.11,44.0
2211,0.0008246898651123047,0.11,42.0
2212,0.00127410888671875,0.11,40.400000000000006
2213,0.0006444454193115234,0.11,38.400000000000006
2214,0.0004889965057373047,0.11,36.0
2215,0.0006582736968994141,0.11,34.0
2216,0.0009975433349609375,0.11,31.200000000000003
2217,0.0017817020416259766,0.11,28.8
2218,0.000858306884765625,0.11,26.400000000000002
2219,0.0019524097442626953,0.108,23.6
2220,0.0005803108215332031,0.108,20.8
2221,0.0012755393981933594,0.108,18.0
2222,0.0007176399230957031,0.108,15.600000000000001
2223,0.001768350601196289,0.108,12.8
2224,0.002721548080444336,0.108,10.0
2225,0.0008640289306640625,0.108,7.6000000000000005
2226,0.0022115707397460938,0.108,5.2
2227,0.0017499923706054688,0.108,2.4000000000000004
2228,0.0017423629760742188,0.108,0.4
2229,0.00118255615234375,0.108,-2.0
2230,0.003106832504272461,0.108,-4.0
2231,0.0006132125854492188,0.108,-5.6000000000000005
2232,0.0006132125854492188,0.108,-5.6000000000000005
2233,0.001983165740966797,0.108,-7.2
2234,0.0016736984252929688,0.108,-8.8
2235,0.002460479736328125,0.108,-10.0
2236,0.002639293670654297,0.108,-11.200000000000001
2237,0.002502918243408203,0.108,-12.0
2238,0.0010988712310791016,0.108,-12.4
2239,0.0018486976623535156,0.108,-12.8
2240,0.0014193058013916016,0.108,-12.8
2241,0.0021905899047851562,0.108,-12.8
2242,0.0007789134979248047,0.108,-12.4
2243,0.0009124279022216797,0.108,-11.600000000000001
2244,0.0006644725799560547,0.108,-10.8
2245,0.0018372535705566406,0.108,-10.0
2246,0.0019414424896240234,0.108,-8.8
2247,0.0014257431030273438,0.108,-7.2
2248,0.00296783447265625,0.108,-5.6000000000000005
2249,0.0010690689086914062,0.108,-4.0
2250,0.0017902851104736328,0.108,-2.0
2251,0.0017311573028564453,0.108,0.0
2252,0.0007462501525878906,0.108,2.4000000000000004
2253,0.0007550716400146484,0.108,4.4
2254,0.0008304119110107422,0.108,6.800000000000001
2255,0.0006098747253417969,0.108,9.200000000000001
2256,0.0008215904235839844,0.108,11.600000000000001
2257,0.0029387474060058594,0.108,14.0
2258,0.004072904586791992,0.108,16.8
2259,0.0013031959533691406,0.108,19.200000000000003
2260,0.0019466876983642578,0.108,21.6
2261,0.0012965202331542969,0.108,24.0
2262,0.000640869140625,0.108,26.0
2263,0.00045228004455566406,0.108,28.400000000000002
2264,0.0016040802001953125,0.108,30.400000000000002
2265,0.0006024837493896484,0.108,32.4
2266,0.0006666183471679688,0.108,34.4
2267,0.001341104507446289,0.108,36.0
2268,0.002401590347290039,0.108,37.6
2269,0.0017652511596679688,0.108,39.2
2270,0.001157999038696289,0.108,40.400000000000006
2271,0.0008270740509033203,0.108,41.2
2272,0.0005357265472412109,0.108,42.400000000000006
2273,0.0008091926574707031,0.108,42.800000000000004
2274,0.00041747093200683594,0.108,43.2
2275,0.003466367721557617,0.119,43.6
2276,0.0030431747436523438,0.129,43.6
2277,0.0007760524749755859,0.14,43.6
2278,0.00040650367736816406,0.142,43.2
2279,0.0009808540344238281,0.14400000000000002,42.800000000000004
2280,0.0014345645904541016,0.149,42.400000000000006
2281,0.0005719661712646484,0.153,41.2
2282,0.0016551017761230469,0.153,40.400000000000006
2283,0.0007419586181640625,0.153,39.2
2284,0.001611471176147461,0.153,38.0
2285,0.001524209976196289,0.153,36.800000000000004
2286,0.0018024444580078125,0.153,35.2
2287,0.0008323192596435547,0.153,34.0
2288,0.0012345314025878906,0.153,32.4
2289,0.002277851104736328,0.153,30.8
2290,0.001352071762084961,0.153,29.200000000000003
2291,0.0015072822570800781,0.153,27.6
2292,0.0020101070404052734,0.153,26.0
2293,0.0013279914855957031,0.153,24.400000000000002
2294,0.0010919570922851562,0.14400000000000002,22.8
2295,0.0018627643585205078,0.134,21.200000000000003
2296,0.001954793930053711,0.125,19.6
2297,0.0015778541564941406,0.121,18.400000000000002
2298,0.0006601810455322266,0.116,16.8
2299,0.0007574558258056641,0.114,15.600000000000001
2300,0.00038504600524902344,0.11,14.4
2301,0.0006535053253173828,0.108,13.200000000000001
2302,0.0004925727844238281,0.108,12.0
2303,0.0008785724639892578,0.108,11.200000000000001
2304,0.0006990432739257812,0.108,10.0
2305,0.0014111995697021484,0.108,9.200000000000001
2306,0.002281665802001953,0.108,8.4
2307,0.0027980804443359375,0.108,7.6000000000000005
2308,0.0019118785858154297,0.108,6.800000000000001
2309,0.0005192756652832031,0.108,6.4
2310,0.0029191970825195312,0.108,6.0
2311,0.0019526481628417969,0.108,5.2
2312,0.0018463134765625,0.108,5.2
2313,0.001949310302734375,0.108,4.800000000000001
2314,0.0010921955108642578,0.108,4.4
2315,0.0018162727355957031,0.108,4.4
2316,0.0016987323760986328,0.108,4.4
2317,0.0012466907501220703,0.108,4.4
2318,0.003510713577270508,0.108,4.800000000000001
2319,0.00041747093200683594,0.108,5.2
2320,0.002166748046875,0.108,5.2
2321,0.003223896026611328,0.108,6.0
2322,0.0006833076477050781,0.108,6.4
2323,0.00033473968505859375,0.108,6.800000000000001
2324,0.0005724430084228516,0.108,7.6000000000000005
2325,0.001247406005859375,0.108,8.4
2326,0.0018448829650878906,0.108,9.200000000000001
2327,0.0018451213836669922,0.108,10.0
2328,0.0019767284393310547,0.108,10.8
2329,0.0016956329345703125,0.108,11.600000000000001
2330,0.000989675521850586,0.108,12.8
2331,0.0004267692565917969,0.108,13.600000000000001
2332,0.0009846687316894531,0.108,14.8
2333,0.0004382133483886719,0.108,15.600000000000001
2334,0.0008442401885986328,0.108,16.8
2335,0.0013544559478759766,0.108,17.6
2336,0.0017871856689453125,0.103,18.400000000000002
2337,0.0018434524536132812,0.103,19.6
2338,0.002106904983520508,0.103,20.400000000000002
2339,0.0019316673278808594,0.103,21.200000000000003
2340,0.0009343624114990234,0.101,22.0
2341,0.0005650520324707031,0.101,22.8
2342,0.0024826526641845703,0.101,23.6
2343,0.0005483627319335938,0.093,24.400000000000002
2344,0.0007205009460449219,0.08199999999999999,24.8
2345,0.0023183822631835938,0.075,25.200000000000003
2346,0.0019021034240722656,0.071,25.6
2347,0.0015139579772949219,0.067,26.0
2348,0.001880645751953125,0.063,26.400000000000002
2349,0.0011196136474609375,0.06,26.400000000000002
2350,0.0013899803161621094,0.055999999999999994,26.400000000000002
2351,0.0014910697937011719,0.05,26.400000000000002
2352,0.0012679100036621094,0.047,26.0
2353,0.0011546611785888672,0.047,26.0
2354,0.0004696846008300781,0.045,25.200000000000003
2355,0.0009124279022216797,0.045,24.8
2356,0.0012547969818115234,0.039,24.0
2357,0.0026187896728515625,0.03,23.200000000000003
2358,0.002429485321044922,0.026,22.0
2359,0.0022389888763427734,0.024,20.8
2360,0.0012578964233398438,0.019,19.6
2361,0.0018324851989746094,0.017,18.400000000000002
2362,0.0012199878692626953,0.011,16.8
2363,0.0007698535919189453,0.009000000000000001,15.200000000000001
2364,0.0008456707000732422,0.006,13.600000000000001
2365,0.0005960464477539062,0.004,11.600000000000001
2366,0.0008955001831054688,0.002,10.0
2367,0.0007817745208740234,0.002,8.0
2368,0.0017766952514648438,0.002,6.0
2369,0.0013279914855957031,0.002,4.0
2370,0.0012683868408203125,0.002,1.6
2371,0.0017361640930175781,0.002,-0.4
2372,0.0012774467468261719,0.002,-2.4000000000000004
2373,0.0016682147979736328,0.002,-4.4
2374,0.0010683536529541016,0.002,-6.4
2375,0.0006082057952880859,0.002,-8.4
2376,0.0012998580932617188,0.002,-10.4
2377,0.0009303092956542969,0.002,-12.0
2378,0.0006740093231201172,0.002,-14.0
2379,0.001672983169555664,0.002,-15.600000000000001
2380,0.00209808349609375,0.002,-16.8
2381,0.0011627674102783203,0.002,-18.400000000000002
2382,0.0017092227935791016,0.002,-19.200000000000003
2383,0.0006971359252929688,0.002,-20.400000000000002
2384,0.0006971359252929688,0.002,-20.400000000000002
2385,0.0014417171478271484,0.002,-21.200000000000003
2386,0.0008313655853271484,0.002,-22.0
2387,0.0008764266967773438,0.002,-22.400000000000002
2388,0.0033483505249023438,0.002,-22.8
2389,0.003549814224243164,0.002,-22.8
2390,0.001956939697265625,0.002,-22.8
2391,0.0016629695892333984,0.002,-22.400000000000002
2392,0.0017862319946289062,0.002,-22.0
2393,0.0006923675537109375,0.002,-21.6
2394,0.001474618911743164,0.002,-20.8
2395,0.0017766952514648438,0.002,-20.0
2396,0.000675201416015625,0.002,-18.8
2397,0.0011436939239501953,0.002,-17.6
2398,0.0005972385406494141,0.002,-16.400000000000002
2399,0.000682830810546875,0.002,-14.8
2400,0.0005576610565185547,0.002,-13.200000000000001
2401,0.003461122512817383,0.002,-11.600000000000001
2402,0.0012481212615966797,0.002,-9.600000000000001
2403,0.0022368431091308594,0.002,-8.0
2404,0.0015377998352050781,0.002,-6.0
2405,0.0017650127410888672,0.002,-4.0
2406,0.0009882450103759766,0.002,-2.0
2407,0.0006253719329833984,0.002,0.0
2408,0.000705718994140625,0.002,2.0
2409,0.0006017684936523438,0.002,4.0
2410,0.0006575584411621094,0.002,6.0
2411,0.0013642311096191406,0.002,8.0
2412,0.0007641315460205078,0.002,9.600000000000001
2413,0.0018887519836425781,0.002,11.600000000000001
2414,0.0018341541290283203,0.002,13.200000000000001
2415,0.0019042491912841797,0.002,14.8
2416,0.002210378646850586,0.002,16.0
2417,0.001226186752319336,0.002,17.2
2418,0.0007467269897460938,0.002,18.400000000000002
2419,0.00039076805114746094,0.002,19.6
2420,0.0006775856018066406,0.002,20.400000000000002
2421,0.0012965202331542969,0.002,21.200000000000003
2422,0.004812479019165039,0.002,21.6
2423,0.0005092620849609375,0.002,22.0
2424,0.0008313655853271484,0.002,22.0
2425,0.0007121562957763672,0.002,22.0
2426,0.0006654262542724609,0.002,22.0
2427,0.0009751319885253906,0.002,21.6
2428,0.0013089179992675781,0.002,21.200000000000003
2429,0.0008921623229980469,0.002,20.400000000000002
2430,0.00063323974609375,0.002,19.6
2431,0.0008175373077392578,0.002,18.8
2432,0.002290964126586914,0.002,17.6
2433,0.0005729198455810547,0.002,16.400000000000002
2434,0.0029850006103515625,0.002,14.8
2435,0.004714488983154297,0.002,13.200000000000001
2436,0.0009949207305908203,0.002,11.600000000000001
2437,0.0009913444519042969,0.002,10.0
2438,0.0005133152008056641,0.002,8.0
2439,0.0017154216766357422,0.002,6.4
2440,0.0005657672882080078,0.002,4.4
2441,0.0008082389831542969,0.002,2.4000000000000004
2442,0.001382589340209961,0.002,0.4
2443,0.0003902912139892578,0.002,-1.6
2444,0.00018835067749023438,0.002,-3.2
2445,0.0005297660827636719,0.002,-5.2
2446,0.0017583370208740234,0.002,-7.2
2447,0.0008046627044677734,0.002,-8.8
2448,0.0015020370483398438,0.002,-10.4
2449,0.0018575191497802734,0.002,-12.0
2450,0.0005102157592773438,0.002,-13.600000000000001
2451,0.0004830360412597656,0.002,-15.200000000000001
2452,0.0006039142608642578,0.002,-16.400000000000002
2453,0.0006957054138183594,0.002,-17.6
2454,0.0008337497711181641,0.002,-18.400000000000002
2455,0.0005156993865966797,0.002,-19.6
2456,0.0017910003662109375,0.002,-20.0
2457,0.0012063980102539062,0.002,-20.8
2458,0.001990079879760742,0.002,-20.8
2459,0.0010216236114501953,0.002,-21.200000000000003
2460,0.0018734931945800781,0.002,-21.200000000000003
2461,0.00046563148498535156,0.002,-21.200000000000003
2462,0.0017735958099365234,0.002,-20.8
2463,0.0005245208740234375,0.002,-20.400000000000002
2464,0.001131296157836914,0.0,-19.6
2465,0.0013604164123535156,0.0,-18.8
2466,0.002065420150756836,0.0,-18.0
2467,0.0010805130004882812,0.0,-15.600000000000001
2468,0.0022704601287841797,0.0,-14.4
2469,0.0008754730224609375,0.0,-12.8
2470,0.0018093585968017578,0.0,-11.200000000000001
2471,0.0011525154113769531,0.0,-9.600000000000001
2472,0.0014591217041015625,0.0,-8.0
2473,0.0006089210510253906,0.0,-6.4
2474,0.0002467632293701172,0.0,-4.4
2475,0.00042939186096191406,0.0,-2.4000000000000004
2476,0.0006401538848876953,0.0,-0.8
2477,0.0017690658569335938,0.0,1.2000000000000002
2478,0.001468658447265625,0.0,3.2
2479,0.0012972354888916016,0.0,4.800000000000001
2480,0.002806425094604492,0.0,6.800000000000001
2481,0.0026264190673828125,0.0,8.4
2482,0.0011174678802490234,0.0,10.0
2483,0.00046372413635253906,0.0,11.600000000000001
2484,0.0002448558807373047,0.0,13.200000000000001
2485,0.0006647109985351562,0.0,14.4
2486,0.0012123584747314453,0.0,15.600000000000001
2487,0.0022907257080078125,0.0,16.8
2488,0.0012040138244628906,0.0,17.6
2489,0.0015838146209716797,0.0,18.8
2490,0.0015020370483398438,0.0,19.200000000000003
2491,0.0018873214721679688,0.0,20.0
2492,0.0018267631530761719,0.0,20.400000000000002
2493,0.001909017562866211,0.0,20.400000000000002
2494,0.0022013187408447266,0.0,20.400000000000002
2495,0.001430511474609375,0.0,20.400000000000002
2496,0.0005853176116943359,0.0,20.0
2497,0.004563808441162109,0.0,19.6
2498,0.0022726058959960938,0.0,19.200000000000003
2499,0.0018949508666992188,0.0,18.400000000000002
2500,0.002023935317993164,0.0,17.6
2501,0.002147197723388672,0.0,16.400000000000002
2502,0.001718759536743164,0.0,15.200000000000001
2503,0.00092315673828125,0.0,14.0
2504,0.0010366439819335938,0.0,12.8
2505,0.0025184154510498047,0.0,11.200000000000001
2506,0.0017137527465820312,0.0,9.600000000000001
2507,0.0017011165618896484,0.0,8.0
2508,0.0012996196746826172,0.0,6.4
2509,0.0005273818969726562,0.0,4.4
2510,0.0008308887481689453,0.0,2.8000000000000003
2511,0.0028955936431884766,0.0,1.2000000000000002
2512,0.0017790794372558594,0.0,-0.8
2513,0.001850128173828125,0.0,-2.4000000000000004
2514,0.0018544197082519531,0.0,-4.4
2515,0.0018498897552490234,0.0,-6.0
2516,0.0022995471954345703,0.0,-7.6000000000000005
2517,0.00058746337890625,0.0,-9.200000000000001
2518,0.0007512569427490234,0.0,-10.8
2519,0.0004730224609375,0.0,-12.4
2520,0.00036334991455078125,0.0,-13.600000000000001
2521,0.00036334991455078125,0.0,-13.600000000000001
2522,0.001428842544555664,0.0,-14.8
2523,0.0007615089416503906,0.0,-16.0
2524,0.0018949508666992188,0.0,-17.2
2525,0.0011942386627197266,0.0,-18.0
2526,0.0011608600616455078,0.0,-18.400000000000002
2527,0.0022046566009521484,0.0,-19.200000000000003
2528,0.0006668567657470703,0.0,-19.6
2529,0.0006587505340576172,0.0,-19.6
2530,0.00048661231994628906,0.0,-19.6
2531,0.0018372535705566406,0.0,-19.6
2532,0.0018062591552734375,0.0,-19.6
2533,0.0017435550689697266,0.0,-19.200000000000003
2534,0.0029900074005126953,0.0,-18.400000000000002
2535,0.0006954669952392578,0.0,-17.6
2536,0.0010344982147216797,0.0,-16.8
2537,0.0021660327911376953,0.0,-16.0
2538,0.0016558170318603516,0.0,-14.8
2539,0.0005657672882080078,0.0,-13.600000000000001
2540,0.0006155967712402344,0.0,-12.4
2541,0.0006814002990722656,0.0,-10.8
2542,0.0004913806915283203,0.0,-9.200000000000001
2543,0.0006577968597412109,0.0,-8.0
2544,0.0027539730072021484,0.0,-6.0
2545,0.0005331039428710938,0.0,-4.4
2546,0.003094196319580078,0.0,-2.8000000000000003
2547,0.002210378646850586,0.0,-1.2000000000000002
2548,0.0006473064422607422,0.0,0.8
2549,0.0012388229370117188,0.0,2.4000000000000004
2550,0.0018928050994873047,0.0,4.0
2551,0.0032701492309570312,0.0,6.0
2552,0.0006849765777587891,0.0,7.6000000000000005
2553,0.002048492431640625,0.0,8.8
2554,0.0016930103302001953,0.0,10.4
2555,0.0005583763122558594,0.0,12.0
2556,0.0009918212890625,0.0,13.200000000000001
2557,0.001668691635131836,0.0,14.4
2558,0.002216339111328125,0.0,15.600000000000001
2559,0.0009860992431640625,0.0,16.400000000000002
2560,0.0011298656463623047,0.0,17.2
2561,0.001667022705078125,0.0,18.0
2562,0.0006170272827148438,0.0,18.400000000000002
2563,0.0007872581481933594,0.0,18.8
2564,0.0020780563354492188,0.0,19.200000000000003
2565,0.002565145492553711,0.0,19.200000000000003
2566,0.0005311965942382812,0.0,19.200000000000003
2567,0.0017507076263427734,0.0,18.8
2568,0.0010585784912109375,0.0,18.400000000000002
2569,0.0034520626068115234,0.0,18.0
2570,0.0007336139678955078,0.0,17.2
2571,0.0021011829376220703,0.0,16.400000000000002
2572,0.0026717185974121094,0.0,15.600000000000001
2573,0.0005857944488525391,0.0,14.4
2574,0.00043010711669921875,0.0,13.200000000000001
2575,0.0006227493286132812,0.0,12.0
2576,0.003607511520385742,0.0,10.8
2577,0.0007281303405761719,0.0,9.200000000000001
2578,0.0017185211181640625,0.0,7.6000000000000005
2579,0.002264738082885742,0.0,6.4
2580,0.002489805221557617,0.0,4.4
2581,0.002002716064453125,0.0,2.8000000000000003
2582,0.0019621849060058594,0.0,1.2000000000000002
2583,0.00045943260192871094,0.0,-0.4
2584,0.0007379055023193359,0.0,-2.0
