,Latency,PWM Value,Angle
0,0.0,0.0,0.0
1,0.0006155967712402344,0.0,0.0
2,0.0005278587341308594,0.0,0.0
3,0.0005900859832763672,0.0,0.0
4,0.0005257129669189453,0.0,0.0
5,0.0005261898040771484,0.0,0.0
6,0.0006420612335205078,0.0,0.0
7,0.00037026405334472656,0.0,0.0
8,0.0004856586456298828,0.0,0.0
9,0.0004343986511230469,0.0,0.0
10,0.0005390644073486328,0.0,0.0
11,0.0002522468566894531,0.0,0.0
12,0.0001595020294189453,0.0,0.0
13,0.00016379356384277344,0.0,0.0
14,0.00019931793212890625,0.0,0.0
15,0.0002493858337402344,0.0,0.0
16,0.0003628730773925781,0.0,0.0
17,0.0004470348358154297,0.0,0.0
18,0.0004336833953857422,0.0,0.0
19,0.00041937828063964844,0.0,0.0
20,0.00041604042053222656,0.0,0.0
21,0.0002524852752685547,0.0,0.0
22,0.0004949569702148438,0.0,0.0
23,0.0004858970642089844,0.0,0.0
24,0.0005190372467041016,0.0,0.0
25,0.002408266067504883,0.0,0.0
26,0.00043272972106933594,0.0,0.0
27,0.0007064342498779297,0.0,0.0
28,0.0010981559753417969,0.0,0.0
29,0.0008330345153808594,0.0,0.0
30,0.0007262229919433594,0.0,0.0
31,0.0013203620910644531,0.0,0.0
32,0.0007367134094238281,0.0,0.0
33,0.001527547836303711,0.0,0.0
34,0.00037407875061035156,0.0,0.0
35,0.00037407875061035156,0.0,0.0
36,0.0002586841583251953,0.0,0.0
37,0.0004966259002685547,0.0,0.0
38,0.00021505355834960938,0.0,0.0
39,0.00015234947204589844,0.0,0.0
40,0.00047087669372558594,0.0,0.0
41,0.0004863739013671875,0.0,0.0
42,0.0003857612609863281,0.0,0.0
43,0.00046324729919433594,0.0,0.0
44,0.0004444122314453125,0.0,0.0
45,0.0004241466522216797,0.0,0.0
46,0.0004200935363769531,0.0,0.0
47,0.0004146099090576172,0.0,0.0
48,0.00015234947204589844,0.0,0.0
49,0.0002655982971191406,0.0,0.0
50,0.00030922889709472656,0.0,0.0
51,0.0004849433898925781,0.0,0.0
52,0.0005369186401367188,0.0,0.0
53,0.0009462833404541016,0.0,0.0
54,0.0006611347198486328,0.0,0.0
55,0.0017523765563964844,0.0,0.0
56,0.001087188720703125,0.0,0.0
57,0.0023241043090820312,0.0,0.0
58,0.0008094310760498047,0.0,0.0
59,0.0005960464477539062,0.0,0.0
60,0.00024890899658203125,0.0,0.0
61,0.0004925727844238281,0.0,0.0
62,0.0004451274871826172,0.0,0.0
63,0.0004467964172363281,0.0,0.0
64,0.00029540061950683594,0.0,0.0
65,0.00016117095947265625,0.0,0.0
66,0.00048470497131347656,0.0,0.0
67,0.00048089027404785156,0.0,0.0
68,0.00032067298889160156,0.0,0.0
69,0.00035762786865234375,0.0,0.0
70,0.00044608116149902344,0.0,0.0
71,0.0004215240478515625,0.0,0.0
72,0.0004291534423828125,0.0,0.0
73,0.0004169940948486328,0.0,0.0
74,0.00042819976806640625,0.0,0.0
75,0.00021386146545410156,0.0,0.0
76,0.0002079010009765625,0.0,0.0
77,0.00046539306640625,0.0,0.0
78,0.0005328655242919922,0.0,0.0
79,0.0007991790771484375,0.0,0.0
80,0.0006327629089355469,0.0,0.0
81,0.0008924007415771484,0.0,0.0
82,0.0004642009735107422,0.0,0.0
83,0.00083160400390625,0.0,0.0
84,0.0004718303680419922,0.0,0.0
85,0.0013709068298339844,0.0,0.0
86,0.00047588348388671875,0.0,0.0
87,0.0005710124969482422,0.0,0.0
88,0.0006818771362304688,0.0,0.0
89,0.0006854534149169922,0.0,0.0
90,0.0004494190216064453,0.0,0.0
91,0.0004763603210449219,0.0,0.0
92,0.0004067420959472656,0.0,0.0
93,0.0004372596740722656,0.0,0.0
94,0.00022172927856445312,0.0,0.0
95,0.00048160552978515625,0.0,0.0
96,0.0002593994140625,0.0,0.0
97,0.0004856586456298828,0.0,0.0
98,0.0004734992980957031,0.0,0.0
99,0.0003459453582763672,0.0,0.0
100,0.00047278404235839844,0.0,0.0
101,0.00043511390686035156,0.0,0.0
102,0.00045871734619140625,0.0,0.0
103,0.00043129920959472656,0.0,0.0
104,0.0004608631134033203,0.0,0.0
105,0.0005464553833007812,0.0,0.0
106,0.0004930496215820312,0.0,0.0
107,0.0004851818084716797,0.0,0.0
108,0.00046253204345703125,0.0,0.0
109,0.00047659873962402344,0.0,0.0
110,0.0007448196411132812,0.0,0.0
111,0.0007379055023193359,0.0,0.0
112,0.0008008480072021484,0.0,0.0
113,0.0023446083068847656,0.0,0.0
114,0.0007479190826416016,0.0,0.0
115,0.00044274330139160156,0.0,0.0
116,0.0004811286926269531,0.0,0.0
117,0.00047087669372558594,0.0,0.0
118,0.00042724609375,0.0,0.0
119,0.0004763603210449219,0.0,0.0
120,0.00021910667419433594,0.0,0.0
121,0.0002315044403076172,0.0,0.0
122,0.0005462169647216797,0.0,0.0
123,0.0004429817199707031,0.0,0.0
124,0.0005071163177490234,0.0,0.0
125,0.00044608116149902344,0.0,0.0
126,0.00045418739318847656,0.0,0.0
127,0.0004696846008300781,0.0,0.0
128,0.0004405975341796875,0.0,0.0
129,0.0004630088806152344,0.0,0.0
130,0.00019812583923339844,0.0,0.0
131,0.0004975795745849609,0.0,0.0
132,0.0004391670227050781,0.0,0.0
133,0.0005266666412353516,0.0,0.0
134,0.0006444454193115234,0.0,0.0
135,0.0004904270172119141,0.0,0.0
136,0.0010440349578857422,0.002,0.0
137,0.0005898475646972656,0.002,0.0
138,0.0015132427215576172,0.002,0.0
139,0.0006392002105712891,0.002,0.0
140,0.002473592758178711,0.002,0.0
141,0.002854585647583008,0.002,0.0
142,0.0007975101470947266,0.002,0.0
143,0.00034117698669433594,0.002,0.0
144,0.0004932880401611328,0.002,0.0
145,0.0004782676696777344,0.002,0.0
146,0.0002446174621582031,0.002,0.0
147,0.0001595020294189453,0.002,0.0
148,0.00015282630920410156,0.002,0.0
149,0.00044417381286621094,0.004,0.0
150,0.0005147457122802734,0.004,0.0
151,0.00028133392333984375,0.004,0.0
152,0.0004527568817138672,0.004,0.0
153,0.0004630088806152344,0.006,0.0
154,0.0004303455352783203,0.006,0.0
155,0.0004563331604003906,0.006,0.0
156,0.0003464221954345703,0.006,0.0
157,0.00023674964904785156,0.006,0.0
158,0.0005211830139160156,0.006,0.0
159,0.0002925395965576172,0.006,0.0
160,0.0005815029144287109,0.006,0.0
161,0.0004820823669433594,0.006,0.0
162,0.0006794929504394531,0.006,0.0
163,0.0005037784576416016,0.006,0.0
164,0.0015501976013183594,0.006,0.0
165,0.0007650852203369141,0.006,0.0
166,0.0015103816986083984,0.006,0.0
167,0.0008249282836914062,0.006,0.0
168,0.00038313865661621094,0.006,0.0
169,0.00027871131896972656,0.009000000000000001,0.0
170,0.0005235671997070312,0.009000000000000001,0.0
171,0.0002434253692626953,0.011,0.0
172,0.0002434253692626953,0.011,0.0
173,0.00015115737915039062,0.013,0.0
174,0.0001430511474609375,0.013,0.0
175,0.0001609325408935547,0.013,0.0
176,0.00019121170043945312,0.015,0.0
177,0.000888824462890625,0.017,0.0
178,0.0003237724304199219,0.017,0.0
179,0.00030732154846191406,0.017,0.0
180,0.00041794776916503906,0.017,0.0
181,0.0004248619079589844,0.017,0.0
182,0.0004706382751464844,0.017,0.0
183,0.0001513957977294922,0.017,0.0
184,0.0002434253692626953,0.017,0.0
185,0.0003066062927246094,0.019,0.0
186,0.0004367828369140625,0.024,0.0
187,0.0006172657012939453,0.024,0.0
188,0.00045013427734375,0.024,0.0
189,0.0009105205535888672,0.024,0.0
190,0.0007452964782714844,0.024,0.0
191,0.0027246475219726562,0.026,0.0
192,0.0005505084991455078,0.026,0.0
193,0.0007851123809814453,0.027999999999999997,0.0
194,0.0004858970642089844,0.027999999999999997,0.0
195,0.0003597736358642578,0.027999999999999997,0.0
196,0.0005249977111816406,0.027999999999999997,0.0
197,0.00025463104248046875,0.027999999999999997,0.0
198,0.0005333423614501953,0.03,0.0
199,0.00019812583923339844,0.03,0.0
200,0.00015020370483398438,0.03,0.0
201,0.0001533031463623047,0.032,0.4
202,0.00035309791564941406,0.034,0.4
203,0.00023365020751953125,0.037000000000000005,0.4
204,0.0004725456237792969,0.037000000000000005,0.4
205,0.0004322528839111328,0.037000000000000005,0.4
206,0.0004191398620605469,0.037000000000000005,0.4
207,0.00042891502380371094,0.039,0.4
208,0.0004591941833496094,0.039,0.4
209,0.00054168701171875,0.039,0.4
210,0.00014543533325195312,0.039,0.4
211,0.000476837158203125,0.039,0.4
212,0.0004734992980957031,0.040999999999999995,0.4
213,0.0004589557647705078,0.045,0.4
214,0.0007529258728027344,0.047,0.4
215,0.0004985332489013672,0.05,0.4
216,0.0005781650543212891,0.05,0.4
217,0.0005140304565429688,0.05,0.4
218,0.001005411148071289,0.05,0.4
219,0.0005450248718261719,0.05,0.4
220,0.0008268356323242188,0.05,0.4
221,0.0009241104125976562,0.05,0.4
222,0.0002913475036621094,0.05,0.4
223,0.0004818439483642578,0.05,0.4
224,0.0002837181091308594,0.05,0.4
225,0.000461578369140625,0.05,0.4
226,0.0004966259002685547,0.05,0.4
227,0.00033020973205566406,0.05,0.4
228,0.0001475811004638672,0.052000000000000005,0.4
229,0.0004985332489013672,0.054000000000000006,0.4
230,0.0002105236053466797,0.055999999999999994,0.4
231,0.00048160552978515625,0.06,0.4
232,0.00042557716369628906,0.06,0.4
233,0.0004620552062988281,0.06,0.4
234,0.0004260540008544922,0.06,0.4
235,0.00045943260192871094,0.06,0.4
236,0.00043487548828125,0.06,0.4
237,0.0003814697265625,0.06,0.4
238,0.0005033016204833984,0.06,0.8
239,0.0004911422729492188,0.06,0.8
240,0.0007085800170898438,0.06,1.2000000000000002
241,0.0005354881286621094,0.06,1.2000000000000002
242,0.0005192756652832031,0.06,1.6
243,0.0010540485382080078,0.063,2.0
244,0.0007445812225341797,0.063,2.4000000000000004
245,0.0015246868133544922,0.067,2.8000000000000003
246,0.0007207393646240234,0.073,3.2
247,0.00047588348388671875,0.075,3.6
248,0.0010514259338378906,0.075,4.4
249,0.0010962486267089844,0.075,4.800000000000001
250,0.0005104541778564453,0.075,5.6000000000000005
251,0.0004324913024902344,0.075,6.0
252,0.0005009174346923828,0.075,6.4
253,0.0002770423889160156,0.075,7.2
254,0.0002880096435546875,0.078,8.0
255,0.00029349327087402344,0.078,8.4
256,0.0001709461212158203,0.078,9.200000000000001
257,0.0002727508544921875,0.078,9.600000000000001
258,0.00016498565673828125,0.078,10.4
259,0.000247955322265625,0.078,11.200000000000001
260,0.00016117095947265625,0.08199999999999999,11.600000000000001
261,0.00024080276489257812,0.08199999999999999,12.4
262,0.00019788742065429688,0.084,12.8
263,0.0002932548522949219,0.084,13.600000000000001
264,0.00040912628173828125,0.084,14.0
265,0.0004546642303466797,0.084,14.4
266,0.0005033016204833984,0.084,15.200000000000001
267,0.0002498626708984375,0.084,15.600000000000001
268,0.00045871734619140625,0.084,16.0
269,0.0004482269287109375,0.084,16.400000000000002
270,0.0004761219024658203,0.084,16.400000000000002
271,0.0004410743713378906,0.084,16.8
272,0.00043129920959472656,0.084,17.2
273,0.0004591941833496094,0.084,17.2
274,0.0018916130065917969,0.084,17.6
275,0.00069427490234375,0.084,17.6
276,0.0010976791381835938,0.084,17.6
277,0.0002841949462890625,0.084,17.6
278,0.002113819122314453,0.084,17.6
279,0.0006010532379150391,0.084,17.6
280,0.0005609989166259766,0.084,17.2
281,0.0005242824554443359,0.084,17.2
282,0.00048351287841796875,0.084,16.8
283,0.0004458427429199219,0.084,16.400000000000002
284,0.00028443336486816406,0.084,16.400000000000002
285,0.0004968643188476562,0.084,16.0
286,0.00016355514526367188,0.084,15.600000000000001
287,0.00017333030700683594,0.084,15.200000000000001
288,0.00016999244689941406,0.084,14.8
289,0.00017380714416503906,0.084,14.4
290,0.0004999637603759766,0.084,13.600000000000001
291,0.0004315376281738281,0.084,13.200000000000001
292,0.0004315376281738281,0.084,12.8
293,0.0004138946533203125,0.084,12.0
294,0.0004248619079589844,0.084,11.600000000000001
295,0.0004830360412597656,0.084,11.200000000000001
296,0.00014281272888183594,0.084,10.8
297,0.0003447532653808594,0.084,10.0
298,0.0004475116729736328,0.086,9.600000000000001
299,0.0004811286926269531,0.08800000000000001,9.200000000000001
300,0.00057220458984375,0.091,8.8
301,0.0005140304565429688,0.091,8.4
302,0.0009975433349609375,0.091,8.0
303,0.0004875659942626953,0.093,7.6000000000000005
304,0.0020160675048828125,0.093,7.2
305,0.0004792213439941406,0.093,6.800000000000001
306,0.002298593521118164,0.093,6.800000000000001
307,0.0006771087646484375,0.093,6.4
308,0.0011441707611083984,0.093,6.4
309,0.0004589557647705078,0.093,6.4
310,0.00040602684020996094,0.095,6.4
311,0.00029015541076660156,0.097,6.4
312,0.0002830028533935547,0.097,6.4
313,0.0004906654357910156,0.097,6.4
314,0.0003662109375,0.097,6.800000000000001
315,0.0006630420684814453,0.097,6.800000000000001
316,0.00022912025451660156,0.099,7.2
317,0.0002968311309814453,0.101,7.6000000000000005
318,0.0004787445068359375,0.101,8.0
319,0.0004830360412597656,0.106,8.4
320,0.0004260540008544922,0.108,8.8
321,0.0005605220794677734,0.112,9.200000000000001
322,0.0005605220794677734,0.116,9.200000000000001
323,0.0004482269287109375,0.119,10.0
324,0.00041294097900390625,0.123,10.4
325,0.0003581047058105469,0.127,11.200000000000001
326,0.0003674030303955078,0.129,11.600000000000001
327,0.0003752708435058594,0.131,12.4
328,0.0005064010620117188,0.136,13.200000000000001
329,0.00043964385986328125,0.136,14.0
330,0.0005466938018798828,0.136,14.4
331,0.0004496574401855469,0.136,15.200000000000001
332,0.001253366470336914,0.136,16.400000000000002
333,0.0007877349853515625,0.136,17.2
334,0.0011396408081054688,0.138,18.0
335,0.0005660057067871094,0.138,18.8
336,0.0004363059997558594,0.138,19.6
337,0.0005679130554199219,0.138,20.8
338,0.0007708072662353516,0.138,21.6
339,0.0005834102630615234,0.138,22.400000000000002
340,0.0004630088806152344,0.138,23.6
341,0.0005228519439697266,0.142,24.400000000000002
342,0.0004317760467529297,0.142,25.200000000000003
343,0.00047898292541503906,0.14400000000000002,26.0
344,0.0002758502960205078,0.14400000000000002,26.8
345,0.0001552104949951172,0.14400000000000002,27.6
346,0.0004885196685791016,0.14400000000000002,28.400000000000002
347,0.0002846717834472656,0.149,29.200000000000003
348,0.000507354736328125,0.151,30.0
349,0.000446319580078125,0.151,30.400000000000002
350,0.0004444122314453125,0.155,30.8
351,0.00041985511779785156,0.157,31.6
352,0.0004439353942871094,0.162,32.0
353,0.0004131793975830078,0.162,32.4
354,0.0002167224884033203,0.16399999999999998,32.800000000000004
355,0.00048661231994628906,0.166,33.2
356,0.0005278587341308594,0.166,33.2
357,0.0004470348358154297,0.166,33.6
358,0.0004966259002685547,0.166,33.6
359,0.0005941390991210938,0.166,34.0
360,0.0009195804595947266,0.166,34.0
361,0.0009829998016357422,0.166,34.0
362,0.0016498565673828125,0.166,34.0
363,0.0009489059448242188,0.166,34.0
364,0.0014567375183105469,0.166,34.0
365,0.0013861656188964844,0.166,34.0
366,0.0006682872772216797,0.166,34.0
367,0.0005059242248535156,0.166,34.0
368,0.0003764629364013672,0.166,34.0
369,0.0005228519439697266,0.166,33.6
370,0.0004725456237792969,0.166,33.6
371,0.0004253387451171875,0.166,33.6
372,0.00025916099548339844,0.166,33.2
373,0.00047779083251953125,0.166,33.2
374,0.00046539306640625,0.168,32.800000000000004
375,0.00028133392333984375,0.168,32.800000000000004
376,0.0003457069396972656,0.168,32.4
377,0.0005431175231933594,0.166,32.4
378,0.00046753883361816406,0.16399999999999998,32.0
379,0.0004627704620361328,0.162,31.6
380,0.00043129920959472656,0.159,31.6
381,0.0004436969757080078,0.157,31.200000000000003
382,0.00021910667419433594,0.157,31.200000000000003
383,0.0005013942718505859,0.157,30.8
384,0.0004889965057373047,0.153,30.400000000000002
385,0.00044345855712890625,0.153,30.400000000000002
386,0.0004863739013671875,0.153,30.0
387,0.0014340877532958984,0.153,29.6
388,0.0005428791046142578,0.151,29.6
389,0.0015268325805664062,0.151,29.200000000000003
390,0.000583648681640625,0.151,28.8
391,0.0006895065307617188,0.151,28.400000000000002
392,0.0005791187286376953,0.151,28.400000000000002
393,0.0010097026824951172,0.149,28.0
394,0.0006253719329833984,0.149,27.6
395,0.0030808448791503906,0.149,27.200000000000003
396,0.00027370452880859375,0.14400000000000002,26.8
397,0.0005245208740234375,0.14400000000000002,26.8
398,0.00016689300537109375,0.142,26.400000000000002
399,0.0013058185577392578,0.142,26.0
400,0.0002052783966064453,0.142,25.6
401,0.00017523765563964844,0.142,25.6
402,0.00014519691467285156,0.14,25.200000000000003
403,0.0002689361572265625,0.14,24.8
404,0.0005204677581787109,0.14,24.400000000000002
405,0.00021719932556152344,0.14,24.0
406,0.0004801750183105469,0.14,24.0
407,0.0004324913024902344,0.14,23.6
408,0.00045871734619140625,0.14,23.200000000000003
409,0.0004200935363769531,0.14,22.8
410,0.00044846534729003906,0.14,22.8
411,0.00035881996154785156,0.14,22.400000000000002
412,0.00019669532775878906,0.14,22.0
413,0.0004646778106689453,0.14,22.0
414,0.0005030632019042969,0.14,21.6
415,0.0004894733428955078,0.14,21.200000000000003
416,0.00047206878662109375,0.14,21.200000000000003
417,0.0007123947143554688,0.14,20.8
418,0.0005831718444824219,0.14,20.8
419,0.0016033649444580078,0.14,20.8
420,0.0009038448333740234,0.14,20.400000000000002
421,0.0013170242309570312,0.14,20.400000000000002
422,0.0007958412170410156,0.14,20.400000000000002
423,0.0003979206085205078,0.14,20.400000000000002
424,0.0005254745483398438,0.14,20.400000000000002
425,0.00027370452880859375,0.14,20.400000000000002
426,0.0004737377166748047,0.14,20.400000000000002
427,0.0004475116729736328,0.142,20.400000000000002
428,0.00038886070251464844,0.142,20.400000000000002
429,0.00047206878662109375,0.14400000000000002,20.400000000000002
430,0.0006129741668701172,0.147,20.400000000000002
431,0.002122640609741211,0.147,20.400000000000002
432,0.0009014606475830078,0.149,20.8
433,0.0012173652648925781,0.149,20.8
434,0.00046825408935546875,0.149,21.200000000000003
435,0.0008661746978759766,0.149,21.200000000000003
436,0.0004837512969970703,0.149,21.6
437,0.00043320655822753906,0.149,21.6
438,0.00034117698669433594,0.149,22.0
439,0.0019161701202392578,0.149,22.0
440,0.0011439323425292969,0.149,22.400000000000002
441,0.0017352104187011719,0.149,22.8
442,0.00081634521484375,0.149,23.200000000000003
443,0.002523183822631836,0.149,23.6
444,0.0006842613220214844,0.149,24.0
445,0.0004565715789794922,0.149,24.0
446,0.0005404949188232422,0.149,24.400000000000002
447,0.0005166530609130859,0.149,24.8
448,0.0007131099700927734,0.149,25.200000000000003
449,0.0010464191436767578,0.149,25.6
450,0.0007016658782958984,0.149,26.0
451,0.0012433528900146484,0.149,26.400000000000002
452,0.0009253025054931641,0.151,26.8
453,0.002167224884033203,0.151,27.200000000000003
454,0.0007703304290771484,0.153,27.6
455,0.0024602413177490234,0.153,28.0
456,0.00042629241943359375,0.153,28.400000000000002
457,0.0007643699645996094,0.155,28.8
458,0.0009675025939941406,0.155,28.8
459,0.0010993480682373047,0.157,29.200000000000003
460,0.0007686614990234375,0.162,29.6
461,0.0011980533599853516,0.16399999999999998,29.6
462,0.0006067752838134766,0.166,30.0
463,0.0014591217041015625,0.166,30.0
464,0.0008449554443359375,0.168,30.400000000000002
465,0.0017082691192626953,0.168,30.400000000000002
466,0.0006916522979736328,0.17,30.400000000000002
467,0.00042366981506347656,0.17,30.8
468,0.001007080078125,0.17,30.8
469,0.0013735294342041016,0.17,30.8
470,0.0011718273162841797,0.172,30.8
471,0.0014224052429199219,0.181,31.200000000000003
472,0.0007712841033935547,0.181,31.200000000000003
473,0.0026335716247558594,0.181,31.200000000000003
474,0.0006453990936279297,0.181,31.6
475,0.0027213096618652344,0.185,31.6
476,0.0009157657623291016,0.188,31.6
477,0.0009112358093261719,0.19,31.6
478,0.0006616115570068359,0.19,32.0
479,0.001081228256225586,0.19,32.0
480,0.0011157989501953125,0.19,32.4
481,0.0018236637115478516,0.19,32.4
482,0.0008168220520019531,0.19,32.800000000000004
483,0.0023338794708251953,0.192,32.800000000000004
484,0.0005052089691162109,0.192,33.2
485,0.002266407012939453,0.192,33.6
486,0.0007109642028808594,0.192,34.0
487,0.0019230842590332031,0.192,34.4
488,0.0006964206695556641,0.192,34.800000000000004
489,0.0006964206695556641,0.192,34.800000000000004
490,0.0010552406311035156,0.192,35.2
491,0.0008428096771240234,0.192,35.6
492,0.0008344650268554688,0.192,36.0
493,0.0021622180938720703,0.194,36.4
494,0.0007412433624267578,0.194,36.800000000000004
495,0.004198312759399414,0.194,37.2
496,0.0015244483947753906,0.194,38.0
497,0.00045180320739746094,0.194,38.400000000000006
498,0.0015420913696289062,0.194,38.800000000000004
499,0.0004780292510986328,0.194,39.2
500,0.0011065006256103516,0.194,39.6
501,0.0018301010131835938,0.194,40.400000000000006
502,0.0010373592376708984,0.194,40.800000000000004
503,0.0010461807250976562,0.194,41.2
504,0.001165628433227539,0.194,41.6
505,0.0024895668029785156,0.194,42.400000000000006
506,0.000820159912109375,0.194,42.800000000000004
507,0.0010957717895507812,0.194,43.2
508,0.0009622573852539062,0.194,43.6
509,0.002196788787841797,0.194,44.0
510,0.0010533332824707031,0.194,44.0
511,0.0007154941558837891,0.194,44.400000000000006
512,0.0008821487426757812,0.194,44.800000000000004
513,0.00148773193359375,0.194,45.2
514,0.0017290115356445312,0.194,45.2
515,0.002560853958129883,0.194,45.2
516,0.0011780261993408203,0.192,45.6
517,0.0010993480682373047,0.19,45.6
518,0.0005314350128173828,0.181,45.6
519,0.0009670257568359375,0.16399999999999998,45.6
520,0.0008025169372558594,0.151,45.6
521,0.0014164447784423828,0.14400000000000002,45.6
522,0.0005161762237548828,0.14,45.6
523,0.0029048919677734375,0.136,45.2
524,0.000659942626953125,0.136,45.2
525,0.0022764205932617188,0.136,44.800000000000004
526,0.0007457733154296875,0.136,44.400000000000006
527,0.0021295547485351562,0.131,44.0
528,0.001569509506225586,0.125,43.2
529,0.0014445781707763672,0.116,42.400000000000006
530,0.0013017654418945312,0.112,41.6
531,0.0014379024505615234,0.108,40.400000000000006
532,0.0011954307556152344,0.101,39.6
533,0.0007171630859375,0.101,38.400000000000006
534,0.0005810260772705078,0.101,36.800000000000004
535,0.0017552375793457031,0.101,35.6
536,0.0008938312530517578,0.101,34.0
537,0.0005526542663574219,0.101,32.0
538,0.0005168914794921875,0.101,30.400000000000002
539,0.0010960102081298828,0.101,28.400000000000002
540,0.0014405250549316406,0.101,26.400000000000002
541,0.000659942626953125,0.101,24.400000000000002
542,0.0005040168762207031,0.101,22.400000000000002
543,0.00250244140625,0.101,20.0
544,0.0009577274322509766,0.101,18.0
545,0.0007834434509277344,0.101,15.600000000000001
546,0.0011169910430908203,0.101,13.600000000000001
547,0.0012052059173583984,0.101,11.200000000000001
548,0.0010228157043457031,0.101,9.200000000000001
549,0.000701904296875,0.101,7.2
550,0.0015273094177246094,0.101,5.2
551,0.001707315444946289,0.101,3.2
552,0.001880645751953125,0.101,1.2000000000000002
553,0.0010113716125488281,0.101,-0.4
554,0.0018525123596191406,0.101,-2.0
555,0.0005578994750976562,0.101,-3.6
556,0.0006933212280273438,0.101,-4.800000000000001
557,0.0005404949188232422,0.101,-6.0
558,0.0007700920104980469,0.101,-6.800000000000001
559,0.0005581378936767578,0.101,-7.6000000000000005
560,0.00078582763671875,0.101,-8.0
561,0.0006287097930908203,0.101,-8.4
562,0.0011479854583740234,0.101,-8.8
563,0.0012638568878173828,0.101,-8.8
564,0.001986980438232422,0.101,-8.8
565,0.0015642642974853516,0.101,-8.4
566,0.0003685951232910156,0.101,-8.0
567,0.0005786418914794922,0.101,-7.2
568,0.0018362998962402344,0.101,-6.4
569,0.0022008419036865234,0.101,-5.2
570,0.0013670921325683594,0.101,-4.0
571,0.0006072521209716797,0.101,-2.8000000000000003
572,0.0008788108825683594,0.101,-1.2000000000000002
573,0.0016193389892578125,0.101,0.4
574,0.0008151531219482422,0.101,2.0
575,0.0021414756774902344,0.101,4.0
576,0.00046753883361816406,0.101,5.6000000000000005
577,0.0009839534759521484,0.101,7.6000000000000005
578,0.0005402565002441406,0.101,9.600000000000001
579,0.0006878376007080078,0.101,11.600000000000001
580,0.000522613525390625,0.101,13.600000000000001
581,0.002095937728881836,0.101,15.600000000000001
582,0.0011186599731445312,0.101,17.6
583,0.0014290809631347656,0.101,19.6
584,0.0016367435455322266,0.101,21.6
585,0.0025815963745117188,0.101,23.6
586,0.0016722679138183594,0.101,25.200000000000003
587,0.002195119857788086,0.101,26.8
588,0.00113677978515625,0.101,28.400000000000002
589,0.0005750656127929688,0.101,30.0
590,0.0017185211181640625,0.101,31.200000000000003
591,0.0013730525970458984,0.101,32.800000000000004
592,0.0013034343719482422,0.101,33.6
593,0.0012705326080322266,0.101,34.800000000000004
594,0.001491546630859375,0.101,35.6
595,0.000997781753540039,0.101,36.0
596,0.0008327960968017578,0.101,36.4
597,0.0005986690521240234,0.101,36.800000000000004
598,0.0009763240814208984,0.101,37.2
599,0.0020678043365478516,0.101,37.2
600,0.000835418701171875,0.101,36.800000000000004
601,0.0005946159362792969,0.101,36.4
602,0.0004184246063232422,0.101,36.0
603,0.0005409717559814453,0.101,35.6
604,0.0009844303131103516,0.101,34.800000000000004
605,0.0005195140838623047,0.101,33.6
606,0.0018477439880371094,0.101,32.800000000000004
607,0.0006721019744873047,0.101,31.6
608,0.0014500617980957031,0.101,30.0
609,0.0012123584747314453,0.101,28.8
610,0.0007884502410888672,0.101,27.200000000000003
611,0.0008111000061035156,0.101,25.6
612,0.0005548000335693359,0.101,24.0
613,0.0008304119110107422,0.101,22.400000000000002
614,0.0017960071563720703,0.101,20.400000000000002
615,0.0024046897888183594,0.101,18.8
616,0.0005571842193603516,0.101,16.8
617,0.0010998249053955078,0.101,15.200000000000001
618,0.0004909038543701172,0.101,13.200000000000001
619,0.0011014938354492188,0.101,11.600000000000001
620,0.0010793209075927734,0.101,9.600000000000001
621,0.0009591579437255859,0.101,8.0
622,0.0006110668182373047,0.101,6.4
623,0.0007274150848388672,0.101,4.800000000000001
624,0.0022008419036865234,0.101,3.2
625,0.0015292167663574219,0.101,2.0
626,0.0018839836120605469,0.101,0.8
627,0.0012631416320800781,0.101,-0.4
628,0.0014362335205078125,0.101,-1.6
629,0.0020134449005126953,0.101,-2.4000000000000004
630,0.0022008419036865234,0.101,-3.2
631,0.003830432891845703,0.101,-4.0
632,0.002393960952758789,0.101,-4.4
633,0.0006999969482421875,0.101,-4.4
634,0.0005488395690917969,0.101,-4.800000000000001
635,0.0016138553619384766,0.101,-4.800000000000001
636,0.0011029243469238281,0.101,-4.4
637,0.0010476112365722656,0.101,-4.4
638,0.0005340576171875,0.101,-4.0
639,0.0005340576171875,0.101,-4.0
640,0.0004956722259521484,0.101,-3.2
641,0.0020751953125,0.101,-2.4000000000000004
642,0.0008983612060546875,0.101,-1.6
643,0.0004267692565917969,0.101,-0.4
644,0.0005023479461669922,0.101,0.8
645,0.002727031707763672,0.101,2.0
646,0.001264333724975586,0.101,3.2
647,0.0011754035949707031,0.101,4.800000000000001
648,0.0010368824005126953,0.101,6.0
649,0.0016357898712158203,0.101,7.6000000000000005
650,0.0017991065979003906,0.101,9.200000000000001
651,0.003652334213256836,0.101,10.8
652,0.0015912055969238281,0.101,12.4
653,0.002485513687133789,0.101,14.4
654,0.0008182525634765625,0.101,16.0
655,0.0007593631744384766,0.101,17.6
656,0.002251148223876953,0.101,19.200000000000003
657,0.0012943744659423828,0.101,20.8
658,0.0013103485107421875,0.103,22.400000000000002
659,0.0012323856353759766,0.106,23.6
660,0.0015347003936767578,0.108,25.200000000000003
661,0.0018393993377685547,0.108,26.400000000000002
662,0.0013914108276367188,0.11,27.6
663,0.0005731582641601562,0.11,28.8
664,0.0011012554168701172,0.11,29.6
665,0.0006551742553710938,0.11,30.400000000000002
666,0.0007534027099609375,0.11,31.200000000000003
667,0.0007865428924560547,0.11,32.0
668,0.0025594234466552734,0.11,32.4
669,0.0008418560028076172,0.11,32.800000000000004
670,0.0017900466918945312,0.11,33.2
671,0.002067089080810547,0.11,33.2
672,0.0024008750915527344,0.112,33.2
673,0.001825571060180664,0.112,33.2
674,0.0016319751739501953,0.112,32.800000000000004
675,0.0011467933654785156,0.114,32.4
676,0.0005190372467041016,0.114,32.0
677,0.0005269050598144531,0.114,31.6
678,0.00023245811462402344,0.114,30.8
679,0.0002598762512207031,0.114,30.0
680,0.0003495216369628906,0.114,29.200000000000003
681,0.0003809928894042969,0.114,28.400000000000002
682,0.0005033016204833984,0.114,27.200000000000003
683,0.0004703998565673828,0.114,26.400000000000002
684,0.0004787445068359375,0.114,25.200000000000003
685,0.00043582916259765625,0.114,24.0
686,0.0004229545593261719,0.114,22.8
687,0.0004200935363769531,0.114,21.6
688,0.0004124641418457031,0.114,20.0
689,0.0005826950073242188,0.114,18.8
690,0.0005295276641845703,0.114,17.6
691,0.00046634674072265625,0.114,16.400000000000002
692,0.0004603862762451172,0.112,14.8
693,0.0004482269287109375,0.108,13.600000000000001
694,0.0005395412445068359,0.106,12.4
695,0.0023565292358398438,0.103,11.200000000000001
696,0.0006349086761474609,0.101,10.4
697,0.0010020732879638672,0.097,9.200000000000001
698,0.0004856586456298828,0.097,8.4
699,0.0004830360412597656,0.097,7.2
700,0.0004756450653076172,0.097,6.4
701,0.0005624294281005859,0.097,5.6000000000000005
702,0.0003895759582519531,0.097,5.2
703,0.000438690185546875,0.097,4.4
704,0.0009500980377197266,0.097,4.0
705,0.00016379356384277344,0.097,3.6
706,0.0009424686431884766,0.097,3.2
707,0.00016117095947265625,0.097,2.8000000000000003
708,0.0001690387725830078,0.097,2.8000000000000003
709,0.0001354217529296875,0.097,2.8000000000000003
710,0.00014328956604003906,0.097,2.8000000000000003
711,0.00020194053649902344,0.097,2.8000000000000003
712,0.00026345252990722656,0.097,2.8000000000000003
713,0.00031495094299316406,0.097,3.2
714,0.00047016143798828125,0.097,3.6
715,0.0003025531768798828,0.097,4.0
716,0.00044918060302734375,0.097,4.800000000000001
717,0.0002732276916503906,0.097,5.2
718,0.0004363059997558594,0.097,6.0
719,0.0002288818359375,0.097,6.4
720,0.0003304481506347656,0.097,7.2
721,0.0005068778991699219,0.097,8.4
722,0.0004868507385253906,0.097,9.200000000000001
723,0.0015137195587158203,0.099,10.0
724,0.00054931640625,0.101,10.8
725,0.0006420612335205078,0.106,12.0
726,0.0004856586456298828,0.106,12.8
727,0.0017924308776855469,0.108,14.0
728,0.0006420612335205078,0.108,14.8
729,0.0026102066040039062,0.11,16.0
730,0.00047659873962402344,0.119,16.8
731,0.0006279945373535156,0.127,17.6
732,0.0005867481231689453,0.134,18.8
733,0.002898693084716797,0.136,19.6
734,0.0006525516510009766,0.14,20.400000000000002
735,0.00045752525329589844,0.142,21.200000000000003
736,0.000446319580078125,0.147,22.0
737,0.0004363059997558594,0.149,22.8
738,0.00042438507080078125,0.151,23.6
739,0.0003247261047363281,0.151,24.400000000000002
740,0.00037026405334472656,0.151,25.200000000000003
741,0.0004718303680419922,0.151,25.6
742,0.0004534721374511719,0.151,26.400000000000002
743,0.0004756450653076172,0.151,27.200000000000003
744,0.0005071163177490234,0.151,27.6
745,0.00043129920959472656,0.155,28.400000000000002
746,0.0006458759307861328,0.155,28.8
747,0.00042819976806640625,0.155,29.200000000000003
748,0.00043964385986328125,0.155,30.0
749,0.00042319297790527344,0.155,30.400000000000002
750,0.0005083084106445312,0.155,30.8
751,0.00043511390686035156,0.155,31.200000000000003
752,0.00033545494079589844,0.155,31.6
753,0.0004630088806152344,0.155,32.0
754,0.0004885196685791016,0.155,32.0
755,0.0004830360412597656,0.155,32.4
756,0.0007202625274658203,0.155,32.800000000000004
757,0.0005326271057128906,0.155,32.800000000000004
758,0.0007200241088867188,0.155,32.800000000000004
759,0.0004973411560058594,0.155,33.2
760,0.00045680999755859375,0.155,33.2
761,0.0008969306945800781,0.155,33.2
762,0.0004773139953613281,0.155,33.2
763,0.00042176246643066406,0.155,32.800000000000004
764,0.0005445480346679688,0.157,32.800000000000004
765,0.0005445480346679688,0.162,32.800000000000004
766,0.0001571178436279297,0.168,32.800000000000004
767,0.00022721290588378906,0.17,32.4
768,0.00014472007751464844,0.17,32.4
769,0.0001621246337890625,0.175,32.0
770,0.0003504753112792969,0.175,31.6
771,0.00015354156494140625,0.175,31.200000000000003
772,0.0001316070556640625,0.175,31.200000000000003
773,0.00014829635620117188,0.179,30.8
774,0.000194549560546875,0.179,30.400000000000002
775,0.0002353191375732422,0.179,30.0
776,0.0003075599670410156,0.181,29.6
777,0.0004987716674804688,0.183,29.6
778,0.0001533031463623047,0.183,29.200000000000003
779,0.0003490447998046875,0.185,29.200000000000003
780,0.0004911422729492188,0.185,28.8
781,0.00045037269592285156,0.185,28.8
782,0.000431060791015625,0.185,28.8
783,0.00045609474182128906,0.185,28.8
784,0.0005838871002197266,0.185,28.8
785,0.0004591941833496094,0.19,28.8
786,0.0007731914520263672,0.19,28.8
787,0.0006053447723388672,0.19,28.8
788,0.003002166748046875,0.19,29.200000000000003
789,0.0007200241088867188,0.194,29.6
790,0.0007073879241943359,0.194,29.6
791,0.0004165172576904297,0.194,30.0
792,0.0005431175231933594,0.196,30.400000000000002
793,0.0005891323089599609,0.198,30.8
794,0.00043129920959472656,0.198,31.200000000000003
795,0.0004837512969970703,0.198,32.0
796,0.0003452301025390625,0.2,32.4
797,0.00019073486328125,0.203,33.2
798,0.00015592575073242188,0.203,33.6
799,0.0002429485321044922,0.203,34.4
800,0.0004897117614746094,0.205,35.2
801,0.0005128383636474609,0.211,36.0
802,0.00031757354736328125,0.21600000000000005,36.4
803,0.0004382133483886719,0.21600000000000005,37.2
804,0.00042748451232910156,0.21600000000000005,38.400000000000006
805,0.0004532337188720703,0.218,39.2
806,0.0004177093505859375,0.22,40.0
807,0.00018596649169921875,0.22,40.800000000000004
808,0.00022745132446289062,0.22,41.6
809,0.00046825408935546875,0.22,42.800000000000004
810,0.0004909038543701172,0.22,43.6
811,0.0007345676422119141,0.21600000000000005,44.800000000000004
812,0.0006246566772460938,0.211,45.6
813,0.0011675357818603516,0.188,46.800000000000004
814,0.0026307106018066406,0.172,47.6
815,0.0006535053253173828,0.157,48.800000000000004
816,0.0019736289978027344,0.153,49.6
817,0.0013854503631591797,0.153,50.800000000000004
818,0.0010099411010742188,0.149,51.6
819,0.00045561790466308594,0.147,52.400000000000006
820,0.00045561790466308594,0.14400000000000002,53.2
821,0.0004382133483886719,0.14400000000000002,54.0
822,0.0007596015930175781,0.14400000000000002,54.400000000000006
823,0.00046825408935546875,0.14400000000000002,54.800000000000004
824,0.00042724609375,0.14400000000000002,54.800000000000004
825,0.0004253387451171875,0.14400000000000002,54.800000000000004
826,0.0002865791320800781,0.14400000000000002,54.800000000000004
827,0.00015497207641601562,0.14400000000000002,54.400000000000006
828,0.00014138221740722656,0.14400000000000002,54.0
829,0.00018477439880371094,0.14400000000000002,53.2
830,0.0004911422729492188,0.14400000000000002,52.400000000000006
831,0.0004699230194091797,0.14400000000000002,51.2
832,0.0004787445068359375,0.14400000000000002,50.0
833,0.000431060791015625,0.14400000000000002,48.400000000000006
834,0.0004558563232421875,0.14400000000000002,47.2
835,0.0004169940948486328,0.14400000000000002,45.2
836,0.0004124641418457031,0.14400000000000002,43.6
837,0.00021696090698242188,0.14400000000000002,41.6
838,0.0004830360412597656,0.14400000000000002,39.6
839,0.0005013942718505859,0.14400000000000002,37.6
840,0.0004677772521972656,0.14400000000000002,35.2
841,0.0005021095275878906,0.14400000000000002,32.800000000000004
842,0.0004334449768066406,0.14400000000000002,30.8
843,0.00046753883361816406,0.14400000000000002,28.400000000000002
844,0.0007226467132568359,0.14400000000000002,26.0
845,0.0004909038543701172,0.14400000000000002,23.6
846,0.002390146255493164,0.14400000000000002,21.200000000000003
847,0.0002994537353515625,0.14400000000000002,18.8
848,0.0008471012115478516,0.14400000000000002,16.8
849,0.0004940032958984375,0.14400000000000002,14.4
850,0.0003304481506347656,0.14400000000000002,12.4
851,0.0010743141174316406,0.14400000000000002,10.4
852,0.00015735626220703125,0.14400000000000002,8.4
853,0.0010263919830322266,0.14400000000000002,6.800000000000001
854,0.00015974044799804688,0.14400000000000002,5.2
855,0.0001659393310546875,0.14400000000000002,3.6
856,0.00014829635620117188,0.14400000000000002,2.4000000000000004
857,0.0005044937133789062,0.14400000000000002,1.2000000000000002
858,0.0002932548522949219,0.147,0.4
859,0.0009500980377197266,0.151,-0.4
860,0.00044417381286621094,0.151,-0.8
861,0.0004334449768066406,0.151,-1.2000000000000002
862,0.0004513263702392578,0.151,-1.2000000000000002
863,0.0004417896270751953,0.153,-1.2000000000000002
864,0.0004546642303466797,0.155,-1.2000000000000002
865,0.00048542022705078125,0.155,-0.4
866,0.0005271434783935547,0.155,0.0
867,0.00044536590576171875,0.155,0.8
868,0.000986337661743164,0.155,2.0
869,0.00044465065002441406,0.155,3.2
870,0.0004825592041015625,0.157,4.800000000000001
871,0.0007174015045166016,0.157,6.0
872,0.002212047576904297,0.157,8.0
873,0.0005209445953369141,0.157,9.600000000000001
874,0.0008261203765869141,0.157,11.600000000000001
875,0.0011372566223144531,0.157,13.600000000000001
876,0.0003695487976074219,0.157,16.0
877,0.0005180835723876953,0.157,18.0
878,0.00044035911560058594,0.157,20.400000000000002
879,0.00035190582275390625,0.157,22.400000000000002
880,0.000560760498046875,0.157,24.8
881,0.00014543533325195312,0.157,27.200000000000003
882,0.00014662742614746094,0.157,29.6
883,0.00018978118896484375,0.157,32.0
884,0.0004837512969970703,0.157,34.0
885,0.0004355907440185547,0.157,36.4
886,0.0004532337188720703,0.157,38.400000000000006
887,0.0004169940948486328,0.157,40.400000000000006
888,0.0004475116729736328,0.157,42.400000000000006
889,0.00041174888610839844,0.157,44.0
890,0.0003590583801269531,0.157,45.6
891,0.0005199909210205078,0.157,47.2
892,0.0004467964172363281,0.157,48.800000000000004
893,0.0004336833953857422,0.157,50.0
894,0.00048160552978515625,0.157,51.2
895,0.0004372596740722656,0.157,52.0
896,0.0004360675811767578,0.157,52.800000000000004
897,0.0004343986511230469,0.157,53.6
898,0.0004925727844238281,0.157,54.0
899,0.0006749629974365234,0.157,54.400000000000006
900,0.0006375312805175781,0.157,54.800000000000004
901,0.0003523826599121094,0.157,54.800000000000004
902,0.0005311965942382812,0.155,54.400000000000006
903,0.0006921291351318359,0.155,54.0
904,0.00048041343688964844,0.155,53.6
905,0.0004763603210449219,0.155,52.800000000000004
906,0.0005400180816650391,0.155,52.400000000000006
907,0.00015234947204589844,0.155,51.2
908,0.00015234947204589844,0.155,51.2
909,0.00023674964904785156,0.155,50.0
910,0.0004849433898925781,0.155,48.800000000000004
911,0.00033164024353027344,0.153,47.6
912,0.0004646778106689453,0.153,46.0
913,0.0004889965057373047,0.153,44.400000000000006
914,0.00044083595275878906,0.153,42.800000000000004
915,0.0005769729614257812,0.153,41.2
916,0.0004191398620605469,0.153,39.2
917,0.00045752525329589844,0.153,37.2
918,0.000476837158203125,0.153,35.2
919,0.0004553794860839844,0.153,33.2
920,0.00041985511779785156,0.153,31.200000000000003
921,0.00044274330139160156,0.153,29.200000000000003
922,0.0004572868347167969,0.153,26.8
923,0.0005140304565429688,0.153,24.8
924,0.003977537155151367,0.153,22.8
925,0.0005030632019042969,0.153,20.8
926,0.0008544921875,0.153,18.8
927,0.0011513233184814453,0.153,16.8
928,0.0006480216979980469,0.153,15.200000000000001
929,0.0006496906280517578,0.153,13.600000000000001
930,0.0015106201171875,0.153,12.0
931,0.00048470497131347656,0.153,10.4
932,0.00025963783264160156,0.153,9.200000000000001
933,0.0006582736968994141,0.153,8.0
934,0.0002307891845703125,0.153,6.800000000000001
935,0.00036525726318359375,0.153,6.0
936,0.00013399124145507812,0.153,5.2
937,0.00015306472778320312,0.153,4.0
938,0.00015807151794433594,0.153,4.0
939,0.00018858909606933594,0.153,4.0
940,0.000148773193359375,0.153,4.0
941,0.0002474784851074219,0.153,4.4
942,0.0003247261047363281,0.153,4.800000000000001
943,0.0002903938293457031,0.153,5.2
944,0.00029087066650390625,0.153,6.0
945,0.0004222393035888672,0.153,7.2
946,0.0002167224884033203,0.153,8.4
947,0.0003616809844970703,0.153,9.600000000000001
948,0.0004596710205078125,0.153,10.8
949,0.0009067058563232422,0.153,12.4
950,0.0005180835723876953,0.153,13.600000000000001
951,0.000469207763671875,0.153,15.600000000000001
952,0.00043463706970214844,0.153,17.2
953,0.0004303455352783203,0.153,18.8
954,0.0019910335540771484,0.153,20.8
955,0.0008289813995361328,0.153,22.400000000000002
956,0.0007593631744384766,0.153,24.400000000000002
957,0.0004611015319824219,0.153,26.400000000000002
958,0.0004279613494873047,0.153,28.0
959,0.00046443939208984375,0.153,30.0
960,0.00025272369384765625,0.153,31.6
961,0.00026226043701171875,0.153,33.6
962,0.0001499652862548828,0.153,35.2
963,0.00021600723266601562,0.153,36.800000000000004
964,0.000148773193359375,0.153,38.400000000000006
965,0.00011563301086425781,0.153,39.6
966,0.00017571449279785156,0.153,41.2
967,0.00017595291137695312,0.153,42.400000000000006
968,0.0002627372741699219,0.153,43.6
969,0.0002987384796142578,0.153,44.400000000000006
970,0.00045299530029296875,0.153,45.2
971,0.00041961669921875,0.153,46.0
972,0.0004115104675292969,0.153,46.800000000000004
973,0.00018787384033203125,0.153,47.2
974,0.0005300045013427734,0.153,47.6
975,0.00048041343688964844,0.153,47.6
976,0.0010297298431396484,0.153,47.6
977,0.0006387233734130859,0.153,47.6
978,0.0006847381591796875,0.153,47.6
979,0.0011684894561767578,0.153,47.2
980,0.0009095668792724609,0.153,46.800000000000004
981,0.001004934310913086,0.153,46.0
982,0.0034372806549072266,0.153,45.2
983,0.0018558502197265625,0.153,44.400000000000006
984,0.0007603168487548828,0.153,43.6
985,0.000553131103515625,0.153,42.400000000000006
986,0.0004489421844482422,0.153,41.2
987,0.00042247772216796875,0.153,40.0
988,0.0004696846008300781,0.153,38.800000000000004
989,0.00014138221740722656,0.153,37.2
990,0.00014472007751464844,0.153,36.0
991,0.0002040863037109375,0.153,34.4
992,0.0002689361572265625,0.153,32.800000000000004
993,0.00033736228942871094,0.153,31.200000000000003
994,0.0004754066467285156,0.153,29.6
995,0.00042629241943359375,0.153,28.0
996,0.0004296302795410156,0.153,26.400000000000002
997,0.0004203319549560547,0.153,24.8
998,0.00041103363037109375,0.153,23.200000000000003
999,0.0002033710479736328,0.153,21.6
1000,0.0002777576446533203,0.153,20.0
1001,0.0003247261047363281,0.153,18.400000000000002
1002,0.0005207061767578125,0.153,17.2
1003,0.0004830360412597656,0.153,16.0
1004,0.00066375732421875,0.153,14.8
1005,0.0005083084106445312,0.153,13.600000000000001
1006,0.00037384033203125,0.153,12.4
1007,0.0005121231079101562,0.153,11.600000000000001
1008,0.001371145248413086,0.153,10.8
1009,0.0004944801330566406,0.153,10.0
1010,0.0014705657958984375,0.153,9.600000000000001
1011,0.0010662078857421875,0.153,9.200000000000001
1012,0.0010526180267333984,0.153,9.200000000000001
1013,0.00034880638122558594,0.153,8.8
1014,0.0004298686981201172,0.153,8.8
1015,0.0002815723419189453,0.153,8.8
1016,0.0004971027374267578,0.153,9.200000000000001
1017,0.00037384033203125,0.153,9.600000000000001
1018,0.00047326087951660156,0.153,10.0
1019,0.0004715919494628906,0.153,10.8
1020,0.00035119056701660156,0.153,11.600000000000001
1021,0.00035071372985839844,0.153,12.4
1022,0.00043892860412597656,0.153,13.200000000000001
1023,0.00042748451232910156,0.153,14.4
1024,0.00041413307189941406,0.153,15.600000000000001
1025,0.0004286766052246094,0.153,16.8
1026,0.0004336833953857422,0.153,18.0
1027,0.0004894733428955078,0.153,19.200000000000003
1028,0.00048160552978515625,0.153,20.8
1029,0.00045490264892578125,0.153,22.0
1030,0.00042724609375,0.153,23.6
1031,0.0004982948303222656,0.153,24.8
1032,0.0004291534423828125,0.153,26.400000000000002
1033,0.0018765926361083984,0.153,28.0
1034,0.0008668899536132812,0.153,29.200000000000003
1035,0.0010726451873779297,0.153,30.8
1036,0.002644777297973633,0.153,32.0
1037,0.0010285377502441406,0.153,33.2
1038,0.0006847381591796875,0.153,34.4
1039,0.0004329681396484375,0.153,35.6
1040,0.00046753883361816406,0.153,36.800000000000004
1041,0.001016855239868164,0.153,38.0
1042,0.0004813671112060547,0.153,38.800000000000004
1043,0.002420663833618164,0.153,39.6
1044,0.0011124610900878906,0.153,40.400000000000006
1045,0.0004665851593017578,0.153,40.800000000000004
1046,0.0004200935363769531,0.153,41.6
1047,0.0004138946533203125,0.153,42.0
1048,0.0003037452697753906,0.153,42.400000000000006
1049,0.0004954338073730469,0.153,42.400000000000006
1050,0.0005004405975341797,0.153,42.400000000000006
1051,0.0004696846008300781,0.153,42.400000000000006
1052,0.0005071163177490234,0.153,42.400000000000006
1053,0.0004906654357910156,0.153,42.0
1054,0.0004703998565673828,0.153,42.0
1055,0.0004391670227050781,0.153,41.2
1056,0.0004324913024902344,0.153,40.800000000000004
1057,0.0004668235778808594,0.153,40.400000000000006
1058,0.00041604042053222656,0.153,39.6
1059,0.0001888275146484375,0.153,38.800000000000004
1060,0.00017976760864257812,0.153,38.0
1061,0.00016951560974121094,0.153,36.800000000000004
1062,0.0002522468566894531,0.153,36.0
1063,0.000194549560546875,0.153,34.800000000000004
1064,0.0003211498260498047,0.153,33.6
1065,0.0003211498260498047,0.153,33.6
1066,0.00016951560974121094,0.153,32.4
1067,0.00019598007202148438,0.153,31.200000000000003
1068,0.00017786026000976562,0.153,30.0
1069,0.0002117156982421875,0.153,28.8
1070,0.00031685829162597656,0.153,27.6
1071,0.0003058910369873047,0.153,26.400000000000002
1072,0.00048065185546875,0.153,25.200000000000003
1073,0.000423431396484375,0.153,24.0
1074,0.0004565715789794922,0.153,22.8
1075,0.0003018379211425781,0.153,21.6
1076,0.0004932880401611328,0.153,20.400000000000002
1077,0.0005438327789306641,0.153,19.200000000000003
1078,0.00030875205993652344,0.153,18.400000000000002
1079,0.0004966259002685547,0.153,17.2
1080,0.0003485679626464844,0.153,16.400000000000002
1081,0.0004420280456542969,0.153,15.600000000000001
1082,0.0004298686981201172,0.153,15.200000000000001
1083,0.00042176246643066406,0.153,14.4
1084,0.00041794776916503906,0.153,14.0
1085,0.0003516674041748047,0.153,13.600000000000001
1086,0.0001537799835205078,0.153,13.200000000000001
1087,0.0002498626708984375,0.153,13.200000000000001
1088,0.0004467964172363281,0.153,13.200000000000001
1089,0.00043010711669921875,0.153,13.200000000000001
1090,0.00043010711669921875,0.153,13.200000000000001
1091,0.00044345855712890625,0.153,13.200000000000001
1092,0.0013959407806396484,0.153,13.600000000000001
1093,0.0008244514465332031,0.153,14.0
1094,0.00037360191345214844,0.153,14.4
1095,0.0004899501800537109,0.153,15.200000000000001
1096,0.0005517005920410156,0.153,15.600000000000001
1097,0.0004744529724121094,0.153,16.400000000000002
1098,0.0005497932434082031,0.153,17.2
1099,0.00030612945556640625,0.153,18.0
1100,0.0005409717559814453,0.153,19.200000000000003
1101,0.0001838207244873047,0.153,20.0
1102,0.0003745555877685547,0.153,21.200000000000003
1103,0.00018477439880371094,0.153,22.0
1104,0.00016379356384277344,0.153,23.200000000000003
1105,0.00013828277587890625,0.153,24.0
1106,0.00014138221740722656,0.153,25.200000000000003
1107,0.0003495216369628906,0.153,26.400000000000002
1108,0.0004391670227050781,0.153,27.200000000000003
1109,0.00042557716369628906,0.153,28.400000000000002
1110,0.00043129920959472656,0.153,29.200000000000003
1111,0.000415802001953125,0.153,30.400000000000002
1112,0.00041961669921875,0.153,31.200000000000003
1113,0.0004918575286865234,0.153,32.0
1114,0.0005025863647460938,0.153,33.2
1115,0.0004639625549316406,0.153,34.0
1116,0.00043773651123046875,0.153,34.4
1117,0.00041985511779785156,0.153,35.2
1118,0.00044417381286621094,0.149,36.0
1119,0.0009062290191650391,0.149,36.4
1120,0.0008442401885986328,0.147,36.800000000000004
1121,0.001833200454711914,0.14400000000000002,37.2
1122,0.0017120838165283203,0.14400000000000002,37.6
1123,0.0018932819366455078,0.142,37.6
1124,0.0018608570098876953,0.142,38.0
1125,0.00048470497131347656,0.14,38.0
1126,0.00032901763916015625,0.136,38.0
1127,0.0006561279296875,0.136,37.6
1128,0.0001647472381591797,0.136,37.6
1129,0.00174713134765625,0.136,37.2
1130,0.00030493736267089844,0.136,36.800000000000004
1131,0.00016117095947265625,0.136,36.0
1132,0.00045752525329589844,0.136,35.6
1133,0.0002493858337402344,0.136,34.800000000000004
1134,0.0005390644073486328,0.136,34.0
1135,0.00011801719665527344,0.136,33.2
1136,0.00013136863708496094,0.136,32.4
1137,0.00020122528076171875,0.136,31.200000000000003
1138,0.0002231597900390625,0.136,30.400000000000002
1139,0.0005435943603515625,0.136,29.200000000000003
1140,0.0004115104675292969,0.136,28.0
1141,0.00042176246643066406,0.136,26.8
1142,0.0001537799835205078,0.136,25.6
1143,0.0002067089080810547,0.136,24.400000000000002
1144,0.0003178119659423828,0.136,23.200000000000003
1145,0.0004401206970214844,0.136,22.0
1146,0.0004527568817138672,0.136,20.8
1147,0.0005199909210205078,0.136,19.6
1148,0.0009970664978027344,0.136,18.400000000000002
1149,0.0004534721374511719,0.136,17.2
1150,0.00042128562927246094,0.136,16.0
1151,0.0007176399230957031,0.136,14.8
1152,0.0004742145538330078,0.136,14.0
1153,0.0019345283508300781,0.136,13.200000000000001
1154,0.0015263557434082031,0.136,12.0
1155,0.0007722377777099609,0.136,11.600000000000001
1156,0.0003046989440917969,0.136,10.8
1157,0.0009753704071044922,0.136,10.0
1158,0.00017070770263671875,0.136,9.600000000000001
1159,0.0033524036407470703,0.136,9.200000000000001
1160,0.00014638900756835938,0.136,8.8
1161,0.0002002716064453125,0.136,8.8
1162,0.00023412704467773438,0.136,8.8
1163,0.0002818107604980469,0.136,8.8
1164,0.0002384185791015625,0.136,8.8
1165,0.0003533363342285156,0.136,9.200000000000001
1166,0.0004851818084716797,0.136,9.200000000000001
1167,0.00043487548828125,0.136,9.600000000000001
1168,0.00042939186096191406,0.136,10.4
1169,0.0004253387451171875,0.136,10.8
1170,0.0004200935363769531,0.136,11.600000000000001
1171,0.00039076805114746094,0.136,12.4
1172,0.00014710426330566406,0.136,13.200000000000001
1173,0.0004622936248779297,0.136,14.0
1174,0.00044274330139160156,0.136,14.8
1175,0.0004494190216064453,0.136,16.0
1176,0.0005290508270263672,0.136,16.8
1177,0.0009024143218994141,0.136,18.0
1178,0.002001047134399414,0.136,19.200000000000003
1179,0.0029516220092773438,0.136,20.0
1180,0.0004956722259521484,0.136,21.200000000000003
1181,0.0007278919219970703,0.136,22.400000000000002
1182,0.0005238056182861328,0.136,23.6
1183,0.001226186752319336,0.136,24.400000000000002
1184,0.00048732757568359375,0.136,25.6
1185,0.00047850608825683594,0.136,26.400000000000002
1186,0.00014209747314453125,0.136,27.6
1187,0.00041675567626953125,0.136,28.400000000000002
1188,0.0002498626708984375,0.136,29.200000000000003
1189,0.0001442432403564453,0.136,30.0
1190,0.0004832744598388672,0.136,30.8
1191,0.0004436969757080078,0.136,31.6
1192,0.0003173351287841797,0.136,32.0
1193,0.00028705596923828125,0.136,32.4
1194,0.0004792213439941406,0.136,33.2
1195,0.00043320655822753906,0.136,33.2
1196,0.0004551410675048828,0.136,33.6
1197,0.00042939186096191406,0.136,34.0
1198,0.0004723072052001953,0.136,34.0
1199,0.00047779083251953125,0.136,34.0
1200,0.0004911422729492188,0.138,34.0
1201,0.00044655799865722656,0.14,33.6
1202,0.000469207763671875,0.142,33.2
1203,0.0009560585021972656,0.14400000000000002,33.2
1204,0.00048661231994628906,0.14400000000000002,32.4
1205,0.0004513263702392578,0.147,32.0
1206,0.0005037784576416016,0.147,31.6
1207,0.0018115043640136719,0.147,30.8
1208,0.0006935596466064453,0.147,30.400000000000002
1209,0.000820159912109375,0.147,29.6
1210,0.0003619194030761719,0.147,28.8
1211,0.0003619194030761719,0.147,28.8
1212,0.00047779083251953125,0.149,28.0
1213,0.00036787986755371094,0.149,27.200000000000003
1214,0.00024962425231933594,0.151,26.400000000000002
1215,0.0005128383636474609,0.151,25.6
1216,0.00014090538024902344,0.153,24.8
1217,0.00046515464782714844,0.153,24.0
1218,0.00047588348388671875,0.157,23.200000000000003
1219,0.000293731689453125,0.157,22.400000000000002
1220,0.0004715919494628906,0.157,21.6
1221,0.0004763603210449219,0.157,20.8
1222,0.00041937828063964844,0.157,20.400000000000002
1223,0.0008025169372558594,0.157,19.6
1224,0.000457763671875,0.157,19.200000000000003
1225,0.0003662109375,0.157,18.8
1226,0.00046253204345703125,0.157,18.400000000000002
1227,0.0004851818084716797,0.157,18.0
1228,0.0004532337188720703,0.159,17.6
1229,0.0004794597625732422,0.159,17.6
1230,0.00047850608825683594,0.159,17.6
1231,0.002449512481689453,0.159,17.2
1232,0.0008585453033447266,0.159,17.6
1233,0.0005688667297363281,0.159,17.6
1234,0.0007467269897460938,0.159,17.6
1235,0.0014190673828125,0.159,18.0
1236,0.001178741455078125,0.159,18.400000000000002
1237,0.0009479522705078125,0.159,18.8
1238,0.00023698806762695312,0.159,19.200000000000003
1239,0.0003790855407714844,0.159,20.0
1240,0.0004627704620361328,0.159,20.400000000000002
1241,0.00045108795166015625,0.159,21.200000000000003
1242,0.0005018711090087891,0.159,22.0
1243,0.00016450881958007812,0.159,22.8
1244,0.00012612342834472656,0.159,23.6
1245,0.00044798851013183594,0.159,24.400000000000002
1246,0.0004725456237792969,0.159,25.200000000000003
1247,0.0004336833953857422,0.159,26.0
1248,0.00046896934509277344,0.159,26.8
1249,0.00042939186096191406,0.159,27.6
1250,0.00045013427734375,0.159,28.400000000000002
1251,0.00041556358337402344,0.159,29.6
1252,0.0004978179931640625,0.159,30.400000000000002
1253,0.0001468658447265625,0.159,31.200000000000003
1254,0.0004792213439941406,0.159,32.0
1255,0.0004355907440185547,0.159,32.800000000000004
1256,0.00045871734619140625,0.159,33.6
1257,0.0005104541778564453,0.159,34.0
1258,0.0010890960693359375,0.159,34.800000000000004
1259,0.00047469139099121094,0.159,35.2
1260,0.0010728836059570312,0.159,36.0
1261,0.0008423328399658203,0.162,36.4
1262,0.0018639564514160156,0.16399999999999998,36.800000000000004
1263,0.00093841552734375,0.16399999999999998,37.2
1264,0.0018019676208496094,0.16399999999999998,37.6
1265,0.0004220008850097656,0.166,37.6
1266,0.0010673999786376953,0.166,38.0
1267,0.00016546249389648438,0.168,38.0
1268,0.0009307861328125,0.168,38.0
1269,0.00016307830810546875,0.168,38.0
1270,0.00015497207641601562,0.168,38.0
1271,0.00016689300537109375,0.17,37.6
1272,0.00014781951904296875,0.17,37.6
1273,0.0004940032958984375,0.17,37.2
1274,0.00013136863708496094,0.17,37.2
1275,0.00048732757568359375,0.17,36.800000000000004
1276,0.000171661376953125,0.17,36.4
1277,0.00027298927307128906,0.17,36.0
1278,0.0003180503845214844,0.17,35.6
1279,0.0004239082336425781,0.17,35.2
1280,0.0004363059997558594,0.17,34.800000000000004
1281,0.0004711151123046875,0.17,34.0
1282,0.00015282630920410156,0.17,33.6
1283,0.0003185272216796875,0.17,33.2
1284,0.0003211498260498047,0.17,32.800000000000004
1285,0.0004987716674804688,0.17,32.0
1286,0.00046443939208984375,0.17,31.6
1287,0.0026633739471435547,0.17,31.200000000000003
1288,0.0008032321929931641,0.17,30.400000000000002
1289,0.0029451847076416016,0.17,30.0
1290,0.0007805824279785156,0.16399999999999998,29.6
1291,0.00255584716796875,0.155,29.200000000000003
1292,0.0004832744598388672,0.151,28.8
1293,0.0005538463592529297,0.151,28.400000000000002
1294,0.0005409717559814453,0.147,28.0
1295,0.0002732276916503906,0.14,27.6
1296,0.00048470497131347656,0.14,27.200000000000003
1297,0.0004763603210449219,0.138,26.8
1298,0.0005526542663574219,0.138,26.400000000000002
1299,0.0002968311309814453,0.138,26.0
1300,0.00015091896057128906,0.138,25.6
1301,0.0002918243408203125,0.138,25.200000000000003
1302,0.000457763671875,0.136,24.8
1303,0.0005080699920654297,0.134,24.8
1304,0.0004329681396484375,0.131,24.400000000000002
1305,0.00031113624572753906,0.129,24.0
1306,0.00043892860412597656,0.129,23.6
1307,0.00042057037353515625,0.129,23.200000000000003
1308,0.00042128562927246094,0.129,22.8
1309,0.00048279762268066406,0.129,22.400000000000002
1310,0.00023245811462402344,0.129,22.0
1311,0.000659942626953125,0.129,21.6
1312,0.0004951953887939453,0.129,21.200000000000003
1313,0.0007407665252685547,0.129,20.8
1314,0.0008676052093505859,0.129,20.400000000000002
1315,0.0004870891571044922,0.129,20.0
1316,0.0016214847564697266,0.129,19.6
1317,0.0006084442138671875,0.129,19.200000000000003
1318,0.001855611801147461,0.129,18.8
1319,0.001142263412475586,0.131,18.400000000000002
1320,0.0012278556823730469,0.131,18.0
1321,0.0010218620300292969,0.131,17.6
1322,0.0026750564575195312,0.134,17.2
1323,0.0005030632019042969,0.134,17.2
1324,0.0005538463592529297,0.134,16.8
1325,0.00016927719116210938,0.138,16.8
1326,0.0001614093780517578,0.138,16.400000000000002
1327,0.00035762786865234375,0.138,16.400000000000002
1328,0.0001456737518310547,0.138,16.400000000000002
1329,0.00014853477478027344,0.138,16.0
1330,0.0001361370086669922,0.138,16.0
1331,0.0001220703125,0.138,16.0
1332,0.00014591217041015625,0.142,16.400000000000002
1333,0.00016760826110839844,0.14400000000000002,16.400000000000002
1334,0.0002701282501220703,0.14400000000000002,16.400000000000002
1335,0.0003075599670410156,0.14400000000000002,16.8
1336,0.0003008842468261719,0.14400000000000002,16.8
1337,0.00042819976806640625,0.14400000000000002,17.2
1338,0.0003466606140136719,0.14400000000000002,17.6
1339,0.0001499652862548828,0.14400000000000002,18.0
1340,0.00027680397033691406,0.14400000000000002,18.400000000000002
1341,0.00024318695068359375,0.14400000000000002,18.8
1342,0.0002830028533935547,0.14400000000000002,19.200000000000003
1343,0.0005028247833251953,0.14400000000000002,20.0
1344,0.0011487007141113281,0.14400000000000002,20.400000000000002
1345,0.0007135868072509766,0.14400000000000002,20.8
1346,0.0019140243530273438,0.14400000000000002,21.6
1347,0.0004429817199707031,0.14400000000000002,22.0
1348,0.0008761882781982422,0.14400000000000002,22.8
1349,0.0005118846893310547,0.14400000000000002,23.200000000000003
1350,0.0018620491027832031,0.14400000000000002,24.0
1351,0.00040340423583984375,0.14400000000000002,24.8
1352,0.0003795623779296875,0.14400000000000002,25.200000000000003
1353,0.00048279762268066406,0.14400000000000002,26.0
1354,0.0004432201385498047,0.14400000000000002,26.400000000000002
1355,0.00048160552978515625,0.14400000000000002,27.200000000000003
1356,0.00048232078552246094,0.14400000000000002,27.6
1357,0.00045990943908691406,0.14400000000000002,28.0
1358,0.0008635520935058594,0.14400000000000002,28.400000000000002
1359,0.0003006458282470703,0.14400000000000002,29.200000000000003
1360,0.000514984130859375,0.14400000000000002,29.6
1361,0.0004398822784423828,0.136,30.0
1362,0.0004398822784423828,0.127,30.0
1363,0.00042557716369628906,0.123,30.0
1364,0.0004363059997558594,0.119,30.400000000000002
1365,0.00042319297790527344,0.116,30.8
1366,0.00041985511779785156,0.114,30.8
1367,0.00021505355834960938,0.112,31.200000000000003
1368,0.0005197525024414062,0.11,31.200000000000003
1369,0.0005011558532714844,0.108,31.200000000000003
1370,0.0004379749298095703,0.108,31.200000000000003
1371,0.0005171298980712891,0.108,30.8
1372,0.0005178451538085938,0.108,30.8
1373,0.0018286705017089844,0.103,30.400000000000002
1374,0.0007994174957275391,0.103,30.0
1375,0.002547025680541992,0.103,29.200000000000003
1376,0.0009148120880126953,0.103,28.8
1377,0.0016012191772460938,0.103,28.0
1378,0.0013682842254638672,0.103,27.200000000000003
1379,0.0007665157318115234,0.103,26.400000000000002
1380,0.0005447864532470703,0.103,25.6
1381,0.0004830360412597656,0.103,24.400000000000002
1382,0.00043582916259765625,0.103,23.6
1383,0.0003292560577392578,0.103,22.400000000000002
1384,0.00014710426330566406,0.103,21.200000000000003
1385,0.0001575946807861328,0.103,20.0
1386,0.0005130767822265625,0.103,18.8
1387,0.00019407272338867188,0.103,17.6
1388,0.00017499923706054688,0.106,16.400000000000002
1389,0.0004603862762451172,0.108,15.200000000000001
1390,0.0004260540008544922,0.11,14.0
1391,0.0004477500915527344,0.11,12.4
1392,0.00042247772216796875,0.11,11.200000000000001
1393,0.0004239082336425781,0.114,10.0
1394,0.00028824806213378906,0.114,8.8
1395,0.0004901885986328125,0.114,8.0
1396,0.000484466552734375,0.116,6.800000000000001
1397,0.00046706199645996094,0.116,6.0
1398,0.0006277561187744141,0.116,5.2
1399,0.0009686946868896484,0.116,4.4
1400,0.0005121231079101562,0.121,4.0
1401,0.0009398460388183594,0.121,3.2
1402,0.000499725341796875,0.121,2.8000000000000003
1403,0.00045871734619140625,0.121,2.8000000000000003
1404,0.0017130374908447266,0.123,2.4000000000000004
1405,0.00095367431640625,0.123,2.4000000000000004
1406,0.0009734630584716797,0.123,2.4000000000000004
1407,0.00040078163146972656,0.123,2.8000000000000003
1408,0.0005521774291992188,0.123,3.2
1409,0.0002930164337158203,0.125,3.6
1410,0.00040721893310546875,0.125,4.0
1411,0.0002582073211669922,0.125,4.800000000000001
1412,0.00015544891357421875,0.127,5.6000000000000005
1413,0.00014162063598632812,0.127,6.4
1414,0.0002048015594482422,0.127,7.6000000000000005
1415,0.00019502639770507812,0.127,8.8
1416,0.00046133995056152344,0.129,9.600000000000001
1417,0.0002460479736328125,0.129,11.200000000000001
1418,0.00043463706970214844,0.131,12.4
1419,0.0004260540008544922,0.134,13.600000000000001
1420,0.0004525184631347656,0.138,15.200000000000001
1421,0.0004329681396484375,0.14,16.400000000000002
1422,0.00019550323486328125,0.142,18.0
1423,0.0001468658447265625,0.142,19.200000000000003
1424,0.00026488304138183594,0.142,20.8
1425,0.00033664703369140625,0.142,22.400000000000002
1426,0.0005316734313964844,0.142,23.6
1427,0.00046825408935546875,0.142,25.200000000000003
1428,0.00036907196044921875,0.142,26.8
1429,0.001209259033203125,0.142,28.0
1430,0.0010416507720947266,0.142,29.200000000000003
1431,0.0007519721984863281,0.142,30.8
1432,0.0009405612945556641,0.142,32.0
1433,0.002588987350463867,0.142,33.2
1434,0.000293731689453125,0.142,34.0
1435,0.00019073486328125,0.142,35.2
1436,0.0006830692291259766,0.142,36.0
1437,0.00015091896057128906,0.142,37.2
1438,0.0006632804870605469,0.142,37.6
1439,0.0001671314239501953,0.142,38.400000000000006
1440,0.0002205371856689453,0.142,38.800000000000004
1441,0.00013899803161621094,0.138,39.2
1442,0.0001442432403564453,0.138,39.6
1443,0.00013208389282226562,0.134,40.0
1444,0.0001609325408935547,0.129,40.0
1445,0.000244140625,0.129,40.0
1446,0.0003323554992675781,0.127,40.0
1447,0.0005958080291748047,0.123,39.6
1448,0.0004220008850097656,0.123,39.2
1449,0.0004904270172119141,0.121,38.800000000000004
1450,0.00016927719116210938,0.119,38.400000000000006
1451,0.0004820823669433594,0.116,37.6
1452,0.0004830360412597656,0.112,36.800000000000004
1453,0.00043129920959472656,0.112,35.6
1454,0.0007472038269042969,0.112,34.800000000000004
1455,0.0008950233459472656,0.112,33.6
1456,0.000621795654296875,0.112,32.4
1457,0.0012485980987548828,0.112,30.8
1458,0.0017914772033691406,0.11,29.6
1459,0.0015430450439453125,0.11,28.0
1460,0.0007483959197998047,0.11,26.400000000000002
1461,0.0002665519714355469,0.11,24.8
1462,0.0011408329010009766,0.11,23.200000000000003
1463,0.00036716461181640625,0.11,21.200000000000003
1464,0.0007274150848388672,0.11,19.6
1465,0.00018668174743652344,0.11,17.6
1466,0.0009870529174804688,0.11,16.0
1467,0.00020432472229003906,0.11,14.4
1468,0.0004184246063232422,0.11,12.4
1469,0.00016546249389648438,0.11,10.8
1470,0.0005459785461425781,0.11,9.200000000000001
1471,0.00029087066650390625,0.11,7.6000000000000005
1472,0.0001232624053955078,0.11,6.0
1473,0.0001437664031982422,0.11,4.800000000000001
1474,0.00016760826110839844,0.11,3.6
1475,0.00026917457580566406,0.11,2.4000000000000004
1476,0.00031113624572753906,0.11,1.2000000000000002
1477,0.00048089027404785156,0.11,0.0
1478,0.00046825408935546875,0.11,-0.8
1479,0.0003566741943359375,0.11,-1.2000000000000002
1480,0.0002987384796142578,0.11,-1.6
1481,0.0001342296600341797,0.11,-2.0
1482,9.632110595703125e-05,0.11,-2.4000000000000004
1483,0.00029587745666503906,0.112,-2.4000000000000004
1484,0.0005183219909667969,0.112,-2.4000000000000004
1485,0.0006973743438720703,0.114,-2.0
1486,0.0004913806915283203,0.114,-1.6
1487,0.0015642642974853516,0.116,-1.2000000000000002
1488,0.0004937648773193359,0.116,-0.4
1489,0.0017130374908447266,0.116,0.4
1490,0.0005395412445068359,0.121,1.2000000000000002
1491,0.0009510517120361328,0.125,2.4000000000000004
1492,0.00028395652770996094,0.125,3.6
1493,0.0006854534149169922,0.127,4.800000000000001
1494,0.0001690387725830078,0.127,6.0
1495,0.00081634521484375,0.127,7.6000000000000005
1496,0.00017952919006347656,0.131,9.200000000000001
1497,0.0002257823944091797,0.131,10.8
1498,0.00014972686767578125,0.131,12.4
1499,0.0001735687255859375,0.136,14.4
1500,0.00014257431030273438,0.138,16.0
1501,0.0001723766326904297,0.138,17.6
1502,0.0001723766326904297,0.142,17.6
1503,0.0004401206970214844,0.14400000000000002,19.6
1504,0.00040435791015625,0.147,21.200000000000003
1505,0.0004382133483886719,0.149,23.200000000000003
1506,0.00026869773864746094,0.149,24.8
1507,0.0004711151123046875,0.149,26.400000000000002
1508,0.0002493858337402344,0.151,28.400000000000002
1509,0.0002961158752441406,0.153,30.0
1510,0.000331878662109375,0.153,31.6
1511,0.0003266334533691406,0.153,32.800000000000004
1512,0.0003452301025390625,0.153,34.4
1513,0.0004546642303466797,0.153,35.6
1514,0.0012135505676269531,0.153,37.2
1515,0.0008242130279541016,0.153,38.400000000000006
1516,0.002807140350341797,0.153,39.2
1517,0.0008640289306640625,0.153,40.400000000000006
1518,0.001542806625366211,0.153,41.2
1519,0.0007014274597167969,0.153,42.0
1520,0.0011870861053466797,0.153,42.800000000000004
1521,0.00022721290588378906,0.153,43.2
1522,0.0002918243408203125,0.153,43.6
1523,0.0004863739013671875,0.153,44.0
1524,0.00038051605224609375,0.153,44.0
1525,0.0002944469451904297,0.153,44.400000000000006
1526,0.00015974044799804688,0.151,44.400000000000006
1527,0.0001461505889892578,0.14400000000000002,44.0
1528,0.00025725364685058594,0.138,44.0
1529,0.00048041343688964844,0.136,43.6
1530,0.00044417381286621094,0.136,42.800000000000004
1531,0.00041937828063964844,0.134,42.400000000000006
1532,0.0004611015319824219,0.131,41.6
1533,0.0004169940948486328,0.131,40.800000000000004
1534,0.00044274330139160156,0.131,40.0
1535,0.00023555755615234375,0.131,38.800000000000004
1536,0.0004982948303222656,0.131,37.6
1537,0.00037932395935058594,0.131,36.4
1538,0.0004775524139404297,0.129,35.2
1539,0.0005011558532714844,0.129,34.0
1540,0.00044608116149902344,0.127,32.4
1541,0.0005393028259277344,0.127,30.8
1542,0.0004787445068359375,0.125,29.200000000000003
1543,0.0017690658569335938,0.123,27.6
1544,0.000682830810546875,0.123,25.6
1545,0.00047969818115234375,0.123,24.0
1546,0.0004658699035644531,0.123,22.0
1547,0.0005381107330322266,0.123,20.400000000000002
1548,0.00051116943359375,0.123,18.8
1549,0.0001761913299560547,0.123,16.8
1550,0.001026153564453125,0.123,15.200000000000001
1551,0.00016880035400390625,0.123,13.600000000000001
1552,0.0005719661712646484,0.123,12.0
1553,0.0003848075866699219,0.123,10.4
1554,0.00044655799865722656,0.123,8.8
1555,0.00015854835510253906,0.123,7.6000000000000005
1556,0.00011324882507324219,0.123,6.4
1557,0.0001583099365234375,0.123,5.2
1558,0.0001842975616455078,0.123,4.0
1559,0.0002510547637939453,0.123,3.2
1560,0.00029659271240234375,0.123,2.4000000000000004
1561,0.00046443939208984375,0.123,1.6
1562,0.0002727508544921875,0.123,1.2000000000000002
1563,0.0004949569702148438,0.123,0.8
1564,0.0001544952392578125,0.123,0.8
1565,0.0005047321319580078,0.123,0.4
1566,0.00044345855712890625,0.123,0.8
1567,0.0004513263702392578,0.123,0.8
1568,0.00046896934509277344,0.123,1.2000000000000002
1569,0.0005726814270019531,0.125,1.6
1570,0.0010831356048583984,0.125,2.4000000000000004
1571,0.0009815692901611328,0.127,3.2
1572,0.002187013626098633,0.127,4.0
1573,0.0008609294891357422,0.129,5.2
1574,0.0006821155548095703,0.134,6.4
1575,0.0008671283721923828,0.136,7.6000000000000005
1576,0.0020155906677246094,0.138,8.8
1577,0.0004935264587402344,0.142,10.4
1578,0.00015664100646972656,0.142,11.600000000000001
1579,0.0007269382476806641,0.14400000000000002,13.200000000000001
1580,0.0001842975616455078,0.14400000000000002,14.8
1581,0.00014519691467285156,0.149,16.400000000000002
1582,0.00014662742614746094,0.149,18.0
1583,0.00014400482177734375,0.149,19.6
1584,0.0001468658447265625,0.149,21.6
1585,0.0001277923583984375,0.149,23.200000000000003
1586,0.00012946128845214844,0.149,24.8
1587,0.0001697540283203125,0.149,26.400000000000002
1588,0.0002455711364746094,0.153,28.0
1589,0.00030517578125,0.153,29.6
1590,0.00041937828063964844,0.153,31.200000000000003
1591,0.0004088878631591797,0.153,32.800000000000004
1592,0.00044226646423339844,0.153,34.4
1593,0.0001761913299560547,0.153,35.6
1594,0.00017762184143066406,0.155,36.800000000000004
1595,0.0005059242248535156,0.155,38.0
1596,0.0003132820129394531,0.155,39.2
1597,0.0004923343658447266,0.157,40.400000000000006
1598,0.0005083084106445312,0.157,41.2
1599,0.0017964839935302734,0.157,42.0
1600,0.0005736351013183594,0.157,42.800000000000004
1601,0.0004782676696777344,0.157,43.6
1602,0.0007228851318359375,0.162,44.0
1603,0.0006844997406005859,0.16399999999999998,44.400000000000006
1604,0.0007772445678710938,0.166,44.400000000000006
1605,0.0004930496215820312,0.168,44.800000000000004
1606,0.00027751922607421875,0.17,44.800000000000004
1607,0.00028133392333984375,0.172,44.800000000000004
1608,0.0004639625549316406,0.175,44.400000000000006
1609,0.00044798851013183594,0.177,44.400000000000006
1610,0.0003609657287597656,0.179,44.0
1611,0.0003108978271484375,0.181,43.6
1612,0.000148773193359375,0.183,42.800000000000004
1613,0.0005114078521728516,0.183,42.400000000000006
1614,0.0004417896270751953,0.183,41.6
1615,0.0002110004425048828,0.183,40.800000000000004
1616,0.00030303001403808594,0.183,40.0
1617,0.0004379749298095703,0.183,39.2
1618,0.0004222393035888672,0.185,38.400000000000006
1619,0.00041556358337402344,0.185,37.6
1620,0.0004718303680419922,0.185,36.800000000000004
1621,0.00016188621520996094,0.185,36.0
1622,0.0005159378051757812,0.185,35.2
1623,0.0004572868347167969,0.185,34.4
1624,0.0004076957702636719,0.185,33.6
1625,0.0011734962463378906,0.185,32.800000000000004
1626,0.0006306171417236328,0.185,32.0
1627,0.0010230541229248047,0.185,31.200000000000003
1628,0.0005054473876953125,0.185,30.8
1629,0.0017249584197998047,0.185,30.0
1630,0.0005145072937011719,0.185,29.200000000000003
1631,0.0007240772247314453,0.185,28.8
1632,0.0006582736968994141,0.185,28.400000000000002
1633,0.0003540515899658203,0.185,28.0
1634,0.0005311965942382812,0.185,27.6
1635,0.000156402587890625,0.185,27.200000000000003
1636,0.00016999244689941406,0.185,26.8
1637,0.00023365020751953125,0.185,26.8
1638,0.00017023086547851562,0.185,26.8
1639,0.00014543533325195312,0.185,26.400000000000002
1640,0.0005233287811279297,0.185,26.400000000000002
1641,0.0004627704620361328,0.185,26.8
1642,0.00044608116149902344,0.185,26.8
1643,0.0004718303680419922,0.185,27.200000000000003
1644,0.0004267692565917969,0.185,27.200000000000003
1645,0.0004527568817138672,0.185,27.6
1646,0.0004248619079589844,0.188,28.0
1647,0.00044846534729003906,0.188,28.400000000000002
1648,0.0004832744598388672,0.188,28.8
1649,0.0001513957977294922,0.188,29.6
1650,0.00048041343688964844,0.19,30.0
1651,0.0005483627319335938,0.192,30.8
1652,0.0004963874816894531,0.192,31.200000000000003
1653,0.0018134117126464844,0.194,32.0
1654,0.00046563148498535156,0.194,32.800000000000004
1655,0.0005643367767333984,0.194,33.2
1656,0.0005259513854980469,0.196,34.0
1657,0.001497507095336914,0.198,34.800000000000004
1658,0.0009658336639404297,0.198,35.6
1659,0.0006914138793945312,0.2,36.4
1660,0.0008339881896972656,0.2,37.2
1661,0.0005235671997070312,0.2,38.0
1662,0.0004639625549316406,0.203,39.2
1663,0.0004639625549316406,0.205,39.2
1664,0.0003635883331298828,0.205,40.0
1665,0.00023293495178222656,0.205,40.800000000000004
1666,0.0004749298095703125,0.205,41.6
1667,0.00046825408935546875,0.205,42.400000000000006
1668,0.0004963874816894531,0.205,43.2
1669,0.0005218982696533203,0.205,44.0
1670,0.00044655799865722656,0.205,44.400000000000006
1671,0.00046563148498535156,0.205,45.2
1672,0.0004191398620605469,0.205,46.0
1673,0.00045490264892578125,0.205,46.800000000000004
1674,0.00042319297790527344,0.205,47.6
1675,0.0004451274871826172,0.205,48.0
1676,0.00023221969604492188,0.205,48.800000000000004
1677,0.0002300739288330078,0.205,49.2
1678,0.00020384788513183594,0.205,49.6
1679,0.0005261898040771484,0.205,50.400000000000006
1680,0.00024271011352539062,0.205,50.800000000000004
1681,0.0006654262542724609,0.205,51.2
1682,0.0004074573516845703,0.205,51.6
1683,0.0017075538635253906,0.205,52.0
1684,0.0004966259002685547,0.205,52.0
1685,0.002634286880493164,0.205,52.400000000000006
1686,0.000835418701171875,0.205,52.400000000000006
1687,0.002753734588623047,0.205,52.800000000000004
1688,0.0004591941833496094,0.205,52.800000000000004
1689,0.0005788803100585938,0.205,52.800000000000004
1690,0.0001876354217529297,0.205,52.800000000000004
1691,0.0003955364227294922,0.205,52.800000000000004
1692,0.00016832351684570312,0.205,52.400000000000006
1693,0.0005292892456054688,0.205,52.400000000000006
1694,0.0002582073211669922,0.205,52.0
1695,0.0005218982696533203,0.205,52.0
1696,0.0001392364501953125,0.205,51.6
1697,0.0002295970916748047,0.205,51.2
1698,0.0004515647888183594,0.205,50.800000000000004
1699,0.00047278404235839844,0.205,50.400000000000006
1700,0.0004303455352783203,0.205,50.0
1701,0.0004642009735107422,0.207,49.6
1702,0.0004134178161621094,0.209,48.800000000000004
1703,0.0004398822784423828,0.211,48.400000000000006
1704,0.0004448890686035156,0.213,48.0
1705,0.0003597736358642578,0.21600000000000005,47.2
1706,0.0001590251922607422,0.218,46.800000000000004
1707,0.0004558563232421875,0.22,46.0
1708,0.00045680999755859375,0.222,45.6
1709,0.0004811286926269531,0.222,44.800000000000004
1710,0.0006031990051269531,0.226,44.400000000000006
1711,0.00049591064453125,0.226,43.6
1712,0.00046133995056152344,0.226,43.2
1713,0.0008208751678466797,0.226,42.800000000000004
1714,0.00247955322265625,0.226,42.400000000000006
1715,0.0002894401550292969,0.226,42.0
1716,0.0005674362182617188,0.226,41.6
1717,0.0004982948303222656,0.226,41.2
1718,0.0006120204925537109,0.226,41.2
1719,0.0010025501251220703,0.226,40.800000000000004
1720,0.0009055137634277344,0.226,40.800000000000004
1721,0.0006139278411865234,0.226,40.800000000000004
1722,0.0005066394805908203,0.226,40.800000000000004
1723,0.00026535987854003906,0.226,41.2
1724,0.00012636184692382812,0.226,41.2
1725,0.0005424022674560547,0.226,41.6
1726,0.0003075599670410156,0.226,42.0
1727,0.00015735626220703125,0.226,42.0
1728,0.00016880035400390625,0.226,42.400000000000006
1729,0.00013208389282226562,0.226,43.2
1730,0.0002238750457763672,0.226,43.6
1731,0.00016427040100097656,0.222,44.0
1732,0.00048160552978515625,0.213,44.800000000000004
1733,0.0003285408020019531,0.209,45.2
1734,0.0003046989440917969,0.192,46.0
1735,0.0005745887756347656,0.179,46.800000000000004
1736,0.00046753883361816406,0.172,47.6
1737,0.0010213851928710938,0.166,48.400000000000006
1738,0.00046896934509277344,0.16399999999999998,48.800000000000004
1739,0.0003638267517089844,0.162,49.6
1740,0.00018978118896484375,0.159,50.400000000000006
1741,0.00016617774963378906,0.153,50.800000000000004
1742,0.00018286705017089844,0.153,51.2
1743,0.00016260147094726562,0.151,51.6
1744,0.00013566017150878906,0.151,52.0
1745,0.00017452239990234375,0.147,52.0
1746,0.00012254714965820312,0.14400000000000002,52.0
1747,0.00012254714965820312,0.142,52.0
1748,0.00041174888610839844,0.142,51.6
1749,0.0002830028533935547,0.142,50.800000000000004
1750,0.0008637905120849609,0.142,50.400000000000006
1751,0.0005776882171630859,0.142,49.6
1752,0.00032973289489746094,0.142,48.800000000000004
1753,0.0004944801330566406,0.142,47.6
1754,0.00044608116149902344,0.142,46.400000000000006
1755,0.0004611015319824219,0.142,44.800000000000004
1756,0.00022673606872558594,0.142,43.2
1757,0.00015997886657714844,0.142,41.6
1758,0.00013208389282226562,0.142,40.0
1759,0.00048351287841796875,0.142,38.0
1760,0.00020694732666015625,0.142,36.4
1761,0.0002770423889160156,0.147,34.4
1762,0.000255584716796875,0.149,32.0
1763,0.000446319580078125,0.151,30.0
1764,0.0004603862762451172,0.151,28.0
1765,0.0004477500915527344,0.155,25.6
1766,0.0004878044128417969,0.162,23.6
1767,0.00014519691467285156,0.162,21.200000000000003
1768,0.0004513263702392578,0.162,19.200000000000003
1769,0.0004253387451171875,0.162,17.2
1770,0.0004515647888183594,0.162,15.200000000000001
1771,0.0008537769317626953,0.166,13.200000000000001
1772,0.0005109310150146484,0.166,11.600000000000001
1773,0.0010623931884765625,0.166,9.600000000000001
1774,0.0008790493011474609,0.166,8.4
1775,0.002736806869506836,0.166,6.800000000000001
1776,0.0008761882781982422,0.17,6.0
1777,0.0008282661437988281,0.17,4.800000000000001
1778,0.00030422210693359375,0.17,4.0
1779,0.000728607177734375,0.17,3.6
1780,0.0001709461212158203,0.172,3.2
1781,0.0001571178436279297,0.172,2.8000000000000003
1782,0.0002448558807373047,0.172,3.2
1783,0.0001659393310546875,0.172,3.2
1784,0.00014519691467285156,0.172,3.6
1785,0.0004906654357910156,0.175,4.4
1786,0.00034236907958984375,0.175,5.2
1787,0.0002770423889160156,0.175,6.4
1788,0.00045037269592285156,0.177,7.6000000000000005
1789,0.0004839897155761719,0.177,9.200000000000001
1790,0.0006704330444335938,0.177,10.8
1791,0.0004582405090332031,0.177,12.4
1792,0.0004253387451171875,0.177,14.4
1793,0.0004248619079589844,0.177,16.400000000000002
1794,0.0002434253692626953,0.179,18.400000000000002
1795,0.00048732757568359375,0.179,20.8
1796,0.0004527568817138672,0.179,22.8
1797,0.0004363059997558594,0.179,25.200000000000003
1798,0.0004971027374267578,0.179,27.6
1799,0.0004425048828125,0.179,30.0
1800,0.0011093616485595703,0.179,32.4
1801,0.0008761882781982422,0.179,34.800000000000004
1802,0.0005257129669189453,0.175,37.2
1803,0.0005922317504882812,0.166,39.6
1804,0.0008606910705566406,0.157,42.0
1805,0.0015709400177001953,0.155,44.400000000000006
1806,0.0005159378051757812,0.153,46.400000000000006
1807,0.0006015300750732422,0.14400000000000002,48.400000000000006
1808,0.0006015300750732422,0.142,48.400000000000006
1809,0.0007462501525878906,0.14,50.400000000000006
1810,0.00019669532775878906,0.134,52.400000000000006
1811,0.0003116130828857422,0.129,54.0
1812,0.00017881393432617188,0.125,55.2
1813,0.00014853477478027344,0.123,56.800000000000004
1814,0.00014162063598632812,0.121,57.6
1815,0.00026535987854003906,0.121,58.800000000000004
1816,0.00048065185546875,0.121,59.2
1817,0.00023674964904785156,0.121,60.0
1818,0.0004611015319824219,0.121,60.0
1819,0.00043582916259765625,0.121,60.0
1820,0.00042057037353515625,0.121,60.0
1821,0.0004558563232421875,0.121,59.6
1822,0.0004999637603759766,0.121,58.800000000000004
1823,0.00017070770263671875,0.121,57.6
1824,0.0004756450653076172,0.121,56.400000000000006
1825,0.0005538463592529297,0.121,55.2
1826,0.0005719661712646484,0.121,53.6
1827,0.0009675025939941406,0.121,51.6
1828,0.0006568431854248047,0.121,49.6
1829,0.0022881031036376953,0.121,47.2
1830,0.0010526180267333984,0.121,44.800000000000004
1831,0.00036644935607910156,0.121,42.0
1832,0.0005528926849365234,0.121,39.2
1833,0.0020117759704589844,0.121,36.4
1834,0.001422882080078125,0.121,33.6
1835,0.0004355907440185547,0.121,30.400000000000002
1836,0.00016021728515625,0.121,27.200000000000003
1837,0.00067901611328125,0.121,24.0
1838,0.0001666545867919922,0.121,20.8
1839,0.0003311634063720703,0.121,17.6
1840,0.0001747608184814453,0.121,14.4
1841,0.00022912025451660156,0.121,11.200000000000001
1842,0.0001461505889892578,0.121,8.0
1843,0.0001480579376220703,0.121,5.2
1844,0.0001842975616455078,0.121,2.0
1845,0.00018095970153808594,0.121,-0.4
1846,0.00024127960205078125,0.121,-3.2
1847,0.0003001689910888672,0.121,-5.6000000000000005
1848,0.00042510032653808594,0.121,-7.6000000000000005
1849,0.00041985511779785156,0.121,-9.600000000000001
1850,0.00035881996154785156,0.121,-11.200000000000001
1851,0.0001461505889892578,0.121,-12.8
1852,0.00020456314086914062,0.121,-14.0
1853,0.0003533363342285156,0.121,-14.8
1854,0.0004489421844482422,0.121,-15.200000000000001
1855,0.0004718303680419922,0.125,-15.600000000000001
1856,0.0007321834564208984,0.125,-16.0
1857,0.0005068778991699219,0.125,-15.600000000000001
1858,0.0016891956329345703,0.125,-15.200000000000001
1859,0.0006856918334960938,0.127,-14.4
1860,0.0018112659454345703,0.127,-13.200000000000001
1861,0.000736236572265625,0.127,-12.0
1862,0.0006952285766601562,0.127,-10.4
1863,0.00048232078552246094,0.127,-8.8
1864,0.00028395652770996094,0.129,-6.800000000000001
1865,0.00046324729919433594,0.131,-4.800000000000001
1866,0.00046443939208984375,0.131,-2.4000000000000004
1867,0.0004603862762451172,0.131,0.0
1868,0.0004591941833496094,0.131,2.8000000000000003
1869,0.0005481243133544922,0.131,5.6000000000000005
1870,0.0010211467742919922,0.131,8.4
1871,0.0005376338958740234,0.131,11.200000000000001
1872,0.0011742115020751953,0.131,14.4
1873,0.0009312629699707031,0.131,17.2
1874,0.001531839370727539,0.131,20.400000000000002
1875,0.00047707557678222656,0.131,23.200000000000003
1876,0.001233816146850586,0.131,26.400000000000002
1877,0.0012743473052978516,0.131,29.200000000000003
1878,0.001592874526977539,0.131,32.0
1879,0.0012810230255126953,0.131,34.800000000000004
1880,0.0028104782104492188,0.131,37.2
1881,0.0008063316345214844,0.131,40.0
1882,0.0004169940948486328,0.131,42.0
1883,0.0004894733428955078,0.131,44.400000000000006
1884,0.0015087127685546875,0.131,46.400000000000006
1885,0.0007028579711914062,0.131,48.0
1886,0.0006260871887207031,0.131,49.6
1887,0.001085042953491211,0.131,51.2
1888,0.0009253025054931641,0.131,52.400000000000006
1889,0.0005407333374023438,0.131,53.2
1890,0.0023241043090820312,0.131,54.0
1891,0.0007832050323486328,0.131,54.800000000000004
1892,0.0017731189727783203,0.131,54.800000000000004
1893,0.0007059574127197266,0.131,55.2
1894,0.002009868621826172,0.131,54.800000000000004
1895,0.0006835460662841797,0.131,54.800000000000004
1896,0.0021741390228271484,0.131,54.0
1897,0.0004534721374511719,0.131,53.2
1898,0.0014424324035644531,0.131,52.400000000000006
1899,0.0005648136138916016,0.131,51.2
1900,0.002183198928833008,0.131,49.6
1901,0.0005853176116943359,0.131,48.400000000000006
1902,0.0004496574401855469,0.131,46.400000000000006
1903,0.0005562305450439453,0.131,44.400000000000006
1904,0.0008363723754882812,0.131,42.400000000000006
1905,0.0007774829864501953,0.131,40.400000000000006
1906,0.001901388168334961,0.131,38.0
1907,0.0010571479797363281,0.131,35.6
1908,0.0013225078582763672,0.131,32.800000000000004
1909,0.0012886524200439453,0.131,30.400000000000002
1910,0.0018658638000488281,0.131,27.6
1911,0.0010449886322021484,0.131,24.8
1912,0.0018794536590576172,0.131,22.400000000000002
1913,0.0014238357543945312,0.131,19.6
1914,0.0017952919006347656,0.131,16.8
1915,0.001050710678100586,0.131,14.0
1916,0.0018057823181152344,0.131,11.600000000000001
1917,0.0004975795745849609,0.131,8.8
1918,0.0012390613555908203,0.131,6.4
1919,0.0004906654357910156,0.131,4.4
1920,0.001857757568359375,0.131,2.0
1921,0.0010554790496826172,0.131,0.0
1922,0.0017993450164794922,0.131,-2.0
1923,0.001341104507446289,0.131,-3.6
1924,0.0014123916625976562,0.131,-5.2
1925,0.0012574195861816406,0.131,-6.4
1926,0.0016674995422363281,0.131,-7.2
1927,0.0014960765838623047,0.131,-8.0
1928,0.001310586929321289,0.131,-8.8
1929,0.0018062591552734375,0.131,-9.200000000000001
1930,0.0004837512969970703,0.131,-9.200000000000001
1931,0.0006935596466064453,0.131,-8.8
1932,0.0008671283721923828,0.131,-8.8
1933,0.0014681816101074219,0.131,-8.0
1934,0.0005652904510498047,0.131,-7.2
1935,0.0009365081787109375,0.131,-6.0
1936,0.0010519027709960938,0.131,-4.800000000000001
1937,0.0018329620361328125,0.131,-3.6
1938,0.0016133785247802734,0.131,-2.0
1939,0.001522064208984375,0.134,0.0
1940,0.0023267269134521484,0.134,1.6
1941,0.000507354736328125,0.136,4.0
1942,0.0004737377166748047,0.136,6.0
1943,0.0010051727294921875,0.138,8.4
1944,0.0024471282958984375,0.142,10.8
1945,0.0007343292236328125,0.14400000000000002,13.200000000000001
1946,0.0016260147094726562,0.153,15.600000000000001
1947,0.000751495361328125,0.155,18.0
1948,0.0030732154846191406,0.159,20.400000000000002
1949,0.0007579326629638672,0.16399999999999998,23.200000000000003
1950,0.0018668174743652344,0.168,25.6
1951,0.0007545948028564453,0.172,28.0
1952,0.0006225109100341797,0.175,30.400000000000002
1953,0.0013098716735839844,0.177,32.800000000000004
1954,0.0015673637390136719,0.177,34.800000000000004
1955,0.0008890628814697266,0.181,37.2
1956,0.000629425048828125,0.185,39.2
1957,0.0007750988006591797,0.185,41.6
1958,0.0025675296783447266,0.185,43.6
1959,0.0007674694061279297,0.185,45.2
1960,0.0017826557159423828,0.185,47.2
1961,0.0006449222564697266,0.185,48.800000000000004
1962,0.0007178783416748047,0.185,50.400000000000006
1963,0.0008983612060546875,0.185,52.0
1964,0.0008845329284667969,0.185,53.6
1965,0.0005621910095214844,0.185,54.800000000000004
1966,0.0011713504791259766,0.185,56.0
1967,0.0008780956268310547,0.185,57.2
1968,0.0015208721160888672,0.185,58.0
1969,0.000782012939453125,0.185,58.800000000000004
1970,0.0015590190887451172,0.185,59.6
1971,0.0008652210235595703,0.179,60.0
1972,0.0025141239166259766,0.177,60.400000000000006
1973,0.0013735294342041016,0.172,60.800000000000004
1974,0.0008578300476074219,0.172,61.2
1975,0.0006432533264160156,0.172,61.2
1976,0.0017895698547363281,0.172,60.800000000000004
1977,0.001444101333618164,0.172,60.800000000000004
1978,0.0026443004608154297,0.172,60.400000000000006
1979,0.0015163421630859375,0.172,59.6
1980,0.0024695396423339844,0.172,59.2
1981,0.0008928775787353516,0.172,58.400000000000006
1982,0.0005557537078857422,0.172,57.2
1983,0.001943826675415039,0.172,56.400000000000006
1984,0.0004801750183105469,0.172,54.800000000000004
1985,0.0006082057952880859,0.172,53.6
1986,0.0007793903350830078,0.172,52.400000000000006
1987,0.0014569759368896484,0.177,50.800000000000004
1988,0.002001523971557617,0.177,48.800000000000004
1989,0.0029296875,0.177,47.2
1990,0.0004763603210449219,0.177,45.6
1991,0.00164794921875,0.177,43.6
1992,0.0004544258117675781,0.177,41.6
1993,0.001542806625366211,0.177,39.6
1994,0.0012352466583251953,0.177,37.6
1995,0.0012352466583251953,0.177,37.6
1996,0.000514984130859375,0.177,35.6
1997,0.0029015541076660156,0.177,33.6
1998,0.0005002021789550781,0.177,31.6
1999,0.0015549659729003906,0.177,27.6
2000,0.001165628433227539,0.177,26.0
2001,0.0034034252166748047,0.177,24.0
2002,0.0012621879577636719,0.177,22.400000000000002
2003,0.0025887489318847656,0.177,20.8
2004,0.0006198883056640625,0.175,19.200000000000003
2005,0.0007839202880859375,0.166,17.6
2006,0.0008950233459472656,0.159,16.400000000000002
2007,0.0004582405090332031,0.155,15.200000000000001
2008,0.0004737377166748047,0.151,14.4
2009,0.0009748935699462891,0.149,13.600000000000001
2010,0.0011830329895019531,0.147,12.8
2011,0.0019295215606689453,0.147,12.4
2012,0.0010361671447753906,0.147,12.0
2013,0.0018804073333740234,0.147,11.600000000000001
2014,0.0009744167327880859,0.147,11.200000000000001
2015,0.0006513595581054688,0.147,11.200000000000001
2016,0.0015592575073242188,0.147,11.200000000000001
2017,0.0037183761596679688,0.147,11.600000000000001
2018,0.00045990943908691406,0.147,12.0
2019,0.0012602806091308594,0.147,12.0
2020,0.0008265972137451172,0.147,12.8
2021,0.0017323493957519531,0.147,13.200000000000001
2022,0.0005247592926025391,0.147,14.0
2023,0.00042366981506347656,0.147,14.8
2024,0.0005688667297363281,0.147,15.600000000000001
2025,0.0021162033081054688,0.147,16.400000000000002
2026,0.002330303192138672,0.147,17.2
2027,0.0016014575958251953,0.147,18.400000000000002
2028,0.002727031707763672,0.147,19.200000000000003
2029,0.0007174015045166016,0.147,20.400000000000002
2030,0.003712892532348633,0.147,21.6
2031,0.0007202625274658203,0.151,22.8
2032,0.0021703243255615234,0.153,23.6
2033,0.0032949447631835938,0.155,24.8
2034,0.0009906291961669922,0.155,26.0
2035,0.0023267269134521484,0.157,27.200000000000003
2036,0.003163576126098633,0.159,28.400000000000002
2037,0.0004093647003173828,0.16399999999999998,29.200000000000003
2038,0.0013573169708251953,0.16399999999999998,30.400000000000002
2039,0.002208232879638672,0.166,31.6
2040,0.0010936260223388672,0.17,32.4
2041,0.0006146430969238281,0.172,33.2
2042,0.0006191730499267578,0.175,34.4
2043,0.00167083740234375,0.175,35.2
2044,0.0009338855743408203,0.175,36.0
2045,0.001537322998046875,0.175,36.800000000000004
2046,0.0020492076873779297,0.175,37.6
2047,0.0005843639373779297,0.175,38.0
2048,0.0008027553558349609,0.175,38.800000000000004
2049,0.0016169548034667969,0.175,39.2
2050,0.0007128715515136719,0.175,40.0
2051,0.0004978179931640625,0.175,40.400000000000006
2052,0.002983570098876953,0.175,40.800000000000004
2053,0.0018641948699951172,0.175,41.2
2054,0.0023567676544189453,0.175,41.6
2055,0.0004863739013671875,0.175,42.0
2056,0.0017528533935546875,0.175,42.400000000000006
2057,0.0014998912811279297,0.175,42.400000000000006
2058,0.001977205276489258,0.172,42.400000000000006
2059,0.0023119449615478516,0.172,42.400000000000006
2060,0.0008404254913330078,0.155,42.400000000000006
2061,0.0014224052429199219,0.151,42.400000000000006
2062,0.0003371238708496094,0.14,42.400000000000006
2063,0.0004477500915527344,0.134,42.400000000000006
2064,0.0008637905120849609,0.127,42.0
2065,0.0005316734313964844,0.125,41.6
2066,0.0006945133209228516,0.121,41.2
2067,0.0006341934204101562,0.121,40.800000000000004
2068,0.0015597343444824219,0.119,40.400000000000006
2069,0.0007205009460449219,0.119,39.6
2070,0.0016858577728271484,0.119,38.800000000000004
2071,0.0008771419525146484,0.119,38.0
2072,0.0026886463165283203,0.119,36.800000000000004
2073,0.0005548000335693359,0.119,35.6
2074,0.0007050037384033203,0.119,34.4
2075,0.0016410350799560547,0.119,33.2
2076,0.00212860107421875,0.119,31.6
2077,0.001001596450805664,0.119,30.0
2078,0.0006532669067382812,0.119,28.400000000000002
2079,0.001968860626220703,0.119,26.8
2080,0.0009279251098632812,0.119,25.200000000000003
2081,0.0016117095947265625,0.119,23.6
2082,0.0040967464447021484,0.119,21.6
2083,0.0004634857177734375,0.119,20.0
2084,0.0011055469512939453,0.119,18.0
2085,0.0013742446899414062,0.119,16.400000000000002
2086,0.002205371856689453,0.119,14.4
2087,0.0015597343444824219,0.119,12.8
2088,0.0014026165008544922,0.121,11.200000000000001
2089,0.0010144710540771484,0.121,9.600000000000001
2090,0.002059459686279297,0.121,8.0
2091,0.0015168190002441406,0.123,6.800000000000001
2092,0.0013058185577392578,0.123,5.2
2093,0.001569986343383789,0.123,4.4
2094,0.0019142627716064453,0.123,3.2
2095,0.0006585121154785156,0.125,2.0
2096,0.0008387565612792969,0.127,1.2000000000000002
2097,0.0005052089691162109,0.127,0.8
2098,0.0006694793701171875,0.131,0.0
2099,0.0012423992156982422,0.131,0.0
2100,0.0009074211120605469,0.131,-0.4
2101,0.0025224685668945312,0.131,-0.4
2102,0.0017457008361816406,0.134,-0.4
2103,0.0018737316131591797,0.136,0.0
2104,0.000957489013671875,0.138,0.4
2105,0.0016980171203613281,0.138,0.8
2106,0.0008149147033691406,0.138,1.6
2107,0.0004680156707763672,0.138,2.8000000000000003
2108,0.002196788787841797,0.138,3.6
2109,0.0015654563903808594,0.138,4.800000000000001
2110,0.0024673938751220703,0.138,6.0
2111,0.0014653205871582031,0.138,7.6000000000000005
2112,0.001588582992553711,0.138,9.200000000000001
2113,0.0011975765228271484,0.138,10.8
2114,0.0009284019470214844,0.138,12.4
2115,0.0028581619262695312,0.138,14.4
2116,0.0010035037994384766,0.138,16.0
2117,0.0010035037994384766,0.138,16.0
2118,0.00025153160095214844,0.138,18.0
2119,0.0039052963256835938,0.138,20.0
2120,0.0009129047393798828,0.138,22.0
2121,0.002537250518798828,0.138,23.6
2122,0.001116037368774414,0.138,25.6
2123,0.00021791458129882812,0.131,27.6
2124,0.0005385875701904297,0.127,29.200000000000003
2125,0.0004734992980957031,0.121,31.200000000000003
2126,0.003121614456176758,0.116,32.800000000000004
2127,0.0008358955383300781,0.11,34.4
2128,0.0005102157592773438,0.108,36.0
2129,0.0008726119995117188,0.103,37.2
2130,0.0007107257843017578,0.103,38.800000000000004
2131,0.0013189315795898438,0.103,40.0
2132,0.00194549560546875,0.103,40.800000000000004
2133,0.0010876655578613281,0.103,41.6
2134,0.0007481575012207031,0.103,42.400000000000006
2135,0.0023488998413085938,0.103,42.800000000000004
2136,0.0024254322052001953,0.103,43.2
2137,0.0020902156829833984,0.103,43.2
2138,0.0009632110595703125,0.103,43.2
2139,0.0012917518615722656,0.103,42.800000000000004
2140,0.0034637451171875,0.103,42.400000000000006
2141,0.0007417201995849609,0.103,41.6
2142,0.0037643909454345703,0.103,40.800000000000004
2143,0.0003566741943359375,0.103,39.6
2144,0.0008337497711181641,0.103,38.400000000000006
2145,0.0006005764007568359,0.103,37.2
2146,0.0015454292297363281,0.103,35.6
2147,0.001550436019897461,0.103,34.0
2148,0.0018911361694335938,0.103,32.0
2149,0.002997875213623047,0.103,30.400000000000002
2150,0.0008494853973388672,0.103,28.400000000000002
2151,0.0005693435668945312,0.103,26.0
2152,0.0008118152618408203,0.103,24.0
2153,0.0005781650543212891,0.103,21.6
2154,0.002175569534301758,0.11,19.6
2155,0.0012888908386230469,0.114,17.2
2156,0.0017642974853515625,0.121,14.8
2157,0.0005636215209960938,0.123,12.8
2158,0.0012488365173339844,0.127,10.4
2159,0.0015265941619873047,0.134,8.0
2160,0.001943826675415039,0.136,6.0
2161,0.001546621322631836,0.138,4.0
2162,0.0023305416107177734,0.14400000000000002,2.0
2163,0.0012977123260498047,0.147,0.4
2164,0.0019116401672363281,0.151,-1.2000000000000002
2165,0.002041339874267578,0.151,-2.8000000000000003
2166,0.0015101432800292969,0.151,-4.0
2167,0.0021409988403320312,0.151,-5.2
2168,0.0013301372528076172,0.155,-6.0
2169,0.0014929771423339844,0.155,-6.4
2170,0.001569509506225586,0.155,-6.800000000000001
2171,0.0023453235626220703,0.155,-6.800000000000001
2172,0.00029587745666503906,0.155,-6.800000000000001
2173,0.0007414817810058594,0.155,-6.4
2174,0.0018012523651123047,0.155,-5.6000000000000005
2175,0.0012881755828857422,0.155,-4.800000000000001
2176,0.002282381057739258,0.155,-3.6
2177,0.0015540122985839844,0.155,-2.0
2178,0.0012433528900146484,0.155,-0.4
2179,0.002454042434692383,0.155,1.2000000000000002
2180,0.0021331310272216797,0.155,3.2
2181,0.0021436214447021484,0.155,5.2
2182,0.0017547607421875,0.149,7.6000000000000005
2183,0.0005209445953369141,0.14,10.0
2184,0.0011324882507324219,0.131,12.4
2185,0.0024552345275878906,0.123,15.200000000000001
2186,0.002087116241455078,0.119,18.0
2187,0.0013308525085449219,0.11,20.8
2188,0.0013079643249511719,0.101,23.6
2189,0.0020110607147216797,0.099,26.400000000000002
2190,0.0007901191711425781,0.095,28.8
2191,0.001119375228881836,0.095,31.6
2192,0.0009443759918212891,0.095,34.0
2193,0.0016667842864990234,0.095,36.4
2194,0.0006432533264160156,0.095,38.800000000000004
2195,0.0007162094116210938,0.095,40.800000000000004
2196,0.003172159194946289,0.095,42.800000000000004
2197,0.0006082057952880859,0.093,44.400000000000006
2198,0.0018663406372070312,0.093,46.0
2199,0.0019161701202392578,0.093,47.2
2200,0.0009198188781738281,0.093,48.0
2201,0.002577066421508789,0.093,48.800000000000004
2202,0.0007646083831787109,0.097,49.2
2203,0.002166748046875,0.101,49.6
2204,0.0009202957153320312,0.101,49.6
2205,0.0006392002105712891,0.103,49.6
2206,0.0004863739013671875,0.108,48.800000000000004
2207,0.0012927055358886719,0.11,48.400000000000006
2208,0.0007061958312988281,0.11,47.2
2209,0.0010211467742919922,0.11,46.0
2210,0.001604318618774414,0.11,44.800000000000004
2211,0.0008802413940429688,0.11,43.2
2212,0.0016613006591796875,0.11,41.2
2213,0.0008065700531005859,0.11,39.6
2214,0.0021028518676757812,0.11,37.2
2215,0.0010762214660644531,0.11,35.2
2216,0.0006070137023925781,0.11,32.800000000000004
2217,0.0005066394805908203,0.11,30.400000000000002
2218,0.0021708011627197266,0.11,27.6
2219,0.0014865398406982422,0.108,25.200000000000003
2220,0.0012924671173095703,0.108,22.400000000000002
2221,0.0010151863098144531,0.108,19.6
2222,0.00232696533203125,0.108,17.2
2223,0.001661539077758789,0.108,14.4
2224,0.001886606216430664,0.108,11.600000000000001
2225,0.0023703575134277344,0.108,9.200000000000001
2226,0.0013494491577148438,0.108,6.4
2227,0.0004115104675292969,0.108,4.0
2228,0.0003502368927001953,0.108,1.6
2229,0.0005667209625244141,0.108,-0.4
2230,0.002086639404296875,0.108,-2.4000000000000004
2231,0.0011734962463378906,0.108,-4.4
2232,0.0018718242645263672,0.108,-6.4
2233,0.0013718605041503906,0.108,-7.6000000000000005
2234,0.0021376609802246094,0.108,-9.200000000000001
2235,0.003051280975341797,0.108,-10.4
2236,0.0010645389556884766,0.108,-11.200000000000001
2237,0.0010242462158203125,0.108,-12.0
2238,0.00067901611328125,0.108,-12.4
2239,0.0007376670837402344,0.108,-12.4
2240,0.0021805763244628906,0.108,-12.4
2241,0.003011941909790039,0.108,-12.4
2242,0.0005092620849609375,0.108,-12.0
2243,0.0005953311920166016,0.108,-11.200000000000001
2244,0.0004413127899169922,0.108,-10.4
2245,0.0013842582702636719,0.108,-9.200000000000001
2246,0.0008130073547363281,0.108,-8.0
2247,0.0017371177673339844,0.108,-6.4
2248,0.0018033981323242188,0.108,-4.800000000000001
2249,0.0010895729064941406,0.108,-2.8000000000000003
2250,0.0005857944488525391,0.108,-0.8
2251,0.0010831356048583984,0.108,1.2000000000000002
2252,0.0019533634185791016,0.108,3.6
2253,0.0015037059783935547,0.108,5.6000000000000005
2254,0.002165555953979492,0.108,8.0
2255,0.0009360313415527344,0.108,10.4
2256,0.0018470287322998047,0.108,12.8
2257,0.001010894775390625,0.108,15.600000000000001
2258,0.002024412155151367,0.108,18.0
2259,0.0009624958038330078,0.108,20.400000000000002
2260,0.0008997917175292969,0.108,22.8
2261,0.0005688667297363281,0.108,25.200000000000003
2262,0.0007846355438232422,0.108,27.200000000000003
2263,0.001384735107421875,0.108,29.6
2264,0.0002410411834716797,0.108,31.6
2265,0.0007655620574951172,0.108,33.6
2266,0.0007655620574951172,0.108,33.6
2267,0.0009868144989013672,0.108,35.2
2268,0.0023272037506103516,0.108,36.800000000000004
2269,0.0012886524200439453,0.108,38.400000000000006
2270,0.0011169910430908203,0.108,39.6
2271,0.0004303455352783203,0.108,40.800000000000004
2272,0.001313924789428711,0.108,42.0
2273,0.0007545948028564453,0.108,42.800000000000004
2274,0.00177001953125,0.108,43.2
2275,0.0007596015930175781,0.119,43.6
2276,0.0010273456573486328,0.129,44.0
2277,0.0007212162017822266,0.14,44.0
2278,0.0006201267242431641,0.142,43.6
2279,0.0016918182373046875,0.14400000000000002,43.2
2280,0.0019342899322509766,0.149,42.800000000000004
2281,0.0018932819366455078,0.153,42.0
2282,0.0006654262542724609,0.153,41.2
2283,0.0016827583312988281,0.153,40.400000000000006
2284,0.0005548000335693359,0.153,39.2
2285,0.0007979869842529297,0.153,38.0
2286,0.0012104511260986328,0.153,36.4
2287,0.0019373893737792969,0.153,35.2
2288,0.0008056163787841797,0.153,33.6
2289,0.0011186599731445312,0.153,32.0
2290,0.00153350830078125,0.153,30.8
2291,0.0009753704071044922,0.153,29.200000000000003
2292,0.001669168472290039,0.153,27.6
2293,0.0006833076477050781,0.153,26.0
2294,0.00043082237243652344,0.14400000000000002,24.400000000000002
2295,0.0002315044403076172,0.134,22.8
2296,0.0005204677581787109,0.125,21.200000000000003
2297,0.0016870498657226562,0.121,20.0
2298,0.0019268989562988281,0.116,18.400000000000002
2299,0.0010290145874023438,0.114,17.2
2300,0.0013051033020019531,0.11,16.0
2301,0.0012629032135009766,0.108,14.8
2302,0.00154876708984375,0.108,13.600000000000001
2303,0.002134084701538086,0.108,12.8
2304,0.0004620552062988281,0.108,11.600000000000001
2305,0.0008826255798339844,0.108,10.8
2306,0.0006034374237060547,0.108,9.600000000000001
2307,0.0014486312866210938,0.108,8.8
2308,0.0018153190612792969,0.108,8.0
2309,0.0007765293121337891,0.108,7.6000000000000005
2310,0.0015749931335449219,0.108,6.800000000000001
2311,0.0011372566223144531,0.108,6.4
2312,0.0020170211791992188,0.108,5.6000000000000005
2313,0.0031642913818359375,0.108,5.2
2314,0.0015273094177246094,0.108,5.2
2315,0.0007231235504150391,0.108,4.800000000000001
2316,0.0006124973297119141,0.108,4.800000000000001
2317,0.0007045269012451172,0.108,4.800000000000001
2318,0.0007700920104980469,0.108,4.800000000000001
2319,0.0015921592712402344,0.108,4.800000000000001
2320,0.0016407966613769531,0.108,5.2
2321,0.001245260238647461,0.108,5.6000000000000005
2322,0.0017178058624267578,0.108,6.0
2323,0.0019533634185791016,0.108,6.4
2324,0.0006468296051025391,0.108,6.800000000000001
2325,0.0006265640258789062,0.108,7.6000000000000005
2326,0.0008363723754882812,0.108,8.4
2327,0.0010752677917480469,0.108,9.200000000000001
2328,0.0006139278411865234,0.108,10.0
2329,0.0014348030090332031,0.108,10.8
2330,0.0006279945373535156,0.108,11.600000000000001
2331,0.0009908676147460938,0.108,12.4
2332,0.0010898113250732422,0.108,13.600000000000001
2333,0.0014750957489013672,0.108,14.4
2334,0.0018303394317626953,0.108,15.200000000000001
2335,0.0008108615875244141,0.108,16.400000000000002
2336,0.0013027191162109375,0.103,17.2
2337,0.0032625198364257812,0.103,18.400000000000002
2338,0.0019125938415527344,0.103,19.200000000000003
2339,0.0008206367492675781,0.103,20.0
2340,0.0012569427490234375,0.101,20.8
2341,0.0005466938018798828,0.101,21.6
2342,0.0012805461883544922,0.101,22.400000000000002
2343,0.0006296634674072266,0.093,23.200000000000003
2344,0.0018475055694580078,0.08199999999999999,24.0
2345,0.0018367767333984375,0.075,24.400000000000002
2346,0.0006237030029296875,0.071,25.200000000000003
2347,0.0007021427154541016,0.067,25.6
2348,0.0007674694061279297,0.063,26.0
2349,0.0019512176513671875,0.06,26.0
2350,0.0007498264312744141,0.055999999999999994,26.400000000000002
2351,0.002563953399658203,0.05,26.400000000000002
2352,0.0007834434509277344,0.047,26.0
2353,0.0016663074493408203,0.047,26.0
2354,0.0020864009857177734,0.045,25.6
2355,0.001154184341430664,0.045,25.200000000000003
2356,0.0015141963958740234,0.039,24.400000000000002
2357,0.0009162425994873047,0.03,23.6
2358,0.0005736351013183594,0.026,22.8
2359,0.0004177093505859375,0.024,21.6
2360,0.0006101131439208984,0.019,20.400000000000002
2361,0.0007138252258300781,0.017,19.200000000000003
2362,0.0005080699920654297,0.011,18.0
2363,0.001062631607055664,0.009000000000000001,16.400000000000002
2364,0.00043702125549316406,0.006,14.8
2365,0.0006666183471679688,0.004,13.200000000000001
2366,0.0009891986846923828,0.002,11.200000000000001
2367,0.0007266998291015625,0.002,9.200000000000001
2368,0.000530242919921875,0.002,7.2
2369,0.0018362998962402344,0.002,5.2
2370,0.00045228004455566406,0.002,3.2
2371,0.0011544227600097656,0.002,1.2000000000000002
2372,0.0005116462707519531,0.002,-0.8
2373,0.001453399658203125,0.002,-2.8000000000000003
2374,0.0008945465087890625,0.002,-4.800000000000001
2375,0.0007846355438232422,0.002,-6.800000000000001
2376,0.0017719268798828125,0.002,-8.8
2377,0.0004019737243652344,0.002,-10.8
2378,0.000713348388671875,0.002,-12.4
2379,0.0020711421966552734,0.002,-14.4
2380,0.0005109310150146484,0.002,-15.600000000000001
2381,0.0006966590881347656,0.002,-17.2
2382,0.0010523796081542969,0.002,-18.400000000000002
2383,0.0017933845520019531,0.002,-19.6
2384,0.0005953311920166016,0.002,-20.400000000000002
2385,0.0016133785247802734,0.002,-21.200000000000003
2386,0.0009920597076416016,0.002,-22.0
2387,0.0014309883117675781,0.002,-22.400000000000002
2388,0.0010862350463867188,0.002,-22.8
2389,0.0008766651153564453,0.002,-22.8
2390,0.0012202262878417969,0.002,-22.8
2391,0.001470327377319336,0.002,-22.400000000000002
2392,0.0011985301971435547,0.002,-22.0
2393,0.0009164810180664062,0.002,-21.6
2394,0.0007326602935791016,0.002,-20.8
2395,0.0013437271118164062,0.002,-19.6
2396,0.0005941390991210938,0.002,-18.400000000000002
2397,0.0016319751739501953,0.002,-17.2
2398,0.0007460117340087891,0.002,-16.0
2399,0.0005459785461425781,0.002,-14.4
2400,0.0004937648773193359,0.002,-12.8
2401,0.0005476474761962891,0.002,-11.200000000000001
2402,0.0005552768707275391,0.002,-9.200000000000001
2403,0.0005197525024414062,0.002,-7.6000000000000005
2404,0.0006401538848876953,0.002,-5.6000000000000005
2405,0.002279520034790039,0.002,-3.6
2406,0.0010251998901367188,0.002,-1.6
2407,0.002104043960571289,0.002,0.4
2408,0.0011785030364990234,0.002,2.4000000000000004
2409,0.001874685287475586,0.002,4.4
2410,0.0011436939239501953,0.002,6.4
2411,0.0018715858459472656,0.002,8.4
2412,0.0009739398956298828,0.002,10.0
2413,0.0017583370208740234,0.002,12.0
2414,0.0005450248718261719,0.002,13.600000000000001
2415,0.0006031990051269531,0.002,14.8
2416,0.0006797313690185547,0.002,16.400000000000002
2417,0.0031003952026367188,0.002,17.6
2418,0.0012133121490478516,0.002,18.8
2419,0.0017304420471191406,0.002,19.6
2420,0.0012934207916259766,0.002,20.400000000000002
2421,0.001932382583618164,0.002,21.200000000000003
2422,0.001600027084350586,0.002,21.6
2423,0.0016679763793945312,0.002,22.0
2424,0.0005040168762207031,0.002,22.0
2425,0.0005040168762207031,0.002,22.0
2426,0.0007059574127197266,0.002,22.0
2427,0.0006604194641113281,0.002,22.0
2428,0.0016667842864990234,0.002,21.6
2429,0.0018703937530517578,0.002,20.8
2430,0.0024595260620117188,0.002,20.0
2431,0.0021538734436035156,0.002,19.200000000000003
2432,0.001150369644165039,0.002,18.400000000000002
2433,0.0027866363525390625,0.002,17.2
2434,0.00034427642822265625,0.002,16.0
2435,0.0016291141510009766,0.002,14.4
2436,0.0042743682861328125,0.002,12.8
2437,0.0009372234344482422,0.002,11.200000000000001
2438,0.0006184577941894531,0.002,9.600000000000001
2439,0.0011396408081054688,0.002,7.6000000000000005
2440,0.0009882450103759766,0.002,5.6000000000000005
2441,0.0007870197296142578,0.002,4.0
2442,0.0009121894836425781,0.002,2.0
2443,0.002472400665283203,0.002,0.0
2444,0.0019922256469726562,0.002,-2.0
2445,0.00026917457580566406,0.002,-4.0
2446,0.0010807514190673828,0.002,-5.6000000000000005
2447,0.0008752346038818359,0.002,-7.6000000000000005
2448,0.0009052753448486328,0.002,-9.200000000000001
2449,0.0006785392761230469,0.002,-10.8
2450,0.000720977783203125,0.002,-12.4
2451,0.0007483959197998047,0.002,-14.0
2452,0.0022385120391845703,0.002,-15.600000000000001
2453,0.002111673355102539,0.002,-16.8
2454,0.0009002685546875,0.002,-17.6
2455,0.0016756057739257812,0.002,-18.8
2456,0.0006959438323974609,0.002,-19.6
2457,0.0018742084503173828,0.002,-20.0
2458,0.0007793903350830078,0.002,-20.8
2459,0.0006997585296630859,0.002,-21.200000000000003
2460,0.0023643970489501953,0.002,-21.200000000000003
2461,0.0024666786193847656,0.002,-21.200000000000003
2462,0.0012583732604980469,0.002,-20.8
2463,0.0015723705291748047,0.002,-20.8
2464,0.0013473033905029297,0.0,-20.0
2465,0.0020520687103271484,0.0,-19.6
2466,0.0012164115905761719,0.0,-18.8
2467,0.002061605453491211,0.0,-17.6
2468,0.0031585693359375,0.0,-16.400000000000002
2469,0.002765178680419922,0.0,-15.200000000000001
2470,0.0009472370147705078,0.0,-14.0
2471,0.0021431446075439453,0.0,-12.4
2472,0.0018956661224365234,0.0,-10.8
2473,0.002588033676147461,0.0,-9.200000000000001
2474,0.0015158653259277344,0.0,-7.6000000000000005
2475,0.0004925727844238281,0.0,-5.6000000000000005
2476,0.0012769699096679688,0.0,-4.0
2477,0.0007700920104980469,0.0,-2.0
2478,0.0011303424835205078,0.0,-0.4
2479,0.0009725093841552734,0.0,1.6
2480,0.002112865447998047,0.0,3.6
2481,0.0006592273712158203,0.0,5.2
2482,0.0013785362243652344,0.0,7.2
2483,0.0025887489318847656,0.0,8.8
2484,0.002123594284057617,0.0,10.4
2485,0.0004546642303466797,0.0,12.0
2486,0.0008475780487060547,0.0,13.200000000000001
2487,0.0006749629974365234,0.0,14.8
2488,0.0018208026885986328,0.0,16.0
2489,0.0017020702362060547,0.0,16.8
2490,0.0014336109161376953,0.0,18.0
2491,0.0010731220245361328,0.0,18.8
2492,0.0006170272827148438,0.0,19.6
2493,0.0013582706451416016,0.0,20.0
2494,0.0020856857299804688,0.0,20.400000000000002
2495,0.0009200572967529297,0.0,20.400000000000002
2496,0.003122091293334961,0.0,20.400000000000002
2497,0.0020804405212402344,0.0,20.400000000000002
2498,0.0033855438232421875,0.0,20.0
2499,0.002191781997680664,0.0,19.6
2500,0.0009744167327880859,0.0,18.8
2501,0.0017125606536865234,0.0,18.0
2502,0.0004756450653076172,0.0,17.2
2503,0.0008149147033691406,0.0,16.400000000000002
2504,0.0005002021789550781,0.0,15.200000000000001
2505,0.0004839897155761719,0.0,13.600000000000001
2506,0.0005402565002441406,0.0,12.4
2507,0.0005030632019042969,0.0,10.8
2508,0.0010211467742919922,0.0,9.200000000000001
2509,0.0004916191101074219,0.0,7.6000000000000005
2510,0.0006930828094482422,0.0,6.0
2511,0.0011186599731445312,0.0,4.0
2512,0.0018897056579589844,0.0,2.4000000000000004
2513,0.0004763603210449219,0.0,0.4
2514,0.0008111000061035156,0.0,-1.2000000000000002
2515,0.0008881092071533203,0.0,-2.8000000000000003
2516,0.002029895782470703,0.0,-4.800000000000001
2517,0.0005764961242675781,0.0,-6.4
2518,0.0015287399291992188,0.0,-8.0
2519,0.0014622211456298828,0.0,-9.600000000000001
2520,0.0018262863159179688,0.0,-11.200000000000001
2521,0.000989675521850586,0.0,-12.8
2522,0.0027887821197509766,0.0,-14.0
2523,0.0010995864868164062,0.0,-15.200000000000001
2524,0.0004010200500488281,0.0,-16.400000000000002
2525,0.0016162395477294922,0.0,-17.2
2526,0.0032570362091064453,0.0,-18.0
2527,0.000438690185546875,0.0,-18.8
2528,0.00032138824462890625,0.0,-19.200000000000003
2529,0.0002498626708984375,0.0,-19.6
2530,0.0003960132598876953,0.0,-19.6
2531,0.00061798095703125,0.0,-19.6
2532,0.0005125999450683594,0.0,-19.6
2533,0.0006353855133056641,0.0,-19.200000000000003
2534,0.0005266666412353516,0.0,-18.8
2535,0.00036525726318359375,0.0,-18.400000000000002
2536,0.000568389892578125,0.0,-17.6
2537,0.0004456043243408203,0.0,-16.8
2538,0.0002830028533935547,0.0,-15.600000000000001
2539,0.0004749298095703125,0.0,-14.4
2540,0.0004448890686035156,0.0,-13.200000000000001
2541,0.000514984130859375,0.0,-12.0
2542,0.0025942325592041016,0.0,-10.4
2543,0.0012521743774414062,0.0,-9.200000000000001
2544,0.0007021427154541016,0.0,-7.6000000000000005
2545,0.0011970996856689453,0.0,-6.0
2546,0.0005664825439453125,0.0,-4.0
2547,0.0008349418640136719,0.0,-2.4000000000000004
2548,0.0006744861602783203,0.0,-0.8
2549,0.0021638870239257812,0.0,1.2000000000000002
2550,0.0018584728240966797,0.0,2.8000000000000003
2551,0.0017113685607910156,0.0,4.4
2552,0.0007748603820800781,0.0,6.0
2553,0.0009298324584960938,0.0,7.6000000000000005
2554,0.0014009475708007812,0.0,9.200000000000001
2555,0.0016999244689941406,0.0,10.8
2556,0.0010783672332763672,0.0,12.0
2557,0.0009129047393798828,0.0,13.200000000000001
2558,0.0006396770477294922,0.0,14.4
2559,0.0007615089416503906,0.0,15.600000000000001
2560,0.002279043197631836,0.0,16.400000000000002
2561,0.0037822723388671875,0.0,17.2
2562,0.000982046127319336,0.0,18.0
2563,0.0019707679748535156,0.0,18.400000000000002
2564,0.0010023117065429688,0.0,18.8
2565,0.0005156993865966797,0.0,19.200000000000003
2566,0.0016398429870605469,0.0,19.200000000000003
2567,0.0007200241088867188,0.0,18.8
2568,0.0005230903625488281,0.0,18.8
2569,0.0008177757263183594,0.0,18.400000000000002
2570,0.0008177757263183594,0.0,18.400000000000002
2571,0.0014331340789794922,0.0,17.6
2572,0.0012309551239013672,0.0,17.2
2573,0.002359151840209961,0.0,16.400000000000002
2574,0.0007302761077880859,0.0,15.200000000000001
2575,0.0009746551513671875,0.0,14.4
2576,0.0005428791046142578,0.0,13.200000000000001
2577,0.0003647804260253906,0.0,11.600000000000001
2578,0.0006346702575683594,0.0,10.4
2579,0.0005035400390625,0.0,8.8
2580,0.0007665157318115234,0.0,7.6000000000000005
2581,0.0012664794921875,0.0,6.0
2582,0.0008857250213623047,0.0,4.4
2583,0.0009176731109619141,0.0,2.4000000000000004
2584,0.001444101333618164,0.0,0.8
