,Latency,PWM Value,Angle
0,0.0,0.0,0.0
1,0.0006682872772216797,0.0,0.0
2,0.00023889541625976562,0.0,0.0
3,0.0005075931549072266,0.0,0.0
4,0.0003769397735595703,0.0,0.0
5,0.00038123130798339844,0.0,0.0
6,0.0005161762237548828,0.0,0.0
7,0.0008635520935058594,0.0,0.0
8,0.0005271434783935547,0.0,0.0
9,0.0005207061767578125,0.0,0.0
10,0.0005242824554443359,0.0,0.0
11,0.0005164146423339844,0.0,0.0
12,0.0004994869232177734,0.0,0.0
13,0.0008559226989746094,0.0,0.0
14,0.0006396770477294922,0.0,0.0
15,0.00037932395935058594,0.0,0.0
16,0.00028204917907714844,0.0,0.0
17,0.0002276897430419922,0.0,0.0
18,0.0005314350128173828,0.0,0.0
19,0.0002338886260986328,0.0,0.0
20,0.00014853477478027344,0.0,0.0
21,0.00014829635620117188,0.0,0.0
22,0.00018715858459472656,0.0,0.0
23,0.00045108795166015625,0.0,0.0
24,0.00024819374084472656,0.0,0.0
25,0.0003933906555175781,0.0,0.0
26,0.0004425048828125,0.0,0.0
27,0.00042128562927246094,0.0,0.0
28,0.0004131793975830078,0.0,0.0
29,0.0004582405090332031,0.0,0.0
30,0.0004892349243164062,0.0,0.0
31,0.0004825592041015625,0.0,0.0
32,0.00038552284240722656,0.0,0.0
33,0.0004725456237792969,0.0,0.0
34,0.000507354736328125,0.0,0.0
35,0.0004451274871826172,0.0,0.0
36,0.0005328655242919922,0.0,0.0
37,0.00047016143798828125,0.0,0.0
38,0.0004825592041015625,0.0,0.0
39,0.0009617805480957031,0.0,0.0
40,0.0006127357482910156,0.0,0.0
41,0.001535654067993164,0.0,0.0
42,0.0012598037719726562,0.0,0.0
43,0.0003745555877685547,0.0,0.0
44,0.0001590251922607422,0.0,0.0
45,0.0006651878356933594,0.0,0.0
46,0.000247955322265625,0.0,0.0
47,0.00022792816162109375,0.0,0.0
48,0.00033974647521972656,0.0,0.0
49,0.00025916099548339844,0.0,0.0
50,0.0001666545867919922,0.0,0.0
51,0.00048232078552246094,0.0,0.0
52,0.0001990795135498047,0.0,0.0
53,0.00017309188842773438,0.0,0.0
54,0.0002613067626953125,0.0,0.0
55,0.0003063678741455078,0.0,0.0
56,0.0004258155822753906,0.0,0.0
57,0.00041794776916503906,0.0,0.0
58,0.0004165172576904297,0.0,0.0
59,0.0004489421844482422,0.0,0.0
60,0.0003342628479003906,0.0,0.0
61,0.00022077560424804688,0.0,0.0
62,0.00028014183044433594,0.0,0.0
63,0.00018978118896484375,0.0,0.0
64,0.0005171298980712891,0.0,0.0
65,0.0004680156707763672,0.0,0.0
66,0.0022230148315429688,0.0,0.0
67,0.0005409717559814453,0.0,0.0
68,0.002078533172607422,0.0,0.0
69,0.00067138671875,0.0,0.0
70,0.0021440982818603516,0.0,0.0
71,0.0007905960083007812,0.0,0.0
72,0.00046539306640625,0.0,0.0
73,0.0005285739898681641,0.0,0.0
74,0.0005209445953369141,0.0,0.0
75,0.0004930496215820312,0.0,0.0
76,0.0003590583801269531,0.0,0.0
77,0.0001938343048095703,0.0,0.0
78,0.000492095947265625,0.0,0.0
79,0.0001468658447265625,0.0,0.0
80,0.00014638900756835938,0.0,0.0
81,0.00015234947204589844,0.0,0.0
82,0.0001811981201171875,0.0,0.0
83,0.0004277229309082031,0.0,0.0
84,0.00029349327087402344,0.0,0.0
85,0.0004208087921142578,0.0,0.0
86,0.00042510032653808594,0.0,0.0
87,0.00041103363037109375,0.0,0.0
88,0.0004100799560546875,0.0,0.0
89,0.0002682209014892578,0.0,0.0
90,0.00021409988403320312,0.0,0.0
91,0.00030875205993652344,0.0,0.0
92,0.0004725456237792969,0.0,0.0
93,0.0004825592041015625,0.0,0.0
94,0.0004355907440185547,0.0,0.0
95,0.0004665851593017578,0.0,0.0
96,0.00043201446533203125,0.0,0.0
97,0.0004525184631347656,0.0,0.0
98,0.001047372817993164,0.0,0.0
99,0.0007073879241943359,0.0,0.0
100,0.0017211437225341797,0.0,0.0
101,0.00034332275390625,0.0,0.0
102,0.0003542900085449219,0.0,0.0
103,0.00046753883361816406,0.0,0.0
104,0.0004572868347167969,0.0,0.0
105,0.0005090236663818359,0.0,0.0
106,0.0001533031463623047,0.0,0.0
107,0.0003387928009033203,0.0,0.0
108,0.0004944801330566406,0.0,0.0
109,0.0004978179931640625,0.0,0.0
110,0.00043082237243652344,0.0,0.0
111,0.0004439353942871094,0.0,0.0
112,0.00043272972106933594,0.0,0.0
113,0.0004172325134277344,0.0,0.0
114,0.0004324913024902344,0.0,0.0
115,0.0004210472106933594,0.0,0.0
116,0.00044846534729003906,0.0,0.0
117,0.00044846534729003906,0.0,0.0
118,0.0005130767822265625,0.0,0.0
119,0.0004773139953613281,0.0,0.0
120,0.00020742416381835938,0.0,0.0
121,0.0004813671112060547,0.0,0.0
122,0.000530242919921875,0.0,0.0
123,0.0005214214324951172,0.0,0.0
124,0.0005829334259033203,0.0,0.0
125,0.0005438327789306641,0.0,0.0
126,0.0008409023284912109,0.0,0.0
127,0.0005788803100585938,0.0,0.0
128,0.0019540786743164062,0.0,0.0
129,0.00038814544677734375,0.0,0.0
130,0.0005173683166503906,0.0,0.0
131,0.00018835067749023438,0.0,0.0
132,0.0006816387176513672,0.0,0.0
133,0.00017499923706054688,0.0,0.0
134,0.0005664825439453125,0.0,0.0
135,0.00019884109497070312,0.0,0.0
136,0.0003521442413330078,0.002,0.0
137,0.00016546249389648438,0.002,0.0
138,0.0002510547637939453,0.002,0.0
139,0.0001697540283203125,0.002,0.0
140,0.00016260147094726562,0.002,0.0
141,0.0002410411834716797,0.002,0.0
142,0.0004115104675292969,0.002,0.0
143,0.0004749298095703125,0.002,0.0
144,0.00041675567626953125,0.002,0.0
145,0.00041866302490234375,0.002,0.0
146,0.0004584789276123047,0.002,0.0
147,0.0004150867462158203,0.002,0.0
148,0.00047779083251953125,0.002,0.0
149,0.00043272972106933594,0.004,0.0
150,0.00023889541625976562,0.004,0.0
151,0.00047206878662109375,0.004,0.0
152,0.0005197525024414062,0.004,0.0
153,0.0003952980041503906,0.006,0.0
154,0.0005190372467041016,0.006,0.0
155,0.0007534027099609375,0.006,0.0
156,0.00054931640625,0.006,0.0
157,0.0008280277252197266,0.006,0.0
158,0.0013873577117919922,0.006,0.0
159,0.0002269744873046875,0.006,0.0
160,0.0004470348358154297,0.006,0.0
161,0.0004324913024902344,0.006,0.0
162,0.0004475116729736328,0.006,0.0
163,0.00036644935607910156,0.006,0.0
164,0.0001888275146484375,0.006,0.0
165,0.0005042552947998047,0.006,0.0
166,0.00028777122497558594,0.006,0.0
167,0.00037169456481933594,0.006,0.0
168,0.0004477500915527344,0.006,0.0
169,0.0004394054412841797,0.009000000000000001,0.0
170,0.00043129920959472656,0.009000000000000001,0.0
171,0.00042057037353515625,0.011,0.0
172,0.00046706199645996094,0.011,0.0
173,0.00042748451232910156,0.013,0.0
174,0.00041747093200683594,0.013,0.0
175,0.00046253204345703125,0.013,0.0
176,0.00046563148498535156,0.015,0.0
177,0.0005207061767578125,0.017,0.0
178,0.00048232078552246094,0.017,0.0
179,0.00047278404235839844,0.017,0.0
180,0.0003230571746826172,0.017,0.0
181,0.0005156993865966797,0.017,0.0
182,0.0005249977111816406,0.017,0.0
183,0.000530242919921875,0.017,0.0
184,0.0007021427154541016,0.017,0.0
185,0.0006074905395507812,0.019,0.0
186,0.00042557716369628906,0.024,0.0
187,0.0004527568817138672,0.024,0.0
188,0.0004432201385498047,0.024,0.0
189,0.00042319297790527344,0.024,0.0
190,0.0004944801330566406,0.024,0.0
191,0.0005052089691162109,0.026,0.0
192,0.00046944618225097656,0.026,0.0
193,0.0005078315734863281,0.027999999999999997,0.0
194,0.00015687942504882812,0.027999999999999997,0.0
195,0.0005948543548583984,0.027999999999999997,0.0
196,0.00024509429931640625,0.027999999999999997,0.0
197,0.0005288124084472656,0.027999999999999997,0.0
198,0.00044226646423339844,0.03,0.0
199,0.0006113052368164062,0.03,0.0
200,0.0004363059997558594,0.03,0.4
201,0.00045228004455566406,0.032,0.4
202,0.0005905628204345703,0.034,0.4
203,0.0004329681396484375,0.037000000000000005,0.4
204,0.0001938343048095703,0.037000000000000005,0.8
205,0.0004839897155761719,0.037000000000000005,0.8
206,0.0004909038543701172,0.037000000000000005,0.8
207,0.0005481243133544922,0.039,1.2000000000000002
208,0.0008785724639892578,0.039,1.2000000000000002
209,0.0005443096160888672,0.039,1.2000000000000002
210,0.0014150142669677734,0.039,1.6
211,0.0006830692291259766,0.039,1.6
212,0.0018999576568603516,0.040999999999999995,2.0
213,0.0006341934204101562,0.045,2.4000000000000004
214,0.0011386871337890625,0.047,2.4000000000000004
215,0.0004923343658447266,0.05,2.8000000000000003
216,0.0007648468017578125,0.05,3.2
217,0.000545501708984375,0.05,3.2
218,0.00040411949157714844,0.05,3.6
219,0.0005061626434326172,0.05,4.0
220,0.0018453598022460938,0.05,4.0
221,0.0008490085601806641,0.05,4.4
222,0.001466512680053711,0.05,4.800000000000001
223,0.0005922317504882812,0.05,5.2
224,0.0008554458618164062,0.05,5.2
225,0.0008697509765625,0.05,5.6000000000000005
226,0.0017707347869873047,0.05,6.4
227,0.0007164478302001953,0.05,6.4
228,0.0006225109100341797,0.052000000000000005,6.800000000000001
229,0.00031566619873046875,0.054000000000000006,7.2
230,0.0005228519439697266,0.055999999999999994,7.2
231,0.0002677440643310547,0.06,7.6000000000000005
232,0.0003695487976074219,0.06,8.0
233,0.0002193450927734375,0.06,8.0
234,0.0004940032958984375,0.06,8.0
235,0.0004839897155761719,0.06,8.4
236,0.00026988983154296875,0.06,8.4
237,0.0005242824554443359,0.06,8.8
238,0.00045037269592285156,0.06,8.8
239,0.0005631446838378906,0.06,8.8
240,0.00048351287841796875,0.06,8.8
241,0.00044655799865722656,0.06,8.8
242,0.00042510032653808594,0.06,9.200000000000001
243,0.00043082237243652344,0.063,9.200000000000001
244,0.0004341602325439453,0.063,9.200000000000001
245,0.0004932880401611328,0.067,9.200000000000001
246,0.00045800209045410156,0.073,9.200000000000001
247,0.0001900196075439453,0.075,9.200000000000001
248,0.00046944618225097656,0.075,9.200000000000001
249,0.00044417381286621094,0.075,8.8
250,0.00043082237243652344,0.075,8.8
251,0.0015354156494140625,0.075,8.8
252,0.000766754150390625,0.075,8.8
253,0.0007860660552978516,0.075,8.8
254,0.000965118408203125,0.078,8.8
255,0.0008594989776611328,0.078,8.8
256,0.0004506111145019531,0.078,8.8
257,0.0007159709930419922,0.078,8.8
258,0.0005152225494384766,0.078,8.8
259,0.00044989585876464844,0.078,8.8
260,0.00043392181396484375,0.08199999999999999,8.8
261,0.0004303455352783203,0.08199999999999999,8.8
262,0.00042629241943359375,0.084,8.8
263,0.0005421638488769531,0.084,8.8
264,0.0004589557647705078,0.084,8.8
265,0.0004832744598388672,0.084,8.8
266,0.0001990795135498047,0.084,9.200000000000001
267,0.0004856586456298828,0.084,9.200000000000001
268,0.0004382133483886719,0.084,9.200000000000001
269,0.0006959438323974609,0.084,9.600000000000001
270,0.0006959438323974609,0.084,9.600000000000001
271,0.0004374980926513672,0.084,9.600000000000001
272,0.0004215240478515625,0.084,10.0
273,0.00043272972106933594,0.084,10.0
274,0.0004794597625732422,0.084,10.4
275,0.0004794597625732422,0.084,10.4
276,0.0004940032958984375,0.084,10.8
277,0.00015020370483398438,0.084,10.8
278,0.00045871734619140625,0.084,11.200000000000001
279,0.0004417896270751953,0.084,11.200000000000001
280,0.00043773651123046875,0.084,11.600000000000001
281,0.0004382133483886719,0.084,12.0
282,0.0008928775787353516,0.084,12.0
283,0.0005140304565429688,0.084,12.4
284,0.0022466182708740234,0.084,12.4
285,0.00027561187744140625,0.084,12.8
286,0.0002834796905517578,0.084,12.8
287,0.0005071163177490234,0.084,13.200000000000001
288,0.0004286766052246094,0.084,13.200000000000001
289,0.00048804283142089844,0.084,13.600000000000001
290,0.00018143653869628906,0.084,13.600000000000001
291,0.000148773193359375,0.084,14.0
292,0.0001614093780517578,0.084,14.0
293,0.0005161762237548828,0.084,14.0
294,0.0004494190216064453,0.084,14.0
295,0.00043654441833496094,0.084,14.4
296,0.0004189014434814453,0.084,14.4
297,0.0004286766052246094,0.084,14.4
298,0.0004177093505859375,0.086,14.4
299,0.000453948974609375,0.08800000000000001,14.4
300,0.00042629241943359375,0.091,14.4
301,0.0002372264862060547,0.091,14.0
302,0.00048542022705078125,0.091,14.0
303,0.00014710426330566406,0.093,14.0
304,0.0005249977111816406,0.093,14.0
305,0.0004737377166748047,0.093,14.0
306,0.0004286766052246094,0.093,13.600000000000001
307,0.0004317760467529297,0.093,13.600000000000001
308,0.0004172325134277344,0.093,13.200000000000001
309,0.0015556812286376953,0.093,13.200000000000001
310,0.0006046295166015625,0.095,13.200000000000001
311,0.0019016265869140625,0.097,12.8
312,0.0004665851593017578,0.097,12.8
313,0.0008440017700195312,0.097,12.4
314,0.0005178451538085938,0.097,12.4
315,0.0004696846008300781,0.097,12.4
316,0.0001475811004638672,0.099,12.0
317,0.0006611347198486328,0.101,12.0
318,0.00018286705017089844,0.101,12.0
319,0.00016117095947265625,0.106,12.0
320,0.0001647472381591797,0.108,11.600000000000001
321,0.00015211105346679688,0.112,11.600000000000001
322,0.0001556873321533203,0.116,11.600000000000001
323,0.0001685619354248047,0.119,11.600000000000001
324,0.00016307830810546875,0.123,11.600000000000001
325,0.00026297569274902344,0.127,11.600000000000001
326,0.0003299713134765625,0.129,11.600000000000001
327,0.0004258155822753906,0.131,12.0
328,0.00044226646423339844,0.136,12.0
329,0.0006191730499267578,0.136,12.4
330,0.0004992485046386719,0.136,12.4
331,0.0002567768096923828,0.136,12.8
332,0.0004849433898925781,0.136,13.200000000000001
333,0.0004494190216064453,0.136,13.600000000000001
334,0.0002713203430175781,0.138,14.0
335,0.0005192756652832031,0.138,14.4
336,0.000993967056274414,0.138,14.8
337,0.0006716251373291016,0.138,15.600000000000001
338,0.0005183219909667969,0.138,16.0
339,0.0009696483612060547,0.138,16.8
340,0.0004820823669433594,0.138,17.6
341,0.0022444725036621094,0.142,18.400000000000002
342,0.0005331039428710938,0.142,19.200000000000003
343,0.0003712177276611328,0.14400000000000002,20.0
344,0.00025725364685058594,0.14400000000000002,20.8
345,0.00014662742614746094,0.14400000000000002,21.6
346,0.0009634494781494141,0.14400000000000002,22.400000000000002
347,0.00017523765563964844,0.149,23.200000000000003
348,0.00118255615234375,0.151,24.0
349,0.00015115737915039062,0.151,24.8
350,0.0002396106719970703,0.155,25.6
351,0.00015401840209960938,0.157,26.0
352,0.0001380443572998047,0.162,26.8
353,0.0004189014434814453,0.162,27.6
354,0.000431060791015625,0.16399999999999998,28.400000000000002
355,0.0002636909484863281,0.166,29.200000000000003
356,0.0002961158752441406,0.166,29.6
357,0.00046133995056152344,0.166,30.400000000000002
358,0.00041604042053222656,0.166,30.8
359,0.00043654441833496094,0.166,31.6
360,0.0004067420959472656,0.166,32.0
361,0.00024580955505371094,0.166,32.4
362,0.0004892349243164062,0.166,33.2
363,0.0001571178436279297,0.166,33.6
364,0.0005795955657958984,0.166,34.0
365,0.0004565715789794922,0.166,34.4
366,0.0004367828369140625,0.166,34.800000000000004
367,0.0004673004150390625,0.166,35.2
368,0.00045752525329589844,0.166,35.6
369,0.0004448890686035156,0.166,36.0
370,0.0008876323699951172,0.166,36.0
371,0.0006396770477294922,0.166,36.4
372,0.0010035037994384766,0.166,36.4
373,0.0005009174346923828,0.166,36.4
374,0.0002961158752441406,0.168,36.4
375,0.00046372413635253906,0.168,36.800000000000004
376,0.00022101402282714844,0.168,36.4
377,0.00018978118896484375,0.166,36.4
378,0.0004825592041015625,0.16399999999999998,36.4
379,0.0004749298095703125,0.162,36.4
380,0.0005114078521728516,0.159,36.0
381,0.00020122528076171875,0.157,36.0
382,0.00045108795166015625,0.157,35.6
383,0.00024056434631347656,0.157,35.2
384,0.00047016143798828125,0.153,35.2
385,0.0004279613494873047,0.153,34.800000000000004
386,0.00041365623474121094,0.153,34.4
387,0.00041675567626953125,0.153,34.0
388,0.0004143714904785156,0.151,33.6
389,0.00045609474182128906,0.151,32.800000000000004
390,0.0004551410675048828,0.151,32.4
391,0.0003838539123535156,0.151,32.0
392,0.00045371055603027344,0.151,31.200000000000003
393,0.00048065185546875,0.149,30.400000000000002
394,0.00044155120849609375,0.149,30.0
395,0.00041174888610839844,0.149,29.200000000000003
396,0.00036597251892089844,0.14400000000000002,28.400000000000002
397,0.0006239414215087891,0.14400000000000002,27.6
398,0.0008642673492431641,0.142,27.200000000000003
399,0.0005135536193847656,0.142,26.400000000000002
400,0.0008647441864013672,0.142,25.6
401,0.0006403923034667969,0.142,24.8
402,0.00045013427734375,0.14,24.0
403,0.0004432201385498047,0.14,23.6
404,0.0004215240478515625,0.14,22.8
405,0.0003829002380371094,0.14,22.0
406,0.0001506805419921875,0.14,21.200000000000003
407,0.0001506805419921875,0.14,21.200000000000003
408,0.0001957416534423828,0.14,20.8
409,0.0001289844512939453,0.14,20.0
410,0.00014829635620117188,0.14,19.6
411,0.00019216537475585938,0.14,18.8
412,0.00022864341735839844,0.14,18.400000000000002
413,0.0003921985626220703,0.14,18.0
414,0.00044274330139160156,0.14,17.6
415,0.000476837158203125,0.14,17.2
416,0.00013589859008789062,0.14,16.8
417,0.0004305839538574219,0.14,16.400000000000002
418,0.0003132820129394531,0.14,16.400000000000002
419,0.0001323223114013672,0.14,16.0
420,0.00044536590576171875,0.14,16.0
421,0.0006318092346191406,0.14,16.0
422,0.00042176246643066406,0.14,16.0
423,0.0004649162292480469,0.14,16.0
424,0.0005095005035400391,0.14,16.0
425,0.0016489028930664062,0.14,16.400000000000002
426,0.0006504058837890625,0.14,16.400000000000002
427,0.0018091201782226562,0.142,16.8
428,0.0008864402770996094,0.142,16.8
429,0.00045990943908691406,0.14400000000000002,17.2
430,0.0007367134094238281,0.147,17.6
431,0.0005514621734619141,0.147,18.0
432,0.0001995563507080078,0.149,18.400000000000002
433,0.0006873607635498047,0.149,19.200000000000003
434,0.00017118453979492188,0.149,19.6
435,0.0009472370147705078,0.149,20.0
436,0.00016999244689941406,0.149,20.8
437,0.00022459030151367188,0.149,21.200000000000003
438,0.00015115737915039062,0.149,22.0
439,0.0003719329833984375,0.149,22.400000000000002
440,0.00013875961303710938,0.149,23.200000000000003
441,0.00010728836059570312,0.149,24.0
442,0.00014925003051757812,0.149,24.400000000000002
443,0.00017833709716796875,0.149,25.200000000000003
444,0.00024628639221191406,0.149,26.0
445,0.00029349327087402344,0.149,26.400000000000002
446,0.0004572868347167969,0.149,27.200000000000003
447,0.0004191398620605469,0.149,28.0
448,0.000446319580078125,0.149,28.400000000000002
449,0.00046539306640625,0.149,29.200000000000003
450,0.0004684925079345703,0.149,29.6
451,0.0004367828369140625,0.149,30.0
452,0.0004975795745849609,0.151,30.400000000000002
453,0.00045013427734375,0.151,31.200000000000003
454,0.0004508495330810547,0.153,31.6
455,0.00046324729919433594,0.153,31.6
456,0.0006949901580810547,0.153,32.0
457,0.0007686614990234375,0.155,32.4
458,0.0007276535034179688,0.155,32.4
459,0.0007138252258300781,0.157,32.800000000000004
460,0.0006039142608642578,0.162,32.800000000000004
461,0.0005600452423095703,0.16399999999999998,32.800000000000004
462,0.0004901885986328125,0.166,32.800000000000004
463,0.00046443939208984375,0.166,32.800000000000004
464,0.0002009868621826172,0.168,32.800000000000004
465,0.0005004405975341797,0.168,32.800000000000004
466,0.000152587890625,0.17,32.800000000000004
467,0.00022149085998535156,0.17,32.4
468,0.0005300045013427734,0.17,32.4
469,0.00013446807861328125,0.17,32.0
470,0.0001728534698486328,0.172,32.0
471,0.0005962848663330078,0.181,32.0
472,0.00029730796813964844,0.181,31.6
473,0.00046539306640625,0.181,31.6
474,0.000423431396484375,0.181,31.200000000000003
475,0.0004849433898925781,0.185,31.200000000000003
476,0.0004801750183105469,0.188,30.8
477,0.0005044937133789062,0.19,30.8
478,0.0004584789276123047,0.19,30.8
479,0.00045871734619140625,0.19,30.400000000000002
480,0.00019407272338867188,0.19,30.400000000000002
481,0.0004851818084716797,0.19,30.400000000000002
482,0.00045228004455566406,0.19,30.400000000000002
483,0.00045490264892578125,0.192,30.400000000000002
484,0.0004265308380126953,0.192,30.8
485,0.0008842945098876953,0.192,30.8
486,0.0006604194641113281,0.192,30.8
487,0.00048613548278808594,0.192,31.200000000000003
488,0.0004432201385498047,0.192,31.6
489,0.0004253387451171875,0.192,32.0
490,0.00048732757568359375,0.192,32.0
491,0.0005326271057128906,0.192,32.4
492,0.00014734268188476562,0.192,33.2
493,0.00014519691467285156,0.194,33.6
494,0.0005214214324951172,0.194,34.0
495,0.00044798851013183594,0.194,34.4
496,0.0004603862762451172,0.194,35.2
497,0.00042748451232910156,0.194,35.6
498,0.0002474784851074219,0.194,36.4
499,0.0004050731658935547,0.194,36.800000000000004
500,0.0004379749298095703,0.194,37.6
501,0.0004112720489501953,0.194,38.0
502,0.0004417896270751953,0.194,38.800000000000004
503,0.0001506805419921875,0.194,39.2
504,0.00047087669372558594,0.194,40.0
505,0.0004680156707763672,0.194,40.800000000000004
506,0.0001399517059326172,0.194,41.2
507,0.0004162788391113281,0.194,41.6
508,0.00047397613525390625,0.194,42.400000000000006
509,0.0004596710205078125,0.194,42.800000000000004
510,0.00054168701171875,0.194,43.2
511,0.00047278404235839844,0.194,44.0
512,0.0004830360412597656,0.194,44.400000000000006
513,0.0014286041259765625,0.194,44.800000000000004
514,0.0007345676422119141,0.194,45.2
515,0.0006034374237060547,0.194,45.6
516,0.00048732757568359375,0.192,45.6
517,0.00044608116149902344,0.19,46.0
518,0.00042510032653808594,0.181,46.0
519,0.00022101402282714844,0.16399999999999998,46.400000000000006
520,0.00014638900756835938,0.151,46.400000000000006
521,0.0001513957977294922,0.14400000000000002,46.400000000000006
522,0.00019812583923339844,0.14,46.400000000000006
523,0.0003361701965332031,0.136,46.400000000000006
524,0.00040721893310546875,0.136,46.400000000000006
525,0.0002884864807128906,0.136,46.400000000000006
526,0.00046753883361816406,0.136,46.0
527,0.00043463706970214844,0.131,45.6
528,0.00045180320739746094,0.125,44.800000000000004
529,0.0004227161407470703,0.116,44.400000000000006
530,0.0004470348358154297,0.112,43.6
531,0.0002148151397705078,0.108,42.400000000000006
532,0.00015854835510253906,0.101,41.2
533,0.00018095970153808594,0.101,40.0
534,0.00012755393981933594,0.101,38.800000000000004
535,0.0002536773681640625,0.101,37.2
536,0.0004527568817138672,0.101,35.6
537,0.0008375644683837891,0.101,34.0
538,0.00045490264892578125,0.101,32.0
539,0.001028299331665039,0.101,30.400000000000002
540,0.0006847381591796875,0.101,28.0
541,0.0017702579498291016,0.101,26.0
542,0.0008525848388671875,0.101,24.0
543,0.0008587837219238281,0.101,21.6
544,0.0006823539733886719,0.101,19.200000000000003
545,0.0008139610290527344,0.101,16.8
546,0.0016820430755615234,0.101,14.4
547,0.0007331371307373047,0.101,12.0
548,0.0017611980438232422,0.101,10.0
549,0.0006732940673828125,0.101,7.6000000000000005
550,0.0020685195922851562,0.101,5.6000000000000005
551,0.0005025863647460938,0.101,3.2
552,0.0004260540008544922,0.101,1.2000000000000002
553,0.0004665851593017578,0.101,-0.4
554,0.0004355907440185547,0.101,-2.4000000000000004
555,0.00020599365234375,0.101,-4.0
556,0.0002529621124267578,0.101,-5.2
557,0.00015091896057128906,0.101,-6.800000000000001
558,0.00015091896057128906,0.101,-6.800000000000001
559,0.00015926361083984375,0.101,-7.6000000000000005
560,0.00016736984252929688,0.101,-8.8
561,0.0002028942108154297,0.101,-9.200000000000001
562,0.0003299713134765625,0.101,-10.0
563,0.0003070831298828125,0.101,-10.0
564,0.0004940032958984375,0.101,-10.4
565,0.0004458427429199219,0.101,-10.0
566,0.0005013942718505859,0.101,-10.0
567,0.0003452301025390625,0.101,-9.600000000000001
568,0.00022149085998535156,0.101,-8.8
569,0.0005319118499755859,0.101,-8.0
570,0.00013875961303710938,0.101,-6.800000000000001
571,0.00044035911560058594,0.101,-5.6000000000000005
572,0.0001277923583984375,0.101,-4.4
573,0.0003948211669921875,0.101,-2.8000000000000003
574,0.0006237030029296875,0.101,-1.2000000000000002
575,0.0008814334869384766,0.101,0.8
576,0.0005495548248291016,0.101,2.4000000000000004
577,0.0006620883941650391,0.101,4.4
578,0.0017027854919433594,0.101,6.4
579,0.0013592243194580078,0.101,8.8
580,0.0003955364227294922,0.101,10.8
581,0.0004913806915283203,0.101,12.8
582,0.0004470348358154297,0.101,15.200000000000001
583,0.0004367828369140625,0.101,17.2
584,0.00021767616271972656,0.101,19.200000000000003
585,0.00019431114196777344,0.101,21.6
586,0.00016045570373535156,0.101,23.6
587,0.0005145072937011719,0.101,25.200000000000003
588,0.00017690658569335938,0.101,27.200000000000003
589,0.000179290771484375,0.101,28.8
590,0.000469207763671875,0.101,30.400000000000002
591,0.0004189014434814453,0.101,32.0
592,0.0004298686981201172,0.101,33.6
593,0.0004100799560546875,0.101,34.800000000000004
594,0.00041985511779785156,0.101,35.6
595,0.0004260540008544922,0.101,36.800000000000004
596,0.0002434253692626953,0.101,37.6
597,0.00048089027404785156,0.101,38.0
598,0.00019884109497070312,0.101,38.400000000000006
599,0.0001862049102783203,0.101,38.800000000000004
600,0.00024771690368652344,0.101,38.800000000000004
601,0.0002505779266357422,0.101,38.800000000000004
602,0.00015425682067871094,0.101,38.400000000000006
603,0.00017786026000976562,0.101,38.0
604,0.00015163421630859375,0.101,37.2
605,0.0002758502960205078,0.101,36.800000000000004
606,0.0001232624053955078,0.101,35.6
607,0.00020551681518554688,0.101,34.800000000000004
608,0.00027823448181152344,0.101,33.6
609,0.00034356117248535156,0.101,32.0
610,0.0003681182861328125,0.101,30.8
611,0.0003743171691894531,0.101,29.200000000000003
612,0.00037097930908203125,0.101,27.6
613,0.00037598609924316406,0.101,25.6
614,0.00048804283142089844,0.101,24.0
615,0.00045609474182128906,0.101,22.0
616,0.0004355907440185547,0.101,20.0
617,0.0004515647888183594,0.101,18.0
618,0.0004229545593261719,0.101,16.400000000000002
619,0.00041747093200683594,0.101,14.4
620,0.0004189014434814453,0.101,12.4
621,0.0004210472106933594,0.101,10.4
622,0.00051116943359375,0.101,8.4
623,0.00047087669372558594,0.101,6.800000000000001
624,0.00030422210693359375,0.101,4.800000000000001
625,0.0004684925079345703,0.101,3.2
626,0.0004420280456542969,0.101,1.6
627,0.00046825408935546875,0.101,0.4
628,0.00047707557678222656,0.101,-1.2000000000000002
629,0.0016658306121826172,0.101,-2.4000000000000004
630,0.0004718303680419922,0.101,-3.2
631,0.0012736320495605469,0.101,-4.0
632,0.0005996227264404297,0.101,-4.800000000000001
633,0.0005731582641601562,0.101,-5.6000000000000005
634,0.00036072731018066406,0.101,-6.0
635,0.00027751922607421875,0.101,-6.0
636,0.0004901885986328125,0.101,-6.4
637,0.0004405975341796875,0.101,-6.0
638,0.0003635883331298828,0.101,-6.0
639,0.0003921985626220703,0.101,-5.2
640,0.00014853477478027344,0.101,-4.800000000000001
641,0.00015497207641601562,0.101,-4.0
642,0.00015664100646972656,0.101,-3.2
643,0.0004684925079345703,0.101,-2.0
644,0.0004410743713378906,0.101,-1.2000000000000002
645,0.0004260540008544922,0.101,0.4
646,0.00042176246643066406,0.101,1.6
647,0.0004532337188720703,0.101,3.2
648,0.0004203319549560547,0.101,4.800000000000001
649,0.0004324913024902344,0.101,6.4
650,0.000232696533203125,0.101,8.0
651,0.0004851818084716797,0.101,10.0
652,0.0005116462707519531,0.101,11.600000000000001
653,0.00014519691467285156,0.101,13.200000000000001
654,0.0005877017974853516,0.101,15.200000000000001
655,0.0003020763397216797,0.101,16.8
656,0.0004572868347167969,0.101,18.8
657,0.0004620552062988281,0.101,20.400000000000002
658,0.0007412433624267578,0.103,22.0
659,0.0005238056182861328,0.106,23.6
660,0.0020444393157958984,0.108,25.200000000000003
661,0.00031948089599609375,0.108,26.8
662,0.0004878044128417969,0.11,28.0
663,0.0002803802490234375,0.11,29.200000000000003
664,0.0004825592041015625,0.11,30.400000000000002
665,0.0003867149353027344,0.11,31.200000000000003
666,0.0003039836883544922,0.11,32.4
667,0.0001468658447265625,0.11,33.2
668,0.00012993812561035156,0.11,33.6
669,0.00016760826110839844,0.11,34.0
670,0.0004546642303466797,0.11,34.4
671,0.0004324913024902344,0.11,34.800000000000004
672,0.0004239082336425781,0.112,34.800000000000004
673,0.0004191398620605469,0.112,34.800000000000004
674,0.00044155120849609375,0.112,34.800000000000004
675,0.0004379749298095703,0.114,34.4
676,0.0004291534423828125,0.114,34.0
677,0.0003604888916015625,0.114,33.6
678,0.00017762184143066406,0.114,32.800000000000004
679,0.0005571842193603516,0.114,32.0
680,0.00023412704467773438,0.114,31.200000000000003
681,0.00046563148498535156,0.114,30.0
682,0.0004837512969970703,0.114,29.200000000000003
683,0.00047087669372558594,0.114,28.0
684,0.0005502700805664062,0.114,26.8
685,0.001092672348022461,0.114,25.6
686,0.0006670951843261719,0.114,24.0
687,0.0009613037109375,0.114,22.8
688,0.00034880638122558594,0.114,21.6
689,0.0002765655517578125,0.114,20.0
690,0.0005202293395996094,0.114,18.400000000000002
691,0.0004496574401855469,0.114,17.2
692,0.0004780292510986328,0.112,15.600000000000001
693,0.0004851818084716797,0.108,14.4
694,0.0004711151123046875,0.106,13.200000000000001
695,0.0004718303680419922,0.103,11.600000000000001
696,0.00035500526428222656,0.101,10.4
697,0.0004839897155761719,0.097,9.200000000000001
698,0.00044727325439453125,0.097,8.0
699,0.0004379749298095703,0.097,7.2
700,0.00042176246643066406,0.097,6.0
701,0.0004246234893798828,0.097,5.2
702,0.0004127025604248047,0.097,4.4
703,0.00042319297790527344,0.097,3.6
704,0.0004489421844482422,0.097,3.2
705,0.00047779083251953125,0.097,2.4000000000000004
706,0.0001747608184814453,0.097,2.0
707,0.0003304481506347656,0.097,1.6
708,0.000446319580078125,0.097,1.6
709,0.00044846534729003906,0.097,1.2000000000000002
710,0.0010464191436767578,0.097,1.2000000000000002
711,0.0004627704620361328,0.097,1.6
712,0.0011916160583496094,0.097,1.6
713,0.0004699230194091797,0.097,2.0
714,0.001573324203491211,0.097,2.4000000000000004
715,0.0005552768707275391,0.097,2.8000000000000003
716,0.00046634674072265625,0.097,3.2
717,0.00046634674072265625,0.097,3.2
718,0.00046825408935546875,0.097,4.0
719,0.0006704330444335938,0.097,4.800000000000001
720,0.0004382133483886719,0.097,5.6000000000000005
721,0.00048661231994628906,0.097,6.4
722,0.0005023479461669922,0.097,7.2
723,0.0008614063262939453,0.099,8.0
724,0.0005266666412353516,0.101,9.200000000000001
725,0.0018379688262939453,0.106,10.0
726,0.0007045269012451172,0.106,11.200000000000001
727,0.001623392105102539,0.108,12.4
728,0.0006470680236816406,0.108,13.200000000000001
729,0.001066446304321289,0.11,14.4
730,0.0008287429809570312,0.119,15.600000000000001
731,0.00036907196044921875,0.127,16.400000000000002
732,0.0013463497161865234,0.134,17.6
733,0.0003485679626464844,0.136,18.400000000000002
734,0.0004699230194091797,0.14,19.6
735,0.0005919933319091797,0.142,20.400000000000002
736,0.0005376338958740234,0.147,21.6
737,0.0004932880401611328,0.149,22.400000000000002
738,0.0013108253479003906,0.151,23.200000000000003
739,0.0006253719329833984,0.151,24.0
740,0.0018281936645507812,0.151,24.8
741,0.0008537769317626953,0.151,25.6
742,0.001455545425415039,0.151,26.400000000000002
743,0.0010046958923339844,0.151,27.200000000000003
744,0.0015361309051513672,0.151,28.0
745,0.0015726089477539062,0.155,28.400000000000002
746,0.001852273941040039,0.155,29.200000000000003
747,0.0007236003875732422,0.155,30.0
748,0.0017628669738769531,0.155,30.400000000000002
749,0.0012733936309814453,0.155,31.200000000000003
750,0.001539468765258789,0.155,31.6
751,0.001119852066040039,0.155,32.0
752,0.0004673004150390625,0.155,32.4
753,0.0016980171203613281,0.155,32.800000000000004
754,0.002901792526245117,0.155,33.2
755,0.0013010501861572266,0.155,33.6
756,0.0007472038269042969,0.155,34.0
757,0.0003581047058105469,0.155,34.0
758,0.0015435218811035156,0.155,34.4
759,0.0022437572479248047,0.155,34.4
760,0.0029523372650146484,0.155,34.4
761,0.0012097358703613281,0.155,34.4
762,0.002896547317504883,0.155,34.4
763,0.0006070137023925781,0.155,34.4
764,0.0007622241973876953,0.157,34.4
765,0.0007121562957763672,0.162,34.0
766,0.0015223026275634766,0.168,34.0
767,0.0012030601501464844,0.17,33.6
768,0.0018723011016845703,0.17,33.2
769,0.0024154186248779297,0.175,32.800000000000004
770,0.00036644935607910156,0.175,32.4
771,0.001443624496459961,0.175,32.0
772,0.0018076896667480469,0.175,31.6
773,0.0016438961029052734,0.179,31.200000000000003
774,0.00040340423583984375,0.179,30.8
775,0.0005950927734375,0.179,30.400000000000002
776,0.0007452964782714844,0.181,30.0
777,0.002070903778076172,0.183,29.6
778,0.0013797283172607422,0.183,29.200000000000003
779,0.0005140304565429688,0.185,28.8
780,0.0007967948913574219,0.185,28.400000000000002
781,0.0012407302856445312,0.185,28.400000000000002
782,0.001436471939086914,0.185,28.0
783,0.000985860824584961,0.185,28.0
784,0.0008738040924072266,0.185,27.6
785,0.0012967586517333984,0.19,27.6
786,0.0027458667755126953,0.19,27.6
787,0.0005419254302978516,0.19,27.6
788,0.0005035400390625,0.19,27.6
789,0.0010590553283691406,0.194,28.0
790,0.001313924789428711,0.194,28.0
791,0.0017282962799072266,0.194,28.400000000000002
792,0.0012099742889404297,0.196,28.8
793,0.0017597675323486328,0.198,29.200000000000003
794,0.00046515464782714844,0.198,29.6
795,0.0010266304016113281,0.198,30.0
796,0.0033767223358154297,0.2,30.400000000000002
797,0.00046133995056152344,0.203,31.200000000000003
798,0.0005955696105957031,0.203,32.0
799,0.0022215843200683594,0.203,32.4
800,0.0005362033843994141,0.205,33.2
801,0.0017554759979248047,0.211,34.0
802,0.0009579658508300781,0.21600000000000005,34.800000000000004
803,0.0029098987579345703,0.21600000000000005,35.6
804,0.001691579818725586,0.21600000000000005,36.4
805,0.0015239715576171875,0.218,37.6
806,0.0022344589233398438,0.22,38.400000000000006
807,0.0011548995971679688,0.22,39.2
808,0.003038167953491211,0.22,40.400000000000006
809,0.002599477767944336,0.22,41.2
810,0.0010275840759277344,0.22,42.400000000000006
811,0.0024433135986328125,0.21600000000000005,43.6
812,0.0006377696990966797,0.211,44.400000000000006
813,0.00176239013671875,0.188,45.6
814,0.0011167526245117188,0.172,46.800000000000004
815,0.0007517337799072266,0.157,48.0
816,0.0015938282012939453,0.153,49.2
817,0.0006470680236816406,0.153,50.0
818,0.0002562999725341797,0.149,51.2
819,0.0004405975341796875,0.147,52.0
820,0.0012102127075195312,0.14400000000000002,52.800000000000004
821,0.001529693603515625,0.14400000000000002,53.6
822,0.003977775573730469,0.14400000000000002,54.400000000000006
823,0.0010106563568115234,0.14400000000000002,54.800000000000004
824,0.002071857452392578,0.14400000000000002,54.800000000000004
825,0.0017309188842773438,0.14400000000000002,54.800000000000004
826,0.001934051513671875,0.14400000000000002,54.800000000000004
827,0.0025568008422851562,0.14400000000000002,54.400000000000006
828,0.002152681350708008,0.14400000000000002,54.0
829,0.0008246898651123047,0.14400000000000002,53.2
830,0.0009431838989257812,0.14400000000000002,52.400000000000006
831,0.0010788440704345703,0.14400000000000002,51.6
832,0.0025396347045898438,0.14400000000000002,50.400000000000006
833,0.0007433891296386719,0.14400000000000002,48.800000000000004
834,0.000637054443359375,0.14400000000000002,47.6
835,0.0009000301361083984,0.14400000000000002,45.6
836,0.001363992691040039,0.14400000000000002,44.0
837,0.0009741783142089844,0.14400000000000002,42.0
838,0.0015048980712890625,0.14400000000000002,40.0
839,0.002293825149536133,0.14400000000000002,38.0
840,0.0014524459838867188,0.14400000000000002,35.6
841,0.0014269351959228516,0.14400000000000002,33.6
842,0.0017948150634765625,0.14400000000000002,31.200000000000003
843,0.0017390251159667969,0.14400000000000002,28.8
844,0.00048160552978515625,0.14400000000000002,26.400000000000002
845,0.002190828323364258,0.14400000000000002,24.0
846,0.0016543865203857422,0.14400000000000002,21.6
847,0.0005543231964111328,0.14400000000000002,19.6
848,0.000518798828125,0.14400000000000002,17.2
849,0.0014390945434570312,0.14400000000000002,14.8
850,0.001628875732421875,0.14400000000000002,12.8
851,0.0011692047119140625,0.14400000000000002,10.8
852,0.0005917549133300781,0.14400000000000002,8.8
853,0.0010008811950683594,0.14400000000000002,6.800000000000001
854,0.001476287841796875,0.14400000000000002,5.2
855,0.0029942989349365234,0.14400000000000002,3.6
856,0.0018470287322998047,0.14400000000000002,2.4000000000000004
857,0.0006475448608398438,0.14400000000000002,1.2000000000000002
858,0.00060272216796875,0.147,0.4
859,0.0008029937744140625,0.151,-0.4
860,0.001245260238647461,0.151,-1.2000000000000002
861,0.0007293224334716797,0.151,-1.6
862,0.0021753311157226562,0.151,-1.6
863,0.0007731914520263672,0.153,-1.6
864,0.0005593299865722656,0.155,-1.6
865,0.0004436969757080078,0.155,-1.2000000000000002
866,0.0007479190826416016,0.155,-0.4
867,0.0007660388946533203,0.155,0.4
868,0.001020669937133789,0.155,1.2000000000000002
869,0.0019047260284423828,0.155,2.4000000000000004
870,0.0013396739959716797,0.157,4.0
871,0.0013527870178222656,0.157,5.6000000000000005
872,0.0011937618255615234,0.157,7.2
873,0.0005917549133300781,0.157,8.8
874,0.0006492137908935547,0.157,10.8
875,0.0019118785858154297,0.157,12.8
876,0.0035400390625,0.157,15.200000000000001
877,0.0035400390625,0.157,15.200000000000001
878,0.0002722740173339844,0.157,17.2
879,0.0005750656127929688,0.157,19.6
880,0.0008580684661865234,0.157,22.0
881,0.0016853809356689453,0.157,24.400000000000002
882,0.0026679039001464844,0.157,26.8
883,0.002454519271850586,0.157,29.200000000000003
884,0.0004715919494628906,0.157,31.6
885,0.00051116943359375,0.157,33.6
886,0.0015499591827392578,0.157,36.0
887,0.001308441162109375,0.157,38.0
888,0.0019800662994384766,0.157,40.400000000000006
889,0.0012044906616210938,0.157,42.400000000000006
890,0.0008635520935058594,0.157,44.0
891,0.0018463134765625,0.157,46.0
892,0.0009627342224121094,0.157,47.6
893,0.0013937950134277344,0.157,48.800000000000004
894,0.0009560585021972656,0.157,50.400000000000006
895,0.00044345855712890625,0.157,51.2
896,0.000598907470703125,0.157,52.400000000000006
897,0.0004611015319824219,0.157,53.2
898,0.0008518695831298828,0.157,54.0
899,0.0011258125305175781,0.157,54.400000000000006
900,0.002058267593383789,0.157,54.800000000000004
901,0.0009515285491943359,0.157,54.800000000000004
902,0.0013267993927001953,0.155,55.2
903,0.002221345901489258,0.155,54.800000000000004
904,0.0019447803497314453,0.155,54.400000000000006
905,0.0015404224395751953,0.155,54.0
906,0.0008127689361572266,0.155,53.2
907,0.0008261203765869141,0.155,52.800000000000004
908,0.0007774829864501953,0.155,51.6
909,0.0010571479797363281,0.155,50.400000000000006
910,0.0014503002166748047,0.155,49.2
911,0.0008828639984130859,0.153,48.0
912,0.0031528472900390625,0.153,46.400000000000006
913,0.0009005069732666016,0.153,44.800000000000004
914,0.0019526481628417969,0.153,43.2
915,0.0008883476257324219,0.153,41.2
916,0.0021848678588867188,0.153,39.6
917,0.0005040168762207031,0.153,37.6
918,0.00033020973205566406,0.153,35.6
919,0.0005321502685546875,0.153,33.6
920,0.004143714904785156,0.153,31.200000000000003
921,0.0007627010345458984,0.153,29.200000000000003
922,0.0005335807800292969,0.153,27.200000000000003
923,0.0016176700592041016,0.153,24.8
924,0.0027801990509033203,0.153,22.8
925,0.0013663768768310547,0.153,20.8
926,0.0008974075317382812,0.153,18.8
927,0.0011339187622070312,0.153,16.8
928,0.0006322860717773438,0.153,15.200000000000001
929,0.0008361339569091797,0.153,13.200000000000001
930,0.0023114681243896484,0.153,11.600000000000001
931,0.0016167163848876953,0.153,10.0
932,0.0006215572357177734,0.153,8.8
933,0.0015025138854980469,0.153,7.6000000000000005
934,0.0010399818420410156,0.153,6.4
935,0.002604961395263672,0.153,5.6000000000000005
936,0.0009567737579345703,0.153,4.800000000000001
937,0.001352071762084961,0.153,4.0
938,0.00040149688720703125,0.153,3.6
939,0.0006430149078369141,0.153,3.6
940,0.0009670257568359375,0.153,3.6
941,0.0010688304901123047,0.153,3.6
942,0.0020766258239746094,0.153,4.0
943,0.0015134811401367188,0.153,4.4
944,0.00077056884765625,0.153,4.800000000000001
945,0.0009255409240722656,0.153,5.6000000000000005
946,0.001018524169921875,0.153,6.800000000000001
947,0.0014536380767822266,0.153,8.0
948,0.0015099048614501953,0.153,9.200000000000001
949,0.0018956661224365234,0.153,10.4
950,0.0007007122039794922,0.153,12.0
951,0.0006034374237060547,0.153,13.600000000000001
952,0.001367807388305664,0.153,15.200000000000001
953,0.0014309883117675781,0.153,16.8
954,0.0018837451934814453,0.153,18.400000000000002
955,0.0011107921600341797,0.153,20.400000000000002
956,0.0030922889709472656,0.153,22.400000000000002
957,0.001958608627319336,0.153,24.0
958,0.0035691261291503906,0.153,26.0
959,0.0020024776458740234,0.153,28.0
960,0.0007233619689941406,0.153,29.6
961,0.0008418560028076172,0.153,31.6
962,0.0013289451599121094,0.153,33.2
963,0.001117706298828125,0.153,34.800000000000004
964,0.0015270709991455078,0.153,36.4
965,0.0006194114685058594,0.153,38.0
966,0.0021042823791503906,0.153,39.6
967,0.0016484260559082031,0.153,40.800000000000004
968,0.0012459754943847656,0.153,42.0
969,0.0004315376281738281,0.153,43.2
970,0.0002472400665283203,0.153,44.0
971,0.0005326271057128906,0.153,45.2
972,0.00044798851013183594,0.153,45.6
973,0.0005750656127929688,0.153,46.400000000000006
974,0.0007443428039550781,0.153,46.800000000000004
975,0.0022258758544921875,0.153,47.2
976,0.0007576942443847656,0.153,47.2
977,0.0003132820129394531,0.153,47.2
978,0.0002357959747314453,0.153,47.2
979,0.0006368160247802734,0.153,47.2
980,0.0019063949584960938,0.153,46.800000000000004
981,0.0006301403045654297,0.153,46.400000000000006
982,0.00047707557678222656,0.153,45.6
983,0.00047087669372558594,0.153,44.800000000000004
984,0.0012581348419189453,0.153,44.0
985,0.002322673797607422,0.153,43.2
986,0.001651763916015625,0.153,42.0
987,0.0019288063049316406,0.153,40.800000000000004
988,0.0009777545928955078,0.153,39.6
989,0.0022156238555908203,0.153,38.400000000000006
990,0.0021288394927978516,0.153,36.800000000000004
991,0.0019245147705078125,0.153,35.2
992,0.0014793872833251953,0.153,34.0
993,0.0016586780548095703,0.153,32.4
994,0.001130819320678711,0.153,30.8
995,0.0005385875701904297,0.153,29.200000000000003
996,0.0011582374572753906,0.153,27.6
997,0.0014374256134033203,0.153,26.0
998,0.0018360614776611328,0.153,24.400000000000002
999,0.0009469985961914062,0.153,22.8
1000,0.0005164146423339844,0.153,21.200000000000003
1001,0.0016222000122070312,0.153,19.6
1002,0.0017428398132324219,0.153,18.400000000000002
1003,0.002082347869873047,0.153,16.8
1004,0.0013735294342041016,0.153,15.600000000000001
1005,0.0027670860290527344,0.153,14.4
1006,0.0010504722595214844,0.153,13.600000000000001
1007,0.002439737319946289,0.153,12.4
1008,0.0017430782318115234,0.153,11.600000000000001
1009,0.0016121864318847656,0.153,10.8
1010,0.0016949176788330078,0.153,10.4
1011,0.001695394515991211,0.153,10.0
1012,0.0008237361907958984,0.153,9.600000000000001
1013,0.0005395412445068359,0.153,9.200000000000001
1014,0.0005395412445068359,0.153,9.200000000000001
1015,0.0006453990936279297,0.153,9.200000000000001
1016,0.0007526874542236328,0.153,9.200000000000001
1017,0.0005702972412109375,0.153,9.600000000000001
1018,0.0016553401947021484,0.153,9.600000000000001
1019,0.002360105514526367,0.153,10.0
1020,0.0018362998962402344,0.153,10.8
1021,0.0011277198791503906,0.153,11.200000000000001
1022,0.002290010452270508,0.153,12.0
1023,0.0016503334045410156,0.153,12.8
1024,0.0016665458679199219,0.153,14.0
1025,0.0016274452209472656,0.153,14.8
1026,0.0017123222351074219,0.153,16.0
1027,0.004184246063232422,0.153,17.2
1028,0.0024459362030029297,0.153,18.400000000000002
1029,0.0011546611785888672,0.153,20.0
1030,0.0017690658569335938,0.153,21.200000000000003
1031,0.001611948013305664,0.153,22.400000000000002
1032,0.0019440650939941406,0.153,24.0
1033,0.0004763603210449219,0.153,25.200000000000003
1034,0.0026824474334716797,0.153,26.8
1035,0.0004105567932128906,0.153,28.0
1036,0.0009043216705322266,0.153,29.200000000000003
1037,0.0022187232971191406,0.153,30.8
1038,0.0011153221130371094,0.153,32.0
1039,0.0026998519897460938,0.153,33.2
1040,0.0008268356323242188,0.153,34.4
1041,0.0014693737030029297,0.153,35.6
1042,0.001092672348022461,0.153,36.4
1043,0.0018069744110107422,0.153,37.6
1044,0.0029256343841552734,0.153,38.400000000000006
1045,0.0021543502807617188,0.153,39.2
1046,0.0015990734100341797,0.153,39.6
1047,0.0012428760528564453,0.153,40.400000000000006
1048,0.0014033317565917969,0.153,40.800000000000004
1049,0.0006079673767089844,0.153,41.2
1050,0.0026154518127441406,0.153,41.6
1051,0.001451730728149414,0.153,41.6
1052,0.0008909702301025391,0.153,41.6
1053,0.001705169677734375,0.153,41.6
1054,0.0017576217651367188,0.153,41.6
1055,0.001148223876953125,0.153,41.2
1056,0.0030281543731689453,0.153,40.800000000000004
1057,0.0018091201782226562,0.153,40.400000000000006
1058,0.0015206336975097656,0.153,40.0
1059,0.000522613525390625,0.153,39.2
1060,0.0005965232849121094,0.153,38.800000000000004
1061,0.0007374286651611328,0.153,38.0
1062,0.0012865066528320312,0.153,36.800000000000004
1063,0.0014696121215820312,0.153,36.0
1064,0.0022859573364257812,0.153,35.2
1065,0.0004029273986816406,0.153,34.0
1066,0.0023834705352783203,0.153,32.800000000000004
1067,0.001558065414428711,0.153,32.0
1068,0.0021903514862060547,0.153,30.8
1069,0.0005669593811035156,0.153,29.6
1070,0.003457784652709961,0.153,28.400000000000002
1071,0.004645109176635742,0.153,27.200000000000003
1072,0.002718210220336914,0.153,26.0
1073,0.001127004623413086,0.153,24.8
1074,0.0015654563903808594,0.153,23.6
1075,0.001592397689819336,0.153,22.400000000000002
1076,0.0019102096557617188,0.153,21.6
1077,0.0005576610565185547,0.153,20.400000000000002
1078,0.003143787384033203,0.153,19.6
1079,0.0017995834350585938,0.153,18.400000000000002
1080,0.0010609626770019531,0.153,17.6
1081,0.0030574798583984375,0.153,16.8
1082,0.0010347366333007812,0.153,16.400000000000002
1083,0.0006077289581298828,0.153,15.600000000000001
1084,0.0008344650268554688,0.153,15.200000000000001
1085,0.0012745857238769531,0.153,14.8
1086,0.0016019344329833984,0.153,14.4
1087,0.0014846324920654297,0.153,14.0
1088,0.0016143321990966797,0.153,14.0
1089,0.0014998912811279297,0.153,14.0
1090,0.0015151500701904297,0.153,14.0
1091,0.0014352798461914062,0.153,14.0
1092,0.0020904541015625,0.153,14.4
1093,0.0024068355560302734,0.153,14.8
1094,0.000978231430053711,0.153,15.200000000000001
1095,0.0005595684051513672,0.153,15.600000000000001
1096,0.0011627674102783203,0.153,16.0
1097,0.0017380714416503906,0.153,16.8
1098,0.0015606880187988281,0.153,17.6
1099,0.00026917457580566406,0.153,18.400000000000002
1100,0.0005755424499511719,0.153,19.200000000000003
1101,0.0017764568328857422,0.153,20.0
1102,0.0012297630310058594,0.153,20.8
1103,0.0026025772094726562,0.153,22.0
1104,0.0004687309265136719,0.153,22.8
1105,0.000446319580078125,0.153,24.0
1106,0.002001047134399414,0.153,24.8
1107,0.0006780624389648438,0.153,26.0
1108,0.00116729736328125,0.153,26.8
1109,0.0008146762847900391,0.153,28.0
1110,0.0014214515686035156,0.153,28.8
1111,0.001531839370727539,0.153,30.0
1112,0.0015447139739990234,0.153,30.8
1113,0.0014493465423583984,0.153,31.6
1114,0.0015835762023925781,0.153,32.4
1115,0.0005929470062255859,0.153,33.2
1116,0.003005504608154297,0.153,34.0
1117,0.0013875961303710938,0.153,34.800000000000004
1118,0.002012014389038086,0.149,35.2
1119,0.000579833984375,0.149,36.0
1120,0.0008308887481689453,0.147,36.4
1121,0.0032854080200195312,0.14400000000000002,36.800000000000004
1122,0.0005249977111816406,0.14400000000000002,37.2
1123,0.0007078647613525391,0.142,37.2
1124,0.0005159378051757812,0.142,37.6
1125,0.00026106834411621094,0.14,37.6
1126,0.0004284381866455078,0.136,37.6
1127,0.0004925727844238281,0.136,37.2
1128,0.0006084442138671875,0.136,37.2
1129,0.0007159709930419922,0.136,36.800000000000004
1130,0.0015676021575927734,0.136,36.4
1131,0.0007510185241699219,0.136,36.0
1132,0.0004131793975830078,0.136,35.6
1133,0.0008459091186523438,0.136,34.800000000000004
1134,0.0005183219909667969,0.136,34.0
1135,0.003978252410888672,0.136,33.2
1136,0.0005583763122558594,0.136,32.4
1137,0.0009853839874267578,0.136,31.200000000000003
1138,0.0005276203155517578,0.136,30.400000000000002
1139,0.0006508827209472656,0.136,29.200000000000003
1140,0.0017075538635253906,0.136,28.0
1141,0.0017786026000976562,0.136,26.8
1142,0.0006120204925537109,0.136,25.6
1143,0.001561880111694336,0.136,24.400000000000002
1144,0.0003814697265625,0.136,23.200000000000003
1145,0.0024156570434570312,0.136,22.0
1146,0.000881195068359375,0.136,20.8
1147,0.0010876655578613281,0.136,19.6
1148,0.0005071163177490234,0.136,18.400000000000002
1149,0.0007832050323486328,0.136,17.2
1150,0.0007140636444091797,0.136,16.0
1151,0.0017104148864746094,0.136,15.200000000000001
1152,0.001394033432006836,0.136,14.0
1153,0.001852273941040039,0.136,13.200000000000001
1154,0.0016329288482666016,0.136,12.4
1155,0.0019354820251464844,0.136,11.600000000000001
1156,0.0011415481567382812,0.136,10.8
1157,0.0024178028106689453,0.136,10.0
1158,0.0021164417266845703,0.136,9.600000000000001
1159,0.00025153160095214844,0.136,9.200000000000001
1160,0.0006392002105712891,0.136,8.8
1161,0.0008063316345214844,0.136,8.8
1162,0.0008232593536376953,0.136,8.8
1163,0.0019872188568115234,0.136,8.8
1164,0.0012707710266113281,0.136,8.8
1165,0.0012018680572509766,0.136,9.200000000000001
1166,0.0013871192932128906,0.136,9.200000000000001
1167,0.003118276596069336,0.136,9.600000000000001
1168,0.0016891956329345703,0.136,10.4
1169,0.0011878013610839844,0.136,10.8
1170,0.0028409957885742188,0.136,11.600000000000001
1171,0.0014984607696533203,0.136,12.4
1172,0.0014679431915283203,0.136,13.200000000000001
1173,0.0022864341735839844,0.136,14.0
1174,0.00112152099609375,0.136,14.8
1175,0.0017328262329101562,0.136,16.0
1176,0.001214742660522461,0.136,16.8
1177,0.0011675357818603516,0.136,18.0
1178,0.0017538070678710938,0.136,18.8
1179,0.0006740093231201172,0.136,20.0
1180,0.0006740093231201172,0.136,20.0
1181,0.0009915828704833984,0.136,21.200000000000003
1182,0.0007309913635253906,0.136,22.400000000000002
1183,0.003487110137939453,0.136,23.200000000000003
1184,0.0007917881011962891,0.136,24.400000000000002
1185,0.0014913082122802734,0.136,25.6
1186,0.0024161338806152344,0.136,26.400000000000002
1187,0.001543283462524414,0.136,27.6
1188,0.0018322467803955078,0.136,28.400000000000002
1189,0.0007123947143554688,0.136,29.200000000000003
1190,0.0012035369873046875,0.136,30.0
1191,0.0012891292572021484,0.136,30.8
1192,0.002915620803833008,0.136,31.6
1193,0.0007839202880859375,0.136,32.0
1194,0.0003523826599121094,0.136,32.800000000000004
1195,0.0022497177124023438,0.136,33.2
1196,0.0015339851379394531,0.136,33.6
1197,0.0023984909057617188,0.136,33.6
1198,0.0016036033630371094,0.136,34.0
1199,0.0007956027984619141,0.136,34.0
1200,0.0018429756164550781,0.138,34.0
1201,0.0014514923095703125,0.14,34.0
1202,0.003096342086791992,0.142,34.0
1203,0.001148223876953125,0.14400000000000002,33.6
1204,0.0005955696105957031,0.14400000000000002,33.2
1205,0.0017027854919433594,0.147,32.800000000000004
1206,0.0013921260833740234,0.147,32.4
1207,0.0019061565399169922,0.147,31.6
1208,0.0021572113037109375,0.147,31.200000000000003
1209,0.002550840377807617,0.147,30.400000000000002
1210,0.0019516944885253906,0.147,29.6
1211,0.002229928970336914,0.147,29.200000000000003
1212,0.0017466545104980469,0.149,28.400000000000002
1213,0.0010406970977783203,0.149,27.6
1214,0.0007653236389160156,0.151,26.8
1215,0.002784252166748047,0.151,25.6
1216,0.0023412704467773438,0.153,24.8
1217,0.002663135528564453,0.153,24.0
1218,0.0020079612731933594,0.157,23.200000000000003
1219,0.0005602836608886719,0.157,22.400000000000002
1220,0.0005626678466796875,0.157,21.6
1221,0.003020763397216797,0.157,21.200000000000003
1222,0.0025010108947753906,0.157,20.400000000000002
1223,0.0019218921661376953,0.157,19.6
1224,0.001020669937133789,0.157,19.200000000000003
1225,0.001111745834350586,0.157,18.8
1226,0.0006930828094482422,0.157,18.0
1227,0.0030641555786132812,0.157,18.0
1228,0.0015528202056884766,0.159,17.6
1229,0.002350330352783203,0.159,17.2
1230,0.0017361640930175781,0.159,17.2
1231,0.00153350830078125,0.159,17.2
1232,0.0011150836944580078,0.159,17.2
1233,0.0014247894287109375,0.159,17.2
1234,0.002554655075073242,0.159,17.6
1235,0.0017981529235839844,0.159,18.0
1236,0.003289937973022461,0.159,18.0
1237,0.0005180835723876953,0.159,18.8
1238,0.0006976127624511719,0.159,19.200000000000003
1239,0.0005304813385009766,0.159,19.6
1240,0.0005059242248535156,0.159,20.400000000000002
1241,0.0008378028869628906,0.159,20.8
1242,0.0005223751068115234,0.159,21.6
1243,0.0015411376953125,0.159,22.400000000000002
1244,0.0005559921264648438,0.159,23.200000000000003
1245,0.0016980171203613281,0.159,24.0
1246,0.002268552780151367,0.159,24.8
1247,0.00078582763671875,0.159,26.0
1248,0.0004863739013671875,0.159,26.8
1249,0.0012264251708984375,0.159,27.6
1250,0.0012314319610595703,0.159,28.400000000000002
1251,0.001749277114868164,0.159,29.200000000000003
1252,0.0019190311431884766,0.159,30.0
1253,0.0026061534881591797,0.159,30.8
1254,0.0019495487213134766,0.159,31.6
1255,0.0016810894012451172,0.159,32.4
1256,0.0012259483337402344,0.159,33.2
1257,0.0024123191833496094,0.159,34.0
1258,0.0007288455963134766,0.159,34.800000000000004
1259,0.0007643699645996094,0.159,35.2
1260,0.0026121139526367188,0.159,35.6
1261,0.0022056102752685547,0.162,36.4
1262,0.00171661376953125,0.16399999999999998,36.800000000000004
1263,0.0018570423126220703,0.16399999999999998,36.800000000000004
1264,0.0015835762023925781,0.16399999999999998,37.2
1265,0.0013473033905029297,0.166,37.6
1266,0.002095937728881836,0.166,37.6
1267,0.0005140304565429688,0.168,37.6
1268,0.0021181106567382812,0.168,37.6
1269,0.0006775856018066406,0.168,37.6
1270,0.00047206878662109375,0.168,37.6
1271,0.001190185546875,0.17,37.6
1272,0.001646280288696289,0.17,37.2
1273,0.0019500255584716797,0.17,37.2
1274,0.0019648075103759766,0.17,36.800000000000004
1275,0.0018274784088134766,0.17,36.4
1276,0.0017993450164794922,0.17,36.4
1277,0.0020418167114257812,0.17,36.0
1278,0.0027005672454833984,0.17,35.6
1279,0.0018801689147949219,0.17,35.2
1280,0.0006043910980224609,0.17,34.4
1281,0.0007045269012451172,0.17,34.0
1282,0.0015227794647216797,0.17,33.6
1283,0.0028586387634277344,0.17,33.2
1284,0.001668691635131836,0.17,32.800000000000004
1285,0.0009741783142089844,0.17,32.0
1286,0.0012431144714355469,0.17,31.6
1287,0.0017232894897460938,0.17,31.200000000000003
1288,0.0015642642974853516,0.17,30.0
1289,0.0008027553558349609,0.17,29.6
1290,0.0005855560302734375,0.16399999999999998,29.200000000000003
1291,0.000957489013671875,0.155,28.8
1292,0.0012140274047851562,0.151,28.400000000000002
1293,0.0026738643646240234,0.151,28.0
1294,0.0024285316467285156,0.147,27.6
1295,0.0017251968383789062,0.14,27.200000000000003
1296,0.0017185211181640625,0.14,26.8
1297,0.0016379356384277344,0.138,26.400000000000002
1298,0.002088785171508789,0.138,26.400000000000002
1299,0.0010406970977783203,0.138,26.0
1300,0.0002541542053222656,0.138,25.6
1301,0.0009961128234863281,0.138,25.200000000000003
1302,0.0007925033569335938,0.136,25.200000000000003
1303,0.0005908012390136719,0.134,24.8
1304,0.0017557144165039062,0.131,24.400000000000002
1305,0.0012969970703125,0.129,24.0
1306,0.001476287841796875,0.129,23.6
1307,0.002161264419555664,0.129,23.200000000000003
1308,0.002331972122192383,0.129,23.200000000000003
1309,0.0016646385192871094,0.129,22.8
1310,0.001861572265625,0.129,22.400000000000002
1311,0.0014269351959228516,0.129,22.0
1312,0.0014045238494873047,0.129,21.6
1313,0.0007755756378173828,0.129,21.200000000000003
1314,0.0005919933319091797,0.129,20.8
1315,0.0007512569427490234,0.129,20.400000000000002
1316,0.0015349388122558594,0.129,20.0
1317,0.0017261505126953125,0.129,19.6
1318,0.0016613006591796875,0.129,19.200000000000003
1319,0.0014581680297851562,0.131,18.8
1320,0.0015339851379394531,0.131,18.400000000000002
1321,0.0008265972137451172,0.131,18.400000000000002
1322,0.0021169185638427734,0.134,18.0
1323,0.00307464599609375,0.134,17.6
1324,0.0031371116638183594,0.134,17.2
1325,0.0031371116638183594,0.138,17.2
1326,0.0005586147308349609,0.138,17.2
1327,0.0007030963897705078,0.138,16.8
1328,0.0019521713256835938,0.138,16.8
1329,0.0014758110046386719,0.138,16.400000000000002
1330,0.0017671585083007812,0.138,16.400000000000002
1331,0.0014688968658447266,0.138,16.400000000000002
1332,0.0009968280792236328,0.142,16.400000000000002
1333,0.0013840198516845703,0.14400000000000002,16.400000000000002
1334,0.002492666244506836,0.14400000000000002,16.400000000000002
1335,0.0007834434509277344,0.14400000000000002,16.400000000000002
1336,0.0005028247833251953,0.14400000000000002,16.8
1337,0.00370025634765625,0.14400000000000002,16.8
1338,0.0005037784576416016,0.14400000000000002,17.2
1339,0.0005033016204833984,0.14400000000000002,17.2
1340,0.0004425048828125,0.14400000000000002,17.6
1341,0.0005784034729003906,0.14400000000000002,18.0
1342,0.002399921417236328,0.14400000000000002,18.400000000000002
1343,0.0016417503356933594,0.14400000000000002,18.8
1344,0.0018486976623535156,0.14400000000000002,19.6
1345,0.0014660358428955078,0.14400000000000002,20.0
1346,0.0007002353668212891,0.14400000000000002,20.400000000000002
1347,0.0006072521209716797,0.14400000000000002,21.200000000000003
1348,0.0010073184967041016,0.14400000000000002,21.6
1349,0.001211404800415039,0.14400000000000002,22.400000000000002
1350,0.002089262008666992,0.14400000000000002,22.8
1351,0.0012295246124267578,0.14400000000000002,23.6
1352,0.0007565021514892578,0.14400000000000002,24.400000000000002
1353,0.001065969467163086,0.14400000000000002,24.8
1354,0.0017676353454589844,0.14400000000000002,25.6
1355,0.0011816024780273438,0.14400000000000002,26.0
1356,0.0025529861450195312,0.14400000000000002,26.400000000000002
1357,0.003408670425415039,0.14400000000000002,27.200000000000003
1358,0.0008282661437988281,0.14400000000000002,27.6
1359,0.0012083053588867188,0.14400000000000002,28.0
1360,0.0005519390106201172,0.14400000000000002,28.400000000000002
1361,0.0027341842651367188,0.136,28.8
1362,0.0007252693176269531,0.127,29.200000000000003
1363,0.0012447834014892578,0.123,29.6
1364,0.0028264522552490234,0.119,30.0
1365,0.0015704631805419922,0.116,30.400000000000002
1366,0.002881288528442383,0.114,30.400000000000002
1367,0.0017733573913574219,0.112,30.400000000000002
1368,0.0006506443023681641,0.11,30.8
1369,0.0011205673217773438,0.108,30.8
1370,0.0010800361633300781,0.108,30.400000000000002
1371,0.0016231536865234375,0.108,30.400000000000002
1372,0.0018038749694824219,0.108,30.0
1373,0.0020666122436523438,0.103,29.6
1374,0.001988649368286133,0.103,29.200000000000003
1375,0.0016486644744873047,0.103,28.8
1376,0.001041412353515625,0.103,28.0
1377,0.001409292221069336,0.103,27.6
1378,0.0025954246520996094,0.103,26.8
1379,0.00044918060302734375,0.103,25.6
1380,0.0005991458892822266,0.103,24.8
1381,0.0006701946258544922,0.103,24.0
1382,0.0012664794921875,0.103,22.8
1383,0.0004038810729980469,0.103,21.6
1384,0.0005755424499511719,0.103,20.400000000000002
1385,0.00023102760314941406,0.103,19.200000000000003
1386,0.0006625652313232422,0.103,18.0
1387,0.002525806427001953,0.103,16.8
1388,0.002007007598876953,0.106,15.600000000000001
1389,0.0025026798248291016,0.108,14.4
1390,0.00033736228942871094,0.11,13.200000000000001
1391,0.00024962425231933594,0.11,12.0
1392,0.0005807876586914062,0.11,10.8
1393,0.0006880760192871094,0.114,9.600000000000001
1394,0.0005204677581787109,0.114,8.8
1395,0.0011570453643798828,0.114,7.6000000000000005
1396,0.0006208419799804688,0.116,6.800000000000001
1397,0.0010519027709960938,0.116,6.0
1398,0.0004973411560058594,0.116,5.2
1399,0.0008018016815185547,0.116,4.4
1400,0.0016505718231201172,0.121,4.0
1401,0.0005109310150146484,0.121,3.6
1402,0.0006511211395263672,0.121,3.2
1403,0.0008563995361328125,0.121,3.2
1404,0.0012791156768798828,0.123,2.8000000000000003
1405,0.001954317092895508,0.123,2.8000000000000003
1406,0.001055002212524414,0.123,3.2
1407,0.0009510517120361328,0.123,3.6
1408,0.0019290447235107422,0.123,4.0
1409,0.0015311241149902344,0.125,4.4
1410,0.0015544891357421875,0.125,4.800000000000001
1411,0.0019767284393310547,0.125,5.6000000000000005
1412,0.0024671554565429688,0.127,6.4
1413,0.002729177474975586,0.127,7.6000000000000005
1414,0.0007989406585693359,0.127,8.4
1415,0.0016779899597167969,0.127,9.600000000000001
1416,0.0018033981323242188,0.129,10.8
1417,0.0017762184143066406,0.129,12.0
1418,0.0017685890197753906,0.131,13.200000000000001
1419,0.0014743804931640625,0.134,14.4
1420,0.0005729198455810547,0.138,15.600000000000001
1421,0.0006961822509765625,0.14,17.2
1422,0.0015530586242675781,0.142,18.400000000000002
1423,0.0042629241943359375,0.142,20.0
1424,0.0009236335754394531,0.142,21.200000000000003
1425,0.0013501644134521484,0.142,22.8
1426,0.0024611949920654297,0.142,24.0
1427,0.0019352436065673828,0.142,25.6
1428,0.0015819072723388672,0.142,26.8
1429,0.0021147727966308594,0.142,28.0
1430,0.0014257431030273438,0.142,29.200000000000003
1431,0.0013327598571777344,0.142,30.400000000000002
1432,0.0028226375579833984,0.142,31.6
1433,0.0025534629821777344,0.142,32.4
1434,0.002338886260986328,0.142,33.6
1435,0.002524852752685547,0.142,34.4
1436,0.0003075599670410156,0.142,35.2
1437,0.0006020069122314453,0.142,36.0
1438,0.0007371902465820312,0.142,36.4
1439,0.0006170272827148438,0.142,37.2
1440,0.0004763603210449219,0.142,37.6
1441,0.0004744529724121094,0.138,38.0
1442,0.0009860992431640625,0.138,38.0
1443,0.0014259815216064453,0.134,38.0
1444,0.0015974044799804688,0.129,38.0
1445,0.0014872550964355469,0.129,38.0
1446,0.0040776729583740234,0.127,38.0
1447,0.0014369487762451172,0.123,37.6
1448,0.002330303192138672,0.123,37.2
1449,0.0006456375122070312,0.121,36.800000000000004
1450,0.0014193058013916016,0.119,36.0
1451,0.0010416507720947266,0.116,35.2
1452,0.0008106231689453125,0.112,34.4
1453,0.001176595687866211,0.112,33.6
1454,0.0016086101531982422,0.112,32.800000000000004
1455,0.0012445449829101562,0.112,31.6
1456,0.0004601478576660156,0.112,30.400000000000002
1457,0.0004687309265136719,0.112,29.200000000000003
1458,0.002467632293701172,0.11,27.6
1459,0.0005214214324951172,0.11,26.400000000000002
1460,0.0018265247344970703,0.11,24.8
1461,0.00046539306640625,0.11,23.200000000000003
1462,0.00046539306640625,0.11,23.200000000000003
1463,0.0005035400390625,0.11,21.6
1464,0.001050710678100586,0.11,20.0
1465,0.0006117820739746094,0.11,18.400000000000002
1466,0.0006873607635498047,0.11,16.8
1467,0.0006470680236816406,0.11,15.200000000000001
1468,0.0007741451263427734,0.11,13.600000000000001
1469,0.002355813980102539,0.11,12.0
1470,0.0005135536193847656,0.11,10.4
1471,0.002910137176513672,0.11,9.200000000000001
1472,0.0010409355163574219,0.11,7.6000000000000005
1473,0.002688169479370117,0.11,6.4
1474,0.0016720294952392578,0.11,5.2
1475,0.0015308856964111328,0.11,4.0
1476,0.0022382736206054688,0.11,2.8000000000000003
1477,0.0014677047729492188,0.11,2.0
1478,0.000736236572265625,0.11,1.2000000000000002
1479,0.0006330013275146484,0.11,0.8
1480,0.0014467239379882812,0.11,0.0
1481,0.00024771690368652344,0.11,-0.4
1482,0.0005710124969482422,0.11,-0.4
1483,0.0007333755493164062,0.112,-0.8
1484,0.0005087852478027344,0.112,-0.8
1485,0.0009305477142333984,0.114,-0.4
1486,0.0018608570098876953,0.114,-0.4
1487,0.0014867782592773438,0.116,0.0
1488,0.0017459392547607422,0.116,0.8
1489,0.0012617111206054688,0.116,1.2000000000000002
1490,0.0005986690521240234,0.121,2.0
1491,0.0011761188507080078,0.125,3.2
1492,0.0009963512420654297,0.125,4.0
1493,0.0016663074493408203,0.127,5.2
1494,0.0030891895294189453,0.127,6.4
1495,0.0018069744110107422,0.127,7.6000000000000005
1496,0.0015969276428222656,0.131,9.200000000000001
1497,0.0011303424835205078,0.131,10.4
1498,0.0009324550628662109,0.131,12.0
1499,0.0015437602996826172,0.136,13.600000000000001
1500,0.0008199214935302734,0.138,15.200000000000001
1501,0.0008051395416259766,0.138,16.8
1502,0.002790212631225586,0.142,18.400000000000002
1503,0.0024878978729248047,0.14400000000000002,20.0
1504,0.0019767284393310547,0.147,21.6
1505,0.0017547607421875,0.149,23.200000000000003
1506,0.0023293495178222656,0.149,24.8
1507,0.0019266605377197266,0.149,26.400000000000002
1508,0.002115964889526367,0.151,28.0
1509,0.0015077590942382812,0.153,29.200000000000003
1510,0.002527475357055664,0.153,30.8
1511,0.0028722286224365234,0.153,32.0
1512,0.006014585494995117,0.153,33.6
1513,0.0015025138854980469,0.153,34.800000000000004
1514,0.0023424625396728516,0.153,36.0
1515,0.002286195755004883,0.153,37.2
1516,0.0019142627716064453,0.153,38.0
1517,0.0018069744110107422,0.153,39.2
1518,0.0023419857025146484,0.153,40.0
1519,0.0018527507781982422,0.153,40.800000000000004
1520,0.0016665458679199219,0.153,41.2
1521,0.0004870891571044922,0.153,42.0
1522,0.0007863044738769531,0.153,42.400000000000006
1523,0.0005867481231689453,0.153,42.400000000000006
1524,0.0006546974182128906,0.153,42.800000000000004
1525,0.0023527145385742188,0.153,42.800000000000004
1526,0.0016131401062011719,0.151,42.800000000000004
1527,0.0011854171752929688,0.14400000000000002,42.800000000000004
1528,0.003445863723754883,0.138,42.400000000000006
1529,0.0010232925415039062,0.136,42.0
1530,0.0017361640930175781,0.136,41.6
1531,0.0009016990661621094,0.134,41.2
1532,0.0009469985961914062,0.131,40.400000000000006
1533,0.000982046127319336,0.131,39.6
1534,0.0005354881286621094,0.131,38.800000000000004
1535,0.0007135868072509766,0.131,38.0
1536,0.0009200572967529297,0.131,36.800000000000004
1537,0.0005638599395751953,0.131,35.6
1538,0.00047707557678222656,0.129,34.4
1539,0.0008287429809570312,0.129,33.2
1540,0.0005838871002197266,0.127,31.6
1541,0.0005118846893310547,0.127,30.0
1542,0.00047588348388671875,0.125,28.8
1543,0.0005788803100585938,0.123,26.8
1544,0.0005695819854736328,0.123,25.200000000000003
1545,0.0004851818084716797,0.123,23.6
1546,0.0008080005645751953,0.123,22.0
1547,0.0011446475982666016,0.123,20.400000000000002
1548,0.002353668212890625,0.123,18.8
1549,0.0009140968322753906,0.123,16.8
1550,0.0004596710205078125,0.123,15.200000000000001
1551,0.0010786056518554688,0.123,13.600000000000001
1552,0.0010924339294433594,0.123,12.0
1553,0.002114534378051758,0.123,10.8
1554,0.0009245872497558594,0.123,9.200000000000001
1555,0.0004284381866455078,0.123,8.0
1556,0.00043010711669921875,0.123,6.800000000000001
1557,0.0032660961151123047,0.123,5.6000000000000005
1558,0.0005965232849121094,0.123,4.4
1559,0.0014653205871582031,0.123,3.6
1560,0.0009951591491699219,0.123,2.8000000000000003
1561,0.0019505023956298828,0.123,2.4000000000000004
1562,0.0008707046508789062,0.123,1.6
1563,0.0010347366333007812,0.123,1.6
1564,0.0009605884552001953,0.123,1.2000000000000002
1565,0.0006604194641113281,0.123,1.2000000000000002
1566,0.0007944107055664062,0.123,1.2000000000000002
1567,0.0004649162292480469,0.123,1.6
1568,0.003277301788330078,0.123,1.6
1569,0.0021529197692871094,0.125,2.4000000000000004
1570,0.0016047954559326172,0.125,2.8000000000000003
1571,0.0017871856689453125,0.127,3.6
1572,0.001961231231689453,0.127,4.4
1573,0.0012564659118652344,0.129,5.6000000000000005
1574,0.0027742385864257812,0.134,6.800000000000001
1575,0.0011296272277832031,0.136,8.0
1576,0.0026984214782714844,0.138,9.200000000000001
1577,0.0010821819305419922,0.142,10.4
1578,0.0034096240997314453,0.142,12.0
1579,0.0005826950073242188,0.14400000000000002,13.200000000000001
1580,0.00263214111328125,0.14400000000000002,14.8
1581,0.0006480216979980469,0.149,16.400000000000002
1582,0.0008490085601806641,0.149,18.0
1583,0.0005600452423095703,0.149,19.6
1584,0.0013358592987060547,0.149,21.200000000000003
1585,0.0006935596466064453,0.149,22.8
1586,0.0005314350128173828,0.149,24.400000000000002
1587,0.0015954971313476562,0.149,26.0
1588,0.00069427490234375,0.153,27.6
1589,0.0008096694946289062,0.153,29.200000000000003
1590,0.0013179779052734375,0.153,30.8
1591,0.001421213150024414,0.153,32.0
1592,0.0015070438385009766,0.153,33.6
1593,0.0022025108337402344,0.153,34.800000000000004
1594,0.0016024112701416016,0.155,36.4
1595,0.0026044845581054688,0.155,37.6
1596,0.00168609619140625,0.155,38.400000000000006
1597,0.002816915512084961,0.157,39.6
1598,0.0018658638000488281,0.157,40.400000000000006
1599,0.0004506111145019531,0.157,41.2
1600,0.0005168914794921875,0.157,42.0
1601,0.0005414485931396484,0.157,42.800000000000004
1602,0.0005171298980712891,0.162,43.2
1603,0.0011372566223144531,0.16399999999999998,43.6
1604,0.0007967948913574219,0.166,44.0
1605,0.0017290115356445312,0.168,44.0
1606,0.001130819320678711,0.17,44.0
1607,0.0023996829986572266,0.172,44.0
1608,0.0017976760864257812,0.175,44.0
1609,0.0014190673828125,0.177,43.6
1610,0.0007004737854003906,0.179,43.2
1611,0.0010862350463867188,0.181,42.800000000000004
1612,0.0014429092407226562,0.183,42.400000000000006
1613,0.0015981197357177734,0.183,42.0
1614,0.0020720958709716797,0.183,41.2
1615,0.0013213157653808594,0.183,40.800000000000004
1616,0.002284526824951172,0.183,40.0
1617,0.0019426345825195312,0.183,39.2
1618,0.0013720989227294922,0.185,38.400000000000006
1619,0.0009064674377441406,0.185,37.6
1620,0.0006091594696044922,0.185,36.800000000000004
1621,0.0019598007202148438,0.185,36.0
1622,0.0008854866027832031,0.185,35.6
1623,0.001435995101928711,0.185,34.800000000000004
1624,0.0013053417205810547,0.185,34.0
1625,0.002020120620727539,0.185,33.2
1626,0.0017752647399902344,0.185,32.4
1627,0.0012803077697753906,0.185,32.0
1628,0.0020499229431152344,0.185,31.200000000000003
1629,0.0015375614166259766,0.185,30.400000000000002
1630,0.0015375614166259766,0.185,30.400000000000002
1631,0.0018968582153320312,0.185,30.0
1632,0.0010001659393310547,0.185,29.6
1633,0.0023453235626220703,0.185,29.200000000000003
1634,0.0018215179443359375,0.185,28.8
1635,0.0014395713806152344,0.185,28.400000000000002
1636,0.0027098655700683594,0.185,28.0
1637,0.001909017562866211,0.185,27.6
1638,0.0016214847564697266,0.185,27.6
1639,0.0011446475982666016,0.185,27.6
1640,0.0006601810455322266,0.185,27.6
1641,0.0004787445068359375,0.185,27.6
1642,0.0005085468292236328,0.185,27.6
1643,0.0006818771362304688,0.185,27.6
1644,0.0005390644073486328,0.185,28.0
1645,0.0008220672607421875,0.185,28.0
1646,0.0006060600280761719,0.188,28.400000000000002
1647,0.000530242919921875,0.188,28.8
1648,0.0007171630859375,0.188,29.200000000000003
1649,0.0007729530334472656,0.188,29.6
1650,0.0013439655303955078,0.19,30.0
1651,0.002846240997314453,0.192,30.8
1652,0.001123189926147461,0.192,31.200000000000003
1653,0.0007991790771484375,0.194,32.0
1654,0.0008227825164794922,0.194,32.4
1655,0.00046324729919433594,0.194,33.2
1656,0.001977682113647461,0.196,34.0
1657,0.0012023448944091797,0.198,34.4
1658,0.0006299018859863281,0.198,35.2
1659,0.0009517669677734375,0.2,36.0
1660,0.0028693675994873047,0.2,36.800000000000004
1661,0.0008764266967773438,0.2,37.6
1662,0.00026035308837890625,0.203,38.400000000000006
1663,0.0011296272277832031,0.205,39.2
1664,0.000659942626953125,0.205,40.0
1665,0.0005795955657958984,0.205,40.800000000000004
1666,0.0029914379119873047,0.205,41.6
1667,0.00047278404235839844,0.205,42.400000000000006
1668,0.0015172958374023438,0.205,43.2
1669,0.0007040500640869141,0.205,44.0
1670,0.0013852119445800781,0.205,44.400000000000006
1671,0.0012888908386230469,0.205,45.2
1672,0.002325296401977539,0.205,46.0
1673,0.0005376338958740234,0.205,46.800000000000004
1674,0.002099752426147461,0.205,47.6
1675,0.002303600311279297,0.205,48.0
1676,0.0005562305450439453,0.205,48.800000000000004
1677,0.0007762908935546875,0.205,49.2
1678,0.0026044845581054688,0.205,50.0
1679,0.0026967525482177734,0.205,50.400000000000006
1680,0.0017948150634765625,0.205,50.800000000000004
1681,0.0021376609802246094,0.205,51.2
1682,0.0008320808410644531,0.205,51.6
1683,0.0017745494842529297,0.205,52.0
1684,0.0018324851989746094,0.205,52.400000000000006
1685,0.0015270709991455078,0.205,52.800000000000004
1686,0.002034425735473633,0.205,52.800000000000004
1687,0.0005168914794921875,0.205,52.800000000000004
1688,0.0009920597076416016,0.205,53.2
1689,0.0017786026000976562,0.205,53.2
1690,0.0014612674713134766,0.205,53.2
1691,0.0014073848724365234,0.205,53.2
1692,0.0003097057342529297,0.205,52.800000000000004
1693,0.0017964839935302734,0.205,52.800000000000004
1694,0.0011258125305175781,0.205,52.800000000000004
1695,0.0023641586303710938,0.205,52.400000000000006
1696,0.0016407966613769531,0.205,52.0
1697,0.0018062591552734375,0.205,52.0
1698,0.0011298656463623047,0.205,51.6
1699,0.00040149688720703125,0.205,51.2
1700,0.0008938312530517578,0.205,50.800000000000004
1701,0.0013222694396972656,0.207,50.400000000000006
1702,0.0004780292510986328,0.209,49.6
1703,0.0010042190551757812,0.211,49.2
1704,0.0008335113525390625,0.213,48.800000000000004
1705,0.0011429786682128906,0.21600000000000005,48.0
1706,0.001920938491821289,0.218,47.6
1707,0.0013957023620605469,0.22,46.800000000000004
1708,0.0016870498657226562,0.222,46.400000000000006
1709,0.001638650894165039,0.222,46.0
1710,0.002782583236694336,0.226,45.2
1711,0.001760244369506836,0.226,44.800000000000004
1712,0.0016717910766601562,0.226,44.0
1713,0.0011081695556640625,0.226,43.6
1714,0.0009975433349609375,0.226,43.2
1715,0.001744985580444336,0.226,42.800000000000004
1716,0.0004432201385498047,0.226,42.400000000000006
1717,0.0008141994476318359,0.226,42.0
1718,0.001828908920288086,0.226,42.0
1719,0.0011136531829833984,0.226,41.6
1720,0.0006275177001953125,0.226,41.6
1721,0.002449512481689453,0.226,41.6
1722,0.0003414154052734375,0.226,41.6
1723,0.00102996826171875,0.226,41.6
1724,0.0013654232025146484,0.226,41.6
1725,0.0005915164947509766,0.226,42.0
1726,0.0031075477600097656,0.226,42.0
1727,0.0004134178161621094,0.226,42.400000000000006
1728,0.0005464553833007812,0.226,42.800000000000004
1729,0.0008831024169921875,0.226,43.2
1730,0.001013040542602539,0.226,43.6
1731,0.002177000045776367,0.222,44.0
1732,0.0006880760192871094,0.213,44.800000000000004
1733,0.0021445751190185547,0.209,45.2
1734,0.0012285709381103516,0.192,46.0
1735,0.0022003650665283203,0.179,46.400000000000006
1736,0.0022034645080566406,0.172,47.2
1737,0.0024063587188720703,0.166,47.6
1738,0.0013370513916015625,0.16399999999999998,48.400000000000006
1739,0.001176595687866211,0.162,49.2
1740,0.0005257129669189453,0.159,49.6
1741,0.0009102821350097656,0.153,50.400000000000006
1742,0.00044846534729003906,0.153,50.800000000000004
1743,0.001039266586303711,0.151,50.800000000000004
1744,0.0005705356597900391,0.151,51.2
1745,0.0009596347808837891,0.147,51.2
1746,0.0005435943603515625,0.14400000000000002,51.2
1747,0.00113677978515625,0.142,51.2
1748,0.0004856586456298828,0.142,50.800000000000004
1749,0.0009529590606689453,0.142,50.400000000000006
1750,0.0004715919494628906,0.142,49.6
1751,0.0009441375732421875,0.142,48.800000000000004
1752,0.00048804283142089844,0.142,48.0
1753,0.0009317398071289062,0.142,46.800000000000004
1754,0.0004892349243164062,0.142,45.6
1755,0.0010385513305664062,0.142,44.400000000000006
1756,0.0004665851593017578,0.142,42.800000000000004
1757,0.0010263919830322266,0.142,41.2
1758,0.0004849433898925781,0.142,39.6
1759,0.0009546279907226562,0.142,37.6
1760,0.0004458427429199219,0.142,36.0
1761,0.0009405612945556641,0.147,34.0
1762,0.0007052421569824219,0.149,32.0
1763,0.0007638931274414062,0.151,30.0
1764,0.0006456375122070312,0.151,28.0
1765,0.0008320808410644531,0.155,25.6
1766,0.0008320808410644531,0.162,25.6
1767,0.0009984970092773438,0.162,23.6
1768,0.0004558563232421875,0.162,21.6
1769,0.0010669231414794922,0.162,19.6
1770,0.0004780292510986328,0.162,17.6
1771,0.0009653568267822266,0.166,15.600000000000001
1772,0.00044035911560058594,0.166,14.0
1773,0.0009179115295410156,0.166,12.0
1774,0.000492095947265625,0.166,10.4
1775,0.0007519721984863281,0.166,9.200000000000001
1776,0.00047779083251953125,0.17,8.0
1777,0.0010023117065429688,0.17,6.800000000000001
1778,0.0006394386291503906,0.17,6.0
1779,0.0009770393371582031,0.17,5.2
1780,0.0005018711090087891,0.172,4.800000000000001
1781,0.0010151863098144531,0.172,4.4
1782,0.000598907470703125,0.172,4.0
1783,0.0005130767822265625,0.172,4.4
1784,0.0010013580322265625,0.172,4.4
1785,0.0010042190551757812,0.175,4.800000000000001
1786,0.0007479190826416016,0.175,5.6000000000000005
1787,0.0005433559417724609,0.175,6.4
1788,0.0009586811065673828,0.177,7.6000000000000005
1789,0.0004911422729492188,0.177,8.8
1790,0.0009608268737792969,0.177,10.0
1791,0.0004904270172119141,0.177,11.600000000000001
1792,0.0009684562683105469,0.177,13.600000000000001
1793,0.0004706382751464844,0.177,15.200000000000001
1794,0.000982522964477539,0.179,17.2
1795,0.0004482269287109375,0.179,19.200000000000003
1796,0.0009343624114990234,0.179,21.6
1797,0.00045180320739746094,0.179,23.6
1798,0.0011527538299560547,0.179,26.0
1799,0.0004820823669433594,0.179,28.400000000000002
1800,0.0009577274322509766,0.179,30.400000000000002
1801,0.00046539306640625,0.179,32.800000000000004
1802,0.0009429454803466797,0.175,35.2
1803,0.00044608116149902344,0.166,37.6
1804,0.0009644031524658203,0.157,40.0
1805,0.000446319580078125,0.155,42.0
1806,0.0010063648223876953,0.153,44.400000000000006
1807,0.00048065185546875,0.14400000000000002,46.400000000000006
1808,0.0010190010070800781,0.142,48.400000000000006
1809,0.0004553794860839844,0.14,50.400000000000006
1810,0.0009777545928955078,0.134,52.0
1811,0.00043845176696777344,0.129,53.6
1812,0.0009260177612304688,0.125,54.800000000000004
1813,0.00043654441833496094,0.123,56.0
1814,0.0009932518005371094,0.121,57.2
1815,0.0004496574401855469,0.121,58.0
1816,0.0009791851043701172,0.121,58.400000000000006
1817,0.0004646778106689453,0.121,58.800000000000004
1818,0.0009565353393554688,0.121,58.800000000000004
1819,0.0004723072052001953,0.121,58.800000000000004
1820,0.0010352134704589844,0.121,58.400000000000006
1821,0.00047206878662109375,0.121,57.6
1822,0.0009677410125732422,0.121,56.800000000000004
1823,0.00044798851013183594,0.121,55.6
1824,0.0010020732879638672,0.121,54.400000000000006
1825,0.00044465065002441406,0.121,52.800000000000004
1826,0.0009233951568603516,0.121,51.2
1827,0.0004940032958984375,0.121,49.2
1828,0.0009584426879882812,0.121,47.2
1829,0.000476837158203125,0.121,44.800000000000004
1830,0.0006575584411621094,0.121,42.400000000000006
1831,0.0009477138519287109,0.121,39.6
1832,0.0004990100860595703,0.121,36.800000000000004
1833,0.0010242462158203125,0.121,34.0
1834,0.00090789794921875,0.121,30.8
1835,0.0008981227874755859,0.121,28.0
1836,0.0009171962738037109,0.121,24.8
1837,0.0008606910705566406,0.121,21.6
1838,0.0004990100860595703,0.121,18.400000000000002
1839,0.0009028911590576172,0.121,15.600000000000001
1840,0.00048351287841796875,0.121,12.4
1841,0.0010190010070800781,0.121,9.600000000000001
1842,0.000568389892578125,0.121,6.4
1843,0.0009768009185791016,0.121,3.6
1844,0.0005776882171630859,0.121,1.2000000000000002
1845,0.0010421276092529297,0.121,-1.6
1846,0.00044798851013183594,0.121,-4.0
1847,0.0005328655242919922,0.121,-6.0
1848,0.00016570091247558594,0.121,-8.0
1849,0.00036144256591796875,0.121,-9.600000000000001
1850,0.0004794597625732422,0.121,-11.200000000000001
1851,0.0005931854248046875,0.121,-12.4
1852,0.00022339820861816406,0.121,-13.200000000000001
1853,0.0006148815155029297,0.121,-14.0
1854,0.0001838207244873047,0.121,-14.4
1855,0.0006272792816162109,0.125,-14.8
1856,0.0005528926849365234,0.125,-14.4
1857,0.0005242824554443359,0.125,-14.0
1858,0.0003948211669921875,0.125,-13.600000000000001
1859,0.0005717277526855469,0.127,-12.8
1860,0.0004544258117675781,0.127,-11.600000000000001
1861,0.0005409717559814453,0.127,-10.0
1862,0.00036787986755371094,0.127,-8.4
1863,0.0004832744598388672,0.127,-6.800000000000001
1864,0.0005488395690917969,0.129,-4.800000000000001
1865,0.0006108283996582031,0.131,-2.4000000000000004
1866,0.0005352497100830078,0.131,-0.4
1867,0.00045800209045410156,0.131,2.4000000000000004
1868,0.00026607513427734375,0.131,4.800000000000001
1869,0.0002753734588623047,0.131,7.6000000000000005
1870,0.0005347728729248047,0.131,10.4
1871,0.0003783702850341797,0.131,13.200000000000001
1872,0.0004906654357910156,0.131,16.400000000000002
1873,0.00030422210693359375,0.131,19.200000000000003
1874,0.0005495548248291016,0.131,22.400000000000002
1875,0.0003871917724609375,0.131,25.200000000000003
1876,0.0006515979766845703,0.131,28.0
1877,0.000576019287109375,0.131,30.8
1878,0.00048732757568359375,0.131,33.6
1879,0.0006139278411865234,0.131,36.4
1880,0.0005726814270019531,0.131,38.800000000000004
1881,0.0005488395690917969,0.131,41.2
1882,0.0002503395080566406,0.131,43.2
1883,0.0005364418029785156,0.131,45.2
1884,0.0004978179931640625,0.131,47.2
1885,0.0005030632019042969,0.131,48.800000000000004
1886,0.00035452842712402344,0.131,50.400000000000006
1887,0.0004754066467285156,0.131,51.6
1888,0.0004904270172119141,0.131,52.800000000000004
1889,0.0006031990051269531,0.131,53.6
1890,0.0005822181701660156,0.131,54.0
1891,0.00040078163146972656,0.131,54.800000000000004
1892,0.0004916191101074219,0.131,54.800000000000004
1893,0.0003190040588378906,0.131,54.800000000000004
1894,0.0004115104675292969,0.131,54.400000000000006
1895,0.0002694129943847656,0.131,54.0
1896,0.00023555755615234375,0.131,53.6
1897,0.00035834312438964844,0.131,52.800000000000004
1898,0.0005810260772705078,0.131,51.6
1899,0.00022292137145996094,0.131,50.400000000000006
1900,0.0005104541778564453,0.131,48.800000000000004
1901,0.0003139972686767578,0.131,47.2
1902,0.0005254745483398438,0.131,45.6
1903,0.0003376007080078125,0.131,43.6
1904,0.0005199909210205078,0.131,41.6
1905,0.0005090236663818359,0.131,39.2
1906,0.0005929470062255859,0.131,37.2
1907,0.00047850608825683594,0.131,34.800000000000004
1908,0.0005617141723632812,0.131,32.0
1909,0.0005617141723632812,0.131,32.0
1910,0.0004825592041015625,0.131,29.6
1911,0.0002586841583251953,0.131,26.8
1912,0.0005028247833251953,0.131,24.400000000000002
1913,0.00045418739318847656,0.131,21.6
1914,0.0004925727844238281,0.131,19.200000000000003
1915,0.0004963874816894531,0.131,16.400000000000002
1916,0.0005159378051757812,0.131,14.0
1917,0.0003159046173095703,0.131,11.200000000000001
1918,0.0004935264587402344,0.131,8.8
1919,0.0005311965942382812,0.131,6.800000000000001
1920,0.0005099773406982422,0.131,4.4
1921,0.00040841102600097656,0.131,2.4000000000000004
1922,0.0004937648773193359,0.131,0.8
1923,0.0004987716674804688,0.131,-1.2000000000000002
1924,0.0006718635559082031,0.131,-2.8000000000000003
1925,0.0005085468292236328,0.131,-4.0
1926,0.0006108283996582031,0.131,-5.2
1927,0.00054168701171875,0.131,-6.0
1928,0.0004074573516845703,0.131,-6.800000000000001
1929,0.000621795654296875,0.131,-7.2
1930,0.0003724098205566406,0.131,-7.6000000000000005
1931,0.00042939186096191406,0.131,-7.6000000000000005
1932,0.00032591819763183594,0.131,-7.2
1933,0.0004787445068359375,0.131,-6.800000000000001
1934,0.0005726814270019531,0.131,-6.4
1935,0.0007061958312988281,0.131,-5.6000000000000005
1936,0.0006473064422607422,0.131,-4.4
1937,0.0002474784851074219,0.131,-3.2
1938,0.0006325244903564453,0.131,-1.6
1939,0.0004858970642089844,0.134,0.0
1940,0.00048422813415527344,0.134,1.6
1941,0.0004947185516357422,0.136,3.6
1942,0.0005528926849365234,0.136,5.6000000000000005
1943,0.00026226043701171875,0.138,7.6000000000000005
1944,0.0005421638488769531,0.142,10.0
1945,0.0005185604095458984,0.14400000000000002,12.0
1946,0.0005931854248046875,0.153,14.4
1947,0.0005238056182861328,0.155,16.8
1948,0.0003495216369628906,0.159,19.200000000000003
1949,0.0005230903625488281,0.16399999999999998,21.6
1950,0.00038623809814453125,0.168,24.0
1951,0.0005221366882324219,0.172,26.400000000000002
1952,0.00013184547424316406,0.175,28.8
1953,0.0004496574401855469,0.177,31.200000000000003
1954,0.0004906654357910156,0.177,33.6
1955,0.0005507469177246094,0.181,36.0
1956,0.0005505084991455078,0.185,38.0
1957,0.00040149688720703125,0.185,40.400000000000006
1958,0.00045490264892578125,0.185,42.400000000000006
1959,0.00038933753967285156,0.185,44.400000000000006
1960,0.0005064010620117188,0.185,46.0
1961,0.00014591217041015625,0.185,48.0
1962,0.0004930496215820312,0.185,49.6
1963,0.00020933151245117188,0.185,51.2
1964,0.0005908012390136719,0.185,52.800000000000004
1965,0.00015401840209960938,0.185,54.400000000000006
1966,0.00039649009704589844,0.185,55.6
1967,0.0004961490631103516,0.185,56.800000000000004
1968,0.0003705024719238281,0.185,57.6
1969,0.0005147457122802734,0.185,58.800000000000004
1970,0.000164031982421875,0.185,59.6
1971,0.00047516822814941406,0.179,60.0
1972,0.0005548000335693359,0.177,60.800000000000004
1973,0.00040531158447265625,0.172,61.2
1974,0.0004291534423828125,0.172,61.2
1975,0.0001442432403564453,0.172,61.2
1976,0.0005331039428710938,0.172,61.2
1977,0.00019788742065429688,0.172,61.2
1978,0.0005745887756347656,0.172,60.800000000000004
1979,0.00044655799865722656,0.172,60.400000000000006
1980,0.0005488395690917969,0.172,59.6
1981,0.0004475116729736328,0.172,58.800000000000004
1982,0.0006227493286132812,0.172,58.0
1983,0.0005769729614257812,0.172,57.2
1984,0.000621795654296875,0.172,56.0
1985,0.0005488395690917969,0.172,54.400000000000006
1986,0.0005047321319580078,0.172,53.2
1987,0.0005602836608886719,0.177,51.6
1988,0.0003821849822998047,0.177,50.0
1989,0.0005369186401367188,0.177,48.0
1990,0.00023508071899414062,0.177,46.400000000000006
1991,0.0006043910980224609,0.177,44.400000000000006
1992,0.0003075599670410156,0.177,42.400000000000006
1993,0.0005459785461425781,0.177,40.400000000000006
1994,0.0002799034118652344,0.177,38.400000000000006
1995,0.0004680156707763672,0.177,36.4
1996,0.0005061626434326172,0.177,34.0
1997,0.0005240440368652344,0.177,32.0
1998,0.0004761219024658203,0.177,30.0
1999,0.0005400180816650391,0.177,28.0
2000,0.000499725341796875,0.177,26.0
2001,0.0005726814270019531,0.177,24.400000000000002
2002,0.0005977153778076172,0.177,22.400000000000002
2003,0.0003070831298828125,0.177,20.8
2004,0.0005171298980712891,0.175,19.200000000000003
2005,0.00023102760314941406,0.166,17.6
2006,0.0005540847778320312,0.159,16.400000000000002
2007,0.00030541419982910156,0.155,15.200000000000001
2008,0.00039839744567871094,0.151,14.0
2009,0.0003018379211425781,0.149,13.200000000000001
2010,0.00048089027404785156,0.147,12.4
2011,0.0004496574401855469,0.147,11.600000000000001
2012,0.00042700767517089844,0.147,11.200000000000001
2013,0.0004627704620361328,0.147,10.8
2014,0.0003955364227294922,0.147,10.4
2015,0.0004017353057861328,0.147,10.4
2016,0.0003306865692138672,0.147,10.4
2017,0.0005714893341064453,0.147,10.4
2018,0.0005331039428710938,0.147,10.8
2019,0.0005762577056884766,0.147,11.200000000000001
2020,0.0002193450927734375,0.147,11.600000000000001
2021,0.0005605220794677734,0.147,12.0
2022,0.0003707408905029297,0.147,12.8
2023,0.0004973411560058594,0.147,13.600000000000001
2024,0.0005488395690917969,0.147,14.4
2025,0.0005099773406982422,0.147,15.200000000000001
2026,0.00048351287841796875,0.147,16.0
2027,0.0003654956817626953,0.147,17.2
2028,0.00020933151245117188,0.147,18.0
2029,0.0003025531768798828,0.147,19.200000000000003
2030,0.000446319580078125,0.147,20.400000000000002
2031,0.0005040168762207031,0.151,21.6
2032,0.0005021095275878906,0.153,22.8
2033,0.0001633167266845703,0.155,24.0
2034,0.0005841255187988281,0.155,25.200000000000003
2035,0.0006029605865478516,0.157,26.400000000000002
2036,0.00037860870361328125,0.159,27.6
2037,0.0005745887756347656,0.16399999999999998,28.8
2038,0.00027942657470703125,0.16399999999999998,29.6
2039,0.0005741119384765625,0.166,30.8
2040,0.0004017353057861328,0.17,32.0
2041,0.0004563331604003906,0.172,32.800000000000004
2042,0.0005512237548828125,0.175,34.0
2043,0.0004668235778808594,0.175,34.800000000000004
2044,0.0003714561462402344,0.175,36.0
2045,0.0005371570587158203,0.175,36.800000000000004
2046,0.0004825592041015625,0.175,37.6
2047,0.0004942417144775391,0.175,38.400000000000006
2048,0.00046944618225097656,0.175,38.800000000000004
2049,0.0004734992980957031,0.175,39.6
2050,0.0005028247833251953,0.175,40.400000000000006
2051,0.0004942417144775391,0.175,40.800000000000004
2052,0.0005338191986083984,0.175,41.2
2053,0.00047016143798828125,0.175,41.6
2054,0.0005462169647216797,0.175,42.0
2055,0.0005285739898681641,0.175,42.400000000000006
2056,0.0005474090576171875,0.175,42.400000000000006
2057,0.0005640983581542969,0.175,42.800000000000004
2058,0.0005640983581542969,0.172,42.800000000000004
2059,0.0007488727569580078,0.172,42.800000000000004
2060,0.0003879070281982422,0.155,42.800000000000004
2061,0.00029921531677246094,0.151,42.800000000000004
2062,0.0005383491516113281,0.14,42.800000000000004
2063,0.0004291534423828125,0.134,42.800000000000004
2064,0.0006225109100341797,0.127,42.400000000000006
2065,0.0005331039428710938,0.125,42.0
2066,0.0005321502685546875,0.121,42.0
2067,0.00038933753967285156,0.121,41.6
2068,0.0003962516784667969,0.119,40.800000000000004
2069,0.0005049705505371094,0.119,40.400000000000006
2070,0.0005292892456054688,0.119,39.6
2071,0.0005028247833251953,0.119,38.800000000000004
2072,0.0005965232849121094,0.119,37.6
2073,0.0005385875701904297,0.119,36.800000000000004
2074,0.0004210472106933594,0.119,35.6
2075,0.0005447864532470703,0.119,34.0
2076,0.00024080276489257812,0.119,32.800000000000004
2077,0.0005903244018554688,0.119,31.200000000000003
2078,0.0002644062042236328,0.119,29.6
2079,0.00037407875061035156,0.119,28.0
2080,0.0003707408905029297,0.119,26.0
2081,0.0005462169647216797,0.119,24.400000000000002
2082,0.0003972053527832031,0.119,22.400000000000002
2083,0.0003180503845214844,0.119,20.8
2084,0.00048351287841796875,0.119,18.8
2085,0.0005223751068115234,0.119,16.8
2086,0.00046253204345703125,0.119,15.200000000000001
2087,0.0004849433898925781,0.119,13.200000000000001
2088,0.0004696846008300781,0.121,11.600000000000001
2089,0.00048041343688964844,0.121,10.0
2090,0.0005586147308349609,0.121,8.4
2091,0.0005214214324951172,0.123,6.800000000000001
2092,0.0003876686096191406,0.123,5.2
2093,0.0004956722259521484,0.123,4.0
2094,0.0005924701690673828,0.123,2.8000000000000003
2095,0.0005850791931152344,0.125,1.6
2096,0.0002338886260986328,0.127,0.8
2097,0.0005924701690673828,0.127,0.0
2098,0.0002512931823730469,0.131,-0.4
2099,0.00032401084899902344,0.131,-0.8
2100,0.00017571449279785156,0.131,-1.2000000000000002
2101,0.0002913475036621094,0.131,-1.2000000000000002
2102,0.0001628398895263672,0.134,-1.2000000000000002
2103,0.00020813941955566406,0.136,-1.2000000000000002
2104,0.0001506805419921875,0.138,-0.8
2105,0.00020265579223632812,0.138,0.0
2106,0.000415802001953125,0.138,0.4
2107,0.0003941059112548828,0.138,1.6
2108,0.00026702880859375,0.138,2.4000000000000004
2109,0.0004961490631103516,0.138,3.6
2110,0.0004525184631347656,0.138,4.800000000000001
2111,0.000408172607421875,0.138,6.4
2112,0.0005252361297607422,0.138,8.0
2113,0.0004138946533203125,0.138,9.600000000000001
2114,0.00015878677368164062,0.138,11.200000000000001
2115,0.00038170814514160156,0.138,12.8
2116,0.00032520294189453125,0.138,14.8
2117,0.00031685829162597656,0.138,16.8
2118,0.0002474784851074219,0.138,18.8
2119,0.0004773139953613281,0.138,20.400000000000002
2120,0.0004906654357910156,0.138,22.400000000000002
2121,0.00025463104248046875,0.138,24.400000000000002
2122,0.0001933574676513672,0.138,26.400000000000002
2123,0.00024962425231933594,0.131,28.400000000000002
2124,0.00016617774963378906,0.127,30.0
2125,0.00015807151794433594,0.121,31.6
2126,0.00015735626220703125,0.116,33.6
2127,0.00016570091247558594,0.11,35.2
2128,0.000247955322265625,0.108,36.4
2129,0.000240325927734375,0.103,38.0
2130,0.0001804828643798828,0.103,39.2
2131,0.00018334388732910156,0.103,40.0
2132,0.0002028942108154297,0.103,41.2
2133,0.00016999244689941406,0.103,41.6
2134,0.000194549560546875,0.103,42.400000000000006
2135,0.00015473365783691406,0.103,42.800000000000004
2136,0.00025272369384765625,0.103,42.800000000000004
2137,0.00017786026000976562,0.103,42.800000000000004
2138,0.00015735626220703125,0.103,42.800000000000004
2139,0.00031828880310058594,0.103,42.400000000000006
2140,0.0002567768096923828,0.103,42.0
2141,0.00024056434631347656,0.103,41.2
2142,0.00031757354736328125,0.103,40.0
2143,0.0003571510314941406,0.103,39.2
2144,0.0002589225769042969,0.103,38.0
2145,0.0003731250762939453,0.103,36.4
2146,0.0003821849822998047,0.103,34.800000000000004
2147,0.00020766258239746094,0.103,33.2
2148,0.000583648681640625,0.103,31.200000000000003
2149,0.0005052089691162109,0.103,29.6
2150,0.0005922317504882812,0.103,27.6
2151,0.0004982948303222656,0.103,25.200000000000003
2152,0.000400543212890625,0.103,23.200000000000003
2153,0.0005350112915039062,0.103,20.8
2154,0.0005471706390380859,0.11,18.8
2155,0.0005028247833251953,0.114,16.400000000000002
2156,0.00033092498779296875,0.121,14.0
2157,0.000499725341796875,0.123,12.0
2158,0.00030040740966796875,0.127,9.600000000000001
2159,0.0005259513854980469,0.134,7.6000000000000005
2160,0.0001938343048095703,0.136,5.6000000000000005
2161,0.00025391578674316406,0.138,3.6
2162,0.00022912025451660156,0.14400000000000002,1.6
2163,0.00035691261291503906,0.147,0.0
2164,0.0003597736358642578,0.151,-1.6
2165,0.00031065940856933594,0.151,-2.8000000000000003
2166,0.0004937648773193359,0.151,-4.0
2167,0.0005028247833251953,0.151,-5.2
2168,0.00048041343688964844,0.155,-6.0
2169,0.0003654956817626953,0.155,-6.4
2170,0.0005054473876953125,0.155,-6.4
2171,0.00042128562927246094,0.155,-6.4
2172,0.0002796649932861328,0.155,-6.4
2173,0.0006010532379150391,0.155,-6.0
2174,0.0005156993865966797,0.155,-5.2
2175,0.0005011558532714844,0.155,-4.0
2176,0.0001857280731201172,0.155,-2.8000000000000003
2177,0.0005028247833251953,0.155,-1.6
2178,0.0003197193145751953,0.155,0.0
2179,0.0001494884490966797,0.155,2.0
2180,0.0002110004425048828,0.155,4.0
2181,0.0001919269561767578,0.155,6.4
2182,0.00016069412231445312,0.149,8.4
2183,0.00026869773864746094,0.14,11.200000000000001
2184,0.0001609325408935547,0.131,13.600000000000001
2185,0.0008983612060546875,0.123,16.400000000000002
2186,0.00015616416931152344,0.119,18.8
2187,0.00016498565673828125,0.11,21.6
2188,0.0002808570861816406,0.101,24.400000000000002
2189,0.0002484321594238281,0.099,27.200000000000003
2190,0.00017690658569335938,0.095,30.0
2191,0.00017523765563964844,0.095,32.4
2192,0.00018978118896484375,0.095,34.800000000000004
2193,0.0005893707275390625,0.095,37.2
2194,0.0005893707275390625,0.095,37.2
2195,0.0001766681671142578,0.095,39.6
2196,0.00035262107849121094,0.095,41.6
2197,0.0003542900085449219,0.093,43.2
2198,0.00039887428283691406,0.093,44.800000000000004
2199,0.0005254745483398438,0.093,46.400000000000006
2200,0.0002639293670654297,0.093,47.2
2201,0.00015592575073242188,0.093,48.400000000000006
2202,0.00016999244689941406,0.097,48.800000000000004
2203,0.0002849102020263672,0.101,49.2
2204,0.00028705596923828125,0.101,49.6
2205,0.0003387928009033203,0.103,49.2
2206,0.0003788471221923828,0.108,49.2
2207,0.0003535747528076172,0.11,48.400000000000006
2208,0.0003566741943359375,0.11,47.6
2209,0.00016689300537109375,0.11,46.400000000000006
2210,0.00037384033203125,0.11,45.2
2211,0.0004763603210449219,0.11,44.0
2212,0.0004878044128417969,0.11,42.400000000000006
2213,0.0004355907440185547,0.11,40.400000000000006
2214,0.0004658699035644531,0.11,38.400000000000006
2215,0.0004456043243408203,0.11,36.4
2216,0.00045228004455566406,0.11,34.0
2217,0.0004611015319824219,0.11,31.6
2218,0.00048470497131347656,0.11,29.200000000000003
2219,0.00020265579223632812,0.108,26.400000000000002
2220,0.0002944469451904297,0.108,24.0
2221,0.00044608116149902344,0.108,21.200000000000003
2222,0.0004634857177734375,0.108,18.400000000000002
2223,0.0003800392150878906,0.108,15.600000000000001
2224,0.0005097389221191406,0.108,13.200000000000001
2225,0.0004432201385498047,0.108,10.4
2226,0.00047898292541503906,0.108,8.0
2227,0.0004646778106689453,0.108,5.2
2228,0.00048160552978515625,0.108,2.8000000000000003
2229,0.0004429817199707031,0.108,0.4
2230,0.00024390220642089844,0.108,-1.6
2231,0.0005168914794921875,0.108,-3.6
2232,0.0005021095275878906,0.108,-5.6000000000000005
2233,0.00018215179443359375,0.108,-7.2
2234,0.00029397010803222656,0.108,-8.8
2235,0.00033855438232421875,0.108,-10.0
2236,0.00028824806213378906,0.108,-11.200000000000001
2237,0.0003733634948730469,0.108,-12.0
2238,0.0003616809844970703,0.108,-12.4
2239,0.0004935264587402344,0.108,-12.8
2240,0.0004734992980957031,0.108,-13.200000000000001
2241,0.0004487037658691406,0.108,-12.8
2242,0.000438690185546875,0.108,-12.8
2243,0.00043201446533203125,0.108,-12.0
2244,0.000377655029296875,0.108,-11.200000000000001
2245,0.0004413127899169922,0.108,-10.4
2246,0.000446319580078125,0.108,-9.200000000000001
2247,0.00021386146545410156,0.108,-7.6000000000000005
2248,0.00014162063598632812,0.108,-6.4
2249,0.0004401206970214844,0.108,-4.4
2250,0.0004315376281738281,0.108,-2.8000000000000003
2251,0.0004527568817138672,0.108,-0.8
2252,0.00044536590576171875,0.108,1.6
2253,0.0005555152893066406,0.108,4.0
2254,0.00017189979553222656,0.108,6.0
2255,0.000164031982421875,0.108,8.4
2256,0.00016355514526367188,0.108,11.200000000000001
2257,0.00017571449279785156,0.108,13.600000000000001
2258,0.00016498565673828125,0.108,16.0
2259,0.0001494884490966797,0.108,18.400000000000002
2260,0.000438690185546875,0.108,20.8
2261,0.0002434253692626953,0.108,23.200000000000003
2262,0.00023555755615234375,0.108,25.6
2263,0.00016999244689941406,0.108,28.0
2264,0.0002040863037109375,0.108,30.0
2265,0.00022411346435546875,0.108,32.0
2266,0.00025200843811035156,0.108,34.0
2267,0.0005018711090087891,0.108,35.6
2268,0.000152587890625,0.108,37.2
2269,0.0002951622009277344,0.108,38.800000000000004
2270,0.00035119056701660156,0.108,40.0
2271,0.0002892017364501953,0.108,41.2
2272,0.00038695335388183594,0.108,42.0
2273,0.0004909038543701172,0.108,42.800000000000004
2274,0.00045561790466308594,0.108,43.6
2275,0.0005252361297607422,0.119,43.6
2276,0.0004971027374267578,0.129,44.0
2277,0.00038695335388183594,0.14,44.0
2278,0.0002741813659667969,0.142,43.6
2279,0.000492095947265625,0.14400000000000002,43.2
2280,0.00024008750915527344,0.149,42.400000000000006
2281,0.0003674030303955078,0.153,42.0
2282,0.0005273818969726562,0.153,40.800000000000004
2283,0.0004658699035644531,0.153,39.6
2284,0.0004696846008300781,0.153,38.800000000000004
2285,0.00043201446533203125,0.153,37.2
2286,0.0004699230194091797,0.153,36.0
2287,0.0004220008850097656,0.153,34.4
2288,0.0004837512969970703,0.153,32.800000000000004
2289,0.0004267692565917969,0.153,31.6
2290,0.0004837512969970703,0.153,30.0
2291,0.000446319580078125,0.153,28.400000000000002
2292,0.00046324729919433594,0.153,26.8
2293,0.0004851818084716797,0.153,25.200000000000003
2294,0.00034117698669433594,0.14400000000000002,23.6
2295,0.0004546642303466797,0.134,22.0
2296,0.0005016326904296875,0.125,20.400000000000002
2297,0.00043845176696777344,0.121,18.8
2298,0.0004897117614746094,0.116,17.6
2299,0.0004544258117675781,0.114,16.0
2300,0.00044798851013183594,0.11,14.8
2301,0.00042700767517089844,0.108,13.600000000000001
2302,0.00041747093200683594,0.108,12.4
2303,0.00038433074951171875,0.108,11.200000000000001
2304,0.0008640289306640625,0.108,10.4
2305,0.0004987716674804688,0.108,9.200000000000001
2306,0.00045108795166015625,0.108,8.4
2307,0.0004448890686035156,0.108,7.6000000000000005
2308,0.0004210472106933594,0.108,6.800000000000001
2309,0.00043320655822753906,0.108,6.4
2310,0.0003249645233154297,0.108,5.6000000000000005
2311,0.000423431396484375,0.108,5.2
2312,0.0004436969757080078,0.108,4.800000000000001
2313,0.00046133995056152344,0.108,4.4
2314,0.0004897117614746094,0.108,4.0
2315,0.00044608116149902344,0.108,4.0
2316,0.00043964385986328125,0.108,4.0
2317,0.0005044937133789062,0.108,4.0
2318,0.00043129920959472656,0.108,4.0
2319,0.0005049705505371094,0.108,4.4
2320,0.0004506111145019531,0.108,4.800000000000001
2321,0.0004858970642089844,0.108,5.2
2322,0.00044345855712890625,0.108,5.6000000000000005
2323,0.0005354881286621094,0.108,6.4
2324,0.0001914501190185547,0.108,6.800000000000001
2325,0.0004985332489013672,0.108,7.6000000000000005
2326,0.0002987384796142578,0.108,8.4
2327,0.00015425682067871094,0.108,9.200000000000001
2328,0.00026226043701171875,0.108,10.0
2329,0.0003199577331542969,0.108,10.8
2330,0.0001652240753173828,0.108,12.0
2331,0.0004649162292480469,0.108,12.8
2332,0.000301361083984375,0.108,14.0
2333,0.00048470497131347656,0.108,14.8
2334,0.0004980564117431641,0.108,16.0
2335,0.000476837158203125,0.108,16.8
2336,0.00042510032653808594,0.103,17.6
2337,0.0002980232238769531,0.103,18.8
2338,0.0004444122314453125,0.103,19.6
2339,0.0004367828369140625,0.103,20.400000000000002
2340,0.00024008750915527344,0.101,21.6
2341,0.00036215782165527344,0.101,22.400000000000002
2342,0.000446319580078125,0.101,23.200000000000003
2343,0.00048828125,0.093,23.6
2344,0.0004706382751464844,0.08199999999999999,24.400000000000002
2345,0.000522613525390625,0.075,24.8
2346,0.0005075931549072266,0.071,25.200000000000003
2347,0.00045108795166015625,0.067,25.6
2348,0.0004475116729736328,0.063,26.0
2349,0.0004608631134033203,0.06,26.0
2350,0.0004749298095703125,0.055999999999999994,26.400000000000002
2351,0.0005440711975097656,0.05,26.0
2352,0.0005362033843994141,0.047,25.6
2353,0.000518798828125,0.047,25.200000000000003
2354,0.000518798828125,0.045,25.200000000000003
2355,0.0004870891571044922,0.045,24.8
2356,0.0004801750183105469,0.039,24.0
2357,0.00047588348388671875,0.03,23.200000000000003
2358,0.0005023479461669922,0.026,22.400000000000002
2359,0.0001647472381591797,0.024,21.200000000000003
2360,0.00015807151794433594,0.019,20.0
2361,0.00044798851013183594,0.017,18.8
2362,0.0003292560577392578,0.011,17.2
2363,0.0004849433898925781,0.009000000000000001,15.600000000000001
2364,0.00048542022705078125,0.006,14.0
2365,0.00047469139099121094,0.004,12.4
2366,0.0004658699035644531,0.002,10.4
2367,0.0004355907440185547,0.002,8.4
2368,0.0004551410675048828,0.002,6.4
2369,0.00044417381286621094,0.002,4.4
2370,0.00016689300537109375,0.002,2.4000000000000004
2371,0.00042724609375,0.002,0.4
2372,0.0003170967102050781,0.002,-2.0
2373,0.0005204677581787109,0.002,-4.0
2374,0.000354766845703125,0.002,-6.0
2375,0.00047969818115234375,0.002,-8.0
2376,0.0006346702575683594,0.002,-10.0
2377,0.0006101131439208984,0.002,-11.600000000000001
2378,0.0004856586456298828,0.002,-13.600000000000001
2379,0.00046372413635253906,0.002,-15.200000000000001
2380,0.0005252361297607422,0.002,-16.400000000000002
2381,0.000293731689453125,0.002,-18.0
2382,0.0004642009735107422,0.002,-19.200000000000003
2383,0.00047326087951660156,0.002,-20.400000000000002
2384,0.0004546642303466797,0.002,-21.200000000000003
2385,0.0004329681396484375,0.002,-22.0
2386,0.0004284381866455078,0.002,-22.400000000000002
2387,0.0004248619079589844,0.002,-22.8
2388,0.0003204345703125,0.002,-22.8
2389,0.00028586387634277344,0.002,-22.8
2390,0.000164031982421875,0.002,-22.8
2391,0.00025153160095214844,0.002,-22.400000000000002
2392,0.0002601146697998047,0.002,-22.0
2393,0.0004010200500488281,0.002,-21.200000000000003
2394,0.00026488304138183594,0.002,-20.400000000000002
2395,0.00044727325439453125,0.002,-19.200000000000003
2396,0.0004470348358154297,0.002,-18.0
2397,0.00043082237243652344,0.002,-16.8
2398,0.0004429817199707031,0.002,-15.200000000000001
2399,0.0004208087921142578,0.002,-13.600000000000001
2400,0.00023794174194335938,0.002,-12.0
2401,0.0004928112030029297,0.002,-10.4
2402,0.00045371055603027344,0.002,-8.4
2403,0.0004696846008300781,0.002,-6.4
2404,0.0004978179931640625,0.002,-4.4
2405,0.00047898292541503906,0.002,-2.8000000000000003
2406,0.0004999637603759766,0.002,-0.4
2407,0.0004813671112060547,0.002,1.6
2408,0.0004534721374511719,0.002,3.6
2409,0.0004923343658447266,0.002,5.6000000000000005
2410,0.0004115104675292969,0.002,7.2
2411,0.0002541542053222656,0.002,9.200000000000001
2412,0.0004839897155761719,0.002,10.8
2413,0.0004703998565673828,0.002,12.8
2414,0.0004932880401611328,0.002,14.4
2415,0.00037026405334472656,0.002,15.600000000000001
2416,0.00019288063049316406,0.002,17.2
2417,0.0004324913024902344,0.002,18.400000000000002
2418,0.0003783702850341797,0.002,19.200000000000003
2419,0.0001747608184814453,0.002,20.400000000000002
2420,0.00046896934509277344,0.002,20.8
2421,0.00010085105895996094,0.002,21.6
2422,0.00035643577575683594,0.002,22.0
2423,0.0004420280456542969,0.002,22.400000000000002
2424,0.0004680156707763672,0.002,22.400000000000002
2425,0.00043272972106933594,0.002,22.0
2426,0.0003578662872314453,0.002,22.0
2427,0.0002338886260986328,0.002,21.200000000000003
2428,0.00016260147094726562,0.002,20.8
2429,0.0002276897430419922,0.002,20.0
2430,0.000225067138671875,0.002,18.8
2431,0.00039768218994140625,0.002,18.0
2432,0.0003390312194824219,0.002,16.8
2433,0.0005171298980712891,0.002,15.200000000000001
2434,0.0004527568817138672,0.002,13.600000000000001
2435,0.0005056858062744141,0.002,12.0
2436,0.00044083595275878906,0.002,10.4
2437,0.0019683837890625,0.002,8.8
2438,0.0005905628204345703,0.002,6.800000000000001
2439,0.0012481212615966797,0.002,4.800000000000001
2440,0.0004730224609375,0.002,3.2
2441,0.0002694129943847656,0.002,1.2000000000000002
2442,0.0005450248718261719,0.002,-0.8
2443,0.00018644332885742188,0.002,-2.8000000000000003
2444,0.0004019737243652344,0.002,-4.800000000000001
2445,0.0001494884490966797,0.002,-6.4
2446,0.0005009174346923828,0.002,-8.4
2447,0.0001773834228515625,0.002,-10.0
2448,0.000274658203125,0.002,-11.600000000000001
2449,0.000244140625,0.002,-13.200000000000001
2450,0.00020456314086914062,0.002,-14.8
2451,0.00033545494079589844,0.002,-16.0
2452,0.0004715919494628906,0.002,-17.2
2453,0.0003771781921386719,0.002,-18.400000000000002
2454,0.00045990943908691406,0.002,-19.200000000000003
2455,0.0004379749298095703,0.002,-20.0
2456,0.000431060791015625,0.002,-20.400000000000002
2457,0.00042176246643066406,0.002,-20.8
2458,0.00022912025451660156,0.002,-21.200000000000003
2459,0.0005285739898681641,0.002,-21.200000000000003
2460,0.00046062469482421875,0.002,-21.200000000000003
2461,0.0005059242248535156,0.002,-20.8
2462,0.0004417896270751953,0.002,-20.400000000000002
2463,0.0004603862762451172,0.002,-20.0
2464,0.0004401206970214844,0.0,-19.200000000000003
2465,0.00047516822814941406,0.0,-18.400000000000002
2466,0.00046133995056152344,0.0,-17.2
2467,0.001234292984008789,0.0,-16.0
2468,0.0004601478576660156,0.0,-14.8
2469,0.0011479854583740234,0.0,-13.200000000000001
2470,0.0007421970367431641,0.0,-12.0
2471,0.0004885196685791016,0.0,-10.4
2472,0.0004169940948486328,0.0,-8.4
2473,0.0004363059997558594,0.0,-6.800000000000001
2474,0.00045609474182128906,0.0,-4.800000000000001
2475,0.0002987384796142578,0.0,-3.2
2476,0.00024437904357910156,0.0,-1.2000000000000002
2477,0.00018787384033203125,0.0,0.4
2478,0.0002334117889404297,0.0,2.4000000000000004
2479,0.00035762786865234375,0.0,4.4
2480,0.0004153251647949219,0.0,6.0
2481,0.00040435791015625,0.0,8.0
2482,0.00046133995056152344,0.0,9.600000000000001
2483,0.0004248619079589844,0.0,11.200000000000001
2484,0.0003573894500732422,0.0,12.8
2485,0.0004737377166748047,0.0,14.0
2486,0.0004684925079345703,0.0,15.200000000000001
2487,0.00047206878662109375,0.0,16.400000000000002
2488,0.000446319580078125,0.0,17.6
2489,0.0005280971527099609,0.0,18.400000000000002
2490,0.0004928112030029297,0.0,19.200000000000003
2491,0.00044035911560058594,0.0,19.6
2492,0.00040984153747558594,0.0,20.400000000000002
2493,0.0005564689636230469,0.0,20.400000000000002
2494,0.0005156993865966797,0.0,20.400000000000002
2495,0.0012373924255371094,0.0,20.400000000000002
2496,0.0008521080017089844,0.0,20.400000000000002
2497,0.0013878345489501953,0.0,20.0
2498,0.00047397613525390625,0.0,19.6
2499,0.00044274330139160156,0.0,18.8
2500,0.00044274330139160156,0.0,18.8
2501,0.0005166530609130859,0.0,18.0
2502,0.00045228004455566406,0.0,16.8
2503,0.0004608631134033203,0.0,16.0
2504,0.0002608299255371094,0.0,14.4
2505,0.0002429485321044922,0.0,13.200000000000001
2506,0.0005004405975341797,0.0,11.600000000000001
2507,0.0002980232238769531,0.0,10.4
2508,0.00045108795166015625,0.0,8.8
2509,0.000476837158203125,0.0,6.800000000000001
2510,0.0004391670227050781,0.0,5.2
2511,0.0004546642303466797,0.0,3.6
2512,0.0004177093505859375,0.0,1.6
2513,0.00041985511779785156,0.0,0.0
2514,0.00041747093200683594,0.0,-2.0
2515,0.00036334991455078125,0.0,-3.6
2516,0.0003082752227783203,0.0,-5.6000000000000005
2517,0.0003542900085449219,0.0,-7.2
2518,0.00046896934509277344,0.0,-8.8
2519,0.0004532337188720703,0.0,-10.4
2520,0.00042629241943359375,0.0,-12.0
2521,0.0013797283172607422,0.0,-13.200000000000001
2522,0.0004973411560058594,0.0,-14.4
2523,0.0013704299926757812,0.0,-15.600000000000001
2524,0.0005755424499511719,0.0,-16.8
2525,0.0005383491516113281,0.0,-17.6
2526,0.0012836456298828125,0.0,-18.400000000000002
2527,0.0003497600555419922,0.0,-18.8
2528,0.0003936290740966797,0.0,-19.200000000000003
2529,0.000457763671875,0.0,-19.6
2530,0.0002512931823730469,0.0,-19.6
2531,0.00032973289489746094,0.0,-19.6
2532,0.0004951953887939453,0.0,-19.6
2533,0.0005033016204833984,0.0,-19.200000000000003
2534,0.00048613548278808594,0.0,-18.8
2535,0.0004875659942626953,0.0,-18.0
2536,0.00048470497131347656,0.0,-17.2
2537,0.00043463706970214844,0.0,-16.400000000000002
2538,0.0004527568817138672,0.0,-15.200000000000001
2539,0.00041413307189941406,0.0,-14.0
2540,0.0004475116729736328,0.0,-12.8
2541,0.0004367828369140625,0.0,-11.600000000000001
2542,0.0004928112030029297,0.0,-10.0
2543,0.00029587745666503906,0.0,-8.4
2544,0.0004794597625732422,0.0,-6.800000000000001
2545,0.0004985332489013672,0.0,-5.2
2546,0.0005049705505371094,0.0,-3.6
2547,0.0004985332489013672,0.0,-1.6
2548,0.0004374980926513672,0.0,0.0
2549,0.0004971027374267578,0.0,1.6
2550,0.0006046295166015625,0.0,3.6
2551,0.000698089599609375,0.0,5.2
2552,0.00045371055603027344,0.0,6.800000000000001
2553,0.0008151531219482422,0.0,8.4
2554,0.0003097057342529297,0.0,10.0
2555,0.0005486011505126953,0.0,11.200000000000001
2556,0.00016164779663085938,0.0,12.4
2557,0.0006608963012695312,0.0,14.0
2558,0.00017881393432617188,0.0,14.8
2559,0.0006554126739501953,0.0,16.0
2560,0.00020647048950195312,0.0,16.8
2561,0.0002903938293457031,0.0,17.6
2562,0.00042366981506347656,0.0,18.0
2563,0.00022530555725097656,0.0,18.400000000000002
2564,0.0002961158752441406,0.0,18.8
2565,0.0003273487091064453,0.0,19.200000000000003
2566,0.00031375885009765625,0.0,19.200000000000003
2567,0.0004642009735107422,0.0,18.8
2568,0.0004215240478515625,0.0,18.400000000000002
2569,0.0004553794860839844,0.0,18.0
2570,0.0005037784576416016,0.0,17.6
2571,0.00021982192993164062,0.0,16.8
2572,0.0004904270172119141,0.0,16.0
2573,0.0004532337188720703,0.0,14.8
2574,0.0005631446838378906,0.0,14.0
2575,0.0004627704620361328,0.0,12.4
2576,0.00046896934509277344,0.0,11.200000000000001
2577,0.0010170936584472656,0.0,10.0
2578,0.0004756450653076172,0.0,8.4
2579,0.0005409717559814453,0.0,6.800000000000001
2580,0.00044608116149902344,0.0,5.2
2581,0.0008668899536132812,0.0,3.6
2582,0.0006229877471923828,0.0,2.0
2583,0.0019617080688476562,0.0,0.4
2584,0.0004913806915283203,0.0,-1.6
