,Latency,PWM Value,Angle
0,0.0,0.0,0.0
1,0.0010459423065185547,0.0,0.0
2,0.0007672309875488281,0.0,0.0
3,0.0006020069122314453,0.0,0.0
4,0.0008459091186523438,0.0,0.0
5,0.0007996559143066406,0.0,0.0
6,0.001432180404663086,0.0,0.0
7,0.0007035732269287109,0.0,0.0
8,0.0012593269348144531,0.0,0.0
9,0.00083160400390625,0.0,0.0
10,0.0012655258178710938,0.0,0.0
11,0.0006618499755859375,0.0,0.0
12,0.0018057823181152344,0.0,0.0
13,0.0007436275482177734,0.0,0.0
14,0.0009818077087402344,0.0,0.0
15,0.000484466552734375,0.0,0.0
16,0.0004971027374267578,0.0,0.0
17,0.0004944801330566406,0.0,0.0
18,0.0019102096557617188,0.0,0.0
19,0.0007669925689697266,0.0,0.0
20,0.0014629364013671875,0.0,0.0
21,0.0006802082061767578,0.0,0.0
22,0.0008587837219238281,0.0,0.0
23,0.00057220458984375,0.0,0.0
24,0.0014698505401611328,0.0,0.0
25,0.0008008480072021484,0.0,0.0
26,0.002900838851928711,0.0,0.0
27,0.0006422996520996094,0.0,0.0
28,0.0020558834075927734,0.0,0.0
29,0.0007424354553222656,0.0,0.0
30,0.002261638641357422,0.0,0.0
31,0.0007035732269287109,0.0,0.0
32,0.001018524169921875,0.0,0.0
33,0.0010976791381835938,0.0,0.0
34,0.0009021759033203125,0.0,0.0
35,0.002215147018432617,0.0,0.0
36,0.0006237030029296875,0.0,0.0
37,0.0013790130615234375,0.0,0.0
38,0.0002827644348144531,0.0,0.0
39,0.0006263256072998047,0.0,0.0
40,0.001211404800415039,0.0,0.0
41,0.0011751651763916016,0.0,0.0
42,0.0008590221405029297,0.0,0.0
43,0.0014624595642089844,0.0,0.0
44,0.0006601810455322266,0.0,0.0
45,0.0017409324645996094,0.0,0.0
46,0.0016446113586425781,0.0,0.0
47,0.0006186962127685547,0.0,0.0
48,0.0019063949584960938,0.0,0.0
49,0.0005927085876464844,0.0,0.0
50,0.0020639896392822266,0.0,0.0
51,0.0013172626495361328,0.0,0.0
52,0.0006921291351318359,0.0,0.0
53,0.0006921291351318359,0.0,0.0
54,0.001039266586303711,0.0,0.0
55,0.0006778240203857422,0.0,0.0
56,0.0018837451934814453,0.0,0.0
57,0.0008344650268554688,0.0,0.0
58,0.0019211769104003906,0.0,0.0
59,0.0012156963348388672,0.0,0.0
60,0.001779317855834961,0.0,0.0
61,0.000629425048828125,0.0,0.0
62,0.0015604496002197266,0.0,0.0
63,0.0005738735198974609,0.0,0.0
64,0.0019328594207763672,0.0,0.0
65,0.0007226467132568359,0.0,0.0
66,0.0013544559478759766,0.0,0.0
67,0.0006265640258789062,0.0,0.0
68,0.0013580322265625,0.0,0.0
69,0.0006468296051025391,0.0,0.0
70,0.002283811569213867,0.0,0.0
71,0.0007083415985107422,0.0,0.0
72,0.0019240379333496094,0.0,0.0
73,0.0013058185577392578,0.0,0.0
74,0.0006191730499267578,0.0,0.0
75,0.0029325485229492188,0.0,0.0
76,0.0005679130554199219,0.0,0.0
77,0.0017306804656982422,0.0,0.0
78,0.0007936954498291016,0.0,0.0
79,0.0014452934265136719,0.0,0.0
80,0.0006480216979980469,0.0,0.0
81,0.0021822452545166016,0.0,0.0
82,0.0006158351898193359,0.0,0.0
83,0.0004756450653076172,0.0,0.0
84,0.001043081283569336,0.0,0.0
85,0.0015778541564941406,0.0,0.0
86,0.0012705326080322266,0.0,0.0
87,0.00045800209045410156,0.0,0.0
88,0.0013031959533691406,0.0,0.0
89,0.0007860660552978516,0.0,0.0
90,0.0017735958099365234,0.0,0.0
91,0.0011641979217529297,0.0,0.0
92,0.0019452571868896484,0.0,0.0
93,0.0014073848724365234,0.0,0.0
94,0.0006518363952636719,0.0,0.0
95,0.0014081001281738281,0.0,0.0
96,0.0012276172637939453,0.0,0.0
97,0.0009770393371582031,0.0,0.0
98,0.001550912857055664,0.0,0.0
99,0.002851724624633789,0.0,0.0
100,0.0015997886657714844,0.0,0.0
101,0.0007619857788085938,0.0,0.0
102,0.0014123916625976562,0.0,0.0
103,0.0007364749908447266,0.0,0.0
104,0.0012235641479492188,0.0,0.0
105,0.0005643367767333984,0.0,0.0
106,0.001375436782836914,0.0,0.0
107,0.001413106918334961,0.0,0.0
108,0.0018892288208007812,0.0,0.0
109,0.001453399658203125,0.0,0.0
110,0.0007603168487548828,0.0,0.0
111,0.0017917156219482422,0.0,0.0
112,0.0010426044464111328,0.0,0.0
113,0.0007486343383789062,0.0,0.0
114,0.0009572505950927734,0.0,0.0
115,0.0022842884063720703,0.0,0.0
116,0.0005815029144287109,0.0,0.0
117,0.0010833740234375,0.0,0.0
118,0.0006890296936035156,0.0,0.0
119,0.0014324188232421875,0.0,0.0
120,0.0005855560302734375,0.0,0.0
121,0.0011012554168701172,0.0,0.0
122,0.0005981922149658203,0.0,0.0
123,0.0017895698547363281,0.0,0.0
124,0.0007190704345703125,0.0,0.0
125,0.002689361572265625,0.0,0.0
126,0.0005290508270263672,0.0,0.0
127,0.0018663406372070312,0.0,0.0
128,0.0005321502685546875,0.0,0.0
129,0.0019230842590332031,0.0,0.0
130,0.0005152225494384766,0.0,0.0
131,0.002046823501586914,0.0,0.0
132,0.0006105899810791016,0.0,0.0
133,0.002168893814086914,0.0,0.0
134,0.0005254745483398438,0.0,0.0
135,0.0011298656463623047,0.0,0.0
136,0.0005652904510498047,0.002,0.0
137,0.0019707679748535156,0.002,0.0
138,0.0005269050598144531,0.002,0.0
139,0.0028526782989501953,0.002,0.0
140,0.0006556510925292969,0.002,0.0
141,0.0019655227661132812,0.002,0.0
142,0.0018246173858642578,0.002,0.0
143,0.0006470680236816406,0.002,0.0
144,0.0006668567657470703,0.002,0.0
145,0.0011816024780273438,0.002,0.0
146,0.0013887882232666016,0.002,0.0
147,0.0017886161804199219,0.002,0.0
148,0.0024962425231933594,0.002,0.0
149,0.0017635822296142578,0.004,0.0
150,0.000850677490234375,0.004,0.0
151,0.0017657279968261719,0.004,0.0
152,0.0006158351898193359,0.004,0.0
153,0.0013854503631591797,0.006,0.0
154,0.0005927085876464844,0.006,0.0
155,0.0014989376068115234,0.006,0.0
156,0.0008175373077392578,0.006,0.0
157,0.0018362998962402344,0.006,0.0
158,0.0014796257019042969,0.006,0.0
159,0.0006968975067138672,0.006,0.0
160,0.0011055469512939453,0.006,0.0
161,0.0016322135925292969,0.006,0.0
162,0.0009226799011230469,0.006,0.0
163,0.0019385814666748047,0.006,0.0
164,0.0007085800170898438,0.006,0.0
165,0.001516580581665039,0.006,0.0
166,0.0008635520935058594,0.006,0.0
167,0.0016634464263916016,0.006,0.0
168,0.0015208721160888672,0.006,0.0
169,0.0005726814270019531,0.009000000000000001,0.0
170,0.0012822151184082031,0.009000000000000001,0.0
171,0.0005633831024169922,0.011000000000000001,0.0
172,0.0017600059509277344,0.011000000000000001,0.0
173,0.00043654441833496094,0.013000000000000001,0.0
174,0.0008432865142822266,0.013000000000000001,0.0
175,0.00048804283142089844,0.013000000000000001,0.0
176,0.0015690326690673828,0.015,0.0
177,0.0005586147308349609,0.017,0.0
178,0.0018780231475830078,0.017,0.0
179,0.0005526542663574219,0.017,0.0
180,0.001791238784790039,0.017,0.0
181,0.0005507469177246094,0.017,0.0
182,0.0017154216766357422,0.017,0.0
183,0.0011744499206542969,0.017,0.0
184,0.0006229877471923828,0.017,0.0
185,0.0016324520111083984,0.019,0.0
186,0.0005462169647216797,0.024,0.0
187,0.0016345977783203125,0.024,0.0
188,0.0005354881286621094,0.024,0.0
189,0.001993417739868164,0.024,0.0
190,0.0005943775177001953,0.024,0.0
191,0.0016508102416992188,0.026000000000000002,0.0
192,0.001733541488647461,0.026000000000000002,0.0
193,0.0012412071228027344,0.027999999999999997,0.0
194,0.0006947517395019531,0.027999999999999997,0.0
195,0.0011267662048339844,0.027999999999999997,0.0
196,0.0025441646575927734,0.027999999999999997,0.0
197,0.0008246898651123047,0.027999999999999997,0.0
198,0.00191497802734375,0.03,0.0
199,0.0006756782531738281,0.03,0.0
200,0.0013587474822998047,0.03,0.0
201,0.0005800724029541016,0.032,0.0
202,0.0018634796142578125,0.034,0.0
203,0.0018634796142578125,0.037000000000000005,0.0
204,0.0013802051544189453,0.037000000000000005,0.0
205,0.0010170936584472656,0.037000000000000005,0.0
206,0.002489328384399414,0.037000000000000005,0.4
207,0.0007948875427246094,0.039,0.4
208,0.0016701221466064453,0.039,0.4
209,0.0008983612060546875,0.039,0.4
210,0.000591278076171875,0.039,0.4
211,0.0005245208740234375,0.039,0.4
212,0.0018384456634521484,0.040999999999999995,0.4
213,0.000766754150390625,0.045,0.4
214,0.0015459060668945312,0.047,0.4
215,0.0007789134979248047,0.05,0.4
216,0.0017516613006591797,0.05,0.4
217,0.0005981922149658203,0.05,0.8
218,0.0028536319732666016,0.05,0.8
219,0.0006546974182128906,0.05,1.2000000000000002
220,0.0015671253204345703,0.05,1.2000000000000002
221,0.0006268024444580078,0.05,1.6
222,0.0012097358703613281,0.05,1.6
223,0.0014522075653076172,0.05,2.0
224,0.0008492469787597656,0.05,2.4000000000000004
225,0.0019855499267578125,0.05,2.8000000000000003
226,0.0005805492401123047,0.05,3.2
227,0.0017070770263671875,0.05,3.2
228,0.0006215572357177734,0.052000000000000005,3.6
229,0.0020742416381835938,0.054000000000000006,4.0
230,0.0005786418914794922,0.055999999999999994,4.4
231,0.002043008804321289,0.06,4.800000000000001
232,0.0013668537139892578,0.06,5.2
233,0.0013980865478515625,0.06,5.6000000000000005
234,0.0004305839538574219,0.06,6.0
235,0.0011920928955078125,0.06,6.4
236,0.0006399154663085938,0.06,6.800000000000001
237,0.0012850761413574219,0.06,7.2
238,0.0007009506225585938,0.06,7.6000000000000005
239,0.0018427371978759766,0.06,8.0
240,0.0006759166717529297,0.06,8.4
241,0.0015087127685546875,0.06,8.8
242,0.0013642311096191406,0.06,9.200000000000001
243,0.0005557537078857422,0.063,9.600000000000001
244,0.0018658638000488281,0.063,10.0
245,0.0005478858947753906,0.067,10.0
246,0.001321554183959961,0.073,10.4
247,0.0005860328674316406,0.075,10.4
248,0.0026671886444091797,0.075,10.8
249,0.001140594482421875,0.075,10.8
250,0.0006570816040039062,0.075,11.200000000000001
251,0.0013167858123779297,0.075,11.200000000000001
252,0.0005600452423095703,0.075,11.200000000000001
253,0.001394033432006836,0.075,11.200000000000001
254,0.0005514621734619141,0.078,11.600000000000001
255,0.0017466545104980469,0.078,11.600000000000001
256,0.0018687248229980469,0.078,11.600000000000001
257,0.002033710479736328,0.078,11.600000000000001
258,0.0007588863372802734,0.078,11.600000000000001
259,0.0018241405487060547,0.078,11.600000000000001
260,0.0008718967437744141,0.08199999999999999,11.600000000000001
261,0.001491546630859375,0.08199999999999999,11.600000000000001
262,0.0006635189056396484,0.084,11.200000000000001
263,0.002159595489501953,0.084,11.200000000000001
264,0.0005891323089599609,0.084,11.200000000000001
265,0.002009868621826172,0.084,11.200000000000001
266,0.0007913112640380859,0.084,11.200000000000001
267,0.0010800361633300781,0.084,11.200000000000001
268,0.0005583763122558594,0.084,10.8
269,0.002178192138671875,0.084,10.8
270,0.001996755599975586,0.084,10.8
271,0.0007765293121337891,0.084,10.8
272,0.0013859272003173828,0.084,10.8
273,0.0013227462768554688,0.084,10.8
274,0.0005657672882080078,0.084,10.8
275,0.0013887882232666016,0.084,10.8
276,0.001215219497680664,0.084,10.8
277,0.0006082057952880859,0.084,10.4
278,0.0020568370819091797,0.084,10.4
279,0.0005359649658203125,0.084,10.4
280,0.001680612564086914,0.084,10.4
281,0.0012412071228027344,0.084,10.8
282,0.0005841255187988281,0.084,10.8
283,0.0027518272399902344,0.084,10.8
284,0.0011875629425048828,0.084,10.8
285,0.002545595169067383,0.084,10.8
286,0.0005593299865722656,0.084,10.8
287,0.002558469772338867,0.084,10.8
288,0.0006389617919921875,0.084,10.8
289,0.001878976821899414,0.084,10.8
290,0.0005095005035400391,0.084,10.8
291,0.0013751983642578125,0.084,11.200000000000001
292,0.0006248950958251953,0.084,11.200000000000001
293,0.0011172294616699219,0.084,11.200000000000001
294,0.0008165836334228516,0.084,11.200000000000001
295,0.0019156932830810547,0.084,11.200000000000001
296,0.0006144046783447266,0.084,11.200000000000001
297,0.001878499984741211,0.084,11.600000000000001
298,0.0005910396575927734,0.086,11.600000000000001
299,0.002097606658935547,0.08800000000000001,11.600000000000001
300,0.001483917236328125,0.091,11.600000000000001
301,0.0007843971252441406,0.091,11.600000000000001
302,0.0017366409301757812,0.091,11.600000000000001
303,0.002706289291381836,0.09300000000000001,11.600000000000001
304,0.0006403923034667969,0.09300000000000001,11.600000000000001
305,0.0014383792877197266,0.09300000000000001,12.0
306,0.0016100406646728516,0.09300000000000001,12.0
307,0.0013175010681152344,0.09300000000000001,12.0
308,0.001880645751953125,0.09300000000000001,12.0
309,0.0025866031646728516,0.09300000000000001,12.0
310,0.000759124755859375,0.095,12.0
311,0.002677440643310547,0.09699999999999999,12.0
312,0.0006697177886962891,0.09699999999999999,12.0
313,0.0013494491577148438,0.09699999999999999,12.4
314,0.0007214546203613281,0.09699999999999999,12.4
315,0.0012216567993164062,0.09699999999999999,12.4
316,0.0013003349304199219,0.099,12.4
317,0.0006511211395263672,0.10099999999999999,12.4
318,0.0018749237060546875,0.10099999999999999,12.8
319,0.0013413429260253906,0.106,12.8
320,0.0006227493286132812,0.10800000000000001,12.8
321,0.0017321109771728516,0.11199999999999999,13.200000000000001
322,0.0015673637390136719,0.11599999999999999,13.200000000000001
323,0.0006263256072998047,0.11900000000000001,13.200000000000001
324,0.0014584064483642578,0.12300000000000001,13.600000000000001
325,0.001085042953491211,0.127,13.600000000000001
326,0.0005946159362792969,0.129,13.600000000000001
327,0.0018410682678222656,0.131,14.0
328,0.0018417835235595703,0.136,14.4
329,0.0006718635559082031,0.136,14.4
330,0.0017671585083007812,0.136,14.8
331,0.0016667842864990234,0.136,15.200000000000001
332,0.0026035308837890625,0.136,15.600000000000001
333,0.0007398128509521484,0.136,16.0
334,0.0014460086822509766,0.138,16.400000000000002
335,0.0006110668182373047,0.138,16.8
336,0.0014481544494628906,0.138,17.2
337,0.0005636215209960938,0.138,18.0
338,0.0013637542724609375,0.138,18.400000000000002
339,0.0007224082946777344,0.138,18.8
340,0.0017626285552978516,0.138,19.6
341,0.0007765293121337891,0.142,20.0
342,0.0029909610748291016,0.142,20.8
343,0.0005679130554199219,0.14400000000000002,21.6
344,0.002613067626953125,0.14400000000000002,22.0
345,0.0011208057403564453,0.14400000000000002,22.8
346,0.0017483234405517578,0.14400000000000002,23.200000000000003
347,0.0006363391876220703,0.149,24.0
348,0.0019304752349853516,0.151,24.400000000000002
349,0.0008747577667236328,0.151,25.200000000000003
350,0.0015773773193359375,0.155,25.6
351,0.0015773773193359375,0.157,25.6
352,0.0016562938690185547,0.162,26.400000000000002
353,0.0008530616760253906,0.162,26.8
354,0.0018661022186279297,0.16399999999999998,27.200000000000003
355,0.002874135971069336,0.166,27.6
356,0.002194643020629883,0.166,28.400000000000002
357,0.0028100013732910156,0.166,28.8
358,0.0012667179107666016,0.166,29.200000000000003
359,0.0019192695617675781,0.166,29.6
360,0.0011355876922607422,0.166,30.0
361,0.0009329319000244141,0.166,30.400000000000002
362,0.001729726791381836,0.166,30.8
363,0.0006256103515625,0.166,31.200000000000003
364,0.001850128173828125,0.166,31.6
365,0.0007798671722412109,0.166,32.0
366,0.0010986328125,0.166,32.4
367,0.0006089210510253906,0.166,32.800000000000004
368,0.0013515949249267578,0.166,32.800000000000004
369,0.0007729530334472656,0.166,33.2
370,0.0017843246459960938,0.166,33.6
371,0.0014209747314453125,0.166,33.6
372,0.0007619857788085938,0.166,34.0
373,0.0028276443481445312,0.166,34.0
374,0.0005900859832763672,0.168,34.4
375,0.002565145492553711,0.168,34.4
376,0.00060272216796875,0.168,34.4
377,0.0012171268463134766,0.166,34.4
378,0.0014195442199707031,0.16399999999999998,34.4
379,0.0006856918334960938,0.162,34.800000000000004
380,0.0018701553344726562,0.159,34.4
381,0.0005946159362792969,0.157,34.4
382,0.001703500747680664,0.157,34.4
383,0.00153350830078125,0.157,34.4
384,0.0016939640045166016,0.153,34.4
385,0.0012884140014648438,0.153,34.0
386,0.0006170272827148438,0.153,34.0
387,0.0013687610626220703,0.153,33.6
388,0.00069427490234375,0.151,33.2
389,0.0013568401336669922,0.151,33.2
390,0.00061798095703125,0.151,32.800000000000004
391,0.0013434886932373047,0.151,32.4
392,0.0006089210510253906,0.151,32.0
393,0.0015125274658203125,0.149,31.6
394,0.0005559921264648438,0.149,30.8
395,0.0019817352294921875,0.149,30.400000000000002
396,0.0006647109985351562,0.14400000000000002,30.0
397,0.0017712116241455078,0.14400000000000002,29.200000000000003
398,0.0022153854370117188,0.142,28.8
399,0.0006084442138671875,0.142,28.0
400,0.0018939971923828125,0.142,27.6
401,0.0007271766662597656,0.142,26.8
402,0.0029647350311279297,0.14,26.0
403,0.0005815029144287109,0.14,25.6
404,0.001934051513671875,0.14,24.8
405,0.0005347728729248047,0.14,24.0
406,0.0016911029815673828,0.14,23.6
407,0.0011491775512695312,0.14,22.8
408,0.0004906654357910156,0.14,22.0
409,0.0007846355438232422,0.14,21.6
410,0.0009090900421142578,0.14,20.8
411,0.0010445117950439453,0.14,20.400000000000002
412,0.001550912857055664,0.14,19.6
413,0.0009479522705078125,0.14,19.200000000000003
414,0.0024137496948242188,0.14,18.8
415,0.0007138252258300781,0.14,18.400000000000002
416,0.0020046234130859375,0.14,18.0
417,0.0010991096496582031,0.14,17.6
418,0.0006756782531738281,0.14,17.2
419,0.0014221668243408203,0.14,16.8
420,0.0006372928619384766,0.14,16.8
421,0.0019021034240722656,0.14,16.400000000000002
422,0.0008234977722167969,0.14,16.400000000000002
423,0.0014300346374511719,0.14,16.400000000000002
424,0.0007498264312744141,0.14,16.400000000000002
425,0.0027129650115966797,0.14,16.400000000000002
426,0.0006186962127685547,0.14,16.400000000000002
427,0.0019769668579101562,0.142,16.400000000000002
428,0.0014431476593017578,0.142,16.8
429,0.0006036758422851562,0.14400000000000002,16.8
430,0.0015566349029541016,0.147,17.2
431,0.0007789134979248047,0.147,17.6
432,0.002675294876098633,0.149,17.6
433,0.0026502609252929688,0.149,18.0
434,0.0006899833679199219,0.149,18.400000000000002
435,0.0017426013946533203,0.149,19.200000000000003
436,0.0007672309875488281,0.149,19.6
437,0.002170562744140625,0.149,20.0
438,0.0006883144378662109,0.149,20.400000000000002
439,0.001668691635131836,0.149,21.200000000000003
440,0.0014133453369140625,0.149,22.0
441,0.0016674995422363281,0.149,22.400000000000002
442,0.0006945133209228516,0.149,23.200000000000003
443,0.0019369125366210938,0.149,23.6
444,0.0005772113800048828,0.149,24.400000000000002
445,0.0017650127410888672,0.149,25.200000000000003
446,0.0005359649658203125,0.149,26.0
447,0.0021266937255859375,0.149,26.400000000000002
448,0.0018472671508789062,0.149,27.200000000000003
449,0.0008153915405273438,0.149,28.0
450,0.0012333393096923828,0.149,28.400000000000002
451,0.0006015300750732422,0.149,29.200000000000003
452,0.002068042755126953,0.151,29.6
453,0.0006260871887207031,0.151,30.0
454,0.0018253326416015625,0.153,30.8
455,0.0013895034790039062,0.153,31.200000000000003
456,0.0006456375122070312,0.153,31.6
457,0.0013575553894042969,0.155,32.0
458,0.0020492076873779297,0.155,32.0
459,0.0007946491241455078,0.157,32.4
460,0.0013427734375,0.162,32.800000000000004
461,0.0016789436340332031,0.16399999999999998,32.800000000000004
462,0.0020246505737304688,0.166,33.2
463,0.0006909370422363281,0.166,33.2
464,0.0022766590118408203,0.168,33.2
465,0.0023839473724365234,0.168,33.2
466,0.0006396770477294922,0.17,33.2
467,0.0020232200622558594,0.17,33.2
468,0.0005705356597900391,0.17,33.2
469,0.0015215873718261719,0.17,33.2
470,0.0006289482116699219,0.172,32.800000000000004
471,0.0019526481628417969,0.18100000000000002,32.800000000000004
472,0.0006539821624755859,0.18100000000000002,32.800000000000004
473,0.0024509429931640625,0.18100000000000002,32.4
474,0.0005843639373779297,0.18100000000000002,32.4
475,0.0017704963684082031,0.185,32.4
476,0.0007054805755615234,0.188,32.0
477,0.001916646957397461,0.19,32.0
478,0.0006132125854492188,0.19,32.0
479,0.002270221710205078,0.19,31.6
480,0.001527547836303711,0.19,31.6
481,0.0015559196472167969,0.19,31.6
482,0.0006346702575683594,0.19,31.6
483,0.001672983169555664,0.192,31.6
484,0.0012824535369873047,0.192,31.6
485,0.002307415008544922,0.192,32.0
486,0.0007476806640625,0.192,32.0
487,0.00188446044921875,0.192,32.0
488,0.0007326602935791016,0.192,32.4
489,0.002218008041381836,0.192,32.800000000000004
490,0.0006074905395507812,0.192,32.800000000000004
491,0.001840353012084961,0.192,33.2
492,0.0005753040313720703,0.192,33.6
493,0.0014090538024902344,0.19399999999999998,34.0
494,0.0006847381591796875,0.19399999999999998,34.4
495,0.0011665821075439453,0.19399999999999998,34.800000000000004
496,0.0015425682067871094,0.19399999999999998,35.6
497,0.0015425682067871094,0.19399999999999998,35.6
498,0.0014607906341552734,0.19399999999999998,36.0
499,0.0013577938079833984,0.19399999999999998,36.4
500,0.0007410049438476562,0.19399999999999998,36.800000000000004
501,0.0018398761749267578,0.19399999999999998,37.6
502,0.001210927963256836,0.19399999999999998,38.0
503,0.002122640609741211,0.19399999999999998,38.800000000000004
504,0.002096891403198242,0.19399999999999998,39.2
505,0.0012707710266113281,0.19399999999999998,39.6
506,0.0009756088256835938,0.19399999999999998,40.400000000000006
507,0.0019724369049072266,0.19399999999999998,40.800000000000004
508,0.0013689994812011719,0.19399999999999998,41.2
509,0.0009224414825439453,0.19399999999999998,42.0
510,0.0017590522766113281,0.19399999999999998,42.400000000000006
511,0.0007302761077880859,0.19399999999999998,42.800000000000004
512,0.0015091896057128906,0.19399999999999998,43.2
513,0.0006296634674072266,0.19399999999999998,43.6
514,0.0019071102142333984,0.19399999999999998,44.0
515,0.0006003379821777344,0.19399999999999998,44.400000000000006
516,0.0015745162963867188,0.192,44.800000000000004
517,0.0013284683227539062,0.19,45.2
518,0.0006110668182373047,0.18100000000000002,45.6
519,0.0019006729125976562,0.16399999999999998,45.6
520,0.0008099079132080078,0.151,46.0
521,0.0022122859954833984,0.14400000000000002,46.0
522,0.0016417503356933594,0.14,46.0
523,0.0006921291351318359,0.136,46.0
524,0.0016417503356933594,0.136,46.0
525,0.00074005126953125,0.136,46.0
526,0.001926422119140625,0.136,46.0
527,0.0005881786346435547,0.131,45.6
528,0.001382589340209961,0.125,44.800000000000004
529,0.0006892681121826172,0.11599999999999999,44.400000000000006
530,0.0018341541290283203,0.11199999999999999,43.6
531,0.0007307529449462891,0.10800000000000001,42.800000000000004
532,0.0023512840270996094,0.10099999999999999,41.6
533,0.0007266998291015625,0.10099999999999999,40.800000000000004
534,0.0012671947479248047,0.10099999999999999,39.6
535,0.0012581348419189453,0.10099999999999999,38.0
536,0.0017118453979492188,0.10099999999999999,36.4
537,0.0025014877319335938,0.10099999999999999,34.800000000000004
538,0.0015437602996826172,0.10099999999999999,32.800000000000004
539,0.0007083415985107422,0.10099999999999999,31.200000000000003
540,0.0018105506896972656,0.10099999999999999,29.200000000000003
541,0.0007307529449462891,0.10099999999999999,26.8
542,0.002703428268432617,0.10099999999999999,24.8
543,0.0018317699432373047,0.10099999999999999,22.400000000000002
544,0.0006194114685058594,0.10099999999999999,20.400000000000002
545,0.0019147396087646484,0.10099999999999999,18.0
546,0.0005960464477539062,0.10099999999999999,15.600000000000001
547,0.0022296905517578125,0.10099999999999999,13.200000000000001
548,0.0005555152893066406,0.10099999999999999,10.8
549,0.001672983169555664,0.10099999999999999,8.8
550,0.0005824565887451172,0.10099999999999999,6.4
551,0.0013115406036376953,0.10099999999999999,4.4
552,0.0012118816375732422,0.10099999999999999,2.4000000000000004
553,0.0016393661499023438,0.10099999999999999,0.4
554,0.0012698173522949219,0.10099999999999999,-1.6
555,0.0015933513641357422,0.10099999999999999,-3.2
556,0.0010695457458496094,0.10099999999999999,-4.800000000000001
557,0.0018086433410644531,0.10099999999999999,-6.0
558,0.0009284019470214844,0.10099999999999999,-7.2
559,0.002474069595336914,0.10099999999999999,-8.4
560,0.0007307529449462891,0.10099999999999999,-9.200000000000001
561,0.001668691635131836,0.10099999999999999,-9.600000000000001
562,0.0007724761962890625,0.10099999999999999,-10.0
563,0.0017552375793457031,0.10099999999999999,-10.4
564,0.0007455348968505859,0.10099999999999999,-10.4
565,0.0020380020141601562,0.10099999999999999,-10.0
566,0.0006184577941894531,0.10099999999999999,-9.600000000000001
567,0.001752614974975586,0.10099999999999999,-9.200000000000001
568,0.0005867481231689453,0.10099999999999999,-8.4
569,0.0017342567443847656,0.10099999999999999,-7.2
570,0.001293182373046875,0.10099999999999999,-6.4
571,0.0022690296173095703,0.10099999999999999,-4.800000000000001
572,0.0022749900817871094,0.10099999999999999,-3.6
573,0.0008037090301513672,0.10099999999999999,-2.0
574,0.0017242431640625,0.10099999999999999,0.0
575,0.0006556510925292969,0.10099999999999999,1.6
576,0.0016849040985107422,0.10099999999999999,3.6
577,0.0006177425384521484,0.10099999999999999,5.6000000000000005
578,0.0015273094177246094,0.10099999999999999,7.6000000000000005
579,0.0015070438385009766,0.10099999999999999,9.600000000000001
580,0.0018773078918457031,0.10099999999999999,12.0
581,0.002321481704711914,0.10099999999999999,14.0
582,0.0020089149475097656,0.10099999999999999,16.0
583,0.0012714862823486328,0.10099999999999999,18.400000000000002
584,0.0006966590881347656,0.10099999999999999,20.400000000000002
585,0.0017056465148925781,0.10099999999999999,22.400000000000002
586,0.0006935596466064453,0.10099999999999999,24.400000000000002
587,0.002431154251098633,0.10099999999999999,26.400000000000002
588,0.0007252693176269531,0.10099999999999999,28.0
589,0.001409769058227539,0.10099999999999999,30.0
590,0.0017940998077392578,0.10099999999999999,31.200000000000003
591,0.0007309913635253906,0.10099999999999999,32.800000000000004
592,0.0018880367279052734,0.10099999999999999,34.0
593,0.0005900859832763672,0.10099999999999999,35.2
594,0.0015981197357177734,0.10099999999999999,36.4
595,0.0012547969818115234,0.10099999999999999,37.2
596,0.0025415420532226562,0.10099999999999999,37.6
597,0.002041339874267578,0.10099999999999999,38.0
598,0.001687765121459961,0.10099999999999999,38.400000000000006
599,0.0020389556884765625,0.10099999999999999,38.800000000000004
600,0.0006399154663085938,0.10099999999999999,38.800000000000004
601,0.0021963119506835938,0.10099999999999999,38.400000000000006
602,0.0016908645629882812,0.10099999999999999,38.0
603,0.0007102489471435547,0.10099999999999999,37.6
604,0.0015168190002441406,0.10099999999999999,36.800000000000004
605,0.0006351470947265625,0.10099999999999999,36.0
606,0.001790761947631836,0.10099999999999999,34.800000000000004
607,0.0011894702911376953,0.10099999999999999,33.6
608,0.0007905960083007812,0.10099999999999999,32.4
609,0.001965761184692383,0.10099999999999999,31.200000000000003
610,0.000881195068359375,0.10099999999999999,29.6
611,0.0021369457244873047,0.10099999999999999,28.0
612,0.0017552375793457031,0.10099999999999999,26.400000000000002
613,0.0014793872833251953,0.10099999999999999,24.400000000000002
614,0.002087831497192383,0.10099999999999999,22.400000000000002
615,0.0008232593536376953,0.10099999999999999,20.8
616,0.0018682479858398438,0.10099999999999999,18.8
617,0.0007297992706298828,0.10099999999999999,16.8
618,0.0025415420532226562,0.10099999999999999,14.8
619,0.0006592273712158203,0.10099999999999999,12.8
620,0.001344919204711914,0.10099999999999999,10.8
621,0.0008585453033447266,0.10099999999999999,9.200000000000001
622,0.0018401145935058594,0.10099999999999999,7.2
623,0.0007390975952148438,0.10099999999999999,5.2
624,0.0014202594757080078,0.10099999999999999,3.6
625,0.0017731189727783203,0.10099999999999999,2.0
626,0.0007107257843017578,0.10099999999999999,0.8
627,0.0018787384033203125,0.10099999999999999,-0.8
628,0.0007054805755615234,0.10099999999999999,-2.0
629,0.0015349388122558594,0.10099999999999999,-3.2
630,0.0005919933319091797,0.10099999999999999,-4.0
631,0.0025107860565185547,0.10099999999999999,-4.800000000000001
632,0.0012066364288330078,0.10099999999999999,-5.2
633,0.002364635467529297,0.10099999999999999,-6.0
634,0.0017414093017578125,0.10099999999999999,-6.0
635,0.0007548332214355469,0.10099999999999999,-6.4
636,0.0015096664428710938,0.10099999999999999,-6.0
637,0.0006456375122070312,0.10099999999999999,-6.0
638,0.002228975296020508,0.10099999999999999,-5.6000000000000005
639,0.002228975296020508,0.10099999999999999,-5.6000000000000005
640,0.0013854503631591797,0.10099999999999999,-4.800000000000001
641,0.001661062240600586,0.10099999999999999,-4.4
642,0.0005965232849121094,0.10099999999999999,-3.2
643,0.0019259452819824219,0.10099999999999999,-2.4000000000000004
644,0.0007758140563964844,0.10099999999999999,-1.2000000000000002
645,0.0011034011840820312,0.10099999999999999,0.0
646,0.0023539066314697266,0.10099999999999999,1.2000000000000002
647,0.0008158683776855469,0.10099999999999999,2.8000000000000003
648,0.0011317729949951172,0.10099999999999999,4.4
649,0.0011932849884033203,0.10099999999999999,6.0
650,0.0015919208526611328,0.10099999999999999,7.6000000000000005
651,0.001554250717163086,0.10099999999999999,9.600000000000001
652,0.001621246337890625,0.10099999999999999,11.200000000000001
653,0.002210855484008789,0.10099999999999999,13.200000000000001
654,0.0007064342498779297,0.10099999999999999,14.8
655,0.0011551380157470703,0.10099999999999999,16.400000000000002
656,0.0017466545104980469,0.10099999999999999,18.400000000000002
657,0.0008273124694824219,0.10099999999999999,20.0
658,0.0020041465759277344,0.10300000000000001,21.6
659,0.0005719661712646484,0.106,23.200000000000003
660,0.0016565322875976562,0.10800000000000001,24.8
661,0.0006670951843261719,0.10800000000000001,26.400000000000002
662,0.0016660690307617188,0.11,27.6
663,0.0007519721984863281,0.11,28.8
664,0.0017547607421875,0.11,30.0
665,0.0014240741729736328,0.11,31.200000000000003
666,0.0005939006805419922,0.11,32.0
667,0.0011010169982910156,0.11,32.800000000000004
668,0.0006434917449951172,0.11,33.2
669,0.002015829086303711,0.11,33.6
670,0.0006096363067626953,0.11,34.0
671,0.0014972686767578125,0.11,34.4
672,0.0015425682067871094,0.11199999999999999,34.4
673,0.0016465187072753906,0.11199999999999999,34.4
674,0.0005850791931152344,0.11199999999999999,34.4
675,0.002341747283935547,0.114,34.0
676,0.0006053447723388672,0.114,33.6
677,0.0017375946044921875,0.114,33.2
678,0.0008151531219482422,0.114,32.4
679,0.0017905235290527344,0.114,31.6
680,0.0005705356597900391,0.114,30.8
681,0.0017178058624267578,0.114,30.0
682,0.0011031627655029297,0.114,28.8
683,0.0005979537963867188,0.114,27.6
684,0.0015323162078857422,0.114,26.400000000000002
685,0.0005707740783691406,0.114,25.200000000000003
686,0.0015294551849365234,0.114,24.0
687,0.0006327629089355469,0.114,22.400000000000002
688,0.0015316009521484375,0.114,21.200000000000003
689,0.0005869865417480469,0.114,19.6
690,0.0022737979888916016,0.114,18.400000000000002
691,0.0005452632904052734,0.114,16.8
692,0.0018422603607177734,0.11199999999999999,15.600000000000001
693,0.0006687641143798828,0.10800000000000001,14.0
694,0.0017461776733398438,0.106,12.8
695,0.0005846023559570312,0.10300000000000001,11.200000000000001
696,0.0018682479858398438,0.10099999999999999,10.0
697,0.0005681514739990234,0.09699999999999999,8.8
698,0.0013468265533447266,0.09699999999999999,7.6000000000000005
699,0.0014646053314208984,0.09699999999999999,6.4
700,0.0006909370422363281,0.09699999999999999,5.6000000000000005
701,0.001417398452758789,0.09699999999999999,4.4
702,0.0005574226379394531,0.09699999999999999,3.6
703,0.0014324188232421875,0.09699999999999999,2.8000000000000003
704,0.0007328987121582031,0.09699999999999999,2.0
705,0.0022406578063964844,0.09699999999999999,1.6
706,0.0017151832580566406,0.09699999999999999,0.8
707,0.000797271728515625,0.09699999999999999,0.4
708,0.0011725425720214844,0.09699999999999999,0.4
709,0.0006124973297119141,0.09699999999999999,0.0
710,0.0018002986907958984,0.09699999999999999,0.0
711,0.0013647079467773438,0.09699999999999999,0.0
712,0.0011794567108154297,0.09699999999999999,0.0
713,0.0016911029815673828,0.09699999999999999,0.0
714,0.0007891654968261719,0.09699999999999999,0.4
715,0.0012900829315185547,0.09699999999999999,0.8
716,0.0006875991821289062,0.09699999999999999,1.2000000000000002
717,0.0021393299102783203,0.09699999999999999,2.0
718,0.0005865097045898438,0.09699999999999999,2.4000000000000004
719,0.002054929733276367,0.09699999999999999,3.2
720,0.0007472038269042969,0.09699999999999999,4.0
721,0.0018029212951660156,0.09699999999999999,5.2
722,0.0005707740783691406,0.09699999999999999,6.0
723,0.0020842552185058594,0.099,6.800000000000001
724,0.0020987987518310547,0.10099999999999999,8.0
725,0.0006110668182373047,0.106,9.200000000000001
726,0.0022895336151123047,0.106,10.4
727,0.0015995502471923828,0.10800000000000001,11.200000000000001
728,0.0006284713745117188,0.10800000000000001,12.4
729,0.0021648406982421875,0.11,13.600000000000001
730,0.002202272415161133,0.11900000000000001,14.8
731,0.0009496212005615234,0.127,16.0
732,0.0019385814666748047,0.134,16.8
733,0.0015568733215332031,0.136,18.0
734,0.0007188320159912109,0.14,19.200000000000003
735,0.002242565155029297,0.142,20.0
736,0.000629425048828125,0.147,21.200000000000003
737,0.0014939308166503906,0.149,22.0
738,0.0014524459838867188,0.151,23.200000000000003
739,0.0009570121765136719,0.151,24.0
740,0.002152681350708008,0.151,24.8
741,0.0016217231750488281,0.151,26.0
742,0.0007367134094238281,0.151,26.8
743,0.0013382434844970703,0.151,27.6
744,0.0006251335144042969,0.151,28.400000000000002
745,0.002084493637084961,0.155,29.200000000000003
746,0.0016436576843261719,0.155,30.0
747,0.0005981922149658203,0.155,30.8
748,0.002151966094970703,0.155,31.200000000000003
749,0.001567840576171875,0.155,32.0
750,0.0012547969818115234,0.155,32.4
751,0.0018875598907470703,0.155,33.2
752,0.0015673637390136719,0.155,33.6
753,0.0018162727355957031,0.155,34.0
754,0.0006923675537109375,0.155,34.4
755,0.0015821456909179688,0.155,34.800000000000004
756,0.0006570816040039062,0.155,35.2
757,0.002321004867553711,0.155,35.2
758,0.0006766319274902344,0.155,35.6
759,0.0022919178009033203,0.155,35.6
760,0.0009274482727050781,0.155,35.6
761,0.0017344951629638672,0.155,35.6
762,0.002302885055541992,0.155,35.6
763,0.0011096000671386719,0.155,35.6
764,0.0020287036895751953,0.157,35.2
765,0.0007066726684570312,0.162,35.2
766,0.0018377304077148438,0.168,34.800000000000004
767,0.0006256103515625,0.17,34.4
768,0.0021872520446777344,0.17,34.0
769,0.0007398128509521484,0.175,33.6
770,0.0015895366668701172,0.175,33.2
771,0.0005576610565185547,0.175,32.800000000000004
772,0.0013761520385742188,0.175,32.0
773,0.0005972385406494141,0.179,31.6
774,0.001991748809814453,0.179,31.200000000000003
775,0.0012497901916503906,0.179,30.8
776,0.0016303062438964844,0.18100000000000002,30.0
777,0.0017116069793701172,0.183,29.6
778,0.0007941722869873047,0.183,29.200000000000003
779,0.0018486976623535156,0.185,28.8
780,0.0006644725799560547,0.185,28.400000000000002
781,0.002321958541870117,0.185,28.0
782,0.002321958541870117,0.185,28.0
783,0.0016131401062011719,0.185,28.0
784,0.0007877349853515625,0.185,27.6
785,0.0015795230865478516,0.19,27.6
786,0.0006921291351318359,0.19,27.200000000000003
787,0.0019137859344482422,0.19,27.200000000000003
788,0.001678466796875,0.19,27.200000000000003
789,0.001355886459350586,0.19399999999999998,27.200000000000003
790,0.0006966590881347656,0.19399999999999998,27.6
791,0.0018391609191894531,0.19399999999999998,27.6
792,0.0013072490692138672,0.196,28.0
793,0.0006189346313476562,0.198,28.0
794,0.0015807151794433594,0.198,28.400000000000002
795,0.0016510486602783203,0.198,28.8
796,0.0007531642913818359,0.2,29.6
797,0.002016782760620117,0.203,30.0
798,0.0011925697326660156,0.203,30.8
799,0.000606536865234375,0.203,31.200000000000003
800,0.0017268657684326172,0.205,32.0
801,0.0016069412231445312,0.21100000000000002,33.2
802,0.0011615753173828125,0.21600000000000003,34.0
803,0.0006139278411865234,0.21600000000000003,34.800000000000004
804,0.0019369125366210938,0.21600000000000003,36.0
805,0.0021009445190429688,0.218,36.800000000000004
806,0.001695871353149414,0.22,38.0
807,0.0008013248443603516,0.22,39.2
808,0.0018804073333740234,0.22,40.0
809,0.0006392002105712891,0.22,41.2
810,0.0021047592163085938,0.22,42.400000000000006
811,0.002073526382446289,0.21600000000000003,43.6
812,0.0018754005432128906,0.21100000000000002,44.800000000000004
813,0.0008928775787353516,0.188,46.0
814,0.0019414424896240234,0.172,47.6
815,0.0009114742279052734,0.157,48.800000000000004
816,0.002743959426879883,0.153,50.0
817,0.0007359981536865234,0.153,51.2
818,0.0018460750579833984,0.149,52.400000000000006
819,0.0008823871612548828,0.147,53.6
820,0.0014767646789550781,0.14400000000000002,54.400000000000006
821,0.0006487369537353516,0.14400000000000002,55.6
822,0.001912832260131836,0.14400000000000002,56.0
823,0.0006058216094970703,0.14400000000000002,56.800000000000004
824,0.0015110969543457031,0.14400000000000002,57.2
825,0.0006465911865234375,0.14400000000000002,57.2
826,0.001992464065551758,0.14400000000000002,57.2
827,0.0023813247680664062,0.14400000000000002,57.2
828,0.001718282699584961,0.14400000000000002,56.800000000000004
829,0.002430438995361328,0.14400000000000002,56.0
830,0.0006487369537353516,0.14400000000000002,55.2
831,0.0019063949584960938,0.14400000000000002,54.400000000000006
832,0.0025615692138671875,0.14400000000000002,53.2
833,0.0007283687591552734,0.14400000000000002,52.0
834,0.0013554096221923828,0.14400000000000002,50.400000000000006
835,0.0006122589111328125,0.14400000000000002,48.800000000000004
836,0.0015072822570800781,0.14400000000000002,47.2
837,0.0013456344604492188,0.14400000000000002,45.2
838,0.0009212493896484375,0.14400000000000002,43.2
839,0.0016150474548339844,0.14400000000000002,41.2
840,0.0017037391662597656,0.14400000000000002,38.800000000000004
841,0.0007367134094238281,0.14400000000000002,36.4
842,0.0015361309051513672,0.14400000000000002,34.0
843,0.0005753040313720703,0.14400000000000002,31.6
844,0.0004978179931640625,0.14400000000000002,29.200000000000003
845,0.0016622543334960938,0.14400000000000002,26.400000000000002
846,0.0007050037384033203,0.14400000000000002,24.0
847,0.0015954971313476562,0.14400000000000002,21.6
848,0.0006566047668457031,0.14400000000000002,18.8
849,0.0013604164123535156,0.14400000000000002,16.400000000000002
850,0.0006849765777587891,0.14400000000000002,14.0
851,0.001123189926147461,0.14400000000000002,11.600000000000001
852,0.0005688667297363281,0.14400000000000002,9.600000000000001
853,0.0021681785583496094,0.14400000000000002,7.6000000000000005
854,0.0005197525024414062,0.14400000000000002,5.6000000000000005
855,0.001062631607055664,0.14400000000000002,3.6
856,0.0006194114685058594,0.14400000000000002,2.0
857,0.0019783973693847656,0.14400000000000002,0.8
858,0.0015413761138916016,0.147,-0.4
859,0.000827789306640625,0.151,-1.6
860,0.0017461776733398438,0.151,-2.4000000000000004
861,0.0009298324584960938,0.151,-3.2
862,0.0024683475494384766,0.151,-3.6
863,0.0006561279296875,0.153,-3.6
864,0.002185344696044922,0.155,-3.6
865,0.0016820430755615234,0.155,-3.6
866,0.0019221305847167969,0.155,-3.2
867,0.0016505718231201172,0.155,-2.4000000000000004
868,0.0006251335144042969,0.155,-1.6
869,0.0017108917236328125,0.155,-0.4
870,0.0006284713745117188,0.157,0.8
871,0.0013420581817626953,0.157,2.4000000000000004
872,0.0006074905395507812,0.157,4.4
873,0.0012674331665039062,0.157,6.0
874,0.0008258819580078125,0.157,8.0
875,0.0019583702087402344,0.157,10.4
876,0.0006265640258789062,0.157,12.4
877,0.0016748905181884766,0.157,14.8
878,0.0016639232635498047,0.157,17.2
879,0.002221345901489258,0.157,19.6
880,0.0016303062438964844,0.157,22.400000000000002
881,0.0006120204925537109,0.157,24.8
882,0.001363515853881836,0.157,27.6
883,0.0007216930389404297,0.157,30.0
884,0.002077341079711914,0.157,32.4
885,0.0016188621520996094,0.157,34.800000000000004
886,0.0005946159362792969,0.157,37.2
887,0.002132415771484375,0.157,39.6
888,0.0006120204925537109,0.157,42.0
889,0.0011353492736816406,0.157,44.0
890,0.0005803108215332031,0.157,46.0
891,0.0017197132110595703,0.157,48.0
892,0.0007195472717285156,0.157,49.6
893,0.002229928970336914,0.157,51.2
894,0.001861572265625,0.157,52.400000000000006
895,0.0005879402160644531,0.157,53.6
896,0.0021021366119384766,0.157,54.800000000000004
897,0.0012247562408447266,0.157,55.6
898,0.0007231235504150391,0.157,56.400000000000006
899,0.001443624496459961,0.157,56.800000000000004
900,0.0007035732269287109,0.157,57.2
901,0.0011708736419677734,0.157,57.6
902,0.0016353130340576172,0.155,57.6
903,0.002331972122192383,0.155,57.2
904,0.002254962921142578,0.155,57.2
905,0.002147197723388672,0.155,56.400000000000006
906,0.0005962848663330078,0.155,55.6
907,0.0012769699096679688,0.155,54.800000000000004
908,0.0009679794311523438,0.155,54.0
909,0.0015141963958740234,0.155,52.800000000000004
910,0.0007121562957763672,0.155,51.2
911,0.00164794921875,0.153,50.0
912,0.0014972686767578125,0.153,48.400000000000006
913,0.0013246536254882812,0.153,46.400000000000006
914,0.0013360977172851562,0.153,44.400000000000006
915,0.002305746078491211,0.153,42.800000000000004
916,0.00069427490234375,0.153,40.400000000000006
917,0.0028023719787597656,0.153,38.400000000000006
918,0.0007421970367431641,0.153,36.0
919,0.0016565322875976562,0.153,34.0
920,0.0005872249603271484,0.153,31.6
921,0.002390146255493164,0.153,29.200000000000003
922,0.0005791187286376953,0.153,26.8
923,0.0018246173858642578,0.153,24.400000000000002
924,0.0006043910980224609,0.153,22.0
925,0.0026683807373046875,0.153,19.6
926,0.0007066726684570312,0.153,17.2
927,0.0018935203552246094,0.153,15.200000000000001
928,0.0023534297943115234,0.153,13.200000000000001
929,0.0006937980651855469,0.153,11.200000000000001
930,0.0015795230865478516,0.153,9.200000000000001
931,0.0008366107940673828,0.153,7.6000000000000005
932,0.002472400665283203,0.153,6.0
933,0.0015254020690917969,0.153,4.4
934,0.0005674362182617188,0.153,3.2
935,0.002320528030395508,0.153,2.0
936,0.001374959945678711,0.153,1.2000000000000002
937,0.002187967300415039,0.153,0.4
938,0.0016551017761230469,0.153,0.0
939,0.0021338462829589844,0.153,-0.4
940,0.0021338462829589844,0.153,-0.4
941,0.00191497802734375,0.153,-0.4
942,0.0007488727569580078,0.153,-0.4
943,0.0017004013061523438,0.153,0.0
944,0.0007762908935546875,0.153,0.4
945,0.0017516613006591797,0.153,1.2000000000000002
946,0.0011334419250488281,0.153,2.0
947,0.0014786720275878906,0.153,3.2
948,0.0022411346435546875,0.153,4.4
949,0.0016818046569824219,0.153,6.0
950,0.0019915103912353516,0.153,7.2
951,0.0006134510040283203,0.153,9.200000000000001
952,0.002070188522338867,0.153,10.8
953,0.000774383544921875,0.153,12.8
954,0.0027740001678466797,0.153,14.8
955,0.001207590103149414,0.153,16.8
956,0.0016667842864990234,0.153,18.8
957,0.002368450164794922,0.153,21.200000000000003
958,0.0013294219970703125,0.153,23.200000000000003
959,0.0022058486938476562,0.153,25.200000000000003
960,0.0013072490692138672,0.153,27.6
961,0.0007417201995849609,0.153,29.6
962,0.0024979114532470703,0.153,31.6
963,0.0021402835845947266,0.153,33.6
964,0.0023882389068603516,0.153,35.6
965,0.0027222633361816406,0.153,37.6
966,0.0013470649719238281,0.153,39.2
967,0.0015060901641845703,0.153,41.2
968,0.0015342235565185547,0.153,42.800000000000004
969,0.0007040500640869141,0.153,44.0
970,0.0011396408081054688,0.153,45.2
971,0.0006110668182373047,0.153,46.400000000000006
972,0.0014913082122802734,0.153,47.6
973,0.0005702972412109375,0.153,48.400000000000006
974,0.002061128616333008,0.153,49.2
975,0.0007469654083251953,0.153,50.0
976,0.0014507770538330078,0.153,50.400000000000006
977,0.0005555152893066406,0.153,50.800000000000004
978,0.0014450550079345703,0.153,50.800000000000004
979,0.0006210803985595703,0.153,50.800000000000004
980,0.0013453960418701172,0.153,50.400000000000006
981,0.000644683837890625,0.153,50.400000000000006
982,0.0014753341674804688,0.153,49.6
983,0.0005877017974853516,0.153,49.2
984,0.0020852088928222656,0.153,48.400000000000006
985,0.0007529258728027344,0.153,47.6
986,0.001169443130493164,0.153,46.400000000000006
987,0.0005588531494140625,0.153,45.2
988,0.001966238021850586,0.153,44.0
989,0.0026073455810546875,0.153,42.400000000000006
990,0.0005555152893066406,0.153,41.2
991,0.0014808177947998047,0.153,39.6
992,0.0006990432739257812,0.153,37.6
993,0.0015022754669189453,0.153,36.0
994,0.0012929439544677734,0.153,34.0
995,0.0006120204925537109,0.153,32.4
996,0.0018131732940673828,0.153,30.400000000000002
997,0.0011410713195800781,0.153,28.400000000000002
998,0.0015871524810791016,0.153,26.400000000000002
999,0.0021181106567382812,0.153,24.400000000000002
1000,0.0006041526794433594,0.153,22.8
1001,0.0011551380157470703,0.153,20.8
1002,0.0005574226379394531,0.153,18.8
1003,0.0012271404266357422,0.153,17.2
1004,0.002477884292602539,0.153,15.600000000000001
1005,0.0005941390991210938,0.153,14.0
1006,0.0015056133270263672,0.153,12.4
1007,0.002055644989013672,0.153,10.8
1008,0.0025472640991210938,0.153,9.600000000000001
1009,0.0013651847839355469,0.153,8.4
1010,0.0006811618804931641,0.153,7.2
1011,0.0017192363739013672,0.153,6.4
1012,0.0009198188781738281,0.153,5.6000000000000005
1013,0.0011832714080810547,0.153,5.2
1014,0.0006787776947021484,0.153,4.800000000000001
1015,0.001257181167602539,0.153,4.4
1016,0.001756906509399414,0.153,4.4
1017,0.0016694068908691406,0.153,4.4
1018,0.0009317398071289062,0.153,4.800000000000001
1019,0.0016508102416992188,0.153,5.2
1020,0.0008473396301269531,0.153,5.6000000000000005
1021,0.0015866756439208984,0.153,6.4
1022,0.0006518363952636719,0.153,7.2
1023,0.0022211074829101562,0.153,8.0
1024,0.00077056884765625,0.153,9.200000000000001
1025,0.001016855239868164,0.153,10.4
1026,0.0005688667297363281,0.153,11.600000000000001
1027,0.0020189285278320312,0.153,12.8
1028,0.0006437301635742188,0.153,14.4
1029,0.0015118122100830078,0.153,16.0
1030,0.0007336139678955078,0.153,17.6
1031,0.002164602279663086,0.153,19.200000000000003
1032,0.0005486011505126953,0.153,21.200000000000003
1033,0.0017085075378417969,0.153,22.8
1034,0.0005528926849365234,0.153,24.400000000000002
1035,0.0009908676147460938,0.153,26.400000000000002
1036,0.0010867118835449219,0.153,29.6
1037,0.0006368160247802734,0.153,31.200000000000003
1038,0.0009918212890625,0.153,32.800000000000004
1039,0.0007457733154296875,0.153,34.4
1040,0.0012700557708740234,0.153,36.0
1041,0.0005545616149902344,0.153,37.2
1042,0.001672983169555664,0.153,38.800000000000004
1043,0.0007071495056152344,0.153,40.0
1044,0.0014004707336425781,0.153,40.800000000000004
1045,0.0005393028259277344,0.153,42.0
1046,0.0016133785247802734,0.153,42.800000000000004
1047,0.0005433559417724609,0.153,43.6
1048,0.0019989013671875,0.153,44.400000000000006
1049,0.0006742477416992188,0.153,44.800000000000004
1050,0.001844167709350586,0.153,45.2
1051,0.0009021759033203125,0.153,45.2
1052,0.0005824565887451172,0.153,45.6
1053,0.001680135726928711,0.153,45.6
1054,0.0015015602111816406,0.153,45.2
1055,0.0015788078308105469,0.153,45.2
1056,0.0008170604705810547,0.153,44.800000000000004
1057,0.0009527206420898438,0.153,44.400000000000006
1058,0.0006768703460693359,0.153,43.6
1059,0.00133514404296875,0.153,42.800000000000004
1060,0.0006153583526611328,0.153,42.0
1061,0.0014510154724121094,0.153,41.2
1062,0.001298666000366211,0.153,40.0
1063,0.0021588802337646484,0.153,38.800000000000004
1064,0.0011420249938964844,0.153,37.6
1065,0.0011372566223144531,0.153,36.4
1066,0.002838134765625,0.153,35.2
1067,0.0007369518280029297,0.153,33.6
1068,0.001552581787109375,0.153,32.4
1069,0.0014886856079101562,0.153,30.8
1070,0.0006837844848632812,0.153,29.200000000000003
1071,0.0013682842254638672,0.153,28.0
1072,0.0006062984466552734,0.153,26.400000000000002
1073,0.001481771469116211,0.153,24.8
1074,0.0007879734039306641,0.153,23.200000000000003
1075,0.0014057159423828125,0.153,22.0
1076,0.00087738037109375,0.153,20.400000000000002
1077,0.002762317657470703,0.153,19.200000000000003
1078,0.0007152557373046875,0.153,17.6
1079,0.0020384788513183594,0.153,16.400000000000002
1080,0.0006930828094482422,0.153,15.200000000000001
1081,0.0013952255249023438,0.153,14.4
1082,0.0013952255249023438,0.153,14.4
1083,0.0014586448669433594,0.153,13.200000000000001
1084,0.0007634162902832031,0.153,12.4
1085,0.0021288394927978516,0.153,11.600000000000001
1086,0.0007128715515136719,0.153,10.8
1087,0.0027267932891845703,0.153,10.4
1088,0.00057220458984375,0.153,10.0
1089,0.0018956661224365234,0.153,9.600000000000001
1090,0.0018153190612792969,0.153,9.200000000000001
1091,0.0009605884552001953,0.153,9.200000000000001
1092,0.0021033287048339844,0.153,9.200000000000001
1093,0.0015430450439453125,0.153,9.200000000000001
1094,0.0007054805755615234,0.153,9.600000000000001
1095,0.002153635025024414,0.153,10.0
1096,0.0006024837493896484,0.153,10.4
1097,0.0021104812622070312,0.153,11.200000000000001
1098,0.0007433891296386719,0.153,12.0
1099,0.0016632080078125,0.153,12.8
1100,0.00263214111328125,0.153,13.600000000000001
1101,0.0010690689086914062,0.153,14.4
1102,0.0024001598358154297,0.153,15.600000000000001
1103,0.0005834102630615234,0.153,16.8
1104,0.0016734600067138672,0.153,18.0
1105,0.0008378028869628906,0.153,19.200000000000003
1106,0.0016138553619384766,0.153,20.400000000000002
1107,0.000823974609375,0.153,22.0
1108,0.0012822151184082031,0.153,23.200000000000003
1109,0.0015366077423095703,0.153,24.400000000000002
1110,0.0007891654968261719,0.153,26.0
1111,0.0016765594482421875,0.153,27.200000000000003
1112,0.001374959945678711,0.153,28.8
1113,0.00072479248046875,0.153,30.0
1114,0.0018067359924316406,0.153,31.200000000000003
1115,0.0009996891021728516,0.153,32.4
1116,0.002507925033569336,0.153,33.6
1117,0.002480745315551758,0.153,34.800000000000004
1118,0.0019762516021728516,0.149,35.6
1119,0.002680063247680664,0.149,36.800000000000004
1120,0.0016622543334960938,0.147,37.6
1121,0.0009944438934326172,0.14400000000000002,38.400000000000006
1122,0.0021123886108398438,0.14400000000000002,39.2
1123,0.0006589889526367188,0.142,40.0
1124,0.0021200180053710938,0.142,40.400000000000006
1125,0.0006184577941894531,0.14,40.800000000000004
1126,0.0010831356048583984,0.136,41.2
1127,0.0007569789886474609,0.136,41.2
1128,0.0013668537139892578,0.136,41.2
1129,0.0006322860717773438,0.136,41.2
1130,0.001804351806640625,0.136,41.2
1131,0.0007097721099853516,0.136,40.800000000000004
1132,0.0018231868743896484,0.136,40.400000000000006
1133,0.0006814002990722656,0.136,40.0
1134,0.001447439193725586,0.136,39.2
1135,0.0005376338958740234,0.136,38.400000000000006
1136,0.0012230873107910156,0.136,37.6
1137,0.0007865428924560547,0.136,36.4
1138,0.0018527507781982422,0.136,35.6
1139,0.002052783966064453,0.136,34.4
1140,0.0007181167602539062,0.136,33.2
1141,0.00121307373046875,0.136,31.6
1142,0.0011882781982421875,0.136,30.400000000000002
1143,0.0006251335144042969,0.136,28.8
1144,0.0012769699096679688,0.136,27.200000000000003
1145,0.0005621910095214844,0.136,25.6
1146,0.0015957355499267578,0.136,24.0
1147,0.00180816650390625,0.136,22.8
1148,0.0005724430084228516,0.136,21.200000000000003
1149,0.001893758773803711,0.136,19.6
1150,0.0005562305450439453,0.136,18.0
1151,0.0020704269409179688,0.136,16.400000000000002
1152,0.0018115043640136719,0.136,14.8
1153,0.0017924308776855469,0.136,13.600000000000001
1154,0.00275421142578125,0.136,12.4
1155,0.0015270709991455078,0.136,10.8
1156,0.0008096694946289062,0.136,9.600000000000001
1157,0.001318216323852539,0.136,8.8
1158,0.0006167888641357422,0.136,7.6000000000000005
1159,0.0018870830535888672,0.136,6.800000000000001
1160,0.0012240409851074219,0.136,6.0
1161,0.0012090206146240234,0.136,5.6000000000000005
1162,0.0013442039489746094,0.136,4.800000000000001
1163,0.0016138553619384766,0.136,4.800000000000001
1164,0.0009808540344238281,0.136,4.4
1165,0.0016214847564697266,0.136,4.4
1166,0.0006427764892578125,0.136,4.4
1167,0.001514434814453125,0.136,4.4
1168,0.0006551742553710938,0.136,4.800000000000001
1169,0.0029320716857910156,0.136,5.2
1170,0.001312255859375,0.136,5.6000000000000005
1171,0.0013706684112548828,0.136,6.4
1172,0.001375436782836914,0.136,7.2
1173,0.0006279945373535156,0.136,8.0
1174,0.0012488365173339844,0.136,9.200000000000001
1175,0.0007121562957763672,0.136,10.0
1176,0.0014297962188720703,0.136,11.200000000000001
1177,0.0006437301635742188,0.136,12.4
1178,0.0019412040710449219,0.136,13.600000000000001
1179,0.0008103847503662109,0.136,15.200000000000001
1180,0.0014576911926269531,0.136,16.400000000000002
1181,0.0005981922149658203,0.136,18.0
1182,0.0013582706451416016,0.136,19.200000000000003
1183,0.0007138252258300781,0.136,20.8
1184,0.002165555953979492,0.136,22.0
1185,0.0006852149963378906,0.136,23.6
1186,0.0017940998077392578,0.136,24.8
1187,0.0005447864532470703,0.136,26.0
1188,0.0013728141784667969,0.136,27.6
1189,0.0006155967712402344,0.136,28.8
1190,0.0012049674987792969,0.136,30.0
1191,0.0010745525360107422,0.136,30.8
1192,0.0005919933319091797,0.136,32.0
1193,0.0013308525085449219,0.136,32.800000000000004
1194,0.0015103816986083984,0.136,33.6
1195,0.0006406307220458984,0.136,34.4
1196,0.0012965202331542969,0.136,35.2
1197,0.0013246536254882812,0.136,35.6
1198,0.0019583702087402344,0.136,36.4
1199,0.0018582344055175781,0.136,36.4
1200,0.0027942657470703125,0.138,36.800000000000004
1201,0.0018780231475830078,0.14,36.800000000000004
1202,0.0025801658630371094,0.142,37.2
1203,0.001737356185913086,0.14400000000000002,36.800000000000004
1204,0.0008022785186767578,0.14400000000000002,36.800000000000004
1205,0.0022933483123779297,0.147,36.4
1206,0.001477956771850586,0.147,36.0
1207,0.0015811920166015625,0.147,35.6
1208,0.002605438232421875,0.147,35.2
1209,0.0007274150848388672,0.147,34.4
1210,0.0011408329010009766,0.147,33.6
1211,0.0015597343444824219,0.147,32.800000000000004
1212,0.0012593269348144531,0.149,32.0
1213,0.002119779586791992,0.149,31.200000000000003
1214,0.0010712146759033203,0.151,30.400000000000002
1215,0.0015223026275634766,0.151,29.200000000000003
1216,0.0018887519836425781,0.153,28.400000000000002
1217,0.0018503665924072266,0.153,27.200000000000003
1218,0.0015189647674560547,0.157,26.400000000000002
1219,0.002071380615234375,0.157,25.200000000000003
1220,0.0012264251708984375,0.157,24.0
1221,0.0014460086822509766,0.157,23.200000000000003
1222,0.000762939453125,0.157,22.0
1223,0.0018227100372314453,0.157,21.200000000000003
1224,0.0007240772247314453,0.157,20.400000000000002
1225,0.0016694068908691406,0.157,19.200000000000003
1226,0.0016694068908691406,0.157,19.200000000000003
1227,0.0016736984252929688,0.157,18.400000000000002
1228,0.0006430149078369141,0.159,18.0
1229,0.0027015209197998047,0.159,17.2
1230,0.0005900859832763672,0.159,16.8
1231,0.0016963481903076172,0.159,16.0
1232,0.0005769729614257812,0.159,15.600000000000001
1233,0.0019409656524658203,0.159,15.200000000000001
1234,0.0005538463592529297,0.159,15.200000000000001
1235,0.0020492076873779297,0.159,14.8
1236,0.0006189346313476562,0.159,14.8
1237,0.001458883285522461,0.159,14.8
1238,0.0007519721984863281,0.159,14.8
1239,0.0013012886047363281,0.159,15.200000000000001
1240,0.0008051395416259766,0.159,15.600000000000001
1241,0.0017864704132080078,0.159,16.0
1242,0.0006215572357177734,0.159,16.400000000000002
1243,0.0021753311157226562,0.159,16.8
1244,0.0006525516510009766,0.159,17.6
1245,0.0012226104736328125,0.159,18.0
1246,0.0006105899810791016,0.159,18.8
1247,0.0022683143615722656,0.159,19.6
1248,0.0014519691467285156,0.159,20.400000000000002
1249,0.00211334228515625,0.159,21.6
1250,0.0016160011291503906,0.159,22.400000000000002
1251,0.0006630420684814453,0.159,23.200000000000003
1252,0.0017483234405517578,0.159,24.400000000000002
1253,0.001699686050415039,0.159,25.200000000000003
1254,0.001111745834350586,0.159,26.400000000000002
1255,0.001285552978515625,0.159,27.6
1256,0.0007185935974121094,0.159,28.400000000000002
1257,0.0027785301208496094,0.159,29.6
1258,0.0007398128509521484,0.159,30.400000000000002
1259,0.0017843246459960938,0.159,31.6
1260,0.0006210803985595703,0.159,32.4
1261,0.0016634464263916016,0.162,33.2
1262,0.0015716552734375,0.16399999999999998,34.4
1263,0.0015192031860351562,0.16399999999999998,35.2
1264,0.0009591579437255859,0.16399999999999998,36.0
1265,0.0019686222076416016,0.166,36.4
1266,0.0007882118225097656,0.166,37.2
1267,0.0014185905456542969,0.168,37.6
1268,0.002311229705810547,0.168,38.400000000000006
1269,0.0007822513580322266,0.168,38.800000000000004
1270,0.0008268356323242188,0.168,39.2
1271,0.0012538433074951172,0.17,39.2
1272,0.0006246566772460938,0.17,39.6
1273,0.001802206039428711,0.17,39.6
1274,0.0007569789886474609,0.17,40.0
1275,0.0021393299102783203,0.17,40.0
1276,0.0008065700531005859,0.17,40.0
1277,0.001657724380493164,0.17,40.0
1278,0.0009050369262695312,0.17,39.6
1279,0.0016705989837646484,0.17,39.6
1280,0.0005977153778076172,0.17,39.2
1281,0.0017104148864746094,0.17,39.2
1282,0.0005745887756347656,0.17,38.800000000000004
1283,0.0013034343719482422,0.17,38.400000000000006
1284,0.0006465911865234375,0.17,38.0
1285,0.0019571781158447266,0.17,37.6
1286,0.0007236003875732422,0.17,36.800000000000004
1287,0.0019211769104003906,0.17,36.4
1288,0.0005822181701660156,0.17,36.0
1289,0.001859426498413086,0.17,35.2
1290,0.0007927417755126953,0.16399999999999998,34.800000000000004
1291,0.0018992424011230469,0.155,34.0
1292,0.0005855560302734375,0.151,33.2
1293,0.001714944839477539,0.151,32.800000000000004
1294,0.0005831718444824219,0.147,32.0
1295,0.0028514862060546875,0.14,31.200000000000003
1296,0.001081705093383789,0.14,30.8
1297,0.0007481575012207031,0.138,30.0
1298,0.0016279220581054688,0.138,29.200000000000003
1299,0.0007810592651367188,0.138,28.400000000000002
1300,0.0016322135925292969,0.138,27.6
1301,0.0007305145263671875,0.138,26.8
1302,0.002035379409790039,0.136,26.0
1303,0.0005788803100585938,0.134,25.200000000000003
1304,0.0020754337310791016,0.131,24.400000000000002
1305,0.0010535717010498047,0.129,23.6
1306,0.0007071495056152344,0.129,22.8
1307,0.0011816024780273438,0.129,22.0
1308,0.001302480697631836,0.129,21.200000000000003
1309,0.002814054489135742,0.129,20.0
1310,0.0015342235565185547,0.129,19.200000000000003
1311,0.0008168220520019531,0.129,18.400000000000002
1312,0.0018854141235351562,0.129,17.6
1313,0.0017080307006835938,0.129,16.8
1314,0.0017130374908447266,0.129,16.0
1315,0.000904083251953125,0.129,15.200000000000001
1316,0.0020377635955810547,0.129,14.8
1317,0.0006358623504638672,0.129,14.0
1318,0.0019073486328125,0.129,13.600000000000001
1319,0.0006163120269775391,0.131,12.8
1320,0.001821279525756836,0.131,12.4
1321,0.0006248950958251953,0.131,12.0
1322,0.0021271705627441406,0.134,11.600000000000001
1323,0.0011775493621826172,0.134,11.200000000000001
1324,0.0006268024444580078,0.134,11.200000000000001
1325,0.00189971923828125,0.138,10.8
1326,0.0005979537963867188,0.138,10.8
1327,0.0021295547485351562,0.138,10.8
1328,0.0005717277526855469,0.138,10.8
1329,0.0018613338470458984,0.138,10.8
1330,0.0007219314575195312,0.138,11.200000000000001
1331,0.0016674995422363281,0.138,11.600000000000001
1332,0.0007014274597167969,0.142,12.0
1333,0.0016300678253173828,0.14400000000000002,12.4
1334,0.0007011890411376953,0.14400000000000002,12.8
1335,0.0013275146484375,0.14400000000000002,13.200000000000001
1336,0.0007994174957275391,0.14400000000000002,14.0
1337,0.0018274784088134766,0.14400000000000002,14.8
1338,0.0007255077362060547,0.14400000000000002,15.600000000000001
1339,0.001461029052734375,0.14400000000000002,16.400000000000002
1340,0.0006465911865234375,0.14400000000000002,17.2
1341,0.0012280941009521484,0.14400000000000002,18.0
1342,0.0006945133209228516,0.14400000000000002,18.8
1343,0.0018310546875,0.14400000000000002,20.0
1344,0.0007975101470947266,0.14400000000000002,20.8
1345,0.0012698173522949219,0.14400000000000002,22.0
1346,0.0005996227264404297,0.14400000000000002,22.8
1347,0.0016562938690185547,0.14400000000000002,24.0
1348,0.0005655288696289062,0.14400000000000002,24.8
1349,0.0014069080352783203,0.14400000000000002,26.0
1350,0.0005800724029541016,0.14400000000000002,26.8
1351,0.00131988525390625,0.14400000000000002,27.6
1352,0.0015223026275634766,0.14400000000000002,28.8
1353,0.0007412433624267578,0.14400000000000002,29.6
1354,0.002666473388671875,0.14400000000000002,30.400000000000002
1355,0.0017597675323486328,0.14400000000000002,31.200000000000003
1356,0.0007708072662353516,0.14400000000000002,31.6
1357,0.001775503158569336,0.14400000000000002,32.4
1358,0.0007922649383544922,0.14400000000000002,32.800000000000004
1359,0.0022101402282714844,0.14400000000000002,33.6
1360,0.0006432533264160156,0.14400000000000002,34.0
1361,0.0017347335815429688,0.136,34.4
1362,0.0012814998626708984,0.127,34.4
1363,0.0009579658508300781,0.12300000000000001,34.800000000000004
1364,0.0011425018310546875,0.11900000000000001,34.800000000000004
1365,0.0007679462432861328,0.11599999999999999,34.800000000000004
1366,0.0017015933990478516,0.114,34.800000000000004
1367,0.0017015933990478516,0.11199999999999999,34.800000000000004
1368,0.002732515335083008,0.11,34.800000000000004
1369,0.0009722709655761719,0.10800000000000001,34.4
1370,0.0012290477752685547,0.10800000000000001,34.4
1371,0.0007848739624023438,0.10800000000000001,33.6
1372,0.001752614974975586,0.10800000000000001,33.2
1373,0.0026161670684814453,0.10300000000000001,32.4
1374,0.0006842613220214844,0.10300000000000001,32.0
1375,0.0013034343719482422,0.10300000000000001,30.8
1376,0.0008368492126464844,0.10300000000000001,30.0
1377,0.0015048980712890625,0.10300000000000001,28.8
1378,0.0007579326629638672,0.10300000000000001,28.0
1379,0.0013661384582519531,0.10300000000000001,26.8
1380,0.0006022453308105469,0.10300000000000001,25.200000000000003
1381,0.001882791519165039,0.10300000000000001,24.0
1382,0.0007669925689697266,0.10300000000000001,22.400000000000002
1383,0.0020399093627929688,0.10300000000000001,21.200000000000003
1384,0.0005729198455810547,0.10300000000000001,19.6
1385,0.0016698837280273438,0.10300000000000001,18.0
1386,0.0005552768707275391,0.10300000000000001,16.400000000000002
1387,0.002129077911376953,0.10300000000000001,15.200000000000001
1388,0.0007669925689697266,0.106,13.600000000000001
1389,0.0017876625061035156,0.10800000000000001,12.0
1390,0.0005733966827392578,0.11,10.4
1391,0.0017964839935302734,0.11,9.200000000000001
1392,0.000553131103515625,0.11,7.6000000000000005
1393,0.0011882781982421875,0.114,6.4
1394,0.0005533695220947266,0.114,5.2
1395,0.0017852783203125,0.114,4.0
1396,0.0007152557373046875,0.11599999999999999,2.8000000000000003
1397,0.0017843246459960938,0.11599999999999999,2.0
1398,0.0005886554718017578,0.11599999999999999,1.2000000000000002
1399,0.0021436214447021484,0.11599999999999999,0.4
1400,0.0005869865417480469,0.121,0.0
1401,0.002013683319091797,0.121,-0.4
1402,0.0005543231964111328,0.121,-0.8
1403,0.001371622085571289,0.121,-0.8
1404,0.0005807876586914062,0.12300000000000001,-0.8
1405,0.0018415451049804688,0.12300000000000001,-0.8
1406,0.0005326271057128906,0.12300000000000001,-0.4
1407,0.0021038055419921875,0.12300000000000001,0.0
1408,0.0017497539520263672,0.12300000000000001,0.8
1409,0.0004429817199707031,0.125,1.2000000000000002
1410,0.0004372596740722656,0.125,2.0
1411,0.0007700920104980469,0.125,3.2
1412,0.002734661102294922,0.127,4.4
1413,0.0009653568267822266,0.127,5.6000000000000005
1414,0.002845287322998047,0.127,6.800000000000001
1415,0.00191497802734375,0.127,8.0
1416,0.0014467239379882812,0.129,9.600000000000001
1417,0.0009851455688476562,0.129,11.200000000000001
1418,0.001905679702758789,0.131,12.8
1419,0.0005135536193847656,0.134,14.4
1420,0.001055002212524414,0.138,16.0
1421,0.0027818679809570312,0.14,17.6
1422,0.002135753631591797,0.142,19.200000000000003
1423,0.0014574527740478516,0.142,20.8
1424,0.0016782283782958984,0.142,22.8
1425,0.001604318618774414,0.142,24.400000000000002
1426,0.0008771419525146484,0.142,26.0
1427,0.0017066001892089844,0.142,27.6
1428,0.0007233619689941406,0.142,28.8
1429,0.0017800331115722656,0.142,30.400000000000002
1430,0.0008862018585205078,0.142,31.6
1431,0.0011723041534423828,0.142,33.2
1432,0.0006368160247802734,0.142,34.4
1433,0.0012750625610351562,0.142,35.6
1434,0.0007700920104980469,0.142,36.4
1435,0.0014748573303222656,0.142,37.6
1436,0.0007255077362060547,0.142,38.400000000000006
1437,0.0011534690856933594,0.142,39.2
1438,0.0008878707885742188,0.142,39.6
1439,0.0005488395690917969,0.142,40.0
1440,0.0006139278411865234,0.142,40.400000000000006
1441,0.00048470497131347656,0.138,40.800000000000004
1442,0.0016040802001953125,0.138,40.800000000000004
1443,0.00072479248046875,0.134,41.2
1444,0.001909017562866211,0.129,40.800000000000004
1445,0.0005619525909423828,0.129,40.800000000000004
1446,0.0015380382537841797,0.127,40.400000000000006
1447,0.0005843639373779297,0.12300000000000001,40.0
1448,0.0013442039489746094,0.12300000000000001,39.6
1449,0.0006949901580810547,0.121,38.800000000000004
1450,0.001348733901977539,0.11900000000000001,38.0
1451,0.0005691051483154297,0.11599999999999999,37.2
1452,0.0016813278198242188,0.11199999999999999,36.0
1453,0.0005550384521484375,0.11199999999999999,34.800000000000004
1454,0.0012896060943603516,0.11199999999999999,33.6
1455,0.0005679130554199219,0.11199999999999999,32.4
1456,0.0019366741180419922,0.11199999999999999,30.8
1457,0.0007977485656738281,0.11199999999999999,29.200000000000003
1458,0.0016283988952636719,0.11,27.6
1459,0.000652313232421875,0.11,26.0
1460,0.0018277168273925781,0.11,24.0
1461,0.0009386539459228516,0.11,22.400000000000002
1462,0.00118255615234375,0.11,20.400000000000002
1463,0.001978635787963867,0.11,18.8
1464,0.001764535903930664,0.11,16.8
1465,0.0012395381927490234,0.11,14.8
1466,0.0007138252258300781,0.11,13.200000000000001
1467,0.0026633739471435547,0.11,11.200000000000001
1468,0.001600503921508789,0.11,9.600000000000001
1469,0.002095937728881836,0.11,8.0
1470,0.001354217529296875,0.11,6.4
1471,0.0011522769927978516,0.11,4.800000000000001
1472,0.0020797252655029297,0.11,3.2
1473,0.0007562637329101562,0.11,2.0
1474,0.0018630027770996094,0.11,0.8
1475,0.0008127689361572266,0.11,-0.4
1476,0.0015633106231689453,0.11,-1.2000000000000002
1477,0.0006086826324462891,0.11,-2.0
1478,0.0012564659118652344,0.11,-2.8000000000000003
1479,0.0008120536804199219,0.11,-3.2
1480,0.002023458480834961,0.11,-3.6
1481,0.0006022453308105469,0.11,-3.6
1482,0.0016493797302246094,0.11,-4.0
1483,0.0008416175842285156,0.11199999999999999,-3.6
1484,0.0019459724426269531,0.11199999999999999,-3.6
1485,0.0006544589996337891,0.114,-2.8000000000000003
1486,0.0021202564239501953,0.114,-2.4000000000000004
1487,0.0005810260772705078,0.11599999999999999,-1.6
1488,0.001680135726928711,0.11599999999999999,-0.8
1489,0.0006947517395019531,0.11599999999999999,0.0
1490,0.0020363330841064453,0.121,1.2000000000000002
1491,0.0007023811340332031,0.125,2.4000000000000004
1492,0.0027573108673095703,0.125,4.0
1493,0.0006015300750732422,0.127,5.2
1494,0.001420736312866211,0.127,6.800000000000001
1495,0.0017542839050292969,0.127,8.4
1496,0.0005958080291748047,0.131,10.0
1497,0.0011892318725585938,0.131,11.600000000000001
1498,0.0006251335144042969,0.131,13.600000000000001
1499,0.0019230842590332031,0.136,15.200000000000001
1500,0.00054931640625,0.138,17.2
1501,0.0019736289978027344,0.138,18.8
1502,0.0006074905395507812,0.142,20.8
1503,0.0016932487487792969,0.14400000000000002,22.400000000000002
1504,0.0005712509155273438,0.147,24.400000000000002
1505,0.001270294189453125,0.149,26.0
1506,0.0006551742553710938,0.149,27.6
1507,0.002230405807495117,0.149,29.6
1508,0.0006122589111328125,0.151,31.200000000000003
1509,0.0022306442260742188,0.153,32.4
1510,0.0016241073608398438,0.153,34.0
1511,0.0016241073608398438,0.153,34.0
1512,0.0013592243194580078,0.153,35.2
1513,0.0006923675537109375,0.153,36.800000000000004
1514,0.001748800277709961,0.153,38.0
1515,0.002568960189819336,0.153,39.2
1516,0.0012354850769042969,0.153,40.0
1517,0.0019800662994384766,0.153,40.800000000000004
1518,0.0006568431854248047,0.153,41.6
1519,0.002153158187866211,0.153,42.400000000000006
1520,0.0012021064758300781,0.153,43.2
1521,0.0023720264434814453,0.153,43.6
1522,0.0019834041595458984,0.153,44.0
1523,0.0018477439880371094,0.153,44.0
1524,0.0019040107727050781,0.153,44.400000000000006
1525,0.001512765884399414,0.153,44.400000000000006
1526,0.0006909370422363281,0.151,44.0
1527,0.0021085739135742188,0.14400000000000002,44.0
1528,0.0006809234619140625,0.138,43.6
1529,0.0019598007202148438,0.136,43.2
1530,0.0006175041198730469,0.136,42.400000000000006
1531,0.001886606216430664,0.134,42.0
1532,0.0005614757537841797,0.131,41.2
1533,0.0014667510986328125,0.131,40.400000000000006
1534,0.0005903244018554688,0.131,39.6
1535,0.001760244369506836,0.131,38.400000000000006
1536,0.0012621879577636719,0.131,37.2
1537,0.0006270408630371094,0.131,36.0
1538,0.0018892288208007812,0.129,34.800000000000004
1539,0.0008590221405029297,0.129,33.2
1540,0.0015017986297607422,0.127,31.6
1541,0.0007650852203369141,0.127,30.0
1542,0.001970052719116211,0.125,28.400000000000002
1543,0.0008444786071777344,0.12300000000000001,26.8
1544,0.0021486282348632812,0.12300000000000001,25.200000000000003
1545,0.0006051063537597656,0.12300000000000001,23.6
1546,0.001669168472290039,0.12300000000000001,21.6
1547,0.0007081031799316406,0.12300000000000001,20.0
1548,0.0017249584197998047,0.12300000000000001,18.400000000000002
1549,0.0014829635620117188,0.12300000000000001,16.400000000000002
1550,0.0007429122924804688,0.12300000000000001,14.8
1551,0.002744913101196289,0.12300000000000001,13.200000000000001
1552,0.0007088184356689453,0.12300000000000001,11.600000000000001
1553,0.0017099380493164062,0.12300000000000001,10.0
1554,0.0013685226440429688,0.12300000000000001,8.4
1555,0.0006175041198730469,0.12300000000000001,7.2
1556,0.0016849040985107422,0.12300000000000001,6.0
1557,0.0006918907165527344,0.12300000000000001,4.800000000000001
1558,0.0017511844635009766,0.12300000000000001,3.6
1559,0.0023500919342041016,0.12300000000000001,2.8000000000000003
1560,0.0006804466247558594,0.12300000000000001,2.0
1561,0.0020422935485839844,0.12300000000000001,1.2000000000000002
1562,0.0007143020629882812,0.12300000000000001,0.8
1563,0.001708984375,0.12300000000000001,0.4
1564,0.0007569789886474609,0.12300000000000001,0.4
1565,0.002036571502685547,0.12300000000000001,0.4
1566,0.0006251335144042969,0.12300000000000001,0.4
1567,0.0018169879913330078,0.12300000000000001,0.4
1568,0.0012335777282714844,0.12300000000000001,0.8
1569,0.0015149116516113281,0.125,1.6
1570,0.002518177032470703,0.125,2.0
1571,0.0006768703460693359,0.127,2.8000000000000003
1572,0.0017812252044677734,0.127,3.6
1573,0.0015213489532470703,0.129,4.800000000000001
1574,0.0017142295837402344,0.134,6.0
1575,0.0013949871063232422,0.136,7.2
1576,0.0014884471893310547,0.138,8.4
1577,0.0008623600006103516,0.142,9.600000000000001
1578,0.002208232879638672,0.142,11.200000000000001
1579,0.0006809234619140625,0.14400000000000002,12.8
1580,0.001669168472290039,0.14400000000000002,14.4
1581,0.0006134510040283203,0.149,16.0
1582,0.0019788742065429688,0.149,17.6
1583,0.0007352828979492188,0.149,19.200000000000003
1584,0.0021407604217529297,0.149,20.8
1585,0.0006346702575683594,0.149,22.8
1586,0.0017566680908203125,0.149,24.400000000000002
1587,0.0007035732269287109,0.149,26.0
1588,0.0016946792602539062,0.153,27.6
1589,0.0007228851318359375,0.153,29.200000000000003
1590,0.002077341079711914,0.153,30.8
1591,0.0007536411285400391,0.153,32.4
1592,0.0015799999237060547,0.153,34.0
1593,0.0006816387176513672,0.153,35.2
1594,0.0017321109771728516,0.155,36.800000000000004
1595,0.0005543231964111328,0.155,38.0
1596,0.0018877983093261719,0.155,39.2
1597,0.00107574462890625,0.157,40.0
1598,0.001752614974975586,0.157,41.2
1599,0.0009016990661621094,0.157,42.0
1600,0.0015108585357666016,0.157,42.800000000000004
1601,0.0006482601165771484,0.157,43.2
1602,0.0016531944274902344,0.162,44.0
1603,0.000591278076171875,0.16399999999999998,44.400000000000006
1604,0.0028870105743408203,0.166,44.400000000000006
1605,0.0006392002105712891,0.168,44.800000000000004
1606,0.002521991729736328,0.17,44.800000000000004
1607,0.0006458759307861328,0.172,44.800000000000004
1608,0.0018846988677978516,0.175,44.800000000000004
1609,0.0006468296051025391,0.177,44.400000000000006
1610,0.0021445751190185547,0.179,44.0
1611,0.001031637191772461,0.18100000000000002,43.6
1612,0.0014357566833496094,0.183,43.2
1613,0.001371145248413086,0.183,42.400000000000006
1614,0.0007264614105224609,0.183,42.0
1615,0.0010046958923339844,0.183,41.2
1616,0.0008406639099121094,0.183,40.400000000000006
1617,0.0006210803985595703,0.183,39.6
1618,0.0005867481231689453,0.185,39.2
1619,0.001863241195678711,0.185,38.400000000000006
1620,0.0009047985076904297,0.185,37.2
1621,0.0014047622680664062,0.185,36.4
1622,0.001970529556274414,0.185,35.6
1623,0.0008008480072021484,0.185,34.800000000000004
1624,0.0018947124481201172,0.185,34.0
1625,0.0006022453308105469,0.185,33.2
1626,0.0015997886657714844,0.185,32.4
1627,0.0007283687591552734,0.185,31.6
1628,0.001644134521484375,0.185,31.200000000000003
1629,0.0015702247619628906,0.185,30.400000000000002
1630,0.0006048679351806641,0.185,29.6
1631,0.0026285648345947266,0.185,29.200000000000003
1632,0.00058746337890625,0.185,28.400000000000002
1633,0.001825094223022461,0.185,28.0
1634,0.0007977485656738281,0.185,27.6
1635,0.0016760826110839844,0.185,27.200000000000003
1636,0.0006897449493408203,0.185,26.8
1637,0.0012052059173583984,0.185,26.400000000000002
1638,0.0005946159362792969,0.185,26.400000000000002
1639,0.001226186752319336,0.185,26.400000000000002
1640,0.0005888938903808594,0.185,26.400000000000002
1641,0.0013027191162109375,0.185,26.400000000000002
1642,0.0005834102630615234,0.185,26.400000000000002
1643,0.0025854110717773438,0.185,26.400000000000002
1644,0.0005786418914794922,0.185,26.8
1645,0.0019130706787109375,0.185,26.8
1646,0.0006935596466064453,0.188,27.200000000000003
1647,0.0014371871948242188,0.188,27.6
1648,0.0005826950073242188,0.188,28.0
1649,0.0019469261169433594,0.188,28.400000000000002
1650,0.0027265548706054688,0.19,29.200000000000003
1651,0.0020241737365722656,0.192,29.6
1652,0.0006682872772216797,0.192,30.400000000000002
1653,0.0012745857238769531,0.19399999999999998,30.8
1654,0.0006413459777832031,0.19399999999999998,31.6
1655,0.002081155776977539,0.19399999999999998,32.4
1656,0.002081155776977539,0.196,32.4
1657,0.002650022506713867,0.198,33.2
1658,0.0006458759307861328,0.198,33.6
1659,0.002151966094970703,0.2,34.4
1660,0.0012753009796142578,0.2,35.2
1661,0.002035856246948242,0.2,36.4
1662,0.0016112327575683594,0.203,37.2
1663,0.0006957054138183594,0.205,38.0
1664,0.0019884109497070312,0.205,38.800000000000004
1665,0.0012857913970947266,0.205,39.6
1666,0.0015957355499267578,0.205,40.400000000000006
1667,0.0017237663269042969,0.205,41.2
1668,0.0007684230804443359,0.205,42.400000000000006
1669,0.001720428466796875,0.205,43.2
1670,0.0006582736968994141,0.205,44.0
1671,0.001373291015625,0.205,44.800000000000004
1672,0.0006072521209716797,0.205,45.6
1673,0.0016908645629882812,0.205,46.400000000000006
1674,0.0008318424224853516,0.205,47.2
1675,0.0019211769104003906,0.205,48.0
1676,0.0014679431915283203,0.205,48.800000000000004
1677,0.0015616416931152344,0.205,49.6
1678,0.0013928413391113281,0.205,50.0
1679,0.0015254020690917969,0.205,50.800000000000004
1680,0.0006949901580810547,0.205,51.6
1681,0.0017223358154296875,0.205,52.0
1682,0.0006690025329589844,0.205,52.400000000000006
1683,0.0016148090362548828,0.205,53.2
1684,0.002823352813720703,0.205,53.6
1685,0.0021326541900634766,0.205,54.0
1686,0.0023217201232910156,0.205,54.0
1687,0.0011878013610839844,0.205,54.400000000000006
1688,0.0016624927520751953,0.205,54.800000000000004
1689,0.0008108615875244141,0.205,54.800000000000004
1690,0.0011591911315917969,0.205,54.800000000000004
1691,0.0006103515625,0.205,55.2
1692,0.0012345314025878906,0.205,55.2
1693,0.0005841255187988281,0.205,54.800000000000004
1694,0.001676321029663086,0.205,54.800000000000004
1695,0.0007886886596679688,0.205,54.800000000000004
1696,0.0011496543884277344,0.205,54.400000000000006
1697,0.0007781982421875,0.205,54.0
1698,0.0014190673828125,0.205,54.0
1699,0.0005788803100585938,0.205,53.6
1700,0.0017855167388916016,0.205,53.2
1701,0.0015647411346435547,0.207,52.800000000000004
1702,0.0005834102630615234,0.209,52.0
1703,0.002718210220336914,0.21100000000000002,51.6
1704,0.0005826950073242188,0.213,51.2
1705,0.002610921859741211,0.21600000000000003,50.400000000000006
1706,0.0006039142608642578,0.218,50.0
1707,0.0014350414276123047,0.22,49.2
1708,0.0006082057952880859,0.222,48.800000000000004
1709,0.0012552738189697266,0.222,48.0
1710,0.0007343292236328125,0.226,47.2
1711,0.0018792152404785156,0.226,46.800000000000004
1712,0.0005664825439453125,0.226,46.0
1713,0.0019664764404296875,0.226,45.6
1714,0.0008921623229980469,0.226,44.800000000000004
1715,0.0016908645629882812,0.226,44.400000000000006
1716,0.0017731189727783203,0.226,44.0
1717,0.0017113685607910156,0.226,43.6
1718,0.0008490085601806641,0.226,43.2
1719,0.0013878345489501953,0.226,42.800000000000004
1720,0.0006422996520996094,0.226,42.400000000000006
1721,0.0018148422241210938,0.226,42.400000000000006
1722,0.0007474422454833984,0.226,42.0
1723,0.0013706684112548828,0.226,42.0
1724,0.001384735107421875,0.226,42.0
1725,0.0014836788177490234,0.226,42.0
1726,0.0029726028442382812,0.226,42.400000000000006
1727,0.0017545223236083984,0.226,42.400000000000006
1728,0.0013415813446044922,0.226,42.400000000000006
1729,0.0007040500640869141,0.226,42.800000000000004
1730,0.0018224716186523438,0.226,43.2
1731,0.0010073184967041016,0.222,43.6
1732,0.0016894340515136719,0.213,44.0
1733,0.0005733966827392578,0.209,44.400000000000006
1734,0.001703023910522461,0.192,44.800000000000004
1735,0.0005669593811035156,0.179,45.6
1736,0.0018422603607177734,0.172,46.0
1737,0.002640247344970703,0.166,46.800000000000004
1738,0.0006556510925292969,0.16399999999999998,47.2
1739,0.0013818740844726562,0.162,48.0
1740,0.0006542205810546875,0.159,48.400000000000006
1741,0.0015976428985595703,0.153,48.800000000000004
1742,0.0006859302520751953,0.153,49.2
1743,0.0016825199127197266,0.151,49.6
1744,0.000576019287109375,0.151,49.6
1745,0.0021245479583740234,0.147,49.6
1746,0.0015301704406738281,0.14400000000000002,49.6
1747,0.0006372928619384766,0.142,49.6
1748,0.0021643638610839844,0.142,49.2
1749,0.00180816650390625,0.142,48.800000000000004
1750,0.0005788803100585938,0.142,48.0
1751,0.0016527175903320312,0.142,47.2
1752,0.0005664825439453125,0.142,46.400000000000006
1753,0.0018579959869384766,0.142,45.2
1754,0.0007257461547851562,0.142,44.400000000000006
1755,0.0017573833465576172,0.142,42.800000000000004
1756,0.0012116432189941406,0.142,41.6
1757,0.0007224082946777344,0.142,40.0
1758,0.0027244091033935547,0.142,38.400000000000006
1759,0.0010082721710205078,0.142,36.800000000000004
1760,0.0014586448669433594,0.142,34.800000000000004
1761,0.0007007122039794922,0.147,33.2
1762,0.001712799072265625,0.149,31.200000000000003
1763,0.0009169578552246094,0.151,29.200000000000003
1764,0.0021820068359375,0.151,27.200000000000003
1765,0.00208282470703125,0.155,25.200000000000003
1766,0.0007100105285644531,0.162,23.200000000000003
1767,0.0019304752349853516,0.162,21.6
1768,0.0026950836181640625,0.162,19.6
1769,0.000640869140625,0.162,17.6
1770,0.0013260841369628906,0.162,16.0
1771,0.0021903514862060547,0.166,14.4
1772,0.0025022029876708984,0.166,12.8
1773,0.0006198883056640625,0.166,11.200000000000001
1774,0.0017752647399902344,0.166,10.0
1775,0.0006892681121826172,0.166,8.8
1776,0.0020723342895507812,0.17,8.0
1777,0.002221345901489258,0.17,7.2
1778,0.0019176006317138672,0.17,6.4
1779,0.0008127689361572266,0.17,6.0
1780,0.0018641948699951172,0.172,5.6000000000000005
1781,0.0005729198455810547,0.172,5.6000000000000005
1782,0.002122163772583008,0.172,6.0
1783,0.0005781650543212891,0.172,6.0
1784,0.002196073532104492,0.172,6.800000000000001
1785,0.0016906261444091797,0.175,7.2
1786,0.0006821155548095703,0.175,8.4
1787,0.0016741752624511719,0.175,9.200000000000001
1788,0.001588582992553711,0.177,10.4
1789,0.0006933212280273438,0.177,12.0
1790,0.0016179084777832031,0.177,13.600000000000001
1791,0.0005755424499511719,0.177,15.200000000000001
1792,0.0016491413116455078,0.177,16.8
1793,0.0014934539794921875,0.177,18.8
1794,0.0005865097045898438,0.179,20.8
1795,0.0019328594207763672,0.179,22.8
1796,0.0006926059722900391,0.179,24.8
1797,0.0016927719116210938,0.179,27.200000000000003
1798,0.001283407211303711,0.179,29.200000000000003
1799,0.0006165504455566406,0.179,31.200000000000003
1800,0.0016205310821533203,0.179,33.6
1801,0.0007891654968261719,0.179,35.6
1802,0.0017201900482177734,0.175,38.0
1803,0.0017201900482177734,0.166,38.0
1804,0.001556396484375,0.157,40.0
1805,0.0007781982421875,0.155,42.0
1806,0.0016107559204101562,0.153,44.0
1807,0.0008416175842285156,0.14400000000000002,46.0
1808,0.0018298625946044922,0.142,48.0
1809,0.0008146762847900391,0.14,49.6
1810,0.0016326904296875,0.134,51.2
1811,0.0008101463317871094,0.129,52.400000000000006
1812,0.0014162063598632812,0.125,53.6
1813,0.001138925552368164,0.12300000000000001,54.800000000000004
1814,0.0007617473602294922,0.121,55.6
1815,0.0020151138305664062,0.121,56.0
1816,0.0007746219635009766,0.121,56.400000000000006
1817,0.0017011165618896484,0.121,56.800000000000004
1818,0.0022029876708984375,0.121,56.800000000000004
1819,0.0006885528564453125,0.121,56.400000000000006
1820,0.0018444061279296875,0.121,56.0
1821,0.0012047290802001953,0.121,55.2
1822,0.0007932186126708984,0.121,54.400000000000006
1823,0.002097606658935547,0.121,53.2
1824,0.001504659652709961,0.121,52.0
1825,0.0006537437438964844,0.121,50.400000000000006
1826,0.0016222000122070312,0.121,48.400000000000006
1827,0.0007836818695068359,0.121,46.400000000000006
1828,0.002081632614135742,0.121,44.400000000000006
1829,0.0011243820190429688,0.121,42.0
1830,0.0026521682739257812,0.121,39.6
1831,0.0022187232971191406,0.121,36.800000000000004
1832,0.0007727146148681641,0.121,34.4
1833,0.0019369125366210938,0.121,31.6
1834,0.0007534027099609375,0.121,28.400000000000002
1835,0.0016489028930664062,0.121,25.6
1836,0.0007405281066894531,0.121,22.8
1837,0.0019106864929199219,0.121,19.6
1838,0.0006260871887207031,0.121,16.8
1839,0.0016491413116455078,0.121,13.600000000000001
1840,0.0005900859832763672,0.121,10.8
1841,0.0020406246185302734,0.121,8.0
1842,0.0005829334259033203,0.121,5.2
1843,0.0019240379333496094,0.121,2.8000000000000003
1844,0.0006093978881835938,0.121,0.4
1845,0.001354217529296875,0.121,-2.0
1846,0.000713348388671875,0.121,-4.0
1847,0.0020122528076171875,0.121,-6.0
1848,0.0007710456848144531,0.121,-8.0
1849,0.0013315677642822266,0.121,-9.200000000000001
1850,0.0007851123809814453,0.121,-10.4
1851,0.0013747215270996094,0.121,-11.600000000000001
1852,0.0006704330444335938,0.121,-12.4
1853,0.0014827251434326172,0.121,-12.8
1854,0.0005536079406738281,0.121,-13.200000000000001
1855,0.002118825912475586,0.125,-13.200000000000001
1856,0.0014369487762451172,0.125,-12.8
1857,0.0007808208465576172,0.125,-12.4
1858,0.0013051033020019531,0.125,-11.600000000000001
1859,0.0008366107940673828,0.127,-10.4
1860,0.0015213489532470703,0.127,-9.200000000000001
1861,0.0006783008575439453,0.127,-8.0
1862,0.0020072460174560547,0.127,-6.4
1863,0.0011057853698730469,0.127,-4.4
1864,0.0008041858673095703,0.129,-2.4000000000000004
1865,0.0017931461334228516,0.131,0.0
1866,0.0007231235504150391,0.131,2.0
1867,0.0016393661499023438,0.131,4.800000000000001
1868,0.0006902217864990234,0.131,7.2
1869,0.001651763916015625,0.131,10.0
1870,0.0011477470397949219,0.131,12.4
1871,0.0006473064422607422,0.131,15.200000000000001
1872,0.0013217926025390625,0.131,18.0
1873,0.0005865097045898438,0.131,20.8
1874,0.0016295909881591797,0.131,23.6
1875,0.0005431175231933594,0.131,26.400000000000002
1876,0.0010938644409179688,0.131,29.200000000000003
1877,0.0021512508392333984,0.131,31.6
1878,0.0013113021850585938,0.131,34.0
1879,0.0007159709930419922,0.131,36.4
1880,0.002124786376953125,0.131,38.800000000000004
1881,0.0011661052703857422,0.131,40.800000000000004
1882,0.001369476318359375,0.131,42.800000000000004
1883,0.0019528865814208984,0.131,44.800000000000004
1884,0.0006518363952636719,0.131,46.400000000000006
1885,0.0014569759368896484,0.131,47.6
1886,0.0006070137023925781,0.131,48.800000000000004
1887,0.0016808509826660156,0.131,50.0
1888,0.0007326602935791016,0.131,50.800000000000004
1889,0.0017023086547851562,0.131,51.6
1890,0.0013027191162109375,0.131,52.0
1891,0.00183868408203125,0.131,52.400000000000006
1892,0.0007419586181640625,0.131,52.400000000000006
1893,0.0018439292907714844,0.131,52.0
1894,0.0007035732269287109,0.131,51.6
1895,0.001581430435180664,0.131,51.2
1896,0.0005998611450195312,0.131,50.400000000000006
1897,0.001230001449584961,0.131,49.6
1898,0.0007274150848388672,0.131,48.400000000000006
1899,0.00205230712890625,0.131,47.2
1900,0.0006234645843505859,0.131,45.6
1901,0.0016949176788330078,0.131,44.0
1902,0.00074005126953125,0.131,42.0
1903,0.0016109943389892578,0.131,40.400000000000006
1904,0.0007185935974121094,0.131,38.400000000000006
1905,0.002017974853515625,0.131,36.0
1906,0.0005786418914794922,0.131,34.0
1907,0.0013377666473388672,0.131,31.6
1908,0.0019195079803466797,0.131,29.200000000000003
1909,0.0007359981536865234,0.131,26.8
1910,0.0014963150024414062,0.131,24.400000000000002
1911,0.0006320476531982422,0.131,21.6
1912,0.0005342960357666016,0.131,19.200000000000003
1913,0.0013301372528076172,0.131,16.8
1914,0.0007276535034179688,0.131,14.4
1915,0.001913309097290039,0.131,12.0
1916,0.0006535053253173828,0.131,9.600000000000001
1917,0.002254962921142578,0.131,7.6000000000000005
1918,0.0006711483001708984,0.131,5.6000000000000005
1919,0.002066373825073242,0.131,3.6
1920,0.0008070468902587891,0.131,1.6
1921,0.0018422603607177734,0.131,0.0
1922,0.0013036727905273438,0.131,-1.2000000000000002
1923,0.0011310577392578125,0.131,-2.8000000000000003
1924,0.001390695571899414,0.131,-3.6
1925,0.0006716251373291016,0.131,-4.800000000000001
1926,0.0012423992156982422,0.131,-5.2
1927,0.0012764930725097656,0.131,-6.0
1928,0.0006911754608154297,0.131,-6.0
1929,0.0029342174530029297,0.131,-6.4
1930,0.0013229846954345703,0.131,-6.0
1931,0.0006666183471679688,0.131,-5.6000000000000005
1932,0.0021581649780273438,0.131,-5.2
1933,0.0012934207916259766,0.131,-4.4
1934,0.0007970333099365234,0.131,-3.6
1935,0.002731800079345703,0.131,-2.4000000000000004
1936,0.000598907470703125,0.131,-1.2000000000000002
1937,0.0020341873168945312,0.131,0.4
1938,0.0006036758422851562,0.131,2.0
1939,0.001825571060180664,0.134,3.6
1940,0.0006184577941894531,0.134,5.6000000000000005
1941,0.0014638900756835938,0.136,7.6000000000000005
1942,0.0005745887756347656,0.136,9.600000000000001
1943,0.0014772415161132812,0.138,11.600000000000001
1944,0.0021021366119384766,0.142,14.0
1945,0.0007300376892089844,0.14400000000000002,16.0
1946,0.0021920204162597656,0.153,18.400000000000002
1947,0.0021920204162597656,0.155,18.400000000000002
1948,0.0014107227325439453,0.159,20.400000000000002
1949,0.0016298294067382812,0.16399999999999998,22.8
1950,0.0006999969482421875,0.168,25.200000000000003
1951,0.0016145706176757812,0.172,27.200000000000003
1952,0.0005667209625244141,0.175,29.6
1953,0.0016176700592041016,0.177,31.6
1954,0.0015783309936523438,0.177,33.6
1955,0.0007288455963134766,0.18100000000000002,35.6
1956,0.0019099712371826172,0.185,37.6
1957,0.0007150173187255859,0.185,39.6
1958,0.001497030258178711,0.185,41.2
1959,0.0008509159088134766,0.185,43.2
1960,0.0017538070678710938,0.185,44.800000000000004
1961,0.0007190704345703125,0.185,46.400000000000006
1962,0.0014278888702392578,0.185,48.0
1963,0.0008318424224853516,0.185,49.6
1964,0.0016584396362304688,0.185,50.800000000000004
1965,0.0007205009460449219,0.185,52.0
1966,0.0017633438110351562,0.185,53.2
1967,0.0007643699645996094,0.185,54.400000000000006
1968,0.001745462417602539,0.185,55.2
1969,0.0007326602935791016,0.185,56.0
1970,0.0016145706176757812,0.185,56.800000000000004
1971,0.0008075237274169922,0.179,57.2
1972,0.0013720989227294922,0.177,57.6
1973,0.0005910396575927734,0.172,58.0
1974,0.0021686553955078125,0.172,58.400000000000006
1975,0.0007755756378173828,0.172,58.400000000000006
1976,0.0013549327850341797,0.172,58.400000000000006
1977,0.0013720989227294922,0.172,58.0
1978,0.0022666454315185547,0.172,58.0
1979,0.0013473033905029297,0.172,57.6
1980,0.002385854721069336,0.172,56.800000000000004
1981,0.0017991065979003906,0.172,56.0
1982,0.0022101402282714844,0.172,55.2
1983,0.0008721351623535156,0.172,54.400000000000006
1984,0.0023212432861328125,0.172,53.2
1985,0.000621795654296875,0.172,52.0
1986,0.0017192363739013672,0.172,50.800000000000004
1987,0.0007715225219726562,0.177,49.2
1988,0.0011868476867675781,0.177,48.0
1989,0.0006434917449951172,0.177,46.400000000000006
1990,0.0015459060668945312,0.177,44.400000000000006
1991,0.0005786418914794922,0.177,42.800000000000004
1992,0.0017352104187011719,0.177,41.2
1993,0.0005638599395751953,0.177,39.2
1994,0.0016086101531982422,0.177,37.2
1995,0.0005724430084228516,0.177,35.6
1996,0.0016868114471435547,0.177,33.6
1997,0.0005769729614257812,0.177,31.6
1998,0.0011522769927978516,0.177,30.0
1999,0.0006620883941650391,0.177,28.0
2000,0.0015869140625,0.177,26.400000000000002
2001,0.0005612373352050781,0.177,24.400000000000002
2002,0.0015172958374023438,0.177,22.8
2003,0.0005781650543212891,0.177,21.200000000000003
2004,0.0016217231750488281,0.175,20.0
2005,0.0005891323089599609,0.166,18.400000000000002
2006,0.0015988349914550781,0.159,17.2
2007,0.0013895034790039062,0.155,16.0
2008,0.0006074905395507812,0.151,15.200000000000001
2009,0.0017223358154296875,0.149,14.4
2010,0.0006284713745117188,0.147,13.600000000000001
2011,0.0014677047729492188,0.147,12.8
2012,0.0020406246185302734,0.147,12.4
2013,0.0006356239318847656,0.147,12.0
2014,0.0014295578002929688,0.147,11.600000000000001
2015,0.001466989517211914,0.147,11.600000000000001
2016,0.0007109642028808594,0.147,11.600000000000001
2017,0.0018231868743896484,0.147,11.600000000000001
2018,0.001565694808959961,0.147,12.0
2019,0.0010576248168945312,0.147,12.0
2020,0.0007123947143554688,0.147,12.4
2021,0.0018804073333740234,0.147,12.8
2022,0.0006844997406005859,0.147,13.200000000000001
2023,0.002011537551879883,0.147,14.0
2024,0.0006053447723388672,0.147,14.8
2025,0.0012969970703125,0.147,15.200000000000001
2026,0.0019936561584472656,0.147,16.0
2027,0.0016872882843017578,0.147,17.2
2028,0.0008463859558105469,0.147,18.0
2029,0.002394437789916992,0.147,18.8
2030,0.0006518363952636719,0.147,20.0
2031,0.001842498779296875,0.151,20.8
2032,0.0009500980377197266,0.153,22.0
2033,0.0016453266143798828,0.155,22.8
2034,0.0006074905395507812,0.155,24.0
2035,0.001291036605834961,0.157,25.200000000000003
2036,0.0005784034729003906,0.159,26.0
2037,0.0018775463104248047,0.16399999999999998,27.200000000000003
2038,0.0009088516235351562,0.16399999999999998,28.0
2039,0.001611471176147461,0.166,29.200000000000003
2040,0.00069427490234375,0.17,30.0
2041,0.001680135726928711,0.172,31.200000000000003
2042,0.0006008148193359375,0.175,32.0
2043,0.00171661376953125,0.175,32.800000000000004
2044,0.0005879402160644531,0.175,33.6
2045,0.0014121532440185547,0.175,34.4
2046,0.0015838146209716797,0.175,35.2
2047,0.0006546974182128906,0.175,36.0
2048,0.0020351409912109375,0.175,36.800000000000004
2049,0.0006113052368164062,0.175,37.2
2050,0.001840353012084961,0.175,38.0
2051,0.0012857913970947266,0.175,38.400000000000006
2052,0.0015544891357421875,0.175,39.2
2053,0.0007181167602539062,0.175,39.6
2054,0.003181934356689453,0.175,40.0
2055,0.0016977787017822266,0.175,40.400000000000006
2056,0.002637147903442383,0.175,40.800000000000004
2057,0.0023691654205322266,0.175,41.2
2058,0.0017833709716796875,0.172,41.6
2059,0.002257823944091797,0.172,41.6
2060,0.0008416175842285156,0.155,42.0
2061,0.0021157264709472656,0.151,42.0
2062,0.0015392303466796875,0.14,42.0
2063,0.000629425048828125,0.134,42.0
2064,0.002062082290649414,0.127,42.0
2065,0.0012607574462890625,0.125,41.6
2066,0.0005135536193847656,0.121,41.6
2067,0.0016453266143798828,0.121,41.2
2068,0.0006256103515625,0.11900000000000001,40.800000000000004
2069,0.0016896724700927734,0.11900000000000001,40.400000000000006
2070,0.0006208419799804688,0.11900000000000001,39.6
2071,0.0018951892852783203,0.11900000000000001,38.800000000000004
2072,0.0007491111755371094,0.11900000000000001,38.0
2073,0.0015609264373779297,0.11900000000000001,36.800000000000004
2074,0.000667572021484375,0.11900000000000001,35.6
2075,0.0014815330505371094,0.11900000000000001,34.4
2076,0.0005998611450195312,0.11900000000000001,33.2
2077,0.002199411392211914,0.11900000000000001,31.6
2078,0.0010602474212646484,0.11900000000000001,30.0
2079,0.0005345344543457031,0.11900000000000001,28.400000000000002
2080,0.0023217201232910156,0.11900000000000001,26.8
2081,0.0007791519165039062,0.11900000000000001,25.200000000000003
2082,0.0018010139465332031,0.11900000000000001,23.200000000000003
2083,0.001348257064819336,0.11900000000000001,21.6
2084,0.0017275810241699219,0.11900000000000001,19.6
2085,0.0014414787292480469,0.11900000000000001,18.0
2086,0.001708984375,0.11900000000000001,16.0
2087,0.0014009475708007812,0.11900000000000001,14.4
2088,0.0012614727020263672,0.121,12.4
2089,0.0008769035339355469,0.121,10.8
2090,0.0014951229095458984,0.121,9.200000000000001
2091,0.0007851123809814453,0.12300000000000001,7.6000000000000005
2092,0.0025746822357177734,0.12300000000000001,6.4
2093,0.0006837844848632812,0.12300000000000001,5.2
2094,0.002180337905883789,0.12300000000000001,4.0
2095,0.0009238719940185547,0.125,2.8000000000000003
2096,0.0020351409912109375,0.127,1.6
2097,0.0007493495941162109,0.127,0.8
2098,0.00167083740234375,0.131,0.0
2099,0.00167083740234375,0.131,0.0
2100,0.0018198490142822266,0.131,-0.4
2101,0.0024404525756835938,0.131,-0.8
2102,0.0006852149963378906,0.134,-0.8
2103,0.00180816650390625,0.136,-0.8
2104,0.0006232261657714844,0.138,-0.4
2105,0.002027750015258789,0.138,0.0
2106,0.00072479248046875,0.138,0.8
2107,0.00119781494140625,0.138,1.6
2108,0.0007262229919433594,0.138,2.4000000000000004
2109,0.0012545585632324219,0.138,3.6
2110,0.0008950233459472656,0.138,4.800000000000001
2111,0.0013604164123535156,0.138,6.0
2112,0.0006389617919921875,0.138,7.6000000000000005
2113,0.0025501251220703125,0.138,8.8
2114,0.0009527206420898438,0.138,10.8
2115,0.0021848678588867188,0.138,12.4
2116,0.0007143020629882812,0.138,14.0
2117,0.0024259090423583984,0.138,16.0
2118,0.000835418701171875,0.138,18.0
2119,0.0026679039001464844,0.138,19.6
2120,0.0007524490356445312,0.138,21.6
2121,0.0017125606536865234,0.138,23.6
2122,0.0006232261657714844,0.138,25.200000000000003
2123,0.001707315444946289,0.131,27.200000000000003
2124,0.0006861686706542969,0.127,28.8
2125,0.0012335777282714844,0.121,30.8
2126,0.0006275177001953125,0.11599999999999999,32.4
2127,0.0019006729125976562,0.11,34.0
2128,0.0007460117340087891,0.10800000000000001,35.6
2129,0.0021469593048095703,0.10300000000000001,36.800000000000004
2130,0.0006649494171142578,0.10300000000000001,38.0
2131,0.0019683837890625,0.10300000000000001,39.2
2132,0.0005538463592529297,0.10300000000000001,40.400000000000006
2133,0.0017812252044677734,0.10300000000000001,41.2
2134,0.001558542251586914,0.10300000000000001,41.6
2135,0.0022504329681396484,0.10300000000000001,42.0
2136,0.0023446083068847656,0.10300000000000001,42.400000000000006
2137,0.0006375312805175781,0.10300000000000001,42.400000000000006
2138,0.0013780593872070312,0.10300000000000001,42.400000000000006
2139,0.0006115436553955078,0.10300000000000001,42.0
2140,0.002404451370239258,0.10300000000000001,41.6
2141,0.0006165504455566406,0.10300000000000001,40.800000000000004
2142,0.0017528533935546875,0.10300000000000001,40.0
2143,0.0007545948028564453,0.10300000000000001,39.2
2144,0.001573801040649414,0.10300000000000001,38.0
2145,0.0006911754608154297,0.10300000000000001,36.4
2146,0.0015306472778320312,0.10300000000000001,35.2
2147,0.0005550384521484375,0.10300000000000001,33.6
2148,0.0020766258239746094,0.10300000000000001,31.6
2149,0.0006823539733886719,0.10300000000000001,30.0
2150,0.0013980865478515625,0.10300000000000001,28.0
2151,0.0006034374237060547,0.10300000000000001,26.0
2152,0.0028085708618164062,0.10300000000000001,24.0
2153,0.00024175643920898438,0.10300000000000001,21.6
2154,0.0005218982696533203,0.11,19.6
2155,0.0014901161193847656,0.114,17.2
2156,0.0005345344543457031,0.121,15.200000000000001
2157,0.0017468929290771484,0.12300000000000001,12.8
2158,0.0008881092071533203,0.127,10.8
2159,0.00131988525390625,0.134,8.8
2160,0.0014925003051757812,0.136,6.800000000000001
2161,0.0007545948028564453,0.138,4.800000000000001
2162,0.0023353099822998047,0.14400000000000002,2.8000000000000003
2163,0.0007047653198242188,0.147,1.2000000000000002
2164,0.002388477325439453,0.151,-0.4
2165,0.0015931129455566406,0.151,-1.6
2166,0.0007898807525634766,0.151,-2.8000000000000003
2167,0.0024793148040771484,0.151,-4.0
2168,0.002165555953979492,0.155,-4.800000000000001
2169,0.0008957386016845703,0.155,-5.2
2170,0.002948284149169922,0.155,-5.6000000000000005
2171,0.0008778572082519531,0.155,-5.6000000000000005
2172,0.001855611801147461,0.155,-5.2
2173,0.0006120204925537109,0.155,-4.800000000000001
2174,0.0013382434844970703,0.155,-4.4
2175,0.0007371902465820312,0.155,-3.2
2176,0.0023436546325683594,0.155,-2.0
2177,0.0006172657012939453,0.155,-0.8
2178,0.0010802745819091797,0.155,0.8
2179,0.0006310939788818359,0.155,2.4000000000000004
2180,0.0013399124145507812,0.155,4.4
2181,0.0005953311920166016,0.155,6.800000000000001
2182,0.001725912094116211,0.149,8.8
2183,0.0005803108215332031,0.14,11.200000000000001
2184,0.0012845993041992188,0.131,13.600000000000001
2185,0.0006096363067626953,0.12300000000000001,16.400000000000002
2186,0.0012180805206298828,0.11900000000000001,18.8
2187,0.0006871223449707031,0.11,21.6
2188,0.0018978118896484375,0.10099999999999999,24.400000000000002
2189,0.0006067752838134766,0.099,27.200000000000003
2190,0.0015642642974853516,0.095,29.6
2191,0.0005717277526855469,0.095,32.0
2192,0.0018575191497802734,0.095,34.4
2193,0.0006432533264160156,0.095,36.800000000000004
2194,0.001968860626220703,0.095,39.2
2195,0.0007059574127197266,0.095,40.800000000000004
2196,0.0018515586853027344,0.095,42.800000000000004
2197,0.0005943775177001953,0.09300000000000001,44.400000000000006
2198,0.0014603137969970703,0.09300000000000001,45.6
2199,0.0005478858947753906,0.09300000000000001,46.800000000000004
2200,0.0023899078369140625,0.09300000000000001,47.6
2201,0.0005543231964111328,0.09300000000000001,48.400000000000006
2202,0.0014536380767822266,0.09699999999999999,48.800000000000004
2203,0.0005481243133544922,0.10099999999999999,48.800000000000004
2204,0.0022802352905273438,0.10099999999999999,48.800000000000004
2205,0.0005538463592529297,0.10300000000000001,48.400000000000006
2206,0.0018398761749267578,0.10800000000000001,47.6
2207,0.0006210803985595703,0.11,46.800000000000004
2208,0.0018715858459472656,0.11,46.0
2209,0.0014450550079345703,0.11,44.800000000000004
2210,0.0013053417205810547,0.11,43.2
2211,0.000774383544921875,0.11,41.6
2212,0.0011987686157226562,0.11,40.0
2213,0.0008034706115722656,0.11,38.0
2214,0.001745462417602539,0.11,35.6
2215,0.0006635189056396484,0.11,33.6
2216,0.001528024673461914,0.11,31.200000000000003
2217,0.0008106231689453125,0.11,28.8
2218,0.0015299320220947266,0.11,26.0
2219,0.0012633800506591797,0.10800000000000001,23.6
2220,0.0006690025329589844,0.10800000000000001,20.8
2221,0.002482175827026367,0.10800000000000001,18.0
2222,0.0019881725311279297,0.10800000000000001,15.600000000000001
2223,0.0006563663482666016,0.10800000000000001,12.8
2224,0.0018694400787353516,0.10800000000000001,10.4
2225,0.0005970001220703125,0.10800000000000001,7.6000000000000005
2226,0.0017018318176269531,0.10800000000000001,5.2
2227,0.0007750988006591797,0.10800000000000001,2.8000000000000003
2228,0.0011203289031982422,0.10800000000000001,0.8
2229,0.0014455318450927734,0.10800000000000001,-1.2000000000000002
2230,0.0006477832794189453,0.10800000000000001,-3.2
2231,0.0015137195587158203,0.10800000000000001,-5.2
2232,0.0006463527679443359,0.10800000000000001,-6.800000000000001
2233,0.0021820068359375,0.10800000000000001,-8.0
2234,0.0006754398345947266,0.10800000000000001,-9.200000000000001
2235,0.0019190311431884766,0.10800000000000001,-10.4
2236,0.0006158351898193359,0.10800000000000001,-11.200000000000001
2237,0.0014989376068115234,0.10800000000000001,-11.600000000000001
2238,0.0005857944488525391,0.10800000000000001,-12.0
2239,0.0011789798736572266,0.10800000000000001,-12.0
2240,0.0005910396575927734,0.10800000000000001,-12.0
2241,0.0014026165008544922,0.10800000000000001,-11.600000000000001
2242,0.0007431507110595703,0.10800000000000001,-10.8
2243,0.0016186237335205078,0.10800000000000001,-10.0
2244,0.0016186237335205078,0.10800000000000001,-10.0
2245,0.0025415420532226562,0.10800000000000001,-9.200000000000001
2246,0.0005664825439453125,0.10800000000000001,-8.0
2247,0.0014803409576416016,0.10800000000000001,-6.4
2248,0.0008261203765869141,0.10800000000000001,-5.2
2249,0.0013358592987060547,0.10800000000000001,-3.2
2250,0.0005922317504882812,0.10800000000000001,-1.6
2251,0.0018343925476074219,0.10800000000000001,0.4
2252,0.0006973743438720703,0.10800000000000001,2.4000000000000004
2253,0.0018908977508544922,0.10800000000000001,4.800000000000001
2254,0.0005896091461181641,0.10800000000000001,6.800000000000001
2255,0.0015676021575927734,0.10800000000000001,9.200000000000001
2256,0.0005738735198974609,0.10800000000000001,11.600000000000001
2257,0.0018236637115478516,0.10800000000000001,14.0
2258,0.00067138671875,0.10800000000000001,16.400000000000002
2259,0.0012366771697998047,0.10800000000000001,18.8
2260,0.0010607242584228516,0.10800000000000001,21.200000000000003
2261,0.0016901493072509766,0.10800000000000001,23.6
2262,0.00069427490234375,0.10800000000000001,25.6
2263,0.00180816650390625,0.10800000000000001,28.0
2264,0.0007312297821044922,0.10800000000000001,30.0
2265,0.0013580322265625,0.10800000000000001,32.0
2266,0.001912832260131836,0.10800000000000001,33.6
2267,0.0007135868072509766,0.10800000000000001,35.2
2268,0.002393484115600586,0.10800000000000001,36.800000000000004
2269,0.00148773193359375,0.10800000000000001,38.400000000000006
2270,0.0006482601165771484,0.10800000000000001,39.6
2271,0.0017154216766357422,0.10800000000000001,40.400000000000006
2272,0.0007822513580322266,0.10800000000000001,41.6
2273,0.002126455307006836,0.10800000000000001,42.0
2274,0.0016601085662841797,0.10800000000000001,42.800000000000004
2275,0.0011570453643798828,0.11900000000000001,42.800000000000004
2276,0.0021262168884277344,0.129,43.2
2277,0.0013659000396728516,0.14,43.2
2278,0.0006256103515625,0.142,42.800000000000004
2279,0.002104520797729492,0.14400000000000002,42.400000000000006
2280,0.0007538795471191406,0.149,41.6
2281,0.002055644989013672,0.153,40.800000000000004
2282,0.0007355213165283203,0.153,40.0
2283,0.0015523433685302734,0.153,39.2
2284,0.0024611949920654297,0.153,38.0
2285,0.0005962848663330078,0.153,36.800000000000004
2286,0.0017900466918945312,0.153,35.2
2287,0.0005984306335449219,0.153,34.0
2288,0.0016405582427978516,0.153,32.4
2289,0.0005846023559570312,0.153,31.200000000000003
2290,0.0012760162353515625,0.153,29.6
2291,0.0006000995635986328,0.153,28.0
2292,0.0004761219024658203,0.153,26.8
2293,0.0005085468292236328,0.153,25.200000000000003
2294,0.0015027523040771484,0.14400000000000002,23.6
2295,0.0011293888092041016,0.134,22.400000000000002
2296,0.0006024837493896484,0.125,20.8
2297,0.001859426498413086,0.121,19.6
2298,0.0006964206695556641,0.11599999999999999,18.0
2299,0.0018124580383300781,0.114,16.8
2300,0.0006639957427978516,0.11,15.600000000000001
2301,0.0018773078918457031,0.10800000000000001,14.8
2302,0.0017690658569335938,0.10800000000000001,13.600000000000001
2303,0.0005626678466796875,0.10800000000000001,12.4
2304,0.0012030601501464844,0.10800000000000001,11.600000000000001
2305,0.0015411376953125,0.10800000000000001,10.8
2306,0.0015354156494140625,0.10800000000000001,10.0
2307,0.0005629062652587891,0.10800000000000001,9.200000000000001
2308,0.001730203628540039,0.10800000000000001,8.4
2309,0.0007383823394775391,0.10800000000000001,7.6000000000000005
2310,0.0015816688537597656,0.10800000000000001,7.2
2311,0.0023391246795654297,0.10800000000000001,6.800000000000001
2312,0.0006349086761474609,0.10800000000000001,6.4
2313,0.0018041133880615234,0.10800000000000001,6.0
2314,0.0005655288696289062,0.10800000000000001,5.6000000000000005
2315,0.002082347869873047,0.10800000000000001,5.6000000000000005
2316,0.0010864734649658203,0.10800000000000001,5.6000000000000005
2317,0.0006849765777587891,0.10800000000000001,5.6000000000000005
2318,0.0017895698547363281,0.10800000000000001,5.6000000000000005
2319,0.0014786720275878906,0.10800000000000001,5.6000000000000005
2320,0.0007760524749755859,0.10800000000000001,6.0
2321,0.0016074180603027344,0.10800000000000001,6.4
2322,0.001293182373046875,0.10800000000000001,6.800000000000001
2323,0.0007624626159667969,0.10800000000000001,7.2
2324,0.001674652099609375,0.10800000000000001,8.0
2325,0.00064849853515625,0.10800000000000001,8.4
2326,0.0016367435455322266,0.10800000000000001,9.200000000000001
2327,0.0007495880126953125,0.10800000000000001,10.0
2328,0.0023005008697509766,0.10800000000000001,10.8
2329,0.0005738735198974609,0.10800000000000001,11.600000000000001
2330,0.0012981891632080078,0.10800000000000001,12.4
2331,0.0023293495178222656,0.10800000000000001,13.200000000000001
2332,0.0007205009460449219,0.10800000000000001,14.4
2333,0.0016787052154541016,0.10800000000000001,15.200000000000001
2334,0.0011436939239501953,0.10800000000000001,16.0
2335,0.0015594959259033203,0.10800000000000001,17.2
2336,0.0023779869079589844,0.10300000000000001,18.0
2337,0.0024378299713134766,0.10300000000000001,18.8
2338,0.0014977455139160156,0.10300000000000001,19.6
2339,0.0006363391876220703,0.10300000000000001,20.400000000000002
2340,0.0015392303466796875,0.10099999999999999,21.200000000000003
2341,0.0006392002105712891,0.10099999999999999,22.0
2342,0.0016100406646728516,0.10099999999999999,22.8
2343,0.0006029605865478516,0.09300000000000001,23.6
2344,0.0011925697326660156,0.08199999999999999,24.0
2345,0.0013747215270996094,0.075,24.8
2346,0.0005826950073242188,0.071,25.200000000000003
2347,0.0016679763793945312,0.067,25.6
2348,0.0007054805755615234,0.063,25.6
2349,0.0013158321380615234,0.06,26.0
2350,0.0006973743438720703,0.055999999999999994,26.0
2351,0.001374959945678711,0.05,26.0
2352,0.0005891323089599609,0.047,25.6
2353,0.0017154216766357422,0.047,25.6
2354,0.0012252330780029297,0.045,25.200000000000003
2355,0.0006864070892333984,0.045,24.400000000000002
2356,0.0015323162078857422,0.039,23.6
2357,0.0005979537963867188,0.03,22.8
2358,0.002652883529663086,0.026000000000000002,22.0
2359,0.0007894039154052734,0.024,20.8
2360,0.0017061233520507812,0.019,19.6
2361,0.0007903575897216797,0.017,18.400000000000002
2362,0.001409769058227539,0.011000000000000001,16.8
2363,0.0016977787017822266,0.009000000000000001,15.600000000000001
2364,0.0006501674652099609,0.006,14.0
2365,0.0021982192993164062,0.004,12.0
2366,0.0012557506561279297,0.002,10.4
2367,0.002329587936401367,0.002,8.4
2368,0.001982450485229492,0.002,6.4
2369,0.0007863044738769531,0.002,4.4
2370,0.001361846923828125,0.002,2.4000000000000004
2371,0.0006601810455322266,0.002,0.4
2372,0.0025627613067626953,0.002,-1.6
2373,0.0005898475646972656,0.002,-3.6
2374,0.001674652099609375,0.002,-5.6000000000000005
2375,0.001687765121459961,0.002,-7.6000000000000005
2376,0.0007789134979248047,0.002,-9.600000000000001
2377,0.0015456676483154297,0.002,-11.200000000000001
2378,0.0016574859619140625,0.002,-13.200000000000001
2379,0.0006737709045410156,0.002,-14.4
2380,0.001317739486694336,0.002,-16.0
2381,0.0007884502410888672,0.002,-17.6
2382,0.002483367919921875,0.002,-18.8
2383,0.0010676383972167969,0.002,-19.6
2384,0.0006434917449951172,0.002,-20.400000000000002
2385,0.0016460418701171875,0.002,-21.200000000000003
2386,0.0006539821624755859,0.002,-21.6
2387,0.0015308856964111328,0.002,-22.0
2388,0.0018246173858642578,0.002,-22.400000000000002
2389,0.0018246173858642578,0.002,-22.400000000000002
2390,0.0013275146484375,0.002,-22.400000000000002
2391,0.0005843639373779297,0.002,-22.400000000000002
2392,0.0024785995483398438,0.002,-22.0
2393,0.0017006397247314453,0.002,-21.200000000000003
2394,0.0008144378662109375,0.002,-20.8
2395,0.0016107559204101562,0.002,-20.0
2396,0.0006122589111328125,0.002,-18.8
2397,0.0017848014831542969,0.002,-17.6
2398,0.0007188320159912109,0.002,-16.400000000000002
2399,0.0018939971923828125,0.002,-15.200000000000001
2400,0.0011401176452636719,0.002,-13.600000000000001
2401,0.0006279945373535156,0.002,-12.0
2402,0.0016169548034667969,0.002,-10.0
2403,0.000713348388671875,0.002,-8.4
2404,0.0017690658569335938,0.002,-6.4
2405,0.0006220340728759766,0.002,-4.4
2406,0.002076387405395508,0.002,-2.8000000000000003
2407,0.0005948543548583984,0.002,-0.8
2408,0.001331329345703125,0.002,1.2000000000000002
2409,0.0006265640258789062,0.002,3.2
2410,0.0019838809967041016,0.002,5.2
2411,0.0005395412445068359,0.002,7.2
2412,0.00045752525329589844,0.002,8.8
2413,0.0014488697052001953,0.002,10.4
2414,0.0006620883941650391,0.002,12.4
2415,0.001943826675415039,0.002,13.600000000000001
2416,0.0011107921600341797,0.002,15.200000000000001
2417,0.0007853507995605469,0.002,16.400000000000002
2418,0.0023508071899414062,0.002,17.6
2419,0.0007870197296142578,0.002,18.8
2420,0.002579927444458008,0.002,19.6
2421,0.0006754398345947266,0.002,20.400000000000002
2422,0.001504659652709961,0.002,20.8
2423,0.0011947154998779297,0.002,21.200000000000003
2424,0.0016956329345703125,0.002,21.6
2425,0.0006508827209472656,0.002,21.6
2426,0.0013735294342041016,0.002,21.6
2427,0.00171661376953125,0.002,21.200000000000003
2428,0.0021784305572509766,0.002,20.8
2429,0.0006873607635498047,0.002,20.0
2430,0.0024051666259765625,0.002,19.200000000000003
2431,0.0010113716125488281,0.002,18.400000000000002
2432,0.0006077289581298828,0.002,17.2
2433,0.001397848129272461,0.002,16.0
2434,0.002781391143798828,0.002,14.8
2435,0.0006439685821533203,0.002,13.200000000000001
2436,0.0014567375183105469,0.002,11.600000000000001
2437,0.0005984306335449219,0.002,10.0
2438,0.0017578601837158203,0.002,8.4
2439,0.0006060600280761719,0.002,6.4
2440,0.0021545886993408203,0.002,4.800000000000001
2441,0.0007283687591552734,0.002,2.8000000000000003
2442,0.0016171932220458984,0.002,0.8
2443,0.0005779266357421875,0.002,-0.8
2444,0.0014414787292480469,0.002,-2.8000000000000003
2445,0.0006430149078369141,0.002,-4.800000000000001
2446,0.0013537406921386719,0.002,-6.4
2447,0.0022635459899902344,0.002,-8.4
2448,0.0005757808685302734,0.002,-10.0
2449,0.0014090538024902344,0.002,-11.600000000000001
2450,0.0007343292236328125,0.002,-13.200000000000001
2451,0.0016536712646484375,0.002,-14.4
2452,0.0006108283996582031,0.002,-15.600000000000001
2453,0.0015261173248291016,0.002,-16.8
2454,0.0007319450378417969,0.002,-18.0
2455,0.0013501644134521484,0.002,-18.8
2456,0.0006430149078369141,0.002,-19.6
2457,0.002429485321044922,0.002,-20.0
2458,0.0006127357482910156,0.002,-20.400000000000002
2459,0.0021495819091796875,0.002,-20.400000000000002
2460,0.0011243820190429688,0.002,-20.8
2461,0.0006458759307861328,0.002,-20.400000000000002
2462,0.0016884803771972656,0.002,-20.400000000000002
2463,0.0006937980651855469,0.002,-20.0
2464,0.0015380382537841797,0.0,-19.200000000000003
2465,0.0006737709045410156,0.0,-18.400000000000002
2466,0.0013821125030517578,0.0,-17.6
2467,0.0007412433624267578,0.0,-16.8
2468,0.0024878978729248047,0.0,-15.600000000000001
2469,0.0008521080017089844,0.0,-14.4
2470,0.002126455307006836,0.0,-12.8
2471,0.0007197856903076172,0.0,-11.200000000000001
2472,0.0015645027160644531,0.0,-10.0
2473,0.002473592758178711,0.0,-8.0
2474,0.002453327178955078,0.0,-6.4
2475,0.0014739036560058594,0.0,-4.800000000000001
2476,0.0012469291687011719,0.0,-2.8000000000000003
2477,0.001131296157836914,0.0,-1.2000000000000002
2478,0.002421140670776367,0.0,0.8
2479,0.0022869110107421875,0.0,2.4000000000000004
2480,0.001678466796875,0.0,4.4
2481,0.0011126995086669922,0.0,6.0
2482,0.0014262199401855469,0.0,7.6000000000000005
2483,0.0014181137084960938,0.0,9.200000000000001
2484,0.0022928714752197266,0.0,10.8
2485,0.0013630390167236328,0.0,12.4
2486,0.001964569091796875,0.0,13.600000000000001
2487,0.001447439193725586,0.0,14.8
2488,0.002442598342895508,0.0,16.0
2489,0.0022704601287841797,0.0,17.2
2490,0.0019731521606445312,0.0,18.0
2491,0.0007641315460205078,0.0,18.400000000000002
2492,0.0018265247344970703,0.0,19.200000000000003
2493,0.0006809234619140625,0.0,19.6
2494,0.0017998218536376953,0.0,19.6
2495,0.0006456375122070312,0.0,20.0
2496,0.0020966529846191406,0.0,19.6
2497,0.0005829334259033203,0.0,19.6
2498,0.0018274784088134766,0.0,19.200000000000003
2499,0.0005648136138916016,0.0,18.8
2500,0.0022192001342773438,0.0,18.0
2501,0.0005340576171875,0.0,17.2
2502,0.001806020736694336,0.0,16.0
2503,0.0007140636444091797,0.0,15.200000000000001
2504,0.0018229484558105469,0.0,14.0
2505,0.0015575885772705078,0.0,12.4
2506,0.0006866455078125,0.0,11.200000000000001
2507,0.0011582374572753906,0.0,9.600000000000001
2508,0.0005779266357421875,0.0,8.0
2509,0.001959562301635742,0.0,6.4
2510,0.0007061958312988281,0.0,4.800000000000001
2511,0.0017123222351074219,0.0,3.2
2512,0.0005614757537841797,0.0,1.2000000000000002
2513,0.001880645751953125,0.0,-0.4
2514,0.0010821819305419922,0.0,-2.4000000000000004
2515,0.0006082057952880859,0.0,-4.0
2516,0.0018661022186279297,0.0,-5.6000000000000005
2517,0.0008676052093505859,0.0,-7.2
2518,0.0011758804321289062,0.0,-8.8
2519,0.0008580684661865234,0.0,-10.4
2520,0.0008580684661865234,0.0,-10.4
2521,0.0005571842193603516,0.0,-11.600000000000001
2522,0.0024607181549072266,0.0,-13.200000000000001
2523,0.0011341571807861328,0.0,-14.4
2524,0.0007965564727783203,0.0,-15.200000000000001
2525,0.0019006729125976562,0.0,-16.400000000000002
2526,0.0008502006530761719,0.0,-17.2
2527,0.0021729469299316406,0.0,-18.0
2528,0.002390146255493164,0.0,-18.400000000000002
2529,0.002006053924560547,0.0,-18.8
2530,0.0006661415100097656,0.0,-19.200000000000003
2531,0.0011239051818847656,0.0,-19.200000000000003
2532,0.0006265640258789062,0.0,-19.200000000000003
2533,0.0017266273498535156,0.0,-18.8
2534,0.0011887550354003906,0.0,-18.400000000000002
2535,0.0007781982421875,0.0,-18.0
2536,0.0016322135925292969,0.0,-17.2
2537,0.001402139663696289,0.0,-16.400000000000002
2538,0.0021195411682128906,0.0,-15.600000000000001
2539,0.0012767314910888672,0.0,-14.4
2540,0.001100778579711914,0.0,-13.600000000000001
2541,0.0015671253204345703,0.0,-12.0
2542,0.000659942626953125,0.0,-10.8
2543,0.0016448497772216797,0.0,-9.200000000000001
2544,0.0007643699645996094,0.0,-8.0
2545,0.0014085769653320312,0.0,-6.4
2546,0.0006062984466552734,0.0,-4.800000000000001
2547,0.0016739368438720703,0.0,-3.2
2548,0.0005505084991455078,0.0,-1.2000000000000002
2549,0.0014605522155761719,0.0,0.4
2550,0.0006031990051269531,0.0,2.0
2551,0.001420736312866211,0.0,3.6
2552,0.0007321834564208984,0.0,5.2
2553,0.0016942024230957031,0.0,6.800000000000001
2554,0.0005476474761962891,0.0,8.4
2555,0.0015411376953125,0.0,9.600000000000001
2556,0.0007157325744628906,0.0,11.200000000000001
2557,0.0014085769653320312,0.0,12.4
2558,0.0006701946258544922,0.0,13.600000000000001
2559,0.0017483234405517578,0.0,14.8
2560,0.0011730194091796875,0.0,15.600000000000001
2561,0.0006439685821533203,0.0,16.400000000000002
2562,0.0024728775024414062,0.0,17.2
2563,0.0005955696105957031,0.0,17.6
2564,0.00164031982421875,0.0,18.0
2565,0.0005745887756347656,0.0,18.400000000000002
2566,0.0013010501861572266,0.0,18.400000000000002
2567,0.0006458759307861328,0.0,18.400000000000002
2568,0.0024280548095703125,0.0,18.0
2569,0.0008285045623779297,0.0,17.6
2570,0.0019905567169189453,0.0,17.2
2571,0.0006573200225830078,0.0,16.8
2572,0.0018231868743896484,0.0,16.0
2573,0.0015988349914550781,0.0,15.200000000000001
2574,0.0005645751953125,0.0,14.0
2575,0.0013654232025146484,0.0,13.200000000000001
2576,0.001079559326171875,0.0,11.600000000000001
2577,0.0015366077423095703,0.0,10.4
2578,0.0010919570922851562,0.0,9.200000000000001
2579,0.002390623092651367,0.0,7.6000000000000005
2580,0.0027992725372314453,0.0,6.0
2581,0.0009613037109375,0.0,4.800000000000001
2582,0.0012445449829101562,0.0,3.2
2583,0.0014424324035644531,0.0,1.2000000000000002
2584,0.0015368461608886719,0.0,-0.4
