,Latency,PWM Value,Angle
0,0.0,0.0,0.0
1,0.00034165382385253906,0.0,0.0
2,0.0002925395965576172,0.0,0.0
3,0.0005147457122802734,0.0,0.0
4,0.00047087669372558594,0.0,0.0
5,0.0004851818084716797,0.0,0.0
6,0.0004494190216064453,0.0,0.0
7,0.0004241466522216797,0.0,0.0
8,0.0004394054412841797,0.0,0.0
9,0.00042319297790527344,0.0,0.0
10,0.0004298686981201172,0.0,0.0
11,0.0004127025604248047,0.0,0.0
12,0.0005061626434326172,0.0,0.0
13,0.00024700164794921875,0.0,0.0
14,0.000514984130859375,0.0,0.0
15,0.0001811981201171875,0.0,0.0
16,0.00029277801513671875,0.0,0.0
17,0.0001678466796875,0.0,0.0
18,0.0002446174621582031,0.0,0.0
19,0.00026679039001464844,0.0,0.0
20,0.00019097328186035156,0.0,0.0
21,0.00015425682067871094,0.0,0.0
22,0.00024890899658203125,0.0,0.0
23,0.0001838207244873047,0.0,0.0
24,0.0002627372741699219,0.0,0.0
25,0.0002815723419189453,0.0,0.0
26,0.00037097930908203125,0.0,0.0
27,0.0002808570861816406,0.0,0.0
28,0.0001423358917236328,0.0,0.0
29,0.00014472007751464844,0.0,0.0
30,0.00013780593872070312,0.0,0.0
31,0.00014734268188476562,0.0,0.0
32,0.00018835067749023438,0.0,0.0
33,0.0003097057342529297,0.0,0.0
34,0.00029158592224121094,0.0,0.0
35,0.0004200935363769531,0.0,0.0
36,0.00044345855712890625,0.0,0.0
37,0.00045013427734375,0.0,0.0
38,0.00036263465881347656,0.0,0.0
39,0.00022220611572265625,0.0,0.0
40,0.00032711029052734375,0.0,0.0
41,0.0004189014434814453,0.0,0.0
42,0.0002486705780029297,0.0,0.0
43,0.0005300045013427734,0.0,0.0
44,0.0004794597625732422,0.0,0.0
45,0.0005095005035400391,0.0,0.0
46,0.0004215240478515625,0.0,0.0
47,0.0005171298980712891,0.0,0.0
48,0.001375436782836914,0.0,0.0
49,0.0005075931549072266,0.0,0.0
50,0.0007297992706298828,0.0,0.0
51,0.0006070137023925781,0.0,0.0
52,0.00043487548828125,0.0,0.0
53,0.0004467964172363281,0.0,0.0
54,0.0004837512969970703,0.0,0.0
55,0.00025653839111328125,0.0,0.0
56,0.0004754066467285156,0.0,0.0
57,0.0001761913299560547,0.0,0.0
58,0.0004892349243164062,0.0,0.0
59,0.0002071857452392578,0.0,0.0
60,0.0004520416259765625,0.0,0.0
61,0.0004220008850097656,0.0,0.0
62,0.0004165172576904297,0.0,0.0
63,0.00045013427734375,0.0,0.0
64,0.00043964385986328125,0.0,0.0
65,0.00042128562927246094,0.0,0.0
66,0.0004487037658691406,0.0,0.0
67,0.0004711151123046875,0.0,0.0
68,0.00044536590576171875,0.0,0.0
69,0.00041866302490234375,0.0,0.0
70,0.00043773651123046875,0.0,0.0
71,0.0004565715789794922,0.0,0.0
72,0.0004329681396484375,0.0,0.0
73,0.0004897117614746094,0.0,0.0
74,0.00044727325439453125,0.0,0.0
75,0.0004990100860595703,0.0,0.0
76,0.0007832050323486328,0.0,0.0
77,0.0005834102630615234,0.0,0.0
78,0.0005359649658203125,0.0,0.0
79,0.0005156993865966797,0.0,0.0
80,0.0004980564117431641,0.0,0.0
81,0.0004379749298095703,0.0,0.0
82,0.0005555152893066406,0.0,0.0
83,0.0004947185516357422,0.0,0.0
84,0.00016236305236816406,0.0,0.0
85,0.00015497207641601562,0.0,0.0
86,0.0004940032958984375,0.0,0.0
87,0.00016427040100097656,0.0,0.0
88,0.00019240379333496094,0.0,0.0
89,0.00032639503479003906,0.0,0.0
90,0.0004379749298095703,0.0,0.0
91,0.00041222572326660156,0.0,0.0
92,0.0004086494445800781,0.0,0.0
93,0.0004222393035888672,0.0,0.0
94,0.0004940032958984375,0.0,0.0
95,0.000202178955078125,0.0,0.0
96,0.0004551410675048828,0.0,0.0
97,0.00049591064453125,0.0,0.0
98,0.0004718303680419922,0.0,0.0
99,0.0004477500915527344,0.0,0.0
100,0.0004372596740722656,0.0,0.0
101,0.00043654441833496094,0.0,0.0
102,0.0004124641418457031,0.0,0.0
103,0.0010068416595458984,0.0,0.0
104,0.000213623046875,0.0,0.0
105,0.0007786750793457031,0.0,0.0
106,0.00031828880310058594,0.0,0.0
107,0.0002727508544921875,0.0,0.0
108,0.0004680156707763672,0.0,0.0
109,0.0003910064697265625,0.0,0.0
110,0.0002689361572265625,0.0,0.0
111,0.00016117095947265625,0.0,0.0
112,0.00015687942504882812,0.0,0.0
113,0.00015687942504882812,0.0,0.0
114,0.00047278404235839844,0.0,0.0
115,0.0004703998565673828,0.0,0.0
116,0.0004222393035888672,0.0,0.0
117,0.00045418739318847656,0.0,0.0
118,0.0004119873046875,0.0,0.0
119,0.00048828125,0.0,0.0
120,0.0004506111145019531,0.0,0.0
121,0.00044798851013183594,0.0,0.0
122,0.00022268295288085938,0.0,0.0
123,0.00054931640625,0.0,0.0
124,0.0005352497100830078,0.0,0.0
125,0.0005087852478027344,0.0,0.0
126,0.000423431396484375,0.0,0.0
127,0.00042819976806640625,0.0,0.0
128,0.00042891502380371094,0.0,0.0
129,0.0005891323089599609,0.0,0.0
130,0.0004405975341796875,0.0,0.0
131,0.00044155120849609375,0.0,0.0
132,0.0004639625549316406,0.0,0.0
133,0.0003743171691894531,0.0,0.0
134,0.0006086826324462891,0.0,0.0
135,0.0004565715789794922,0.0,0.0
136,0.0004646778106689453,0.002,0.0
137,0.0004448890686035156,0.002,0.0
138,0.0001838207244873047,0.002,0.0
139,0.0002300739288330078,0.002,0.0
140,0.0001614093780517578,0.002,0.0
141,0.0002758502960205078,0.002,0.0
142,0.0001838207244873047,0.002,0.0
143,0.00024318695068359375,0.002,0.0
144,0.00041794776916503906,0.002,0.0
145,0.00043010711669921875,0.002,0.0
146,0.00041556358337402344,0.002,0.0
147,0.0004105567932128906,0.002,0.0
148,0.00041222572326660156,0.002,0.0
149,0.0004892349243164062,0.004,0.0
150,0.0004858970642089844,0.004,0.0
151,0.00048828125,0.004,0.0
152,0.0004298686981201172,0.004,0.0
153,0.0007567405700683594,0.006,0.0
154,0.00016260147094726562,0.006,0.0
155,0.0004887580871582031,0.006,0.0
156,0.0004475116729736328,0.006,0.0
157,0.0011830329895019531,0.006,0.0
158,0.0005612373352050781,0.006,0.0
159,0.0012865066528320312,0.006,0.0
160,0.0007097721099853516,0.006,0.0
161,0.0008137226104736328,0.006,0.0
162,0.0016777515411376953,0.006,0.0
163,0.00016832351684570312,0.006,0.0
164,0.0001437664031982422,0.006,0.0
165,0.0002257823944091797,0.006,0.0
166,0.000152587890625,0.006,0.0
167,0.00017261505126953125,0.006,0.0
168,0.00023555755615234375,0.006,0.0
169,0.00015497207641601562,0.009000000000000001,0.0
170,0.0001347064971923828,0.009000000000000001,0.0
171,0.0002532005310058594,0.011000000000000001,0.0
172,0.00047969818115234375,0.011000000000000001,0.0
173,0.0002002716064453125,0.013000000000000001,0.0
174,0.00044345855712890625,0.013000000000000001,0.0
175,0.00042438507080078125,0.013000000000000001,0.0
176,0.0005018711090087891,0.015,0.0
177,0.0004277229309082031,0.017,0.0
178,0.0004184246063232422,0.017,0.0
179,0.0005040168762207031,0.017,0.0
180,0.00015401840209960938,0.017,0.0
181,0.00016069412231445312,0.017,0.0
182,0.00019288063049316406,0.017,0.0
183,0.00020241737365722656,0.017,0.0
184,0.0002541542053222656,0.017,0.0
185,0.0006487369537353516,0.019,0.0
186,0.00042510032653808594,0.024,0.0
187,0.00046133995056152344,0.024,0.0
188,0.0007524490356445312,0.024,0.0
189,0.0007665157318115234,0.024,0.0
190,0.0008108615875244141,0.024,0.0
191,0.0003705024719238281,0.026000000000000002,0.0
192,0.0005364418029785156,0.026000000000000002,0.0
193,0.00016021728515625,0.027999999999999997,0.0
194,0.0006864070892333984,0.027999999999999997,0.0
195,0.00016832351684570312,0.027999999999999997,0.0
196,0.00040268898010253906,0.027999999999999997,0.0
197,0.0001614093780517578,0.027999999999999997,0.0
198,0.0001785755157470703,0.03,0.0
199,0.00017213821411132812,0.03,0.4
200,0.0002319812774658203,0.03,0.4
201,0.0002982616424560547,0.032,0.4
202,0.0003414154052734375,0.034,0.4
203,0.000446319580078125,0.037000000000000005,0.4
204,0.0004315376281738281,0.037000000000000005,0.4
205,0.0004239082336425781,0.037000000000000005,0.4
206,0.0004215240478515625,0.037000000000000005,0.4
207,0.0004825592041015625,0.039,0.4
208,0.00046181678771972656,0.039,0.4
209,0.0003504753112792969,0.039,0.4
210,0.00044798851013183594,0.039,0.4
211,0.0004184246063232422,0.039,0.4
212,0.00020647048950195312,0.040999999999999995,0.4
213,0.0003502368927001953,0.045,0.4
214,0.0004963874816894531,0.047,0.4
215,0.0005185604095458984,0.05,0.4
216,0.0004467964172363281,0.05,0.4
217,0.0009784698486328125,0.05,0.4
218,0.0004818439483642578,0.05,0.4
219,0.0008475780487060547,0.05,0.4
220,0.0008270740509033203,0.05,0.4
221,0.0014154911041259766,0.05,0.4
222,0.0004839897155761719,0.05,0.4
223,0.0009560585021972656,0.05,0.4
224,0.000499725341796875,0.05,0.8
225,0.0004892349243164062,0.05,0.8
226,0.00044608116149902344,0.05,0.8
227,0.0002579689025878906,0.05,1.2000000000000002
228,0.0003681182861328125,0.052000000000000005,1.2000000000000002
229,0.0001499652862548828,0.054000000000000006,1.6
230,0.00016832351684570312,0.055999999999999994,1.6
231,0.00026035308837890625,0.06,2.0
232,0.0004928112030029297,0.06,2.4000000000000004
233,0.0005254745483398438,0.06,2.8000000000000003
234,0.00043964385986328125,0.06,3.2
235,0.0004680156707763672,0.06,3.6
236,0.0004208087921142578,0.06,4.0
237,0.0004353523254394531,0.06,4.4
238,0.00041294097900390625,0.06,4.800000000000001
239,0.0004131793975830078,0.06,5.6000000000000005
240,0.00024771690368652344,0.06,6.0
241,0.00048422813415527344,0.06,6.4
242,0.00044846534729003906,0.06,6.800000000000001
243,0.0005316734313964844,0.063,7.6000000000000005
244,0.0004456043243408203,0.063,8.0
245,0.0004220008850097656,0.067,8.4
246,0.0004239082336425781,0.073,8.8
247,0.0004222393035888672,0.075,9.200000000000001
248,0.00042748451232910156,0.075,9.600000000000001
249,0.0010077953338623047,0.075,10.0
250,0.0006020069122314453,0.075,10.4
251,0.0005581378936767578,0.075,10.8
252,0.0005147457122802734,0.075,11.200000000000001
253,0.0004336833953857422,0.075,11.600000000000001
254,0.0002894401550292969,0.078,12.0
255,0.0003018379211425781,0.078,12.4
256,0.00025463104248046875,0.078,12.4
257,0.0004754066467285156,0.078,12.8
258,0.00023484230041503906,0.078,13.200000000000001
259,0.00019788742065429688,0.078,13.200000000000001
260,0.00021529197692871094,0.08199999999999999,13.600000000000001
261,0.0003075599670410156,0.08199999999999999,13.600000000000001
262,0.000423431396484375,0.084,13.600000000000001
263,0.00040650367736816406,0.084,14.0
264,0.00047516822814941406,0.084,14.0
265,0.000453948974609375,0.084,14.0
266,0.00043201446533203125,0.084,14.0
267,0.00034046173095703125,0.084,14.0
268,0.0004787445068359375,0.084,14.0
269,0.0004963874816894531,0.084,14.0
270,0.00044727325439453125,0.084,14.0
271,0.0005037784576416016,0.084,14.0
272,0.0006601810455322266,0.084,13.600000000000001
273,0.0006601810455322266,0.084,13.600000000000001
274,0.0006129741668701172,0.084,13.600000000000001
275,0.0004572868347167969,0.084,13.600000000000001
276,0.0005733966827392578,0.084,13.200000000000001
277,0.0008747577667236328,0.084,13.200000000000001
278,0.0005445480346679688,0.084,13.200000000000001
279,0.000255584716796875,0.084,12.8
280,0.0004756450653076172,0.084,12.8
281,0.0004482269287109375,0.084,12.4
282,0.0005342960357666016,0.084,12.4
283,0.00038123130798339844,0.084,12.0
284,0.00023126602172851562,0.084,12.0
285,0.00014925003051757812,0.084,11.600000000000001
286,0.00014352798461914062,0.084,11.600000000000001
287,0.0004906654357910156,0.084,11.200000000000001
288,0.0004405975341796875,0.084,10.8
289,0.00045990943908691406,0.084,10.8
290,0.0004246234893798828,0.084,10.8
291,0.00044918060302734375,0.084,10.4
292,0.00041222572326660156,0.084,10.4
293,0.00043892860412597656,0.084,10.0
294,0.0004107952117919922,0.084,10.0
295,0.00035071372985839844,0.084,10.0
296,0.0004820823669433594,0.084,9.600000000000001
297,0.00045418739318847656,0.084,9.600000000000001
298,0.0004620552062988281,0.086,9.600000000000001
299,0.00014710426330566406,0.08800000000000001,9.600000000000001
300,0.0004525184631347656,0.091,9.600000000000001
301,0.00048065185546875,0.091,9.600000000000001
302,0.0004458427429199219,0.091,9.600000000000001
303,0.00135040283203125,0.09300000000000001,9.600000000000001
304,0.0004737377166748047,0.09300000000000001,9.600000000000001
305,0.001523733139038086,0.09300000000000001,9.600000000000001
306,0.0007066726684570312,0.09300000000000001,9.600000000000001
307,0.0005128383636474609,0.09300000000000001,9.600000000000001
308,0.0004448890686035156,0.09300000000000001,10.0
309,0.0004572868347167969,0.09300000000000001,10.0
310,0.0004265308380126953,0.095,10.4
311,0.0004916191101074219,0.09699999999999999,10.4
312,0.0005943775177001953,0.09699999999999999,10.8
313,0.0001437664031982422,0.09699999999999999,10.8
314,0.0001652240753173828,0.09699999999999999,11.200000000000001
315,0.00046253204345703125,0.09699999999999999,11.600000000000001
316,0.00017714500427246094,0.099,11.600000000000001
317,0.0002002716064453125,0.10099999999999999,12.0
318,0.0004553794860839844,0.10099999999999999,12.4
319,0.00042939186096191406,0.106,12.8
320,0.0004487037658691406,0.10800000000000001,13.200000000000001
321,0.0004172325134277344,0.11199999999999999,13.600000000000001
322,0.0006067752838134766,0.11599999999999999,13.600000000000001
323,0.0004703998565673828,0.11900000000000001,14.0
324,0.00048804283142089844,0.12300000000000001,14.4
325,0.0004582405090332031,0.127,14.8
326,0.00043392181396484375,0.129,15.200000000000001
327,0.00017595291137695312,0.131,15.600000000000001
328,0.0005757808685302734,0.136,16.0
329,0.0004372596740722656,0.136,16.400000000000002
330,0.0005595684051513672,0.136,16.8
331,0.0006837844848632812,0.136,17.2
332,0.0004730224609375,0.136,17.6
333,0.0015637874603271484,0.136,18.0
334,0.0008268356323242188,0.138,18.8
335,0.0002644062042236328,0.138,19.200000000000003
336,0.00026106834411621094,0.138,19.6
337,0.0004448890686035156,0.138,20.0
338,0.00018787384033203125,0.138,20.8
339,0.0009453296661376953,0.138,21.200000000000003
340,0.00016117095947265625,0.138,22.0
341,0.0004932880401611328,0.142,22.400000000000002
342,0.0001819133758544922,0.142,22.8
343,0.0001430511474609375,0.14400000000000002,23.6
344,0.0004792213439941406,0.14400000000000002,24.0
345,0.00048089027404785156,0.14400000000000002,24.400000000000002
346,0.00020742416381835938,0.14400000000000002,24.8
347,0.00021648406982421875,0.149,25.6
348,0.00031256675720214844,0.151,26.0
349,0.0004277229309082031,0.151,26.400000000000002
350,0.0004246234893798828,0.155,26.8
351,0.0004572868347167969,0.157,27.200000000000003
352,0.0004177093505859375,0.162,27.6
353,0.00034689903259277344,0.162,28.0
354,0.0005211830139160156,0.16399999999999998,28.400000000000002
355,0.0004553794860839844,0.166,28.8
356,0.00046753883361816406,0.166,29.200000000000003
357,0.00012421607971191406,0.166,29.200000000000003
358,0.0003082752227783203,0.166,29.6
359,0.00043582916259765625,0.166,30.0
360,0.0004985332489013672,0.166,30.400000000000002
361,0.0014765262603759766,0.166,30.8
362,0.0005323886871337891,0.166,30.8
363,0.0008573532104492188,0.166,31.200000000000003
364,0.0005576610565185547,0.166,31.6
365,0.0005152225494384766,0.166,31.6
366,0.00020956993103027344,0.166,32.0
367,0.0008044242858886719,0.166,32.4
368,0.00022268295288085938,0.166,32.4
369,0.0010921955108642578,0.166,32.800000000000004
370,0.00028443336486816406,0.166,32.800000000000004
371,0.0005273818969726562,0.166,33.2
372,0.0007822513580322266,0.166,33.2
373,0.0004630088806152344,0.166,33.2
374,0.00024628639221191406,0.168,33.6
375,0.0003135204315185547,0.168,33.6
376,0.0005788803100585938,0.168,33.6
377,0.002161741256713867,0.166,33.6
378,0.0005114078521728516,0.16399999999999998,33.6
379,0.0017955303192138672,0.162,33.6
380,0.0010519027709960938,0.159,33.6
381,0.0006043910980224609,0.157,33.6
382,0.0004520416259765625,0.157,33.6
383,0.0007266998291015625,0.157,33.6
384,0.0009212493896484375,0.153,33.6
385,0.0008580684661865234,0.153,33.2
386,0.0006492137908935547,0.153,33.2
387,0.0018343925476074219,0.153,33.2
388,0.0010082721710205078,0.151,32.800000000000004
389,0.0020568370819091797,0.151,32.800000000000004
390,0.0006232261657714844,0.151,32.4
391,0.0007793903350830078,0.151,32.0
392,0.0009143352508544922,0.151,32.0
393,0.0010182857513427734,0.149,31.6
394,0.0005435943603515625,0.149,31.200000000000003
395,0.0005867481231689453,0.149,30.8
396,0.0003960132598876953,0.14400000000000002,30.400000000000002
397,0.0007009506225585938,0.14400000000000002,30.0
398,0.0012943744659423828,0.142,29.6
399,0.0020034313201904297,0.142,28.8
400,0.00106048583984375,0.142,28.400000000000002
401,0.0015790462493896484,0.142,28.0
402,0.0003924369812011719,0.14,27.200000000000003
403,0.0019702911376953125,0.14,26.8
404,0.0015735626220703125,0.14,26.400000000000002
405,0.0014154911041259766,0.14,25.6
406,0.002351045608520508,0.14,25.200000000000003
407,0.0008244514465332031,0.14,24.400000000000002
408,0.0022788047790527344,0.14,24.0
409,0.001924276351928711,0.14,23.200000000000003
410,0.0016906261444091797,0.14,22.8
411,0.0012485980987548828,0.14,22.0
412,0.0016112327575683594,0.14,21.6
413,0.0025496482849121094,0.14,21.200000000000003
414,0.0012907981872558594,0.14,20.400000000000002
415,0.0012810230255126953,0.14,20.0
416,0.001749277114868164,0.14,19.6
417,0.0007932186126708984,0.14,19.200000000000003
418,0.002263784408569336,0.14,18.8
419,0.0011241436004638672,0.14,18.400000000000002
420,0.0004444122314453125,0.14,18.0
421,0.002271890640258789,0.14,17.6
422,0.001583099365234375,0.14,17.6
423,0.0010907649993896484,0.14,17.2
424,0.0019228458404541016,0.14,17.2
425,0.0013756752014160156,0.14,17.2
426,0.001356363296508789,0.14,17.2
427,0.0014462471008300781,0.142,17.2
428,0.0008254051208496094,0.142,17.2
429,0.0006256103515625,0.14400000000000002,17.2
430,0.0006256103515625,0.147,17.2
431,0.0013680458068847656,0.147,17.2
432,0.0010180473327636719,0.149,17.6
433,0.0005893707275390625,0.149,17.6
434,0.0006387233734130859,0.149,18.0
435,0.0005557537078857422,0.149,18.400000000000002
436,0.0021228790283203125,0.149,18.8
437,0.001745462417602539,0.149,19.200000000000003
438,0.003061532974243164,0.149,19.6
439,0.0005421638488769531,0.149,20.0
440,0.0007822513580322266,0.149,20.400000000000002
441,0.0006616115570068359,0.149,21.200000000000003
442,0.0014586448669433594,0.149,21.6
443,0.0009579658508300781,0.149,22.400000000000002
444,0.0019016265869140625,0.149,22.8
445,0.0009696483612060547,0.149,23.6
446,0.0006489753723144531,0.149,24.0
447,0.0008654594421386719,0.149,24.8
448,0.0015816688537597656,0.149,25.6
449,0.0008482933044433594,0.149,26.0
450,0.0009038448333740234,0.149,26.8
451,0.0023314952850341797,0.149,27.200000000000003
452,0.001589059829711914,0.151,28.0
453,0.0021588802337646484,0.151,28.400000000000002
454,0.0004661083221435547,0.153,29.200000000000003
455,0.0006036758422851562,0.153,29.6
456,0.0006873607635498047,0.153,30.0
457,0.0007388591766357422,0.155,30.400000000000002
458,0.0006163120269775391,0.155,30.8
459,0.001955747604370117,0.157,31.200000000000003
460,0.0018482208251953125,0.162,31.6
461,0.004131793975830078,0.16399999999999998,32.0
462,0.001561880111694336,0.166,32.0
463,0.0005307197570800781,0.166,32.4
464,0.0017898082733154297,0.168,32.4
465,0.0008461475372314453,0.168,32.800000000000004
466,0.0008008480072021484,0.17,32.800000000000004
467,0.00083160400390625,0.17,32.800000000000004
468,0.0005750656127929688,0.17,32.800000000000004
469,0.0011620521545410156,0.17,33.2
470,0.0005276203155517578,0.172,33.2
471,0.002742290496826172,0.18100000000000002,33.2
472,0.0005221366882324219,0.18100000000000002,33.2
473,0.0005664825439453125,0.18100000000000002,33.2
474,0.0005180835723876953,0.18100000000000002,33.2
475,0.000797271728515625,0.185,32.800000000000004
476,0.0005474090576171875,0.188,32.800000000000004
477,0.00434112548828125,0.19,32.800000000000004
478,0.00048732757568359375,0.19,32.800000000000004
479,0.0020682811737060547,0.19,32.800000000000004
480,0.0010709762573242188,0.19,32.800000000000004
481,0.0007958412170410156,0.19,32.800000000000004
482,0.0014116764068603516,0.19,32.800000000000004
483,0.0007946491241455078,0.192,33.2
484,0.0005931854248046875,0.192,33.2
485,0.0011987686157226562,0.192,33.2
486,0.00016450881958007812,0.192,33.6
487,0.0002319812774658203,0.192,33.6
488,0.0003402233123779297,0.192,34.0
489,0.0004706382751464844,0.192,34.0
490,0.0008089542388916016,0.192,34.4
491,0.001766204833984375,0.192,34.800000000000004
492,0.002738475799560547,0.192,34.800000000000004
493,0.0012407302856445312,0.19399999999999998,35.2
494,0.00033545494079589844,0.19399999999999998,35.6
495,0.0004112720489501953,0.19399999999999998,36.0
496,0.0006773471832275391,0.19399999999999998,36.4
497,0.0006909370422363281,0.19399999999999998,36.800000000000004
498,0.0022809505462646484,0.19399999999999998,37.2
499,0.003381013870239258,0.19399999999999998,37.6
500,0.0015728473663330078,0.19399999999999998,38.0
501,0.0012776851654052734,0.19399999999999998,38.400000000000006
502,0.002031564712524414,0.19399999999999998,38.800000000000004
503,0.0017824172973632812,0.19399999999999998,39.2
504,0.0021855831146240234,0.19399999999999998,39.6
505,0.0006170272827148438,0.19399999999999998,40.400000000000006
506,0.0018298625946044922,0.19399999999999998,40.800000000000004
507,0.0016252994537353516,0.19399999999999998,41.2
508,0.0008318424224853516,0.19399999999999998,41.6
509,0.0013325214385986328,0.19399999999999998,42.0
510,0.0030236244201660156,0.19399999999999998,42.400000000000006
511,0.0017626285552978516,0.19399999999999998,42.400000000000006
512,0.0025703907012939453,0.19399999999999998,42.800000000000004
513,0.0021784305572509766,0.19399999999999998,43.2
514,0.0018563270568847656,0.19399999999999998,43.6
515,0.0006246566772460938,0.19399999999999998,43.6
516,0.0009248256683349609,0.192,44.0
517,0.00077056884765625,0.19,44.400000000000006
518,0.0008106231689453125,0.18100000000000002,44.400000000000006
519,0.0016520023345947266,0.16399999999999998,44.400000000000006
520,0.0014190673828125,0.151,44.800000000000004
521,0.0016889572143554688,0.14400000000000002,44.800000000000004
522,0.0007841587066650391,0.14,44.800000000000004
523,0.0015187263488769531,0.136,44.800000000000004
524,0.0014424324035644531,0.136,44.400000000000006
525,0.001154184341430664,0.136,44.400000000000006
526,0.0006608963012695312,0.136,44.0
527,0.0006425380706787109,0.131,43.6
528,0.000820159912109375,0.125,43.2
529,0.0014090538024902344,0.11599999999999999,42.800000000000004
530,0.0004935264587402344,0.11199999999999999,42.0
531,0.0018551349639892578,0.10800000000000001,41.2
532,0.0015101432800292969,0.10099999999999999,40.0
533,0.0015676021575927734,0.10099999999999999,38.800000000000004
534,0.0012423992156982422,0.10099999999999999,37.6
535,0.0007808208465576172,0.10099999999999999,36.4
536,0.0016582012176513672,0.10099999999999999,34.800000000000004
537,0.0005745887756347656,0.10099999999999999,33.2
538,0.0005350112915039062,0.10099999999999999,31.6
539,0.00045490264892578125,0.10099999999999999,29.6
540,0.0006620883941650391,0.10099999999999999,27.6
541,0.0009326934814453125,0.10099999999999999,25.6
542,0.0017657279968261719,0.10099999999999999,23.6
543,0.0009293556213378906,0.10099999999999999,21.6
544,0.0018146038055419922,0.10099999999999999,19.200000000000003
545,0.0007586479187011719,0.10099999999999999,17.2
546,0.00223541259765625,0.10099999999999999,14.8
547,0.0009090900421142578,0.10099999999999999,12.8
548,0.0018925666809082031,0.10099999999999999,10.4
549,0.0004763603210449219,0.10099999999999999,8.4
550,0.0007948875427246094,0.10099999999999999,6.4
551,0.0005781650543212891,0.10099999999999999,4.4
552,0.0012328624725341797,0.10099999999999999,2.4000000000000004
553,0.0008785724639892578,0.10099999999999999,0.8
554,0.0006232261657714844,0.10099999999999999,-1.2000000000000002
555,0.0013282299041748047,0.10099999999999999,-2.4000000000000004
556,0.0014355182647705078,0.10099999999999999,-4.0
557,0.0031137466430664062,0.10099999999999999,-5.2
558,0.0008044242858886719,0.10099999999999999,-6.0
559,0.001638650894165039,0.10099999999999999,-7.2
560,0.0004425048828125,0.10099999999999999,-7.6000000000000005
561,0.001039743423461914,0.10099999999999999,-8.4
562,0.0007297992706298828,0.10099999999999999,-8.4
563,0.0011396408081054688,0.10099999999999999,-8.8
564,0.001207113265991211,0.10099999999999999,-8.8
565,0.001001596450805664,0.10099999999999999,-8.4
566,0.0005276203155517578,0.10099999999999999,-8.0
567,0.0015523433685302734,0.10099999999999999,-7.2
568,0.0017619132995605469,0.10099999999999999,-6.4
569,0.0016045570373535156,0.10099999999999999,-5.6000000000000005
570,0.0016329288482666016,0.10099999999999999,-4.4
571,0.002872467041015625,0.10099999999999999,-3.2
572,0.0004112720489501953,0.10099999999999999,-1.6
573,0.0013012886047363281,0.10099999999999999,0.0
574,0.0005707740783691406,0.10099999999999999,1.6
575,0.0002760887145996094,0.10099999999999999,3.2
576,0.0002760887145996094,0.10099999999999999,3.2
577,0.0007271766662597656,0.10099999999999999,4.800000000000001
578,0.0014188289642333984,0.10099999999999999,6.800000000000001
579,0.0005462169647216797,0.10099999999999999,8.8
580,0.0008885860443115234,0.10099999999999999,10.8
581,0.0008101463317871094,0.10099999999999999,12.8
582,0.0008535385131835938,0.10099999999999999,14.8
583,0.0005872249603271484,0.10099999999999999,16.8
584,0.0008127689361572266,0.10099999999999999,18.8
585,0.0016601085662841797,0.10099999999999999,20.8
586,0.0013451576232910156,0.10099999999999999,22.8
587,0.0012156963348388672,0.10099999999999999,24.400000000000002
588,0.001249074935913086,0.10099999999999999,26.400000000000002
589,0.0012576580047607422,0.10099999999999999,28.0
590,0.001012563705444336,0.10099999999999999,29.6
591,0.0015060901641845703,0.10099999999999999,30.8
592,0.0012333393096923828,0.10099999999999999,32.4
593,0.0020754337310791016,0.10099999999999999,33.6
594,0.0024590492248535156,0.10099999999999999,34.4
595,0.0016317367553710938,0.10099999999999999,35.2
596,0.0015704631805419922,0.10099999999999999,36.0
597,0.0020618438720703125,0.10099999999999999,36.800000000000004
598,0.0016167163848876953,0.10099999999999999,37.2
599,0.0018167495727539062,0.10099999999999999,37.2
600,0.002308368682861328,0.10099999999999999,37.2
601,0.0009815692901611328,0.10099999999999999,37.2
602,0.0015959739685058594,0.10099999999999999,37.2
603,0.0024373531341552734,0.10099999999999999,36.800000000000004
604,0.0038013458251953125,0.10099999999999999,36.0
605,0.0019135475158691406,0.10099999999999999,35.2
606,0.003094911575317383,0.10099999999999999,34.4
607,0.0025322437286376953,0.10099999999999999,33.6
608,0.0010399818420410156,0.10099999999999999,32.4
609,0.0024194717407226562,0.10099999999999999,31.200000000000003
610,0.0022325515747070312,0.10099999999999999,30.0
611,0.0014057159423828125,0.10099999999999999,28.400000000000002
612,0.0017957687377929688,0.10099999999999999,26.8
613,0.0013442039489746094,0.10099999999999999,25.200000000000003
614,0.0019233226776123047,0.10099999999999999,23.6
615,0.00040602684020996094,0.10099999999999999,21.6
616,0.0007121562957763672,0.10099999999999999,20.0
617,0.0006122589111328125,0.10099999999999999,18.0
618,0.0010852813720703125,0.10099999999999999,16.400000000000002
619,0.0005717277526855469,0.10099999999999999,14.4
620,0.0007462501525878906,0.10099999999999999,12.4
621,0.0002608299255371094,0.10099999999999999,10.8
622,0.0002422332763671875,0.10099999999999999,8.8
623,0.00048232078552246094,0.10099999999999999,7.2
624,0.0004787445068359375,0.10099999999999999,5.6000000000000005
625,0.0004425048828125,0.10099999999999999,4.0
626,0.0004820823669433594,0.10099999999999999,2.4000000000000004
627,0.0007338523864746094,0.10099999999999999,1.2000000000000002
628,0.0005831718444824219,0.10099999999999999,0.0
629,0.0005199909210205078,0.10099999999999999,-1.2000000000000002
630,0.00045871734619140625,0.10099999999999999,-2.0
631,0.0004405975341796875,0.10099999999999999,-2.8000000000000003
632,0.0005373954772949219,0.10099999999999999,-3.6
633,0.0009186267852783203,0.10099999999999999,-4.0
634,0.00047135353088378906,0.10099999999999999,-4.4
635,0.000476837158203125,0.10099999999999999,-4.800000000000001
636,0.0004928112030029297,0.10099999999999999,-4.800000000000001
637,0.0006105899810791016,0.10099999999999999,-4.800000000000001
638,0.0006814002990722656,0.10099999999999999,-4.4
639,0.0037813186645507812,0.10099999999999999,-4.0
640,0.001271963119506836,0.10099999999999999,-3.6
641,0.0026023387908935547,0.10099999999999999,-2.8000000000000003
642,0.0009856224060058594,0.10099999999999999,-2.0
643,0.0014383792877197266,0.10099999999999999,-1.2000000000000002
644,0.0008921623229980469,0.10099999999999999,0.0
645,0.0012912750244140625,0.10099999999999999,1.2000000000000002
646,0.0010867118835449219,0.10099999999999999,2.4000000000000004
647,0.0006513595581054688,0.10099999999999999,4.0
648,0.0004184246063232422,0.10099999999999999,5.2
649,0.003217935562133789,0.10099999999999999,6.800000000000001
650,0.0020301342010498047,0.10099999999999999,8.4
651,0.001512765884399414,0.10099999999999999,10.0
652,0.0021314620971679688,0.10099999999999999,11.600000000000001
653,0.0023069381713867188,0.10099999999999999,13.200000000000001
654,0.001672983169555664,0.10099999999999999,15.200000000000001
655,0.001392364501953125,0.10099999999999999,16.8
656,0.0010592937469482422,0.10099999999999999,18.400000000000002
657,0.003453493118286133,0.10099999999999999,20.0
658,0.0020728111267089844,0.10300000000000001,21.6
659,0.0005271434783935547,0.106,22.8
660,0.0005459785461425781,0.10800000000000001,24.400000000000002
661,0.0019826889038085938,0.10800000000000001,25.6
662,0.00127410888671875,0.11,26.8
663,0.0017244815826416016,0.11,28.0
664,0.0010700225830078125,0.11,29.200000000000003
665,0.000568389892578125,0.11,30.0
666,0.0005068778991699219,0.11,30.8
667,0.0007991790771484375,0.11,31.6
668,0.0023932456970214844,0.11,32.4
669,0.0006709098815917969,0.11,32.800000000000004
670,0.0004932880401611328,0.11,33.2
671,0.0008056163787841797,0.11,33.2
672,0.0008168220520019531,0.11199999999999999,33.2
673,0.0017113685607910156,0.11199999999999999,33.2
674,0.0012521743774414062,0.11199999999999999,33.2
675,0.0005059242248535156,0.114,32.800000000000004
676,0.0007879734039306641,0.114,32.4
677,0.0007371902465820312,0.114,32.0
678,0.0024378299713134766,0.114,31.6
679,0.0012753009796142578,0.114,30.8
680,0.0020227432250976562,0.114,30.0
681,0.0005373954772949219,0.114,29.200000000000003
682,0.0005943775177001953,0.114,28.0
683,0.001154184341430664,0.114,27.200000000000003
684,0.0005137920379638672,0.114,26.0
685,0.0011515617370605469,0.114,24.8
686,0.0006365776062011719,0.114,23.6
687,0.001031637191772461,0.114,22.400000000000002
688,0.0016131401062011719,0.114,20.8
689,0.0009388923645019531,0.114,19.6
690,0.0007009506225585938,0.114,18.400000000000002
691,0.0010099411010742188,0.114,16.8
692,0.0005495548248291016,0.11199999999999999,15.600000000000001
693,0.0008172988891601562,0.10800000000000001,14.4
694,0.003353118896484375,0.106,13.200000000000001
695,0.0005044937133789062,0.10300000000000001,12.0
696,0.002951383590698242,0.10099999999999999,9.600000000000001
697,0.00048828125,0.09699999999999999,8.4
698,0.0009891986846923828,0.09699999999999999,7.6000000000000005
699,0.0005035400390625,0.09699999999999999,6.800000000000001
700,0.002253293991088867,0.09699999999999999,6.0
701,0.0008118152618408203,0.09699999999999999,5.2
702,0.0043985843658447266,0.09699999999999999,4.4
703,0.0005071163177490234,0.09699999999999999,4.0
704,0.0004706382751464844,0.09699999999999999,3.6
705,0.0009093284606933594,0.09699999999999999,3.2
706,0.0015277862548828125,0.09699999999999999,2.8000000000000003
707,0.0006933212280273438,0.09699999999999999,2.8000000000000003
708,0.0005869865417480469,0.09699999999999999,2.4000000000000004
709,0.0016255378723144531,0.09699999999999999,2.4000000000000004
710,0.0015268325805664062,0.09699999999999999,2.8000000000000003
711,0.000591278076171875,0.09699999999999999,2.8000000000000003
712,0.0011515617370605469,0.09699999999999999,3.2
713,0.002045869827270508,0.09699999999999999,3.2
714,0.0005083084106445312,0.09699999999999999,3.6
715,0.0008995532989501953,0.09699999999999999,4.4
716,0.0010020732879638672,0.09699999999999999,4.800000000000001
717,0.0013239383697509766,0.09699999999999999,5.6000000000000005
718,0.0008013248443603516,0.09699999999999999,6.0
719,0.0002300739288330078,0.09699999999999999,6.800000000000001
720,0.0002300739288330078,0.09699999999999999,6.800000000000001
721,0.0008227825164794922,0.09699999999999999,7.6000000000000005
722,0.0009152889251708984,0.09699999999999999,8.8
723,0.0005884170532226562,0.099,9.600000000000001
724,0.0007886886596679688,0.10099999999999999,10.4
725,0.0008907318115234375,0.106,11.200000000000001
726,0.0008153915405273438,0.106,12.4
727,0.0030775070190429688,0.10800000000000001,13.200000000000001
728,0.0011246204376220703,0.10800000000000001,14.0
729,0.0023903846740722656,0.11,15.200000000000001
730,0.0012178421020507812,0.11900000000000001,16.0
731,0.0019230842590332031,0.127,16.8
732,0.0037317276000976562,0.134,18.0
733,0.0018053054809570312,0.136,18.8
734,0.0005891323089599609,0.14,19.6
735,0.0005261898040771484,0.142,20.400000000000002
736,0.0005903244018554688,0.147,21.200000000000003
737,0.0005600452423095703,0.149,22.0
738,0.0008215904235839844,0.151,22.8
739,0.0009582042694091797,0.151,23.6
740,0.0006947517395019531,0.151,24.400000000000002
741,0.002949953079223633,0.151,25.200000000000003
742,0.0005204677581787109,0.151,25.6
743,0.0017077922821044922,0.151,26.400000000000002
744,0.0011134147644042969,0.151,27.200000000000003
745,0.0005767345428466797,0.155,27.6
746,0.0023534297943115234,0.155,28.400000000000002
747,0.0007071495056152344,0.155,28.8
748,0.0005488395690917969,0.155,29.200000000000003
749,0.0014858245849609375,0.155,30.0
750,0.0004601478576660156,0.155,30.400000000000002
751,0.0021593570709228516,0.155,30.8
752,0.0023775100708007812,0.155,31.200000000000003
753,0.003309011459350586,0.155,31.6
754,0.001688241958618164,0.155,32.0
755,0.0019774436950683594,0.155,32.4
756,0.0004589557647705078,0.155,32.800000000000004
757,0.0009884834289550781,0.155,33.2
758,0.0005056858062744141,0.155,33.2
759,0.0016851425170898438,0.155,33.6
760,0.001992940902709961,0.155,33.6
761,0.0017087459564208984,0.155,33.6
762,0.002499818801879883,0.155,33.6
763,0.0026450157165527344,0.155,33.6
764,0.001566171646118164,0.157,33.6
765,0.001232147216796875,0.162,33.6
766,0.0015189647674560547,0.168,33.2
767,0.0007686614990234375,0.17,33.2
768,0.0005013942718505859,0.17,32.800000000000004
769,0.0008835792541503906,0.175,32.4
770,0.0027163028717041016,0.175,32.4
771,0.0030248165130615234,0.175,32.0
772,0.002518892288208008,0.175,31.6
773,0.0009098052978515625,0.179,31.200000000000003
774,0.0017397403717041016,0.179,30.8
775,0.0013668537139892578,0.179,30.8
776,0.0010952949523925781,0.18100000000000002,30.400000000000002
777,0.0006954669952392578,0.183,30.0
778,0.0039021968841552734,0.183,29.6
779,0.002737760543823242,0.185,29.6
780,0.0032143592834472656,0.185,29.200000000000003
781,0.0011630058288574219,0.185,29.200000000000003
782,0.0010747909545898438,0.185,29.200000000000003
783,0.0011868476867675781,0.185,28.8
784,0.0009241104125976562,0.185,28.8
785,0.0013933181762695312,0.19,28.8
786,0.002546072006225586,0.19,28.8
787,0.0020787715911865234,0.19,28.8
788,0.0023622512817382812,0.19,29.200000000000003
789,0.001978158950805664,0.19399999999999998,29.200000000000003
790,0.00048828125,0.19399999999999998,29.6
791,0.002752065658569336,0.19399999999999998,30.0
792,0.0005247592926025391,0.196,30.0
793,0.0029299259185791016,0.198,30.400000000000002
794,0.0005247592926025391,0.198,30.8
795,0.0013957023620605469,0.198,31.6
796,0.00044798851013183594,0.2,32.0
797,0.0010228157043457031,0.203,32.4
798,0.00046515464782714844,0.203,33.2
799,0.0021829605102539062,0.203,33.6
800,0.0014202594757080078,0.205,34.4
801,0.0016210079193115234,0.21100000000000002,35.2
802,0.0004096031188964844,0.21600000000000005,36.0
803,0.0005834102630615234,0.21600000000000005,36.800000000000004
804,0.0009303092956542969,0.21600000000000005,37.6
805,0.0011856555938720703,0.218,38.400000000000006
806,0.0014827251434326172,0.22,39.2
807,0.0018758773803710938,0.22,40.0
808,0.0011897087097167969,0.22,40.800000000000004
809,0.0017101764678955078,0.22,42.0
810,0.0023925304412841797,0.22,42.800000000000004
811,0.0019159317016601562,0.21600000000000005,44.0
812,0.0005581378936767578,0.21100000000000002,44.800000000000004
813,0.0008091926574707031,0.188,46.0
814,0.0006229877471923828,0.172,46.800000000000004
815,0.0006613731384277344,0.157,48.0
816,0.0005764961242675781,0.153,49.2
817,0.0008137226104736328,0.153,50.0
818,0.0006377696990966797,0.149,51.2
819,0.002994060516357422,0.147,52.0
820,0.0009751319885253906,0.14400000000000002,52.800000000000004
821,0.0011470317840576172,0.14400000000000002,53.6
822,0.0012655258178710938,0.14400000000000002,54.0
823,0.003443479537963867,0.14400000000000002,54.400000000000006
824,0.0038716793060302734,0.14400000000000002,54.400000000000006
825,0.001665353775024414,0.14400000000000002,54.400000000000006
826,0.0019402503967285156,0.14400000000000002,54.400000000000006
827,0.0006644725799560547,0.14400000000000002,54.0
828,0.0009241104125976562,0.14400000000000002,53.6
829,0.002016305923461914,0.14400000000000002,52.800000000000004
830,0.0006213188171386719,0.14400000000000002,52.0
831,0.0016341209411621094,0.14400000000000002,50.800000000000004
832,0.0005059242248535156,0.14400000000000002,49.6
833,0.002666950225830078,0.14400000000000002,48.400000000000006
834,0.0013723373413085938,0.14400000000000002,46.800000000000004
835,0.0005197525024414062,0.14400000000000002,45.2
836,0.0011470317840576172,0.14400000000000002,43.6
837,0.0007762908935546875,0.14400000000000002,41.6
838,0.0006794929504394531,0.14400000000000002,39.6
839,0.002061128616333008,0.14400000000000002,37.6
840,0.0010554790496826172,0.14400000000000002,35.2
841,0.001333475112915039,0.14400000000000002,33.2
842,0.0009026527404785156,0.14400000000000002,30.8
843,0.0018546581268310547,0.14400000000000002,28.400000000000002
844,0.0009596347808837891,0.14400000000000002,26.0
845,0.0020923614501953125,0.14400000000000002,24.0
846,0.00047898292541503906,0.14400000000000002,21.6
847,0.0009026527404785156,0.14400000000000002,19.200000000000003
848,0.0011620521545410156,0.14400000000000002,17.2
849,0.0019750595092773438,0.14400000000000002,14.8
850,0.0008890628814697266,0.14400000000000002,12.8
851,0.0009171962738037109,0.14400000000000002,10.8
852,0.0017852783203125,0.14400000000000002,9.200000000000001
853,0.0009930133819580078,0.14400000000000002,7.2
854,0.0019714832305908203,0.14400000000000002,5.6000000000000005
855,0.0013225078582763672,0.14400000000000002,4.4
856,0.0005321502685546875,0.14400000000000002,2.8000000000000003
857,0.0007030963897705078,0.14400000000000002,2.0
858,0.0007207393646240234,0.147,0.8
859,0.0026738643646240234,0.151,0.4
860,0.0008058547973632812,0.151,-0.4
861,0.0007293224334716797,0.151,-0.8
862,0.00147247314453125,0.151,-0.8
863,0.0006458759307861328,0.153,-0.8
864,0.0010101795196533203,0.155,-0.4
865,0.0005664825439453125,0.155,0.0
866,0.0012402534484863281,0.155,0.8
867,0.0009310245513916016,0.155,1.6
868,0.00041413307189941406,0.155,2.4000000000000004
869,0.0009832382202148438,0.155,3.6
870,0.0009694099426269531,0.157,5.2
871,0.0009694099426269531,0.157,5.2
872,0.0017015933990478516,0.157,6.800000000000001
873,0.0010409355163574219,0.157,8.4
874,0.003058910369873047,0.157,10.4
875,0.0018777847290039062,0.157,12.0
876,0.0005261898040771484,0.157,14.0
877,0.0008268356323242188,0.157,16.400000000000002
878,0.0008687973022460938,0.157,18.400000000000002
879,0.0008106231689453125,0.157,20.8
880,0.0009374618530273438,0.157,22.8
881,0.0008039474487304688,0.157,25.200000000000003
882,0.0016400814056396484,0.157,27.6
883,0.001903533935546875,0.157,29.6
884,0.002296924591064453,0.157,32.0
885,0.001463174819946289,0.157,34.4
886,0.0006823539733886719,0.157,36.4
887,0.0010607242584228516,0.157,38.400000000000006
888,0.0014028549194335938,0.157,40.400000000000006
889,0.0014238357543945312,0.157,42.400000000000006
890,0.0005497932434082031,0.157,44.400000000000006
891,0.0006673336029052734,0.157,46.0
892,0.0006799697875976562,0.157,47.6
893,0.0006513595581054688,0.157,48.800000000000004
894,0.002212047576904297,0.157,50.400000000000006
895,0.0005857944488525391,0.157,51.2
896,0.0019876956939697266,0.157,52.400000000000006
897,0.0008616447448730469,0.157,53.2
898,0.0020051002502441406,0.157,54.0
899,0.0009119510650634766,0.157,54.400000000000006
900,0.0006616115570068359,0.157,54.800000000000004
901,0.0007386207580566406,0.157,54.800000000000004
902,0.0008616447448730469,0.155,54.800000000000004
903,0.0007817745208740234,0.155,54.800000000000004
904,0.0007293224334716797,0.155,54.400000000000006
905,0.0009202957153320312,0.155,54.0
906,0.0018439292907714844,0.155,53.2
907,0.0004546642303466797,0.155,52.400000000000006
908,0.0017902851104736328,0.155,51.6
909,0.0008254051208496094,0.155,50.400000000000006
910,0.002010822296142578,0.155,49.2
911,0.0005078315734863281,0.153,48.0
912,0.000518798828125,0.153,46.400000000000006
913,0.0005190372467041016,0.153,44.800000000000004
914,0.0005695819854736328,0.153,43.2
915,0.0005636215209960938,0.153,41.2
916,0.000820159912109375,0.153,39.2
917,0.0008780956268310547,0.153,37.6
918,0.0009603500366210938,0.153,35.6
919,0.0004904270172119141,0.153,33.6
920,0.0017364025115966797,0.153,31.200000000000003
921,0.0010311603546142578,0.153,29.200000000000003
922,0.0015196800231933594,0.153,27.200000000000003
923,0.0006291866302490234,0.153,25.200000000000003
924,0.0005400180816650391,0.153,23.200000000000003
925,0.0006203651428222656,0.153,21.200000000000003
926,0.0025262832641601562,0.153,19.200000000000003
927,0.0007507801055908203,0.153,17.2
928,0.0019178390502929688,0.153,15.600000000000001
929,0.0014545917510986328,0.153,13.600000000000001
930,0.0023446083068847656,0.153,12.0
931,0.002416849136352539,0.153,10.8
932,0.0020728111267089844,0.153,9.200000000000001
933,0.00038361549377441406,0.153,8.0
934,0.0009186267852783203,0.153,7.2
935,0.0007331371307373047,0.153,6.0
936,0.0007970333099365234,0.153,5.2
937,0.00046443939208984375,0.153,4.800000000000001
938,0.0008356571197509766,0.153,4.4
939,0.0005717277526855469,0.153,4.0
940,0.0009837150573730469,0.153,4.0
941,0.0020580291748046875,0.153,4.4
942,0.0016851425170898438,0.153,4.4
943,0.0012166500091552734,0.153,5.2
944,0.0012364387512207031,0.153,5.6000000000000005
945,0.0009899139404296875,0.153,6.4
946,0.0006918907165527344,0.153,7.2
947,0.0014591217041015625,0.153,8.4
948,0.003193378448486328,0.153,9.600000000000001
949,0.0013310909271240234,0.153,10.8
950,0.0017800331115722656,0.153,12.4
951,0.0010519027709960938,0.153,14.0
952,0.0013904571533203125,0.153,15.600000000000001
953,0.001039266586303711,0.153,17.2
954,0.0006489753723144531,0.153,18.8
955,0.0018093585968017578,0.153,20.8
956,0.0029587745666503906,0.153,22.400000000000002
957,0.0006134510040283203,0.153,24.400000000000002
958,0.0017063617706298828,0.153,26.400000000000002
959,0.001344919204711914,0.153,28.0
960,0.0015578269958496094,0.153,30.0
961,0.0011849403381347656,0.153,31.6
962,0.001493215560913086,0.153,33.2
963,0.0016856193542480469,0.153,35.2
964,0.0018620491027832031,0.153,36.800000000000004
965,0.002259492874145508,0.153,38.0
966,0.003673076629638672,0.153,39.6
967,0.0004425048828125,0.153,40.800000000000004
968,0.0006034374237060547,0.153,42.0
969,0.00044989585876464844,0.153,43.2
970,0.0008649826049804688,0.153,44.400000000000006
971,0.0004763603210449219,0.153,45.2
972,0.0006945133209228516,0.153,46.0
973,0.0010349750518798828,0.153,46.400000000000006
974,0.0013966560363769531,0.153,46.800000000000004
975,0.0015532970428466797,0.153,47.2
976,0.0020711421966552734,0.153,47.6
977,0.0004787445068359375,0.153,47.6
978,0.0005135536193847656,0.153,47.6
979,0.0007545948028564453,0.153,47.2
980,0.0007441043853759766,0.153,47.2
981,0.0031554698944091797,0.153,46.400000000000006
982,0.0019481182098388672,0.153,46.0
983,0.0015451908111572266,0.153,45.2
984,0.0020864009857177734,0.153,44.400000000000006
985,0.0014698505401611328,0.153,43.6
986,0.002576589584350586,0.153,42.400000000000006
987,0.001077413558959961,0.153,41.2
988,0.001961231231689453,0.153,40.0
989,0.0010251998901367188,0.153,38.800000000000004
990,0.000606536865234375,0.153,37.6
991,0.0007493495941162109,0.153,36.0
992,0.0017409324645996094,0.153,34.4
993,0.0016918182373046875,0.153,32.800000000000004
994,0.0012917518615722656,0.153,31.200000000000003
995,0.0010123252868652344,0.153,29.6
996,0.0010151863098144531,0.153,28.0
997,0.0003819465637207031,0.153,26.400000000000002
998,0.0005331039428710938,0.153,24.8
999,0.0006642341613769531,0.153,23.200000000000003
1000,0.000579833984375,0.153,21.6
1001,0.0012395381927490234,0.153,20.400000000000002
1002,0.001430511474609375,0.153,18.8
1003,0.00151824951171875,0.153,17.6
1004,0.0019524097442626953,0.153,16.0
1005,0.0015478134155273438,0.153,14.8
1006,0.0012292861938476562,0.153,14.0
1007,0.002694845199584961,0.153,12.8
1008,0.0010347366333007812,0.153,12.0
1009,0.0006773471832275391,0.153,11.200000000000001
1010,0.0014758110046386719,0.153,10.4
1011,0.0028023719787597656,0.153,10.0
1012,0.0004928112030029297,0.153,9.600000000000001
1013,0.0012586116790771484,0.153,9.200000000000001
1014,0.0020821094512939453,0.153,9.200000000000001
1015,0.0034444332122802734,0.153,9.200000000000001
1016,0.0022118091583251953,0.153,9.200000000000001
1017,0.0028214454650878906,0.153,9.600000000000001
1018,0.0014483928680419922,0.153,10.0
1019,0.0017995834350585938,0.153,10.4
1020,0.0010228157043457031,0.153,10.8
1021,0.0022575855255126953,0.153,11.600000000000001
1022,0.0005087852478027344,0.153,12.4
1023,0.0005087852478027344,0.153,12.4
1024,0.0009927749633789062,0.153,13.600000000000001
1025,0.0010728836059570312,0.153,14.4
1026,0.0007169246673583984,0.153,15.600000000000001
1027,0.0010638236999511719,0.153,16.8
1028,0.0020558834075927734,0.153,18.0
1029,0.0036191940307617188,0.153,19.6
1030,0.001331329345703125,0.153,20.8
1031,0.0005741119384765625,0.153,22.0
1032,0.0020508766174316406,0.153,23.6
1033,0.00081634521484375,0.153,25.200000000000003
1034,0.0006093978881835938,0.153,26.400000000000002
1035,0.0003199577331542969,0.153,28.0
1036,0.00030040740966796875,0.153,29.200000000000003
1037,0.0002777576446533203,0.153,30.8
1038,0.00044608116149902344,0.153,32.0
1039,0.0005106925964355469,0.153,33.2
1040,0.00047469139099121094,0.153,34.4
1041,0.00037217140197753906,0.153,35.6
1042,0.0004642009735107422,0.153,36.800000000000004
1043,0.0004749298095703125,0.153,37.6
1044,0.0004649162292480469,0.153,38.400000000000006
1045,0.0004360675811767578,0.153,39.6
1046,0.0012919902801513672,0.153,40.0
1047,0.0008885860443115234,0.153,40.800000000000004
1048,0.001397848129272461,0.153,41.2
1049,0.0007867813110351562,0.153,41.6
1050,0.0013408660888671875,0.153,42.0
1051,0.0017905235290527344,0.153,42.400000000000006
1052,0.0004868507385253906,0.153,42.400000000000006
1053,0.001409292221069336,0.153,42.400000000000006
1054,0.0008585453033447266,0.153,42.400000000000006
1055,0.0006957054138183594,0.153,42.0
1056,0.0005137920379638672,0.153,41.6
1057,0.0006635189056396484,0.153,41.2
1058,0.0006098747253417969,0.153,40.800000000000004
1059,0.0020995140075683594,0.153,40.0
1060,0.002586841583251953,0.153,39.6
1061,0.0018999576568603516,0.153,38.800000000000004
1062,0.0004885196685791016,0.153,38.0
1063,0.0013463497161865234,0.153,36.800000000000004
1064,0.0004897117614746094,0.153,36.0
1065,0.0007910728454589844,0.153,34.800000000000004
1066,0.0006437301635742188,0.153,33.6
1067,0.0007023811340332031,0.153,32.4
1068,0.0013241767883300781,0.153,31.200000000000003
1069,0.0005626678466796875,0.153,30.0
1070,0.0005457401275634766,0.153,28.8
1071,0.0009808540344238281,0.153,27.6
1072,0.001703500747680664,0.153,26.400000000000002
1073,0.0018537044525146484,0.153,25.200000000000003
1074,0.0005958080291748047,0.153,24.0
1075,0.000446319580078125,0.153,22.8
1076,0.00033164024353027344,0.153,21.6
1077,0.0005702972412109375,0.153,20.8
1078,0.0025196075439453125,0.153,19.6
1079,0.0007841587066650391,0.153,18.8
1080,0.0007715225219726562,0.153,17.6
1081,0.0003561973571777344,0.153,16.8
1082,0.0020599365234375,0.153,16.0
1083,0.0006778240203857422,0.153,15.200000000000001
1084,0.0009915828704833984,0.153,14.8
1085,0.001033782958984375,0.153,14.4
1086,0.0006351470947265625,0.153,14.0
1087,0.0004665851593017578,0.153,13.600000000000001
1088,0.0004329681396484375,0.153,13.200000000000001
1089,0.0009961128234863281,0.153,13.200000000000001
1090,0.0006020069122314453,0.153,13.200000000000001
1091,0.0009441375732421875,0.153,13.200000000000001
1092,0.0012543201446533203,0.153,13.600000000000001
1093,0.0013027191162109375,0.153,13.600000000000001
1094,0.0007684230804443359,0.153,14.0
1095,0.0018520355224609375,0.153,14.4
1096,0.0009572505950927734,0.153,15.200000000000001
1097,0.0005965232849121094,0.153,15.600000000000001
1098,0.00141143798828125,0.153,16.400000000000002
1099,0.00031948089599609375,0.153,17.2
1100,0.0005695819854736328,0.153,18.0
1101,0.0022606849670410156,0.153,19.200000000000003
1102,0.0005350112915039062,0.153,20.0
1103,0.0014622211456298828,0.153,20.8
1104,0.0006077289581298828,0.153,22.0
1105,0.0004813671112060547,0.153,23.200000000000003
1106,0.00044083595275878906,0.153,24.0
1107,0.0004208087921142578,0.153,25.200000000000003
1108,0.0005700588226318359,0.153,26.400000000000002
1109,0.0007047653198242188,0.153,27.200000000000003
1110,0.0005846023559570312,0.153,28.400000000000002
1111,0.0010874271392822266,0.153,29.6
1112,0.0009028911590576172,0.153,30.400000000000002
1113,0.0006365776062011719,0.153,31.6
1114,0.0008788108825683594,0.153,32.4
1115,0.0005543231964111328,0.153,33.2
1116,0.0004930496215820312,0.153,34.0
1117,0.0013768672943115234,0.153,34.800000000000004
1118,0.0008833408355712891,0.149,35.6
1119,0.002032041549682617,0.149,36.0
1120,0.0005304813385009766,0.147,36.800000000000004
1121,0.0004329681396484375,0.14400000000000002,37.2
1122,0.0005962848663330078,0.14400000000000002,37.6
1123,0.0005040168762207031,0.142,38.0
1124,0.0021207332611083984,0.142,38.0
1125,0.0012202262878417969,0.14,38.400000000000006
1126,0.0018219947814941406,0.136,38.400000000000006
1127,0.0008158683776855469,0.136,38.400000000000006
1128,0.0004703998565673828,0.136,38.0
1129,0.0005071163177490234,0.136,38.0
1130,0.0004317760467529297,0.136,37.6
1131,0.0005054473876953125,0.136,37.2
1132,0.0008339881896972656,0.136,36.4
1133,0.0007557868957519531,0.136,36.0
1134,0.0007307529449462891,0.136,35.2
1135,0.00043201446533203125,0.136,34.4
1136,0.0020711421966552734,0.136,33.2
1137,0.0007078647613525391,0.136,32.4
1138,0.0021486282348632812,0.136,31.200000000000003
1139,0.0007338523864746094,0.136,30.400000000000002
1140,0.0007562637329101562,0.136,29.200000000000003
1141,0.0008525848388671875,0.136,28.0
1142,0.0029764175415039062,0.136,26.8
1143,0.0004711151123046875,0.136,25.200000000000003
1144,0.0007140636444091797,0.136,24.0
1145,0.00047969818115234375,0.136,22.8
1146,0.0017969608306884766,0.136,21.6
1147,0.0009398460388183594,0.136,20.0
1148,0.0017366409301757812,0.136,18.8
1149,0.0004508495330810547,0.136,17.6
1150,0.001981973648071289,0.136,16.400000000000002
1151,0.0008616447448730469,0.136,15.200000000000001
1152,0.0016427040100097656,0.136,14.4
1153,0.0004923343658447266,0.136,13.200000000000001
1154,0.0006563663482666016,0.136,12.4
1155,0.0010433197021484375,0.136,11.600000000000001
1156,0.0017426013946533203,0.136,10.8
1157,0.0010716915130615234,0.136,10.0
1158,0.0007541179656982422,0.136,9.600000000000001
1159,0.001203775405883789,0.136,8.8
1160,0.0006935596466064453,0.136,8.8
1161,0.001791238784790039,0.136,8.4
1162,0.0019867420196533203,0.136,8.0
1163,0.0034275054931640625,0.136,8.0
1164,0.0016007423400878906,0.136,8.0
1165,0.000982522964477539,0.136,8.4
1166,0.0005543231964111328,0.136,8.4
1167,0.0033721923828125,0.136,8.8
1168,0.0013492107391357422,0.136,9.600000000000001
1169,0.0019769668579101562,0.136,10.0
1170,0.0011849403381347656,0.136,10.8
1171,0.00024366378784179688,0.136,11.200000000000001
1172,0.00024366378784179688,0.136,11.200000000000001
1173,0.0007302761077880859,0.136,12.0
1174,0.001569509506225586,0.136,13.200000000000001
1175,0.0012586116790771484,0.136,14.0
1176,0.0005459785461425781,0.136,15.200000000000001
1177,0.0006575584411621094,0.136,16.0
1178,0.0003218650817871094,0.136,17.2
1179,0.0024068355560302734,0.136,18.400000000000002
1180,0.0017838478088378906,0.136,19.6
1181,0.0014157295227050781,0.136,20.8
1182,0.0018336772918701172,0.136,22.0
1183,0.0019354820251464844,0.136,22.8
1184,0.0013737678527832031,0.136,24.0
1185,0.001993417739868164,0.136,25.200000000000003
1186,0.003185749053955078,0.136,26.400000000000002
1187,0.0016570091247558594,0.136,27.200000000000003
1188,0.0005381107330322266,0.136,28.400000000000002
1189,0.0024178028106689453,0.136,29.200000000000003
1190,0.001138925552368164,0.136,30.0
1191,0.002096414566040039,0.136,30.8
1192,0.0029594898223876953,0.136,31.6
1193,0.0017082691192626953,0.136,32.4
1194,0.002210855484008789,0.136,32.800000000000004
1195,0.0015211105346679688,0.136,33.2
1196,0.002107381820678711,0.136,33.6
1197,0.0019452571868896484,0.136,34.0
1198,0.0012407302856445312,0.136,34.4
1199,0.0005822181701660156,0.136,34.4
1200,0.0015912055969238281,0.138,34.4
1201,0.0017545223236083984,0.14,34.4
1202,0.001916646957397461,0.142,34.0
1203,0.0025069713592529297,0.14400000000000002,34.0
1204,0.002458333969116211,0.14400000000000002,33.6
1205,0.0018918514251708984,0.147,33.2
1206,0.0024378299713134766,0.147,32.800000000000004
1207,0.001459360122680664,0.147,32.0
1208,0.001981973648071289,0.147,31.6
1209,0.002183675765991211,0.147,30.8
1210,0.002629995346069336,0.147,30.0
1211,0.0009136199951171875,0.147,29.6
1212,0.001775979995727539,0.149,28.8
1213,0.001271963119506836,0.149,28.0
1214,0.0019338130950927734,0.151,27.200000000000003
1215,0.002492189407348633,0.151,26.400000000000002
1216,0.002703428268432617,0.153,25.6
1217,0.002550363540649414,0.153,24.400000000000002
1218,0.0004761219024658203,0.157,23.6
1219,0.0006225109100341797,0.157,22.8
1220,0.00080108642578125,0.157,22.0
1221,0.001131296157836914,0.157,21.6
1222,0.0015079975128173828,0.157,20.8
1223,0.0017313957214355469,0.157,20.0
1224,0.0013651847839355469,0.157,19.6
1225,0.0010838508605957031,0.157,18.8
1226,0.0016584396362304688,0.157,18.400000000000002
1227,0.0022156238555908203,0.157,18.0
1228,0.0029354095458984375,0.159,17.6
1229,0.0010178089141845703,0.159,17.6
1230,0.0008857250213623047,0.159,17.2
1231,0.0006175041198730469,0.159,17.2
1232,0.0008144378662109375,0.159,17.2
1233,0.0017321109771728516,0.159,17.2
1234,0.0015947818756103516,0.159,17.6
1235,0.0014696121215820312,0.159,17.6
1236,0.0006392002105712891,0.159,18.0
1237,0.0007228851318359375,0.159,18.400000000000002
1238,0.0005245208740234375,0.159,18.8
1239,0.00031375885009765625,0.159,19.6
1240,0.0005004405975341797,0.159,20.0
1241,0.0008873939514160156,0.159,20.8
1242,0.0005910396575927734,0.159,21.200000000000003
1243,0.0009853839874267578,0.159,22.0
1244,0.0010094642639160156,0.159,22.8
1245,0.0004961490631103516,0.159,23.6
1246,0.0006856918334960938,0.159,24.400000000000002
1247,0.00048065185546875,0.159,25.6
1248,0.0014090538024902344,0.159,26.400000000000002
1249,0.0009279251098632812,0.159,27.200000000000003
1250,0.0016217231750488281,0.159,28.0
1251,0.0009307861328125,0.159,28.8
1252,0.0020439624786376953,0.159,30.0
1253,0.00045108795166015625,0.159,30.8
1254,0.0009279251098632812,0.159,31.6
1255,0.0005064010620117188,0.159,32.4
1256,0.0018732547760009766,0.159,33.2
1257,0.0007698535919189453,0.159,34.0
1258,0.003127574920654297,0.159,34.800000000000004
1259,0.0008454322814941406,0.159,35.2
1260,0.0018849372863769531,0.159,36.0
1261,0.0008020401000976562,0.162,36.4
1262,0.001959562301635742,0.16399999999999998,36.800000000000004
1263,0.0009236335754394531,0.16399999999999998,37.2
1264,0.0004711151123046875,0.16399999999999998,37.6
1265,0.0004534721374511719,0.166,38.0
1266,0.0014672279357910156,0.166,38.0
1267,0.0007739067077636719,0.168,38.400000000000006
1268,0.0017125606536865234,0.168,38.400000000000006
1269,0.0009832382202148438,0.168,38.400000000000006
1270,0.0006496906280517578,0.168,38.400000000000006
1271,0.0004730224609375,0.17,38.0
1272,0.0004382133483886719,0.17,38.0
1273,0.0010366439819335938,0.17,37.6
1274,0.0008885860443115234,0.17,37.6
1275,0.0007059574127197266,0.17,37.2
1276,0.0005559921264648438,0.17,36.800000000000004
1277,0.0007305145263671875,0.17,36.4
1278,0.0004858970642089844,0.17,36.0
1279,0.0008535385131835938,0.17,35.6
1280,0.0005679130554199219,0.17,35.2
1281,0.0007612705230712891,0.17,34.800000000000004
1282,0.0012214183807373047,0.17,34.0
1283,0.0017428398132324219,0.17,33.6
1284,0.0010297298431396484,0.17,33.2
1285,0.00185394287109375,0.17,32.4
1286,0.0024242401123046875,0.17,32.0
1287,0.0022101402282714844,0.17,31.6
1288,0.0005962848663330078,0.17,30.8
1289,0.0007975101470947266,0.17,30.400000000000002
1290,0.0010263919830322266,0.16399999999999998,30.0
1291,0.0007488727569580078,0.155,29.6
1292,0.001600503921508789,0.151,29.200000000000003
1293,0.0014235973358154297,0.151,28.400000000000002
1294,0.0019469261169433594,0.147,28.0
1295,0.001276254653930664,0.14,27.6
1296,0.0011637210845947266,0.14,27.200000000000003
1297,0.0005996227264404297,0.138,26.8
1298,0.0005528926849365234,0.138,26.400000000000002
1299,0.0005784034729003906,0.138,26.400000000000002
1300,0.0016582012176513672,0.138,26.0
1301,0.0015757083892822266,0.138,25.6
1302,0.0026099681854248047,0.136,25.200000000000003
1303,0.0009555816650390625,0.134,24.8
1304,0.0017704963684082031,0.131,24.400000000000002
1305,0.0015919208526611328,0.129,24.0
1306,0.0019719600677490234,0.129,23.6
1307,0.001584768295288086,0.129,23.200000000000003
1308,0.0014615058898925781,0.129,22.8
1309,0.0024156570434570312,0.129,22.400000000000002
1310,0.001527547836303711,0.129,22.0
1311,0.0018055438995361328,0.129,21.6
1312,0.0020520687103271484,0.129,21.200000000000003
1313,0.00046443939208984375,0.129,20.8
1314,0.0017518997192382812,0.129,20.400000000000002
1315,0.002274751663208008,0.129,20.0
1316,0.0011670589447021484,0.129,19.6
1317,0.0020134449005126953,0.129,19.200000000000003
1318,0.0010106563568115234,0.129,18.8
1319,0.003102540969848633,0.131,18.400000000000002
1320,0.003102540969848633,0.131,18.400000000000002
1321,0.001613616943359375,0.131,18.0
1322,0.0008339881896972656,0.134,17.6
1323,0.0012297630310058594,0.134,17.2
1324,0.0016641616821289062,0.134,17.2
1325,0.0011668205261230469,0.138,16.8
1326,0.001767873764038086,0.138,16.8
1327,0.001514434814453125,0.138,16.400000000000002
1328,0.0007677078247070312,0.138,16.400000000000002
1329,0.002192258834838867,0.138,16.400000000000002
1330,0.00164794921875,0.138,16.400000000000002
1331,0.0011205673217773438,0.138,16.0
1332,0.0014424324035644531,0.142,16.400000000000002
1333,0.0014863014221191406,0.14400000000000002,16.400000000000002
1334,0.0020542144775390625,0.14400000000000002,16.400000000000002
1335,0.000904083251953125,0.14400000000000002,16.400000000000002
1336,0.0004482269287109375,0.14400000000000002,16.8
1337,0.0016651153564453125,0.14400000000000002,16.8
1338,0.0007886886596679688,0.14400000000000002,17.2
1339,0.0007143020629882812,0.14400000000000002,17.6
1340,0.0010237693786621094,0.14400000000000002,18.0
1341,0.000553131103515625,0.14400000000000002,18.400000000000002
1342,0.0008456707000732422,0.14400000000000002,18.8
1343,0.0016646385192871094,0.14400000000000002,19.200000000000003
1344,0.0021102428436279297,0.14400000000000002,19.6
1345,0.0015053749084472656,0.14400000000000002,20.400000000000002
1346,0.0030753612518310547,0.14400000000000002,20.8
1347,0.0014579296112060547,0.14400000000000002,21.200000000000003
1348,0.000804901123046875,0.14400000000000002,22.0
1349,0.0011692047119140625,0.14400000000000002,22.400000000000002
1350,0.0015759468078613281,0.14400000000000002,23.200000000000003
1351,0.001573801040649414,0.14400000000000002,23.6
1352,0.0006301403045654297,0.14400000000000002,24.400000000000002
1353,0.000644683837890625,0.14400000000000002,24.8
1354,0.0023446083068847656,0.14400000000000002,25.200000000000003
1355,0.001390218734741211,0.14400000000000002,26.0
1356,0.0025415420532226562,0.14400000000000002,26.400000000000002
1357,0.0013337135314941406,0.14400000000000002,26.8
1358,0.001992464065551758,0.14400000000000002,27.200000000000003
1359,0.00025725364685058594,0.14400000000000002,27.6
1360,0.0005297660827636719,0.14400000000000002,28.0
1361,0.0018353462219238281,0.136,28.400000000000002
1362,0.0027086734771728516,0.127,28.8
1363,0.0004851818084716797,0.12300000000000001,29.200000000000003
1364,0.0005681514739990234,0.11900000000000001,29.200000000000003
1365,0.0009174346923828125,0.11599999999999999,29.6
1366,0.0005738735198974609,0.114,29.6
1367,0.0013966560363769531,0.11199999999999999,29.6
1368,0.0005254745483398438,0.11,29.6
1369,0.001832723617553711,0.10800000000000001,29.6
1370,0.001153707504272461,0.10800000000000001,29.6
1371,0.002995014190673828,0.10800000000000001,29.6
1372,0.0003609657287597656,0.10800000000000001,29.200000000000003
1373,0.0005791187286376953,0.10300000000000001,28.8
1374,0.0008575916290283203,0.10300000000000001,28.400000000000002
1375,0.001840829849243164,0.10300000000000001,28.0
1376,0.0010209083557128906,0.10300000000000001,27.200000000000003
1377,0.0012662410736083984,0.10300000000000001,26.400000000000002
1378,0.0012235641479492188,0.10300000000000001,26.0
1379,0.0008757114410400391,0.10300000000000001,24.8
1380,0.0007774829864501953,0.10300000000000001,24.0
1381,0.0015120506286621094,0.10300000000000001,23.200000000000003
1382,0.0006155967712402344,0.10300000000000001,22.0
1383,0.0012845993041992188,0.10300000000000001,21.200000000000003
1384,0.0015838146209716797,0.10300000000000001,20.0
1385,0.0005807876586914062,0.10300000000000001,18.8
1386,0.0007052421569824219,0.10300000000000001,18.0
1387,0.00174713134765625,0.10300000000000001,16.8
1388,0.0020470619201660156,0.106,15.600000000000001
1389,0.0018038749694824219,0.10800000000000001,14.4
1390,0.002574920654296875,0.11,13.200000000000001
1391,0.0010259151458740234,0.11,12.0
1392,0.001979351043701172,0.11,11.200000000000001
1393,0.0015108585357666016,0.114,10.0
1394,0.0015227794647216797,0.114,8.8
1395,0.001573324203491211,0.114,8.0
1396,0.0003972053527832031,0.11599999999999999,7.2
1397,0.0005474090576171875,0.11599999999999999,6.4
1398,0.0005838871002197266,0.11599999999999999,5.6000000000000005
1399,0.0004603862762451172,0.11599999999999999,4.800000000000001
1400,0.0004944801330566406,0.121,4.4
1401,0.0005044937133789062,0.121,4.0
1402,0.0030248165130615234,0.121,3.6
1403,0.0004634857177734375,0.121,3.6
1404,0.0024247169494628906,0.12300000000000001,3.2
1405,0.0005173683166503906,0.12300000000000001,3.2
1406,0.0007162094116210938,0.12300000000000001,3.6
1407,0.00046563148498535156,0.12300000000000001,3.6
1408,0.0006797313690185547,0.12300000000000001,4.0
1409,0.0013256072998046875,0.125,4.800000000000001
1410,0.0018858909606933594,0.125,5.2
1411,0.001142263412475586,0.125,6.0
1412,0.0010859966278076172,0.127,6.800000000000001
1413,0.0008969306945800781,0.127,7.6000000000000005
1414,0.0006220340728759766,0.127,8.4
1415,0.0005335807800292969,0.127,9.600000000000001
1416,0.0007147789001464844,0.129,10.8
1417,0.0009291172027587891,0.129,12.0
1418,0.0010290145874023438,0.131,13.200000000000001
1419,0.0005486011505126953,0.134,14.4
1420,0.0008778572082519531,0.138,16.0
1421,0.001146078109741211,0.14,17.2
1422,0.0014476776123046875,0.142,18.400000000000002
1423,0.0013613700866699219,0.142,20.0
1424,0.0014905929565429688,0.142,21.200000000000003
1425,0.0014455318450927734,0.142,22.8
1426,0.0015909671783447266,0.142,24.0
1427,0.001850128173828125,0.142,25.200000000000003
1428,0.002268552780151367,0.142,26.8
1429,0.00048065185546875,0.142,28.0
1430,0.0008206367492675781,0.142,29.200000000000003
1431,0.0005371570587158203,0.142,30.400000000000002
1432,0.002941608428955078,0.142,31.200000000000003
1433,0.0005457401275634766,0.142,32.4
1434,0.0018224716186523438,0.142,33.2
1435,0.0014820098876953125,0.142,34.4
1436,0.0013852119445800781,0.142,35.2
1437,0.001897573471069336,0.142,35.6
1438,0.0019161701202392578,0.142,36.4
1439,0.0015437602996826172,0.142,36.800000000000004
1440,0.0007450580596923828,0.142,37.2
1441,0.0021219253540039062,0.138,37.6
1442,0.001486063003540039,0.138,38.0
1443,0.0011763572692871094,0.134,38.0
1444,0.0018281936645507812,0.129,38.0
1445,0.0014166831970214844,0.129,38.0
1446,0.001306772232055664,0.127,38.0
1447,0.001771688461303711,0.12300000000000001,37.6
1448,0.0012094974517822266,0.12300000000000001,37.2
1449,0.0019009113311767578,0.121,36.800000000000004
1450,0.001561880111694336,0.11900000000000001,36.0
1451,0.000965118408203125,0.11599999999999999,35.2
1452,0.0005440711975097656,0.11199999999999999,34.4
1453,0.0008368492126464844,0.11199999999999999,33.6
1454,0.0020418167114257812,0.11199999999999999,32.800000000000004
1455,0.000978231430053711,0.11199999999999999,31.6
1456,0.0016453266143798828,0.11199999999999999,30.400000000000002
1457,0.0010399818420410156,0.11199999999999999,29.200000000000003
1458,0.0006198883056640625,0.11,27.6
1459,0.0007996559143066406,0.11,26.400000000000002
1460,0.0002949237823486328,0.11,24.8
1461,0.0019516944885253906,0.11,23.200000000000003
1462,0.0022678375244140625,0.11,21.6
1463,0.0015344619750976562,0.11,20.400000000000002
1464,0.0005772113800048828,0.11,18.8
1465,0.0008232593536376953,0.11,16.8
1466,0.0006022453308105469,0.11,15.200000000000001
1467,0.001886606216430664,0.11,14.0
1468,0.0007984638214111328,0.11,12.4
1469,0.0020265579223632812,0.11,10.8
1470,0.0008630752563476562,0.11,9.200000000000001
1471,0.0015363693237304688,0.11,8.0
1472,0.0011723041534423828,0.11,6.800000000000001
1473,0.00037550926208496094,0.11,5.2
1474,0.00027823448181152344,0.11,4.4
1475,0.0006306171417236328,0.11,3.2
1476,0.0006306171417236328,0.11,3.2
1477,0.0006840229034423828,0.11,2.4000000000000004
1478,0.0008418560028076172,0.11,1.6
1479,0.0005862712860107422,0.11,0.8
1480,0.0016279220581054688,0.11,0.4
1481,0.0008363723754882812,0.11,0.0
1482,0.0017518997192382812,0.11,-0.4
1483,0.0020606517791748047,0.11199999999999999,-0.4
1484,0.0003180503845214844,0.11199999999999999,-0.4
1485,0.0006947517395019531,0.114,0.0
1486,0.00070953369140625,0.114,0.0
1487,0.0022025108337402344,0.11599999999999999,0.4
1488,0.002794981002807617,0.11599999999999999,1.2000000000000002
1489,0.0015234947204589844,0.11599999999999999,1.6
1490,0.0017244815826416016,0.121,2.4000000000000004
1491,0.002142190933227539,0.125,3.6
1492,0.001445770263671875,0.125,4.4
1493,0.002344846725463867,0.127,5.6000000000000005
1494,0.0016090869903564453,0.127,6.800000000000001
1495,0.0006015300750732422,0.127,8.0
1496,0.0007426738739013672,0.131,9.600000000000001
1497,0.00017571449279785156,0.131,10.8
1498,0.00022864341735839844,0.131,12.4
1499,0.00048422813415527344,0.136,14.0
1500,0.00024366378784179688,0.138,15.600000000000001
1501,0.00047326087951660156,0.138,17.2
1502,0.0005083084106445312,0.142,18.8
1503,0.0005631446838378906,0.14400000000000002,20.400000000000002
1504,0.00024080276489257812,0.147,22.0
1505,0.0020678043365478516,0.149,23.6
1506,0.0003020763397216797,0.149,25.200000000000003
1507,0.0005805492401123047,0.149,26.400000000000002
1508,0.00029969215393066406,0.151,28.0
1509,0.0009233951568603516,0.153,29.6
1510,0.0002593994140625,0.153,30.8
1511,0.0009279251098632812,0.153,32.4
1512,0.00042819976806640625,0.153,33.6
1513,0.0004725456237792969,0.153,34.800000000000004
1514,0.0003840923309326172,0.153,36.0
1515,0.0006363391876220703,0.153,36.800000000000004
1516,0.0006892681121826172,0.153,38.0
1517,0.0003204345703125,0.153,38.800000000000004
1518,0.0005688667297363281,0.153,39.6
1519,0.00048065185546875,0.153,40.400000000000006
1520,0.0004839897155761719,0.153,41.2
1521,0.00031948089599609375,0.153,41.6
1522,0.0004935264587402344,0.153,42.0
1523,0.0002770423889160156,0.153,42.400000000000006
1524,0.00048613548278808594,0.153,42.400000000000006
1525,0.0003578662872314453,0.153,42.400000000000006
1526,0.0005366802215576172,0.151,42.400000000000006
1527,0.0006580352783203125,0.14400000000000002,42.400000000000006
1528,0.0005168914794921875,0.138,42.400000000000006
1529,0.00035953521728515625,0.136,42.0
1530,0.00047707557678222656,0.136,41.6
1531,0.0004904270172119141,0.134,40.800000000000004
1532,0.0006799697875976562,0.131,40.400000000000006
1533,0.0002951622009277344,0.131,39.6
1534,0.0007543563842773438,0.131,38.800000000000004
1535,0.000946044921875,0.131,38.0
1536,0.00031685829162597656,0.131,36.800000000000004
1537,0.00038361549377441406,0.131,35.6
1538,0.000598907470703125,0.129,34.4
1539,0.000469207763671875,0.129,33.2
1540,0.0003752708435058594,0.127,32.0
1541,0.00046253204345703125,0.127,30.400000000000002
1542,0.0004825592041015625,0.125,28.8
1543,0.0004105567932128906,0.12300000000000001,27.200000000000003
1544,0.0007266998291015625,0.12300000000000001,25.6
1545,0.0009043216705322266,0.12300000000000001,24.0
1546,0.000614166259765625,0.12300000000000001,22.400000000000002
1547,0.0003750324249267578,0.12300000000000001,20.8
1548,0.0003650188446044922,0.12300000000000001,19.200000000000003
1549,0.0002906322479248047,0.12300000000000001,17.6
1550,0.0005490779876708984,0.12300000000000001,16.0
1551,0.0002961158752441406,0.12300000000000001,14.4
1552,0.0005915164947509766,0.12300000000000001,12.8
1553,0.0005366802215576172,0.12300000000000001,11.200000000000001
1554,0.0006763935089111328,0.12300000000000001,10.0
1555,0.0004811286926269531,0.12300000000000001,8.4
1556,0.0005600452423095703,0.12300000000000001,7.2
1557,0.0006852149963378906,0.12300000000000001,6.4
1558,0.0004665851593017578,0.12300000000000001,5.2
1559,0.0005838871002197266,0.12300000000000001,4.4
1560,0.0004928112030029297,0.12300000000000001,3.6
1561,0.0005364418029785156,0.12300000000000001,2.8000000000000003
1562,0.00037670135498046875,0.12300000000000001,2.4000000000000004
1563,0.0004944801330566406,0.12300000000000001,2.0
1564,0.00036406517028808594,0.12300000000000001,1.6
1565,0.0004744529724121094,0.12300000000000001,1.6
1566,0.0004792213439941406,0.12300000000000001,1.6
1567,0.0004994869232177734,0.12300000000000001,1.6
1568,0.0004897117614746094,0.12300000000000001,2.0
1569,0.0005269050598144531,0.125,2.4000000000000004
1570,0.0006809234619140625,0.125,2.8000000000000003
1571,0.00032138824462890625,0.127,3.6
1572,0.00043845176696777344,0.127,4.4
1573,0.0003592967987060547,0.129,5.2
1574,0.0004944801330566406,0.134,6.4
1575,0.0004923343658447266,0.136,7.6000000000000005
1576,0.00043129920959472656,0.138,8.8
1577,0.0005080699920654297,0.142,10.0
1578,0.00020194053649902344,0.142,11.600000000000001
1579,0.0005469322204589844,0.14400000000000002,12.8
1580,0.00045108795166015625,0.14400000000000002,14.4
1581,0.0005154609680175781,0.149,16.0
1582,0.0002703666687011719,0.149,17.2
1583,0.0005016326904296875,0.149,18.8
1584,0.0003123283386230469,0.149,20.400000000000002
1585,0.0007646083831787109,0.149,22.400000000000002
1586,0.0005402565002441406,0.149,24.0
1587,0.0006363391876220703,0.149,25.6
1588,0.0003955364227294922,0.153,27.200000000000003
1589,0.0006196498870849609,0.153,28.8
1590,0.0005383491516113281,0.153,30.0
1591,0.0003573894500732422,0.153,31.6
1592,0.0005407333374023438,0.153,33.2
1593,0.0003974437713623047,0.153,34.4
1594,0.00044417381286621094,0.155,36.0
1595,0.0005183219909667969,0.155,37.2
1596,0.0007398128509521484,0.155,38.400000000000006
1597,0.0006999969482421875,0.157,39.2
1598,0.0007886886596679688,0.157,40.400000000000006
1599,0.0005161762237548828,0.157,41.2
1600,0.00039696693420410156,0.157,42.0
1601,0.0004279613494873047,0.157,42.800000000000004
1602,0.00036025047302246094,0.162,43.2
1603,0.0005259513854980469,0.16399999999999998,43.6
1604,0.0006895065307617188,0.166,44.0
1605,0.0004742145538330078,0.168,44.0
1606,0.0003116130828857422,0.17,44.400000000000006
1607,0.0004930496215820312,0.172,44.400000000000006
1608,0.0005941390991210938,0.175,44.400000000000006
1609,0.0004584789276123047,0.177,44.0
1610,0.0006885528564453125,0.179,43.6
1611,0.0004291534423828125,0.18100000000000002,43.2
1612,0.0004291534423828125,0.183,43.2
1613,0.0004870891571044922,0.183,42.800000000000004
1614,0.0005979537963867188,0.183,42.400000000000006
1615,0.00047659873962402344,0.183,42.0
1616,0.0005280971527099609,0.183,41.2
1617,0.0004916191101074219,0.183,40.400000000000006
1618,0.0004858970642089844,0.185,39.6
1619,0.0005290508270263672,0.185,39.2
1620,0.0005221366882324219,0.185,38.400000000000006
1621,0.0005047321319580078,0.185,37.6
1622,0.0006191730499267578,0.185,36.800000000000004
1623,0.0005326271057128906,0.185,36.0
1624,0.0006783008575439453,0.185,35.2
1625,0.0004856586456298828,0.185,34.4
1626,0.00030684471130371094,0.185,34.0
1627,0.0005333423614501953,0.185,33.2
1628,0.00035858154296875,0.185,32.4
1629,0.0005207061767578125,0.185,32.0
1630,0.0002913475036621094,0.185,31.200000000000003
1631,0.0004944801330566406,0.185,30.8
1632,0.000499725341796875,0.185,30.400000000000002
1633,0.0005731582641601562,0.185,29.6
1634,0.0004889965057373047,0.185,29.200000000000003
1635,0.00070953369140625,0.185,29.200000000000003
1636,0.0005505084991455078,0.185,28.8
1637,0.00052642822265625,0.185,28.400000000000002
1638,0.0005242824554443359,0.185,28.400000000000002
1639,0.0004892349243164062,0.185,28.0
1640,0.0004878044128417969,0.185,28.0
1641,0.0004966259002685547,0.185,28.0
1642,0.0005257129669189453,0.185,28.0
1643,0.00048351287841796875,0.185,28.0
1644,0.0007500648498535156,0.185,28.400000000000002
1645,0.0005321502685546875,0.185,28.400000000000002
1646,0.00015974044799804688,0.188,28.8
1647,0.0006806850433349609,0.188,28.8
1648,0.0004878044128417969,0.188,29.200000000000003
1649,0.0005183219909667969,0.188,29.6
1650,0.0002987384796142578,0.19,30.0
1651,0.0005426406860351562,0.192,30.400000000000002
1652,0.0004906654357910156,0.192,31.200000000000003
1653,0.000583648681640625,0.19399999999999998,31.6
1654,0.0005066394805908203,0.19399999999999998,32.0
1655,0.0004012584686279297,0.19399999999999998,32.800000000000004
1656,0.0005648136138916016,0.196,33.2
1657,0.0005130767822265625,0.198,34.0
1658,0.0005431175231933594,0.198,34.800000000000004
1659,0.0004894733428955078,0.2,35.6
1660,0.00046443939208984375,0.2,36.0
1661,0.0003666877746582031,0.2,36.800000000000004
1662,0.0005705356597900391,0.203,37.6
1663,0.00046062469482421875,0.205,38.400000000000006
1664,0.0006070137023925781,0.205,39.2
1665,0.00070953369140625,0.205,40.0
1666,0.00040149688720703125,0.205,40.800000000000004
1667,0.0005125999450683594,0.205,41.6
1668,0.0003147125244140625,0.205,42.0
1669,0.0005767345428466797,0.205,42.800000000000004
1670,0.00031948089599609375,0.205,43.6
1671,0.0006079673767089844,0.205,44.400000000000006
1672,0.0002789497375488281,0.205,45.2
1673,0.000583648681640625,0.205,46.0
1674,0.0006716251373291016,0.205,46.400000000000006
1675,0.0006663799285888672,0.205,47.2
1676,0.0005292892456054688,0.205,47.6
1677,0.0005214214324951172,0.205,48.400000000000006
1678,0.0004911422729492188,0.205,48.800000000000004
1679,0.0005056858062744141,0.205,49.6
1680,0.0004987716674804688,0.205,50.0
1681,0.0007171630859375,0.205,50.400000000000006
1682,0.0005331039428710938,0.205,50.800000000000004
1683,0.0003616809844970703,0.205,51.2
1684,0.00052642822265625,0.205,51.6
1685,0.0005118846893310547,0.205,52.0
1686,0.0005280971527099609,0.205,52.0
1687,0.00023698806762695312,0.205,52.400000000000006
1688,0.0005757808685302734,0.205,52.400000000000006
1689,0.0002281665802001953,0.205,52.400000000000006
1690,0.0005955696105957031,0.205,52.800000000000004
1691,0.0006411075592041016,0.205,52.800000000000004
1692,0.0005614757537841797,0.205,52.400000000000006
1693,0.0006012916564941406,0.205,52.400000000000006
1694,0.0008187294006347656,0.205,52.400000000000006
1695,0.0005815029144287109,0.205,52.0
1696,0.0003230571746826172,0.205,52.0
1697,0.00047779083251953125,0.205,51.6
1698,0.0003616809844970703,0.205,51.2
1699,0.0005693435668945312,0.205,50.800000000000004
1700,0.00021910667419433594,0.205,50.400000000000006
1701,0.0004801750183105469,0.207,50.0
1702,0.0005278587341308594,0.209,49.6
1703,0.0004889965057373047,0.21100000000000002,49.2
1704,0.0004982948303222656,0.213,48.800000000000004
1705,0.0005502700805664062,0.21600000000000005,48.0
1706,0.0007104873657226562,0.218,47.6
1707,0.0004305839538574219,0.22,47.2
1708,0.00044655799865722656,0.222,46.400000000000006
1709,0.0005133152008056641,0.222,46.0
1710,0.0006761550903320312,0.226,45.6
1711,0.00024127960205078125,0.226,44.800000000000004
1712,0.0004858970642089844,0.226,44.400000000000006
1713,0.0003426074981689453,0.226,44.0
1714,0.00047898292541503906,0.226,43.6
1715,0.0005006790161132812,0.226,43.2
1716,0.0005044937133789062,0.226,42.800000000000004
1717,0.0005331039428710938,0.226,42.400000000000006
1718,0.0006403923034667969,0.226,42.400000000000006
1719,0.0004737377166748047,0.226,42.0
1720,0.0003097057342529297,0.226,42.0
1721,0.0004088878631591797,0.226,42.0
1722,0.0003979206085205078,0.226,42.0
1723,0.0004410743713378906,0.226,42.0
1724,0.0004754066467285156,0.226,42.400000000000006
1725,0.00048351287841796875,0.226,42.400000000000006
1726,0.0005288124084472656,0.226,42.800000000000004
1727,0.0007529258728027344,0.226,42.800000000000004
1728,0.0005054473876953125,0.226,43.2
1729,0.0007255077362060547,0.226,43.6
1730,0.00040078163146972656,0.226,44.0
1731,0.0006155967712402344,0.222,44.400000000000006
1732,0.0002608299255371094,0.213,45.2
1733,0.0005013942718505859,0.209,45.6
1734,0.00026607513427734375,0.192,46.0
1735,0.0005042552947998047,0.179,46.800000000000004
1736,0.0004036426544189453,0.172,47.6
1737,0.0004200935363769531,0.166,48.0
1738,0.00043201446533203125,0.16399999999999998,48.800000000000004
1739,0.0006041526794433594,0.162,49.2
1740,0.0005438327789306641,0.159,50.0
1741,0.00024318695068359375,0.153,50.400000000000006
1742,0.0005116462707519531,0.153,50.800000000000004
1743,0.0002644062042236328,0.151,50.800000000000004
1744,0.0005521774291992188,0.151,51.2
1745,0.000217437744140625,0.147,51.2
1746,0.0004956722259521484,0.14400000000000002,51.2
1747,0.00027751922607421875,0.142,50.800000000000004
1748,0.0002434253692626953,0.142,50.400000000000006
1749,0.0003159046173095703,0.142,50.0
1750,0.00029587745666503906,0.142,49.2
1751,0.0001895427703857422,0.142,48.400000000000006
1752,0.00027632713317871094,0.142,47.6
1753,0.00025773048400878906,0.142,46.400000000000006
1754,0.00025773048400878906,0.142,46.400000000000006
1755,0.0002589225769042969,0.142,45.2
1756,0.0002684593200683594,0.142,43.6
1757,0.0002751350402832031,0.142,42.0
1758,0.0003204345703125,0.142,40.400000000000006
1759,0.0004851818084716797,0.142,36.800000000000004
1760,0.0006475448608398438,0.142,35.2
1761,0.0006248950958251953,0.147,33.2
1762,0.00018405914306640625,0.149,31.200000000000003
1763,0.0003437995910644531,0.151,29.200000000000003
1764,0.0003247261047363281,0.151,26.8
1765,0.00037670135498046875,0.155,24.8
1766,0.0001735687255859375,0.162,22.8
1767,0.00017142295837402344,0.162,20.8
1768,0.0002562999725341797,0.162,18.8
1769,0.0001614093780517578,0.162,16.8
1770,0.00026679039001464844,0.162,14.8
1771,0.00014400482177734375,0.166,13.200000000000001
1772,0.0002856254577636719,0.166,11.600000000000001
1773,0.00014019012451171875,0.166,10.0
1774,0.0002593994140625,0.166,8.4
1775,0.00015354156494140625,0.166,7.2
1776,0.0001583099365234375,0.17,6.4
1777,0.00014781951904296875,0.17,5.6000000000000005
1778,0.0001628398895263672,0.17,4.800000000000001
1779,0.00018906593322753906,0.17,4.4
1780,0.00016880035400390625,0.172,4.0
1781,0.0001735687255859375,0.172,4.0
1782,0.00022077560424804688,0.172,4.0
1783,0.00024962425231933594,0.172,4.4
1784,0.0002486705780029297,0.172,4.800000000000001
1785,0.0001857280731201172,0.175,5.6000000000000005
1786,0.0003535747528076172,0.175,6.800000000000001
1787,0.00017642974853515625,0.175,7.6000000000000005
1788,0.00017333030700683594,0.177,9.200000000000001
1789,0.00016069412231445312,0.177,10.4
1790,0.00016021728515625,0.177,12.0
1791,0.0003159046173095703,0.177,14.0
1792,0.00016021728515625,0.177,15.600000000000001
1793,0.0001819133758544922,0.177,17.6
1794,0.00025153160095214844,0.179,19.6
1795,0.00014901161193847656,0.179,22.0
1796,0.0002307891845703125,0.179,24.0
1797,0.000274658203125,0.179,26.400000000000002
1798,0.0002002716064453125,0.179,28.8
1799,0.0002913475036621094,0.179,31.200000000000003
1800,0.00020074844360351562,0.179,33.2
1801,0.0002117156982421875,0.179,35.6
1802,0.00036144256591796875,0.175,38.0
1803,0.0002396106719970703,0.166,40.400000000000006
1804,0.0004601478576660156,0.157,42.400000000000006
1805,0.0003859996795654297,0.155,44.800000000000004
1806,0.00041985511779785156,0.153,46.800000000000004
1807,0.0005197525024414062,0.14400000000000002,48.800000000000004
1808,0.0002391338348388672,0.142,50.400000000000006
1809,0.00035881996154785156,0.14,52.0
1810,0.0003368854522705078,0.134,53.6
1811,0.0005002021789550781,0.129,55.2
1812,0.0005421638488769531,0.125,56.400000000000006
1813,0.0004906654357910156,0.12300000000000001,57.2
1814,0.0004954338073730469,0.121,58.0
1815,0.0005004405975341797,0.121,58.800000000000004
1816,0.0004897117614746094,0.121,59.2
1817,0.0005207061767578125,0.121,59.2
1818,0.0002980232238769531,0.121,59.2
1819,0.0003707408905029297,0.121,58.800000000000004
1820,0.0005404949188232422,0.121,58.0
1821,0.00024080276489257812,0.121,57.2
1822,0.0004582405090332031,0.121,56.400000000000006
1823,0.0003647804260253906,0.121,54.800000000000004
1824,0.0003609657287597656,0.121,53.6
1825,0.00042128562927246094,0.121,51.6
1826,0.0002205371856689453,0.121,50.0
1827,0.0002512931823730469,0.121,47.6
1828,0.00023937225341796875,0.121,45.6
1829,0.00024127960205078125,0.121,42.800000000000004
1830,0.0003287792205810547,0.121,40.400000000000006
1831,0.0003719329833984375,0.121,37.6
1832,0.0005307197570800781,0.121,34.800000000000004
1833,0.0002357959747314453,0.121,31.6
1834,0.0002410411834716797,0.121,28.8
1835,0.00020647048950195312,0.121,25.6
1836,0.0001628398895263672,0.121,22.400000000000002
1837,0.0004470348358154297,0.121,19.200000000000003
1838,0.0002703666687011719,0.121,16.400000000000002
1839,0.00018644332885742188,0.121,13.200000000000001
1840,0.00018858909606933594,0.121,10.0
1841,0.000255584716796875,0.121,7.2
1842,0.00019884109497070312,0.121,4.4
1843,0.00015091896057128906,0.121,1.6
1844,0.0002510547637939453,0.121,-0.8
1845,0.00022482872009277344,0.121,-3.2
1846,0.00015783309936523438,0.121,-5.6000000000000005
1847,0.00023889541625976562,0.121,-7.6000000000000005
1848,0.0001933574676513672,0.121,-9.200000000000001
1849,0.0001800060272216797,0.121,-10.8
1850,0.0001811981201171875,0.121,-12.0
1851,0.0001442432403564453,0.121,-13.200000000000001
1852,0.0002503395080566406,0.121,-14.0
1853,0.0002200603485107422,0.121,-14.4
1854,0.00028896331787109375,0.121,-14.8
1855,0.0003409385681152344,0.125,-14.8
1856,0.0003476142883300781,0.125,-14.4
1857,0.0002689361572265625,0.125,-13.600000000000001
1858,0.00016760826110839844,0.125,-12.8
1859,0.0002949237823486328,0.127,-12.0
1860,0.0002765655517578125,0.127,-10.4
1861,0.0003304481506347656,0.127,-8.8
1862,0.0005040168762207031,0.127,-7.2
1863,0.0002586841583251953,0.127,-5.2
1864,0.0003814697265625,0.129,-3.2
1865,0.0004603862762451172,0.131,-0.8
1866,0.0003077983856201172,0.131,1.6
1867,0.00047326087951660156,0.131,4.4
1868,0.0004744529724121094,0.131,7.2
1869,0.0004630088806152344,0.131,10.0
1870,0.0004711151123046875,0.131,12.8
1871,0.00042700767517089844,0.131,15.600000000000001
1872,0.00045180320739746094,0.131,18.400000000000002
1873,0.0004248619079589844,0.131,21.6
1874,0.00047206878662109375,0.131,24.400000000000002
1875,0.00024509429931640625,0.131,27.200000000000003
1876,0.0004818439483642578,0.131,30.0
1877,0.0004551410675048828,0.131,32.800000000000004
1878,0.00046896934509277344,0.131,35.2
1879,0.0004286766052246094,0.131,38.0
1880,0.0006155967712402344,0.131,40.400000000000006
1881,0.0004990100860595703,0.131,42.400000000000006
1882,0.00047397613525390625,0.131,44.400000000000006
1883,0.00048613548278808594,0.131,46.400000000000006
1884,0.00045490264892578125,0.131,48.0
1885,0.0004582405090332031,0.131,49.6
1886,0.00030612945556640625,0.131,50.800000000000004
1887,0.0003497600555419922,0.131,52.0
1888,0.0004832744598388672,0.131,52.800000000000004
1889,0.0004520416259765625,0.131,53.6
1890,0.0004630088806152344,0.131,54.0
1891,0.0004291534423828125,0.131,54.400000000000006
1892,0.00029778480529785156,0.131,54.400000000000006
1893,0.0002224445343017578,0.131,54.400000000000006
1894,0.00029540061950683594,0.131,54.0
1895,0.0003192424774169922,0.131,53.2
1896,0.00046539306640625,0.131,52.400000000000006
1897,0.0004734992980957031,0.131,51.6
1898,0.0004634857177734375,0.131,50.400000000000006
1899,0.0004551410675048828,0.131,48.800000000000004
1900,0.0004227161407470703,0.131,47.2
1901,0.0004818439483642578,0.131,45.6
1902,0.0004973411560058594,0.131,43.6
1903,0.0004582405090332031,0.131,41.6
1904,0.0004582405090332031,0.131,41.6
1905,0.0005223751068115234,0.131,39.6
1906,0.00047087669372558594,0.131,37.2
1907,0.00044226646423339844,0.131,34.800000000000004
1908,0.0006041526794433594,0.131,32.4
1909,0.0004215240478515625,0.131,30.0
1910,0.00046181678771972656,0.131,27.200000000000003
1911,0.0004229545593261719,0.131,24.8
1912,0.0004794597625732422,0.131,22.0
1913,0.0004487037658691406,0.131,19.6
1914,0.0004668235778808594,0.131,16.8
1915,0.0004639625549316406,0.131,14.4
1916,0.0002925395965576172,0.131,11.600000000000001
1917,0.00049591064453125,0.131,9.200000000000001
1918,0.00044727325439453125,0.131,7.2
1919,0.00044727325439453125,0.131,4.800000000000001
1920,0.00042557716369628906,0.131,2.8000000000000003
1921,0.00026345252990722656,0.131,0.4
1922,0.00026416778564453125,0.131,-1.2000000000000002
1923,0.00025773048400878906,0.131,-3.2
1924,0.00015687942504882812,0.131,-4.4
1925,0.00015854835510253906,0.131,-6.0
1926,0.00014543533325195312,0.131,-6.800000000000001
1927,0.00015401840209960938,0.131,-8.0
1928,0.00020241737365722656,0.131,-8.4
1929,0.00026297569274902344,0.131,-8.8
1930,0.00015115737915039062,0.131,-9.200000000000001
1931,0.00015664100646972656,0.131,-9.200000000000001
1932,0.00017213821411132812,0.131,-8.8
1933,0.0001671314239501953,0.131,-8.4
1934,0.00021982192993164062,0.131,-7.6000000000000005
1935,0.00024247169494628906,0.131,-6.4
1936,0.0003917217254638672,0.131,-5.6000000000000005
1937,0.0002770423889160156,0.131,-4.0
1938,0.0004489421844482422,0.131,-2.4000000000000004
1939,0.0004525184631347656,0.134,-0.8
1940,0.00043654441833496094,0.134,1.2000000000000002
1941,0.0002727508544921875,0.136,3.2
1942,0.00048828125,0.136,5.2
1943,0.0004744529724121094,0.138,7.6000000000000005
1944,0.0004715919494628906,0.142,10.0
1945,0.0004296302795410156,0.14400000000000002,12.4
1946,0.00044918060302734375,0.153,14.8
1947,0.00042629241943359375,0.155,17.2
1948,0.0004687309265136719,0.159,20.0
1949,0.0004448890686035156,0.16399999999999998,22.400000000000002
1950,0.00045943260192871094,0.168,24.8
1951,0.00045108795166015625,0.172,27.6
1952,0.0004763603210449219,0.175,30.0
1953,0.00026345252990722656,0.177,32.4
1954,0.0005104541778564453,0.177,34.800000000000004
1955,0.0004470348358154297,0.18100000000000002,37.2
1956,0.0004532337188720703,0.185,39.2
1957,0.0004756450653076172,0.185,41.6
1958,0.0004620552062988281,0.185,43.6
1959,0.0004582405090332031,0.185,45.6
1960,0.00043702125549316406,0.185,47.6
1961,0.00047969818115234375,0.185,49.2
1962,0.000438690185546875,0.185,51.2
1963,0.0005519390106201172,0.185,52.800000000000004
1964,0.0003654956817626953,0.185,54.0
1965,0.0003559589385986328,0.185,55.6
1966,0.0008807182312011719,0.185,56.800000000000004
1967,0.00048613548278808594,0.185,58.0
1968,0.0005383491516113281,0.185,58.800000000000004
1969,0.0004570484161376953,0.185,59.6
1970,0.0004558563232421875,0.185,60.400000000000006
1971,0.000457763671875,0.179,61.2
1972,0.0004830360412597656,0.177,61.6
1973,0.0004360675811767578,0.172,61.6
1974,0.0004546642303466797,0.172,62.0
1975,0.0003688335418701172,0.172,62.0
1976,0.00038814544677734375,0.172,62.0
1977,0.0004477500915527344,0.172,61.6
1978,0.0004482269287109375,0.172,61.2
1979,0.0004477500915527344,0.172,60.400000000000006
1980,0.0004553794860839844,0.172,59.6
1981,0.0004229545593261719,0.172,58.800000000000004
1982,0.00042819976806640625,0.172,58.0
1983,0.0004200935363769531,0.172,56.800000000000004
1984,0.00036907196044921875,0.172,55.2
1985,0.0004367828369140625,0.172,54.0
1986,0.0004706382751464844,0.172,52.400000000000006
1987,0.00048065185546875,0.177,50.800000000000004
1988,0.00022149085998535156,0.177,49.2
1989,0.0005049705505371094,0.177,47.2
1990,0.0004329681396484375,0.177,45.2
1991,0.0004558563232421875,0.177,43.2
1992,0.0004298686981201172,0.177,41.2
1993,0.00048279762268066406,0.177,39.2
1994,0.0004706382751464844,0.177,37.2
1995,0.000461578369140625,0.177,34.800000000000004
1996,0.00042939186096191406,0.177,32.800000000000004
1997,0.0004839897155761719,0.177,30.8
1998,0.00016689300537109375,0.177,28.8
1999,0.00047659873962402344,0.177,26.8
2000,0.0002598762512207031,0.177,24.8
2001,0.0004150867462158203,0.177,22.8
2002,0.0004928112030029297,0.177,21.200000000000003
2003,0.0004928112030029297,0.177,19.200000000000003
2004,0.00046253204345703125,0.175,18.0
2005,0.0004603862762451172,0.166,16.400000000000002
2006,0.00043320655822753906,0.159,15.200000000000001
2007,0.0004715919494628906,0.155,14.0
2008,0.0004715919494628906,0.151,12.8
2009,0.0001881122589111328,0.149,12.0
2010,0.00044083595275878906,0.147,11.600000000000001
2011,0.00043082237243652344,0.147,10.8
2012,0.0004279613494873047,0.147,10.4
2013,0.00042176246643066406,0.147,10.4
2014,0.0004525184631347656,0.147,10.0
2015,0.00045228004455566406,0.147,10.4
2016,0.0003256797790527344,0.147,10.4
2017,0.0004208087921142578,0.147,10.8
2018,0.0004429817199707031,0.147,10.8
2019,0.0004508495330810547,0.147,11.600000000000001
2020,0.0005078315734863281,0.147,12.0
2021,0.00049591064453125,0.147,12.8
2022,0.0004482269287109375,0.147,13.600000000000001
2023,0.0004870891571044922,0.147,14.4
2024,0.0004620552062988281,0.147,15.200000000000001
2025,0.0004601478576660156,0.147,16.0
2026,0.0005156993865966797,0.147,17.2
2027,0.00034809112548828125,0.147,18.400000000000002
2028,0.00048279762268066406,0.147,19.6
2029,0.0004620552062988281,0.147,20.8
2030,0.0002300739288330078,0.147,22.0
2031,0.00029778480529785156,0.151,23.200000000000003
2032,0.0005221366882324219,0.153,24.400000000000002
2033,0.0004513263702392578,0.155,25.6
2034,0.0004048347473144531,0.155,26.8
2035,0.0004863739013671875,0.157,28.0
2036,0.0004570484161376953,0.159,29.200000000000003
2037,0.00046563148498535156,0.16399999999999998,30.0
2038,0.0004444122314453125,0.16399999999999998,31.200000000000003
2039,0.0004749298095703125,0.166,32.4
2040,0.0004811286926269531,0.17,33.2
2041,0.0004417896270751953,0.172,34.4
2042,0.0002269744873046875,0.175,35.2
2043,0.0002543926239013672,0.175,36.0
2044,0.0004706382751464844,0.175,36.800000000000004
2045,0.0004417896270751953,0.175,37.6
2046,0.00044989585876464844,0.175,38.400000000000006
2047,0.0004265308380126953,0.175,38.800000000000004
2048,0.00043654441833496094,0.175,39.6
2049,0.00046133995056152344,0.175,40.0
2050,0.0004711151123046875,0.175,40.400000000000006
2051,0.00043487548828125,0.175,40.800000000000004
2052,0.00037384033203125,0.175,41.2
2053,0.0005977153778076172,0.175,41.6
2054,0.00048279762268066406,0.175,42.0
2055,0.0004482269287109375,0.175,42.0
2056,0.0004978179931640625,0.175,42.400000000000006
2057,0.0004978179931640625,0.175,42.400000000000006
2058,0.0002617835998535156,0.172,42.400000000000006
2059,0.0003039836883544922,0.172,42.400000000000006
2060,0.0003399848937988281,0.155,42.400000000000006
2061,0.0011022090911865234,0.151,42.0
2062,0.0004611015319824219,0.14,42.0
2063,0.0004494190216064453,0.134,42.0
2064,0.0004189014434814453,0.127,41.6
2065,0.00041937828063964844,0.125,41.2
2066,0.0004127025604248047,0.121,40.800000000000004
2067,0.0004208087921142578,0.121,40.400000000000006
2068,0.00041484832763671875,0.11900000000000001,40.0
2069,0.0001952648162841797,0.11900000000000001,39.2
2070,0.0004734992980957031,0.11900000000000001,38.400000000000006
2071,0.0004723072052001953,0.11900000000000001,37.6
2072,0.0004334449768066406,0.11900000000000001,36.4
2073,0.00031685829162597656,0.11900000000000001,35.2
2074,0.0004661083221435547,0.11900000000000001,34.0
2075,0.0003027915954589844,0.11900000000000001,32.800000000000004
2076,0.0005214214324951172,0.11900000000000001,31.200000000000003
2077,0.0003314018249511719,0.11900000000000001,29.6
2078,0.00035858154296875,0.11900000000000001,28.0
2079,0.00041031837463378906,0.11900000000000001,26.400000000000002
2080,0.0005757808685302734,0.11900000000000001,24.8
2081,0.0002124309539794922,0.11900000000000001,22.8
2082,0.00014328956604003906,0.11900000000000001,21.200000000000003
2083,0.00017404556274414062,0.11900000000000001,19.200000000000003
2084,0.0005600452423095703,0.11900000000000001,17.6
2085,0.00013828277587890625,0.11900000000000001,16.0
2086,0.00015115737915039062,0.11900000000000001,14.0
2087,0.00021004676818847656,0.11900000000000001,12.4
2088,0.00021982192993164062,0.121,10.8
2089,0.00026607513427734375,0.121,9.200000000000001
2090,0.00032639503479003906,0.121,7.6000000000000005
2091,0.0005042552947998047,0.12300000000000001,6.4
2092,0.00045418739318847656,0.12300000000000001,4.800000000000001
2093,0.00046515464782714844,0.12300000000000001,3.6
2094,0.0004286766052246094,0.12300000000000001,2.8000000000000003
2095,0.00043892860412597656,0.125,2.0
2096,0.0004227161407470703,0.127,1.2000000000000002
2097,0.0004258155822753906,0.127,0.4
2098,0.00015282630920410156,0.131,0.0
2099,0.0005066394805908203,0.131,-0.4
2100,0.00031638145446777344,0.131,-0.8
2101,0.00046443939208984375,0.131,-0.8
2102,0.00047206878662109375,0.134,-0.4
2103,0.0004878044128417969,0.136,-0.4
2104,0.00047326087951660156,0.138,0.4
2105,0.00045800209045410156,0.138,0.8
2106,0.00045490264892578125,0.138,1.6
2107,0.0004897117614746094,0.138,2.4000000000000004
2108,0.0007061958312988281,0.138,3.6
2109,0.0006697177886962891,0.138,4.800000000000001
2110,0.00048160552978515625,0.138,6.0
2111,0.0004248619079589844,0.138,7.6000000000000005
2112,0.00030303001403808594,0.138,9.200000000000001
2113,0.0003418922424316406,0.138,10.8
2114,0.00024008750915527344,0.138,12.4
2115,0.0001614093780517578,0.138,14.0
2116,0.000438690185546875,0.138,16.0
2117,0.0004775524139404297,0.138,17.6
2118,0.00047278404235839844,0.138,19.6
2119,0.0004458427429199219,0.138,21.6
2120,0.00043487548828125,0.138,23.6
2121,0.0005564689636230469,0.138,25.200000000000003
2122,0.0004978179931640625,0.138,27.200000000000003
2123,0.0004489421844482422,0.131,28.8
2124,0.0004291534423828125,0.127,30.8
2125,0.0005049705505371094,0.121,32.4
2126,0.000148773193359375,0.11599999999999999,34.0
2127,0.00045680999755859375,0.11,35.2
2128,0.000431060791015625,0.10800000000000001,36.800000000000004
2129,0.0004723072052001953,0.10300000000000001,38.0
2130,0.0004868507385253906,0.10300000000000001,39.2
2131,0.0004818439483642578,0.10300000000000001,40.0
2132,0.00047206878662109375,0.10300000000000001,40.800000000000004
2133,0.0004723072052001953,0.10300000000000001,41.6
2134,0.00045037269592285156,0.10300000000000001,42.0
2135,0.0004467964172363281,0.10300000000000001,42.400000000000006
2136,0.001356363296508789,0.10300000000000001,42.400000000000006
2137,0.0003757476806640625,0.10300000000000001,42.400000000000006
2138,0.00046563148498535156,0.10300000000000001,42.0
2139,0.0004482269287109375,0.10300000000000001,41.6
2140,0.00043272972106933594,0.10300000000000001,41.2
2141,0.0003306865692138672,0.10300000000000001,40.400000000000006
2142,0.00041294097900390625,0.10300000000000001,39.2
2143,0.0002818107604980469,0.10300000000000001,38.0
2144,0.0006914138793945312,0.10300000000000001,36.800000000000004
2145,0.0005314350128173828,0.10300000000000001,35.2
2146,0.0005054473876953125,0.10300000000000001,33.6
2147,0.00047850608825683594,0.10300000000000001,32.0
2148,0.00046753883361816406,0.10300000000000001,30.0
2149,0.0004267692565917969,0.10300000000000001,28.0
2150,0.0004467964172363281,0.10300000000000001,26.0
2151,0.0004210472106933594,0.10300000000000001,24.0
2152,0.0004911422729492188,0.10300000000000001,22.0
2153,0.00027942657470703125,0.10300000000000001,19.6
2154,0.0004875659942626953,0.11,17.2
2155,0.00047016143798828125,0.114,15.200000000000001
2156,0.0006182193756103516,0.121,12.8
2157,0.000553131103515625,0.12300000000000001,10.8
2158,0.00043773651123046875,0.127,8.4
2159,0.00044536590576171875,0.134,6.4
2160,0.0004291534423828125,0.136,4.4
2161,0.00046133995056152344,0.138,2.4000000000000004
2162,0.0008640289306640625,0.14400000000000002,0.8
2163,0.0004925727844238281,0.147,-0.8
2164,0.0004229545593261719,0.151,-2.4000000000000004
2165,0.00047898292541503906,0.151,-3.6
2166,0.0004584789276123047,0.151,-4.800000000000001
2167,0.000978708267211914,0.151,-5.6000000000000005
2168,0.0006666183471679688,0.155,-6.4
2169,0.0011138916015625,0.155,-6.800000000000001
2170,0.0006537437438964844,0.155,-6.800000000000001
2171,0.0011963844299316406,0.155,-6.800000000000001
2172,0.0006248950958251953,0.155,-6.4
2173,0.0010809898376464844,0.155,-5.6000000000000005
2174,0.0006198883056640625,0.155,-4.800000000000001
2175,0.0012497901916503906,0.155,-3.6
2176,0.0005471706390380859,0.155,-2.4000000000000004
2177,0.0006737709045410156,0.155,-0.8
2178,0.0006585121154785156,0.155,0.8
2179,0.0011148452758789062,0.155,2.8000000000000003
2180,0.0005173683166503906,0.155,4.800000000000001
2181,0.0011348724365234375,0.155,7.2
2182,0.0005915164947509766,0.149,9.600000000000001
2183,0.0009140968322753906,0.14,12.0
2184,0.0006663799285888672,0.131,14.8
2185,0.00044536590576171875,0.12300000000000001,17.6
2186,0.0004279613494873047,0.11900000000000001,20.0
2187,0.00042819976806640625,0.11,22.8
2188,0.00031876564025878906,0.10099999999999999,25.6
2189,0.00037598609924316406,0.099,28.400000000000002
2190,0.0004942417144775391,0.095,31.200000000000003
2191,0.0004894733428955078,0.095,33.6
2192,0.00048089027404785156,0.095,36.0
2193,0.00047588348388671875,0.095,38.400000000000006
2194,0.00043487548828125,0.095,40.800000000000004
2195,0.0004265308380126953,0.095,42.800000000000004
2196,0.00041103363037109375,0.095,44.400000000000006
2197,0.00044727325439453125,0.09300000000000001,46.0
2198,0.0004150867462158203,0.09300000000000001,47.2
2199,0.00043702125549316406,0.09300000000000001,48.400000000000006
2200,0.0004570484161376953,0.09300000000000001,49.2
2201,0.0004589557647705078,0.09300000000000001,49.6
2202,0.0004799365997314453,0.09699999999999999,50.0
2203,0.0004153251647949219,0.10099999999999999,50.0
2204,0.0005109310150146484,0.10099999999999999,50.0
2205,0.0005059242248535156,0.10300000000000001,49.6
2206,0.0005059242248535156,0.10800000000000001,49.6
2207,0.0004420280456542969,0.11,48.800000000000004
2208,0.0010173320770263672,0.11,48.0
2209,0.0004820823669433594,0.11,46.800000000000004
2210,0.0004603862762451172,0.11,45.6
2211,0.0005106925964355469,0.11,44.0
2212,0.00044846534729003906,0.11,42.0
2213,0.0004756450653076172,0.11,40.0
2214,0.00027370452880859375,0.11,38.0
2215,0.0005035400390625,0.11,35.6
2216,0.0001785755157470703,0.11,33.2
2217,0.00048804283142089844,0.11,30.8
2218,0.0005068778991699219,0.11,28.400000000000002
2219,0.00047135353088378906,0.10800000000000001,25.6
2220,0.0004420280456542969,0.10800000000000001,22.8
2221,0.00041985511779785156,0.10800000000000001,20.0
2222,0.00044918060302734375,0.10800000000000001,17.2
2223,0.0004203319549560547,0.10800000000000001,14.4
2224,0.0004489421844482422,0.10800000000000001,11.600000000000001
2225,0.0004172325134277344,0.10800000000000001,8.8
2226,0.0003764629364013672,0.10800000000000001,6.4
2227,0.0003848075866699219,0.10800000000000001,3.6
2228,0.00044608116149902344,0.10800000000000001,1.2000000000000002
2229,0.0005311965942382812,0.10800000000000001,-0.8
2230,0.0004889965057373047,0.10800000000000001,-3.2
2231,0.0004444122314453125,0.10800000000000001,-5.2
2232,0.00044536590576171875,0.10800000000000001,-6.800000000000001
2233,0.00048041343688964844,0.10800000000000001,-8.4
2234,0.00042939186096191406,0.10800000000000001,-10.0
2235,0.0005605220794677734,0.10800000000000001,-11.200000000000001
2236,0.0020949840545654297,0.10800000000000001,-12.0
2237,0.0007078647613525391,0.10800000000000001,-12.8
2238,0.0030379295349121094,0.10800000000000001,-13.200000000000001
2239,0.0007932186126708984,0.10800000000000001,-13.600000000000001
2240,0.0010864734649658203,0.10800000000000001,-13.600000000000001
2241,0.0006372928619384766,0.10800000000000001,-13.200000000000001
2242,0.00024819374084472656,0.10800000000000001,-12.8
2243,0.00013756752014160156,0.10800000000000001,-12.0
2244,0.0006909370422363281,0.10800000000000001,-11.200000000000001
2245,0.00017261505126953125,0.10800000000000001,-10.0
2246,0.00139617919921875,0.10800000000000001,-8.8
2247,0.0001838207244873047,0.10800000000000001,-7.2
2248,0.00023698806762695312,0.10800000000000001,-5.6000000000000005
2249,0.0001678466796875,0.10800000000000001,-3.6
2250,0.00033402442932128906,0.10800000000000001,-1.6
2251,0.000125885009765625,0.10800000000000001,0.4
2252,0.00016760826110839844,0.10800000000000001,2.8000000000000003
2253,0.0002014636993408203,0.10800000000000001,5.2
2254,0.0004642009735107422,0.10800000000000001,7.6000000000000005
2255,0.0004382133483886719,0.10800000000000001,10.0
2256,0.00040841102600097656,0.10800000000000001,12.4
2257,0.0004153251647949219,0.10800000000000001,14.8
2258,0.00041985511779785156,0.10800000000000001,17.6
2259,0.0003268718719482422,0.10800000000000001,20.0
2260,0.00046706199645996094,0.10800000000000001,22.400000000000002
2261,0.0004374980926513672,0.10800000000000001,24.8
2262,0.0004787445068359375,0.10800000000000001,27.200000000000003
2263,0.00024008750915527344,0.10800000000000001,29.200000000000003
2264,0.0004513263702392578,0.10800000000000001,31.6
2265,0.0004296302795410156,0.10800000000000001,33.6
2266,0.0004172325134277344,0.10800000000000001,35.2
2267,0.0009298324584960938,0.10800000000000001,37.2
2268,0.001703023910522461,0.10800000000000001,38.800000000000004
2269,0.0005035400390625,0.10800000000000001,40.0
2270,0.0007932186126708984,0.10800000000000001,41.2
2271,0.0002281665802001953,0.10800000000000001,42.400000000000006
2272,0.0014719963073730469,0.10800000000000001,43.2
2273,0.0003275871276855469,0.10800000000000001,43.6
2274,0.0001590251922607422,0.10800000000000001,44.0
2275,0.0004756450653076172,0.11900000000000001,44.400000000000006
2276,0.0002980232238769531,0.129,44.400000000000006
2277,0.0001430511474609375,0.14,44.0
2278,0.0001659393310546875,0.142,44.0
2279,0.00018310546875,0.14400000000000002,43.2
2280,0.00047326087951660156,0.149,42.400000000000006
2281,0.0003566741943359375,0.153,41.6
2282,0.00043845176696777344,0.153,40.400000000000006
2283,0.0004494190216064453,0.153,39.6
2284,0.0004296302795410156,0.153,38.0
2285,0.00042247772216796875,0.153,36.800000000000004
2286,0.0004200935363769531,0.153,35.2
2287,0.0004038810729980469,0.153,33.6
2288,0.00035858154296875,0.153,32.0
2289,0.00021648406982421875,0.153,30.400000000000002
2290,0.0004470348358154297,0.153,28.8
2291,0.0004172325134277344,0.153,27.200000000000003
2292,0.0005476474761962891,0.153,25.6
2293,0.0002522468566894531,0.153,24.0
2294,0.0005075931549072266,0.14400000000000002,22.400000000000002
2295,0.0004923343658447266,0.134,20.8
2296,0.00043392181396484375,0.125,19.200000000000003
2297,0.0004649162292480469,0.121,18.0
2298,0.0004894733428955078,0.11599999999999999,16.400000000000002
2299,0.0004956722259521484,0.114,15.200000000000001
2300,0.00031948089599609375,0.11,14.0
2301,0.0004444122314453125,0.10800000000000001,12.8
2302,0.0004374980926513672,0.10800000000000001,11.600000000000001
2303,0.0003495216369628906,0.10800000000000001,10.8
2304,0.00037860870361328125,0.10800000000000001,10.0
2305,0.0001804828643798828,0.10800000000000001,8.8
2306,0.0001723766326904297,0.10800000000000001,8.0
2307,0.0002589225769042969,0.10800000000000001,7.6000000000000005
2308,0.0002200603485107422,0.10800000000000001,6.800000000000001
2309,0.0002779960632324219,0.10800000000000001,6.4
2310,0.00030112266540527344,0.10800000000000001,6.0
2311,0.00044536590576171875,0.10800000000000001,5.6000000000000005
2312,0.0004241466522216797,0.10800000000000001,5.2
2313,0.00044655799865722656,0.10800000000000001,5.2
2314,0.00041675567626953125,0.10800000000000001,5.2
2315,0.0004448890686035156,0.10800000000000001,5.2
2316,0.00017499923706054688,0.10800000000000001,5.2
2317,0.0004863739013671875,0.10800000000000001,5.2
2318,0.0004665851593017578,0.10800000000000001,5.6000000000000005
2319,0.0002884864807128906,0.10800000000000001,6.0
2320,0.0004935264587402344,0.10800000000000001,6.4
2321,0.0004570484161376953,0.10800000000000001,6.800000000000001
2322,0.0003108978271484375,0.10800000000000001,7.2
2323,0.0008413791656494141,0.10800000000000001,8.0
2324,0.00083160400390625,0.10800000000000001,8.8
2325,0.0006754398345947266,0.10800000000000001,9.600000000000001
2326,0.0015423297882080078,0.10800000000000001,10.4
2327,0.0009119510650634766,0.10800000000000001,11.200000000000001
2328,0.005181074142456055,0.10800000000000001,12.0
2329,0.0005767345428466797,0.10800000000000001,12.8
2330,0.00044798851013183594,0.10800000000000001,14.0
2331,0.00044274330139160156,0.10800000000000001,14.8
2332,0.0004601478576660156,0.10800000000000001,15.600000000000001
2333,0.00022983551025390625,0.10800000000000001,16.8
2334,0.0004930496215820312,0.10800000000000001,17.6
2335,0.00046753883361816406,0.10800000000000001,18.400000000000002
2336,0.0004634857177734375,0.10300000000000001,19.200000000000003
2337,0.00043129920959472656,0.10300000000000001,20.0
2338,0.0003285408020019531,0.10300000000000001,21.200000000000003
2339,0.0004405975341796875,0.10300000000000001,21.6
2340,0.00041365623474121094,0.10099999999999999,22.400000000000002
2341,0.0004189014434814453,0.10099999999999999,23.200000000000003
2342,0.0005052089691162109,0.10099999999999999,23.6
2343,0.00042891502380371094,0.09300000000000001,24.400000000000002
2344,0.0004184246063232422,0.08199999999999999,24.8
2345,0.0004799365997314453,0.075,25.200000000000003
2346,0.00043582916259765625,0.071,25.6
2347,0.0004208087921142578,0.067,25.6
2348,0.00046062469482421875,0.063,26.0
2349,0.00045490264892578125,0.06,26.0
2350,0.00045561790466308594,0.055999999999999994,26.0
2351,0.00048065185546875,0.05,25.6
2352,0.0004265308380126953,0.047,25.200000000000003
2353,0.0004801750183105469,0.047,24.8
2354,0.0007812976837158203,0.045,24.400000000000002
2355,0.0008146762847900391,0.045,23.6
2356,0.0005004405975341797,0.039,22.8
2357,0.0005004405975341797,0.03,22.8
2358,0.0004553794860839844,0.026000000000000002,22.0
2359,0.00043702125549316406,0.024,21.200000000000003
2360,0.00045037269592285156,0.019,20.0
2361,0.0003674030303955078,0.017,18.8
2362,0.00030040740966796875,0.011000000000000001,17.2
2363,0.0003485679626464844,0.009000000000000001,15.600000000000001
2364,0.0005292892456054688,0.006,14.4
2365,0.0004642009735107422,0.004,12.4
2366,0.00047707557678222656,0.002,10.8
2367,0.00043129920959472656,0.002,8.8
2368,0.0004343986511230469,0.002,7.2
2369,0.00042319297790527344,0.002,5.2
2370,0.0004227161407470703,0.002,3.2
2371,0.0004508495330810547,0.002,1.2000000000000002
2372,0.00041365623474121094,0.002,-0.8
2373,0.0008349418640136719,0.002,-2.8000000000000003
2374,0.00046253204345703125,0.002,-4.800000000000001
2375,0.0004596710205078125,0.002,-6.800000000000001
2376,0.0004749298095703125,0.002,-8.8
2377,0.0007486343383789062,0.002,-10.4
2378,0.0004851818084716797,0.002,-12.4
2379,0.0009064674377441406,0.002,-14.0
2380,0.0018427371978759766,0.002,-15.600000000000001
2381,0.0005044937133789062,0.002,-16.8
2382,0.0009758472442626953,0.002,-18.0
2383,0.0005350112915039062,0.002,-19.200000000000003
2384,0.00023221969604492188,0.002,-20.0
2385,0.0001728534698486328,0.002,-20.8
2386,0.0007374286651611328,0.002,-21.200000000000003
2387,0.00017261505126953125,0.002,-22.0
2388,0.0011425018310546875,0.002,-22.0
2389,0.0014071464538574219,0.002,-22.0
2390,0.00016832351684570312,0.002,-22.0
2391,0.00022363662719726562,0.002,-21.6
2392,0.00015687942504882812,0.002,-21.200000000000003
2393,0.00013065338134765625,0.002,-20.8
2394,0.00011420249938964844,0.002,-20.0
2395,0.0001270771026611328,0.002,-18.8
2396,0.0001327991485595703,0.002,-18.0
2397,0.0002651214599609375,0.002,-16.8
2398,0.00029468536376953125,0.002,-15.200000000000001
2399,0.0002956390380859375,0.002,-14.0
2400,0.0002880096435546875,0.002,-12.4
2401,0.0004124641418457031,0.002,-10.4
2402,0.0003409385681152344,0.002,-8.8
2403,0.00020194053649902344,0.002,-6.800000000000001
2404,0.0003197193145751953,0.002,-5.2
2405,0.0004773139953613281,0.002,-3.2
2406,0.0004563331604003906,0.002,-1.2000000000000002
2407,0.0005412101745605469,0.002,0.8
2408,0.0004470348358154297,0.002,2.8000000000000003
2409,0.00047326087951660156,0.002,4.4
2410,0.0004379749298095703,0.002,6.4
2411,0.0005242824554443359,0.002,8.4
2412,0.0018799304962158203,0.002,10.0
2413,0.0006194114685058594,0.002,11.600000000000001
2414,0.00046062469482421875,0.002,13.200000000000001
2415,0.00045943260192871094,0.002,14.8
2416,0.00042438507080078125,0.002,16.0
2417,0.00042366981506347656,0.002,17.2
2418,0.00044274330139160156,0.002,18.400000000000002
2419,0.0004773139953613281,0.002,19.200000000000003
2420,0.000217437744140625,0.002,20.0
2421,0.000492095947265625,0.002,20.400000000000002
2422,0.0003390312194824219,0.002,21.200000000000003
2423,0.0004909038543701172,0.002,21.200000000000003
2424,0.00045299530029296875,0.002,21.6
2425,0.000438690185546875,0.002,21.200000000000003
2426,0.00047588348388671875,0.002,21.200000000000003
2427,0.0004177093505859375,0.002,20.8
2428,0.0004315376281738281,0.002,20.0
2429,0.00043392181396484375,0.002,19.6
2430,0.00020503997802734375,0.002,18.400000000000002
2431,0.00048542022705078125,0.002,17.6
2432,0.00044274330139160156,0.002,16.400000000000002
2433,0.0005121231079101562,0.002,15.200000000000001
2434,0.0004799365997314453,0.002,13.600000000000001
2435,0.0004458427429199219,0.002,12.4
2436,0.00043892860412597656,0.002,10.8
2437,0.0005769729614257812,0.002,8.8
2438,0.0010154247283935547,0.002,7.2
2439,0.0007121562957763672,0.002,5.2
2440,0.0015151500701904297,0.002,3.6
2441,0.0005090236663818359,0.002,1.6
2442,0.0005049705505371094,0.002,-0.4
2443,0.0004696846008300781,0.002,-2.0
2444,0.0004341602325439453,0.002,-4.0
2445,0.00043392181396484375,0.002,-5.6000000000000005
2446,0.0002837181091308594,0.002,-7.6000000000000005
2447,0.00016427040100097656,0.002,-9.200000000000001
2448,0.00017023086547851562,0.002,-10.8
2449,0.00024127960205078125,0.002,-12.4
2450,0.00023818016052246094,0.002,-13.600000000000001
2451,0.00024271011352539062,0.002,-15.200000000000001
2452,0.000244140625,0.002,-16.400000000000002
2453,0.0001685619354248047,0.002,-17.2
2454,0.00017452239990234375,0.002,-18.400000000000002
2455,0.0001494884490966797,0.002,-19.200000000000003
2456,0.00013899803161621094,0.002,-19.6
2457,0.0001595020294189453,0.002,-20.0
2458,0.00028228759765625,0.002,-20.400000000000002
2459,0.0003116130828857422,0.002,-20.400000000000002
2460,0.00031375885009765625,0.002,-20.400000000000002
2461,0.0004146099090576172,0.002,-20.400000000000002
2462,0.00042819976806640625,0.002,-20.0
2463,0.0004265308380126953,0.002,-19.200000000000003
2464,0.000461578369140625,0.0,-18.8
2465,0.00043201446533203125,0.0,-18.0
2466,0.0005235671997070312,0.0,-16.8
2467,0.0004820823669433594,0.0,-16.0
2468,0.00044918060302734375,0.0,-14.8
2469,0.0004436969757080078,0.0,-13.200000000000001
2470,0.00046515464782714844,0.0,-12.0
2471,0.0004544258117675781,0.0,-10.4
2472,0.00022268295288085938,0.0,-8.8
2473,0.0005357265472412109,0.0,-7.2
2474,0.0001468658447265625,0.0,-5.2
2475,0.0002789497375488281,0.0,-3.6
2476,0.0004894733428955078,0.0,-1.6
2477,0.0003783702850341797,0.0,0.0
2478,0.0004677772521972656,0.0,2.0
2479,0.0004324913024902344,0.0,3.6
2480,0.00042748451232910156,0.0,5.2
2481,0.0004248619079589844,0.0,7.2
2482,0.00037980079650878906,0.0,8.8
2483,0.0005266666412353516,0.0,10.4
2484,0.000476837158203125,0.0,11.600000000000001
2485,0.00044465065002441406,0.0,13.200000000000001
2486,0.0004730224609375,0.0,14.4
2487,0.0004153251647949219,0.0,15.600000000000001
2488,0.0005619525909423828,0.0,16.8
2489,0.0004775524139404297,0.0,17.6
2490,0.0004470348358154297,0.0,18.400000000000002
2491,0.0004279613494873047,0.0,18.8
2492,0.00046062469482421875,0.0,19.200000000000003
2493,0.0005738735198974609,0.0,19.6
2494,0.0007765293121337891,0.0,19.6
2495,0.0006687641143798828,0.0,19.6
2496,0.0004477500915527344,0.0,19.6
2497,0.0005555152893066406,0.0,19.200000000000003
2498,0.0004305839538574219,0.0,18.8
2499,0.0001652240753173828,0.0,18.400000000000002
2500,0.0001652240753173828,0.0,18.400000000000002
2501,0.00015735626220703125,0.0,17.6
2502,0.0006058216094970703,0.0,16.400000000000002
2503,0.000518798828125,0.0,15.600000000000001
2504,0.00015854835510253906,0.0,14.4
2505,0.00030112266540527344,0.0,13.200000000000001
2506,0.00022339820861816406,0.0,11.600000000000001
2507,0.0003490447998046875,0.0,10.4
2508,0.0003478527069091797,0.0,8.8
2509,0.00032591819763183594,0.0,7.2
2510,0.0004277229309082031,0.0,5.6000000000000005
2511,0.00046443939208984375,0.0,3.6
2512,0.00041675567626953125,0.0,2.0
2513,0.0004489421844482422,0.0,0.4
2514,0.00042700767517089844,0.0,-1.6
2515,0.00048470497131347656,0.0,-3.2
2516,0.0005209445953369141,0.0,-4.800000000000001
2517,0.00043845176696777344,0.0,-6.4
2518,0.00043654441833496094,0.0,-8.0
2519,0.00045561790466308594,0.0,-9.600000000000001
2520,0.00046515464782714844,0.0,-11.200000000000001
2521,0.0004241466522216797,0.0,-12.4
2522,0.00046515464782714844,0.0,-13.600000000000001
2523,0.0004980564117431641,0.0,-14.8
2524,0.0007190704345703125,0.0,-16.0
2525,0.0005092620849609375,0.0,-16.8
2526,0.0006690025329589844,0.0,-17.6
2527,0.0004394054412841797,0.0,-18.0
2528,0.00041675567626953125,0.0,-18.400000000000002
2529,0.0004525184631347656,0.0,-18.8
2530,0.0004208087921142578,0.0,-19.200000000000003
2531,0.00030303001403808594,0.0,-19.200000000000003
2532,0.0004775524139404297,0.0,-18.8
2533,0.0004582405090332031,0.0,-18.400000000000002
2534,0.00047469139099121094,0.0,-18.0
2535,0.00029277801513671875,0.0,-17.6
2536,0.00047397613525390625,0.0,-16.8
2537,0.0004398822784423828,0.0,-16.0
2538,0.0004315376281738281,0.0,-14.8
2539,0.001194000244140625,0.0,-14.0
2540,0.0007252693176269531,0.0,-12.8
2541,0.0004582405090332031,0.0,-11.200000000000001
2542,0.0005288124084472656,0.0,-10.0
2543,0.00014066696166992188,0.0,-8.4
2544,0.00032258033752441406,0.0,-6.800000000000001
2545,0.00042629241943359375,0.0,-5.2
2546,0.0004253387451171875,0.0,-3.6
2547,0.00045943260192871094,0.0,-2.0
2548,0.0004940032958984375,0.0,-0.4
2549,0.0004820823669433594,0.0,1.2000000000000002
2550,0.0004668235778808594,0.0,3.2
2551,0.0004451274871826172,0.0,4.800000000000001
2552,0.0004277229309082031,0.0,6.4
2553,0.0005629062652587891,0.0,7.6000000000000005
2554,0.0004591941833496094,0.0,9.200000000000001
2555,0.000873565673828125,0.0,10.8
2556,0.0005245208740234375,0.0,12.0
2557,0.00043964385986328125,0.0,13.200000000000001
2558,0.00046372413635253906,0.0,14.4
2559,0.00047469139099121094,0.0,15.200000000000001
2560,0.0003807544708251953,0.0,16.0
2561,0.00013780593872070312,0.0,16.8
2562,0.00048160552978515625,0.0,17.6
2563,0.0003552436828613281,0.0,18.0
2564,0.0004849433898925781,0.0,18.400000000000002
2565,0.0004398822784423828,0.0,18.400000000000002
2566,0.00042247772216796875,0.0,18.400000000000002
2567,0.00041675567626953125,0.0,18.400000000000002
2568,0.0004284381866455078,0.0,18.0
2569,0.00041604042053222656,0.0,17.6
2570,0.0004222393035888672,0.0,17.2
2571,0.00033473968505859375,0.0,16.400000000000002
2572,0.0002193450927734375,0.0,15.600000000000001
2573,0.0004563331604003906,0.0,14.8
2574,0.0004591941833496094,0.0,13.600000000000001
2575,0.0004646778106689453,0.0,12.4
2576,0.000331878662109375,0.0,11.200000000000001
2577,0.0004961490631103516,0.0,9.600000000000001
2578,0.00038743019104003906,0.0,8.4
2579,0.0005891323089599609,0.0,6.800000000000001
2580,0.0006492137908935547,0.0,5.2
2581,0.0005588531494140625,0.0,3.6
2582,0.0007939338684082031,0.0,2.0
2583,0.0013840198516845703,0.0,0.4
2584,0.0003743171691894531,0.0,-1.2000000000000002
