,Latency,PWM Value,Angle
0,0.0,0.0,0.0
1,0.00594639778137207,0.0,0.0
2,0.006948232650756836,0.0,0.0
3,0.008064508438110352,0.0,0.0
4,0.003478527069091797,0.0,0.0
5,0.010286092758178711,0.0,0.0
6,0.01165628433227539,0.0,0.0
7,0.0016009807586669922,0.0,0.0
8,0.01081085205078125,0.0,0.0
9,0.002524137496948242,0.0,0.0
10,0.002190113067626953,0.0,0.0
11,0.00022411346435546875,0.0,0.0
12,0.003400087356567383,0.0,0.0
13,0.004883766174316406,0.0,0.0
14,0.003129243850708008,0.0,0.0
15,0.0045893192291259766,0.0,0.0
16,0.010100603103637695,0.0,0.0
17,0.0005018711090087891,0.0,0.0
18,0.0022521018981933594,0.0,0.0
19,0.00580143928527832,0.0,0.0
20,0.0008139610290527344,0.0,0.0
21,0.0005462169647216797,0.0,0.0
22,0.00029087066650390625,0.0,0.0
23,0.00022077560424804688,0.0,0.0
24,0.00027942657470703125,0.0,0.0
25,0.0003542900085449219,0.0,0.0
26,0.00046706199645996094,0.0,0.0
27,0.0005872249603271484,0.0,0.0
28,0.0012066364288330078,0.0,0.0
29,0.0003676414489746094,0.0,0.0
30,0.00031113624572753906,0.0,0.0
31,0.0003962516784667969,0.0,0.0
32,0.00022935867309570312,0.0,0.0
33,0.0002605915069580078,0.0,0.0
34,0.0002689361572265625,0.0,0.0
35,0.0005352497100830078,0.0,0.0
36,0.0004341602325439453,0.0,0.0
37,0.0006363391876220703,0.0,0.0
38,0.00048613548278808594,0.0,0.0
39,0.0005388259887695312,0.0,0.0
40,0.0004057884216308594,0.0,0.0
41,0.0007824897766113281,0.0,0.0
42,0.0004863739013671875,0.0,0.0
43,0.0009686946868896484,0.0,0.0
44,0.0007679462432861328,0.0,0.0
45,0.0004601478576660156,0.0,0.0
46,0.0016720294952392578,0.0,0.0
47,0.0005497932434082031,0.0,0.0
48,0.0004603862762451172,0.0,0.0
49,0.0010924339294433594,0.0,0.0
50,0.0009121894836425781,0.0,0.0
51,0.0005834102630615234,0.0,0.0
52,0.0006155967712402344,0.0,0.0
53,0.0008904933929443359,0.0,0.0
54,0.0012898445129394531,0.0,0.0
55,0.0004546642303466797,0.0,0.0
56,0.0004303455352783203,0.0,0.0
57,0.00042510032653808594,0.0,0.0
58,0.0005011558532714844,0.0,0.0
59,0.0004665851593017578,0.0,0.0
60,0.00043082237243652344,0.0,0.0
61,0.0005970001220703125,0.0,0.0
62,0.0007748603820800781,0.0,0.0
63,0.0006506443023681641,0.0,0.0
64,0.0004658699035644531,0.0,0.0
65,0.0005033016204833984,0.0,0.0
66,0.0007102489471435547,0.0,0.0
67,0.0008618831634521484,0.0,0.0
68,0.0007789134979248047,0.0,0.0
69,0.0005567073822021484,0.0,0.0
70,0.0004475116729736328,0.0,0.0
71,0.0012204647064208984,0.0,0.0
72,0.0007169246673583984,0.0,0.0
73,0.0004832744598388672,0.0,0.0
74,0.0017752647399902344,0.0,0.0
75,0.00044608116149902344,0.0,0.0
76,0.0014121532440185547,0.0,0.0
77,0.0007395744323730469,0.0,0.0
78,0.0004558563232421875,0.0,0.0
79,0.0010285377502441406,0.0,0.0
80,0.00043392181396484375,0.0,0.0
81,0.0009732246398925781,0.0,0.0
82,0.0004451274871826172,0.0,0.0
83,0.0010275840759277344,0.0,0.0
84,0.0004467964172363281,0.0,0.0
85,0.0009708404541015625,0.0,0.0
86,0.0018897056579589844,0.0,0.0
87,0.00045228004455566406,0.0,0.0
88,0.0014214515686035156,0.0,0.0
89,0.0004413127899169922,0.0,0.0
90,0.0008847713470458984,0.0,0.0
91,0.0010366439819335938,0.0,0.0
92,0.00043773651123046875,0.0,0.0
93,0.0014276504516601562,0.0,0.0
94,0.0010669231414794922,0.0,0.0
95,0.0012521743774414062,0.0,0.0
96,0.0011608600616455078,0.0,0.0
97,0.002401113510131836,0.0,0.0
98,0.00047326087951660156,0.0,0.0
99,0.0010528564453125,0.0,0.0
100,0.0004532337188720703,0.0,0.0
101,0.0009891986846923828,0.0,0.0
102,0.0004401206970214844,0.0,0.0
103,0.0009698867797851562,0.0,0.0
104,0.0009484291076660156,0.0,0.0
105,0.0014159679412841797,0.0,0.0
106,0.001683950424194336,0.0,0.0
107,0.0011627674102783203,0.0,0.0
108,0.0007576942443847656,0.0,0.0
109,0.0005290508270263672,0.0,0.0
110,0.0005290508270263672,0.0,0.0
111,0.00047135353088378906,0.0,0.0
112,0.0004420280456542969,0.0,0.0
113,0.0004923343658447266,0.0,0.0
114,0.0008232593536376953,0.0,0.0
115,0.0004162788391113281,0.0,0.0
116,0.0002353191375732422,0.0,0.0
117,0.0006935596466064453,0.0,0.0
118,0.0006840229034423828,0.0,0.0
119,0.0005424022674560547,0.0,0.0
120,0.00022363662719726562,0.0,0.0
121,0.0004584789276123047,0.0,0.0
122,0.0008299350738525391,0.0,0.0
123,0.00048041343688964844,0.0,0.0
124,0.0009748935699462891,0.0,0.0
125,0.000469207763671875,0.0,0.0
126,0.001024484634399414,0.0,0.0
127,0.0004982948303222656,0.0,0.0
128,0.0010292530059814453,0.0,0.0
129,0.0004634857177734375,0.0,0.0
130,0.0016055107116699219,0.0,0.0
131,0.00044083595275878906,0.0,0.0
132,0.0012149810791015625,0.0,0.0
133,0.0004699230194091797,0.0,0.0
134,0.001039266586303711,0.0,0.0
135,0.00046753883361816406,0.0,0.0
136,0.0015876293182373047,0.002,0.0
137,0.0004956722259521484,0.002,0.0
138,0.0012586116790771484,0.002,0.0
139,0.0013644695281982422,0.002,0.0
140,0.00045680999755859375,0.002,0.0
141,0.0010426044464111328,0.002,0.0
142,0.0004303455352783203,0.002,0.0
143,0.0010256767272949219,0.002,0.0
144,0.0005168914794921875,0.002,0.0
145,0.0016429424285888672,0.002,0.0
146,0.0004553794860839844,0.002,0.0
147,0.0014448165893554688,0.002,0.0
148,0.0004439353942871094,0.002,0.0
149,0.0006563663482666016,0.004,0.0
150,0.0010476112365722656,0.004,0.0
151,0.00048041343688964844,0.004,0.0
152,0.001148223876953125,0.004,0.0
153,0.0005440711975097656,0.006,0.0
154,0.0007021427154541016,0.006,0.0
155,0.0007393360137939453,0.006,0.0
156,0.0004544258117675781,0.006,0.0
157,0.001161336898803711,0.006,0.0
158,0.0015034675598144531,0.006,0.0
159,0.0009174346923828125,0.006,0.0
160,0.001575469970703125,0.006,0.0
161,0.0009715557098388672,0.006,0.0
162,0.0004761219024658203,0.006,0.0
163,0.00046515464782714844,0.006,0.0
164,0.001542806625366211,0.006,0.0
165,0.0012421607971191406,0.006,0.0
166,0.0004742145538330078,0.006,0.0
167,0.0012006759643554688,0.006,0.0
168,0.0020248889923095703,0.006,0.0
169,0.0004355907440185547,0.009,0.0
170,0.0004820823669433594,0.009,0.0
171,0.00038313865661621094,0.011,0.0
172,0.0004742145538330078,0.011,0.0
173,0.0005431175231933594,0.013,0.0
174,0.0004525184631347656,0.013,0.0
175,0.0007989406585693359,0.013,0.0
176,0.0005817413330078125,0.015,0.0
177,0.00043010711669921875,0.017,0.0
178,0.0005168914794921875,0.017,0.0
179,0.00041747093200683594,0.017,0.0
180,0.0011487007141113281,0.017,0.0
181,0.00042724609375,0.017,0.0
182,0.0010347366333007812,0.017,0.0
183,0.0004429817199707031,0.017,0.0
184,0.0010342597961425781,0.017,0.0
185,0.0004324913024902344,0.019,0.0
186,0.000644683837890625,0.024,0.0
187,0.0005462169647216797,0.024,0.0
188,0.0004696846008300781,0.024,0.0
189,0.0010640621185302734,0.024,0.0
190,0.0013790130615234375,0.024,0.0
191,0.0005261898040771484,0.026,0.0
192,0.0008296966552734375,0.026,0.0
193,0.0005090236663818359,0.028,0.0
194,0.0010082721710205078,0.028,0.0
195,0.0004734992980957031,0.028,0.0
196,0.001069784164428711,0.028,0.0
197,0.0006477832794189453,0.028,0.0
198,0.00033164024353027344,0.03,0.0
199,0.0005106925964355469,0.03,0.0
200,0.0010447502136230469,0.03,0.0
201,0.0004703998565673828,0.032,0.0
202,0.0006663799285888672,0.034,0.0
203,0.0004601478576660156,0.037,0.0
204,0.0008313655853271484,0.037,0.0
205,0.00045943260192871094,0.037,0.0
206,0.0011017322540283203,0.037,0.0
207,0.0004291534423828125,0.039,0.0
208,0.0011587142944335938,0.039,0.0
209,0.0004456043243408203,0.039,0.0
210,0.001295328140258789,0.039,0.0
211,0.0005223751068115234,0.039,0.0
212,0.0010726451873779297,0.041,0.4
213,0.0005168914794921875,0.045,0.4
214,0.0005333423614501953,0.047,0.4
215,0.0005216598510742188,0.05,0.8
216,0.0005245208740234375,0.05,0.8
217,0.0006544589996337891,0.05,0.8
218,0.00048613548278808594,0.05,1.2000000000000002
219,0.0007607936859130859,0.05,1.6
220,0.001374959945678711,0.05,1.6
221,0.00045037269592285156,0.05,2.0
222,0.001043081283569336,0.05,2.4000000000000004
223,0.0004401206970214844,0.05,2.4000000000000004
224,0.0010139942169189453,0.05,2.8000000000000003
225,0.00043463706970214844,0.05,3.2
226,0.0017139911651611328,0.05,3.6
227,0.0004363059997558594,0.05,4.0
228,0.0005970001220703125,0.052,4.4
229,0.0005106925964355469,0.054,4.800000000000001
230,0.0007510185241699219,0.056,5.2
231,0.00054168701171875,0.06,5.6000000000000005
232,0.00041556358337402344,0.06,6.0
233,0.0004258155822753906,0.06,6.4
234,0.0014946460723876953,0.06,6.800000000000001
235,0.00046372413635253906,0.06,7.2
236,0.0011055469512939453,0.06,7.6000000000000005
237,0.00046753883361816406,0.06,8.0
238,0.0010628700256347656,0.06,8.4
239,0.0004353523254394531,0.06,8.8
240,0.001051187515258789,0.06,8.8
241,0.0004363059997558594,0.06,9.200000000000001
242,0.0017905235290527344,0.06,9.600000000000001
243,0.0004639625549316406,0.063,9.600000000000001
244,0.0010685920715332031,0.063,10.0
245,0.0006201267242431641,0.067,10.4
246,0.0005867481231689453,0.073,10.4
247,0.0004906654357910156,0.075,10.4
248,0.0004572868347167969,0.075,10.8
249,0.00043654441833496094,0.075,10.8
250,0.0004429817199707031,0.075,10.8
251,0.001102447509765625,0.075,10.8
252,0.0004317760467529297,0.075,10.8
253,0.0010967254638671875,0.075,10.8
254,0.0005686283111572266,0.078,10.8
255,0.00046181678771972656,0.078,10.8
256,0.0011219978332519531,0.078,10.8
257,0.0016045570373535156,0.078,10.8
258,0.0015573501586914062,0.078,10.8
259,0.0004439353942871094,0.078,10.4
260,0.0004439353942871094,0.082,10.4
261,0.0008311271667480469,0.082,10.4
262,0.0005850791931152344,0.084,10.4
263,0.0006372928619384766,0.084,10.4
264,0.0010869503021240234,0.084,10.4
265,0.000614166259765625,0.084,10.0
266,0.0010843276977539062,0.084,10.0
267,0.0014188289642333984,0.084,10.0
268,0.001615285873413086,0.084,10.0
269,0.0010104179382324219,0.084,10.0
270,0.0013203620910644531,0.084,10.0
271,0.0006225109100341797,0.084,10.0
272,0.0003986358642578125,0.084,10.0
273,0.0004940032958984375,0.084,10.0
274,0.0012657642364501953,0.084,10.0
275,0.00046181678771972656,0.084,10.0
276,0.0010221004486083984,0.084,10.0
277,0.0017025470733642578,0.084,10.0
278,0.0017778873443603516,0.084,10.0
279,0.0012154579162597656,0.084,10.0
280,0.0004684925079345703,0.084,10.4
281,0.001047372817993164,0.084,10.4
282,0.0009961128234863281,0.084,10.4
283,0.001478433609008789,0.084,10.4
284,0.0004467964172363281,0.084,10.8
285,0.0013239383697509766,0.084,10.8
286,0.00044727325439453125,0.084,10.8
287,0.0010347366333007812,0.084,10.8
288,0.0006504058837890625,0.084,11.200000000000001
289,0.0021774768829345703,0.084,11.200000000000001
290,0.001173257827758789,0.084,11.200000000000001
291,0.0013539791107177734,0.084,11.600000000000001
292,0.0021200180053710938,0.084,11.600000000000001
293,0.0005047321319580078,0.084,11.600000000000001
294,0.0019681453704833984,0.084,11.600000000000001
295,0.000972747802734375,0.084,12.0
296,0.0024840831756591797,0.084,12.0
297,0.0005195140838623047,0.084,12.0
298,0.0007612705230712891,0.086,12.4
299,0.0005524158477783203,0.088,12.4
300,0.0005526542663574219,0.091,12.4
301,0.00045800209045410156,0.091,12.4
302,0.00042819976806640625,0.091,12.4
303,0.0005524158477783203,0.093,12.4
304,0.0004169940948486328,0.093,12.8
305,0.0011446475982666016,0.093,12.8
306,0.0021851062774658203,0.093,12.8
307,0.0007390975952148438,0.093,12.8
308,0.0020873546600341797,0.093,12.8
309,0.0009303092956542969,0.093,12.8
310,0.0004036426544189453,0.095,12.8
311,0.0007517337799072266,0.097,12.8
312,0.0009357929229736328,0.097,12.8
313,0.0007550716400146484,0.097,12.8
314,0.0005478858947753906,0.097,12.8
315,0.0018990039825439453,0.097,12.8
316,0.0004942417144775391,0.099,13.200000000000001
317,0.0025184154510498047,0.101,13.200000000000001
318,0.0004165172576904297,0.101,13.200000000000001
319,0.0002684593200683594,0.106,13.200000000000001
320,0.0004909038543701172,0.108,13.200000000000001
321,0.0004901885986328125,0.112,13.200000000000001
322,0.0007863044738769531,0.116,13.200000000000001
323,0.00026106834411621094,0.119,13.200000000000001
324,0.0005459785461425781,0.123,13.200000000000001
325,0.0004639625549316406,0.127,13.600000000000001
326,0.0005550384521484375,0.129,13.600000000000001
327,0.00043320655822753906,0.131,13.600000000000001
328,0.00045871734619140625,0.136,13.600000000000001
329,0.00043272972106933594,0.136,14.0
330,0.0005714893341064453,0.136,14.0
331,0.0005366802215576172,0.136,14.4
332,0.0007612705230712891,0.136,14.8
333,0.0006070137023925781,0.136,14.8
334,0.0006868839263916016,0.138,15.200000000000001
335,0.0010938644409179688,0.138,15.600000000000001
336,0.0007331371307373047,0.138,16.0
337,0.0019268989562988281,0.138,16.8
338,0.0015478134155273438,0.138,17.2
339,0.00047278404235839844,0.138,17.6
340,0.0018310546875,0.138,18.400000000000002
341,0.0017728805541992188,0.142,18.8
342,0.0017654895782470703,0.142,19.6
343,0.0008263587951660156,0.144,20.0
344,0.0007281303405761719,0.144,20.8
345,0.0008897781372070312,0.144,21.6
346,0.0008184909820556641,0.144,22.0
347,0.0005145072937011719,0.149,22.8
348,0.00037097930908203125,0.151,23.6
349,0.0004639625549316406,0.151,24.0
350,0.00026869773864746094,0.155,24.8
351,0.0004703998565673828,0.157,25.200000000000003
352,0.0004830360412597656,0.162,26.0
353,0.0001971721649169922,0.162,26.400000000000002
354,0.0006830692291259766,0.164,27.200000000000003
355,0.0006995201110839844,0.166,27.6
356,0.0004734992980957031,0.166,28.400000000000002
357,0.0004553794860839844,0.166,28.8
358,0.0029172897338867188,0.166,29.200000000000003
359,0.0005970001220703125,0.166,30.0
360,0.002795696258544922,0.166,30.400000000000002
361,0.0007317066192626953,0.166,30.8
362,0.0019659996032714844,0.166,31.6
363,0.0006921291351318359,0.166,32.0
364,0.0016322135925292969,0.166,32.4
365,0.0006046295166015625,0.166,32.800000000000004
366,0.0015637874603271484,0.166,33.2
367,0.001291513442993164,0.166,33.6
368,0.0006692409515380859,0.166,34.0
369,0.0004999637603759766,0.166,34.4
370,0.0015709400177001953,0.166,34.4
371,0.0005838871002197266,0.166,34.800000000000004
372,0.0015087127685546875,0.166,34.800000000000004
373,0.0006995201110839844,0.166,35.2
374,0.0005848407745361328,0.168,35.2
375,0.0004775524139404297,0.168,35.6
376,0.0009799003601074219,0.168,35.6
377,0.0005960464477539062,0.166,35.6
378,0.0004401206970214844,0.164,35.6
379,0.0005002021789550781,0.162,35.6
380,0.00044727325439453125,0.159,35.6
381,0.0004878044128417969,0.157,35.2
382,0.0008590221405029297,0.157,35.2
383,0.0004551410675048828,0.157,35.2
384,0.0010025501251220703,0.153,34.800000000000004
385,0.0005617141723632812,0.153,34.4
386,0.0008115768432617188,0.153,34.0
387,0.0004904270172119141,0.153,33.6
388,0.0004062652587890625,0.151,33.2
389,0.0005106925964355469,0.151,32.800000000000004
390,0.0007860660552978516,0.151,32.4
391,0.0019598007202148438,0.151,32.0
392,0.0011935234069824219,0.151,31.200000000000003
393,0.0005486011505126953,0.149,30.8
394,0.0012345314025878906,0.149,30.0
395,0.0006749629974365234,0.149,29.6
396,0.0005533695220947266,0.144,28.8
397,0.0005526542663574219,0.144,28.400000000000002
398,0.0011720657348632812,0.142,27.6
399,0.0006382465362548828,0.142,26.8
400,0.0005991458892822266,0.142,26.400000000000002
401,0.004052162170410156,0.142,25.6
402,0.0005171298980712891,0.14,24.8
403,0.0009224414825439453,0.14,24.400000000000002
404,0.001110076904296875,0.14,23.6
405,0.001032114028930664,0.14,22.8
406,0.0020301342010498047,0.14,22.400000000000002
407,0.003241300582885742,0.14,21.6
408,0.0006237030029296875,0.14,20.8
409,0.002155780792236328,0.14,20.400000000000002
410,0.0011200904846191406,0.14,19.6
411,0.002226591110229492,0.14,19.200000000000003
412,0.001346588134765625,0.14,18.8
413,0.0017249584197998047,0.14,18.0
414,0.0009517669677734375,0.14,17.6
415,0.0023806095123291016,0.14,17.2
416,0.0014462471008300781,0.14,16.8
417,0.0007479190826416016,0.14,16.400000000000002
418,0.0015566349029541016,0.14,16.400000000000002
419,0.0007967948913574219,0.14,16.0
420,0.0019507408142089844,0.14,16.0
421,0.002027750015258789,0.14,16.0
422,0.0008261203765869141,0.14,15.600000000000001
423,0.002259969711303711,0.14,15.600000000000001
424,0.0017158985137939453,0.14,16.0
425,0.0017158985137939453,0.14,16.0
426,0.0012004375457763672,0.14,16.0
427,0.0004875659942626953,0.142,16.0
428,0.0008945465087890625,0.142,16.400000000000002
429,0.0004475116729736328,0.144,16.400000000000002
430,0.0005049705505371094,0.147,16.8
431,0.0010690689086914062,0.147,17.2
432,0.0005068778991699219,0.149,17.6
433,0.0010342597961425781,0.149,18.0
434,0.002123594284057617,0.149,18.400000000000002
435,0.0019681453704833984,0.149,19.200000000000003
436,0.0025026798248291016,0.149,19.6
437,0.0012240409851074219,0.149,20.0
438,0.0011444091796875,0.149,20.8
439,0.0016298294067382812,0.149,21.200000000000003
440,0.0014591217041015625,0.149,22.0
441,0.0018978118896484375,0.149,22.8
442,0.0013551712036132812,0.149,23.6
443,0.0013980865478515625,0.149,24.0
444,0.0007989406585693359,0.149,24.8
445,0.0019099712371826172,0.149,25.6
446,0.0008924007415771484,0.149,26.400000000000002
447,0.002053499221801758,0.149,26.8
448,0.001714944839477539,0.149,27.6
449,0.0006847381591796875,0.149,28.400000000000002
450,0.002053976058959961,0.149,28.8
451,0.0006949901580810547,0.149,29.6
452,0.0016052722930908203,0.151,30.0
453,0.0005445480346679688,0.151,30.8
454,0.0007281303405761719,0.153,31.200000000000003
455,0.0007128715515136719,0.153,31.6
456,0.0005130767822265625,0.153,32.0
457,0.0008070468902587891,0.155,32.4
458,0.0002532005310058594,0.155,32.800000000000004
459,0.00039649009704589844,0.157,33.2
460,0.0004830360412597656,0.162,33.2
461,0.0004944801330566406,0.164,33.6
462,0.0004799365997314453,0.166,33.6
463,0.0006546974182128906,0.166,33.6
464,0.0010259151458740234,0.168,33.6
465,0.0004994869232177734,0.168,33.6
466,0.0006930828094482422,0.17,33.6
467,0.0006971359252929688,0.17,33.6
468,0.0007233619689941406,0.17,33.6
469,0.0017523765563964844,0.17,33.6
470,0.00047707557678222656,0.172,33.2
471,0.0001914501190185547,0.181,33.2
472,0.0004432201385498047,0.181,32.800000000000004
473,0.0009038448333740234,0.181,32.800000000000004
474,0.0006086826324462891,0.181,32.4
475,0.00046634674072265625,0.185,32.4
476,0.0007221698760986328,0.188,32.4
477,0.0004487037658691406,0.19,32.0
478,0.0008082389831542969,0.19,32.0
479,0.00048661231994628906,0.19,31.6
480,0.0011949539184570312,0.19,31.6
481,0.0004780292510986328,0.19,31.6
482,0.0013568401336669922,0.19,31.6
483,0.0007722377777099609,0.192,31.6
484,0.0005822181701660156,0.192,31.6
485,0.0022017955780029297,0.192,31.6
486,0.0007741451263427734,0.192,31.6
487,0.0016994476318359375,0.192,32.0
488,0.0013985633850097656,0.192,32.0
489,0.0013155937194824219,0.192,32.4
490,0.0014009475708007812,0.192,32.4
491,0.0007524490356445312,0.192,32.800000000000004
492,0.0019783973693847656,0.192,33.2
493,0.000270843505859375,0.194,33.6
494,0.0006356239318847656,0.194,34.0
495,0.0010936260223388672,0.194,34.4
496,0.0019333362579345703,0.194,34.800000000000004
497,0.0014781951904296875,0.194,35.2
498,0.001918792724609375,0.194,35.6
499,0.0012195110321044922,0.194,36.4
500,0.0011107921600341797,0.194,36.800000000000004
501,0.0018894672393798828,0.194,37.2
502,0.0021326541900634766,0.194,38.0
503,0.0008876323699951172,0.194,38.400000000000006
504,0.0015475749969482422,0.194,39.2
505,0.0006718635559082031,0.194,39.6
506,0.0020270347595214844,0.194,40.0
507,0.0017743110656738281,0.194,40.800000000000004
508,0.0008692741394042969,0.194,41.2
509,0.0016512870788574219,0.194,41.6
510,0.0013511180877685547,0.194,42.400000000000006
511,0.0007662773132324219,0.194,42.800000000000004
512,0.002040386199951172,0.194,43.2
513,0.0013256072998046875,0.194,43.6
514,0.0013320446014404297,0.194,44.0
515,0.001505136489868164,0.194,44.400000000000006
516,0.0006687641143798828,0.192,44.800000000000004
517,0.0005085468292236328,0.19,45.2
518,0.0006260871887207031,0.181,45.2
519,0.0004825592041015625,0.164,45.6
520,0.0006067752838134766,0.151,46.0
521,0.00044655799865722656,0.144,46.0
522,0.0004353523254394531,0.14,46.0
523,0.00013327598571777344,0.136,46.0
524,0.0006964206695556641,0.136,46.0
525,0.0002987384796142578,0.136,46.0
526,0.0005056858062744141,0.136,45.6
527,0.0006945133209228516,0.131,45.6
528,0.00045228004455566406,0.125,44.800000000000004
529,0.00044465065002441406,0.116,44.400000000000006
530,0.00046443939208984375,0.112,43.6
531,0.00046944618225097656,0.108,42.800000000000004
532,0.0004279613494873047,0.101,41.6
533,0.00042510032653808594,0.101,40.400000000000006
534,0.0005006790161132812,0.101,39.2
535,0.0010120868682861328,0.101,37.6
536,0.0005018711090087891,0.101,36.0
537,0.0019030570983886719,0.101,34.4
538,0.0006401538848876953,0.101,32.800000000000004
539,0.001575469970703125,0.101,30.8
540,0.0006058216094970703,0.101,28.8
541,0.0017440319061279297,0.101,26.400000000000002
542,0.0015137195587158203,0.101,24.400000000000002
543,0.0006148815155029297,0.101,22.0
544,0.001867055892944336,0.101,19.6
545,0.0009701251983642578,0.101,17.6
546,0.0015218257904052734,0.101,15.200000000000001
547,0.001405954360961914,0.101,12.8
548,0.0008382797241210938,0.101,10.4
549,0.001378774642944336,0.101,8.0
550,0.0012979507446289062,0.101,6.0
551,0.0012066364288330078,0.101,3.6
552,0.0019676685333251953,0.101,1.6
553,0.00067138671875,0.101,-0.4
554,0.002135038375854492,0.101,-2.0
555,0.0016813278198242188,0.101,-3.6
556,0.0017046928405761719,0.101,-5.2
557,0.0013954639434814453,0.101,-6.4
558,0.0007908344268798828,0.101,-7.6000000000000005
559,0.0015380382537841797,0.101,-8.8
560,0.0005066394805908203,0.101,-9.600000000000001
561,0.0009133815765380859,0.101,-10.0
562,0.0026526451110839844,0.101,-10.4
563,0.0010981559753417969,0.101,-10.8
564,0.0008044242858886719,0.101,-10.8
565,0.00041937828063964844,0.101,-10.4
566,0.0008070468902587891,0.101,-10.0
567,0.0016787052154541016,0.101,-9.600000000000001
568,0.0016787052154541016,0.101,-9.600000000000001
569,0.0005247592926025391,0.101,-8.8
570,0.0006992816925048828,0.101,-7.6000000000000005
571,0.0008046627044677734,0.101,-6.4
572,0.000690460205078125,0.101,-5.2
573,0.0010597705841064453,0.101,-3.6
574,0.0009706020355224609,0.101,-2.0
575,0.0014357566833496094,0.101,-0.4
576,0.0007131099700927734,0.101,1.6
577,0.0014219284057617188,0.101,3.2
578,0.0006840229034423828,0.101,5.2
579,0.0025131702423095703,0.101,7.6000000000000005
580,0.0005419254302978516,0.101,9.600000000000001
581,0.002077817916870117,0.101,11.600000000000001
582,0.0006208419799804688,0.101,14.0
583,0.0017142295837402344,0.101,16.0
584,0.0017197132110595703,0.101,18.0
585,0.0013763904571533203,0.101,20.0
586,0.0019078254699707031,0.101,22.400000000000002
587,0.0008139610290527344,0.101,24.0
588,0.0023910999298095703,0.101,26.0
589,0.0008058547973632812,0.101,27.6
590,0.001980304718017578,0.101,29.6
591,0.0013165473937988281,0.101,30.8
592,0.0006506443023681641,0.101,32.4
593,0.0008525848388671875,0.101,33.6
594,0.0011599063873291016,0.101,34.800000000000004
595,0.0007436275482177734,0.101,36.0
596,0.0007555484771728516,0.101,36.800000000000004
597,0.0004889965057373047,0.101,37.2
598,0.00047707557678222656,0.101,37.6
599,0.0005445480346679688,0.101,38.0
600,0.00058746337890625,0.101,38.0
601,0.0011074542999267578,0.101,38.0
602,0.0014121532440185547,0.101,38.0
603,0.0006630420684814453,0.101,37.6
604,0.0017817020416259766,0.101,37.2
605,0.0019092559814453125,0.101,36.4
606,0.0009322166442871094,0.101,35.6
607,0.00156402587890625,0.101,34.4
608,0.0005047321319580078,0.101,33.2
609,0.0013740062713623047,0.101,32.0
610,0.0005180835723876953,0.101,30.8
611,0.0008208751678466797,0.101,29.200000000000003
612,0.0004923343658447266,0.101,27.6
613,0.0011224746704101562,0.101,25.6
614,0.0008149147033691406,0.101,24.0
615,0.0008118152618408203,0.101,22.0
616,0.0007660388946533203,0.101,20.400000000000002
617,0.0006074905395507812,0.101,18.400000000000002
618,0.000759124755859375,0.101,16.400000000000002
619,0.0017361640930175781,0.101,14.4
620,0.0008211135864257812,0.101,12.4
621,0.0021135807037353516,0.101,10.4
622,0.0012733936309814453,0.101,8.4
623,0.002370119094848633,0.101,6.800000000000001
624,0.0009200572967529297,0.101,4.800000000000001
625,0.0020477771759033203,0.101,3.2
626,0.0014412403106689453,0.101,1.6
627,0.0007076263427734375,0.101,0.0
628,0.0018150806427001953,0.101,-1.2000000000000002
629,0.0006961822509765625,0.101,-2.4000000000000004
630,0.0016148090362548828,0.101,-3.6
631,0.0006070137023925781,0.101,-4.800000000000001
632,0.0024259090423583984,0.101,-5.6000000000000005
633,0.0008099079132080078,0.101,-6.0
634,0.0012249946594238281,0.101,-6.800000000000001
635,0.0005829334259033203,0.101,-7.2
636,0.0006721019744873047,0.101,-7.2
637,0.00044345855712890625,0.101,-7.2
638,0.0008113384246826172,0.101,-7.2
639,0.0005495548248291016,0.101,-6.800000000000001
640,0.0021352767944335938,0.101,-6.4
641,0.0014052391052246094,0.101,-5.6000000000000005
642,0.0013484954833984375,0.101,-4.800000000000001
643,0.0011444091796875,0.101,-4.0
644,0.0015308856964111328,0.101,-2.8000000000000003
645,0.0016226768493652344,0.101,-1.6
646,0.0007786750793457031,0.101,-0.4
647,0.0019464492797851562,0.101,1.2000000000000002
648,0.0007636547088623047,0.101,2.8000000000000003
649,0.002094745635986328,0.101,4.4
650,0.0014731884002685547,0.101,6.0
651,0.0012941360473632812,0.101,7.6000000000000005
652,0.0013861656188964844,0.101,9.600000000000001
653,0.002561330795288086,0.101,11.200000000000001
654,0.0007796287536621094,0.101,13.200000000000001
655,0.001508474349975586,0.101,15.200000000000001
656,0.0010936260223388672,0.101,16.8
657,0.0012993812561035156,0.101,18.8
658,0.000640869140625,0.103,20.400000000000002
659,0.000255584716796875,0.106,22.0
660,0.0006206035614013672,0.108,23.6
661,0.0009248256683349609,0.108,25.200000000000003
662,0.0008091926574707031,0.11,26.8
663,0.0006997585296630859,0.11,28.0
664,0.0008375644683837891,0.11,29.200000000000003
665,0.0010495185852050781,0.11,30.400000000000002
666,0.001950979232788086,0.11,31.6
667,0.000804901123046875,0.11,32.4
668,0.001870870590209961,0.11,33.2
669,0.0007028579711914062,0.11,33.6
670,0.0021986961364746094,0.11,34.4
671,0.0020830631256103516,0.11,34.4
672,0.0004851818084716797,0.112,34.800000000000004
673,0.0012600421905517578,0.112,34.800000000000004
674,0.0007417201995849609,0.112,34.800000000000004
675,0.0006961822509765625,0.114,34.4
676,0.0006182193756103516,0.114,34.4
677,0.0010981559753417969,0.114,34.0
678,0.0008249282836914062,0.114,33.2
679,0.0014178752899169922,0.114,32.4
680,0.0006566047668457031,0.114,31.6
681,0.002123594284057617,0.114,30.8
682,0.0007369518280029297,0.114,30.0
683,0.0012755393981933594,0.114,28.8
684,0.0007245540618896484,0.114,27.6
685,0.0012061595916748047,0.114,26.400000000000002
686,0.0006349086761474609,0.114,24.8
687,0.0012905597686767578,0.114,23.6
688,0.0017802715301513672,0.114,22.0
689,0.0023145675659179688,0.114,20.8
690,0.0013554096221923828,0.114,19.200000000000003
691,0.0008656978607177734,0.114,17.6
692,0.0010268688201904297,0.112,16.400000000000002
693,0.0004646778106689453,0.108,14.8
694,0.0004646778106689453,0.106,14.8
695,0.0005044937133789062,0.103,13.600000000000001
696,0.0010097026824951172,0.101,12.0
697,0.0005943775177001953,0.097,10.8
698,0.0005514621734619141,0.097,9.200000000000001
699,0.0006377696990966797,0.097,8.0
700,0.0006277561187744141,0.097,6.800000000000001
701,0.0008206367492675781,0.097,6.0
702,0.0009684562683105469,0.097,4.800000000000001
703,0.0012993812561035156,0.097,4.0
704,0.0006802082061767578,0.097,3.2
705,0.0015552043914794922,0.097,2.4000000000000004
706,0.0019230842590332031,0.097,1.6
707,0.0007786750793457031,0.097,1.2000000000000002
708,0.001882791519165039,0.097,0.8
709,0.0012700557708740234,0.097,0.4
710,0.0006098747253417969,0.097,0.0
711,0.0022153854370117188,0.097,0.0
712,0.0010836124420166016,0.097,0.0
713,0.002008676528930664,0.097,0.4
714,0.0006089210510253906,0.097,0.4
715,0.0019211769104003906,0.097,0.8
716,0.001966714859008789,0.097,1.2000000000000002
717,0.0005693435668945312,0.097,1.6
718,0.0023164749145507812,0.097,2.4000000000000004
719,0.000591278076171875,0.097,3.2
720,0.001649618148803711,0.097,4.0
721,0.0007901191711425781,0.097,4.800000000000001
722,0.002231121063232422,0.097,6.0
723,0.0009603500366210938,0.099,6.800000000000001
724,0.0003731250762939453,0.101,8.0
725,0.0007126331329345703,0.106,9.200000000000001
726,0.0006284713745117188,0.106,10.4
727,0.0006048679351806641,0.108,11.600000000000001
728,0.0012662410736083984,0.108,12.8
729,0.0005064010620117188,0.11,14.0
730,0.0005581378936767578,0.119,15.200000000000001
731,0.00046539306640625,0.127,16.400000000000002
732,0.0005176067352294922,0.134,17.6
733,0.0004825592041015625,0.136,18.8
734,0.0005218982696533203,0.14,19.6
735,0.0006802082061767578,0.142,20.8
736,0.00044083595275878906,0.147,22.0
737,0.0004570484161376953,0.149,23.200000000000003
738,0.0004315376281738281,0.151,24.0
739,0.0004367828369140625,0.151,25.200000000000003
740,0.0005733966827392578,0.151,26.0
741,0.001013040542602539,0.151,26.8
742,0.0014786720275878906,0.151,27.6
743,0.0007452964782714844,0.151,28.400000000000002
744,0.0014793872833251953,0.151,29.6
745,0.0004451274871826172,0.155,30.0
746,0.0010387897491455078,0.155,30.8
747,0.0007736682891845703,0.155,31.6
748,0.0014672279357910156,0.155,32.4
749,0.001249551773071289,0.155,32.800000000000004
750,0.0015301704406738281,0.155,33.2
751,0.001107931137084961,0.155,34.0
752,0.0014963150024414062,0.155,34.4
753,0.0007314682006835938,0.155,34.800000000000004
754,0.0020685195922851562,0.155,35.2
755,0.0013613700866699219,0.155,35.2
756,0.0006952285766601562,0.155,35.6
757,0.0015704631805419922,0.155,35.6
758,0.0019888877868652344,0.155,35.6
759,0.0013892650604248047,0.155,36.0
760,0.0018808841705322266,0.155,35.6
761,0.002446413040161133,0.155,35.6
762,0.002234220504760742,0.155,35.6
763,0.0006954669952392578,0.155,35.2
764,0.00045013427734375,0.157,35.2
765,0.0003349781036376953,0.162,34.800000000000004
766,0.0005786418914794922,0.168,34.4
767,0.00046896934509277344,0.17,34.0
768,0.00048232078552246094,0.17,33.6
769,0.0004439353942871094,0.175,32.800000000000004
770,0.0004329681396484375,0.175,32.4
771,0.0004994869232177734,0.175,32.0
772,0.00130462646484375,0.175,31.200000000000003
773,0.0005030632019042969,0.179,30.8
774,0.0004611015319824219,0.179,30.0
775,0.0006377696990966797,0.179,29.6
776,0.0007305145263671875,0.181,29.200000000000003
777,0.00048804283142089844,0.183,28.400000000000002
778,0.0010428428649902344,0.183,28.0
779,0.0006830692291259766,0.185,27.6
780,0.0005087852478027344,0.185,27.200000000000003
781,0.00046539306640625,0.185,26.8
782,0.0019354820251464844,0.185,26.8
783,0.0006318092346191406,0.185,26.400000000000002
784,0.0016834735870361328,0.185,26.400000000000002
785,0.0004305839538574219,0.19,26.0
786,0.0004589557647705078,0.19,26.0
787,0.0016713142395019531,0.19,26.0
788,0.0011515617370605469,0.19,26.400000000000002
789,0.0004012584686279297,0.194,26.400000000000002
790,0.00061798095703125,0.194,26.8
791,0.0006492137908935547,0.194,26.8
792,0.0004897117614746094,0.196,27.200000000000003
793,0.0010395050048828125,0.198,28.0
794,0.0005099773406982422,0.198,28.400000000000002
795,0.0006966590881347656,0.198,28.8
796,0.0005521774291992188,0.2,29.6
797,0.00030732154846191406,0.203,30.0
798,0.0006768703460693359,0.203,30.8
799,0.0005712509155273438,0.203,31.6
800,0.0004134178161621094,0.205,32.4
801,0.0005135536193847656,0.211,33.6
802,0.0004563331604003906,0.216,34.4
803,0.00041961669921875,0.216,35.2
804,0.00039768218994140625,0.216,36.4
805,0.00055694580078125,0.218,37.2
806,0.0005667209625244141,0.22,38.400000000000006
807,0.0007710456848144531,0.22,39.6
808,0.0011167526245117188,0.22,40.400000000000006
809,0.0009510517120361328,0.22,41.6
810,0.0016460418701171875,0.22,42.800000000000004
811,0.0010788440704345703,0.216,44.0
812,0.0011723041534423828,0.211,45.2
813,0.0006618499755859375,0.188,46.400000000000006
814,0.0006964206695556641,0.172,47.6
815,0.0004966259002685547,0.157,48.800000000000004
816,0.00043702125549316406,0.153,50.0
817,0.0004928112030029297,0.153,51.2
818,0.0004603862762451172,0.149,52.400000000000006
819,0.0006632804870605469,0.147,53.6
820,0.000476837158203125,0.144,54.400000000000006
821,0.00048041343688964844,0.144,55.2
822,0.00102996826171875,0.144,56.0
823,0.0007946491241455078,0.144,56.400000000000006
824,0.0017659664154052734,0.144,56.800000000000004
825,0.0020148754119873047,0.144,56.800000000000004
826,0.0006763935089111328,0.144,56.800000000000004
827,0.0022673606872558594,0.144,56.400000000000006
828,0.0014736652374267578,0.144,56.0
829,0.0006239414215087891,0.144,55.2
830,0.001348257064819336,0.144,54.400000000000006
831,0.0005650520324707031,0.144,53.6
832,0.0015437602996826172,0.144,52.400000000000006
833,0.0006113052368164062,0.144,50.800000000000004
834,0.0019066333770751953,0.144,49.6
835,0.0005521774291992188,0.144,47.6
836,0.0014617443084716797,0.144,46.0
837,0.0006394386291503906,0.144,44.0
838,0.0021224021911621094,0.144,42.0
839,0.0005984306335449219,0.144,40.0
840,0.0019958019256591797,0.144,37.6
841,0.0005846023559570312,0.144,35.2
842,0.0014159679412841797,0.144,32.800000000000004
843,0.0008881092071533203,0.144,30.400000000000002
844,0.0011510848999023438,0.144,28.0
845,0.001672983169555664,0.144,25.200000000000003
846,0.0007536411285400391,0.144,22.8
847,0.0012586116790771484,0.144,20.400000000000002
848,0.0006251335144042969,0.144,18.0
849,0.0014066696166992188,0.144,15.600000000000001
850,0.003261089324951172,0.144,13.200000000000001
851,0.0013248920440673828,0.144,11.200000000000001
852,0.0007567405700683594,0.144,8.8
853,0.0014548301696777344,0.144,6.800000000000001
854,0.001394033432006836,0.144,5.2
855,0.0005731582641601562,0.144,3.6
856,0.0020172595977783203,0.144,2.0
857,0.001321554183959961,0.144,0.8
858,0.001321554183959961,0.147,0.8
859,0.00046753883361816406,0.151,-0.4
860,0.0003654956817626953,0.151,-1.6
861,0.0007736682891845703,0.151,-2.4000000000000004
862,0.0007486343383789062,0.151,-2.8000000000000003
863,0.0008931159973144531,0.153,-3.2
864,0.00044918060302734375,0.155,-3.2
865,0.0006210803985595703,0.155,-3.2
866,0.0007531642913818359,0.155,-2.8000000000000003
867,0.0010018348693847656,0.155,-2.0
868,0.0036182403564453125,0.155,-1.2000000000000002
869,0.0007634162902832031,0.155,-0.4
870,0.0005612373352050781,0.157,0.8
871,0.0007765293121337891,0.157,2.0
872,0.002218961715698242,0.157,3.6
873,0.0020782947540283203,0.157,5.6000000000000005
874,0.0017209053039550781,0.157,7.2
875,0.001451253890991211,0.157,9.200000000000001
876,0.0007519721984863281,0.157,11.600000000000001
877,0.0019712448120117188,0.157,13.600000000000001
878,0.0008268356323242188,0.157,16.0
879,0.0015530586242675781,0.157,18.400000000000002
880,0.0019834041595458984,0.157,20.8
881,0.0008084774017333984,0.157,23.200000000000003
882,0.0014903545379638672,0.157,26.0
883,0.00066375732421875,0.157,28.400000000000002
884,0.0019686222076416016,0.157,30.8
885,0.0005946159362792969,0.157,33.2
886,0.0014624595642089844,0.157,35.6
887,0.0006129741668701172,0.157,38.0
888,0.0019268989562988281,0.157,40.0
889,0.0005891323089599609,0.157,42.400000000000006
890,0.0022726058959960938,0.157,44.400000000000006
891,0.0006978511810302734,0.157,46.0
892,0.0023326873779296875,0.157,48.0
893,0.0009241104125976562,0.157,49.6
894,0.0013031959533691406,0.157,51.2
895,0.0009377002716064453,0.157,52.400000000000006
896,0.0014183521270751953,0.157,53.6
897,0.0006160736083984375,0.157,54.400000000000006
898,0.0021691322326660156,0.157,55.2
899,0.0013778209686279297,0.157,56.0
900,0.0006906986236572266,0.157,56.400000000000006
901,0.0016474723815917969,0.157,56.800000000000004
902,0.00044465065002441406,0.155,56.800000000000004
903,0.0022377967834472656,0.155,56.800000000000004
904,0.0019462108612060547,0.155,56.400000000000006
905,0.0007846355438232422,0.155,56.0
906,0.0015845298767089844,0.155,55.2
907,0.0005960464477539062,0.155,54.800000000000004
908,0.002131938934326172,0.155,53.6
909,0.0012273788452148438,0.155,52.800000000000004
910,0.0006062984466552734,0.155,51.6
911,0.002332925796508789,0.153,50.0
912,0.0005841255187988281,0.153,48.800000000000004
913,0.0011723041534423828,0.153,47.2
914,0.0018367767333984375,0.153,45.2
915,0.0014548301696777344,0.153,43.6
916,0.0020041465759277344,0.153,41.6
917,0.0013315677642822266,0.153,39.6
918,0.0009732246398925781,0.153,37.6
919,0.002564668655395508,0.153,35.2
920,0.0013697147369384766,0.153,33.2
921,0.0006554126739501953,0.153,30.8
922,0.0019392967224121094,0.153,28.8
923,0.002089977264404297,0.153,26.400000000000002
924,0.0006303787231445312,0.153,24.400000000000002
925,0.0014340877532958984,0.153,22.0
926,0.0020155906677246094,0.153,20.0
927,0.0013387203216552734,0.153,18.0
928,0.0019099712371826172,0.153,16.0
929,0.0014073848724365234,0.153,14.0
930,0.002454042434692383,0.153,12.0
931,0.00128936767578125,0.153,10.4
932,0.0006721019744873047,0.153,8.8
933,0.0016567707061767578,0.153,7.6000000000000005
934,0.0005953311920166016,0.153,6.0
935,0.0016367435455322266,0.153,5.2
936,0.0006871223449707031,0.153,4.0
937,0.002084493637084961,0.153,3.6
938,0.0006170272827148438,0.153,2.8000000000000003
939,0.00225830078125,0.153,2.4000000000000004
940,0.0006968975067138672,0.153,2.4000000000000004
941,0.0012593269348144531,0.153,2.4000000000000004
942,0.0005497932434082031,0.153,2.8000000000000003
943,0.0013554096221923828,0.153,3.2
944,0.001817941665649414,0.153,3.6
945,0.0007379055023193359,0.153,4.4
946,0.0014781951904296875,0.153,5.2
947,0.0005156993865966797,0.153,6.4
948,0.0006928443908691406,0.153,7.6000000000000005
949,0.0012617111206054688,0.153,8.8
950,0.0023081302642822266,0.153,10.4
951,0.0006840229034423828,0.153,12.0
952,0.0025980472564697266,0.153,13.600000000000001
953,0.0006048679351806641,0.153,15.600000000000001
954,0.002058267593383789,0.153,17.2
955,0.0007874965667724609,0.153,19.200000000000003
956,0.0016701221466064453,0.153,21.200000000000003
957,0.0005896091461181641,0.153,23.200000000000003
958,0.001338958740234375,0.153,25.200000000000003
959,0.0006215572357177734,0.153,27.200000000000003
960,0.002394437789916992,0.153,29.200000000000003
961,0.001373291015625,0.153,31.200000000000003
962,0.0006315708160400391,0.153,33.2
963,0.0012421607971191406,0.153,34.800000000000004
964,0.001676321029663086,0.153,36.800000000000004
965,0.0013675689697265625,0.153,38.400000000000006
966,0.002478361129760742,0.153,40.0
967,0.0012359619140625,0.153,41.6
968,0.0007507801055908203,0.153,43.2
969,0.0018610954284667969,0.153,44.400000000000006
970,0.0006456375122070312,0.153,45.6
971,0.0013189315795898438,0.153,46.800000000000004
972,0.0011360645294189453,0.153,47.6
973,0.0013976097106933594,0.153,48.400000000000006
974,0.0014286041259765625,0.153,48.800000000000004
975,0.0017445087432861328,0.153,49.6
976,0.00156402587890625,0.153,49.6
977,0.0016715526580810547,0.153,50.0
978,0.0015482902526855469,0.153,50.0
979,0.0006430149078369141,0.153,50.0
980,0.0019273757934570312,0.153,49.6
981,0.0007524490356445312,0.153,49.2
982,0.0025255680084228516,0.153,48.800000000000004
983,0.0005650520324707031,0.153,48.0
984,0.001276254653930664,0.153,47.2
985,0.0005738735198974609,0.153,46.400000000000006
986,0.002007007598876953,0.153,45.2
987,0.0006453990936279297,0.153,44.0
988,0.0019788742065429688,0.153,42.800000000000004
989,0.0013561248779296875,0.153,41.6
990,0.0006406307220458984,0.153,40.0
991,0.0021178722381591797,0.153,38.400000000000006
992,0.0006301403045654297,0.153,36.800000000000004
993,0.002145528793334961,0.153,35.2
994,0.0006139278411865234,0.153,33.6
995,0.0016689300537109375,0.153,31.6
996,0.0007460117340087891,0.153,30.0
997,0.0016527175903320312,0.153,28.0
998,0.0006375312805175781,0.153,26.400000000000002
999,0.0017061233520507812,0.153,24.400000000000002
1000,0.0017061233520507812,0.153,24.400000000000002
1001,0.0006365776062011719,0.153,22.8
1002,0.0015249252319335938,0.153,21.200000000000003
1003,0.0011320114135742188,0.153,19.6
1004,0.0006709098815917969,0.153,18.0
1005,0.0017235279083251953,0.153,16.400000000000002
1006,0.0006508827209472656,0.153,14.8
1007,0.001711130142211914,0.153,13.600000000000001
1008,0.0009579658508300781,0.153,12.4
1009,0.0025844573974609375,0.153,11.200000000000001
1010,0.0005774497985839844,0.153,10.4
1011,0.0014753341674804688,0.153,9.600000000000001
1012,0.001939535140991211,0.153,8.8
1013,0.0013873577117919922,0.153,8.4
1014,0.0024619102478027344,0.153,8.0
1015,0.0013129711151123047,0.153,7.6000000000000005
1016,0.0006608963012695312,0.153,7.6000000000000005
1017,0.001917123794555664,0.153,7.6000000000000005
1018,0.0007092952728271484,0.153,8.0
1019,0.0020732879638671875,0.153,8.0
1020,0.0012857913970947266,0.153,8.8
1021,0.0006248950958251953,0.153,9.200000000000001
1022,0.002016305923461914,0.153,10.0
1023,0.0013294219970703125,0.153,10.8
1024,0.0007541179656982422,0.153,12.0
1025,0.0017075538635253906,0.153,12.8
1026,0.003935337066650391,0.153,14.0
1027,0.0012161731719970703,0.153,15.600000000000001
1028,0.0025992393493652344,0.153,16.8
1029,0.0016531944274902344,0.153,18.0
1030,0.0019626617431640625,0.153,19.6
1031,0.0014848709106445312,0.153,21.200000000000003
1032,0.0013132095336914062,0.153,22.8
1033,0.001302480697631836,0.153,24.400000000000002
1034,0.0009241104125976562,0.153,25.6
1035,0.0014948844909667969,0.153,27.200000000000003
1036,0.0006880760192871094,0.153,28.8
1037,0.0018799304962158203,0.153,30.400000000000002
1038,0.0007059574127197266,0.153,32.0
1039,0.0019240379333496094,0.153,33.2
1040,0.001001596450805664,0.153,34.800000000000004
1041,0.0016214847564697266,0.153,36.0
1042,0.00091552734375,0.153,37.2
1043,0.0014376640319824219,0.153,38.400000000000006
1044,0.0008695125579833984,0.153,39.6
1045,0.001474618911743164,0.153,40.400000000000006
1046,0.0007603168487548828,0.153,41.6
1047,0.001775503158569336,0.153,42.400000000000006
1048,0.0008387565612792969,0.153,42.800000000000004
1049,0.001964569091796875,0.153,43.6
1050,0.0006232261657714844,0.153,44.0
1051,0.0027213096618652344,0.153,44.400000000000006
1052,0.0006155967712402344,0.153,44.400000000000006
1053,0.002230405807495117,0.153,44.800000000000004
1054,0.0015649795532226562,0.153,44.800000000000004
1055,0.0006496906280517578,0.153,44.400000000000006
1056,0.0021524429321289062,0.153,44.400000000000006
1057,0.0005886554718017578,0.153,44.0
1058,0.001344919204711914,0.153,43.6
1059,0.0010552406311035156,0.153,43.2
1060,0.0007395744323730469,0.153,42.400000000000006
1061,0.0014338493347167969,0.153,41.6
1062,0.0009508132934570312,0.153,40.800000000000004
1063,0.0006840229034423828,0.153,40.0
1064,0.0016367435455322266,0.153,38.800000000000004
1065,0.0006871223449707031,0.153,37.6
1066,0.002242565155029297,0.153,36.800000000000004
1067,0.0017125606536865234,0.153,35.6
1068,0.0017580986022949219,0.153,34.4
1069,0.0013430118560791016,0.153,32.800000000000004
1070,0.0018930435180664062,0.153,31.6
1071,0.0013279914855957031,0.153,30.400000000000002
1072,0.0007078647613525391,0.153,28.8
1073,0.0014300346374511719,0.153,27.6
1074,0.0019903182983398438,0.153,26.0
1075,0.0013828277587890625,0.153,24.8
1076,0.0019843578338623047,0.153,23.6
1077,0.0014529228210449219,0.153,22.400000000000002
1078,0.001123189926147461,0.153,20.8
1079,0.0006604194641113281,0.153,19.6
1080,0.0014922618865966797,0.153,18.8
1081,0.0005805492401123047,0.153,17.6
1082,0.0014386177062988281,0.153,16.8
1083,0.0013277530670166016,0.153,15.600000000000001
1084,0.0006146430969238281,0.153,14.8
1085,0.0020568370819091797,0.153,14.0
1086,0.0007452964782714844,0.153,13.600000000000001
1087,0.002353668212890625,0.153,13.200000000000001
1088,0.0007522106170654297,0.153,12.8
1089,0.002118349075317383,0.153,12.4
1090,0.0005726814270019531,0.153,12.0
1091,0.002094268798828125,0.153,12.0
1092,0.00055694580078125,0.153,12.0
1093,0.0020821094512939453,0.153,12.4
1094,0.0006601810455322266,0.153,12.4
1095,0.0018088817596435547,0.153,12.8
1096,0.0006937980651855469,0.153,13.200000000000001
1097,0.0017840862274169922,0.153,14.0
1098,0.0006718635559082031,0.153,14.4
1099,0.0020220279693603516,0.153,15.200000000000001
1100,0.0006113052368164062,0.153,16.0
1101,0.0014269351959228516,0.153,16.8
1102,0.0005745887756347656,0.153,18.0
1103,0.0018889904022216797,0.153,18.8
1104,0.0005726814270019531,0.153,20.0
1105,0.0022230148315429688,0.153,21.200000000000003
1106,0.0007905960083007812,0.153,22.400000000000002
1107,0.0013625621795654297,0.153,23.6
1108,0.0006878376007080078,0.153,24.8
1109,0.0008521080017089844,0.153,26.0
1110,0.0006835460662841797,0.153,27.200000000000003
1111,0.0014281272888183594,0.153,28.400000000000002
1112,0.0006840229034423828,0.153,29.6
1113,0.0019674301147460938,0.153,30.400000000000002
1114,0.0008132457733154297,0.153,31.6
1115,0.0020029544830322266,0.153,32.800000000000004
1116,0.00048089027404785156,0.153,33.6
1117,0.0005288124084472656,0.153,34.800000000000004
1118,0.0005848407745361328,0.149,35.6
1119,0.0005934238433837891,0.149,36.4
1120,0.0006258487701416016,0.147,37.2
1121,0.00052642822265625,0.144,38.0
1122,0.00047659873962402344,0.144,38.400000000000006
1123,0.0006573200225830078,0.142,39.2
1124,0.0014176368713378906,0.142,39.6
1125,0.0007243156433105469,0.14,40.0
1126,0.00034737586975097656,0.136,40.0
1127,0.00034737586975097656,0.136,40.0
1128,0.0008950233459472656,0.136,40.400000000000006
1129,0.0015168190002441406,0.136,40.400000000000006
1130,0.0013127326965332031,0.136,40.0
1131,0.0013806819915771484,0.136,40.0
1132,0.002668619155883789,0.136,39.6
1133,0.0008716583251953125,0.136,39.2
1134,0.0015211105346679688,0.136,38.800000000000004
1135,0.0010271072387695312,0.136,38.0
1136,0.0008804798126220703,0.136,37.2
1137,0.0015380382537841797,0.136,36.4
1138,0.0009553432464599609,0.136,35.6
1139,0.0019812583923339844,0.136,34.4
1140,0.0007948875427246094,0.136,33.2
1141,0.0019006729125976562,0.136,32.0
1142,0.0007505416870117188,0.136,30.8
1143,0.0023653507232666016,0.136,29.6
1144,0.000461578369140625,0.136,28.0
1145,0.0009362697601318359,0.136,26.8
1146,0.0008463859558105469,0.136,25.200000000000003
1147,0.0017838478088378906,0.136,24.0
1148,0.0007026195526123047,0.136,22.400000000000002
1149,0.0021681785583496094,0.136,21.200000000000003
1150,0.0015909671783447266,0.136,19.6
1151,0.0007333755493164062,0.136,18.400000000000002
1152,0.0017323493957519531,0.136,16.8
1153,0.0007979869842529297,0.136,15.600000000000001
1154,0.0019006729125976562,0.136,14.4
1155,0.0007379055023193359,0.136,13.200000000000001
1156,0.002135753631591797,0.136,12.0
1157,0.0007748603820800781,0.136,10.8
1158,0.0015590190887451172,0.136,10.0
1159,0.0005648136138916016,0.136,9.200000000000001
1160,0.001659393310546875,0.136,8.4
1161,0.0006506443023681641,0.136,7.6000000000000005
1162,0.0021638870239257812,0.136,7.2
1163,0.0007867813110351562,0.136,6.800000000000001
1164,0.0019342899322509766,0.136,6.4
1165,0.0007872581481933594,0.136,6.4
1166,0.0022439956665039062,0.136,6.4
1167,0.0014677047729492188,0.136,6.4
1168,0.0009846687316894531,0.136,6.4
1169,0.0016379356384277344,0.136,6.800000000000001
1170,0.0006122589111328125,0.136,7.2
1171,0.0021877288818359375,0.136,8.0
1172,0.0010881423950195312,0.136,8.4
1173,0.0010035037994384766,0.136,9.200000000000001
1174,0.0013115406036376953,0.136,10.0
1175,0.0030951499938964844,0.136,10.8
1176,0.0013480186462402344,0.136,12.0
1177,0.0018990039825439453,0.136,13.200000000000001
1178,0.0016641616821289062,0.136,14.0
1179,0.000606536865234375,0.136,15.200000000000001
1180,0.0006160736083984375,0.136,16.400000000000002
1181,0.0013489723205566406,0.136,18.0
1182,0.001550912857055664,0.136,19.200000000000003
1183,0.0017304420471191406,0.136,20.400000000000002
1184,0.0020029544830322266,0.136,21.6
1185,0.002054452896118164,0.136,22.8
1186,0.0010704994201660156,0.136,24.400000000000002
1187,0.0018734931945800781,0.136,25.6
1188,0.0008580684661865234,0.136,26.8
1189,0.0015225410461425781,0.136,28.0
1190,0.0006291866302490234,0.136,28.8
1191,0.0019419193267822266,0.136,30.0
1192,0.0006840229034423828,0.136,31.200000000000003
1193,0.0012569427490234375,0.136,32.0
1194,0.0005815029144287109,0.136,32.800000000000004
1195,0.0019903182983398438,0.136,33.6
1196,0.0016820430755615234,0.136,34.4
1197,0.0007481575012207031,0.136,34.800000000000004
1198,0.0018863677978515625,0.136,35.2
1199,0.0007545948028564453,0.136,35.6
1200,0.003962278366088867,0.138,36.0
1201,0.0006146430969238281,0.14,36.0
1202,0.0004665851593017578,0.142,36.4
1203,0.0004863739013671875,0.144,36.0
1204,0.00030922889709472656,0.144,36.0
1205,0.0004971027374267578,0.147,36.0
1206,0.000438690185546875,0.147,35.6
1207,0.0017209053039550781,0.147,35.2
1208,0.0004744529724121094,0.147,34.800000000000004
1209,0.0005090236663818359,0.147,34.0
1210,0.0018968582153320312,0.147,33.6
1211,0.0005686283111572266,0.147,32.800000000000004
1212,0.0013620853424072266,0.149,32.0
1213,0.0004954338073730469,0.149,31.200000000000003
1214,0.00029921531677246094,0.151,30.400000000000002
1215,0.0006093978881835938,0.151,29.6
1216,0.00044465065002441406,0.153,28.8
1217,0.0005166530609130859,0.153,28.0
1218,0.00043773651123046875,0.157,27.200000000000003
1219,0.0014202594757080078,0.157,26.0
1220,0.0008900165557861328,0.157,25.200000000000003
1221,0.0005600452423095703,0.157,24.400000000000002
1222,0.0017580986022949219,0.157,23.200000000000003
1223,0.0014567375183105469,0.157,22.400000000000002
1224,0.0013265609741210938,0.157,21.6
1225,0.0007932186126708984,0.157,20.8
1226,0.0016853809356689453,0.157,20.0
1227,0.001295328140258789,0.157,19.6
1228,0.001210927963256836,0.159,18.8
1229,0.001318216323852539,0.159,18.400000000000002
1230,0.0005905628204345703,0.159,18.0
1231,0.00127410888671875,0.159,17.2
1232,0.0008358955383300781,0.159,17.2
1233,0.0014688968658447266,0.159,16.8
1234,0.0013573169708251953,0.159,16.8
1235,0.0013396739959716797,0.159,16.400000000000002
1236,0.0035920143127441406,0.159,16.400000000000002
1237,0.001085519790649414,0.159,16.8
1238,0.0009284019470214844,0.159,16.8
1239,0.0013294219970703125,0.159,17.2
1240,0.0006387233734130859,0.159,17.2
1241,0.0014383792877197266,0.159,17.6
1242,0.0005998611450195312,0.159,18.400000000000002
1243,0.001840353012084961,0.159,18.8
1244,0.000568389892578125,0.159,19.200000000000003
1245,0.0018451213836669922,0.159,20.0
1246,0.0007402896881103516,0.159,20.8
1247,0.0017495155334472656,0.159,21.6
1248,0.0009174346923828125,0.159,22.400000000000002
1249,0.0015749931335449219,0.159,23.200000000000003
1250,0.0012514591217041016,0.159,24.0
1251,0.0008242130279541016,0.159,24.8
1252,0.0017087459564208984,0.159,26.0
1253,0.0010118484497070312,0.159,26.8
1254,0.0029191970825195312,0.159,27.6
1255,0.0006284713745117188,0.159,28.8
1256,0.002221345901489258,0.159,29.6
1257,0.0006089210510253906,0.159,30.400000000000002
1258,0.0010197162628173828,0.159,31.200000000000003
1259,0.0006124973297119141,0.159,32.0
1260,0.0010941028594970703,0.159,32.800000000000004
1261,0.0005445480346679688,0.162,33.6
1262,0.0008213520050048828,0.164,34.4
1263,0.0005726814270019531,0.164,35.2
1264,0.0023648738861083984,0.164,35.6
1265,0.0005266666412353516,0.166,36.4
1266,0.0005040168762207031,0.166,36.800000000000004
1267,0.0004911422729492188,0.168,37.2
1268,0.0012693405151367188,0.168,37.6
1269,0.00127410888671875,0.168,38.0
1270,0.0020411014556884766,0.168,38.400000000000006
1271,0.0004253387451171875,0.17,38.400000000000006
1272,0.0005202293395996094,0.17,38.800000000000004
1273,0.0019092559814453125,0.17,38.800000000000004
1274,0.0009388923645019531,0.17,38.800000000000004
1275,0.0013053417205810547,0.17,38.800000000000004
1276,0.002258777618408203,0.17,38.800000000000004
1277,0.0020859241485595703,0.17,38.400000000000006
1278,0.0007679462432861328,0.17,38.400000000000006
1279,0.0018794536590576172,0.17,38.0
1280,0.0007603168487548828,0.17,38.0
1281,0.0020751953125,0.17,37.6
1282,0.0011320114135742188,0.17,37.2
1283,0.0016312599182128906,0.17,36.800000000000004
1284,0.0013260841369628906,0.17,36.4
1285,0.0012063980102539062,0.17,36.0
1286,0.0013346672058105469,0.17,35.6
1287,0.0010232925415039062,0.17,35.2
1288,0.0007457733154296875,0.17,34.4
1289,0.002710103988647461,0.17,34.0
1290,0.0007948875427246094,0.164,33.6
1291,0.0007948875427246094,0.155,33.6
1292,0.0005371570587158203,0.151,32.800000000000004
1293,0.00096893310546875,0.151,32.4
1294,0.0005307197570800781,0.147,31.6
1295,0.0004971027374267578,0.14,31.200000000000003
1296,0.0003230571746826172,0.14,30.8
1297,0.0005688667297363281,0.138,30.0
1298,0.0005204677581787109,0.138,29.6
1299,0.000743865966796875,0.138,28.8
1300,0.0006992816925048828,0.138,28.400000000000002
1301,0.0010485649108886719,0.138,27.6
1302,0.0010335445404052734,0.136,26.8
1303,0.0016798973083496094,0.134,26.400000000000002
1304,0.00046896934509277344,0.131,25.6
1305,0.0006589889526367188,0.129,24.8
1306,0.0009629726409912109,0.129,24.0
1307,0.0012829303741455078,0.129,23.200000000000003
1308,0.0018930435180664062,0.129,22.400000000000002
1309,0.0008509159088134766,0.129,21.6
1310,0.002140045166015625,0.129,21.200000000000003
1311,0.0014045238494873047,0.129,20.400000000000002
1312,0.0006709098815917969,0.129,19.6
1313,0.0012242794036865234,0.129,18.8
1314,0.0007526874542236328,0.129,18.0
1315,0.00201416015625,0.129,17.2
1316,0.0006117820739746094,0.129,16.400000000000002
1317,0.0015482902526855469,0.129,16.0
1318,0.0010654926300048828,0.129,15.200000000000001
1319,0.0006110668182373047,0.131,14.8
1320,0.0005295276641845703,0.131,14.0
1321,0.002363443374633789,0.131,13.600000000000001
1322,0.0004482269287109375,0.134,13.200000000000001
1323,0.0006368160247802734,0.134,12.8
1324,0.0002639293670654297,0.134,12.4
1325,0.00023627281188964844,0.138,12.0
1326,0.0004973411560058594,0.138,12.0
1327,0.0004944801330566406,0.138,12.0
1328,0.0010814666748046875,0.138,11.600000000000001
1329,0.0008819103240966797,0.138,11.600000000000001
1330,0.0012230873107910156,0.138,12.0
1331,0.0014262199401855469,0.138,12.0
1332,0.0005223751068115234,0.142,12.4
1333,0.0003826618194580078,0.144,12.4
1334,0.0004303455352783203,0.144,12.8
1335,0.0009167194366455078,0.144,13.200000000000001
1336,0.0010809898376464844,0.144,14.0
1337,0.001486063003540039,0.144,14.4
1338,0.0014541149139404297,0.144,15.200000000000001
1339,0.0010724067687988281,0.144,15.600000000000001
1340,0.0012094974517822266,0.144,16.400000000000002
1341,0.001802206039428711,0.144,17.2
1342,0.0007154941558837891,0.144,18.0
1343,0.0015037059783935547,0.144,18.8
1344,0.000789642333984375,0.144,19.6
1345,0.0016756057739257812,0.144,20.8
1346,0.0014493465423583984,0.144,21.6
1347,0.0009753704071044922,0.144,22.400000000000002
1348,0.0016243457794189453,0.144,23.6
1349,0.0006587505340576172,0.144,24.400000000000002
1350,0.0021011829376220703,0.144,25.200000000000003
1351,0.001463174819946289,0.144,26.400000000000002
1352,0.0007131099700927734,0.144,27.200000000000003
1353,0.002401590347290039,0.144,28.0
1354,0.0006413459777832031,0.144,28.8
1355,0.0014698505401611328,0.144,29.6
1356,0.0010826587677001953,0.144,30.400000000000002
1357,0.0006859302520751953,0.144,31.200000000000003
1358,0.0016589164733886719,0.144,31.6
1359,0.0007510185241699219,0.144,32.4
1360,0.0021653175354003906,0.144,32.800000000000004
1361,0.0010342597961425781,0.136,33.2
1362,0.0010650157928466797,0.127,33.6
1363,0.0008211135864257812,0.123,34.0
1364,0.0006453990936279297,0.119,34.0
1365,0.0003390312194824219,0.116,34.0
1366,0.0005433559417724609,0.114,34.4
1367,0.0005433559417724609,0.112,34.4
1368,0.0008845329284667969,0.11,34.0
1369,0.00046133995056152344,0.108,34.0
1370,0.0013551712036132812,0.108,33.6
1371,0.000461578369140625,0.108,33.2
1372,0.001550912857055664,0.108,32.4
1373,0.0003609657287597656,0.103,32.0
1374,0.0003421306610107422,0.103,31.200000000000003
1375,0.0005908012390136719,0.103,30.400000000000002
1376,0.0010461807250976562,0.103,29.200000000000003
1377,0.0010571479797363281,0.103,28.400000000000002
1378,0.0018146038055419922,0.103,27.200000000000003
1379,0.0015268325805664062,0.103,26.0
1380,0.0011816024780273438,0.103,24.8
1381,0.0012645721435546875,0.103,23.200000000000003
1382,0.0007641315460205078,0.103,22.0
1383,0.0016429424285888672,0.103,20.400000000000002
1384,0.0010781288146972656,0.103,19.200000000000003
1385,0.0035092830657958984,0.103,17.6
1386,0.0008411407470703125,0.103,16.0
1387,0.0011844635009765625,0.103,14.4
1388,0.0005946159362792969,0.106,12.8
1389,0.001127004623413086,0.108,11.600000000000001
1390,0.0007505416870117188,0.11,10.0
1391,0.0010411739349365234,0.11,8.8
1392,0.0008070468902587891,0.11,7.2
1393,0.0005953311920166016,0.114,6.0
1394,0.0004706382751464844,0.114,4.800000000000001
1395,0.0006647109985351562,0.114,3.6
1396,0.0004220008850097656,0.116,2.8000000000000003
1397,0.0013055801391601562,0.116,1.6
1398,0.0007596015930175781,0.116,1.2000000000000002
1399,0.004744529724121094,0.116,0.4
1400,0.000499725341796875,0.121,0.0
1401,0.001239776611328125,0.121,-0.4
1402,0.0006682872772216797,0.121,-0.8
1403,0.0020513534545898438,0.121,-0.8
1404,0.00045752525329589844,0.123,-0.8
1405,0.0007305145263671875,0.123,-0.4
1406,0.0005054473876953125,0.123,0.0
1407,0.0017709732055664062,0.123,0.4
1408,0.001644134521484375,0.123,0.8
1409,0.001295328140258789,0.125,1.6
1410,0.0012006759643554688,0.125,2.8000000000000003
1411,0.0014369487762451172,0.125,3.6
1412,0.0005977153778076172,0.127,4.800000000000001
1413,0.0007388591766357422,0.127,6.0
1414,0.0012662410736083984,0.127,7.6000000000000005
1415,0.0012333393096923828,0.127,8.8
1416,0.0006182193756103516,0.129,10.4
1417,0.0005185604095458984,0.129,12.0
1418,0.0005640983581542969,0.131,13.600000000000001
1419,0.001720428466796875,0.134,15.200000000000001
1420,0.0006701946258544922,0.138,16.8
1421,0.0006701946258544922,0.14,16.8
1422,0.000499725341796875,0.142,18.400000000000002
1423,0.0005419254302978516,0.142,20.400000000000002
1424,0.0008223056793212891,0.142,22.0
1425,0.001088857650756836,0.142,23.6
1426,0.0010879039764404297,0.142,25.200000000000003
1427,0.002275705337524414,0.142,26.8
1428,0.0014336109161376953,0.142,28.400000000000002
1429,0.0010480880737304688,0.142,30.0
1430,0.0011675357818603516,0.142,31.200000000000003
1431,0.001322031021118164,0.142,32.800000000000004
1432,0.0009889602661132812,0.142,34.0
1433,0.0006561279296875,0.142,35.2
1434,0.0016636848449707031,0.142,36.4
1435,0.0014834403991699219,0.142,37.2
1436,0.0014047622680664062,0.142,38.400000000000006
1437,0.0009279251098632812,0.142,39.2
1438,0.0015892982482910156,0.142,39.6
1439,0.0010228157043457031,0.142,40.400000000000006
1440,0.0006737709045410156,0.142,40.800000000000004
1441,0.0003838539123535156,0.138,41.2
1442,0.0006999969482421875,0.138,41.6
1443,0.0004642009735107422,0.134,41.6
1444,0.00035834312438964844,0.129,41.6
1445,0.0005559921264648438,0.129,41.6
1446,0.00047206878662109375,0.127,41.2
1447,0.000457763671875,0.123,40.400000000000006
1448,0.0010554790496826172,0.123,39.6
1449,0.0006225109100341797,0.121,38.800000000000004
1450,0.0004596710205078125,0.119,38.0
1451,0.0006182193756103516,0.116,37.2
1452,0.0004851818084716797,0.112,36.0
1453,0.0009708404541015625,0.112,34.800000000000004
1454,0.0007615089416503906,0.112,33.6
1455,0.0007145404815673828,0.112,32.0
1456,0.0023953914642333984,0.112,30.400000000000002
1457,0.0006303787231445312,0.112,28.8
1458,0.0009853839874267578,0.11,27.200000000000003
1459,0.00054168701171875,0.11,25.6
1460,0.0015597343444824219,0.11,24.0
1461,0.0006377696990966797,0.11,22.0
1462,0.0012290477752685547,0.11,20.400000000000002
1463,0.0006172657012939453,0.11,18.400000000000002
1464,0.0018129348754882812,0.11,16.400000000000002
1465,0.0013434886932373047,0.11,14.8
1466,0.0006811618804931641,0.11,12.8
1467,0.0020172595977783203,0.11,11.200000000000001
1468,0.0008487701416015625,0.11,9.200000000000001
1469,0.0014653205871582031,0.11,7.6000000000000005
1470,0.0005943775177001953,0.11,6.0
1471,0.0011725425720214844,0.11,4.4
1472,0.0006380081176757812,0.11,3.2
1473,0.0020399093627929688,0.11,2.0
1474,0.0007309913635253906,0.11,0.8
1475,0.0011396408081054688,0.11,-0.4
1476,0.0013349056243896484,0.11,-1.2000000000000002
1477,0.0006399154663085938,0.11,-2.0
1478,0.0011050701141357422,0.11,-2.4000000000000004
1479,0.0008902549743652344,0.11,-2.8000000000000003
1480,0.0017855167388916016,0.11,-3.2
1481,0.0010509490966796875,0.11,-3.2
1482,0.0031685829162597656,0.11,-3.2
1483,0.0004897117614746094,0.112,-3.2
1484,0.0006613731384277344,0.112,-2.8000000000000003
1485,0.0009970664978027344,0.114,-2.4000000000000004
1486,0.0005626678466796875,0.114,-1.6
1487,0.0009763240814208984,0.116,-0.8
1488,0.0009343624114990234,0.116,0.0
1489,0.0012176036834716797,0.116,1.2000000000000002
1490,0.00047135353088378906,0.121,2.4000000000000004
1491,0.000431060791015625,0.125,3.6
1492,0.0010612010955810547,0.125,5.2
1493,0.0004889965057373047,0.127,6.4
1494,0.0006456375122070312,0.127,8.0
1495,0.0005307197570800781,0.127,9.600000000000001
1496,0.000476837158203125,0.131,11.600000000000001
1497,0.0005908012390136719,0.131,13.200000000000001
1498,0.0007359981536865234,0.131,14.8
1499,0.000705718994140625,0.136,16.8
1500,0.0004570484161376953,0.138,18.400000000000002
1501,0.0005605220794677734,0.138,20.400000000000002
1502,0.0004966259002685547,0.142,22.0
1503,0.00046896934509277344,0.144,24.0
1504,0.0005342960357666016,0.147,25.6
1505,0.0004975795745849609,0.149,27.200000000000003
1506,0.00045013427734375,0.149,28.8
1507,0.0005726814270019531,0.149,30.400000000000002
1508,0.000507354736328125,0.151,32.0
1509,0.0004489421844482422,0.153,33.6
1510,0.0007369518280029297,0.153,34.800000000000004
1511,0.00045299530029296875,0.153,36.4
1512,0.0015363693237304688,0.153,37.6
1513,0.0005924701690673828,0.153,38.400000000000006
1514,0.0017285346984863281,0.153,39.6
1515,0.0018455982208251953,0.153,40.400000000000006
1516,0.0006070137023925781,0.153,41.2
1517,0.001783609390258789,0.153,42.0
1518,0.0005714893341064453,0.153,42.800000000000004
1519,0.0019104480743408203,0.153,43.2
1520,0.0006856918334960938,0.153,43.6
1521,0.002076387405395508,0.153,44.0
1522,0.0006272792816162109,0.153,44.0
1523,0.0014662742614746094,0.153,44.0
1524,0.0009548664093017578,0.153,44.0
1525,0.0029621124267578125,0.153,44.0
1526,0.0009560585021972656,0.151,43.6
1527,0.0004379749298095703,0.144,43.2
1528,0.0008018016815185547,0.138,42.800000000000004
1529,0.0006272792816162109,0.136,42.400000000000006
1530,0.0004956722259521484,0.136,41.6
1531,0.0004620552062988281,0.134,40.800000000000004
1532,0.0005261898040771484,0.131,40.0
1533,0.0007712841033935547,0.131,39.2
1534,0.000644683837890625,0.131,38.0
1535,0.0005543231964111328,0.131,36.800000000000004
1536,0.0033626556396484375,0.131,35.6
1537,0.0008392333984375,0.131,34.4
1538,0.0007922649383544922,0.129,32.800000000000004
1539,0.0009417533874511719,0.129,31.200000000000003
1540,0.0007162094116210938,0.127,30.0
1541,0.0006406307220458984,0.127,28.400000000000002
1542,0.0005102157592773438,0.125,26.400000000000002
1543,0.0004444122314453125,0.123,24.8
1544,0.0004391670227050781,0.123,23.200000000000003
1545,0.0004451274871826172,0.123,21.6
1546,0.0009324550628662109,0.123,19.6
1547,0.0009393692016601562,0.123,18.0
1548,0.0018680095672607422,0.123,16.400000000000002
1549,0.001251220703125,0.123,14.8
1550,0.0009729862213134766,0.123,13.200000000000001
1551,0.0011529922485351562,0.123,11.600000000000001
1552,0.0009062290191650391,0.123,10.0
1553,0.0016362667083740234,0.123,8.8
1554,0.0006661415100097656,0.123,7.2
1555,0.0014851093292236328,0.123,6.0
1556,0.000591278076171875,0.123,5.2
1557,0.0020265579223632812,0.123,4.0
1558,0.0006318092346191406,0.123,3.2
1559,0.0016791820526123047,0.123,2.4000000000000004
1560,0.000640869140625,0.123,2.0
1561,0.0014421939849853516,0.123,1.6
1562,0.0006508827209472656,0.123,1.2000000000000002
1563,0.001260519027709961,0.123,1.2000000000000002
1564,0.0005953311920166016,0.123,1.2000000000000002
1565,0.001760721206665039,0.123,1.2000000000000002
1566,0.0005962848663330078,0.123,1.6
1567,0.001125335693359375,0.123,2.0
1568,0.0012700557708740234,0.123,2.4000000000000004
1569,0.0008258819580078125,0.125,3.2
1570,0.00262451171875,0.125,4.0
1571,0.0006234645843505859,0.127,4.800000000000001
1572,0.0006234645843505859,0.127,4.800000000000001
1573,0.00039768218994140625,0.129,6.0
1574,0.0005879402160644531,0.134,7.2
1575,0.0008983612060546875,0.136,8.4
1576,0.0005581378936767578,0.138,9.600000000000001
1577,0.00046563148498535156,0.142,10.8
1578,0.0007455348968505859,0.142,12.4
1579,0.0002949237823486328,0.144,13.600000000000001
1580,0.0006990432739257812,0.144,15.200000000000001
1581,0.0005109310150146484,0.149,16.8
1582,0.0005290508270263672,0.149,18.400000000000002
1583,0.0006744861602783203,0.149,20.0
1584,0.0008027553558349609,0.149,21.6
1585,0.0006167888641357422,0.149,23.200000000000003
1586,0.0020647048950195312,0.149,24.8
1587,0.0006501674652099609,0.149,26.400000000000002
1588,0.001985311508178711,0.153,28.0
1589,0.0005154609680175781,0.153,29.6
1590,0.0006012916564941406,0.153,31.200000000000003
1591,0.0007042884826660156,0.153,32.800000000000004
1592,0.0011086463928222656,0.153,34.0
1593,0.0007534027099609375,0.153,35.6
1594,0.00033783912658691406,0.155,36.800000000000004
1595,0.0008256435394287109,0.155,38.0
1596,0.001222848892211914,0.155,39.2
1597,0.0006582736968994141,0.157,40.0
1598,0.0004723072052001953,0.157,40.800000000000004
1599,0.0010333061218261719,0.157,42.0
1600,0.0005216598510742188,0.157,42.400000000000006
1601,0.00034332275390625,0.157,43.2
1602,0.00041937828063964844,0.162,43.6
1603,0.0004949569702148438,0.164,44.0
1604,0.0005104541778564453,0.166,44.400000000000006
1605,0.0005197525024414062,0.168,44.400000000000006
1606,0.0004992485046386719,0.17,44.800000000000004
1607,0.0004723072052001953,0.172,44.400000000000006
1608,0.0006394386291503906,0.175,44.400000000000006
1609,0.0008411407470703125,0.177,44.400000000000006
1610,0.00043702125549316406,0.179,44.0
1611,0.0006561279296875,0.181,43.6
1612,0.0004546642303466797,0.183,43.2
1613,0.0006351470947265625,0.183,42.800000000000004
1614,0.001402139663696289,0.183,42.0
1615,0.0007326602935791016,0.183,41.6
1616,0.0015337467193603516,0.183,40.800000000000004
1617,0.0006384849548339844,0.183,40.0
1618,0.0008127689361572266,0.185,39.2
1619,0.0004894733428955078,0.185,38.800000000000004
1620,0.0011529922485351562,0.185,38.0
1621,0.001996755599975586,0.185,37.2
1622,0.0006086826324462891,0.185,36.4
1623,0.0021343231201171875,0.185,35.6
1624,0.0006730556488037109,0.185,35.2
1625,0.0013637542724609375,0.185,34.4
1626,0.0005629062652587891,0.185,33.6
1627,0.0019490718841552734,0.185,32.800000000000004
1628,0.0005764961242675781,0.185,32.4
1629,0.0015041828155517578,0.185,31.6
1630,0.0006921291351318359,0.185,31.200000000000003
1631,0.0015823841094970703,0.185,30.8
1632,0.0007030963897705078,0.185,30.400000000000002
1633,0.0020825862884521484,0.185,30.0
1634,0.0013823509216308594,0.185,29.6
1635,0.000606536865234375,0.185,29.200000000000003
1636,0.002388477325439453,0.185,28.8
1637,0.0005936622619628906,0.185,28.8
1638,0.0018270015716552734,0.185,28.8
1639,0.0006008148193359375,0.185,28.400000000000002
1640,0.0017099380493164062,0.185,28.400000000000002
1641,0.0013661384582519531,0.185,28.400000000000002
1642,0.0005726814270019531,0.185,28.8
1643,0.0025391578674316406,0.185,28.8
1644,0.0005953311920166016,0.185,29.200000000000003
1645,0.0014483928680419922,0.185,29.200000000000003
1646,0.0005633831024169922,0.188,29.6
1647,0.00041675567626953125,0.188,30.0
1648,0.0010535717010498047,0.188,30.400000000000002
1649,0.0012187957763671875,0.188,30.8
1650,0.00035071372985839844,0.19,31.200000000000003
1651,0.0014843940734863281,0.192,31.6
1652,0.00048804283142089844,0.192,32.0
1653,0.0007340908050537109,0.194,32.800000000000004
1654,0.0005583763122558594,0.194,33.2
1655,0.0014789104461669922,0.194,34.0
1656,0.0008177757263183594,0.196,34.4
1657,0.0004749298095703125,0.198,35.2
1658,0.0007266998291015625,0.198,36.0
1659,0.0005218982696533203,0.2,36.800000000000004
1660,0.0010068416595458984,0.2,37.2
1661,0.00046634674072265625,0.2,38.0
1662,0.0005147457122802734,0.203,38.800000000000004
1663,0.0005049705505371094,0.205,39.6
1664,0.0012574195861816406,0.205,40.400000000000006
1665,0.0006351470947265625,0.205,41.2
1666,0.001070261001586914,0.205,42.0
1667,0.00047659873962402344,0.205,42.800000000000004
1668,0.001783609390258789,0.205,43.2
1669,0.0012993812561035156,0.205,44.0
1670,0.0014986991882324219,0.205,44.800000000000004
1671,0.0010581016540527344,0.205,45.6
1672,0.0017981529235839844,0.205,46.400000000000006
1673,0.001233816146850586,0.205,47.2
1674,0.0024940967559814453,0.205,48.0
1675,0.0009760856628417969,0.205,48.400000000000006
1676,0.0013875961303710938,0.205,49.2
1677,0.0006182193756103516,0.205,50.0
1678,0.0018718242645263672,0.205,50.400000000000006
1679,0.0006134510040283203,0.205,50.800000000000004
1680,0.0014150142669677734,0.205,51.6
1681,0.0012879371643066406,0.205,52.0
1682,0.0006401538848876953,0.205,52.400000000000006
1683,0.0020911693572998047,0.205,52.800000000000004
1684,0.0007560253143310547,0.205,53.2
1685,0.0020771026611328125,0.205,53.6
1686,0.0006120204925537109,0.205,53.6
1687,0.002191305160522461,0.205,54.0
1688,0.0013835430145263672,0.205,54.0
1689,0.0006825923919677734,0.205,54.400000000000006
1690,0.001177072525024414,0.205,54.400000000000006
1691,0.001561880111694336,0.205,54.400000000000006
1692,0.001268148422241211,0.205,54.400000000000006
1693,0.0014312267303466797,0.205,54.400000000000006
1694,0.0021924972534179688,0.205,54.0
1695,0.0010077953338623047,0.205,54.0
1696,0.0021135807037353516,0.205,53.6
1697,0.0007164478302001953,0.205,53.6
1698,0.002063751220703125,0.205,53.2
1699,0.0006463527679443359,0.205,52.800000000000004
1700,0.0010497570037841797,0.205,52.400000000000006
1701,0.00046515464782714844,0.207,52.0
1702,0.0005123615264892578,0.209,51.6
1703,0.0004553794860839844,0.211,51.2
1704,0.0004742145538330078,0.213,50.800000000000004
1705,0.0005156993865966797,0.216,50.400000000000006
1706,0.0004572868347167969,0.218,50.0
1707,0.0008146762847900391,0.22,49.2
1708,0.0004801750183105469,0.222,48.800000000000004
1709,0.0005347728729248047,0.222,48.400000000000006
1710,0.0005347728729248047,0.226,48.400000000000006
1711,0.0004520416259765625,0.226,47.6
1712,0.0007274150848388672,0.226,47.2
1713,0.0006158351898193359,0.226,46.800000000000004
1714,0.0019016265869140625,0.226,46.400000000000006
1715,0.0011470317840576172,0.226,46.0
1716,0.0006074905395507812,0.226,45.6
1717,0.0014755725860595703,0.226,45.2
1718,0.0016214847564697266,0.226,44.800000000000004
1719,0.0006878376007080078,0.226,44.400000000000006
1720,0.0017447471618652344,0.226,44.400000000000006
1721,0.0005917549133300781,0.226,44.400000000000006
1722,0.0016362667083740234,0.226,44.0
1723,0.0011608600616455078,0.226,44.0
1724,0.0018055438995361328,0.226,44.0
1725,0.0011212825775146484,0.226,44.400000000000006
1726,0.0011746883392333984,0.226,44.400000000000006
1727,0.0006480216979980469,0.226,44.400000000000006
1728,0.0017955303192138672,0.226,44.800000000000004
1729,0.0013110637664794922,0.226,45.2
1730,0.0012471675872802734,0.226,45.6
1731,0.0004220008850097656,0.222,46.0
1732,0.0006208419799804688,0.213,46.400000000000006
1733,0.0004611015319824219,0.209,46.800000000000004
1734,0.0004413127899169922,0.192,47.2
1735,0.0005972385406494141,0.179,48.0
1736,0.00046825408935546875,0.172,48.400000000000006
1737,0.0005857944488525391,0.166,49.2
1738,0.0009319782257080078,0.164,49.6
1739,0.0006241798400878906,0.162,50.0
1740,0.0004737377166748047,0.159,50.800000000000004
1741,0.0005009174346923828,0.153,51.2
1742,0.0005218982696533203,0.153,51.6
1743,0.0004999637603759766,0.151,51.6
1744,0.0011861324310302734,0.151,52.0
1745,0.00047206878662109375,0.147,52.0
1746,0.0006616115570068359,0.144,51.6
1747,0.0004715919494628906,0.142,51.6
1748,0.0008254051208496094,0.142,51.2
1749,0.0005197525024414062,0.142,50.800000000000004
1750,0.0003631114959716797,0.142,50.0
1751,0.0005156993865966797,0.142,49.2
1752,0.0004830360412597656,0.142,48.0
1753,0.0009279251098632812,0.142,47.2
1754,0.00048613548278808594,0.142,46.0
1755,0.002118825912475586,0.142,44.400000000000006
1756,0.0005075931549072266,0.142,42.800000000000004
1757,0.0013391971588134766,0.142,41.2
1758,0.0006062984466552734,0.142,39.6
1759,0.0011889934539794922,0.142,38.0
1760,0.0013606548309326172,0.142,36.0
1761,0.00047850608825683594,0.147,34.0
1762,0.0005247592926025391,0.149,32.0
1763,0.0004923343658447266,0.151,30.0
1764,0.0004894733428955078,0.151,28.0
1765,0.0005736351013183594,0.155,26.0
1766,0.00046181678771972656,0.162,23.6
1767,0.0004324913024902344,0.162,21.6
1768,0.0007536411285400391,0.162,19.6
1769,0.0004658699035644531,0.162,18.0
1770,0.0009655952453613281,0.162,16.0
1771,0.00039577484130859375,0.166,14.0
1772,0.0004909038543701172,0.166,12.4
1773,0.0007562637329101562,0.166,11.200000000000001
1774,0.0013136863708496094,0.166,9.600000000000001
1775,0.0004940032958984375,0.166,8.4
1776,0.0004425048828125,0.17,7.6000000000000005
1777,0.0006928443908691406,0.17,6.4
1778,0.0005125999450683594,0.17,6.0
1779,0.0008330345153808594,0.17,5.6000000000000005
1780,0.0005314350128173828,0.172,5.2
1781,0.0008547306060791016,0.172,5.2
1782,0.0005433559417724609,0.172,5.2
1783,0.0014300346374511719,0.172,5.6000000000000005
1784,0.0006561279296875,0.172,6.0
1785,0.0004191398620605469,0.175,6.800000000000001
1786,0.0005285739898681641,0.175,7.6000000000000005
1787,0.001253366470336914,0.175,8.8
1788,0.0017840862274169922,0.177,10.0
1789,0.0005028247833251953,0.177,11.600000000000001
1790,0.0007777214050292969,0.177,13.200000000000001
1791,0.0022296905517578125,0.177,14.8
1792,0.0008065700531005859,0.177,16.400000000000002
1793,0.001998424530029297,0.177,18.400000000000002
1794,0.0005965232849121094,0.179,20.400000000000002
1795,0.0006544589996337891,0.179,22.8
1796,0.0011019706726074219,0.179,24.8
1797,0.0008630752563476562,0.179,27.200000000000003
1798,0.0012848377227783203,0.179,29.200000000000003
1799,0.0008146762847900391,0.179,31.6
1800,0.001382589340209961,0.179,34.0
1801,0.0009839534759521484,0.179,36.4
1802,0.00038123130798339844,0.175,38.400000000000006
1803,0.0006945133209228516,0.166,40.800000000000004
1804,0.0002589225769042969,0.157,42.800000000000004
1805,0.0004763603210449219,0.155,44.800000000000004
1806,0.0005002021789550781,0.153,47.2
1807,0.00027942657470703125,0.144,48.800000000000004
1808,0.0005936622619628906,0.142,50.800000000000004
1809,0.0006666183471679688,0.14,52.400000000000006
1810,0.0005218982696533203,0.134,54.0
1811,0.0002846717834472656,0.129,55.6
1812,0.0004773139953613281,0.125,56.800000000000004
1813,0.0004444122314453125,0.123,57.6
1814,0.0005125999450683594,0.121,58.400000000000006
1815,0.0004642009735107422,0.121,59.2
1816,0.0004489421844482422,0.121,59.6
1817,0.0012989044189453125,0.121,59.6
1818,0.0010344982147216797,0.121,59.6
1819,0.001964569091796875,0.121,59.2
1820,0.0016124248504638672,0.121,58.800000000000004
1821,0.0006384849548339844,0.121,58.0
1822,0.0018925666809082031,0.121,57.2
1823,0.0012440681457519531,0.121,55.6
1824,0.0006427764892578125,0.121,54.400000000000006
1825,0.001687765121459961,0.121,52.800000000000004
1826,0.0013794898986816406,0.121,50.800000000000004
1827,0.0007047653198242188,0.121,48.800000000000004
1828,0.001413583755493164,0.121,46.400000000000006
1829,0.0005807876586914062,0.121,44.0
1830,0.0020008087158203125,0.121,41.6
1831,0.0006010532379150391,0.121,38.800000000000004
1832,0.002328157424926758,0.121,36.0
1833,0.0013513565063476562,0.121,32.800000000000004
1834,0.0012695789337158203,0.121,30.0
1835,0.0013988018035888672,0.121,26.8
1836,0.0010828971862792969,0.121,23.6
1837,0.0009846687316894531,0.121,20.400000000000002
1838,0.0006556510925292969,0.121,17.6
1839,0.002496480941772461,0.121,14.4
1840,0.0010972023010253906,0.121,11.200000000000001
1841,0.001607656478881836,0.121,8.4
1842,0.0006380081176757812,0.121,5.6000000000000005
1843,0.0014083385467529297,0.121,2.8000000000000003
1844,0.0018031597137451172,0.121,0.0
1845,0.0015282630920410156,0.121,-2.4000000000000004
1846,0.0010998249053955078,0.121,-4.4
1847,0.001003265380859375,0.121,-6.4
1848,0.0024340152740478516,0.121,-8.4
1849,0.0007383823394775391,0.121,-10.0
1850,0.001871347427368164,0.121,-11.200000000000001
1851,0.0011227130889892578,0.121,-12.4
1852,0.0006704330444335938,0.121,-13.200000000000001
1853,0.0011260509490966797,0.121,-14.0
1854,0.0010600090026855469,0.121,-14.0
1855,0.0005199909210205078,0.125,-14.0
1856,0.0008261203765869141,0.125,-14.0
1857,0.0006983280181884766,0.125,-13.600000000000001
1858,0.0017278194427490234,0.125,-12.8
1859,0.0003821849822998047,0.127,-11.600000000000001
1860,0.0005321502685546875,0.127,-10.4
1861,0.0010833740234375,0.127,-8.8
1862,0.0008406639099121094,0.127,-7.2
1863,0.002171039581298828,0.127,-5.2
1864,0.0003933906555175781,0.129,-3.2
1865,0.0007867813110351562,0.131,-0.8
1866,0.0007867813110351562,0.131,-0.8
1867,0.0007181167602539062,0.131,1.6
1868,0.0009951591491699219,0.131,4.0
1869,0.0014011859893798828,0.131,6.800000000000001
1870,0.0008237361907958984,0.131,9.600000000000001
1871,0.003001689910888672,0.131,12.4
1872,0.0007650852203369141,0.131,15.200000000000001
1873,0.0013842582702636719,0.131,18.400000000000002
1874,0.001697540283203125,0.131,21.200000000000003
1875,0.0014352798461914062,0.131,24.0
1876,0.0020542144775390625,0.131,26.8
1877,0.0013985633850097656,0.131,29.6
1878,0.0017850399017333984,0.131,32.4
1879,0.0009846687316894531,0.131,35.2
1880,0.0013737678527832031,0.131,37.6
1881,0.0027883052825927734,0.131,40.0
1882,0.0009360313415527344,0.131,42.0
1883,0.0018322467803955078,0.131,44.400000000000006
1884,0.0014069080352783203,0.131,46.0
1885,0.002774477005004883,0.131,48.0
1886,0.0022873878479003906,0.131,49.2
1887,0.0007407665252685547,0.131,50.800000000000004
1888,0.0016248226165771484,0.131,52.0
1889,0.001965761184692383,0.131,52.800000000000004
1890,0.0006620883941650391,0.131,53.6
1891,0.0005695819854736328,0.131,54.0
1892,0.0023488998413085938,0.131,54.400000000000006
1893,0.0018699169158935547,0.131,54.400000000000006
1894,0.001995086669921875,0.131,54.400000000000006
1895,0.002017498016357422,0.131,54.0
1896,0.0006506443023681641,0.131,53.6
1897,0.0015790462493896484,0.131,52.800000000000004
1898,0.0007259845733642578,0.131,52.0
1899,0.0018336772918701172,0.131,50.800000000000004
1900,0.0008945465087890625,0.131,49.6
1901,0.0019795894622802734,0.131,48.0
1902,0.0010726451873779297,0.131,46.400000000000006
1903,0.0006427764892578125,0.131,44.400000000000006
1904,0.0017962455749511719,0.131,42.400000000000006
1905,0.0006403923034667969,0.131,40.400000000000006
1906,0.001708984375,0.131,38.400000000000006
1907,0.0007073879241943359,0.131,36.0
1908,0.0013489723205566406,0.131,33.6
1909,0.0005609989166259766,0.131,31.200000000000003
1910,0.0015873908996582031,0.131,28.8
1911,0.0011112689971923828,0.131,26.0
1912,0.0013194084167480469,0.131,23.6
1913,0.0013568401336669922,0.131,20.8
1914,0.0008308887481689453,0.131,18.400000000000002
1915,0.0014045238494873047,0.131,15.600000000000001
1916,0.0006632804870605469,0.131,13.200000000000001
1917,0.001745462417602539,0.131,10.8
1918,0.001628875732421875,0.131,8.4
1919,0.0006251335144042969,0.131,6.4
1920,0.0017802715301513672,0.131,4.0
1921,0.0011970996856689453,0.131,2.4000000000000004
1922,0.0006225109100341797,0.131,0.4
1923,0.0019562244415283203,0.131,-1.2000000000000002
1924,0.0005981922149658203,0.131,-2.4000000000000004
1925,0.001943349838256836,0.131,-3.6
1926,0.0013530254364013672,0.131,-4.800000000000001
1927,0.0006151199340820312,0.131,-5.6000000000000005
1928,0.0019083023071289062,0.131,-6.4
1929,0.0007872581481933594,0.131,-6.4
1930,0.0020139217376708984,0.131,-6.800000000000001
1931,0.0013289451599121094,0.131,-6.800000000000001
1932,0.0014023780822753906,0.131,-6.4
1933,0.0012600421905517578,0.131,-6.0
1934,0.001207590103149414,0.131,-5.2
1935,0.0006570816040039062,0.131,-4.0
1936,0.0018630027770996094,0.131,-3.2
1937,0.0012497901916503906,0.131,-1.6
1938,0.0041391849517822266,0.131,-0.4
1939,0.00046944618225097656,0.134,1.2000000000000002
1940,0.0012111663818359375,0.134,3.2
1941,0.0004913806915283203,0.136,4.800000000000001
1942,0.002498626708984375,0.136,7.2
1943,0.0007274150848388672,0.138,9.200000000000001
1944,0.0005004405975341797,0.142,11.200000000000001
1945,0.0005879402160644531,0.144,13.600000000000001
1946,0.0005390644073486328,0.153,16.0
1947,0.0005574226379394531,0.155,18.0
1948,0.0003552436828613281,0.159,20.400000000000002
1949,0.00047850608825683594,0.164,22.8
1950,0.0007059574127197266,0.168,25.200000000000003
1951,0.0004680156707763672,0.172,27.6
1952,0.0007250308990478516,0.175,29.6
1953,0.000457763671875,0.177,32.0
1954,0.0005424022674560547,0.177,34.4
1955,0.00046062469482421875,0.181,36.4
1956,0.0003616809844970703,0.185,38.400000000000006
1957,0.0004451274871826172,0.185,40.400000000000006
1958,0.000560760498046875,0.185,42.400000000000006
1959,0.0005328655242919922,0.185,44.400000000000006
1960,0.00043773651123046875,0.185,46.0
1961,0.0012602806091308594,0.185,47.6
1962,0.0013244152069091797,0.185,49.6
1963,0.0006697177886962891,0.185,50.800000000000004
1964,0.0014400482177734375,0.185,52.400000000000006
1965,0.0017621517181396484,0.185,53.6
1966,0.001369476318359375,0.185,54.800000000000004
1967,0.0007312297821044922,0.185,56.0
1968,0.001535654067993164,0.185,56.800000000000004
1969,0.0008518695831298828,0.185,58.0
1970,0.0017778873443603516,0.185,58.400000000000006
1971,0.0003333091735839844,0.179,59.2
1972,0.0004508495330810547,0.177,59.6
1973,0.0006504058837890625,0.172,60.0
1974,0.0005931854248046875,0.172,60.400000000000006
1975,0.0005593299865722656,0.172,60.400000000000006
1976,0.0009493827819824219,0.172,60.400000000000006
1977,0.0005714893341064453,0.172,60.0
1978,0.0014519691467285156,0.172,59.6
1979,0.0011830329895019531,0.172,59.2
1980,0.0006971359252929688,0.172,58.800000000000004
1981,0.001298666000366211,0.172,58.0
1982,0.0015971660614013672,0.172,57.2
1983,0.0013704299926757812,0.172,56.0
1984,0.00159454345703125,0.172,54.800000000000004
1985,0.0007565021514892578,0.172,53.6
1986,0.0021200180053710938,0.172,52.400000000000006
1987,0.001010894775390625,0.177,50.800000000000004
1988,0.0018422603607177734,0.177,49.2
1989,0.0015037059783935547,0.177,47.6
1990,0.0019631385803222656,0.177,45.6
1991,0.0015301704406738281,0.177,44.0
1992,0.0014200210571289062,0.177,42.0
1993,0.002202749252319336,0.177,40.0
1994,0.0008649826049804688,0.177,38.0
1995,0.0014231204986572266,0.177,36.0
1996,0.0010852813720703125,0.177,34.0
1997,0.0015654563903808594,0.177,32.0
1998,0.0013844966888427734,0.177,30.0
1999,0.0008194446563720703,0.177,28.400000000000002
2000,0.0014045238494873047,0.177,26.400000000000002
2001,0.0008301734924316406,0.177,24.8
2002,0.001252889633178711,0.177,22.8
2003,0.0008602142333984375,0.177,21.200000000000003
2004,0.0031585693359375,0.175,19.6
2005,0.0003104209899902344,0.166,18.400000000000002
2006,0.0012803077697753906,0.159,16.8
2007,0.0012803077697753906,0.155,16.8
2008,0.0007231235504150391,0.151,15.600000000000001
2009,0.0003662109375,0.149,14.8
2010,0.0002834796905517578,0.147,14.0
2011,0.00032448768615722656,0.147,13.200000000000001
2012,0.00039267539978027344,0.147,12.4
2013,0.0021796226501464844,0.147,12.0
2014,0.0007257461547851562,0.147,11.600000000000001
2015,0.0013887882232666016,0.147,11.200000000000001
2016,0.0009186267852783203,0.147,11.200000000000001
2017,0.0014119148254394531,0.147,11.200000000000001
2018,0.001344919204711914,0.147,11.200000000000001
2019,0.0017757415771484375,0.147,11.600000000000001
2020,0.0008311271667480469,0.147,11.600000000000001
2021,0.0019147396087646484,0.147,12.0
2022,0.002122640609741211,0.147,12.8
2023,0.0006654262542724609,0.147,13.200000000000001
2024,0.0012202262878417969,0.147,14.0
2025,0.0006403923034667969,0.147,14.8
2026,0.0006494522094726562,0.147,15.600000000000001
2027,0.0006263256072998047,0.147,16.400000000000002
2028,0.0012688636779785156,0.147,17.2
2029,0.0013234615325927734,0.147,18.0
2030,0.0007781982421875,0.147,19.200000000000003
2031,0.0011780261993408203,0.151,20.0
2032,0.0005140304565429688,0.153,21.200000000000003
2033,0.0005338191986083984,0.155,22.400000000000002
2034,0.0005016326904296875,0.155,23.6
2035,0.0009775161743164062,0.157,24.400000000000002
2036,0.0004620552062988281,0.159,25.6
2037,0.0005462169647216797,0.164,26.8
2038,0.0006232261657714844,0.164,27.6
2039,0.0005500316619873047,0.166,28.8
2040,0.0005695819854736328,0.17,29.6
2041,0.0007507801055908203,0.172,30.8
2042,0.0006644725799560547,0.175,31.6
2043,0.0005970001220703125,0.175,32.4
2044,0.0006346702575683594,0.175,33.6
2045,0.0017535686492919922,0.175,34.4
2046,0.0007662773132324219,0.175,35.2
2047,0.0018296241760253906,0.175,36.0
2048,0.0013492107391357422,0.175,36.800000000000004
2049,0.0022172927856445312,0.175,37.2
2050,0.0007836818695068359,0.175,38.0
2051,0.0018830299377441406,0.175,38.800000000000004
2052,0.0006916522979736328,0.175,39.2
2053,0.002166748046875,0.175,39.6
2054,0.0006926059722900391,0.175,40.400000000000006
2055,0.0012631416320800781,0.175,40.800000000000004
2056,0.0007870197296142578,0.175,41.2
2057,0.002008676528930664,0.175,41.2
2058,0.0012619495391845703,0.172,41.6
2059,0.0012469291687011719,0.172,42.0
2060,0.00042319297790527344,0.155,42.0
2061,0.0005283355712890625,0.151,42.0
2062,0.00054931640625,0.14,42.0
2063,0.0005419254302978516,0.134,42.0
2064,0.0006389617919921875,0.127,42.0
2065,0.0004818439483642578,0.125,41.6
2066,0.00046634674072265625,0.121,41.6
2067,0.0005972385406494141,0.121,41.2
2068,0.0004341602325439453,0.119,40.800000000000004
2069,0.0008759498596191406,0.119,40.0
2070,0.0004520416259765625,0.119,39.2
2071,0.0014383792877197266,0.119,38.400000000000006
2072,0.0008339881896972656,0.119,37.6
2073,0.0013279914855957031,0.119,36.4
2074,0.0020666122436523438,0.119,35.2
2075,0.0006911754608154297,0.119,33.6
2076,0.0019969940185546875,0.119,32.4
2077,0.0011548995971679688,0.119,30.8
2078,0.00061798095703125,0.119,29.200000000000003
2079,0.0018482208251953125,0.119,27.6
2080,0.000701904296875,0.119,25.6
2081,0.0017960071563720703,0.119,24.0
2082,0.0005958080291748047,0.119,22.0
2083,0.0018792152404785156,0.119,20.0
2084,0.0014371871948242188,0.119,18.400000000000002
2085,0.0006160736083984375,0.119,16.400000000000002
2086,0.002519845962524414,0.119,14.4
2087,0.0011858940124511719,0.119,12.8
2088,0.0014584064483642578,0.121,10.8
2089,0.0007557868957519531,0.121,9.200000000000001
2090,0.0010967254638671875,0.121,7.6000000000000005
2091,0.001148223876953125,0.123,6.0
2092,0.0005352497100830078,0.123,4.4
2093,0.002460479736328125,0.123,3.2
2094,0.0014662742614746094,0.123,1.6
2095,0.0004851818084716797,0.125,0.8
2096,0.0004286766052246094,0.127,-0.4
2097,0.0009484291076660156,0.127,-1.2000000000000002
2098,0.0005037784576416016,0.131,-1.6
2099,0.00045180320739746094,0.131,-2.0
2100,0.001092672348022461,0.131,-2.4000000000000004
2101,0.0010900497436523438,0.131,-2.8000000000000003
2102,0.00044918060302734375,0.134,-2.4000000000000004
2103,0.0005626678466796875,0.136,-2.4000000000000004
2104,0.0005283355712890625,0.138,-2.0
2105,0.0004496574401855469,0.138,-1.6
2106,0.0009455680847167969,0.138,-0.8
2107,0.0004687309265136719,0.138,0.0
2108,0.001506805419921875,0.138,1.2000000000000002
2109,0.0004942417144775391,0.138,2.4000000000000004
2110,0.0005908012390136719,0.138,3.6
2111,0.0014731884002685547,0.138,5.2
2112,0.0005850791931152344,0.138,6.800000000000001
2113,0.0018846988677978516,0.138,8.4
2114,0.0007236003875732422,0.138,10.0
2115,0.002405881881713867,0.138,12.0
2116,0.0006353855133056641,0.138,13.600000000000001
2117,0.002100706100463867,0.138,15.600000000000001
2118,0.0009641647338867188,0.138,17.6
2119,0.0015366077423095703,0.138,19.6
2120,0.0012781620025634766,0.138,21.6
2121,0.0006361007690429688,0.138,23.6
2122,0.0012378692626953125,0.138,25.6
2123,0.0005025863647460938,0.131,27.6
2124,0.0002434253692626953,0.127,29.6
2125,0.0005245208740234375,0.121,31.200000000000003
2126,0.000743865966796875,0.116,32.800000000000004
2127,0.0005161762237548828,0.11,34.800000000000004
2128,0.0005910396575927734,0.108,36.0
2129,0.0005483627319335938,0.103,37.6
2130,0.000545501708984375,0.103,38.800000000000004
2131,0.0011036396026611328,0.103,40.0
2132,0.0006511211395263672,0.103,40.800000000000004
2133,0.0005030632019042969,0.103,41.6
2134,0.0026009082794189453,0.103,42.400000000000006
2135,0.001188039779663086,0.103,42.800000000000004
2136,0.0010900497436523438,0.103,43.2
2137,0.0007784366607666016,0.103,43.2
2138,0.001329660415649414,0.103,42.800000000000004
2139,0.0007083415985107422,0.103,42.800000000000004
2140,0.0015273094177246094,0.103,42.0
2141,0.0012977123260498047,0.103,41.6
2142,0.0006701946258544922,0.103,40.400000000000006
2143,0.0011758804321289062,0.103,39.6
2144,0.0007216930389404297,0.103,38.400000000000006
2145,0.001440286636352539,0.103,36.800000000000004
2146,0.0028264522552490234,0.103,35.2
2147,0.0014393329620361328,0.103,33.6
2148,0.0008544921875,0.103,31.6
2149,0.0011148452758789062,0.103,29.6
2150,0.0009987354278564453,0.103,27.6
2151,0.0019822120666503906,0.103,25.6
2152,0.0008852481842041016,0.103,23.200000000000003
2153,0.001489877700805664,0.103,21.200000000000003
2154,0.0005714893341064453,0.11,18.8
2155,0.0005714893341064453,0.114,18.8
2156,0.00047326087951660156,0.121,16.400000000000002
2157,0.0006697177886962891,0.123,14.0
2158,0.0006256103515625,0.127,11.600000000000001
2159,0.00046753883361816406,0.134,9.200000000000001
2160,0.0006368160247802734,0.136,7.2
2161,0.0005526542663574219,0.138,4.800000000000001
2162,0.00064849853515625,0.144,2.8000000000000003
2163,0.0006268024444580078,0.147,0.8
2164,0.0006704330444335938,0.151,-0.8
2165,0.0004482269287109375,0.151,-2.4000000000000004
2166,0.0007698535919189453,0.151,-4.0
2167,0.0016634464263916016,0.151,-5.2
2168,0.0007243156433105469,0.155,-6.0
2169,0.0005495548248291016,0.155,-6.800000000000001
2170,0.0011951923370361328,0.155,-7.6000000000000005
2171,0.0009284019470214844,0.155,-7.6000000000000005
2172,0.0013802051544189453,0.155,-7.6000000000000005
2173,0.0008003711700439453,0.155,-7.6000000000000005
2174,0.0011522769927978516,0.155,-6.800000000000001
2175,0.0005769729614257812,0.155,-6.0
2176,0.0010793209075927734,0.155,-5.2
2177,0.0007884502410888672,0.155,-4.0
2178,0.0021331310272216797,0.155,-2.4000000000000004
2179,0.0007581710815429688,0.155,-0.8
2180,0.0013897418975830078,0.155,1.2000000000000002
2181,0.0010759830474853516,0.155,3.2
2182,0.0003304481506347656,0.149,5.6000000000000005
2183,0.0004734992980957031,0.14,7.6000000000000005
2184,0.0004906654357910156,0.131,10.4
2185,0.0004341602325439453,0.123,12.8
2186,0.0004525184631347656,0.119,15.600000000000001
2187,0.0007512569427490234,0.11,18.400000000000002
2188,0.0007414817810058594,0.101,21.200000000000003
2189,0.0004467964172363281,0.099,24.0
2190,0.00014853477478027344,0.095,26.400000000000002
2191,0.00047016143798828125,0.095,29.200000000000003
2192,0.001050710678100586,0.095,31.6
2193,0.0008745193481445312,0.095,34.4
2194,0.001313924789428711,0.095,36.4
2195,0.001523733139038086,0.095,38.800000000000004
2196,0.0012421607971191406,0.095,40.800000000000004
2197,0.0005857944488525391,0.093,42.400000000000006
2198,0.0010247230529785156,0.093,44.0
2199,0.001176595687866211,0.093,45.2
2200,0.002049684524536133,0.093,46.400000000000006
2201,0.003807544708251953,0.093,47.2
2202,0.0002791881561279297,0.097,48.0
2203,0.0004925727844238281,0.101,48.400000000000006
2204,0.0005791187286376953,0.101,48.400000000000006
2205,0.0006358623504638672,0.103,48.400000000000006
2206,0.0004756450653076172,0.108,48.0
2207,0.0006134510040283203,0.11,47.6
2208,0.0005478858947753906,0.11,46.800000000000004
2209,0.0008263587951660156,0.11,45.6
2210,0.0010538101196289062,0.11,44.400000000000006
2211,0.0005145072937011719,0.11,42.800000000000004
2212,0.0024755001068115234,0.11,41.2
2213,0.0010707378387451172,0.11,39.6
2214,0.0007479190826416016,0.11,37.6
2215,0.001425027847290039,0.11,35.6
2216,0.0006604194641113281,0.11,33.2
2217,0.0016276836395263672,0.11,31.200000000000003
2218,0.0006246566772460938,0.11,28.8
2219,0.0007560253143310547,0.108,26.0
2220,0.0012462139129638672,0.108,23.6
2221,0.0005137920379638672,0.108,20.8
2222,0.0017614364624023438,0.108,18.400000000000002
2223,0.0020461082458496094,0.108,15.600000000000001
2224,0.001329183578491211,0.108,13.200000000000001
2225,0.0019197463989257812,0.108,10.4
2226,0.000888824462890625,0.108,8.0
2227,0.0023708343505859375,0.108,5.2
2228,0.0017533302307128906,0.108,2.8000000000000003
2229,0.0018155574798583984,0.108,0.8
2230,0.001806020736694336,0.108,-1.6
2231,0.001436471939086914,0.108,-3.6
2232,0.0006706714630126953,0.108,-5.2
2233,0.0014295578002929688,0.108,-7.2
2234,0.000606536865234375,0.108,-8.4
2235,0.001558065414428711,0.108,-9.600000000000001
2236,0.0012776851654052734,0.108,-10.8
2237,0.0019299983978271484,0.108,-11.600000000000001
2238,0.0028030872344970703,0.108,-12.4
2239,0.0013611316680908203,0.108,-12.8
2240,0.0014297962188720703,0.108,-12.8
2241,0.0006864070892333984,0.108,-12.8
2242,0.002324342727661133,0.108,-12.4
2243,0.0013306140899658203,0.108,-12.0
2244,0.0012826919555664062,0.108,-11.200000000000001
2245,0.0012323856353759766,0.108,-10.4
2246,0.0012629032135009766,0.108,-9.200000000000001
2247,0.0006585121154785156,0.108,-8.0
2248,0.001135110855102539,0.108,-6.4
2249,0.0016071796417236328,0.108,-4.800000000000001
2250,0.0014858245849609375,0.108,-2.8000000000000003
2251,0.0014948844909667969,0.108,-0.8
2252,0.0007970333099365234,0.108,1.2000000000000002
2253,0.0014369487762451172,0.108,3.6
2254,0.0008559226989746094,0.108,5.6000000000000005
2255,0.0012569427490234375,0.108,8.0
2256,0.0006229877471923828,0.108,10.4
2257,0.0014674663543701172,0.108,12.8
2258,0.0006556510925292969,0.108,15.200000000000001
2259,0.0014002323150634766,0.108,17.6
2260,0.0006072521209716797,0.108,20.0
2261,0.001344442367553711,0.108,22.400000000000002
2262,0.0006284713745117188,0.108,24.8
2263,0.0012383460998535156,0.108,27.200000000000003
2264,0.0006818771362304688,0.108,29.200000000000003
2265,0.0016264915466308594,0.108,31.200000000000003
2266,0.0025115013122558594,0.108,33.2
2267,0.0006654262542724609,0.108,34.800000000000004
2268,0.0015666484832763672,0.108,36.4
2269,0.001996755599975586,0.108,38.0
2270,0.0008053779602050781,0.108,39.2
2271,0.001991748809814453,0.108,40.400000000000006
2272,0.0007443428039550781,0.108,41.2
2273,0.0015137195587158203,0.108,42.0
2274,0.0013942718505859375,0.108,42.400000000000006
2275,0.0004639625549316406,0.119,42.800000000000004
2276,0.0007979869842529297,0.129,42.800000000000004
2277,0.0004818439483642578,0.14,42.800000000000004
2278,0.0008335113525390625,0.142,42.800000000000004
2279,0.0007495880126953125,0.144,42.400000000000006
2280,0.0005970001220703125,0.149,41.6
2281,0.00048279762268066406,0.153,41.2
2282,0.0004105567932128906,0.153,40.0
2283,0.0005347728729248047,0.153,39.2
2284,0.0004000663757324219,0.153,38.0
2285,0.0006051063537597656,0.153,36.800000000000004
2286,0.000720977783203125,0.153,35.6
2287,0.0009143352508544922,0.153,34.0
2288,0.0016160011291503906,0.153,32.4
2289,0.0012254714965820312,0.153,31.200000000000003
2290,0.0014133453369140625,0.153,29.6
2291,0.0019578933715820312,0.153,28.0
2292,0.0012936592102050781,0.153,26.400000000000002
2293,0.0007035732269287109,0.153,24.8
2294,0.0003693103790283203,0.144,23.6
2295,0.0003693103790283203,0.134,23.6
2296,0.0004723072052001953,0.125,22.0
2297,0.0005362033843994141,0.121,20.400000000000002
2298,0.0004634857177734375,0.116,19.200000000000003
2299,0.0006740093231201172,0.114,17.6
2300,0.0005018711090087891,0.11,16.400000000000002
2301,0.0004718303680419922,0.108,15.200000000000001
2302,0.00046062469482421875,0.108,14.0
2303,0.0004329681396484375,0.108,13.200000000000001
2304,0.0009360313415527344,0.108,12.0
2305,0.0007226467132568359,0.108,11.200000000000001
2306,0.0010488033294677734,0.108,10.0
2307,0.0005948543548583984,0.108,9.200000000000001
2308,0.0028569698333740234,0.108,8.4
2309,0.0006186962127685547,0.108,7.6000000000000005
2310,0.001264810562133789,0.108,6.800000000000001
2311,0.0006909370422363281,0.108,6.4
2312,0.0016453266143798828,0.108,6.0
2313,0.0008463859558105469,0.108,5.6000000000000005
2314,0.0021409988403320312,0.108,5.2
2315,0.0009951591491699219,0.108,4.800000000000001
2316,0.0020465850830078125,0.108,4.4
2317,0.0006246566772460938,0.108,4.4
2318,0.002409696578979492,0.108,4.4
2319,0.0007648468017578125,0.108,4.4
2320,0.0017082691192626953,0.108,4.800000000000001
2321,0.0011746883392333984,0.108,4.800000000000001
2322,0.0007717609405517578,0.108,5.2
2323,0.0016887187957763672,0.108,5.6000000000000005
2324,0.0007004737854003906,0.108,6.4
2325,0.0007650852203369141,0.108,6.800000000000001
2326,0.0005130767822265625,0.108,7.6000000000000005
2327,0.0012481212615966797,0.108,8.0
2328,0.0005135536193847656,0.108,8.8
2329,0.0013759136199951172,0.108,9.600000000000001
2330,0.0012233257293701172,0.108,10.4
2331,0.0014412403106689453,0.108,11.200000000000001
2332,0.0010938644409179688,0.108,12.4
2333,0.0009639263153076172,0.108,13.200000000000001
2334,0.0015749931335449219,0.108,14.0
2335,0.0006434917449951172,0.108,15.200000000000001
2336,0.0004520416259765625,0.103,16.0
2337,0.0004038810729980469,0.103,16.8
2338,0.0019006729125976562,0.103,18.0
2339,0.0007722377777099609,0.103,18.8
2340,0.0005185604095458984,0.101,19.6
2341,0.0010142326354980469,0.101,20.400000000000002
2342,0.0008192062377929688,0.101,21.200000000000003
2343,0.0005085468292236328,0.093,22.0
2344,0.0005679130554199219,0.082,22.8
2345,0.00048804283142089844,0.075,23.200000000000003
2346,0.00034332275390625,0.071,24.0
2347,0.0005173683166503906,0.067,24.400000000000002
2348,0.00045037269592285156,0.063,24.8
2349,0.0005333423614501953,0.06,24.8
2350,0.0004496574401855469,0.056,25.200000000000003
2351,0.0005347728729248047,0.05,25.200000000000003
2352,0.0005352497100830078,0.047,25.200000000000003
2353,0.0005238056182861328,0.047,24.8
2354,0.0006232261657714844,0.045,24.8
2355,0.0005946159362792969,0.045,24.400000000000002
2356,0.0008363723754882812,0.039,23.6
2357,0.00035500526428222656,0.03,22.8
2358,0.0005936622619628906,0.026,22.0
2359,0.00046181678771972656,0.024,21.200000000000003
2360,0.0004932880401611328,0.019,20.0
2361,0.0007450580596923828,0.017,18.8
2362,0.0008709430694580078,0.011,17.6
2363,0.0008003711700439453,0.009,16.0
2364,0.00035500526428222656,0.006,14.4
2365,0.0007760524749755859,0.004,12.8
2366,0.0003075599670410156,0.002,11.200000000000001
2367,0.0005753040313720703,0.002,9.200000000000001
2368,0.00045108795166015625,0.002,7.6000000000000005
2369,0.0020554065704345703,0.002,5.6000000000000005
2370,0.0004627704620361328,0.002,3.6
2371,0.0007021427154541016,0.002,1.6
2372,0.0004799365997314453,0.002,-0.4
2373,0.0013773441314697266,0.002,-2.4000000000000004
2374,0.0007386207580566406,0.002,-4.4
2375,0.0007684230804443359,0.002,-6.4
2376,0.0020563602447509766,0.002,-8.4
2377,0.0011622905731201172,0.002,-10.4
2378,0.0011408329010009766,0.002,-12.0
2379,0.0012989044189453125,0.002,-13.600000000000001
2380,0.0007894039154052734,0.002,-15.200000000000001
2381,0.0007791519165039062,0.002,-16.400000000000002
2382,0.0014171600341796875,0.002,-17.6
2383,0.000591278076171875,0.002,-18.8
2384,0.0005273818969726562,0.002,-20.0
2385,0.0010159015655517578,0.002,-20.8
2386,0.0008318424224853516,0.002,-21.200000000000003
2387,0.0005526542663574219,0.002,-21.6
2388,0.0007061958312988281,0.002,-22.0
2389,0.0006909370422363281,0.002,-22.0
2390,0.0006048679351806641,0.002,-22.0
2391,0.0007097721099853516,0.002,-22.0
2392,0.0006761550903320312,0.002,-21.6
2393,0.001234292984008789,0.002,-20.8
2394,0.0012009143829345703,0.002,-20.0
2395,0.0007543563842773438,0.002,-19.200000000000003
2396,0.0015544891357421875,0.002,-18.0
2397,0.0006971359252929688,0.002,-16.8
2398,0.001176595687866211,0.002,-15.600000000000001
2399,0.0016057491302490234,0.002,-14.4
2400,0.0008094310760498047,0.002,-12.8
2401,0.0022919178009033203,0.002,-10.8
2402,0.0012278556823730469,0.002,-9.200000000000001
2403,0.0014088153839111328,0.002,-7.6000000000000005
2404,0.0013988018035888672,0.002,-5.6000000000000005
2405,0.0007410049438476562,0.002,-3.6
2406,0.0016317367553710938,0.002,-1.6
2407,0.0014986991882324219,0.002,0.4
2408,0.00098419189453125,0.002,2.0
2409,0.001554250717163086,0.002,4.0
2410,0.0006043910980224609,0.002,6.0
2411,0.0013315677642822266,0.002,7.6000000000000005
2412,0.0006048679351806641,0.002,9.600000000000001
2413,0.0008528232574462891,0.002,11.200000000000001
2414,0.0004878044128417969,0.002,12.8
2415,0.0008869171142578125,0.002,14.4
2416,0.0008692741394042969,0.002,15.600000000000001
2417,0.0011744499206542969,0.002,16.8
2418,0.0004820823669433594,0.002,18.0
2419,0.001279592514038086,0.002,18.8
2420,0.0004582405090332031,0.002,19.6
2421,0.0011951923370361328,0.002,20.400000000000002
2422,0.0018219947814941406,0.002,20.8
2423,0.0005617141723632812,0.002,21.200000000000003
2424,0.001565694808959961,0.002,21.200000000000003
2425,0.0014312267303466797,0.002,21.200000000000003
2426,0.0023643970489501953,0.002,21.200000000000003
2427,0.0004837512969970703,0.002,20.8
2428,0.0004410743713378906,0.002,20.400000000000002
2429,0.00047659873962402344,0.002,19.6
2430,0.0005211830139160156,0.002,18.8
2431,0.00043845176696777344,0.002,17.6
2432,0.0014445781707763672,0.002,16.8
2433,0.0015342235565185547,0.002,15.600000000000001
2434,0.0009751319885253906,0.002,14.0
2435,0.0014085769653320312,0.002,12.4
2436,0.0013878345489501953,0.002,10.8
2437,0.0008497238159179688,0.002,9.200000000000001
2438,0.0005908012390136719,0.002,7.6000000000000005
2439,0.0013720989227294922,0.002,5.6000000000000005
2440,0.0006241798400878906,0.002,4.0
2441,0.0019447803497314453,0.002,2.0
2442,0.0006518363952636719,0.002,0.0
2443,0.0017294883728027344,0.002,-1.6
2444,0.0006031990051269531,0.002,-3.6
2445,0.0007224082946777344,0.002,-5.2
2446,0.0009739398956298828,0.002,-7.2
2447,0.0009160041809082031,0.002,-8.8
2448,0.0009160041809082031,0.002,-8.8
2449,0.0008285045623779297,0.002,-10.4
2450,0.0008246898651123047,0.002,-12.0
2451,0.0005748271942138672,0.002,-13.600000000000001
2452,0.0008704662322998047,0.002,-14.8
2453,0.0007979869842529297,0.002,-16.0
2454,0.0006840229034423828,0.002,-17.2
2455,0.0005338191986083984,0.002,-18.0
2456,0.002109050750732422,0.002,-18.8
2457,0.0018186569213867188,0.002,-19.6
2458,0.0007085800170898438,0.002,-20.0
2459,0.0014400482177734375,0.002,-20.400000000000002
2460,0.00046062469482421875,0.002,-20.400000000000002
2461,0.00138092041015625,0.002,-20.400000000000002
2462,0.0004856586456298828,0.002,-20.400000000000002
2463,0.0005466938018798828,0.002,-20.0
2464,0.0006940364837646484,0.0,-19.6
2465,0.0004725456237792969,0.0,-18.8
2466,0.0005037784576416016,0.0,-18.0
2467,0.00048089027404785156,0.0,-17.2
2468,0.0007953643798828125,0.0,-16.0
2469,0.0005311965942382812,0.0,-14.8
2470,0.0011258125305175781,0.0,-13.600000000000001
2471,0.0009686946868896484,0.0,-12.4
2472,0.0004947185516357422,0.0,-10.8
2473,0.00087738037109375,0.0,-9.200000000000001
2474,0.0006635189056396484,0.0,-7.6000000000000005
2475,0.0010178089141845703,0.0,-5.6000000000000005
2476,0.0006024837493896484,0.0,-4.0
2477,0.0011370182037353516,0.0,-2.4000000000000004
2478,0.0008475780487060547,0.0,-0.4
2479,0.0018503665924072266,0.0,1.2000000000000002
2480,0.0013539791107177734,0.0,3.2
2481,0.0006940364837646484,0.0,4.800000000000001
2482,0.0004558563232421875,0.0,6.800000000000001
2483,0.0007472038269042969,0.0,8.4
2484,0.0006618499755859375,0.0,10.0
2485,0.0005338191986083984,0.0,11.200000000000001
2486,0.0002586841583251953,0.0,12.8
2487,0.0005424022674560547,0.0,14.0
2488,0.0008862018585205078,0.0,15.200000000000001
2489,0.0005140304565429688,0.0,16.400000000000002
2490,0.0006823539733886719,0.0,17.2
2491,0.0002777576446533203,0.0,18.0
2492,0.0011699199676513672,0.0,18.8
2493,0.0004949569702148438,0.0,19.200000000000003
2494,0.0005168914794921875,0.0,19.6
2495,0.0014257431030273438,0.0,19.6
2496,0.0013985633850097656,0.0,20.0
2497,0.0010683536529541016,0.0,19.6
2498,0.0008904933929443359,0.0,19.6
2499,0.0011568069458007812,0.0,18.8
2500,0.00112152099609375,0.0,18.400000000000002
2501,0.0013203620910644531,0.0,17.6
2502,0.0011584758758544922,0.0,16.8
2503,0.001140594482421875,0.0,15.600000000000001
2504,0.0013272762298583984,0.0,14.8
2505,0.0009391307830810547,0.0,13.200000000000001
2506,0.0014557838439941406,0.0,12.0
2507,0.0008666515350341797,0.0,10.8
2508,0.0014834403991699219,0.0,9.200000000000001
2509,0.0013620853424072266,0.0,6.0
2510,0.0008990764617919922,0.0,4.0
2511,0.0018436908721923828,0.0,2.4000000000000004
2512,0.0006577968597412109,0.0,0.8
2513,0.0013782978057861328,0.0,-1.2000000000000002
2514,0.00060272216796875,0.0,-2.8000000000000003
2515,0.0018093585968017578,0.0,-4.4
2516,0.0006172657012939453,0.0,-6.0
2517,0.0015909671783447266,0.0,-7.6000000000000005
2518,0.0006113052368164062,0.0,-9.200000000000001
2519,0.0021097660064697266,0.0,-10.8
2520,0.0006008148193359375,0.0,-12.0
2521,0.002295970916748047,0.0,-13.600000000000001
2522,0.0005738735198974609,0.0,-14.4
2523,0.0016179084777832031,0.0,-15.600000000000001
2524,0.002010822296142578,0.0,-16.400000000000002
2525,0.0006353855133056641,0.0,-17.2
2526,0.0021941661834716797,0.0,-18.0
2527,0.0008018016815185547,0.0,-18.400000000000002
2528,0.001603841781616211,0.0,-18.8
2529,0.0008492469787597656,0.0,-18.8
2530,0.0025048255920410156,0.0,-19.200000000000003
2531,0.000835418701171875,0.0,-18.8
2532,0.0024569034576416016,0.0,-18.8
2533,0.00070953369140625,0.0,-18.400000000000002
2534,0.0013971328735351562,0.0,-17.6
2535,0.0012972354888916016,0.0,-17.2
2536,0.0007085800170898438,0.0,-16.0
2537,0.0026051998138427734,0.0,-15.200000000000001
2538,0.0013251304626464844,0.0,-14.0
2539,0.0006568431854248047,0.0,-12.8
2540,0.0015740394592285156,0.0,-11.600000000000001
2541,0.0008246898651123047,0.0,-10.4
2542,0.0006515979766845703,0.0,-8.8
2543,0.0021164417266845703,0.0,-7.2
2544,0.0005886554718017578,0.0,-5.6000000000000005
2545,0.0011475086212158203,0.0,-4.0
2546,0.0017309188842773438,0.0,-2.4000000000000004
2547,0.0006208419799804688,0.0,-0.8
2548,0.0018820762634277344,0.0,0.8
2549,0.0007419586181640625,0.0,2.4000000000000004
2550,0.0011754035949707031,0.0,4.0
2551,0.0007038116455078125,0.0,5.6000000000000005
2552,0.0011196136474609375,0.0,7.2
2553,0.0007691383361816406,0.0,8.8
2554,0.0019366741180419922,0.0,10.4
2555,0.0013856887817382812,0.0,11.600000000000001
2556,0.0005924701690673828,0.0,12.8
2557,0.0022077560424804688,0.0,14.0
2558,0.0006155967712402344,0.0,14.8
2559,0.0015938282012939453,0.0,16.0
2560,0.000720977783203125,0.0,16.8
2561,0.0018200874328613281,0.0,17.2
2562,0.0006208419799804688,0.0,17.6
2563,0.0013837814331054688,0.0,18.0
2564,0.0007276535034179688,0.0,18.400000000000002
2565,0.0015795230865478516,0.0,18.400000000000002
2566,0.0006177425384521484,0.0,18.400000000000002
2567,0.001796722412109375,0.0,18.0
2568,0.0005719661712646484,0.0,17.6
2569,0.0019180774688720703,0.0,17.2
2570,0.00072479248046875,0.0,16.400000000000002
2571,0.0021560192108154297,0.0,15.600000000000001
2572,0.0005602836608886719,0.0,14.8
2573,0.0018694400787353516,0.0,13.600000000000001
2574,0.0007278919219970703,0.0,12.8
2575,0.002079010009765625,0.0,11.600000000000001
2576,0.0003268718719482422,0.0,10.0
2577,0.0006821155548095703,0.0,8.8
2578,0.0016236305236816406,0.0,7.2
2579,0.0009119510650634766,0.0,5.6000000000000005
2580,0.0004923343658447266,0.0,4.0
2581,0.0004749298095703125,0.0,2.4000000000000004
2582,0.0004811286926269531,0.0,0.8
