,Latency,PWM Value,Angle
0,0.0,0.0,0.0
1,0.0006268024444580078,0.0,0.0
2,0.0006992816925048828,0.0,0.0
3,0.0004811286926269531,0.0,0.0
4,0.0006825923919677734,0.0,0.0
5,0.0007669925689697266,0.0,0.0
6,0.0006113052368164062,0.0,0.0
7,0.001199483871459961,0.0,0.0
8,0.0010204315185546875,0.0,0.0
9,0.0014619827270507812,0.0,0.0
10,0.0014200210571289062,0.0,0.0
11,0.0008001327514648438,0.0,0.0
12,0.001135110855102539,0.0,0.0
13,0.0006327629089355469,0.0,0.0
14,0.002295255661010742,0.0,0.0
15,0.0006434917449951172,0.0,0.0
16,0.0019352436065673828,0.0,0.0
17,0.0018835067749023438,0.0,0.0
18,0.0005917549133300781,0.0,0.0
19,0.002253293991088867,0.0,0.0
20,0.0006339550018310547,0.0,0.0
21,0.002172231674194336,0.0,0.0
22,0.001277923583984375,0.0,0.0
23,0.0013287067413330078,0.0,0.0
24,0.0007233619689941406,0.0,0.0
25,0.002049684524536133,0.0,0.0
26,0.0006194114685058594,0.0,0.0
27,0.0022983551025390625,0.0,0.0
28,0.00023865699768066406,0.0,0.0
29,0.0009920597076416016,0.0,0.0
30,0.0011255741119384766,0.0,0.0
31,0.0007495880126953125,0.0,0.0
32,0.001489877700805664,0.0,0.0
33,0.0011856555938720703,0.0,0.0
34,0.0007543563842773438,0.0,0.0
35,0.0012631416320800781,0.0,0.0
36,0.0006251335144042969,0.0,0.0
37,0.0018181800842285156,0.0,0.0
38,0.0005795955657958984,0.0,0.0
39,0.0019378662109375,0.0,0.0
40,0.0006253719329833984,0.0,0.0
41,0.0014882087707519531,0.0,0.0
42,0.0014882087707519531,0.0,0.0
43,0.002239227294921875,0.0,0.0
44,0.0023093223571777344,0.0,0.0
45,0.0019223690032958984,0.0,0.0
46,0.002247333526611328,0.0,0.0
47,0.0011944770812988281,0.0,0.0
48,0.001079559326171875,0.0,0.0
49,0.0008349418640136719,0.0,0.0
50,0.0021104812622070312,0.0,0.0
51,0.0007708072662353516,0.0,0.0
52,0.0021016597747802734,0.0,0.0
53,0.0005574226379394531,0.0,0.0
54,0.0021517276763916016,0.0,0.0
55,0.0011584758758544922,0.0,0.0
56,0.001285552978515625,0.0,0.0
57,0.0014960765838623047,0.0,0.0
58,0.0004940032958984375,0.0,0.0
59,0.0009300708770751953,0.0,0.0
60,0.0027217864990234375,0.0,0.0
61,0.002009868621826172,0.0,0.0
62,0.0006928443908691406,0.0,0.0
63,0.0014951229095458984,0.0,0.0
64,0.00057220458984375,0.0,0.0
65,0.001506805419921875,0.0,0.0
66,0.0018622875213623047,0.0,0.0
67,0.0006203651428222656,0.0,0.0
68,0.0020694732666015625,0.0,0.0
69,0.0006761550903320312,0.0,0.0
70,0.002244234085083008,0.0,0.0
71,0.0006170272827148438,0.0,0.0
72,0.0019686222076416016,0.0,0.0
73,0.0012593269348144531,0.0,0.0
74,0.0015592575073242188,0.0,0.0
75,0.0012869834899902344,0.0,0.0
76,0.001108407974243164,0.0,0.0
77,0.0018935203552246094,0.0,0.0
78,0.001256704330444336,0.0,0.0
79,0.0010521411895751953,0.0,0.0
80,0.0007681846618652344,0.0,0.0
81,0.001375436782836914,0.0,0.0
82,0.0014171600341796875,0.0,0.0
83,0.001863241195678711,0.0,0.0
84,0.0021538734436035156,0.0,0.0
85,0.0009694099426269531,0.0,0.0
86,0.0023915767669677734,0.0,0.0
87,0.0010890960693359375,0.0,0.0
88,0.0012845993041992188,0.0,0.0
89,0.0014612674713134766,0.0,0.0
90,0.0012907981872558594,0.0,0.0
91,0.0013256072998046875,0.0,0.0
92,0.0007407665252685547,0.0,0.0
93,0.00174713134765625,0.0,0.0
94,0.0016627311706542969,0.0,0.0
95,0.0007519721984863281,0.0,0.0
96,0.0020999908447265625,0.0,0.0
97,0.00070953369140625,0.0,0.0
98,0.0012326240539550781,0.0,0.0
99,0.0022134780883789062,0.0,0.0
100,0.0012063980102539062,0.0,0.0
101,0.0010957717895507812,0.0,0.0
102,0.0008561611175537109,0.0,0.0
103,0.0010123252868652344,0.0,0.0
104,0.0006277561187744141,0.0,0.0
105,0.0013217926025390625,0.0,0.0
106,0.001979827880859375,0.0,0.0
107,0.002281665802001953,0.0,0.0
108,0.0017905235290527344,0.0,0.0
109,0.002401113510131836,0.0,0.0
110,0.0006997585296630859,0.0,0.0
111,0.002077817916870117,0.0,0.0
112,0.0012559890747070312,0.0,0.0
113,0.0005884170532226562,0.0,0.0
114,0.0012469291687011719,0.0,0.0
115,0.0007297992706298828,0.0,0.0
116,0.0021812915802001953,0.0,0.0
117,0.0012385845184326172,0.0,0.0
118,0.0003230571746826172,0.0,0.0
119,0.0018961429595947266,0.0,0.0
120,0.0011439323425292969,0.0,0.0
121,0.001634359359741211,0.0,0.0
122,0.0008628368377685547,0.0,0.0
123,0.0021152496337890625,0.0,0.0
124,0.0013492107391357422,0.0,0.0
125,0.0008227825164794922,0.0,0.0
126,0.0012497901916503906,0.0,0.0
127,0.0006592273712158203,0.0,0.0
128,0.0020329952239990234,0.0,0.0
129,0.001506805419921875,0.0,0.0
130,0.0007266998291015625,0.0,0.0
131,0.0020673274993896484,0.0,0.0
132,0.001497030258178711,0.0,0.0
133,0.0018091201782226562,0.0,0.0
134,0.0011904239654541016,0.0,0.0
135,0.0009517669677734375,0.0,0.0
136,0.0020399093627929688,0.002,0.0
137,0.0005855560302734375,0.002,0.0
138,0.001977682113647461,0.002,0.0
139,0.0013458728790283203,0.002,0.0
140,0.0006048679351806641,0.002,0.0
141,0.002038717269897461,0.002,0.0
142,0.0005478858947753906,0.002,0.0
143,0.0014081001281738281,0.002,0.0
144,0.000850677490234375,0.002,0.0
145,0.001653909683227539,0.002,0.0
146,0.0011980533599853516,0.002,0.0
147,0.0018177032470703125,0.002,0.0
148,0.0013790130615234375,0.002,0.0
149,0.0010232925415039062,0.004,0.0
150,0.0012481212615966797,0.004,0.0
151,0.0011513233184814453,0.004,0.0
152,0.0009014606475830078,0.004,0.0
153,0.0019578933715820312,0.006,0.0
154,0.001890420913696289,0.006,0.0
155,0.0006728172302246094,0.006,0.0
156,0.0014553070068359375,0.006,0.0
157,0.0018584728240966797,0.006,0.0
158,0.0006237030029296875,0.006,0.0
159,0.002147197723388672,0.006,0.0
160,0.0006093978881835938,0.006,0.0
161,0.00189971923828125,0.006,0.0
162,0.0005354881286621094,0.006,0.0
163,0.00217437744140625,0.006,0.0
164,0.0005412101745605469,0.006,0.0
165,0.0011992454528808594,0.006,0.0
166,0.0005774497985839844,0.006,0.0
167,0.0010712146759033203,0.006,0.0
168,0.0019347667694091797,0.006,0.0
169,0.0005276203155517578,0.009000000000000001,0.0
170,0.00222015380859375,0.009000000000000001,0.0
171,0.0014145374298095703,0.011,0.0
172,0.0006995201110839844,0.011,0.0
173,0.0010304450988769531,0.013,0.0
174,0.0005495548248291016,0.013,0.0
175,0.0013475418090820312,0.013,0.0
176,0.0006997585296630859,0.015,0.0
177,0.0019245147705078125,0.017,0.0
178,0.0006198883056640625,0.017,0.0
179,0.0006198883056640625,0.017,0.0
180,0.0014078617095947266,0.017,0.0
181,0.0009222030639648438,0.017,0.0
182,0.001623392105102539,0.017,0.0
183,0.0012898445129394531,0.017,0.0
184,0.001344442367553711,0.017,0.0
185,0.0006611347198486328,0.019,0.0
186,0.002149343490600586,0.024,0.0
187,0.001190185546875,0.024,0.0
188,0.0006372928619384766,0.024,0.0
189,0.0018925666809082031,0.024,0.0
190,0.0014295578002929688,0.024,0.0
191,0.0008463859558105469,0.026,0.0
192,0.0022516250610351562,0.026,0.0
193,0.0006115436553955078,0.027999999999999997,0.0
194,0.002067089080810547,0.027999999999999997,0.0
195,0.0009276866912841797,0.027999999999999997,0.0
196,0.0019159317016601562,0.027999999999999997,0.0
197,0.0012290477752685547,0.027999999999999997,0.0
198,0.001589059829711914,0.03,0.0
199,0.0016832351684570312,0.03,0.0
200,0.0008857250213623047,0.03,0.0
201,0.0023202896118164062,0.032,0.0
202,0.0006132125854492188,0.034,0.0
203,0.0013496875762939453,0.037000000000000005,0.0
204,0.0005931854248046875,0.037000000000000005,0.0
205,0.0023183822631835938,0.037000000000000005,0.0
206,0.0005440711975097656,0.037000000000000005,0.0
207,0.0016334056854248047,0.039,0.0
208,0.0008780956268310547,0.039,0.0
209,0.0007359981536865234,0.039,0.0
210,0.0008604526519775391,0.039,0.0
211,0.0015037059783935547,0.039,0.0
212,0.0013422966003417969,0.040999999999999995,0.0
213,0.000644683837890625,0.045,0.0
214,0.0014209747314453125,0.047,0.0
215,0.0006477832794189453,0.05,0.0
216,0.0017249584197998047,0.05,0.0
217,0.0005848407745361328,0.05,0.0
218,0.0018224716186523438,0.05,0.0
219,0.0005748271942138672,0.05,0.0
220,0.0021033287048339844,0.05,0.0
221,0.0005736351013183594,0.05,0.4
222,0.0013425350189208984,0.05,0.4
223,0.0011951923370361328,0.05,0.4
224,0.0008115768432617188,0.05,0.4
225,0.002113819122314453,0.05,0.4
226,0.0011959075927734375,0.05,0.4
227,0.0010662078857421875,0.05,0.8
228,0.0016970634460449219,0.052000000000000005,0.8
229,0.0007941722869873047,0.054000000000000006,0.8
230,0.0021774768829345703,0.055999999999999994,0.8
231,0.0011303424835205078,0.06,1.2000000000000002
232,0.0017282962799072266,0.06,1.2000000000000002
233,0.0006334781646728516,0.06,1.2000000000000002
234,0.0019044876098632812,0.06,1.2000000000000002
235,0.001354217529296875,0.06,1.2000000000000002
236,0.0011036396026611328,0.06,1.2000000000000002
237,0.0008206367492675781,0.06,1.2000000000000002
238,0.0013346672058105469,0.06,1.2000000000000002
239,0.0011816024780273438,0.06,1.2000000000000002
240,0.0012335777282714844,0.06,1.2000000000000002
241,0.0012960433959960938,0.06,1.2000000000000002
242,0.0012717247009277344,0.06,1.2000000000000002
243,0.0008399486541748047,0.063,1.2000000000000002
244,0.001953125,0.063,1.2000000000000002
245,0.0007736682891845703,0.067,1.2000000000000002
246,0.0013790130615234375,0.073,1.2000000000000002
247,0.0013904571533203125,0.075,0.8
248,0.0006644725799560547,0.075,0.8
249,0.002017498016357422,0.075,0.8
250,0.0007064342498779297,0.075,0.8
251,0.0013642311096191406,0.075,1.2000000000000002
252,0.0014445781707763672,0.075,1.2000000000000002
253,0.000652313232421875,0.075,1.2000000000000002
254,0.002104043960571289,0.078,1.6
255,0.0006909370422363281,0.078,2.0
256,0.0012607574462890625,0.078,2.0
257,0.0020160675048828125,0.078,2.4000000000000004
258,0.0006108283996582031,0.078,3.2
259,0.001508951187133789,0.078,3.6
260,0.0013132095336914062,0.08199999999999999,4.0
261,0.0012049674987792969,0.08199999999999999,4.800000000000001
262,0.000782012939453125,0.084,5.2
263,0.0016093254089355469,0.084,6.0
264,0.0017287731170654297,0.084,6.800000000000001
265,0.0006415843963623047,0.084,7.6000000000000005
266,0.002450704574584961,0.084,8.4
267,0.0005815029144287109,0.084,9.200000000000001
268,0.001531362533569336,0.084,9.600000000000001
269,0.0005602836608886719,0.084,10.4
270,0.0013649463653564453,0.084,11.200000000000001
271,0.0006322860717773438,0.084,12.0
272,0.0022411346435546875,0.084,12.8
273,0.0005936622619628906,0.084,13.600000000000001
274,0.002282381057739258,0.084,14.4
275,0.0007560253143310547,0.084,15.200000000000001
276,0.0019354820251464844,0.084,16.0
277,0.001119852066040039,0.084,16.400000000000002
278,0.0017185211181640625,0.084,17.2
279,0.0011394023895263672,0.084,17.6
280,0.001497507095336914,0.084,18.400000000000002
281,0.00145721435546875,0.084,18.8
282,0.0010564327239990234,0.084,19.200000000000003
283,0.0018155574798583984,0.084,19.200000000000003
284,0.0010905265808105469,0.084,19.6
285,0.0007455348968505859,0.084,20.0
286,0.0012171268463134766,0.084,20.0
287,0.0010852813720703125,0.084,20.0
288,0.0009448528289794922,0.084,20.0
289,0.0008609294891357422,0.084,20.0
290,0.0006289482116699219,0.084,19.6
291,0.001791238784790039,0.084,19.6
292,0.0009615421295166016,0.084,19.200000000000003
293,0.0021042823791503906,0.084,19.200000000000003
294,0.00072479248046875,0.084,18.8
295,0.001941680908203125,0.084,18.0
296,0.0007417201995849609,0.084,17.6
297,0.001928567886352539,0.084,17.2
298,0.0006437301635742188,0.086,16.8
299,0.002058267593383789,0.08800000000000001,16.0
300,0.0012826919555664062,0.091,15.600000000000001
301,0.0008358955383300781,0.091,14.8
302,0.001317739486694336,0.091,14.0
303,0.0005877017974853516,0.093,13.200000000000001
304,0.0021483898162841797,0.093,12.8
305,0.000568389892578125,0.093,12.0
306,0.0020952224731445312,0.093,11.200000000000001
307,0.0005564689636230469,0.093,10.4
308,0.001333475112915039,0.093,10.0
309,0.0005450248718261719,0.093,9.200000000000001
310,0.002106904983520508,0.095,8.8
311,0.0014576911926269531,0.097,8.0
312,0.0006527900695800781,0.097,7.6000000000000005
313,0.0019125938415527344,0.097,7.2
314,0.0015568733215332031,0.097,6.800000000000001
315,0.000644683837890625,0.097,6.4
316,0.0015869140625,0.099,6.0
317,0.0005877017974853516,0.101,5.6000000000000005
318,0.0022406578063964844,0.101,5.6000000000000005
319,0.0006639957427978516,0.106,5.2
320,0.0021457672119140625,0.108,5.2
321,0.0005402565002441406,0.112,5.2
322,0.002173185348510742,0.116,5.6000000000000005
323,0.0005364418029785156,0.119,5.6000000000000005
324,0.00142669677734375,0.123,6.0
325,0.0005333423614501953,0.127,6.0
326,0.0014674663543701172,0.129,6.4
327,0.0007336139678955078,0.131,6.800000000000001
328,0.0007336139678955078,0.136,6.800000000000001
329,0.0005314350128173828,0.136,7.6000000000000005
330,0.0005202293395996094,0.136,8.0
331,0.0013108253479003906,0.136,8.8
332,0.0020492076873779297,0.136,9.600000000000001
333,0.0010943412780761719,0.136,10.4
334,0.0008976459503173828,0.138,11.200000000000001
335,0.002059459686279297,0.138,12.4
336,0.0005743503570556641,0.138,13.600000000000001
337,0.001986980438232422,0.138,14.4
338,0.0007517337799072266,0.138,15.600000000000001
339,0.0018112659454345703,0.138,16.8
340,0.001132965087890625,0.138,18.0
341,0.0007767677307128906,0.142,19.200000000000003
342,0.0014333724975585938,0.142,20.400000000000002
343,0.0005435943603515625,0.14400000000000002,22.0
344,0.0013773441314697266,0.14400000000000002,23.200000000000003
345,0.0007050037384033203,0.14400000000000002,24.400000000000002
346,0.002277374267578125,0.14400000000000002,25.6
347,0.0005979537963867188,0.149,26.8
348,0.001142740249633789,0.151,28.0
349,0.0006172657012939453,0.151,29.200000000000003
350,0.0015175342559814453,0.155,30.0
351,0.0006444454193115234,0.157,31.200000000000003
352,0.0021827220916748047,0.162,32.0
353,0.001302480697631836,0.162,33.2
354,0.0014009475708007812,0.16399999999999998,34.0
355,0.0005936622619628906,0.166,34.800000000000004
356,0.0018100738525390625,0.166,35.6
357,0.00057220458984375,0.166,36.4
358,0.0021369457244873047,0.166,36.800000000000004
359,0.0005438327789306641,0.166,37.6
360,0.0021572113037109375,0.166,38.0
361,0.001367330551147461,0.166,38.400000000000006
362,0.0013375282287597656,0.166,38.800000000000004
363,0.00231170654296875,0.166,39.2
364,0.0019421577453613281,0.166,39.6
365,0.002306699752807617,0.166,39.6
366,0.0006382465362548828,0.166,39.6
367,0.0021567344665527344,0.166,40.0
368,0.0006120204925537109,0.166,40.0
369,0.0020918846130371094,0.166,40.0
370,0.0006508827209472656,0.166,39.6
371,0.0021140575408935547,0.166,39.6
372,0.0006120204925537109,0.166,39.2
373,0.0013163089752197266,0.166,38.800000000000004
374,0.0005538463592529297,0.168,38.400000000000006
375,0.0021066665649414062,0.168,38.0
376,0.0007333755493164062,0.168,37.6
377,0.002356290817260742,0.166,37.2
378,0.0006272792816162109,0.16399999999999998,36.4
379,0.0012669563293457031,0.162,36.0
380,0.0013322830200195312,0.159,35.2
381,0.0005805492401123047,0.157,34.800000000000004
382,0.001583099365234375,0.157,34.0
383,0.0013730525970458984,0.157,33.2
384,0.0019664764404296875,0.153,32.800000000000004
385,0.002364635467529297,0.153,32.0
386,0.001466512680053711,0.153,31.200000000000003
387,0.0006732940673828125,0.153,30.400000000000002
388,0.002071380615234375,0.151,29.6
389,0.0013158321380615234,0.151,28.8
390,0.0006632804870605469,0.151,28.0
391,0.00176239013671875,0.151,27.200000000000003
392,0.0010755062103271484,0.151,26.400000000000002
393,0.0006821155548095703,0.149,26.0
394,0.0023102760314941406,0.149,25.200000000000003
395,0.0015411376953125,0.149,24.400000000000002
396,0.0017631053924560547,0.14400000000000002,23.6
397,0.0012874603271484375,0.14400000000000002,22.8
398,0.0014262199401855469,0.142,22.400000000000002
399,0.0012669563293457031,0.142,21.6
400,0.0006909370422363281,0.142,20.8
401,0.001371145248413086,0.142,20.400000000000002
402,0.0006387233734130859,0.14,20.0
403,0.0013582706451416016,0.14,19.6
404,0.0005738735198974609,0.14,18.8
405,0.0021560192108154297,0.14,18.400000000000002
406,0.0005669593811035156,0.14,18.0
407,0.0019047260284423828,0.14,18.0
408,0.0005741119384765625,0.14,17.6
409,0.0014083385467529297,0.14,17.2
410,0.001142740249633789,0.14,17.2
411,0.0023496150970458984,0.14,17.2
412,0.0019788742065429688,0.14,16.8
413,0.0010769367218017578,0.14,16.8
414,0.0014491081237792969,0.14,16.8
415,0.0013206005096435547,0.14,17.2
416,0.001332998275756836,0.14,17.2
417,0.0006256103515625,0.14,17.2
418,0.002424955368041992,0.14,17.6
419,0.0005781650543212891,0.14,17.6
420,0.002121448516845703,0.14,18.0
421,0.0005435943603515625,0.14,18.400000000000002
422,0.002040863037109375,0.14,18.400000000000002
423,0.0005402565002441406,0.14,18.8
424,0.0014107227325439453,0.14,19.200000000000003
425,0.0005323886871337891,0.14,19.6
426,0.0010945796966552734,0.14,20.0
427,0.000640869140625,0.142,20.8
428,0.0022618770599365234,0.142,21.200000000000003
429,0.0006070137023925781,0.14400000000000002,21.6
430,0.0023500919342041016,0.147,22.0
431,0.0005617141723632812,0.147,22.400000000000002
432,0.002089977264404297,0.149,23.200000000000003
433,0.0005805492401123047,0.149,23.6
434,0.002277851104736328,0.149,24.0
435,0.001155853271484375,0.149,24.400000000000002
436,0.0014088153839111328,0.149,24.8
437,0.0013420581817626953,0.149,25.200000000000003
438,0.001936197280883789,0.149,26.0
439,0.0019032955169677734,0.149,26.400000000000002
440,0.0007128715515136719,0.149,26.8
441,0.0012595653533935547,0.149,27.200000000000003
442,0.0016498565673828125,0.149,27.6
443,0.0006422996520996094,0.149,28.0
444,0.002180814743041992,0.149,28.400000000000002
445,0.001214742660522461,0.149,28.8
446,0.0011487007141113281,0.149,29.200000000000003
447,0.0012383460998535156,0.149,29.200000000000003
448,0.0021610260009765625,0.149,29.6
449,0.0017855167388916016,0.149,30.0
450,0.0013821125030517578,0.149,30.0
451,0.0018618106842041016,0.149,30.400000000000002
452,0.0007414817810058594,0.151,30.400000000000002
453,0.0018870830535888672,0.151,30.400000000000002
454,0.0010972023010253906,0.153,30.8
455,0.0014095306396484375,0.153,30.8
456,0.001415252685546875,0.153,30.8
457,0.001005411148071289,0.155,30.8
458,0.0019152164459228516,0.155,30.400000000000002
459,0.0012483596801757812,0.157,30.400000000000002
460,0.0007100105285644531,0.162,30.400000000000002
461,0.0012760162353515625,0.16399999999999998,30.400000000000002
462,0.001241922378540039,0.166,30.0
463,0.0012428760528564453,0.166,30.0
464,0.0013203620910644531,0.168,29.6
465,0.0009527206420898438,0.168,29.6
466,0.0006122589111328125,0.17,29.200000000000003
467,0.0020148754119873047,0.17,29.200000000000003
468,0.0005838871002197266,0.17,28.8
469,0.001354217529296875,0.17,28.8
470,0.0006115436553955078,0.172,28.400000000000002
471,0.0022592544555664062,0.181,28.400000000000002
472,0.0005896091461181641,0.181,28.0
473,0.0013833045959472656,0.181,28.0
474,0.0005629062652587891,0.181,28.0
475,0.0012545585632324219,0.185,28.0
476,0.0006890296936035156,0.188,28.0
477,0.0022699832916259766,0.19,28.0
478,0.0006196498870849609,0.19,28.0
479,0.002164602279663086,0.19,28.0
480,0.0006008148193359375,0.19,28.0
481,0.0014929771423339844,0.19,28.400000000000002
482,0.00058746337890625,0.19,28.8
483,0.0017132759094238281,0.192,28.8
484,0.0006258487701416016,0.192,29.200000000000003
485,0.0021278858184814453,0.192,29.6
486,0.0021278858184814453,0.192,29.6
487,0.0014643669128417969,0.192,30.0
488,0.0006046295166015625,0.192,30.8
489,0.0014545917510986328,0.192,31.200000000000003
490,0.0005948543548583984,0.192,32.0
491,0.001428842544555664,0.192,32.4
492,0.0006477832794189453,0.192,33.2
493,0.0023102760314941406,0.194,34.0
494,0.0018317699432373047,0.194,34.800000000000004
495,0.0013091564178466797,0.194,35.6
496,0.0006327629089355469,0.194,36.0
497,0.0020689964294433594,0.194,36.800000000000004
498,0.0012493133544921875,0.194,37.6
499,0.0006818771362304688,0.194,38.400000000000006
500,0.0016474723815917969,0.194,39.2
501,0.0017192363739013672,0.194,40.0
502,0.0006482601165771484,0.194,40.800000000000004
503,0.001287221908569336,0.194,41.6
504,0.0005884170532226562,0.194,42.400000000000006
505,0.0014088153839111328,0.194,43.2
506,0.0012516975402832031,0.194,43.6
507,0.0006570816040039062,0.194,44.400000000000006
508,0.0013148784637451172,0.194,45.2
509,0.0005960464477539062,0.194,45.6
510,0.0013887882232666016,0.194,46.0
511,0.0005967617034912109,0.194,46.800000000000004
512,0.001407623291015625,0.194,47.2
513,0.0021224021911621094,0.194,47.6
514,0.0006375312805175781,0.194,48.0
515,0.002148151397705078,0.194,48.0
516,0.0005946159362792969,0.192,48.400000000000006
517,0.001359701156616211,0.19,48.800000000000004
518,0.0006034374237060547,0.181,48.800000000000004
519,0.0023021697998046875,0.16399999999999998,48.800000000000004
520,0.0005435943603515625,0.151,48.800000000000004
521,0.001874685287475586,0.14400000000000002,48.800000000000004
522,0.0010411739349365234,0.14,48.800000000000004
523,0.0005822181701660156,0.136,48.800000000000004
524,0.0012869834899902344,0.136,48.400000000000006
525,0.0005986690521240234,0.136,48.400000000000006
526,0.0014560222625732422,0.136,47.6
527,0.0006830692291259766,0.131,47.2
528,0.0016376972198486328,0.125,46.400000000000006
529,0.0015072822570800781,0.116,45.6
530,0.0006010532379150391,0.112,44.800000000000004
531,0.0019230842590332031,0.108,43.6
532,0.0006306171417236328,0.101,42.400000000000006
533,0.0021610260009765625,0.101,40.800000000000004
534,0.0005939006805419922,0.101,39.2
535,0.0021686553955078125,0.101,37.6
536,0.0006022453308105469,0.101,36.0
537,0.002110719680786133,0.101,34.0
538,0.0012195110321044922,0.101,32.0
539,0.0005967617034912109,0.101,29.6
540,0.0012943744659423828,0.101,27.6
541,0.0005915164947509766,0.101,25.200000000000003
542,0.002198457717895508,0.101,22.8
543,0.001981019973754883,0.101,20.400000000000002
544,0.0012760162353515625,0.101,18.0
545,0.0008056163787841797,0.101,15.200000000000001
546,0.0013833045959472656,0.101,12.8
547,0.0016906261444091797,0.101,10.4
548,0.0011069774627685547,0.101,8.0
549,0.0010974407196044922,0.101,5.6000000000000005
550,0.001302480697631836,0.101,3.2
551,0.002294778823852539,0.101,1.2000000000000002
552,0.0013480186462402344,0.101,-1.2000000000000002
553,0.0018343925476074219,0.101,-3.2
554,0.001260995864868164,0.101,-4.800000000000001
555,0.0020263195037841797,0.101,-6.4
556,0.0011143684387207031,0.101,-8.0
557,0.0016207695007324219,0.101,-9.200000000000001
558,0.001226186752319336,0.101,-10.4
559,0.0012946128845214844,0.101,-11.200000000000001
560,0.0008172988891601562,0.101,-12.0
561,0.0016748905181884766,0.101,-12.4
562,0.0018527507781982422,0.101,-12.4
563,0.0013184547424316406,0.101,-12.8
564,0.0007078647613525391,0.101,-12.4
565,0.0013396739959716797,0.101,-12.0
566,0.0019767284393310547,0.101,-11.200000000000001
567,0.002294301986694336,0.101,-10.4
568,0.0006346702575683594,0.101,-9.600000000000001
569,0.0019483566284179688,0.101,-8.4
570,0.0006413459777832031,0.101,-6.800000000000001
571,0.001947641372680664,0.101,-5.2
572,0.0006515979766845703,0.101,-3.6
573,0.0018112659454345703,0.101,-2.0
574,0.0005733966827392578,0.101,0.0
575,0.002054452896118164,0.101,2.0
576,0.0009737014770507812,0.101,4.4
577,0.0021016597747802734,0.101,6.4
578,0.0006506443023681641,0.101,8.8
579,0.0018033981323242188,0.101,11.200000000000001
580,0.0006470680236816406,0.101,13.200000000000001
581,0.002002239227294922,0.101,15.600000000000001
582,0.0005774497985839844,0.101,18.0
583,0.0021185874938964844,0.101,20.0
584,0.0006213188171386719,0.101,22.400000000000002
585,0.0021076202392578125,0.101,24.400000000000002
586,0.000568389892578125,0.101,26.400000000000002
587,0.0013058185577392578,0.101,28.400000000000002
588,0.0012176036834716797,0.101,30.400000000000002
589,0.0005970001220703125,0.101,32.0
590,0.0015451908111572266,0.101,33.6
591,0.0012431144714355469,0.101,34.800000000000004
592,0.0007846355438232422,0.101,36.0
593,0.0020263195037841797,0.101,37.2
594,0.0018033981323242188,0.101,38.400000000000006
595,0.0011477470397949219,0.101,38.800000000000004
596,0.0022780895233154297,0.101,39.6
597,0.0018777847290039062,0.101,40.0
598,0.001941680908203125,0.101,40.400000000000006
599,0.0011992454528808594,0.101,40.400000000000006
600,0.0023801326751708984,0.101,40.0
601,0.0018169879913330078,0.101,40.0
602,0.0006358623504638672,0.101,39.2
603,0.0012552738189697266,0.101,38.800000000000004
604,0.0012998580932617188,0.101,38.0
605,0.0022335052490234375,0.101,36.800000000000004
606,0.0006105899810791016,0.101,35.6
607,0.0014488697052001953,0.101,34.4
608,0.0012710094451904297,0.101,32.800000000000004
609,0.0005946159362792969,0.101,31.6
610,0.0013654232025146484,0.101,29.6
611,0.0012857913970947266,0.101,28.0
612,0.0012061595916748047,0.101,26.0
613,0.001435995101928711,0.101,24.400000000000002
614,0.0017657279968261719,0.101,22.400000000000002
615,0.002102375030517578,0.101,20.0
616,0.0005824565887451172,0.101,18.0
617,0.0012769699096679688,0.101,16.0
618,0.0018877983093261719,0.101,14.0
619,0.0014510154724121094,0.101,11.600000000000001
620,0.0016148090362548828,0.101,9.600000000000001
621,0.0006642341613769531,0.101,7.6000000000000005
622,0.0014445781707763672,0.101,5.6000000000000005
623,0.0006613731384277344,0.101,4.0
624,0.0010709762573242188,0.101,2.0
625,0.0005590915679931641,0.101,0.4
626,0.001760244369506836,0.101,-1.2000000000000002
627,0.000659942626953125,0.101,-2.8000000000000003
628,0.002025604248046875,0.101,-4.0
629,0.002025604248046875,0.101,-4.0
630,0.0018529891967773438,0.101,-5.2
631,0.0006566047668457031,0.101,-6.0
632,0.0021009445190429688,0.101,-6.800000000000001
633,0.0006275177001953125,0.101,-7.6000000000000005
634,0.0013976097106933594,0.101,-8.0
635,0.0007464885711669922,0.101,-8.4
636,0.0013222694396972656,0.101,-8.8
637,0.0006632804870605469,0.101,-8.4
638,0.0024368762969970703,0.101,-8.4
639,0.0005638599395751953,0.101,-8.0
640,0.0017540454864501953,0.101,-7.6000000000000005
641,0.001819610595703125,0.101,-6.800000000000001
642,0.0005750656127929688,0.101,-5.6000000000000005
643,0.0012927055358886719,0.101,-4.800000000000001
644,0.0005941390991210938,0.101,-3.6
645,0.002063751220703125,0.101,-2.0
646,0.0006458759307861328,0.101,-0.8
647,0.001783132553100586,0.101,0.8
648,0.0014271736145019531,0.101,2.4000000000000004
649,0.002053976058959961,0.101,4.4
650,0.0017445087432861328,0.101,6.0
651,0.0013887882232666016,0.101,8.0
652,0.0006616115570068359,0.101,10.0
653,0.0015616416931152344,0.101,12.0
654,0.001953125,0.101,14.0
655,0.0006132125854492188,0.101,16.0
656,0.002187967300415039,0.101,17.6
657,0.0011124610900878906,0.101,19.6
658,0.0006177425384521484,0.103,21.6
659,0.002004384994506836,0.106,23.200000000000003
660,0.0005996227264404297,0.108,24.8
661,0.0021741390228271484,0.108,26.8
662,0.0011501312255859375,0.11,28.0
663,0.0018124580383300781,0.11,29.6
664,0.0005979537963867188,0.11,30.8
665,0.0022478103637695312,0.11,32.0
666,0.0011181831359863281,0.11,33.2
667,0.0005779266357421875,0.11,34.0
668,0.002306222915649414,0.11,34.800000000000004
669,0.0014276504516601562,0.11,35.6
670,0.001474618911743164,0.11,36.0
671,0.0005724430084228516,0.11,36.4
672,0.0023386478424072266,0.112,36.800000000000004
673,0.0006191730499267578,0.112,36.800000000000004
674,0.0014195442199707031,0.112,36.800000000000004
675,0.0005893707275390625,0.114,36.800000000000004
676,0.00150299072265625,0.114,36.4
677,0.0006711483001708984,0.114,36.0
678,0.0022513866424560547,0.114,35.2
679,0.0006327629089355469,0.114,34.4
680,0.0020961761474609375,0.114,33.6
681,0.0006361007690429688,0.114,32.800000000000004
682,0.0016570091247558594,0.114,31.6
683,0.0005850791931152344,0.114,30.400000000000002
684,0.0011997222900390625,0.114,29.200000000000003
685,0.0006012916564941406,0.114,28.0
686,0.001443624496459961,0.114,26.400000000000002
687,0.0005776882171630859,0.114,24.8
688,0.0021677017211914062,0.114,23.6
689,0.0005991458892822266,0.114,22.0
690,0.0013000965118408203,0.114,20.400000000000002
691,0.0005712509155273438,0.114,18.8
692,0.0019681453704833984,0.112,17.2
693,0.0006234645843505859,0.108,15.600000000000001
694,0.0021712779998779297,0.106,14.0
695,0.0012011528015136719,0.103,12.4
696,0.0015308856964111328,0.101,10.8
697,0.0011556148529052734,0.097,9.600000000000001
698,0.0017123222351074219,0.097,8.0
699,0.0011131763458251953,0.097,6.800000000000001
700,0.0007753372192382812,0.097,5.6000000000000005
701,0.0012509822845458984,0.097,4.4
702,0.0011043548583984375,0.097,3.2
703,0.0010976791381835938,0.097,2.4000000000000004
704,0.00067901611328125,0.097,1.6
705,0.0012772083282470703,0.097,0.8
706,0.001382589340209961,0.097,0.0
707,0.0012669563293457031,0.097,-0.4
708,0.001424551010131836,0.097,-0.8
709,0.0006668567657470703,0.097,-1.2000000000000002
710,0.0020983219146728516,0.097,-1.6
711,0.0019412040710449219,0.097,-1.6
712,0.0012743473052978516,0.097,-1.6
713,0.0012021064758300781,0.097,-1.2000000000000002
714,0.0006427764892578125,0.097,-1.2000000000000002
715,0.0022330284118652344,0.097,-0.8
716,0.0013930797576904297,0.097,0.0
717,0.0013391971588134766,0.097,0.4
718,0.0018482208251953125,0.097,1.2000000000000002
719,0.0013620853424072266,0.097,2.0
720,0.0007774829864501953,0.097,2.8000000000000003
721,0.0021927356719970703,0.097,4.0
722,0.0005605220794677734,0.097,4.800000000000001
723,0.0014066696166992188,0.099,6.0
724,0.0005695819854736328,0.101,7.2
725,0.0013115406036376953,0.106,8.4
726,0.001275777816772461,0.106,9.600000000000001
727,0.0006735324859619141,0.108,10.8
728,0.0022430419921875,0.108,12.0
729,0.0006744861602783203,0.11,13.600000000000001
730,0.002328634262084961,0.119,14.8
731,0.0005812644958496094,0.127,16.0
732,0.0020377635955810547,0.134,17.2
733,0.0005795955657958984,0.136,18.8
734,0.0014371871948242188,0.14,20.0
735,0.0006844997406005859,0.142,21.200000000000003
736,0.0013196468353271484,0.147,22.400000000000002
737,0.0005857944488525391,0.149,23.6
738,0.002096891403198242,0.151,24.400000000000002
739,0.0006120204925537109,0.151,25.6
740,0.0014042854309082031,0.151,26.8
741,0.0006415843963623047,0.151,27.6
742,0.002608060836791992,0.151,28.8
743,0.0006046295166015625,0.151,29.6
744,0.0020508766174316406,0.151,30.400000000000002
745,0.0006203651428222656,0.155,31.6
746,0.0020515918731689453,0.155,32.4
747,0.0005967617034912109,0.155,33.2
748,0.0020673274993896484,0.155,33.6
749,0.0012543201446533203,0.155,34.4
750,0.0017268657684326172,0.155,35.2
751,0.001810312271118164,0.155,35.6
752,0.0016705989837646484,0.155,36.0
753,0.0015978813171386719,0.155,36.4
754,0.0015060901641845703,0.155,36.800000000000004
755,0.0016760826110839844,0.155,37.2
756,0.0012140274047851562,0.155,37.2
757,0.002167940139770508,0.155,37.6
758,0.0019307136535644531,0.155,37.6
759,0.0012073516845703125,0.155,37.6
760,0.001392364501953125,0.155,37.6
761,0.0011742115020751953,0.155,37.6
762,0.0019459724426269531,0.155,37.2
763,0.0006842613220214844,0.155,37.2
764,0.002135038375854492,0.157,36.800000000000004
765,0.0010912418365478516,0.162,36.4
766,0.0025017261505126953,0.168,36.0
767,0.0016620159149169922,0.17,35.6
768,0.001813650131225586,0.17,34.800000000000004
769,0.001744985580444336,0.175,34.4
770,0.0011138916015625,0.175,34.0
771,0.0010843276977539062,0.175,33.2
772,0.0012433528900146484,0.175,32.4
773,0.001211404800415039,0.179,32.0
774,0.0007116794586181641,0.179,31.200000000000003
775,0.0020503997802734375,0.179,30.8
776,0.0015149116516113281,0.181,30.0
777,0.0015149116516113281,0.183,30.0
778,0.0022258758544921875,0.183,29.6
779,0.001918792724609375,0.185,28.8
780,0.0006630420684814453,0.185,28.400000000000002
781,0.00174713134765625,0.185,28.0
782,0.002086639404296875,0.185,27.6
783,0.0006296634674072266,0.185,27.200000000000003
784,0.0015137195587158203,0.185,26.8
785,0.0009670257568359375,0.19,26.8
786,0.0005958080291748047,0.19,26.400000000000002
787,0.0021677017211914062,0.19,26.400000000000002
788,0.0005900859832763672,0.19,26.400000000000002
789,0.0017552375793457031,0.194,26.400000000000002
790,0.001977205276489258,0.194,26.400000000000002
791,0.0006315708160400391,0.194,26.400000000000002
792,0.0019707679748535156,0.196,26.8
793,0.0012440681457519531,0.198,26.8
794,0.0006144046783447266,0.198,27.200000000000003
795,0.0012886524200439453,0.198,27.6
796,0.0005910396575927734,0.2,28.400000000000002
797,0.0012083053588867188,0.203,28.8
798,0.0006277561187744141,0.203,29.6
799,0.0022907257080078125,0.203,30.0
800,0.0015139579772949219,0.205,30.8
801,0.001928091049194336,0.211,31.6
802,0.0015418529510498047,0.21600000000000005,32.800000000000004
803,0.0018167495727539062,0.21600000000000005,33.6
804,0.0012428760528564453,0.21600000000000005,34.800000000000004
805,0.0006825923919677734,0.218,35.6
806,0.0013799667358398438,0.22,36.800000000000004
807,0.0013575553894042969,0.22,38.0
808,0.0020275115966796875,0.22,39.2
809,0.0010466575622558594,0.22,40.400000000000006
810,0.0012068748474121094,0.22,41.6
811,0.0017864704132080078,0.21600000000000005,42.800000000000004
812,0.0013394355773925781,0.211,44.400000000000006
813,0.0011131763458251953,0.188,45.6
814,0.001270294189453125,0.172,47.2
815,0.001203775405883789,0.157,48.400000000000006
816,0.0006773471832275391,0.153,49.6
817,0.002125978469848633,0.153,51.2
818,0.0018711090087890625,0.149,52.400000000000006
819,0.0017116069793701172,0.147,53.6
820,0.0017886161804199219,0.14400000000000002,54.800000000000004
821,0.0011026859283447266,0.14400000000000002,55.6
822,0.0013730525970458984,0.14400000000000002,56.400000000000006
823,0.0007424354553222656,0.14400000000000002,57.2
824,0.0011518001556396484,0.14400000000000002,57.6
825,0.0008723735809326172,0.14400000000000002,58.0
826,0.0021674633026123047,0.14400000000000002,58.0
827,0.0007014274597167969,0.14400000000000002,58.0
828,0.001734018325805664,0.14400000000000002,57.6
829,0.0006728172302246094,0.14400000000000002,57.2
830,0.002195596694946289,0.14400000000000002,56.400000000000006
831,0.000614166259765625,0.14400000000000002,55.6
832,0.0013620853424072266,0.14400000000000002,54.400000000000006
833,0.0013852119445800781,0.14400000000000002,53.2
834,0.0006570816040039062,0.14400000000000002,52.0
835,0.0014927387237548828,0.14400000000000002,50.400000000000006
836,0.0005781650543212891,0.14400000000000002,48.800000000000004
837,0.0015463829040527344,0.14400000000000002,46.800000000000004
838,0.00058746337890625,0.14400000000000002,44.800000000000004
839,0.0021979808807373047,0.14400000000000002,42.800000000000004
840,0.0006041526794433594,0.14400000000000002,40.400000000000006
841,0.0026955604553222656,0.14400000000000002,38.0
842,0.0005426406860351562,0.14400000000000002,35.6
843,0.002355337142944336,0.14400000000000002,33.2
844,0.0012669563293457031,0.14400000000000002,30.8
845,0.0006499290466308594,0.14400000000000002,28.400000000000002
846,0.0014290809631347656,0.14400000000000002,25.6
847,0.0005774497985839844,0.14400000000000002,23.200000000000003
848,0.0014603137969970703,0.14400000000000002,20.8
849,0.0005700588226318359,0.14400000000000002,18.400000000000002
850,0.0022585391998291016,0.14400000000000002,16.0
851,0.0005750656127929688,0.14400000000000002,13.600000000000001
852,0.0022161006927490234,0.14400000000000002,11.200000000000001
853,0.0018489360809326172,0.14400000000000002,9.200000000000001
854,0.001363515853881836,0.14400000000000002,7.2
855,0.0014522075653076172,0.14400000000000002,5.2
856,0.0006055831909179688,0.14400000000000002,3.6
857,0.0018253326416015625,0.14400000000000002,2.0
858,0.0005981922149658203,0.147,0.8
859,0.0014514923095703125,0.151,-0.4
860,0.002087116241455078,0.151,-1.6
861,0.0022499561309814453,0.151,-2.4000000000000004
862,0.0013661384582519531,0.151,-2.8000000000000003
863,0.0026013851165771484,0.153,-3.2
864,0.0023109912872314453,0.155,-3.2
865,0.0012097358703613281,0.155,-3.2
866,0.0013036727905273438,0.155,-2.8000000000000003
867,0.0011222362518310547,0.155,-2.0
868,0.0007047653198242188,0.155,-1.2000000000000002
869,0.0022089481353759766,0.155,-0.4
870,0.0012011528015136719,0.157,0.8
871,0.000614166259765625,0.157,2.4000000000000004
872,0.0020465850830078125,0.157,4.0
873,0.0018074512481689453,0.157,5.6000000000000005
874,0.0006270408630371094,0.157,7.6000000000000005
875,0.0014243125915527344,0.157,9.600000000000001
876,0.0005729198455810547,0.157,11.600000000000001
877,0.002118349075317383,0.157,14.0
878,0.0011799335479736328,0.157,16.400000000000002
879,0.0010151863098144531,0.157,18.8
880,0.002157449722290039,0.157,21.200000000000003
881,0.0006422996520996094,0.157,23.6
882,0.002060413360595703,0.157,26.400000000000002
883,0.0006053447723388672,0.157,28.8
884,0.00142669677734375,0.157,31.200000000000003
885,0.0005662441253662109,0.157,33.6
886,0.0021533966064453125,0.157,36.0
887,0.0005507469177246094,0.157,38.400000000000006
888,0.0017282962799072266,0.157,40.800000000000004
889,0.0005943775177001953,0.157,42.800000000000004
890,0.0021238327026367188,0.157,44.800000000000004
891,0.0005505084991455078,0.157,46.800000000000004
892,0.0011601448059082031,0.157,48.800000000000004
893,0.0005750656127929688,0.157,50.400000000000006
894,0.0015540122985839844,0.157,51.6
895,0.0018856525421142578,0.157,53.2
896,0.0006630420684814453,0.157,54.400000000000006
897,0.002105236053466797,0.157,55.2
898,0.0005834102630615234,0.157,56.0
899,0.0013172626495361328,0.157,56.800000000000004
900,0.0005643367767333984,0.157,57.2
901,0.002331972122192383,0.157,57.6
902,0.0005695819854736328,0.155,57.6
903,0.002313852310180664,0.155,57.6
904,0.0019805431365966797,0.155,57.2
905,0.0006113052368164062,0.155,56.800000000000004
906,0.0021696090698242188,0.155,56.400000000000006
907,0.0005450248718261719,0.155,55.6
908,0.0018918514251708984,0.155,54.400000000000006
909,0.00054931640625,0.155,53.6
910,0.0021986961364746094,0.155,52.400000000000006
911,0.0005846023559570312,0.153,50.800000000000004
912,0.0013768672943115234,0.153,49.6
913,0.0018429756164550781,0.153,47.6
914,0.0012598037719726562,0.153,46.0
915,0.0012829303741455078,0.153,44.0
916,0.0024061203002929688,0.153,42.400000000000006
917,0.0006098747253417969,0.153,40.0
918,0.0023610591888427734,0.153,38.0
919,0.0020270347595214844,0.153,36.0
920,0.0020270347595214844,0.153,36.0
921,0.001407623291015625,0.153,33.6
922,0.0012505054473876953,0.153,31.6
923,0.000591278076171875,0.153,29.200000000000003
924,0.0023725032806396484,0.153,26.8
925,0.0005905628204345703,0.153,24.400000000000002
926,0.002173900604248047,0.153,22.400000000000002
927,0.0006606578826904297,0.153,20.400000000000002
928,0.0012593269348144531,0.153,18.0
929,0.0012638568878173828,0.153,16.0
930,0.0006234645843505859,0.153,14.0
931,0.0011928081512451172,0.153,12.4
932,0.0007266998291015625,0.153,10.8
933,0.001827239990234375,0.153,9.200000000000001
934,0.0006134510040283203,0.153,7.6000000000000005
935,0.0012481212615966797,0.153,6.4
936,0.0005574226379394531,0.153,5.2
937,0.0018420219421386719,0.153,4.4
938,0.0006568431854248047,0.153,3.6
939,0.001459360122680664,0.153,3.2
940,0.0006115436553955078,0.153,2.8000000000000003
941,0.002074718475341797,0.153,2.4000000000000004
942,0.0005967617034912109,0.153,2.4000000000000004
943,0.002226591110229492,0.153,2.4000000000000004
944,0.0005462169647216797,0.153,2.8000000000000003
945,0.0022089481353759766,0.153,3.6
946,0.0012836456298828125,0.153,4.0
947,0.0006318092346191406,0.153,5.2
948,0.0020990371704101562,0.153,6.0
949,0.0006425380706787109,0.153,7.2
950,0.0013823509216308594,0.153,8.4
951,0.0006051063537597656,0.153,10.0
952,0.0024700164794921875,0.153,11.600000000000001
953,0.0005950927734375,0.153,13.200000000000001
954,0.0021848678588867188,0.153,14.8
955,0.0018758773803710938,0.153,16.8
956,0.0006003379821777344,0.153,18.8
957,0.0019865036010742188,0.153,20.8
958,0.0017981529235839844,0.153,22.8
959,0.002270936965942383,0.153,24.8
960,0.0018608570098876953,0.153,26.8
961,0.0012164115905761719,0.153,28.8
962,0.0011436939239501953,0.153,30.8
963,0.0011413097381591797,0.153,32.4
964,0.0006234645843505859,0.153,34.4
965,0.0015659332275390625,0.153,36.4
966,0.000993967056274414,0.153,38.0
967,0.0005981922149658203,0.153,39.6
968,0.0020287036895751953,0.153,41.2
969,0.0011835098266601562,0.153,42.800000000000004
970,0.0011980533599853516,0.153,44.0
971,0.0017578601837158203,0.153,45.2
972,0.0013175010681152344,0.153,46.400000000000006
973,0.0006613731384277344,0.153,47.2
974,0.0020897388458251953,0.153,48.0
975,0.0012671947479248047,0.153,48.800000000000004
976,0.0006070137023925781,0.153,49.2
977,0.001497507095336914,0.153,49.6
978,0.0004932880401611328,0.153,50.0
979,0.0015714168548583984,0.153,50.0
980,0.0006215572357177734,0.153,50.0
981,0.0014271736145019531,0.153,50.0
982,0.0007348060607910156,0.153,49.6
983,0.001995563507080078,0.153,49.2
984,0.0013766288757324219,0.153,48.400000000000006
985,0.0006856918334960938,0.153,48.0
986,0.0016627311706542969,0.153,47.2
987,0.0016775131225585938,0.153,46.0
988,0.0024204254150390625,0.153,44.800000000000004
989,0.0006122589111328125,0.153,43.6
990,0.002284526824951172,0.153,42.400000000000006
991,0.0006091594696044922,0.153,41.2
992,0.0020737648010253906,0.153,39.6
993,0.0005974769592285156,0.153,38.0
994,0.002010345458984375,0.153,36.4
995,0.0006461143493652344,0.153,34.800000000000004
996,0.0021979808807373047,0.153,33.2
997,0.0006144046783447266,0.153,31.200000000000003
998,0.0013561248779296875,0.153,29.6
999,0.001600027084350586,0.153,28.0
1000,0.0006723403930664062,0.153,26.0
1001,0.0021660327911376953,0.153,24.400000000000002
1002,0.0005850791931152344,0.153,22.400000000000002
1003,0.0012879371643066406,0.153,20.8
1004,0.0006036758422851562,0.153,19.200000000000003
1005,0.0021986961364746094,0.153,17.6
1006,0.0006439685821533203,0.153,16.400000000000002
1007,0.0012788772583007812,0.153,14.8
1008,0.0011131763458251953,0.153,13.600000000000001
1009,0.0017230510711669922,0.153,12.4
1010,0.001241445541381836,0.153,11.200000000000001
1011,0.0014376640319824219,0.153,10.4
1012,0.0011899471282958984,0.153,9.600000000000001
1013,0.002103090286254883,0.153,8.8
1014,0.0014731884002685547,0.153,8.4
1015,0.0013232231140136719,0.153,8.0
1016,0.0011627674102783203,0.153,7.6000000000000005
1017,0.0006358623504638672,0.153,7.6000000000000005
1018,0.002056121826171875,0.153,7.6000000000000005
1019,0.0019636154174804688,0.153,8.0
1020,0.0024099349975585938,0.153,8.4
1021,0.0017805099487304688,0.153,8.8
1022,0.0020329952239990234,0.153,9.200000000000001
1023,0.0022704601287841797,0.153,10.0
1024,0.0017762184143066406,0.153,10.8
1025,0.0015916824340820312,0.153,12.0
1026,0.0006811618804931641,0.153,12.8
1027,0.0013179779052734375,0.153,14.0
1028,0.0006954669952392578,0.153,15.200000000000001
1029,0.0019240379333496094,0.153,16.8
1030,0.0008249282836914062,0.153,18.0
1031,0.0022649765014648438,0.153,19.6
1032,0.0005826950073242188,0.153,21.200000000000003
1033,0.0020520687103271484,0.153,22.8
1034,0.0005893707275390625,0.153,24.400000000000002
1035,0.0013034343719482422,0.153,25.6
1036,0.0018703937530517578,0.153,27.200000000000003
1037,0.0006015300750732422,0.153,28.8
1038,0.0021414756774902344,0.153,30.400000000000002
1039,0.0006272792816162109,0.153,32.0
1040,0.0013701915740966797,0.153,33.6
1041,0.0006096363067626953,0.153,34.800000000000004
1042,0.0021762847900390625,0.153,36.0
1043,0.0005700588226318359,0.153,37.6
1044,0.0012624263763427734,0.153,38.800000000000004
1045,0.0012972354888916016,0.153,39.6
1046,0.0007665157318115234,0.153,40.800000000000004
1047,0.0018656253814697266,0.153,41.6
1048,0.0006074905395507812,0.153,42.400000000000006
1049,0.0014662742614746094,0.153,43.2
1050,0.0012812614440917969,0.153,43.6
1051,0.0005707740783691406,0.153,44.0
1052,0.0016427040100097656,0.153,44.400000000000006
1053,0.0006313323974609375,0.153,44.800000000000004
1054,0.0015332698822021484,0.153,44.800000000000004
1055,0.0018520355224609375,0.153,44.800000000000004
1056,0.0005936622619628906,0.153,44.800000000000004
1057,0.001399993896484375,0.153,44.400000000000006
1058,0.0006129741668701172,0.153,44.0
1059,0.001493215560913086,0.153,43.6
1060,0.0006074905395507812,0.153,43.2
1061,0.0020904541015625,0.153,42.400000000000006
1062,0.0012717247009277344,0.153,41.6
1063,0.0013759136199951172,0.153,40.800000000000004
1064,0.0015561580657958984,0.153,40.0
1065,0.0013072490692138672,0.153,38.800000000000004
1066,0.0018095970153808594,0.153,37.6
1067,0.0012478828430175781,0.153,36.4
1068,0.001863241195678711,0.153,35.2
1069,0.001863241195678711,0.153,35.2
1070,0.002153158187866211,0.153,34.0
1071,0.0006177425384521484,0.153,32.800000000000004
1072,0.0022928714752197266,0.153,31.6
1073,0.0021033287048339844,0.153,30.0
1074,0.0025343894958496094,0.153,28.8
1075,0.001207590103149414,0.153,27.200000000000003
1076,0.0008628368377685547,0.153,26.0
1077,0.0015518665313720703,0.153,24.400000000000002
1078,0.0009927749633789062,0.153,23.200000000000003
1079,0.0021278858184814453,0.153,22.0
1080,0.0006558895111083984,0.153,20.8
1081,0.002152681350708008,0.153,19.6
1082,0.0013082027435302734,0.153,18.400000000000002
1083,0.0006554126739501953,0.153,17.2
1084,0.00157928466796875,0.153,16.400000000000002
1085,0.0006425380706787109,0.153,15.200000000000001
1086,0.0018463134765625,0.153,14.4
1087,0.002017498016357422,0.153,13.600000000000001
1088,0.0012722015380859375,0.153,13.200000000000001
1089,0.0006322860717773438,0.153,12.8
1090,0.0021708011627197266,0.153,12.0
1091,0.001256704330444336,0.153,12.0
1092,0.0015532970428466797,0.153,11.600000000000001
1093,0.001359701156616211,0.153,11.600000000000001
1094,0.000705718994140625,0.153,11.600000000000001
1095,0.0014498233795166016,0.153,12.0
1096,0.0006701946258544922,0.153,12.0
1097,0.001980304718017578,0.153,12.4
1098,0.0011925697326660156,0.153,13.200000000000001
1099,0.0006868839263916016,0.153,13.600000000000001
1100,0.0015587806701660156,0.153,14.4
1101,0.0006213188171386719,0.153,15.200000000000001
1102,0.0020647048950195312,0.153,16.0
1103,0.0005667209625244141,0.153,16.8
1104,0.0016911029815673828,0.153,17.6
1105,0.0006618499755859375,0.153,18.8
1106,0.001566171646118164,0.153,20.0
1107,0.0006651878356933594,0.153,20.8
1108,0.002149343490600586,0.153,22.0
1109,0.0006167888641357422,0.153,23.200000000000003
1110,0.002000570297241211,0.153,24.400000000000002
1111,0.0005917549133300781,0.153,25.6
1112,0.0021212100982666016,0.153,26.8
1113,0.0006411075592041016,0.153,28.0
1114,0.00225067138671875,0.153,29.200000000000003
1115,0.0013041496276855469,0.153,30.400000000000002
1116,0.0011012554168701172,0.153,31.6
1117,0.0013387203216552734,0.153,32.800000000000004
1118,0.0014722347259521484,0.149,33.6
1119,0.0018308162689208984,0.149,34.4
1120,0.0006566047668457031,0.147,35.6
1121,0.0012061595916748047,0.14400000000000002,36.4
1122,0.0005688667297363281,0.14400000000000002,37.2
1123,0.0020742416381835938,0.142,38.0
1124,0.0005373954772949219,0.142,38.400000000000006
1125,0.0020868778228759766,0.14,38.800000000000004
1126,0.0011255741119384766,0.136,39.2
1127,0.0012149810791015625,0.136,39.6
1128,0.0011692047119140625,0.136,40.0
1129,0.0014088153839111328,0.136,40.0
1130,0.0011451244354248047,0.136,40.0
1131,0.000682830810546875,0.136,40.0
1132,0.0022079944610595703,0.136,39.6
1133,0.0012547969818115234,0.136,39.6
1134,0.0024743080139160156,0.136,38.800000000000004
1135,0.0014462471008300781,0.136,38.400000000000006
1136,0.0006871223449707031,0.136,37.6
1137,0.0017230510711669922,0.136,37.2
1138,0.0006034374237060547,0.136,36.0
1139,0.0019338130950927734,0.136,35.2
1140,0.00058746337890625,0.136,34.0
1141,0.002164125442504883,0.136,33.2
1142,0.001299142837524414,0.136,32.0
1143,0.0012729167938232422,0.136,30.400000000000002
1144,0.001991748809814453,0.136,29.200000000000003
1145,0.002168416976928711,0.136,28.0
1146,0.0013494491577148438,0.136,26.400000000000002
1147,0.0006551742553710938,0.136,25.200000000000003
1148,0.001984834671020508,0.136,23.6
1149,0.0012116432189941406,0.136,22.400000000000002
1150,0.0009090900421142578,0.136,20.8
1151,0.0014362335205078125,0.136,19.6
1152,0.0016765594482421875,0.136,18.0
1153,0.0006325244903564453,0.136,16.8
1154,0.0017642974853515625,0.136,15.600000000000001
1155,0.0019736289978027344,0.136,14.4
1156,0.001847982406616211,0.136,13.200000000000001
1157,0.0006341934204101562,0.136,12.0
1158,0.0020685195922851562,0.136,11.200000000000001
1159,0.0005967617034912109,0.136,10.0
1160,0.002411365509033203,0.136,9.200000000000001
1161,0.001749277114868164,0.136,8.4
1162,0.0005745887756347656,0.136,8.0
1163,0.001316070556640625,0.136,7.6000000000000005
1164,0.0005674362182617188,0.136,7.2
1165,0.0021207332611083984,0.136,6.800000000000001
1166,0.0006196498870849609,0.136,6.800000000000001
1167,0.001428842544555664,0.136,6.800000000000001
1168,0.0005822181701660156,0.136,6.800000000000001
1169,0.0012187957763671875,0.136,6.800000000000001
1170,0.0005815029144287109,0.136,7.2
1171,0.0021567344665527344,0.136,7.6000000000000005
1172,0.0014350414276123047,0.136,8.4
1173,0.0012116432189941406,0.136,8.8
1174,0.0011470317840576172,0.136,9.600000000000001
1175,0.0008378028869628906,0.136,10.4
1176,0.0009675025939941406,0.136,11.200000000000001
1177,0.0018887519836425781,0.136,12.4
1178,0.0012137889862060547,0.136,13.600000000000001
1179,0.0014486312866210938,0.136,14.4
1180,0.0013437271118164062,0.136,15.600000000000001
1181,0.002326488494873047,0.136,16.8
1182,0.0007059574127197266,0.136,18.0
1183,0.002089977264404297,0.136,19.200000000000003
1184,0.001129150390625,0.136,20.8
1185,0.0006875991821289062,0.136,22.0
1186,0.0014798641204833984,0.136,23.200000000000003
1187,0.00061798095703125,0.136,24.400000000000002
1188,0.0012021064758300781,0.136,25.6
1189,0.0005931854248046875,0.136,26.8
1190,0.0015010833740234375,0.136,28.0
1191,0.0005488395690917969,0.136,29.200000000000003
1192,0.002062559127807617,0.136,30.0
1193,0.0006375312805175781,0.136,31.200000000000003
1194,0.002156972885131836,0.136,32.0
1195,0.0005979537963867188,0.136,32.800000000000004
1196,0.0014543533325195312,0.136,33.6
1197,0.0011057853698730469,0.136,34.4
1198,0.0015659332275390625,0.136,34.800000000000004
1199,0.0018169879913330078,0.136,35.2
1200,0.0007152557373046875,0.138,35.6
1201,0.0022225379943847656,0.14,36.0
1202,0.0005850791931152344,0.142,36.0
1203,0.001535177230834961,0.14400000000000002,36.4
1204,0.0006039142608642578,0.14400000000000002,36.0
1205,0.00231170654296875,0.147,36.0
1206,0.0006296634674072266,0.147,36.0
1207,0.0014104843139648438,0.147,35.6
1208,0.0006558895111083984,0.147,35.2
1209,0.0014019012451171875,0.147,34.800000000000004
1210,0.0005674362182617188,0.147,34.0
1211,0.001399993896484375,0.147,33.6
1212,0.001399993896484375,0.149,33.6
1213,0.0012409687042236328,0.149,32.800000000000004
1214,0.0006594657897949219,0.151,32.0
1215,0.0020422935485839844,0.151,31.6
1216,0.0022406578063964844,0.153,30.8
1217,0.0013670921325683594,0.153,29.6
1218,0.0016148090362548828,0.157,28.8
1219,0.0025625228881835938,0.157,28.0
1220,0.0007863044738769531,0.157,27.200000000000003
1221,0.0013217926025390625,0.157,26.400000000000002
1222,0.0007576942443847656,0.157,25.200000000000003
1223,0.0022013187408447266,0.157,24.400000000000002
1224,0.002038717269897461,0.157,23.6
1225,0.0006158351898193359,0.157,22.8
1226,0.0021657943725585938,0.157,22.0
1227,0.001340627670288086,0.157,21.200000000000003
1228,0.0007059574127197266,0.159,20.400000000000002
1229,0.001514434814453125,0.159,20.0
1230,0.0014061927795410156,0.159,19.200000000000003
1231,0.0006611347198486328,0.159,18.8
1232,0.002087116241455078,0.159,18.400000000000002
1233,0.0006711483001708984,0.159,18.0
1234,0.0015935897827148438,0.159,17.6
1235,0.0006239414215087891,0.159,17.6
1236,0.001316070556640625,0.159,17.2
1237,0.0005750656127929688,0.159,17.2
1238,0.0016541481018066406,0.159,17.2
1239,0.0015554428100585938,0.159,17.6
1240,0.0005996227264404297,0.159,17.6
1241,0.0020177364349365234,0.159,18.0
1242,0.0018935203552246094,0.159,18.0
1243,0.0006308555603027344,0.159,18.400000000000002
1244,0.0014619827270507812,0.159,19.200000000000003
1245,0.0006315708160400391,0.159,19.6
1246,0.0024886131286621094,0.159,20.0
1247,0.0004646778106689453,0.159,20.8
1248,0.0011632442474365234,0.159,21.6
1249,0.001825571060180664,0.159,22.400000000000002
1250,0.0006794929504394531,0.159,23.200000000000003
1251,0.0010516643524169922,0.159,24.0
1252,0.001959562301635742,0.159,24.8
1253,0.0006680488586425781,0.159,25.6
1254,0.0019097328186035156,0.159,26.400000000000002
1255,0.0006382465362548828,0.159,27.200000000000003
1256,0.001623392105102539,0.159,28.400000000000002
1257,0.0005578994750976562,0.159,29.200000000000003
1258,0.0021047592163085938,0.159,30.0
1259,0.0020148754119873047,0.159,30.8
1260,0.0008189678192138672,0.159,31.6
1261,0.0011897087097167969,0.162,32.4
1262,0.0005908012390136719,0.16399999999999998,33.2
1263,0.0020873546600341797,0.16399999999999998,34.0
1264,0.0005466938018798828,0.16399999999999998,34.800000000000004
1265,0.001405954360961914,0.166,35.2
1266,0.0005633831024169922,0.166,36.0
1267,0.0013120174407958984,0.168,36.4
1268,0.0007984638214111328,0.168,36.800000000000004
1269,0.0018122196197509766,0.168,37.6
1270,0.00214385986328125,0.168,38.0
1271,0.0011031627655029297,0.17,38.0
1272,0.0011107921600341797,0.17,38.400000000000006
1273,0.001703023910522461,0.17,38.800000000000004
1274,0.0010704994201660156,0.17,38.800000000000004
1275,0.0015425682067871094,0.17,38.800000000000004
1276,0.0012733936309814453,0.17,38.800000000000004
1277,0.0006556510925292969,0.17,38.800000000000004
1278,0.0019190311431884766,0.17,38.800000000000004
1279,0.0013165473937988281,0.17,38.800000000000004
1280,0.0009870529174804688,0.17,38.800000000000004
1281,0.0009226799011230469,0.17,38.400000000000006
1282,0.0020341873168945312,0.17,38.400000000000006
1283,0.0005838871002197266,0.17,38.0
1284,0.002265453338623047,0.17,37.6
1285,0.0006098747253417969,0.17,37.2
1286,0.0015845298767089844,0.17,36.800000000000004
1287,0.0005853176116943359,0.17,36.4
1288,0.0013916492462158203,0.17,36.0
1289,0.0002899169921875,0.17,35.6
1290,0.002045869827270508,0.16399999999999998,35.2
1291,0.0008718967437744141,0.155,34.800000000000004
1292,0.00110626220703125,0.151,34.4
1293,0.0022249221801757812,0.151,33.6
1294,0.00080108642578125,0.147,33.2
1295,0.002269744873046875,0.14,32.800000000000004
1296,0.0018835067749023438,0.14,32.0
1297,0.00084686279296875,0.138,31.6
1298,0.0019533634185791016,0.138,30.8
1299,0.0007617473602294922,0.138,30.400000000000002
1300,0.0018084049224853516,0.138,29.6
1301,0.0006017684936523438,0.138,29.200000000000003
1302,0.0015325546264648438,0.136,28.400000000000002
1303,0.0013420581817626953,0.134,27.6
1304,0.0006647109985351562,0.131,26.8
1305,0.0017886161804199219,0.129,26.0
1306,0.001722574234008789,0.129,25.6
1307,0.0005979537963867188,0.129,24.8
1308,0.0019731521606445312,0.129,24.0
1309,0.0005619525909423828,0.129,23.200000000000003
1310,0.0020062923431396484,0.129,22.0
1311,0.0005590915679931641,0.129,21.200000000000003
1312,0.0022156238555908203,0.129,20.400000000000002
1313,0.0006196498870849609,0.129,19.6
1314,0.0022406578063964844,0.129,18.8
1315,0.001390695571899414,0.129,18.0
1316,0.0006568431854248047,0.129,17.2
1317,0.0021495819091796875,0.129,16.8
1318,0.0005631446838378906,0.129,16.0
1319,0.00142669677734375,0.131,15.200000000000001
1320,0.0005667209625244141,0.131,14.8
1321,0.0014019012451171875,0.131,14.0
1322,0.0005562305450439453,0.134,13.600000000000001
1323,0.0016050338745117188,0.134,13.200000000000001
1324,0.0006158351898193359,0.134,12.8
1325,0.0013616085052490234,0.138,12.4
1326,0.0005853176116943359,0.138,12.0
1327,0.0014367103576660156,0.138,12.0
1328,0.0005438327789306641,0.138,11.600000000000001
1329,0.0020618438720703125,0.138,11.600000000000001
1330,0.0016183853149414062,0.138,11.600000000000001
1331,0.001535654067993164,0.138,12.0
1332,0.0011227130889892578,0.142,12.0
1333,0.0023050308227539062,0.14400000000000002,12.4
1334,0.0011477470397949219,0.14400000000000002,12.4
1335,0.002147674560546875,0.14400000000000002,12.8
1336,0.000705718994140625,0.14400000000000002,13.600000000000001
1337,0.0021276473999023438,0.14400000000000002,14.0
1338,0.0013005733489990234,0.14400000000000002,14.4
1339,0.0006642341613769531,0.14400000000000002,15.200000000000001
1340,0.002162933349609375,0.14400000000000002,16.0
1341,0.0005738735198974609,0.14400000000000002,16.8
1342,0.0018804073333740234,0.14400000000000002,17.6
1343,0.0005850791931152344,0.14400000000000002,18.400000000000002
1344,0.0013644695281982422,0.14400000000000002,19.200000000000003
1345,0.0008783340454101562,0.14400000000000002,20.400000000000002
1346,0.0013670921325683594,0.14400000000000002,21.200000000000003
1347,0.0006585121154785156,0.14400000000000002,22.0
1348,0.001394033432006836,0.14400000000000002,23.200000000000003
1349,0.0008087158203125,0.14400000000000002,24.0
1350,0.001115560531616211,0.14400000000000002,25.200000000000003
1351,0.0016753673553466797,0.14400000000000002,26.0
1352,0.0010721683502197266,0.14400000000000002,27.200000000000003
1353,0.0015842914581298828,0.14400000000000002,28.0
1354,0.0011954307556152344,0.14400000000000002,28.8
1355,0.0018393993377685547,0.14400000000000002,29.6
1356,0.0006740093231201172,0.14400000000000002,30.400000000000002
1357,0.0016541481018066406,0.14400000000000002,31.200000000000003
1358,0.0006320476531982422,0.14400000000000002,32.0
1359,0.0014829635620117188,0.14400000000000002,32.4
1360,0.0013267993927001953,0.14400000000000002,32.800000000000004
1361,0.0006654262542724609,0.136,33.6
1362,0.0020058155059814453,0.127,34.0
1363,0.0006201267242431641,0.123,34.4
1364,0.0016779899597167969,0.119,34.4
1365,0.0006127357482910156,0.116,34.800000000000004
1366,0.002337932586669922,0.114,34.800000000000004
1367,0.0016100406646728516,0.112,34.800000000000004
1368,0.0016100406646728516,0.11,34.800000000000004
1369,0.0013055801391601562,0.108,34.800000000000004
1370,0.0005795955657958984,0.108,34.4
1371,0.0021305084228515625,0.108,34.4
1372,0.0005714893341064453,0.108,34.0
1373,0.001264810562133789,0.103,33.2
1374,0.0008313655853271484,0.103,32.800000000000004
1375,0.0012619495391845703,0.103,32.0
1376,0.0019741058349609375,0.103,31.200000000000003
1377,0.0005900859832763672,0.103,30.0
1378,0.0014622211456298828,0.103,29.200000000000003
1379,0.00199127197265625,0.103,28.0
1380,0.0009937286376953125,0.103,26.8
1381,0.0020732879638671875,0.103,25.200000000000003
1382,0.0012257099151611328,0.103,24.0
1383,0.0008070468902587891,0.103,22.400000000000002
1384,0.0013234615325927734,0.103,20.8
1385,0.0006382465362548828,0.103,19.200000000000003
1386,0.002167224884033203,0.103,17.6
1387,0.0019812583923339844,0.103,16.0
1388,0.0016429424285888672,0.106,14.4
1389,0.0013115406036376953,0.108,12.8
1390,0.0006632804870605469,0.11,11.600000000000001
1391,0.001317739486694336,0.11,10.0
1392,0.0006451606750488281,0.11,8.4
1393,0.0013053417205810547,0.114,7.2
1394,0.0006275177001953125,0.114,6.0
1395,0.002218484878540039,0.114,4.800000000000001
1396,0.0021440982818603516,0.116,3.6
1397,0.0006439685821533203,0.116,2.4000000000000004
1398,0.002298593521118164,0.116,1.6
1399,0.0005741119384765625,0.116,0.8
1400,0.001987457275390625,0.121,0.0
1401,0.0005395412445068359,0.121,-0.4
1402,0.0012347698211669922,0.121,-0.8
1403,0.0015048980712890625,0.121,-0.8
1404,0.000614166259765625,0.123,-0.8
1405,0.002101898193359375,0.123,-0.8
1406,0.0012066364288330078,0.123,-0.4
1407,0.0005567073822021484,0.123,0.0
1408,0.002017974853515625,0.123,0.4
1409,0.0015208721160888672,0.125,1.2000000000000002
1410,0.000644683837890625,0.125,2.0
1411,0.0013287067413330078,0.125,2.8000000000000003
1412,0.001077413558959961,0.127,4.0
1413,0.0006082057952880859,0.127,5.2
1414,0.0014443397521972656,0.127,6.4
1415,0.0006387233734130859,0.127,8.0
1416,0.0013849735260009766,0.129,9.200000000000001
1417,0.0006167888641357422,0.129,10.8
1418,0.00206756591796875,0.131,12.4
1419,0.0011813640594482422,0.134,14.0
1420,0.0014047622680664062,0.138,16.0
1421,0.0018651485443115234,0.14,17.6
1422,0.0011591911315917969,0.142,19.200000000000003
1423,0.001367330551147461,0.142,20.8
1424,0.0006496906280517578,0.142,22.8
1425,0.0017006397247314453,0.142,24.400000000000002
1426,0.0005834102630615234,0.142,26.0
1427,0.0013332366943359375,0.142,27.6
1428,0.001646280288696289,0.142,29.200000000000003
1429,0.0019676685333251953,0.142,30.8
1430,0.0013651847839355469,0.142,32.0
1431,0.0014107227325439453,0.142,33.6
1432,0.0008604526519775391,0.142,34.800000000000004
1433,0.0018193721771240234,0.142,36.0
1434,0.0006623268127441406,0.142,38.0
1435,0.0020842552185058594,0.142,39.2
1436,0.0011203289031982422,0.142,39.6
1437,0.0006124973297119141,0.142,40.400000000000006
1438,0.0017616748809814453,0.142,41.2
1439,0.00060272216796875,0.142,41.6
1440,0.0022940635681152344,0.142,41.6
1441,0.0005853176116943359,0.138,42.0
1442,0.001638174057006836,0.138,42.0
1443,0.0005869865417480469,0.134,42.0
1444,0.0017390251159667969,0.129,41.6
1445,0.0011563301086425781,0.129,41.6
1446,0.0006124973297119141,0.127,41.2
1447,0.002046823501586914,0.123,40.400000000000006
1448,0.0005619525909423828,0.123,40.0
1449,0.002062082290649414,0.121,39.2
1450,0.002054452896118164,0.119,38.400000000000006
1451,0.0006020069122314453,0.116,37.2
1452,0.0016303062438964844,0.112,36.0
1453,0.001112222671508789,0.112,34.800000000000004
1454,0.0019392967224121094,0.112,33.6
1455,0.001600503921508789,0.112,32.0
1456,0.0011518001556396484,0.112,30.8
1457,0.0011453628540039062,0.112,29.200000000000003
1458,0.0006866455078125,0.11,27.200000000000003
1459,0.0014367103576660156,0.11,25.6
1460,0.0016720294952392578,0.11,23.6
1461,0.0006487369537353516,0.11,22.0
1462,0.0013778209686279297,0.11,20.0
1463,0.0019385814666748047,0.11,18.400000000000002
1464,0.0014691352844238281,0.11,16.400000000000002
1465,0.0013346672058105469,0.11,14.4
1466,0.0013391971588134766,0.11,12.8
1467,0.0006594657897949219,0.11,10.8
1468,0.0013420581817626953,0.11,9.200000000000001
1469,0.0005924701690673828,0.11,7.6000000000000005
1470,0.0023365020751953125,0.11,6.0
1471,0.0006177425384521484,0.11,4.4
1472,0.002292156219482422,0.11,2.8000000000000003
1473,0.0005464553833007812,0.11,1.6
1474,0.0021927356719970703,0.11,0.4
1475,0.001447916030883789,0.11,-0.4
1476,0.00113677978515625,0.11,-1.6
1477,0.0014290809631347656,0.11,-2.0
1478,0.001275777816772461,0.11,-2.8000000000000003
1479,0.0013785362243652344,0.11,-3.2
1480,0.0008957386016845703,0.11,-3.6
1481,0.0020003318786621094,0.11,-3.6
1482,0.000644683837890625,0.11,-3.6
1483,0.0014455318450927734,0.112,-3.6
1484,0.001316070556640625,0.112,-3.2
1485,0.0007493495941162109,0.114,-2.8000000000000003
1486,0.0009777545928955078,0.114,-2.0
1487,0.0015497207641601562,0.116,-1.2000000000000002
1488,0.00060272216796875,0.116,-0.4
1489,0.0017614364624023438,0.116,0.8
1490,0.0015041828155517578,0.121,2.0
1491,0.0006306171417236328,0.125,3.2
1492,0.002137422561645508,0.125,4.4
1493,0.0011143684387207031,0.127,6.0
1494,0.0006163120269775391,0.127,7.6000000000000005
1495,0.0021038055419921875,0.127,9.200000000000001
1496,0.00112152099609375,0.131,10.8
1497,0.0006527900695800781,0.131,12.4
1498,0.0014219284057617188,0.131,14.4
1499,0.001111745834350586,0.136,16.0
1500,0.0016598701477050781,0.138,18.0
1501,0.0018723011016845703,0.138,19.6
1502,0.0019059181213378906,0.142,21.6
1503,0.0018765926361083984,0.14400000000000002,23.200000000000003
1504,0.0016570091247558594,0.147,25.200000000000003
1505,0.0012178421020507812,0.149,26.8
1506,0.0014748573303222656,0.149,28.400000000000002
1507,0.0007097721099853516,0.149,30.0
1508,0.0014600753784179688,0.151,31.6
1509,0.0007672309875488281,0.153,33.2
1510,0.0012319087982177734,0.153,34.4
1511,0.0020520687103271484,0.153,36.0
1512,0.0020520687103271484,0.153,36.0
1513,0.0019371509552001953,0.153,37.2
1514,0.0013184547424316406,0.153,38.400000000000006
1515,0.0006542205810546875,0.153,39.2
1516,0.001280069351196289,0.153,40.400000000000006
1517,0.0019373893737792969,0.153,41.2
1518,0.0006594657897949219,0.153,42.0
1519,0.0021038055419921875,0.153,42.800000000000004
1520,0.0013020038604736328,0.153,43.2
1521,0.0006177425384521484,0.153,43.6
1522,0.0014755725860595703,0.153,44.0
1523,0.0023403167724609375,0.153,44.0
1524,0.0020902156829833984,0.153,44.0
1525,0.001233816146850586,0.153,44.0
1526,0.0006308555603027344,0.151,44.0
1527,0.002437114715576172,0.14400000000000002,43.6
1528,0.0005857944488525391,0.138,43.2
1529,0.0020427703857421875,0.136,42.800000000000004
1530,0.0006625652313232422,0.136,42.400000000000006
1531,0.0014407634735107422,0.134,41.6
1532,0.0006160736083984375,0.131,40.800000000000004
1533,0.0012576580047607422,0.131,40.0
1534,0.0006175041198730469,0.131,38.800000000000004
1535,0.001500844955444336,0.131,37.6
1536,0.0005638599395751953,0.131,36.4
1537,0.002110719680786133,0.131,35.2
1538,0.0006189346313476562,0.129,34.0
1539,0.0020170211791992188,0.129,32.4
1540,0.0012688636779785156,0.127,30.8
1541,0.0005717277526855469,0.127,29.200000000000003
1542,0.0011816024780273438,0.125,27.6
1543,0.0007417201995849609,0.123,25.6
1544,0.0014944076538085938,0.123,24.0
1545,0.00058746337890625,0.123,22.400000000000002
1546,0.002124786376953125,0.123,20.400000000000002
1547,0.0006542205810546875,0.123,18.8
1548,0.0011341571807861328,0.123,16.8
1549,0.0015788078308105469,0.123,15.200000000000001
1550,0.0006296634674072266,0.123,13.600000000000001
1551,0.0022916793823242188,0.123,12.0
1552,0.0016050338745117188,0.123,10.4
1553,0.0011587142944335938,0.123,8.8
1554,0.0014190673828125,0.123,7.6000000000000005
1555,0.0012674331665039062,0.123,6.0
1556,0.001134634017944336,0.123,4.800000000000001
1557,0.001550436019897461,0.123,3.6
1558,0.0007038116455078125,0.123,2.8000000000000003
1559,0.002039670944213867,0.123,2.0
1560,0.0006024837493896484,0.123,1.2000000000000002
1561,0.0023529529571533203,0.123,0.8
1562,0.0005586147308349609,0.123,0.4
1563,0.002225160598754883,0.123,0.0
1564,0.0005757808685302734,0.123,0.0
1565,0.00228118896484375,0.123,0.0
1566,0.0005965232849121094,0.123,0.0
1567,0.0021021366119384766,0.123,0.4
1568,0.0005624294281005859,0.123,1.2000000000000002
1569,0.0017333030700683594,0.125,1.6
1570,0.0006132125854492188,0.125,2.4000000000000004
1571,0.0017850399017333984,0.127,3.2
1572,0.0005927085876464844,0.127,4.4
1573,0.002123594284057617,0.129,5.2
1574,0.0012781620025634766,0.134,6.4
1575,0.0005776882171630859,0.136,7.6000000000000005
1576,0.0021867752075195312,0.138,9.200000000000001
1577,0.0009837150573730469,0.142,10.4
1578,0.0006155967712402344,0.142,12.0
1579,0.001531362533569336,0.14400000000000002,13.600000000000001
1580,0.0006976127624511719,0.14400000000000002,15.200000000000001
1581,0.0021123886108398438,0.149,16.8
1582,0.0005869865417480469,0.149,18.400000000000002
1583,0.0019855499267578125,0.149,20.0
1584,0.0006346702575683594,0.149,22.0
1585,0.002390146255493164,0.149,23.6
1586,0.0005991458892822266,0.149,25.200000000000003
1587,0.001638174057006836,0.149,26.8
1588,0.0005249977111816406,0.153,28.400000000000002
1589,0.0023741722106933594,0.153,30.0
1590,0.0005931854248046875,0.153,31.6
1591,0.001271963119506836,0.153,33.2
1592,0.0006439685821533203,0.153,34.800000000000004
1593,0.0016875267028808594,0.153,36.0
1594,0.0010826587677001953,0.155,37.2
1595,0.0022056102752685547,0.155,38.400000000000006
1596,0.0007708072662353516,0.155,39.6
1597,0.0014171600341796875,0.157,40.800000000000004
1598,0.0006396770477294922,0.157,41.6
1599,0.001285552978515625,0.157,42.400000000000006
1600,0.001092672348022461,0.157,43.2
1601,0.0016248226165771484,0.157,43.6
1602,0.0014011859893798828,0.162,44.0
1603,0.001051187515258789,0.16399999999999998,44.400000000000006
1604,0.0013930797576904297,0.166,44.800000000000004
1605,0.000732421875,0.168,44.800000000000004
1606,0.0020847320556640625,0.17,44.800000000000004
1607,0.0013632774353027344,0.172,44.800000000000004
1608,0.0006561279296875,0.175,44.800000000000004
1609,0.002290010452270508,0.177,44.400000000000006
1610,0.002039194107055664,0.179,44.0
1611,0.0006148815155029297,0.181,43.6
1612,0.0013799667358398438,0.183,42.800000000000004
1613,0.0006186962127685547,0.183,42.400000000000006
1614,0.0012352466583251953,0.183,41.6
1615,0.0018601417541503906,0.183,40.800000000000004
1616,0.0015807151794433594,0.183,40.0
1617,0.0013685226440429688,0.183,39.2
1618,0.0010693073272705078,0.185,38.400000000000006
1619,0.0006756782531738281,0.185,37.6
1620,0.0021817684173583984,0.185,36.800000000000004
1621,0.0006036758422851562,0.185,36.0
1622,0.0022363662719726562,0.185,35.2
1623,0.0005450248718261719,0.185,34.0
1624,0.0009791851043701172,0.185,33.2
1625,0.0005602836608886719,0.185,32.4
1626,0.0015795230865478516,0.185,31.6
1627,0.000598907470703125,0.185,30.8
1628,0.0022602081298828125,0.185,30.400000000000002
1629,0.0016453266143798828,0.185,29.6
1630,0.0007951259613037109,0.185,28.8
1631,0.0016281604766845703,0.185,28.400000000000002
1632,0.0020105838775634766,0.185,28.0
1633,0.000591278076171875,0.185,27.200000000000003
1634,0.00037288665771484375,0.185,26.8
1635,0.0007765293121337891,0.185,26.8
1636,0.0008103847503662109,0.185,26.400000000000002
1637,0.0015082359313964844,0.185,26.0
1638,0.0007910728454589844,0.185,26.0
1639,0.001287698745727539,0.185,26.0
1640,0.0006842613220214844,0.185,26.0
1641,0.0022346973419189453,0.185,26.0
1642,0.0006299018859863281,0.185,26.400000000000002
1643,0.0012669563293457031,0.185,26.400000000000002
1644,0.0007510185241699219,0.185,26.8
1645,0.002254486083984375,0.185,27.200000000000003
1646,0.0006036758422851562,0.188,27.6
1647,0.0028629302978515625,0.188,28.0
1648,0.0006341934204101562,0.188,28.400000000000002
1649,0.002100229263305664,0.188,29.200000000000003
1650,0.0018112659454345703,0.19,29.6
1651,0.0019192695617675781,0.192,30.400000000000002
1652,0.0006721019744873047,0.192,31.200000000000003
1653,0.0022017955780029297,0.194,31.6
1654,0.0006780624389648438,0.194,32.4
1655,0.002137899398803711,0.194,33.2
1656,0.0006365776062011719,0.196,34.0
1657,0.002291440963745117,0.198,34.800000000000004
1658,0.0012269020080566406,0.198,35.6
1659,0.0012269020080566406,0.2,35.6
1660,0.0013816356658935547,0.2,36.4
1661,0.0012288093566894531,0.2,37.2
1662,0.0006413459777832031,0.203,38.400000000000006
1663,0.0020685195922851562,0.205,39.2
1664,0.0015990734100341797,0.205,40.0
1665,0.0006465911865234375,0.205,40.800000000000004
1666,0.0014002323150634766,0.205,41.6
1667,0.001283884048461914,0.205,42.400000000000006
1668,0.002153158187866211,0.205,43.2
1669,0.0011942386627197266,0.205,44.0
1670,0.0011758804321289062,0.205,44.800000000000004
1671,0.0006299018859863281,0.205,45.6
1672,0.0022618770599365234,0.205,46.400000000000006
1673,0.0022237300872802734,0.205,47.2
1674,0.0016887187957763672,0.205,48.0
1675,0.0006470680236816406,0.205,48.400000000000006
1676,0.002011537551879883,0.205,49.2
1677,0.0012345314025878906,0.205,49.6
1678,0.0011644363403320312,0.205,50.400000000000006
1679,0.0012624263763427734,0.205,50.800000000000004
1680,0.002027750015258789,0.205,51.2
1681,0.0017497539520263672,0.205,51.6
1682,0.0014383792877197266,0.205,52.0
1683,0.0015840530395507812,0.205,52.400000000000006
1684,0.001020193099975586,0.205,52.800000000000004
1685,0.0024068355560302734,0.205,53.2
1686,0.0013337135314941406,0.205,53.2
1687,0.0019512176513671875,0.205,53.2
1688,0.0012710094451904297,0.205,53.2
1689,0.0008730888366699219,0.205,53.2
1690,0.0024063587188720703,0.205,53.2
1691,0.0006380081176757812,0.205,53.2
1692,0.0020360946655273438,0.205,53.2
1693,0.000591278076171875,0.205,52.800000000000004
1694,0.002232074737548828,0.205,52.800000000000004
1695,0.0009202957153320312,0.205,52.400000000000006
1696,0.0020651817321777344,0.205,52.0
1697,0.0009272098541259766,0.205,51.6
1698,0.0022699832916259766,0.205,51.2
1699,0.0007612705230712891,0.205,50.800000000000004
1700,0.001562356948852539,0.205,50.400000000000006
1701,0.0006661415100097656,0.207,50.0
1702,0.0022101402282714844,0.209,49.2
1703,0.0006442070007324219,0.211,48.800000000000004
1704,0.0021419525146484375,0.213,48.400000000000006
1705,0.0013990402221679688,0.21600000000000005,47.6
1706,0.0016751289367675781,0.218,47.2
1707,0.0006585121154785156,0.22,46.400000000000006
1708,0.0013544559478759766,0.222,45.6
1709,0.0006005764007568359,0.222,45.2
1710,0.0020956993103027344,0.226,44.400000000000006
1711,0.0013248920440673828,0.226,44.0
1712,0.0010993480682373047,0.226,43.6
1713,0.0006151199340820312,0.226,42.800000000000004
1714,0.0013689994812011719,0.226,42.400000000000006
1715,0.0008790493011474609,0.226,42.0
1716,0.0018885135650634766,0.226,41.6
1717,0.00060272216796875,0.226,41.2
1718,0.002134084701538086,0.226,41.2
1719,0.0006091594696044922,0.226,40.800000000000004
1720,0.0014739036560058594,0.226,40.800000000000004
1721,0.0020203590393066406,0.226,40.800000000000004
1722,0.0006265640258789062,0.226,40.800000000000004
1723,0.0023245811462402344,0.226,40.800000000000004
1724,0.001947641372680664,0.226,41.2
1725,0.0006155967712402344,0.226,41.2
1726,0.0017969608306884766,0.226,41.6
1727,0.001222372055053711,0.226,42.0
1728,0.0013568401336669922,0.226,42.400000000000006
1729,0.0006673336029052734,0.226,42.800000000000004
1730,0.0015301704406738281,0.226,43.2
1731,0.0011565685272216797,0.222,43.6
1732,0.000728607177734375,0.213,44.400000000000006
1733,0.0016427040100097656,0.209,44.800000000000004
1734,0.0016148090362548828,0.192,45.6
1735,0.0019290447235107422,0.179,46.0
1736,0.0015168190002441406,0.172,46.800000000000004
1737,0.0007321834564208984,0.166,47.6
1738,0.0020194053649902344,0.16399999999999998,48.400000000000006
1739,0.0011265277862548828,0.162,48.800000000000004
1740,0.0008089542388916016,0.159,49.6
1741,0.0015158653259277344,0.153,50.0
1742,0.0005764961242675781,0.153,50.400000000000006
1743,0.002076387405395508,0.151,50.800000000000004
1744,0.000545501708984375,0.151,51.2
1745,0.0013420581817626953,0.147,51.2
1746,0.0005991458892822266,0.14400000000000002,51.2
1747,0.0015037059783935547,0.142,50.800000000000004
1748,0.0006666183471679688,0.142,50.800000000000004
1749,0.0022153854370117188,0.142,50.0
1750,0.0006551742553710938,0.142,49.6
1751,0.0015575885772705078,0.142,48.800000000000004
1752,0.0005846023559570312,0.142,48.0
1753,0.0020895004272460938,0.142,46.800000000000004
1754,0.0006544589996337891,0.142,45.6
1755,0.0013852119445800781,0.142,44.400000000000006
1756,0.0013043880462646484,0.142,42.800000000000004
1757,0.002325296401977539,0.142,41.2
1758,0.0017921924591064453,0.142,39.6
1759,0.0006361007690429688,0.142,37.6
1760,0.0013053417205810547,0.142,35.6
1761,0.0005962848663330078,0.147,34.0
1762,0.0018727779388427734,0.149,32.0
1763,0.0005459785461425781,0.151,29.6
1764,0.001561880111694336,0.151,27.6
1765,0.0005450248718261719,0.155,25.6
1766,0.0013148784637451172,0.162,23.6
1767,0.0013484954833984375,0.162,21.200000000000003
1768,0.0012433528900146484,0.162,19.200000000000003
1769,0.0012502670288085938,0.162,17.2
1770,0.0006241798400878906,0.162,15.200000000000001
1771,0.0012860298156738281,0.166,13.600000000000001
1772,0.0009591579437255859,0.166,12.0
1773,0.0005981922149658203,0.166,10.4
1774,0.0019969940185546875,0.166,8.8
1775,0.0006392002105712891,0.166,7.6000000000000005
1776,0.0014214515686035156,0.17,6.4
1777,0.0006129741668701172,0.17,5.6000000000000005
1778,0.0012845993041992188,0.17,4.800000000000001
1779,0.0014805793762207031,0.17,4.4
1780,0.0007040500640869141,0.172,4.0
1781,0.0021610260009765625,0.172,4.0
1782,0.0019714832305908203,0.172,4.0
1783,0.0006644725799560547,0.172,4.0
1784,0.0023016929626464844,0.172,4.800000000000001
1785,0.0006356239318847656,0.175,5.2
1786,0.001215219497680664,0.175,6.0
1787,0.0007836818695068359,0.175,7.2
1788,0.0022077560424804688,0.177,8.4
1789,0.0006003379821777344,0.177,10.0
1790,0.0012307167053222656,0.177,11.600000000000001
1791,0.0005471706390380859,0.177,13.200000000000001
1792,0.0021190643310546875,0.177,15.200000000000001
1793,0.0005679130554199219,0.177,16.8
1794,0.0020852088928222656,0.179,19.200000000000003
1795,0.0006258487701416016,0.179,21.200000000000003
1796,0.0015816688537597656,0.179,23.6
1797,0.0006277561187744141,0.179,25.6
1798,0.0011572837829589844,0.179,28.0
1799,0.0006413459777832031,0.179,30.400000000000002
1800,0.0016736984252929688,0.179,32.800000000000004
1801,0.0019631385803222656,0.179,35.2
1802,0.0019631385803222656,0.175,35.2
1803,0.0014526844024658203,0.166,37.6
1804,0.0005905628204345703,0.157,39.6
1805,0.0012323856353759766,0.155,42.0
1806,0.0018835067749023438,0.153,44.400000000000006
1807,0.0005652904510498047,0.14400000000000002,46.400000000000006
1808,0.002094745635986328,0.142,48.400000000000006
1809,0.0005595684051513672,0.14,50.400000000000006
1810,0.0014085769653320312,0.134,52.0
1811,0.0005857944488525391,0.129,53.6
1812,0.0014181137084960938,0.125,55.2
1813,0.0006148815155029297,0.123,56.400000000000006
1814,0.0020301342010498047,0.121,57.6
1815,0.0005743503570556641,0.121,58.400000000000006
1816,0.002111673355102539,0.121,58.800000000000004
1817,0.0005514621734619141,0.121,59.2
1818,0.0014264583587646484,0.121,59.6
1819,0.0012965202331542969,0.121,59.6
1820,0.0006725788116455078,0.121,59.2
1821,0.0011379718780517578,0.121,58.400000000000006
1822,0.00162506103515625,0.121,57.6
1823,0.0005526542663574219,0.121,56.800000000000004
1824,0.001963376998901367,0.121,55.2
1825,0.0005602836608886719,0.121,54.0
1826,0.0014386177062988281,0.121,52.0
1827,0.0011806488037109375,0.121,50.400000000000006
1828,0.0005953311920166016,0.121,48.0
1829,0.001255035400390625,0.121,45.6
1830,0.0006582736968994141,0.121,43.2
1831,0.001264333724975586,0.121,40.800000000000004
1832,0.0019271373748779297,0.121,38.0
1833,0.0006554126739501953,0.121,34.800000000000004
1834,0.0020520687103271484,0.121,32.0
1835,0.0007114410400390625,0.121,28.8
1836,0.0013179779052734375,0.121,25.6
1837,0.0005891323089599609,0.121,22.400000000000002
1838,0.0024671554565429688,0.121,19.200000000000003
1839,0.0005726814270019531,0.121,16.0
1840,0.0021982192993164062,0.121,12.8
1841,0.0019388198852539062,0.121,10.0
1842,0.0005788803100585938,0.121,6.800000000000001
1843,0.001447916030883789,0.121,4.0
1844,0.0006072521209716797,0.121,1.2000000000000002
1845,0.0013561248779296875,0.121,-1.6
1846,0.0006742477416992188,0.121,-4.0
1847,0.0022432804107666016,0.121,-6.0
1848,0.0006344318389892578,0.121,-8.0
1849,0.0013496875762939453,0.121,-10.0
1850,0.000957489013671875,0.121,-11.600000000000001
1851,0.0008366107940673828,0.121,-12.8
1852,0.0013089179992675781,0.121,-13.600000000000001
1853,0.0006232261657714844,0.121,-14.4
1854,0.0016131401062011719,0.121,-14.8
1855,0.0008645057678222656,0.125,-15.200000000000001
1856,0.0015463829040527344,0.125,-15.200000000000001
1857,0.0018610954284667969,0.125,-14.8
1858,0.0007658004760742188,0.125,-14.0
1859,0.0012514591217041016,0.127,-13.200000000000001
1860,0.0012230873107910156,0.127,-12.0
1861,0.00142669677734375,0.127,-10.8
1862,0.0018680095672607422,0.127,-9.200000000000001
1863,0.0006487369537353516,0.127,-7.2
1864,0.0019965171813964844,0.129,-5.2
1865,0.0006322860717773438,0.131,-2.8000000000000003
1866,0.0022249221801757812,0.131,-0.4
1867,0.0013115406036376953,0.131,2.0
1868,0.0006515979766845703,0.131,4.800000000000001
1869,0.0021419525146484375,0.131,7.6000000000000005
1870,0.0011713504791259766,0.131,10.4
1871,0.0019478797912597656,0.131,13.200000000000001
1872,0.0006349086761474609,0.131,16.0
1873,0.0014171600341796875,0.131,19.200000000000003
1874,0.0011582374572753906,0.131,22.0
1875,0.0008094310760498047,0.131,24.8
1876,0.0021326541900634766,0.131,28.0
1877,0.0006661415100097656,0.131,30.8
1878,0.002152681350708008,0.131,33.6
1879,0.0005936622619628906,0.131,36.0
1880,0.0014379024505615234,0.131,38.400000000000006
1881,0.0012133121490478516,0.131,40.800000000000004
1882,0.0008919239044189453,0.131,43.2
1883,0.001963376998901367,0.131,45.2
1884,0.0006079673767089844,0.131,46.800000000000004
1885,0.0013434886932373047,0.131,48.800000000000004
1886,0.0010547637939453125,0.131,50.0
1887,0.0017361640930175781,0.131,51.2
1888,0.0006422996520996094,0.131,52.400000000000006
1889,0.0014560222625732422,0.131,53.2
1890,0.0005564689636230469,0.131,54.0
1891,0.0021736621856689453,0.131,54.400000000000006
1892,0.0005583763122558594,0.131,54.400000000000006
1893,0.0019142627716064453,0.131,54.400000000000006
1894,0.00052642822265625,0.131,54.400000000000006
1895,0.0020601749420166016,0.131,53.6
1896,0.0006575584411621094,0.131,53.2
1897,0.002088785171508789,0.131,52.0
1898,0.0006558895111083984,0.131,51.2
1899,0.001409769058227539,0.131,50.0
1900,0.0007009506225585938,0.131,48.400000000000006
1901,0.002317667007446289,0.131,46.800000000000004
1902,0.0006282329559326172,0.131,45.2
1903,0.0013926029205322266,0.131,43.2
1904,0.0005609989166259766,0.131,41.2
1905,0.0020742416381835938,0.131,38.800000000000004
1906,0.0005943775177001953,0.131,36.4
1907,0.0013167858123779297,0.131,34.0
1908,0.0013813972473144531,0.131,31.6
1909,0.0014166831970214844,0.131,29.200000000000003
1910,0.0014083385467529297,0.131,26.400000000000002
1911,0.0006685256958007812,0.131,23.6
1912,0.0014679431915283203,0.131,21.200000000000003
1913,0.001821756362915039,0.131,18.400000000000002
1914,0.0013759136199951172,0.131,16.0
1915,0.0012316703796386719,0.131,13.200000000000001
1916,0.0017039775848388672,0.131,10.8
1917,0.0015697479248046875,0.131,8.4
1918,0.0026035308837890625,0.131,6.0
1919,0.0018475055694580078,0.131,4.0
1920,0.0006766319274902344,0.131,2.0
1921,0.0021042823791503906,0.131,0.0
1922,0.0009963512420654297,0.131,-1.6
1923,0.0006308555603027344,0.131,-3.2
1924,0.002246379852294922,0.131,-4.4
1925,0.00063323974609375,0.131,-5.6000000000000005
1926,0.001584768295288086,0.131,-6.4
1927,0.0011339187622070312,0.131,-7.2
1928,0.0023081302642822266,0.131,-7.6000000000000005
1929,0.0018830299377441406,0.131,-8.0
1930,0.00110626220703125,0.131,-8.0
1931,0.0010628700256347656,0.131,-7.6000000000000005
1932,0.0019643306732177734,0.131,-7.2
1933,0.0011796951293945312,0.131,-6.800000000000001
1934,0.0007302761077880859,0.131,-5.6000000000000005
1935,0.0011622905731201172,0.131,-4.800000000000001
1936,0.0020902156829833984,0.131,-3.6
1937,0.0006833076477050781,0.131,-2.0
1938,0.001416921615600586,0.131,-0.4
1939,0.0006518363952636719,0.134,1.6
1940,0.0020966529846191406,0.134,3.2
1941,0.0006108283996582031,0.136,5.6000000000000005
1942,0.0014233589172363281,0.136,7.6000000000000005
1943,0.0019690990447998047,0.138,10.0
1944,0.0006029605865478516,0.142,12.0
1945,0.002080678939819336,0.14400000000000002,14.4
1946,0.0011143684387207031,0.153,16.8
1947,0.0007426738739013672,0.155,19.6
1948,0.0020978450775146484,0.159,22.0
1949,0.0013370513916015625,0.16399999999999998,24.400000000000002
1950,0.0013570785522460938,0.168,26.8
1951,0.0011832714080810547,0.172,29.200000000000003
1952,0.0016851425170898438,0.175,31.200000000000003
1953,0.0016851425170898438,0.177,31.200000000000003
1954,0.0006763935089111328,0.177,33.6
1955,0.0013692378997802734,0.181,36.0
1956,0.0007181167602539062,0.185,38.0
1957,0.0022776126861572266,0.185,40.0
1958,0.0007877349853515625,0.185,42.0
1959,0.002068042755126953,0.185,44.0
1960,0.001875162124633789,0.185,46.0
1961,0.0006384849548339844,0.185,47.6
1962,0.002274751663208008,0.185,49.2
1963,0.0005970001220703125,0.185,50.800000000000004
1964,0.0022656917572021484,0.185,52.0
1965,0.0012924671173095703,0.185,53.6
1966,0.0013613700866699219,0.185,54.800000000000004
1967,0.0013458728790283203,0.185,55.6
1968,0.001283884048461914,0.185,56.800000000000004
1969,0.0006613731384277344,0.185,57.6
1970,0.0013768672943115234,0.185,58.400000000000006
1971,0.000621795654296875,0.179,58.800000000000004
1972,0.0015861988067626953,0.177,59.2
1973,0.0005741119384765625,0.172,59.6
1974,0.001516103744506836,0.172,60.0
1975,0.0006413459777832031,0.172,60.0
1976,0.00127410888671875,0.172,60.0
1977,0.0020182132720947266,0.172,59.6
1978,0.0006093978881835938,0.172,59.2
1979,0.0014503002166748047,0.172,58.800000000000004
1980,0.0015177726745605469,0.172,58.0
1981,0.0021889209747314453,0.172,57.2
1982,0.0007069110870361328,0.172,56.400000000000006
1983,0.0011076927185058594,0.172,55.6
1984,0.0005998611450195312,0.172,54.400000000000006
1985,0.0020112991333007812,0.172,53.2
1986,0.0016527175903320312,0.172,51.6
1987,0.0011553764343261719,0.177,50.0
1988,0.0005898475646972656,0.177,48.800000000000004
1989,0.0015208721160888672,0.177,46.800000000000004
1990,0.0006232261657714844,0.177,45.2
1991,0.0021042823791503906,0.177,43.2
1992,0.0005767345428466797,0.177,41.6
1993,0.002081632614135742,0.177,39.6
1994,0.0005588531494140625,0.177,37.6
1995,0.0018553733825683594,0.177,35.6
1996,0.0006015300750732422,0.177,34.0
1997,0.0013191699981689453,0.177,32.0
1998,0.0017905235290527344,0.177,30.0
1999,0.0004944801330566406,0.177,28.0
2000,0.0010666847229003906,0.177,26.400000000000002
2001,0.0006318092346191406,0.177,24.400000000000002
2002,0.0022029876708984375,0.177,22.8
2003,0.0004448890686035156,0.177,21.200000000000003
2004,0.0012633800506591797,0.175,20.0
2005,0.0005538463592529297,0.166,18.400000000000002
2006,0.0023348331451416016,0.159,17.2
2007,0.0005948543548583984,0.155,16.400000000000002
2008,0.0022232532501220703,0.151,15.200000000000001
2009,0.0005578994750976562,0.149,14.4
2010,0.001958608627319336,0.147,13.600000000000001
2011,0.00047016143798828125,0.147,13.200000000000001
2012,0.0017559528350830078,0.147,12.8
2013,0.00057220458984375,0.147,12.4
2014,0.0023775100708007812,0.147,12.0
2015,0.0011456012725830078,0.147,12.0
2016,0.0019676685333251953,0.147,12.0
2017,0.0019066333770751953,0.147,12.4
2018,0.0018153190612792969,0.147,12.4
2019,0.0006706714630126953,0.147,12.8
2020,0.00209808349609375,0.147,13.200000000000001
2021,0.0019102096557617188,0.147,13.600000000000001
2022,0.0006380081176757812,0.147,14.4
2023,0.0011663436889648438,0.147,14.8
2024,0.002063274383544922,0.147,15.600000000000001
2025,0.0006592273712158203,0.147,16.400000000000002
2026,0.0013954639434814453,0.147,17.2
2027,0.0012199878692626953,0.147,18.400000000000002
2028,0.0013387203216552734,0.147,19.200000000000003
2029,0.0006744861602783203,0.147,20.0
2030,0.0020360946655273438,0.147,21.200000000000003
2031,0.0007045269012451172,0.151,22.400000000000002
2032,0.001844644546508789,0.153,23.200000000000003
2033,0.0016813278198242188,0.155,24.400000000000002
2034,0.0013167858123779297,0.155,25.200000000000003
2035,0.0011425018310546875,0.157,26.400000000000002
2036,0.0012869834899902344,0.159,27.6
2037,0.0007185935974121094,0.16399999999999998,28.400000000000002
2038,0.0012738704681396484,0.16399999999999998,29.6
2039,0.001867532730102539,0.166,30.400000000000002
2040,0.0006413459777832031,0.17,31.200000000000003
2041,0.002097606658935547,0.172,32.0
2042,0.0006215572357177734,0.175,33.2
2043,0.0014553070068359375,0.175,34.0
2044,0.000640869140625,0.175,34.800000000000004
2045,0.0012524127960205078,0.175,35.2
2046,0.0005877017974853516,0.175,36.0
2047,0.0013823509216308594,0.175,36.800000000000004
2048,0.0006055831909179688,0.175,37.2
2049,0.0014395713806152344,0.175,38.0
2050,0.0006155967712402344,0.175,38.400000000000006
2051,0.0013256072998046875,0.175,38.800000000000004
2052,0.0005903244018554688,0.175,39.2
2053,0.002160787582397461,0.175,39.6
2054,0.0006136894226074219,0.175,40.0
2055,0.0020563602447509766,0.175,40.400000000000006
2056,0.0006034374237060547,0.175,40.800000000000004
2057,0.002055644989013672,0.175,40.800000000000004
2058,0.0012004375457763672,0.172,41.2
2059,0.0005891323089599609,0.172,41.2
2060,0.001455068588256836,0.155,41.2
2061,0.0006611347198486328,0.151,41.2
2062,0.0013422966003417969,0.14,40.800000000000004
2063,0.0006330013275146484,0.134,40.800000000000004
2064,0.001367330551147461,0.127,40.800000000000004
2065,0.0006430149078369141,0.125,40.400000000000006
2066,0.002418041229248047,0.121,40.0
2067,0.0017697811126708984,0.121,39.6
2068,0.0018267631530761719,0.119,39.2
2069,0.0018813610076904297,0.119,38.400000000000006
2070,0.0006737709045410156,0.119,37.6
2071,0.0012764930725097656,0.119,36.800000000000004
2072,0.0018177032470703125,0.119,36.0
2073,0.0012412071228027344,0.119,34.800000000000004
2074,0.0015087127685546875,0.119,33.6
2075,0.0013651847839355469,0.119,32.4
2076,0.0012676715850830078,0.119,31.200000000000003
2077,0.0006170272827148438,0.119,29.6
2078,0.0023012161254882812,0.119,28.400000000000002
2079,0.0006296634674072266,0.119,26.8
2080,0.0019960403442382812,0.119,25.200000000000003
2081,0.0006353855133056641,0.119,23.200000000000003
2082,0.0015072822570800781,0.119,21.6
2083,0.0011806488037109375,0.119,20.0
2084,0.0006847381591796875,0.119,18.400000000000002
2085,0.0020864009857177734,0.119,16.400000000000002
2086,0.0012784004211425781,0.119,14.8
2087,0.0010132789611816406,0.119,13.200000000000001
2088,0.0011837482452392578,0.121,11.600000000000001
2089,0.001239776611328125,0.121,10.0
2090,0.0012650489807128906,0.121,8.8
2091,0.0013873577117919922,0.123,7.2
2092,0.0008654594421386719,0.123,6.0
2093,0.0014150142669677734,0.123,4.800000000000001
2094,0.0019085407257080078,0.123,4.0
2095,0.0006487369537353516,0.125,2.8000000000000003
2096,0.002121448516845703,0.127,2.0
2097,0.0006451606750488281,0.127,1.6
2098,0.0020143985748291016,0.131,0.8
2099,0.0020143985748291016,0.131,0.8
2100,0.001462697982788086,0.131,0.4
2101,0.0006163120269775391,0.131,0.4
2102,0.0014336109161376953,0.134,0.4
2103,0.0005769729614257812,0.136,0.4
2104,0.001394510269165039,0.138,0.8
2105,0.0006284713745117188,0.138,1.2000000000000002
2106,0.0022230148315429688,0.138,1.6
2107,0.0005517005920410156,0.138,2.4000000000000004
2108,0.0013458728790283203,0.138,3.2
2109,0.0005514621734619141,0.138,4.0
2110,0.0014483928680419922,0.138,5.2
2111,0.0005588531494140625,0.138,6.4
2112,0.0020761489868164062,0.138,8.0
2113,0.0005326271057128906,0.138,9.200000000000001
2114,0.0022284984588623047,0.138,10.8
2115,0.0008435249328613281,0.138,12.4
2116,0.002162456512451172,0.138,14.0
2117,0.0015110969543457031,0.138,16.0
2118,0.0009305477142333984,0.138,17.6
2119,0.0022437572479248047,0.138,19.6
2120,0.0007083415985107422,0.138,21.200000000000003
2121,0.0012154579162597656,0.138,23.200000000000003
2122,0.0021512508392333984,0.138,24.8
2123,0.0018930435180664062,0.131,26.8
2124,0.0020051002502441406,0.127,28.400000000000002
2125,0.001680612564086914,0.121,30.400000000000002
2126,0.0017757415771484375,0.116,32.0
2127,0.0014944076538085938,0.11,33.2
2128,0.00138092041015625,0.108,34.800000000000004
2129,0.0013041496276855469,0.103,36.0
2130,0.0007266998291015625,0.103,37.6
2131,0.001390218734741211,0.103,38.400000000000006
2132,0.002097606658935547,0.103,39.6
2133,0.0020227432250976562,0.103,40.400000000000006
2134,0.0012631416320800781,0.103,40.800000000000004
2135,0.0014100074768066406,0.103,41.2
2136,0.0008723735809326172,0.103,41.6
2137,0.002204418182373047,0.103,41.6
2138,0.0018253326416015625,0.103,41.6
2139,0.0007801055908203125,0.103,41.2
2140,0.0021054744720458984,0.103,40.800000000000004
2141,0.0012848377227783203,0.103,40.400000000000006
2142,0.001585245132446289,0.103,39.6
2143,0.0015079975128173828,0.103,38.400000000000006
2144,0.0019159317016601562,0.103,37.2
2145,0.0010814666748046875,0.103,36.0
2146,0.00072479248046875,0.103,34.800000000000004
2147,0.0013668537139892578,0.103,33.2
2148,0.0006923675537109375,0.103,31.200000000000003
2149,0.0014934539794921875,0.103,29.6
2150,0.0008728504180908203,0.103,27.6
2151,0.001986980438232422,0.103,25.6
2152,0.0006206035614013672,0.103,23.6
2153,0.0014412403106689453,0.103,21.6
2154,0.0005939006805419922,0.11,19.6
2155,0.0012888908386230469,0.114,17.2
2156,0.0006060600280761719,0.121,15.200000000000001
2157,0.0014219284057617188,0.123,12.8
2158,0.0005960464477539062,0.127,10.8
2159,0.0012836456298828125,0.134,8.8
2160,0.0007338523864746094,0.136,6.800000000000001
2161,0.002081632614135742,0.138,4.800000000000001
2162,0.0013360977172851562,0.14400000000000002,2.8000000000000003
2163,0.0005795955657958984,0.147,1.2000000000000002
2164,0.0014688968658447266,0.151,-0.4
2165,0.000579833984375,0.151,-1.6
2166,0.001196146011352539,0.151,-2.8000000000000003
2167,0.0006117820739746094,0.151,-4.0
2168,0.0020461082458496094,0.155,-4.800000000000001
2169,0.0006253719329833984,0.155,-5.2
2170,0.002213716506958008,0.155,-5.6000000000000005
2171,0.0005624294281005859,0.155,-5.6000000000000005
2172,0.0020952224731445312,0.155,-5.6000000000000005
2173,0.0012712478637695312,0.155,-5.2
2174,0.001554727554321289,0.155,-4.4
2175,0.0015778541564941406,0.155,-3.6
2176,0.0012416839599609375,0.155,-2.4000000000000004
2177,0.0018107891082763672,0.155,-1.2000000000000002
2178,0.0006818771362304688,0.155,0.4
2179,0.0012886524200439453,0.155,2.0
2180,0.0011928081512451172,0.155,4.0
2181,0.0013623237609863281,0.155,6.0
2182,0.0014789104461669922,0.149,8.4
2183,0.0014045238494873047,0.14,10.4
2184,0.001214742660522461,0.131,13.200000000000001
2185,0.002066373825073242,0.123,15.600000000000001
2186,0.0012083053588867188,0.119,18.0
2187,0.00112152099609375,0.11,20.8
2188,0.0007658004760742188,0.101,23.6
2189,0.0018088817596435547,0.099,26.0
2190,0.0014395713806152344,0.095,28.8
2191,0.002195596694946289,0.095,31.200000000000003
2192,0.0015184879302978516,0.095,33.6
2193,0.0018155574798583984,0.095,36.0
2194,0.0006663799285888672,0.095,38.400000000000006
2195,0.0013086795806884766,0.095,40.400000000000006
2196,0.0006325244903564453,0.095,42.0
2197,0.0020470619201660156,0.093,43.6
2198,0.001135110855102539,0.093,44.800000000000004
2199,0.00086212158203125,0.093,46.0
2200,0.0014486312866210938,0.093,47.2
2201,0.0006151199340820312,0.093,47.6
2202,0.0013113021850585938,0.097,48.0
2203,0.0009768009185791016,0.101,48.400000000000006
2204,0.0006177425384521484,0.101,48.400000000000006
2205,0.0006549358367919922,0.103,48.0
2206,0.0012483596801757812,0.108,47.6
2207,0.0005521774291992188,0.11,46.800000000000004
2208,0.002267599105834961,0.11,46.0
2209,0.0013797283172607422,0.11,44.800000000000004
2210,0.0011677742004394531,0.11,43.2
2211,0.0007290840148925781,0.11,41.6
2212,0.0021278858184814453,0.11,40.0
2213,0.0005500316619873047,0.11,38.0
2214,0.001291513442993164,0.11,36.0
2215,0.0007164478302001953,0.11,33.6
2216,0.002048015594482422,0.11,31.6
2217,0.0011174678802490234,0.11,29.200000000000003
2218,0.0005877017974853516,0.11,26.400000000000002
2219,0.0014226436614990234,0.108,24.0
2220,0.001332998275756836,0.108,21.200000000000003
2221,0.0006055831909179688,0.108,18.8
2222,0.0014312267303466797,0.108,16.0
2223,0.0016939640045166016,0.108,13.600000000000001
2224,0.0013360977172851562,0.108,10.8
2225,0.0005826950073242188,0.108,8.4
2226,0.0022194385528564453,0.108,6.0
2227,0.001271963119506836,0.108,3.6
2228,0.0013251304626464844,0.108,1.6
2229,0.0011444091796875,0.108,-0.8
2230,0.0008730888366699219,0.108,-2.8000000000000003
2231,0.0013303756713867188,0.108,-4.4
2232,0.0020918846130371094,0.108,-6.0
2233,0.0011055469512939453,0.108,-7.6000000000000005
2234,0.001505136489868164,0.108,-8.8
2235,0.001314401626586914,0.108,-9.600000000000001
2236,0.0009629726409912109,0.108,-10.4
2237,0.0008893013000488281,0.108,-11.200000000000001
2238,0.001455545425415039,0.108,-11.600000000000001
2239,0.0015780925750732422,0.108,-11.600000000000001
2240,0.0011963844299316406,0.108,-11.600000000000001
2241,0.0006570816040039062,0.108,-11.200000000000001
2242,0.0013270378112792969,0.108,-10.8
2243,0.0020227432250976562,0.108,-10.0
2244,0.0020227432250976562,0.108,-10.0
2245,0.001425027847290039,0.108,-9.200000000000001
2246,0.0011243820190429688,0.108,-8.0
2247,0.0006406307220458984,0.108,-6.4
2248,0.0022177696228027344,0.108,-5.2
2249,0.0012965202331542969,0.108,-3.2
2250,0.0008020401000976562,0.108,-1.6
2251,0.0015697479248046875,0.108,0.4
2252,0.0005843639373779297,0.108,2.4000000000000004
2253,0.0020847320556640625,0.108,4.800000000000001
2254,0.0005996227264404297,0.108,7.2
2255,0.0019421577453613281,0.108,9.200000000000001
2256,0.0006263256072998047,0.108,11.600000000000001
2257,0.0010449886322021484,0.108,14.0
2258,0.0005981922149658203,0.108,16.400000000000002
2259,0.0021615028381347656,0.108,18.8
2260,0.0005888938903808594,0.108,21.200000000000003
2261,0.0015282630920410156,0.108,23.6
2262,0.0011298656463623047,0.108,26.0
2263,0.0014774799346923828,0.108,28.0
2264,0.0023212432861328125,0.108,30.0
2265,0.0006444454193115234,0.108,32.0
2266,0.0018262863159179688,0.108,33.6
2267,0.0010883808135986328,0.108,35.6
2268,0.0006213188171386719,0.108,36.800000000000004
2269,0.0018095970153808594,0.108,38.400000000000006
2270,0.0006082057952880859,0.108,39.6
2271,0.001331329345703125,0.108,40.800000000000004
2272,0.0005726814270019531,0.108,41.6
2273,0.0018985271453857422,0.108,42.0
2274,0.0005476474761962891,0.108,42.800000000000004
2275,0.0013554096221923828,0.119,42.800000000000004
2276,0.0014407634735107422,0.129,43.2
2277,0.0007839202880859375,0.14,43.2
2278,0.0018143653869628906,0.142,42.800000000000004
2279,0.001939535140991211,0.14400000000000002,42.400000000000006
2280,0.0006582736968994141,0.149,41.6
2281,0.001397848129272461,0.153,40.800000000000004
2282,0.0013010501861572266,0.153,40.0
2283,0.0012853145599365234,0.153,38.800000000000004
2284,0.001499176025390625,0.153,37.6
2285,0.0018274784088134766,0.153,36.4
2286,0.0006990432739257812,0.153,35.2
2287,0.0011796951293945312,0.153,33.6
2288,0.0010881423950195312,0.153,32.4
2289,0.0014657974243164062,0.153,30.8
2290,0.0011892318725585938,0.153,29.200000000000003
2291,0.0005085468292236328,0.153,27.6
2292,0.0008320808410644531,0.153,26.0
2293,0.0011200904846191406,0.153,24.400000000000002
2294,0.0006139278411865234,0.14400000000000002,23.200000000000003
2295,0.0024077892303466797,0.134,21.6
2296,0.0008404254913330078,0.125,20.0
2297,0.001683950424194336,0.121,18.8
2298,0.002000093460083008,0.116,17.2
2299,0.001252889633178711,0.114,16.0
2300,0.0011467933654785156,0.11,14.8
2301,0.0007717609405517578,0.108,14.0
2302,0.0012371540069580078,0.108,12.8
2303,0.0006606578826904297,0.108,11.600000000000001
2304,0.002222776412963867,0.108,10.8
2305,0.0006158351898193359,0.108,10.0
2306,0.0021524429321289062,0.108,9.200000000000001
2307,0.0006098747253417969,0.108,8.4
2308,0.002096891403198242,0.108,7.6000000000000005
2309,0.0005810260772705078,0.108,7.2
2310,0.0020818710327148438,0.108,6.800000000000001
2311,0.0005779266357421875,0.108,6.4
2312,0.0025472640991210938,0.108,6.0
2313,0.0005483627319335938,0.108,5.6000000000000005
2314,0.0005230903625488281,0.108,5.2
2315,0.0006783008575439453,0.108,5.2
2316,0.0013544559478759766,0.108,5.2
2317,0.0006186962127685547,0.108,5.2
2318,0.0019910335540771484,0.108,5.6000000000000005
2319,0.0012798309326171875,0.108,5.6000000000000005
2320,0.0008151531219482422,0.108,6.0
2321,0.0021560192108154297,0.108,6.4
2322,0.0011899471282958984,0.108,6.800000000000001
2323,0.0006270408630371094,0.108,7.2
2324,0.001953125,0.108,8.0
2325,0.0005891323089599609,0.108,8.4
2326,0.0011403560638427734,0.108,9.200000000000001
2327,0.0013737678527832031,0.108,10.0
2328,0.000606536865234375,0.108,10.8
2329,0.0018725395202636719,0.108,11.600000000000001
2330,0.0006189346313476562,0.108,12.4
2331,0.001996278762817383,0.108,13.200000000000001
2332,0.0006866455078125,0.108,14.4
2333,0.00157928466796875,0.108,15.200000000000001
2334,0.0013630390167236328,0.108,16.0
2335,0.0011243820190429688,0.108,16.8
2336,0.000720977783203125,0.103,18.0
2337,0.002159595489501953,0.103,18.8
2338,0.0005896091461181641,0.103,19.6
2339,0.0020122528076171875,0.103,20.400000000000002
2340,0.0012140274047851562,0.101,21.200000000000003
2341,0.0015447139739990234,0.101,22.0
2342,0.001329183578491211,0.101,22.400000000000002
2343,0.0006365776062011719,0.093,23.200000000000003
2344,0.0016019344329833984,0.08199999999999999,23.6
2345,0.0006546974182128906,0.075,24.0
2346,0.0013451576232910156,0.071,24.400000000000002
2347,0.0019617080688476562,0.067,24.8
2348,0.0011758804321289062,0.063,25.200000000000003
2349,0.0014259815216064453,0.06,25.200000000000003
2350,0.0007073879241943359,0.055999999999999994,25.200000000000003
2351,0.0011315345764160156,0.05,25.200000000000003
2352,0.0006136894226074219,0.047,24.8
2353,0.002225160598754883,0.047,24.400000000000002
2354,0.0005509853363037109,0.045,24.0
2355,0.0015511512756347656,0.045,23.6
2356,0.0005583763122558594,0.039,22.8
2357,0.0014617443084716797,0.03,22.0
2358,0.0006999969482421875,0.026,21.200000000000003
2359,0.0013036727905273438,0.024,20.0
2360,0.0011184215545654297,0.019,18.8
2361,0.00038933753967285156,0.017,17.2
2362,0.0006167888641357422,0.011,16.0
2363,0.0004520416259765625,0.009000000000000001,14.4
2364,0.0011570453643798828,0.006,12.8
2365,0.0006508827209472656,0.004,11.200000000000001
2366,0.0014290809631347656,0.002,9.200000000000001
2367,0.0006489753723144531,0.002,7.6000000000000005
2368,0.002334117889404297,0.002,5.6000000000000005
2369,0.0009407997131347656,0.002,3.6
2370,0.000698089599609375,0.002,1.6
2371,0.0018339157104492188,0.002,-0.4
2372,0.0005753040313720703,0.002,-2.4000000000000004
2373,0.0018696784973144531,0.002,-4.4
2374,0.0012822151184082031,0.002,-6.0
2375,0.0011017322540283203,0.002,-8.0
2376,0.00049591064453125,0.002,-10.0
2377,0.002064943313598633,0.002,-11.600000000000001
2378,0.0019388198852539062,0.002,-13.200000000000001
2379,0.0016148090362548828,0.002,-14.8
2380,0.001497507095336914,0.002,-16.0
2381,0.0007212162017822266,0.002,-17.2
2382,0.0014300346374511719,0.002,-18.400000000000002
2383,0.0015594959259033203,0.002,-19.200000000000003
2384,0.0011703968048095703,0.002,-20.0
2385,0.001299142837524414,0.002,-20.8
2386,0.0014567375183105469,0.002,-21.200000000000003
2387,0.0010797977447509766,0.002,-21.6
2388,0.0015528202056884766,0.002,-21.6
2389,0.001539468765258789,0.002,-21.6
2390,0.001539468765258789,0.002,-21.6
2391,0.002024412155151367,0.002,-21.6
2392,0.0006735324859619141,0.002,-21.200000000000003
2393,0.001146554946899414,0.002,-20.400000000000002
2394,0.0017046928405761719,0.002,-19.6
2395,0.0010986328125,0.002,-18.8
2396,0.0007989406585693359,0.002,-18.0
2397,0.0013446807861328125,0.002,-16.8
2398,0.0013332366943359375,0.002,-15.600000000000001
2399,0.0012633800506591797,0.002,-14.0
2400,0.0009596347808837891,0.002,-12.4
2401,0.0012464523315429688,0.002,-10.8
2402,0.0007061958312988281,0.002,-9.200000000000001
2403,0.0021674633026123047,0.002,-7.6000000000000005
2404,0.0006346702575683594,0.002,-5.6000000000000005
2405,0.0020406246185302734,0.002,-3.6
2406,0.000614166259765625,0.002,-2.0
2407,0.0013856887817382812,0.002,0.0
2408,0.001600503921508789,0.002,2.0
2409,0.0005826950073242188,0.002,4.0
2410,0.0019085407257080078,0.002,5.6000000000000005
2411,0.0005941390991210938,0.002,7.6000000000000005
2412,0.002135753631591797,0.002,9.200000000000001
2413,0.0019779205322265625,0.002,10.8
2414,0.0006010532379150391,0.002,12.4
2415,0.0015132427215576172,0.002,14.0
2416,0.0006051063537597656,0.002,15.200000000000001
2417,0.002292156219482422,0.002,16.400000000000002
2418,0.0013289451599121094,0.002,17.6
2419,0.0005414485931396484,0.002,18.400000000000002
2420,0.0012111663818359375,0.002,19.200000000000003
2421,0.0005671977996826172,0.002,20.0
2422,0.0015263557434082031,0.002,20.400000000000002
2423,0.0005848407745361328,0.002,20.8
2424,0.0012235641479492188,0.002,20.8
2425,0.0006177425384521484,0.002,20.8
2426,0.001978158950805664,0.002,20.8
2427,0.0005590915679931641,0.002,20.400000000000002
2428,0.0022017955780029297,0.002,20.0
2429,0.001312255859375,0.002,19.200000000000003
2430,0.0005655288696289062,0.002,18.400000000000002
2431,0.0020525455474853516,0.002,17.6
2432,0.0013041496276855469,0.002,16.400000000000002
2433,0.0006496906280517578,0.002,15.200000000000001
2434,0.002208709716796875,0.002,14.0
2435,0.0012938976287841797,0.002,12.4
2436,0.0007276535034179688,0.002,10.8
2437,0.002071380615234375,0.002,9.200000000000001
2438,0.0012941360473632812,0.002,7.6000000000000005
2439,0.0005960464477539062,0.002,5.6000000000000005
2440,0.0013403892517089844,0.002,4.0
2441,0.0011425018310546875,0.002,2.0
2442,0.0006530284881591797,0.002,0.4
2443,0.0019779205322265625,0.002,-1.6
2444,0.0012853145599365234,0.002,-3.2
2445,0.0007395744323730469,0.002,-5.2
2446,0.002788543701171875,0.002,-6.800000000000001
2447,0.0010938644409179688,0.002,-8.4
2448,0.0012946128845214844,0.002,-10.0
2449,0.001146078109741211,0.002,-11.600000000000001
2450,0.0011227130889892578,0.002,-13.200000000000001
2451,0.0017771720886230469,0.002,-14.4
2452,0.001180410385131836,0.002,-15.600000000000001
2453,0.0007236003875732422,0.002,-16.8
2454,0.0012710094451904297,0.002,-17.6
2455,0.0006940364837646484,0.002,-18.400000000000002
2456,0.0013842582702636719,0.002,-19.200000000000003
2457,0.0008473396301269531,0.002,-19.6
2458,0.0021071434020996094,0.002,-20.0
2459,0.0005896091461181641,0.002,-20.0
2460,0.002074718475341797,0.002,-20.0
2461,0.0005695819854736328,0.002,-20.0
2462,0.002134084701538086,0.002,-19.6
2463,0.0005900859832763672,0.002,-19.200000000000003
2464,0.0013785362243652344,0.0,-18.400000000000002
2465,0.0005660057067871094,0.0,-17.6
2466,0.0016703605651855469,0.0,-16.8
2467,0.0006096363067626953,0.0,-15.600000000000001
2468,0.0019268989562988281,0.0,-14.8
2469,0.0014274120330810547,0.0,-13.200000000000001
2470,0.0006215572357177734,0.0,-12.0
2471,0.0016558170318603516,0.0,-10.4
2472,0.0005805492401123047,0.0,-8.8
2473,0.002116680145263672,0.0,-7.2
2474,0.0018885135650634766,0.0,-5.6000000000000005
2475,0.000637054443359375,0.0,-4.0
2476,0.0021216869354248047,0.0,-2.4000000000000004
2477,0.0006060600280761719,0.0,-0.4
2478,0.0012423992156982422,0.0,1.2000000000000002
2479,0.0005946159362792969,0.0,3.2
2480,0.0013141632080078125,0.0,4.800000000000001
2481,0.0011355876922607422,0.0,6.4
2482,0.0012578964233398438,0.0,8.0
2483,0.0012612342834472656,0.0,9.600000000000001
2484,0.0019218921661376953,0.0,11.200000000000001
2485,0.0021200180053710938,0.0,12.4
2486,0.0011889934539794922,0.0,13.600000000000001
2487,0.0018527507781982422,0.0,14.8
2488,0.00157928466796875,0.0,16.0
2489,0.0013966560363769531,0.0,16.8
2490,0.001405954360961914,0.0,17.6
2491,0.0007097721099853516,0.0,18.400000000000002
2492,0.0014302730560302734,0.0,18.8
2493,0.0012755393981933594,0.0,19.200000000000003
2494,0.0013012886047363281,0.0,19.200000000000003
2495,0.0012822151184082031,0.0,19.200000000000003
2496,0.0008714199066162109,0.0,18.8
2497,0.0021538734436035156,0.0,18.400000000000002
2498,0.0011196136474609375,0.0,18.0
2499,0.001207590103149414,0.0,17.2
2500,0.0007607936859130859,0.0,16.400000000000002
2501,0.0024156570434570312,0.0,15.200000000000001
2502,0.002022266387939453,0.0,14.4
2503,0.0012519359588623047,0.0,13.200000000000001
2504,0.0021119117736816406,0.0,11.600000000000001
2505,0.0009469985961914062,0.0,10.4
2506,0.00194549560546875,0.0,8.8
2507,0.0007879734039306641,0.0,7.2
2508,0.0014317035675048828,0.0,5.6000000000000005
2509,0.0006225109100341797,0.0,4.0
2510,0.0017800331115722656,0.0,2.4000000000000004
2511,0.0004794597625732422,0.0,0.8
2512,0.002320528030395508,0.0,-0.8
2513,0.0005748271942138672,0.0,-2.8000000000000003
2514,0.0022089481353759766,0.0,-4.4
2515,0.0008447170257568359,0.0,-6.0
2516,0.0012509822845458984,0.0,-7.6000000000000005
2517,0.001486063003540039,0.0,-9.200000000000001
2518,0.0006163120269775391,0.0,-10.4
2519,0.001585245132446289,0.0,-11.600000000000001
2520,0.0006661415100097656,0.0,-13.200000000000001
2521,0.0017664432525634766,0.0,-14.0
2522,0.002108335494995117,0.0,-15.200000000000001
2523,0.0005726814270019531,0.0,-16.0
2524,0.0019392967224121094,0.0,-16.8
2525,0.0006022453308105469,0.0,-17.6
2526,0.0021479129791259766,0.0,-18.0
2527,0.0005598068237304688,0.0,-18.400000000000002
2528,0.0019800662994384766,0.0,-18.400000000000002
2529,0.0005924701690673828,0.0,-18.400000000000002
2530,0.0020804405212402344,0.0,-18.400000000000002
2531,0.0007615089416503906,0.0,-18.0
2532,0.0024514198303222656,0.0,-17.6
2533,0.0012364387512207031,0.0,-17.2
2534,0.0013408660888671875,0.0,-16.400000000000002
2535,0.0014333724975585938,0.0,-15.600000000000001
2536,0.0014333724975585938,0.0,-15.600000000000001
2537,0.0012040138244628906,0.0,-14.8
2538,0.0012981891632080078,0.0,-13.600000000000001
2539,0.0010838508605957031,0.0,-12.8
2540,0.0013403892517089844,0.0,-11.200000000000001
2541,0.0010082721710205078,0.0,-10.0
2542,0.0016529560089111328,0.0,-8.8
2543,0.0013415813446044922,0.0,-7.2
2544,0.002252340316772461,0.0,-5.6000000000000005
2545,0.0007956027984619141,0.0,-4.0
2546,0.0018603801727294922,0.0,-2.4000000000000004
2547,0.001241445541381836,0.0,-0.8
2548,0.0018074512481689453,0.0,0.8
2549,0.0010728836059570312,0.0,2.4000000000000004
2550,0.0029938220977783203,0.0,4.0
2551,0.001871347427368164,0.0,5.6000000000000005
2552,0.001384735107421875,0.0,7.2
2553,0.0012519359588623047,0.0,8.8
2554,0.0007979869842529297,0.0,10.0
2555,0.002050161361694336,0.0,11.200000000000001
2556,0.0010325908660888672,0.0,12.4
2557,0.000858306884765625,0.0,13.600000000000001
2558,0.001968860626220703,0.0,14.4
2559,0.0006382465362548828,0.0,15.600000000000001
2560,0.0016036033630371094,0.0,16.0
2561,0.0005910396575927734,0.0,16.8
2562,0.0015690326690673828,0.0,17.2
2563,0.0005278587341308594,0.0,17.6
2564,0.0005578994750976562,0.0,18.0
2565,0.0020508766174316406,0.0,18.0
2566,0.0005922317504882812,0.0,18.0
2567,0.0015728473663330078,0.0,17.6
2568,0.000629425048828125,0.0,17.2
2569,0.001856088638305664,0.0,16.8
2570,0.0005974769592285156,0.0,16.0
2571,0.0019173622131347656,0.0,15.200000000000001
2572,0.0005588531494140625,0.0,14.4
2573,0.002190113067626953,0.0,13.600000000000001
2574,0.0005502700805664062,0.0,12.4
2575,0.0020062923431396484,0.0,11.200000000000001
2576,0.0016591548919677734,0.0,10.0
2577,0.0011949539184570312,0.0,8.4
2578,0.0013287067413330078,0.0,7.2
2579,0.0008187294006347656,0.0,5.6000000000000005
2580,0.0021448135375976562,0.0,4.0
2581,0.001955270767211914,0.0,2.4000000000000004
2582,0.0006039142608642578,0.0,0.8
2583,0.0005171298980712891,0.0,-0.8
2584,0.00031065940856933594,0.0,-2.4000000000000004
2585,0.0004181861877441406,0.0,-3.6
2586,0.0005564689636230469,0.0,-5.2
