,Latency,PWM Value,Angle
0,0.0,0.0,0.0
1,0.005103588104248047,0.0,0.0
2,0.0064775943756103516,0.0,0.0
3,0.010479927062988281,0.0,0.0
4,0.011015892028808594,0.0,0.0
5,0.006176471710205078,0.0,0.0
6,0.005792379379272461,0.0,0.0
7,0.005474090576171875,0.0,0.0
8,0.005923271179199219,0.0,0.0
9,0.004383563995361328,0.0,0.0
10,0.0050547122955322266,0.0,0.0
11,0.010942459106445312,0.0,0.0
12,0.0031507015228271484,0.0,0.0
13,0.0021271705627441406,0.0,0.0
14,0.0023546218872070312,0.0,0.0
15,0.0013015270233154297,0.0,0.0
16,0.00562286376953125,0.0,0.0
17,0.005895137786865234,0.0,0.0
18,0.007975101470947266,0.0,0.0
19,0.005881071090698242,0.0,0.0
20,0.0015227794647216797,0.0,0.0
21,0.001970052719116211,0.0,0.0
22,0.0008552074432373047,0.0,0.0
23,0.003928661346435547,0.0,0.0
24,0.0008492469787597656,0.0,0.0
25,0.0003457069396972656,0.0,0.0
26,0.0003066062927246094,0.0,0.0
27,0.0005490779876708984,0.0,0.0
28,0.00026607513427734375,0.0,0.0
29,0.00022339820861816406,0.0,0.0
30,0.00023317337036132812,0.0,0.0
31,0.0003032684326171875,0.0,0.0
32,0.0003895759582519531,0.0,0.0
33,0.00036716461181640625,0.0,0.0
34,0.0003476142883300781,0.0,0.0
35,0.0003609657287597656,0.0,0.0
36,0.0002071857452392578,0.0,0.0
37,0.00045108795166015625,0.0,0.0
38,0.0004825592041015625,0.0,0.0
39,0.0004265308380126953,0.0,0.0
40,0.0004591941833496094,0.0,0.0
41,0.00042939186096191406,0.0,0.0
42,0.0006022453308105469,0.0,0.0
43,0.0009126663208007812,0.0,0.0
44,0.00044989585876464844,0.0,0.0
45,0.0010747909545898438,0.0,0.0
46,0.00048804283142089844,0.0,0.0
47,0.0014495849609375,0.0,0.0
48,0.0016841888427734375,0.0,0.0
49,0.0006473064422607422,0.0,0.0
50,0.0010097026824951172,0.0,0.0
51,0.00048041343688964844,0.0,0.0
52,0.0009338855743408203,0.0,0.0
53,0.0005447864532470703,0.0,0.0
54,0.0004837512969970703,0.0,0.0
55,0.001089334487915039,0.0,0.0
56,0.0008749961853027344,0.0,0.0
57,0.00048351287841796875,0.0,0.0
58,0.0010292530059814453,0.0,0.0
59,0.0004982948303222656,0.0,0.0
60,0.0005447864532470703,0.0,0.0
61,0.0008382797241210938,0.0,0.0
62,0.0008645057678222656,0.0,0.0
63,0.0008766651153564453,0.0,0.0
64,0.001033782958984375,0.0,0.0
65,0.0009810924530029297,0.0,0.0
66,0.0016741752624511719,0.0,0.0
67,0.0006651878356933594,0.0,0.0
68,0.0014204978942871094,0.0,0.0
69,0.0018699169158935547,0.0,0.0
70,0.0005633831024169922,0.0,0.0
71,0.0013890266418457031,0.0,0.0
72,0.0017609596252441406,0.0,0.0
73,0.0005457401275634766,0.0,0.0
74,0.0017867088317871094,0.0,0.0
75,0.0012526512145996094,0.0,0.0
76,0.0012922286987304688,0.0,0.0
77,0.0012812614440917969,0.0,0.0
78,0.0012898445129394531,0.0,0.0
79,0.0012617111206054688,0.0,0.0
80,0.0005686283111572266,0.0,0.0
81,0.0014314651489257812,0.0,0.0
82,0.0007297992706298828,0.0,0.0
83,0.0015087127685546875,0.0,0.0
84,0.0007326602935791016,0.0,0.0
85,0.000579833984375,0.0,0.0
86,0.0013010501861572266,0.0,0.0
87,0.001361846923828125,0.0,0.0
88,0.0009665489196777344,0.0,0.0
89,0.0016124248504638672,0.0,0.0
90,0.0006356239318847656,0.0,0.0
91,0.0019290447235107422,0.0,0.0
92,0.0007958412170410156,0.0,0.0
93,0.0007863044738769531,0.0,0.0
94,0.00189208984375,0.0,0.0
95,0.0005214214324951172,0.0,0.0
96,0.0013790130615234375,0.0,0.0
97,0.001355886459350586,0.0,0.0
98,0.0005221366882324219,0.0,0.0
99,0.0013954639434814453,0.0,0.0
100,0.0005431175231933594,0.0,0.0
101,0.0014300346374511719,0.0,0.0
102,0.0005278587341308594,0.0,0.0
103,0.0016589164733886719,0.0,0.0
104,0.0012280941009521484,0.0,0.0
105,0.0011875629425048828,0.0,0.0
106,0.0004899501800537109,0.0,0.0
107,0.0013995170593261719,0.0,0.0
108,0.0005602836608886719,0.0,0.0
109,0.0005621910095214844,0.0,0.0
110,0.00031685829162597656,0.0,0.0
111,0.00045680999755859375,0.0,0.0
112,0.0004742145538330078,0.0,0.0
113,0.00044226646423339844,0.0,0.0
114,0.00037789344787597656,0.0,0.0
115,0.0005106925964355469,0.0,0.0
116,0.00047588348388671875,0.0,0.0
117,0.0008952617645263672,0.0,0.0
118,0.00046133995056152344,0.0,0.0
119,0.0007998943328857422,0.0,0.0
120,0.000522613525390625,0.0,0.0
121,0.0011017322540283203,0.0,0.0
122,0.0005033016204833984,0.0,0.0
123,0.0010311603546142578,0.0,0.0
124,0.0005431175231933594,0.0,0.0
125,0.0014104843139648438,0.0,0.0
126,0.0018777847290039062,0.0,0.0
127,0.0013020038604736328,0.0,0.0
128,0.0013127326965332031,0.0,0.0
129,0.0018723011016845703,0.0,0.0
130,0.0007317066192626953,0.0,0.0
131,0.0012600421905517578,0.0,0.0
132,0.0016870498657226562,0.0,0.0
133,0.0005056858062744141,0.0,0.0
134,0.0018298625946044922,0.0,0.0
135,0.002733945846557617,0.0,0.0
136,0.0007987022399902344,0.0,0.0
137,0.002455472946166992,0.0,0.0
138,0.0013015270233154297,0.0,0.0
139,0.000985860824584961,0.0,0.0
140,0.0011947154998779297,0.0,0.0
141,0.0006735324859619141,0.0,0.0
142,0.0018877983093261719,0.0,0.0
143,0.0006527900695800781,0.0,0.0
144,0.0016682147979736328,0.0,0.0
145,0.0017077922821044922,0.0,0.0
146,0.0006363391876220703,0.0,0.0
147,0.0024099349975585938,0.0,0.0
148,0.0019388198852539062,0.0,0.0
149,0.0006363391876220703,0.0,0.0
150,0.0021827220916748047,0.0,0.0
151,0.002008676528930664,0.0,0.0
152,0.002008676528930664,0.0,0.0
153,0.0006279945373535156,0.0,0.0
154,0.0005674362182617188,0.0,0.0
155,0.0004811286926269531,0.0,0.0
156,0.0005702972412109375,0.0,0.0
157,0.0016434192657470703,0.0,0.0
158,0.0015337467193603516,0.0,0.0
159,0.0007412433624267578,0.0,0.0
160,0.0021703243255615234,0.0,0.0
161,0.0006561279296875,0.0,0.0
162,0.0024421215057373047,0.0,0.0
163,0.0019097328186035156,0.0,0.0
164,0.0006320476531982422,0.0,0.0
165,0.0022230148315429688,0.0,0.0
166,0.002017498016357422,0.0,0.0
167,0.0005850791931152344,0.0,0.0
168,0.0020139217376708984,0.0,0.0
169,0.0005609989166259766,0.0,0.0
170,0.001964569091796875,0.0,0.0
171,0.0005574226379394531,0.0,0.0
172,0.001718759536743164,0.0,0.0
173,0.0007393360137939453,0.0,0.0
174,0.0021555423736572266,0.0,0.0
175,0.0006229877471923828,0.0,0.0
176,0.0022721290588378906,0.0,0.0
177,0.0006225109100341797,0.0,0.0
178,0.0023407936096191406,0.0,0.0
179,0.0006132125854492188,0.0,0.0
180,0.0024590492248535156,0.0,0.0
181,0.0005762577056884766,0.0,0.0
182,0.002084493637084961,0.0,0.0
183,0.0018558502197265625,0.0,0.0
184,0.001772165298461914,0.0,0.0
185,0.0006105899810791016,0.0,0.0
186,0.0023376941680908203,0.0,0.0
187,0.000614166259765625,0.0,0.0
188,0.001968860626220703,0.0,0.0
189,0.0005676746368408203,0.0,0.0
190,0.0019266605377197266,0.0,0.0
191,0.0019872188568115234,0.0,0.0
192,0.0017952919006347656,0.0,0.0
193,0.0007395744323730469,0.0,0.0
194,0.0015485286712646484,0.0,0.0
195,0.0019915103912353516,0.0,0.0
196,0.0005781650543212891,0.0,0.0
197,0.002583026885986328,0.0,0.0
198,0.0006380081176757812,0.0,0.0
199,0.0016961097717285156,0.0,0.0
200,0.0014865398406982422,0.0,0.0
201,0.0019881725311279297,0.0,0.0
202,0.0019021034240722656,0.0,0.0
203,0.0006582736968994141,0.0,0.0
204,0.002167224884033203,0.0,0.0
205,0.0006358623504638672,0.0,0.0
206,0.002264738082885742,0.0,0.0
207,0.001800537109375,0.0,0.0
208,0.0006101131439208984,0.0,0.0
209,0.0020270347595214844,0.0,0.0
210,0.0018167495727539062,0.0,0.0
211,0.0006995201110839844,0.0,0.0
212,0.0019915103912353516,0.0,0.0
213,0.0017616748809814453,0.0,0.0
214,0.0006511211395263672,0.0,0.0
215,0.0022361278533935547,0.0,0.0
216,0.00183868408203125,0.0,0.0
217,0.0018749237060546875,0.0,0.0
218,0.0017807483673095703,0.0,0.0
219,0.0005905628204345703,0.0,0.0
220,0.0019421577453613281,0.0,0.0
221,0.0020933151245117188,0.0,0.0
222,0.0021555423736572266,0.0,0.0
223,0.0019516944885253906,0.0,0.0
224,0.0007066726684570312,0.0,0.0
225,0.0021142959594726562,0.0,0.0
226,0.0006356239318847656,0.0,0.0
227,0.002069711685180664,0.0,0.0
228,0.0006754398345947266,0.0,0.0
229,0.0020453929901123047,0.0,0.0
230,0.0005664825439453125,0.0,0.0
231,0.0018978118896484375,0.0,0.0
232,0.0005481243133544922,0.0,0.0
233,0.0019047260284423828,0.0,0.0
234,0.0005350112915039062,0.0,0.0
235,0.0011546611785888672,0.0,0.0
236,0.001178741455078125,0.0,0.0
237,0.0007987022399902344,0.0,0.0
238,0.002038240432739258,0.0,0.0
239,0.0006823539733886719,0.0,0.0
240,0.0023114681243896484,0.0,0.0
241,0.0006291866302490234,0.0,0.0
242,0.0015630722045898438,0.0,0.0
243,0.0005748271942138672,0.0,0.0
244,0.002608776092529297,0.0,0.0
245,0.0006201267242431641,0.0,0.0
246,0.0022139549255371094,0.0,0.0
247,0.0017290115356445312,0.0,0.0
248,0.0005707740783691406,0.0,0.0
249,0.0023431777954101562,0.0,0.0
250,0.0019605159759521484,0.0,0.0
251,0.0017795562744140625,0.0,0.0
252,0.0007023811340332031,0.0,0.0
253,0.002122640609741211,0.0,0.0
254,0.0021851062774658203,0.0,0.0
255,0.0018854141235351562,0.0,0.0
256,0.0019545555114746094,0.0,0.0
257,0.0006155967712402344,0.0,0.0
258,0.0022182464599609375,0.0,0.0
259,0.0019195079803466797,0.0,0.0
260,0.0007288455963134766,0.0,0.0
261,0.0012679100036621094,0.0,0.0
262,0.0007596015930175781,0.0,0.0
263,0.0019905567169189453,0.0,0.0
264,0.0007839202880859375,0.002,0.0
265,0.000499725341796875,0.002,0.0
266,0.0026073455810546875,0.002,0.0
267,0.0005064010620117188,0.004,0.0
268,0.001413106918334961,0.004,0.0
269,0.0007574558258056641,0.004,0.0
270,0.002086162567138672,0.004,0.0
271,0.0006761550903320312,0.004,0.0
272,0.0007052421569824219,0.006,0.0
273,0.0005922317504882812,0.009,0.0
274,0.0005023479461669922,0.009,0.0
275,0.0005512237548828125,0.009,0.0
276,0.0009360313415527344,0.009,0.0
277,0.0007061958312988281,0.009,0.0
278,0.0020322799682617188,0.009,0.0
279,0.0005261898040771484,0.011,0.0
280,0.0022041797637939453,0.013,0.0
281,0.000507354736328125,0.013,0.0
282,0.0006999969482421875,0.013,0.0
283,0.0007622241973876953,0.015,0.0
284,0.0005028247833251953,0.015,0.0
285,0.0010287761688232422,0.015,0.0
286,0.0006885528564453125,0.015,0.0
287,0.0017955303192138672,0.015,0.0
288,0.0006146430969238281,0.015,0.0
289,0.0020194053649902344,0.015,0.0
290,0.0005879402160644531,0.015,0.0
291,0.0021696090698242188,0.015,0.0
292,0.0005671977996826172,0.015,0.0
293,0.0021135807037353516,0.015,0.0
294,0.0006041526794433594,0.015,0.0
295,0.0020880699157714844,0.015,0.0
296,0.0005991458892822266,0.015,0.0
297,0.0026962757110595703,0.015,0.0
298,0.002290010452270508,0.015,0.0
299,0.0006918907165527344,0.015,0.0
300,0.0010654926300048828,0.015,0.0
301,0.0005888938903808594,0.017,0.0
302,0.0013267993927001953,0.019,0.0
303,0.0013267993927001953,0.019,0.0
304,0.002254962921142578,0.019,0.0
305,0.0005891323089599609,0.019,0.0
306,0.0015039443969726562,0.022,0.0
307,0.0003609657287597656,0.026,0.0
308,0.0006756782531738281,0.028,0.0
309,0.0004737377166748047,0.032,0.0
310,0.0004961490631103516,0.032,0.0
311,0.0012907981872558594,0.032,0.0
312,0.0005140304565429688,0.032,0.0
313,0.000986337661743164,0.034,0.0
314,0.0011365413665771484,0.037,0.0
315,0.0012738704681396484,0.037,0.0
316,0.0023353099822998047,0.037,0.0
317,0.001657247543334961,0.037,0.0
318,0.0009031295776367188,0.037,0.0
319,0.001977205276489258,0.037,0.0
320,0.0006971359252929688,0.037,0.0
321,0.002058267593383789,0.037,0.0
322,0.0007698535919189453,0.037,0.0
323,0.0016009807586669922,0.037,0.0
324,0.0018537044525146484,0.037,0.4
325,0.0020599365234375,0.037,0.4
326,0.001745462417602539,0.037,0.4
327,0.0021920204162597656,0.037,0.8
328,0.0010859966278076172,0.037,0.8
329,0.0019805431365966797,0.041,1.2000000000000002
330,0.0008459091186523438,0.043,1.2000000000000002
331,0.0005369186401367188,0.047,1.6
332,0.0007016658782958984,0.047,1.6
333,0.0005016326904296875,0.047,2.0
334,0.0012471675872802734,0.047,2.4000000000000004
335,0.00046515464782714844,0.05,2.4000000000000004
336,0.0004718303680419922,0.05,2.8000000000000003
337,0.0010862350463867188,0.05,3.2
338,0.0020639896392822266,0.05,3.2
339,0.0006656646728515625,0.05,3.6
340,0.0008406639099121094,0.052,4.0
341,0.0015299320220947266,0.052,4.4
342,0.0010387897491455078,0.054,4.800000000000001
343,0.0007426738739013672,0.056,5.2
344,0.0006780624389648438,0.058,5.2
345,0.0008709430694580078,0.06,5.6000000000000005
346,0.0025463104248046875,0.06,6.0
347,0.0015106201171875,0.06,6.4
348,0.0007431507110595703,0.06,6.800000000000001
349,0.002208709716796875,0.06,7.2
350,0.0009591579437255859,0.06,7.6000000000000005
351,0.002257108688354492,0.06,7.6000000000000005
352,0.0006680488586425781,0.06,8.0
353,0.0021436214447021484,0.06,8.4
354,0.0005605220794677734,0.06,8.8
355,0.0005192756652832031,0.063,8.8
356,0.0018551349639892578,0.063,9.200000000000001
357,0.0011093616485595703,0.063,9.600000000000001
358,0.0009315013885498047,0.065,9.600000000000001
359,0.0010004043579101562,0.065,9.600000000000001
360,0.00048160552978515625,0.067,10.0
361,0.0006144046783447266,0.067,10.0
362,0.0019838809967041016,0.067,10.0
363,0.002115964889526367,0.067,10.4
364,0.0007660388946533203,0.067,10.4
365,0.001222372055053711,0.067,10.4
366,0.0018758773803710938,0.069,10.4
367,0.0022430419921875,0.069,10.4
368,0.0019099712371826172,0.069,10.4
369,0.0018830299377441406,0.069,10.4
370,0.0016582012176513672,0.069,10.4
371,0.0017948150634765625,0.069,10.0
372,0.0010132789611816406,0.069,10.0
373,0.002550840377807617,0.069,10.0
374,0.00048542022705078125,0.071,10.0
375,0.0005848407745361328,0.073,9.600000000000001
376,0.0009334087371826172,0.073,9.600000000000001
377,0.0010368824005126953,0.073,9.600000000000001
378,0.0004947185516357422,0.075,9.200000000000001
379,0.0005450248718261719,0.075,9.200000000000001
380,0.0019390583038330078,0.075,9.200000000000001
381,0.0006215572357177734,0.078,8.8
382,0.0005025863647460938,0.08,8.8
383,0.0005311965942382812,0.08,8.8
384,0.0017542839050292969,0.08,8.4
385,0.0006811618804931641,0.08,8.4
386,0.001798868179321289,0.08,8.4
387,0.0005679130554199219,0.08,8.0
388,0.0021185874938964844,0.08,8.0
389,0.0005428791046142578,0.08,8.0
390,0.002064228057861328,0.08,8.0
391,0.0011103153228759766,0.08,8.0
392,0.001669168472290039,0.082,8.0
393,0.0012536048889160156,0.082,8.0
394,0.0006220340728759766,0.084,8.0
395,0.0006120204925537109,0.084,8.0
396,0.0019948482513427734,0.084,8.4
397,0.00045990943908691406,0.086,8.4
398,0.00047469139099121094,0.086,8.4
399,0.0011789798736572266,0.088,8.8
400,0.000469207763671875,0.088,8.8
401,0.0011076927185058594,0.088,9.200000000000001
402,0.00043010711669921875,0.091,9.200000000000001
403,0.0005190372467041016,0.091,9.600000000000001
404,0.0012810230255126953,0.091,9.600000000000001
405,0.002144336700439453,0.091,10.0
406,0.0006248950958251953,0.091,10.4
407,0.0020117759704589844,0.093,10.4
408,0.0006268024444580078,0.093,10.8
409,0.00048470497131347656,0.093,11.200000000000001
410,0.0020294189453125,0.093,11.600000000000001
411,0.0016067028045654297,0.093,11.600000000000001
412,0.0009484291076660156,0.093,12.0
413,0.002088785171508789,0.093,12.4
414,0.002590179443359375,0.093,12.8
415,0.002191781997680664,0.093,13.200000000000001
416,0.0008950233459472656,0.093,13.200000000000001
417,0.0020432472229003906,0.093,13.600000000000001
418,0.0007104873657226562,0.095,14.0
419,0.002274751663208008,0.095,14.4
420,0.0033636093139648438,0.097,14.4
421,0.00133514404296875,0.097,14.8
422,0.0013034343719482422,0.099,15.200000000000001
423,0.00415492057800293,0.099,15.200000000000001
424,0.00035119056701660156,0.101,15.600000000000001
425,0.0012998580932617188,0.103,15.600000000000001
426,0.0009520053863525391,0.103,16.0
427,0.0009846687316894531,0.106,16.0
428,0.0008203983306884766,0.106,16.0
429,0.0006456375122070312,0.108,16.400000000000002
430,0.0005478858947753906,0.108,16.400000000000002
431,0.0004858970642089844,0.108,16.400000000000002
432,0.0005404949188232422,0.112,16.400000000000002
433,0.0005404949188232422,0.112,16.400000000000002
434,0.0011577606201171875,0.112,16.400000000000002
435,0.00051116943359375,0.112,16.8
436,0.0029754638671875,0.112,16.8
437,0.0004925727844238281,0.114,16.8
438,0.00047135353088378906,0.114,16.8
439,0.002446413040161133,0.114,16.8
440,0.0007433891296386719,0.114,16.8
441,0.002331972122192383,0.114,16.8
442,0.0007867813110351562,0.114,16.8
443,0.0020601749420166016,0.114,17.2
444,0.0004401206970214844,0.116,17.2
445,0.0010623931884765625,0.116,17.2
446,0.00048804283142089844,0.121,17.2
447,0.00044798851013183594,0.121,17.2
448,0.0007250308990478516,0.123,17.2
449,0.0004889965057373047,0.123,17.2
450,0.0008268356323242188,0.125,17.2
451,0.0005095005035400391,0.125,17.2
452,0.0010890960693359375,0.125,17.6
453,0.0005605220794677734,0.125,17.6
454,0.002247333526611328,0.125,17.6
455,0.0006277561187744141,0.125,17.6
456,0.00168609619140625,0.125,17.6
457,0.0013439655303955078,0.127,18.0
458,0.0004887580871582031,0.127,18.0
459,0.0014731884002685547,0.127,18.0
460,0.0006895065307617188,0.129,18.400000000000002
461,0.0007631778717041016,0.129,18.400000000000002
462,0.0004811286926269531,0.131,18.400000000000002
463,0.0007724761962890625,0.134,18.8
464,0.0008344650268554688,0.134,18.8
465,0.0005061626434326172,0.136,19.200000000000003
466,0.0006906986236572266,0.136,19.200000000000003
467,0.0005240440368652344,0.136,19.6
468,0.0016682147979736328,0.136,19.6
469,0.00048804283142089844,0.138,20.0
470,0.0018229484558105469,0.138,20.0
471,0.0008337497711181641,0.138,20.400000000000002
472,0.0006473064422607422,0.14,20.400000000000002
473,0.0005428791046142578,0.14,20.8
474,0.0018393993377685547,0.14,20.8
475,0.0004215240478515625,0.142,21.200000000000003
476,0.0010559558868408203,0.144,21.6
477,0.0022203922271728516,0.147,21.6
478,0.0011243820190429688,0.149,22.0
479,0.00225830078125,0.149,22.400000000000002
480,0.0011451244354248047,0.151,22.400000000000002
481,0.0011577606201171875,0.153,22.8
482,0.00264739990234375,0.153,23.200000000000003
483,0.0009582042694091797,0.153,23.200000000000003
484,0.001745462417602539,0.153,23.6
485,0.0008738040924072266,0.153,24.0
486,0.002239704132080078,0.153,24.400000000000002
487,0.0009024143218994141,0.153,24.400000000000002
488,0.001565694808959961,0.155,24.8
489,0.00037360191345214844,0.157,25.200000000000003
490,0.002653837203979492,0.157,25.6
491,0.0006175041198730469,0.159,26.0
492,0.0005519390106201172,0.162,26.400000000000002
493,0.002391338348388672,0.162,26.400000000000002
494,0.0004584789276123047,0.164,26.8
495,0.0006210803985595703,0.166,27.200000000000003
496,0.0005049705505371094,0.166,27.6
497,0.0005147457122802734,0.166,28.0
498,0.0013034343719482422,0.168,28.400000000000002
499,0.0004818439483642578,0.17,28.8
500,0.0007205009460449219,0.17,29.200000000000003
501,0.0005030632019042969,0.17,29.200000000000003
502,0.0010216236114501953,0.17,29.6
503,0.00045561790466308594,0.17,30.0
504,0.0021240711212158203,0.17,30.400000000000002
505,0.0005764961242675781,0.17,30.8
506,0.0019350051879882812,0.17,31.200000000000003
507,0.0006551742553710938,0.17,31.200000000000003
508,0.0022728443145751953,0.17,31.6
509,0.0005888938903808594,0.17,32.0
510,0.0019190311431884766,0.17,32.4
511,0.0018377304077148438,0.17,32.800000000000004
512,0.0020041465759277344,0.17,33.2
513,0.0022101402282714844,0.17,33.2
514,0.0018169879913330078,0.17,33.6
515,0.002206087112426758,0.17,34.0
516,0.0010499954223632812,0.17,34.0
517,0.0019643306732177734,0.17,34.4
518,0.0006847381591796875,0.17,34.4
519,0.0020856857299804688,0.17,34.800000000000004
520,0.0006012916564941406,0.17,34.800000000000004
521,0.001806497573852539,0.17,34.800000000000004
522,0.0005404949188232422,0.17,35.2
523,0.0014297962188720703,0.17,35.2
524,0.0010514259338378906,0.17,35.2
525,0.0020210742950439453,0.17,35.2
526,0.0017619132995605469,0.17,35.2
527,0.0020782947540283203,0.17,35.2
528,0.0025789737701416016,0.17,35.2
529,0.001975536346435547,0.17,34.800000000000004
530,0.0018377304077148438,0.17,34.800000000000004
531,0.0009455680847167969,0.17,34.800000000000004
532,0.0018644332885742188,0.17,34.4
533,0.0008184909820556641,0.17,34.4
534,0.0021338462829589844,0.17,34.4
535,0.000675201416015625,0.17,34.0
536,0.000545501708984375,0.172,34.0
537,0.001981496810913086,0.172,33.6
538,0.0006635189056396484,0.172,33.6
539,0.0013117790222167969,0.172,33.2
540,0.0005939006805419922,0.17,32.800000000000004
541,0.0020542144775390625,0.17,32.800000000000004
542,0.0022182464599609375,0.17,32.4
543,0.0010073184967041016,0.17,32.0
544,0.0020241737365722656,0.17,32.0
545,0.0006363391876220703,0.17,31.6
546,0.002119302749633789,0.17,31.200000000000003
547,0.0005803108215332031,0.17,31.200000000000003
548,0.004049539566040039,0.17,30.8
549,0.0005919933319091797,0.17,30.8
550,0.0021331310272216797,0.17,30.400000000000002
551,0.0006086826324462891,0.168,30.400000000000002
552,0.0004906654357910156,0.168,30.0
553,0.0005021095275878906,0.168,30.0
554,0.0007164478302001953,0.166,29.6
555,0.0006597042083740234,0.164,29.6
556,0.000522613525390625,0.162,29.200000000000003
557,0.0007145404815673828,0.157,29.200000000000003
558,0.000518798828125,0.155,29.200000000000003
559,0.0004887580871582031,0.153,28.8
560,0.0006833076477050781,0.147,28.8
561,0.0006532669067382812,0.138,28.8
562,0.00045228004455566406,0.134,28.8
563,0.0004475116729736328,0.131,28.400000000000002
564,0.0004436969757080078,0.127,28.400000000000002
565,0.0004324913024902344,0.127,28.400000000000002
566,0.00043702125549316406,0.125,28.400000000000002
567,0.0009660720825195312,0.125,28.0
568,0.00048613548278808594,0.119,28.0
569,0.0005216598510742188,0.116,27.6
570,0.00045180320739746094,0.112,27.200000000000003
571,0.0004775524139404297,0.108,27.200000000000003
572,0.0001881122589111328,0.106,26.8
573,0.0004589557647705078,0.101,26.400000000000002
574,0.0005099773406982422,0.101,25.6
575,0.00047898292541503906,0.095,25.200000000000003
576,0.00043082237243652344,0.091,24.8
577,0.00044727325439453125,0.084,24.0
578,0.0004940032958984375,0.08,23.200000000000003
579,0.0004475116729736328,0.08,22.400000000000002
580,0.00035762786865234375,0.078,21.6
581,0.0006744861602783203,0.075,20.8
582,0.0006744861602783203,0.073,20.8
583,0.0009095668792724609,0.071,20.0
584,0.00039839744567871094,0.069,18.8
585,0.00048232078552246094,0.067,18.0
586,0.00045752525329589844,0.067,16.8
587,0.0004494190216064453,0.067,15.600000000000001
588,0.0006449222564697266,0.065,14.4
589,0.0005941390991210938,0.065,13.200000000000001
590,0.0010638236999511719,0.065,12.4
591,0.0021696090698242188,0.065,11.200000000000001
592,0.000461578369140625,0.063,10.0
593,0.0011837482452392578,0.063,8.8
594,0.0005271434783935547,0.058,7.6000000000000005
595,0.0011184215545654297,0.058,6.4
596,0.00044727325439453125,0.052,5.6000000000000005
597,0.0008480548858642578,0.047,4.4
598,0.0004680156707763672,0.043,3.6
599,0.0005092620849609375,0.043,2.8000000000000003
600,0.0004527568817138672,0.043,1.6
601,0.0004367828369140625,0.043,0.8
602,0.00040459632873535156,0.039,0.0
603,0.0005807876586914062,0.039,-0.4
604,0.0004932880401611328,0.037,-1.2000000000000002
605,0.0009188652038574219,0.034,-1.6
606,0.00046896934509277344,0.03,-2.4000000000000004
607,0.00047707557678222656,0.03,-2.8000000000000003
608,0.00045108795166015625,0.03,-3.2
609,0.0010807514190673828,0.03,-3.6
610,0.0007710456848144531,0.03,-4.0
611,0.00212860107421875,0.03,-4.4
612,0.0019178390502929688,0.03,-4.4
613,0.0007753372192382812,0.03,-4.800000000000001
614,0.0021276473999023438,0.03,-4.800000000000001
615,0.0005321502685546875,0.028,-4.800000000000001
616,0.002454519271850586,0.028,-4.800000000000001
617,0.0005621910095214844,0.026,-4.800000000000001
618,0.0009045600891113281,0.026,-4.800000000000001
619,0.0005314350128173828,0.026,-4.4
620,0.0021071434020996094,0.026,-4.4
621,0.002658843994140625,0.026,-4.0
622,0.0009701251983642578,0.026,-3.6
623,0.0020160675048828125,0.026,-3.2
624,0.0017404556274414062,0.026,-2.8000000000000003
625,0.0008120536804199219,0.026,-2.4000000000000004
626,0.001955747604370117,0.026,-2.0
627,0.000576019287109375,0.026,-1.2000000000000002
628,0.0020210742950439453,0.026,-0.8
629,0.000606536865234375,0.026,-0.4
630,0.0023996829986572266,0.026,0.4
631,0.0006456375122070312,0.026,0.8
632,0.002227306365966797,0.026,1.6
633,0.0020084381103515625,0.026,2.0
634,0.0013432502746582031,0.026,2.8000000000000003
635,0.0009353160858154297,0.024,3.2
636,0.0004661083221435547,0.024,3.6
637,0.0020546913146972656,0.024,4.4
638,0.0004792213439941406,0.024,4.800000000000001
639,0.0020449161529541016,0.024,5.2
640,0.0007944107055664062,0.024,6.0
641,0.002373933792114258,0.024,6.4
642,0.0021452903747558594,0.024,6.800000000000001
643,0.0006330013275146484,0.024,6.800000000000001
644,0.0020945072174072266,0.024,7.2
645,0.0005743503570556641,0.024,7.6000000000000005
646,0.0019469261169433594,0.024,7.6000000000000005
647,0.0005581378936767578,0.024,8.0
648,0.0018732547760009766,0.024,8.0
649,0.0005600452423095703,0.024,8.0
650,0.0024068355560302734,0.024,8.0
651,0.000652313232421875,0.024,8.0
652,0.002126932144165039,0.024,8.0
653,0.002352476119995117,0.024,7.6000000000000005
654,0.0006220340728759766,0.024,7.6000000000000005
655,0.002393960952758789,0.024,7.2
656,0.0018923282623291016,0.024,6.800000000000001
657,0.0006933212280273438,0.024,6.4
658,0.002521991729736328,0.024,6.0
659,0.0008113384246826172,0.024,5.6000000000000005
660,0.0021169185638427734,0.024,5.2
661,0.0008771419525146484,0.024,4.800000000000001
662,0.00217437744140625,0.024,4.4
663,0.0006134510040283203,0.024,3.6
664,0.0019443035125732422,0.024,3.2
665,0.0007405281066894531,0.024,2.4000000000000004
666,0.0023040771484375,0.024,2.0
667,0.0005636215209960938,0.024,1.6
668,0.002371549606323242,0.024,0.8
669,0.0005967617034912109,0.024,0.4
670,0.0024063587188720703,0.024,-0.4
671,0.0007643699645996094,0.024,-0.8
672,0.001992464065551758,0.024,-1.2000000000000002
673,0.002081632614135742,0.024,-1.6
674,0.0019881725311279297,0.024,-2.4000000000000004
675,0.002215147018432617,0.024,-2.8000000000000003
676,0.0007038116455078125,0.024,-3.2
677,0.001972675323486328,0.024,-3.6
678,0.0006659030914306641,0.024,-3.6
679,0.00226593017578125,0.024,-4.0
680,0.0006561279296875,0.024,-4.4
681,0.0019059181213378906,0.024,-4.4
682,0.0020017623901367188,0.024,-4.4
683,0.0006334781646728516,0.024,-4.800000000000001
684,0.0025916099548339844,0.024,-4.800000000000001
685,0.0005691051483154297,0.024,-4.800000000000001
686,0.0007410049438476562,0.024,-4.4
687,0.0005393028259277344,0.026,-4.4
688,0.0016062259674072266,0.026,-4.4
689,0.0007801055908203125,0.028,-4.0
690,0.0004668235778808594,0.032,-4.0
691,0.00044226646423339844,0.034,-3.6
692,0.0005018711090087891,0.037,-3.2
693,0.0008032321929931641,0.039,-2.8000000000000003
694,0.00054931640625,0.043,-2.4000000000000004
695,0.00047397613525390625,0.05,-2.0
696,0.0005297660827636719,0.056,-1.6
697,0.00044345855712890625,0.06,-0.8
698,0.0004477500915527344,0.065,-0.4
699,0.00043487548828125,0.065,0.0
700,0.0009396076202392578,0.065,0.8
701,0.0005173683166503906,0.067,1.2000000000000002
702,0.0006153583526611328,0.071,2.0
703,0.000522613525390625,0.071,2.8000000000000003
704,0.0005557537078857422,0.075,3.6
705,0.0008444786071777344,0.075,4.0
706,0.0004851818084716797,0.078,4.800000000000001
707,0.0004563331604003906,0.078,5.6000000000000005
708,0.000499725341796875,0.08,6.4
709,0.0006542205810546875,0.08,7.2
710,0.0005028247833251953,0.08,8.0
711,0.0015261173248291016,0.08,8.8
712,0.0005106925964355469,0.086,9.600000000000001
713,0.0004405975341796875,0.088,10.4
714,0.0004825592041015625,0.091,11.200000000000001
715,0.00043463706970214844,0.097,12.0
716,0.0004432201385498047,0.097,12.8
717,0.0004239082336425781,0.097,13.600000000000001
718,0.00024127960205078125,0.101,14.4
719,0.00034499168395996094,0.103,15.200000000000001
720,0.0008726119995117188,0.106,16.0
721,0.00046062469482421875,0.108,16.400000000000002
722,0.0004508495330810547,0.11,17.2
723,0.0010857582092285156,0.11,17.6
724,0.0004875659942626953,0.11,18.400000000000002
725,0.0009975433349609375,0.11,18.8
726,0.0005443096160888672,0.114,19.200000000000003
727,0.0004534721374511719,0.119,19.6
728,0.0011086463928222656,0.121,20.0
729,0.00048613548278808594,0.125,20.400000000000002
730,0.00048613548278808594,0.125,20.400000000000002
731,0.0006875991821289062,0.125,20.8
732,0.0016715526580810547,0.125,21.200000000000003
733,0.0008842945098876953,0.125,21.6
734,0.0004718303680419922,0.129,21.6
735,0.00034928321838378906,0.129,22.0
736,0.00045013427734375,0.131,22.0
737,0.0004565715789794922,0.134,22.400000000000002
738,0.0006554126739501953,0.136,22.400000000000002
739,0.0006816387176513672,0.14,22.8
740,0.0007801055908203125,0.14,22.8
741,0.0008308887481689453,0.14,22.8
742,0.0006861686706542969,0.14,22.8
743,0.001117706298828125,0.14,22.8
744,0.001825571060180664,0.14,22.8
745,0.0016942024230957031,0.14,22.8
746,0.001940011978149414,0.14,22.8
747,0.0010251998901367188,0.14,22.8
748,0.0017211437225341797,0.14,22.8
749,0.0006692409515380859,0.14,22.8
750,0.002027750015258789,0.14,22.8
751,0.000640869140625,0.14,22.8
752,0.002034902572631836,0.14,22.8
753,0.0006937980651855469,0.14,22.8
754,0.0024030208587646484,0.14,22.8
755,0.0006117820739746094,0.14,22.8
756,0.0023462772369384766,0.14,22.8
757,0.0005590915679931641,0.144,22.8
758,0.0006525516510009766,0.144,22.8
759,0.00077056884765625,0.144,22.8
760,0.0005662441253662109,0.144,22.8
761,0.0004999637603759766,0.147,22.400000000000002
762,0.0005092620849609375,0.147,22.400000000000002
763,0.0008330345153808594,0.149,22.400000000000002
764,0.0005376338958740234,0.149,22.400000000000002
765,0.0005865097045898438,0.151,22.400000000000002
766,0.0006060600280761719,0.151,22.400000000000002
767,0.0005099773406982422,0.153,22.400000000000002
768,0.0008022785186767578,0.153,22.400000000000002
769,0.0008940696716308594,0.153,22.400000000000002
770,0.0007648468017578125,0.155,22.8
771,0.0011868476867675781,0.157,22.8
772,0.0006067752838134766,0.157,22.8
773,0.0005345344543457031,0.159,22.8
774,0.00042510032653808594,0.159,23.200000000000003
775,0.000823974609375,0.159,23.200000000000003
776,0.0006239414215087891,0.159,23.200000000000003
777,0.0016794204711914062,0.159,23.6
778,0.002115488052368164,0.159,24.0
779,0.001439809799194336,0.159,24.0
780,0.0007946491241455078,0.159,24.400000000000002
781,0.002428770065307617,0.159,24.8
782,0.0004913806915283203,0.162,24.8
783,0.0009644031524658203,0.162,25.200000000000003
784,0.0006082057952880859,0.164,25.6
785,0.0009512901306152344,0.164,26.0
786,0.0005011558532714844,0.166,26.400000000000002
787,0.0010478496551513672,0.166,26.8
788,0.0005626678466796875,0.166,27.200000000000003
789,0.0024416446685791016,0.166,27.6
790,0.0004763603210449219,0.168,28.0
791,0.0005097389221191406,0.168,28.400000000000002
792,0.0004665851593017578,0.17,28.8
793,0.000522613525390625,0.17,29.200000000000003
794,0.0004513263702392578,0.17,29.6
795,0.002366781234741211,0.17,30.0
796,0.0006554126739501953,0.17,30.400000000000002
797,0.002185344696044922,0.17,30.8
798,0.0006134510040283203,0.17,31.200000000000003
799,0.0019652843475341797,0.17,31.6
800,0.0005526542663574219,0.17,32.0
801,0.0029091835021972656,0.17,32.4
802,0.0021240711212158203,0.17,32.800000000000004
803,0.0006999969482421875,0.17,33.2
804,0.0003800392150878906,0.172,33.2
805,0.0004878044128417969,0.172,33.6
806,0.0022470951080322266,0.172,34.0
807,0.0007920265197753906,0.175,34.0
808,0.0011892318725585938,0.175,34.4
809,0.0005910396575927734,0.177,34.4
810,0.0008988380432128906,0.177,34.800000000000004
811,0.0009400844573974609,0.177,34.800000000000004
812,0.0005578994750976562,0.179,35.2
813,0.0013463497161865234,0.179,35.2
814,0.0005428791046142578,0.181,35.2
815,0.00047469139099121094,0.181,35.2
816,0.0010833740234375,0.181,35.2
817,0.0020465850830078125,0.181,35.6
818,0.0020084381103515625,0.181,35.6
819,0.0006699562072753906,0.181,35.6
820,0.0024704933166503906,0.181,35.6
821,0.0006592273712158203,0.181,35.6
822,0.0019626617431640625,0.181,35.6
823,0.0006361007690429688,0.181,35.2
824,0.002486705780029297,0.181,35.2
825,0.0005927085876464844,0.181,35.2
826,0.002306699752807617,0.181,35.2
827,0.0006020069122314453,0.181,35.2
828,0.0021889209747314453,0.181,35.2
829,0.0016872882843017578,0.181,35.2
830,0.002176046371459961,0.181,35.2
831,0.0020422935485839844,0.181,34.800000000000004
832,0.0006248950958251953,0.183,34.800000000000004
833,0.0010402202606201172,0.183,34.800000000000004
834,0.0007445812225341797,0.183,34.800000000000004
835,0.0010516643524169922,0.185,34.800000000000004
836,0.0005352497100830078,0.185,34.4
837,0.0020110607147216797,0.185,34.4
838,0.0006735324859619141,0.188,34.4
839,0.0004794597625732422,0.188,34.4
840,0.0004589557647705078,0.188,34.4
841,0.0028009414672851562,0.188,34.0
842,0.002014636993408203,0.188,34.0
843,0.0006656646728515625,0.188,34.0
844,0.002285003662109375,0.188,34.0
845,0.0006015300750732422,0.188,34.0
846,0.0014498233795166016,0.188,34.0
847,0.0005946159362792969,0.188,34.0
848,0.002086639404296875,0.188,34.0
849,0.0020482540130615234,0.188,34.0
850,0.0005810260772705078,0.188,34.0
851,0.0018782615661621094,0.188,34.0
852,0.0004763603210449219,0.185,34.4
853,0.0007812976837158203,0.183,34.4
854,0.0006721019744873047,0.177,34.4
855,0.0005087852478027344,0.172,34.4
856,0.0009064674377441406,0.168,34.800000000000004
857,0.0003483295440673828,0.162,34.800000000000004
858,0.0004520416259765625,0.159,34.800000000000004
859,0.0006322860717773438,0.157,35.2
860,0.0004572868347167969,0.155,35.2
861,0.00038504600524902344,0.151,35.2
862,0.0004992485046386719,0.149,35.6
863,0.0004572868347167969,0.142,35.6
864,0.000522613525390625,0.138,35.6
865,0.00048351287841796875,0.134,35.2
866,0.0005278587341308594,0.129,35.2
867,0.0005052089691162109,0.125,35.2
868,0.0004611015319824219,0.125,34.800000000000004
869,0.0004622936248779297,0.125,34.4
870,0.0005276203155517578,0.121,34.0
871,0.0005116462707519531,0.119,33.6
872,0.00045609474182128906,0.112,33.2
873,0.0008802413940429688,0.108,32.4
874,0.0005152225494384766,0.101,31.6
875,0.00046515464782714844,0.099,30.8
876,0.0006079673767089844,0.099,30.0
877,0.0006079673767089844,0.095,30.0
878,0.0004420280456542969,0.093,28.8
879,0.0007355213165283203,0.091,28.0
880,0.0005741119384765625,0.086,26.8
881,0.000518798828125,0.082,25.6
882,0.0007724761962890625,0.075,24.0
883,0.0004553794860839844,0.073,22.8
884,0.0004265308380126953,0.073,21.200000000000003
885,0.00048232078552246094,0.069,19.6
886,0.0010159015655517578,0.069,18.0
887,0.0007002353668212891,0.069,16.400000000000002
888,0.0008597373962402344,0.067,14.8
889,0.0004999637603759766,0.067,12.8
890,0.0010695457458496094,0.067,11.200000000000001
891,0.0004703998565673828,0.067,9.200000000000001
892,0.0006093978881835938,0.063,7.2
893,0.0005388259887695312,0.06,5.2
894,0.0011146068572998047,0.058,3.2
895,0.0006399154663085938,0.052,1.2000000000000002
896,0.0003814697265625,0.041,-0.8
897,0.0005013942718505859,0.034,-2.4000000000000004
898,0.0004794597625732422,0.032,-4.0
899,0.0008306503295898438,0.03,-6.0
900,0.0003337860107421875,0.028,-7.2
901,0.0004711151123046875,0.026,-8.8
902,0.0008771419525146484,0.026,-10.0
903,0.0004558563232421875,0.022,-11.200000000000001
904,0.0004439353942871094,0.019,-12.4
905,0.0004749298095703125,0.019,-13.600000000000001
906,0.0004220008850097656,0.019,-14.4
907,0.00041937828063964844,0.019,-14.8
908,0.0026123523712158203,0.019,-15.600000000000001
909,0.0007488727569580078,0.017,-16.0
910,0.0008108615875244141,0.013,-16.400000000000002
911,0.0004870891571044922,0.013,-16.400000000000002
912,0.0004954338073730469,0.009,-16.400000000000002
913,0.0006005764007568359,0.006,-16.400000000000002
914,0.00040650367736816406,0.006,-16.0
915,0.0004723072052001953,0.006,-15.600000000000001
916,0.00046324729919433594,0.006,-15.200000000000001
917,0.0013973712921142578,0.006,-14.4
918,0.0006346702575683594,0.006,-13.600000000000001
919,0.0012791156768798828,0.006,-12.8
920,0.0006003379821777344,0.006,-12.0
921,0.001920461654663086,0.006,-10.8
922,0.002315521240234375,0.006,-9.600000000000001
923,0.0006864070892333984,0.006,-8.4
924,0.001397848129272461,0.006,-7.2
925,0.0007009506225585938,0.006,-6.0
926,0.0016739368438720703,0.006,-4.4
927,0.0006105899810791016,0.006,-3.2
928,0.002629995346069336,0.006,-1.6
929,0.0007951259613037109,0.006,0.0
930,0.0022356510162353516,0.006,1.2000000000000002
931,0.0006263256072998047,0.006,2.8000000000000003
932,0.002107858657836914,0.006,4.0
933,0.0005950927734375,0.006,5.6000000000000005
934,0.002645730972290039,0.006,6.800000000000001
935,0.0020761489868164062,0.006,8.0
936,0.0020995140075683594,0.006,9.200000000000001
937,0.0006093978881835938,0.006,10.4
938,0.0020945072174072266,0.006,11.600000000000001
939,0.000621795654296875,0.006,12.4
940,0.0019371509552001953,0.006,13.200000000000001
941,0.0005774497985839844,0.006,14.0
942,0.002076387405395508,0.006,14.4
943,0.0005738735198974609,0.006,15.200000000000001
944,0.0024247169494628906,0.006,15.600000000000001
945,0.0005879402160644531,0.006,15.600000000000001
946,0.0020508766174316406,0.006,16.0
947,0.0005867481231689453,0.006,16.0
948,0.001739501953125,0.006,15.600000000000001
949,0.000576019287109375,0.006,15.600000000000001
950,0.0016658306121826172,0.006,15.200000000000001
951,0.0005512237548828125,0.006,14.4
952,0.002537250518798828,0.006,14.0
953,0.0005614757537841797,0.006,13.200000000000001
954,0.0020983219146728516,0.006,12.4
955,0.0005962848663330078,0.006,11.600000000000001
956,0.00191497802734375,0.006,10.4
957,0.0005476474761962891,0.006,9.200000000000001
958,0.0021903514862060547,0.006,8.0
959,0.001848459243774414,0.006,6.800000000000001
960,0.0018694400787353516,0.006,5.6000000000000005
961,0.0020897388458251953,0.006,4.4
962,0.0007221698760986328,0.006,2.8000000000000003
963,0.002062082290649414,0.006,1.6
964,0.0006568431854248047,0.006,0.0
965,0.0021860599517822266,0.006,-1.2000000000000002
966,0.0020258426666259766,0.006,-2.8000000000000003
967,0.0005743503570556641,0.006,-4.0
968,0.0022759437561035156,0.006,-5.2
969,0.0006253719329833984,0.006,-6.800000000000001
970,0.0020935535430908203,0.006,-8.0
971,0.0006208419799804688,0.006,-9.200000000000001
972,0.0016515254974365234,0.006,-10.0
973,0.0006303787231445312,0.006,-11.200000000000001
974,0.002201080322265625,0.006,-12.0
975,0.0005955696105957031,0.006,-12.8
976,0.0016574859619140625,0.006,-13.600000000000001
977,0.0005960464477539062,0.006,-14.0
978,0.0010178089141845703,0.006,-14.4
979,0.0027277469635009766,0.006,-14.8
980,0.0011382102966308594,0.006,-15.200000000000001
981,0.0017333030700683594,0.006,-15.200000000000001
982,0.0017430782318115234,0.006,-15.200000000000001
983,0.0017528533935546875,0.006,-15.200000000000001
984,0.0010335445404052734,0.006,-14.8
985,0.002269744873046875,0.006,-14.4
986,0.00067901611328125,0.006,-14.0
987,0.002071857452392578,0.006,-13.600000000000001
988,0.000507354736328125,0.006,-12.8
989,0.00079345703125,0.019,-12.0
990,0.0005016326904296875,0.032,-11.200000000000001
991,0.0005214214324951172,0.037,-10.0
992,0.0004870891571044922,0.041,-9.200000000000001
993,0.00047397613525390625,0.043,-8.0
994,0.0004496574401855469,0.043,-6.800000000000001
995,0.00045228004455566406,0.045,-5.6000000000000005
996,0.00043845176696777344,0.052,-4.0
997,0.00047779083251953125,0.056,-2.8000000000000003
998,0.0004420280456542969,0.063,-1.6
999,0.0004687309265136719,0.069,0.0
1000,0.00047779083251953125,0.071,1.6
1001,0.0004360675811767578,0.073,2.8000000000000003
1002,0.0001327991485595703,0.078,4.4
1003,0.00013875961303710938,0.08,5.6000000000000005
1004,0.0012404918670654297,0.082,7.2
1005,0.0004944801330566406,0.086,8.8
1006,0.0005311965942382812,0.091,10.0
1007,0.00044274330139160156,0.093,11.600000000000001
1008,0.0001373291015625,0.095,12.8
1009,0.0006463527679443359,0.097,14.0
1010,0.0005006790161132812,0.097,15.600000000000001
1011,0.0003285408020019531,0.097,16.8
1012,0.001287698745727539,0.097,18.0
1013,0.0032689571380615234,0.097,19.200000000000003
1014,0.0006031990051269531,0.099,20.0
1015,0.000499725341796875,0.099,21.200000000000003
1016,0.0009543895721435547,0.099,22.0
1017,0.0020830631256103516,0.099,23.200000000000003
1018,0.0020093917846679688,0.099,24.0
1019,0.000461578369140625,0.101,24.8
1020,0.0004925727844238281,0.101,25.200000000000003
1021,0.0020275115966796875,0.101,26.0
1022,0.0010972023010253906,0.101,26.400000000000002
1023,0.00045418739318847656,0.106,26.8
1024,0.00045418739318847656,0.106,26.8
1025,0.0012233257293701172,0.108,26.8
1026,0.0006744861602783203,0.108,27.200000000000003
1027,0.0006923675537109375,0.11,27.200000000000003
1028,0.0005247592926025391,0.11,27.200000000000003
1029,0.0006635189056396484,0.112,27.200000000000003
1030,0.00048661231994628906,0.112,26.8
1031,0.00044226646423339844,0.112,26.400000000000002
1032,0.001386404037475586,0.112,26.0
1033,0.0008258819580078125,0.112,25.6
1034,0.0007297992706298828,0.114,25.200000000000003
1035,0.001094818115234375,0.114,24.400000000000002
1036,0.001435995101928711,0.114,24.0
1037,0.002198457717895508,0.114,23.200000000000003
1038,0.0017156600952148438,0.114,22.400000000000002
1039,0.0018665790557861328,0.114,21.6
1040,0.0013544559478759766,0.114,20.8
1041,0.0007905960083007812,0.114,20.0
1042,0.00045609474182128906,0.116,19.200000000000003
1043,0.0004534721374511719,0.119,18.400000000000002
1044,0.0005066394805908203,0.121,17.6
1045,0.0004839897155761719,0.121,16.8
1046,0.00045561790466308594,0.121,16.0
1047,0.0012531280517578125,0.121,15.200000000000001
1048,0.0005266666412353516,0.123,14.4
1049,0.0008037090301513672,0.123,13.600000000000001
1050,0.0004966259002685547,0.127,12.8
1051,0.0004477500915527344,0.127,12.0
1052,0.00046372413635253906,0.127,11.200000000000001
1053,0.00042176246643066406,0.127,10.8
1054,0.0004947185516357422,0.129,10.4
1055,0.0009248256683349609,0.129,10.0
1056,0.0007712841033935547,0.129,9.600000000000001
1057,0.002169370651245117,0.129,9.200000000000001
1058,0.0006151199340820312,0.129,8.8
1059,0.001753091812133789,0.129,8.8
1060,0.0005245208740234375,0.129,8.8
1061,0.0005190372467041016,0.129,8.8
1062,0.0004756450653076172,0.129,8.8
1063,0.0005447864532470703,0.131,9.200000000000001
1064,0.0003750324249267578,0.131,9.600000000000001
1065,0.0001697540283203125,0.131,10.0
1066,0.00018858909606933594,0.134,10.4
1067,0.0004494190216064453,0.134,10.8
1068,0.0004317760467529297,0.134,11.600000000000001
1069,0.0006699562072753906,0.134,12.0
1070,0.00045228004455566406,0.136,12.8
1071,0.0010883808135986328,0.136,13.600000000000001
1072,0.0005328655242919922,0.136,14.4
1073,0.0004458427429199219,0.136,15.200000000000001
1074,0.001804351806640625,0.136,16.400000000000002
1075,0.002200603485107422,0.136,17.2
1076,0.002023458480834961,0.136,18.0
1077,0.0021543502807617188,0.136,19.200000000000003
1078,0.0018651485443115234,0.136,20.0
1079,0.0006933212280273438,0.136,21.200000000000003
1080,0.0019729137420654297,0.136,22.0
1081,0.0017848014831542969,0.136,23.200000000000003
1082,0.0006172657012939453,0.136,24.0
1083,0.0021429061889648438,0.136,25.200000000000003
1084,0.0020210742950439453,0.136,26.0
1085,0.0005676746368408203,0.136,26.8
1086,0.002268552780151367,0.136,27.6
1087,0.0020406246185302734,0.136,28.400000000000002
1088,0.0005929470062255859,0.136,29.200000000000003
1089,0.0021979808807373047,0.136,30.0
1090,0.0004267692565917969,0.138,30.400000000000002
1091,0.0009708404541015625,0.138,31.200000000000003
1092,0.0021224021911621094,0.14,31.6
1093,0.0011792182922363281,0.14,32.0
1094,0.0015213489532470703,0.14,32.4
1095,0.001680135726928711,0.14,32.4
1096,0.0010755062103271484,0.14,32.800000000000004
1097,0.0020699501037597656,0.14,32.800000000000004
1098,0.0005667209625244141,0.142,32.800000000000004
1099,0.0008521080017089844,0.142,32.800000000000004
1100,0.0013952255249023438,0.142,32.4
1101,0.0021066665649414062,0.142,32.4
1102,0.0005459785461425781,0.144,32.0
1103,0.0012664794921875,0.144,31.6
1104,0.000827789306640625,0.144,31.200000000000003
1105,0.002293109893798828,0.144,30.8
1106,0.0006730556488037109,0.144,30.400000000000002
1107,0.0025124549865722656,0.144,30.0
1108,0.00045752525329589844,0.147,29.200000000000003
1109,0.0010662078857421875,0.147,28.8
1110,0.0005216598510742188,0.149,28.0
1111,0.0005757808685302734,0.149,27.200000000000003
1112,0.0010917186737060547,0.149,26.400000000000002
1113,0.0005338191986083984,0.149,26.0
1114,0.002780437469482422,0.149,25.200000000000003
1115,0.0004642009735107422,0.151,24.400000000000002
1116,0.0008978843688964844,0.151,23.6
1117,0.0005118846893310547,0.151,22.8
1118,0.0015270709991455078,0.151,22.400000000000002
1119,0.0005006790161132812,0.153,21.6
1120,0.0006136894226074219,0.155,20.8
1121,0.0008931159973144531,0.155,20.400000000000002
1122,0.0008864402770996094,0.155,19.6
1123,0.0010762214660644531,0.155,19.200000000000003
1124,0.002198934555053711,0.155,18.8
1125,0.0007786750793457031,0.155,18.400000000000002
1126,0.0019981861114501953,0.155,18.0
1127,0.0020172595977783203,0.155,17.6
1128,0.0006880760192871094,0.155,17.6
1129,0.0019502639770507812,0.155,17.2
1130,0.0021812915802001953,0.155,17.2
1131,0.0006308555603027344,0.155,17.2
1132,0.002485513687133789,0.155,17.2
1133,0.0006029605865478516,0.155,17.2
1134,0.0015454292297363281,0.155,17.6
1135,0.0006361007690429688,0.155,17.6
1136,0.0022611618041992188,0.155,18.0
1137,0.0006425380706787109,0.155,18.400000000000002
1138,0.0021810531616210938,0.157,18.8
1139,0.0008740425109863281,0.157,19.6
1140,0.0005013942718505859,0.157,20.0
1141,0.0018684864044189453,0.157,20.400000000000002
1142,0.0016896724700927734,0.157,21.200000000000003
1143,0.0015363693237304688,0.157,22.0
1144,0.0005519390106201172,0.157,22.400000000000002
1145,0.0004622936248779297,0.159,23.200000000000003
1146,0.0005283355712890625,0.159,24.0
1147,0.0023305416107177734,0.159,24.8
1148,0.0006823539733886719,0.159,25.6
1149,0.0022149085998535156,0.159,26.400000000000002
1150,0.0005729198455810547,0.159,27.200000000000003
1151,0.0019023418426513672,0.159,28.0
1152,0.00063323974609375,0.159,28.8
1153,0.0019576549530029297,0.159,29.6
1154,0.0006172657012939453,0.159,30.400000000000002
1155,0.0004968643188476562,0.159,31.200000000000003
1156,0.0005586147308349609,0.159,32.0
1157,0.0005011558532714844,0.159,32.4
1158,0.0004913806915283203,0.159,33.2
1159,0.0023851394653320312,0.159,33.6
1160,0.0007188320159912109,0.159,34.4
1161,0.0018773078918457031,0.162,34.800000000000004
1162,0.0013387203216552734,0.162,35.2
1163,0.0016009807586669922,0.162,35.6
1164,0.0009691715240478516,0.162,36.0
1165,0.0020449161529541016,0.162,36.4
1166,0.0006933212280273438,0.162,36.800000000000004
1167,0.0018191337585449219,0.162,36.800000000000004
1168,0.0009493827819824219,0.162,36.800000000000004
1169,0.0023696422576904297,0.162,37.2
1170,0.0006883144378662109,0.162,37.2
1171,0.0018944740295410156,0.162,37.2
1172,0.0018467903137207031,0.162,36.800000000000004
1173,0.0014040470123291016,0.162,36.800000000000004
1174,0.0007047653198242188,0.162,36.4
1175,0.0022459030151367188,0.162,36.4
1176,0.0005991458892822266,0.162,36.0
1177,0.0023643970489501953,0.162,35.6
1178,0.0006606578826904297,0.162,35.2
1179,0.001886606216430664,0.162,34.800000000000004
1180,0.0006432533264160156,0.162,34.4
1181,0.00217437744140625,0.162,34.0
1182,0.0005915164947509766,0.162,33.6
1183,0.0020303726196289062,0.162,32.800000000000004
1184,0.0007913112640380859,0.162,32.4
1185,0.0018739700317382812,0.162,31.6
1186,0.0022592544555664062,0.162,31.200000000000003
1187,0.0022592544555664062,0.157,31.200000000000003
1188,0.0004885196685791016,0.149,30.400000000000002
1189,0.00048732757568359375,0.144,30.0
1190,0.0005006790161132812,0.138,29.200000000000003
1191,0.00043964385986328125,0.129,28.8
1192,0.0004775524139404297,0.123,28.0
1193,0.0004963874816894531,0.116,27.6
1194,0.0005011558532714844,0.108,26.8
1195,0.000499725341796875,0.101,26.0
1196,0.00043272972106933594,0.093,25.6
1197,0.0004711151123046875,0.088,24.8
1198,0.00044417381286621094,0.086,24.0
1199,0.0004558563232421875,0.082,23.200000000000003
1200,0.0004355907440185547,0.08,22.400000000000002
1201,0.0004265308380126953,0.08,21.6
1202,0.0004317760467529297,0.075,20.8
1203,0.00043892860412597656,0.073,20.0
1204,0.0004360675811767578,0.069,18.8
1205,0.00043582916259765625,0.067,17.6
1206,0.0004401206970214844,0.063,16.8
1207,0.00043392181396484375,0.058,15.600000000000001
1208,0.0004391670227050781,0.054,14.4
1209,0.00044083595275878906,0.05,13.200000000000001
1210,0.0004298686981201172,0.047,12.0
1211,0.000423431396484375,0.045,10.8
1212,0.00048160552978515625,0.043,9.600000000000001
1213,0.0004780292510986328,0.039,8.4
1214,0.0004487037658691406,0.034,6.800000000000001
1215,0.0004725456237792969,0.034,5.6000000000000005
1216,0.0004749298095703125,0.032,4.4
1217,0.0004355907440185547,0.028,3.2
1218,0.00043964385986328125,0.028,2.0
1219,0.0004563331604003906,0.024,0.4
1220,0.0004448890686035156,0.022,-0.8
1221,0.0004363059997558594,0.015,-2.0
1222,0.0005047321319580078,0.013,-2.8000000000000003
1223,0.0011343955993652344,0.004,-4.0
1224,0.0004570484161376953,0.002,-5.2
1225,0.0006976127624511719,0.0,-6.0
1226,0.0004398822784423828,0.0,-7.2
1227,0.0009768009185791016,0.0,-8.0
1228,0.00052642822265625,0.0,-8.8
1229,0.0018720626831054688,0.0,-9.600000000000001
1230,0.0016546249389648438,0.0,-10.0
1231,0.0018744468688964844,0.0,-10.8
1232,0.001893758773803711,0.0,-11.200000000000001
1233,0.0012390613555908203,0.0,-11.600000000000001
1234,0.0007758140563964844,0.0,-12.0
1235,0.00213623046875,0.0,-12.0
1236,0.0006372928619384766,0.0,-12.4
1237,0.002243518829345703,0.0,-12.4
1238,0.0018689632415771484,0.0,-12.0
1239,0.002001047134399414,0.0,-12.0
1240,0.0019621849060058594,0.0,-11.600000000000001
1241,0.0006544589996337891,0.0,-11.200000000000001
1242,0.0020322799682617188,0.0,-10.8
1243,0.0022335052490234375,0.0,-10.4
1244,0.0017786026000976562,0.0,-9.600000000000001
1245,0.0006227493286132812,0.0,-8.8
1246,0.0020198822021484375,0.0,-8.0
1247,0.0005967617034912109,0.0,-7.2
1248,0.002311229705810547,0.0,-6.4
1249,0.0005819797515869141,0.0,-5.6000000000000005
1250,0.002347230911254883,0.0,-4.4
1251,0.0005664825439453125,0.0,-3.2
1252,0.0021927356719970703,0.0,-2.4000000000000004
1253,0.0005595684051513672,0.0,-1.2000000000000002
1254,0.0009505748748779297,0.0,0.0
1255,0.0006399154663085938,0.0,0.8
1256,0.0021796226501464844,0.0,2.0
1257,0.0006232261657714844,0.0,3.2
1258,0.0011010169982910156,0.0,4.0
1259,0.0006434917449951172,0.0,5.2
1260,0.0023279190063476562,0.0,6.0
1261,0.000583648681640625,0.0,6.800000000000001
1262,0.002233743667602539,0.0,7.6000000000000005
1263,0.0008826255798339844,0.0,8.4
1264,0.0010371208190917969,0.0,9.200000000000001
1265,0.0006325244903564453,0.0,10.0
1266,0.0013110637664794922,0.0,10.4
1267,0.0006334781646728516,0.0,10.8
1268,0.002156496047973633,0.0,11.200000000000001
1269,0.0004286766052246094,0.002,11.600000000000001
1270,0.0010526180267333984,0.002,11.600000000000001
1271,0.0004973411560058594,0.002,11.600000000000001
1272,0.0004687309265136719,0.004,11.600000000000001
1273,0.00047135353088378906,0.004,11.600000000000001
1274,0.0027573108673095703,0.004,11.600000000000001
1275,0.0007002353668212891,0.004,11.200000000000001
1276,0.0020329952239990234,0.004,10.8
1277,0.0020186901092529297,0.004,10.4
1278,0.0006616115570068359,0.004,10.0
1279,0.002239227294921875,0.004,9.200000000000001
1280,0.0008254051208496094,0.006,8.4
1281,0.0005116462707519531,0.006,7.6000000000000005
1282,0.0015666484832763672,0.006,6.800000000000001
1283,0.0008716583251953125,0.006,6.0
1284,0.0021343231201171875,0.006,5.2
1285,0.0006544589996337891,0.006,4.0
1286,0.002391815185546875,0.006,3.2
1287,0.0006132125854492188,0.006,2.0
1288,0.002157926559448242,0.006,1.2000000000000002
1289,0.0007097721099853516,0.006,0.0
1290,0.002285480499267578,0.006,-0.8
1291,0.0018613338470458984,0.006,-2.0
1292,0.0017817020416259766,0.006,-2.8000000000000003
1293,0.0006206035614013672,0.006,-4.0
1294,0.0022840499877929688,0.006,-4.800000000000001
1295,0.000652313232421875,0.009,-6.0
1296,0.001199960708618164,0.011,-6.800000000000001
1297,0.0005176067352294922,0.011,-7.6000000000000005
1298,0.001199483871459961,0.011,-8.4
1299,0.0005033016204833984,0.013,-8.8
1300,0.000911712646484375,0.013,-9.600000000000001
1301,0.0007646083831787109,0.013,-10.0
1302,0.002063274383544922,0.013,-10.4
1303,0.0006406307220458984,0.013,-10.8
1304,0.0023980140686035156,0.013,-11.200000000000001
1305,0.0008540153503417969,0.013,-11.200000000000001
1306,0.0004904270172119141,0.015,-11.200000000000001
1307,0.0005731582641601562,0.015,-11.200000000000001
1308,0.0017557144165039062,0.015,-11.200000000000001
1309,0.0006380081176757812,0.015,-10.8
1310,0.0021941661834716797,0.015,-10.8
1311,0.0006101131439208984,0.015,-10.4
1312,0.002036571502685547,0.015,-10.0
1313,0.0007832050323486328,0.015,-9.200000000000001
1314,0.002022981643676758,0.015,-8.8
1315,0.0006508827209472656,0.015,-8.0
1316,0.001734018325805664,0.015,-7.2
1317,0.0008561611175537109,0.015,-6.4
1318,0.0009047985076904297,0.017,-5.6000000000000005
1319,0.0005853176116943359,0.017,-4.800000000000001
1320,0.0025374889373779297,0.017,-3.6
1321,0.0008428096771240234,0.017,-2.8000000000000003
1322,0.0019230842590332031,0.017,-2.0
1323,0.00047659873962402344,0.017,-0.8
1324,0.00047659873962402344,0.019,-0.8
1325,0.0010690689086914062,0.019,0.4
1326,0.0006964206695556641,0.019,1.2000000000000002
1327,0.0017428398132324219,0.019,2.4000000000000004
1328,0.0006818771362304688,0.019,3.2
1329,0.0020058155059814453,0.019,4.0
1330,0.000598907470703125,0.022,5.2
1331,0.00048351287841796875,0.026,6.0
1332,0.0004494190216064453,0.028,6.800000000000001
1333,0.0004949569702148438,0.03,7.6000000000000005
1334,0.0009210109710693359,0.03,8.4
1335,0.0011281967163085938,0.03,9.200000000000001
1336,0.0005567073822021484,0.032,9.600000000000001
1337,0.0004532337188720703,0.032,10.4
1338,0.0026209354400634766,0.032,10.8
1339,0.000499725341796875,0.034,11.200000000000001
1340,0.0009088516235351562,0.034,11.600000000000001
1341,0.0022284984588623047,0.034,11.600000000000001
1342,0.0020132064819335938,0.034,12.0
1343,0.0011425018310546875,0.037,12.0
1344,0.00031876564025878906,0.041,12.0
1345,0.0005409717559814453,0.043,12.0
1346,0.0005776882171630859,0.043,12.0
1347,0.0006122589111328125,0.045,11.600000000000001
1348,0.0005354881286621094,0.047,11.600000000000001
1349,0.002298593521118164,0.05,11.200000000000001
1350,0.0004634857177734375,0.05,10.8
1351,0.0009047985076904297,0.05,10.4
1352,0.0005443096160888672,0.052,9.600000000000001
1353,0.0004470348358154297,0.052,9.200000000000001
1354,0.002789735794067383,0.052,8.8
1355,0.0004978179931640625,0.054,8.0
1356,0.0007123947143554688,0.056,7.2
1357,0.0005140304565429688,0.056,6.800000000000001
1358,0.0012481212615966797,0.058,6.0
1359,0.0006313323974609375,0.058,5.6000000000000005
1360,0.0028998851776123047,0.058,4.800000000000001
1361,0.0005702972412109375,0.06,4.0
1362,0.000888824462890625,0.06,3.6
1363,0.0008018016815185547,0.06,2.8000000000000003
1364,0.002233266830444336,0.06,2.4000000000000004
1365,0.0006911754608154297,0.06,2.0
1366,0.0022995471954345703,0.06,1.2000000000000002
1367,0.0007231235504150391,0.06,0.8
1368,0.002386331558227539,0.06,0.4
1369,0.0006809234619140625,0.06,0.0
1370,0.002163410186767578,0.06,0.0
1371,0.0006253719329833984,0.06,-0.4
1372,0.0027844905853271484,0.06,-0.4
1373,0.0004642009735107422,0.063,-0.8
1374,0.002093791961669922,0.063,-0.8
1375,0.0009169578552246094,0.063,-0.8
1376,0.0006730556488037109,0.063,-0.4
1377,0.0004303455352783203,0.065,-0.4
1378,0.0007760524749755859,0.065,-0.4
1379,0.0010461807250976562,0.065,0.0
1380,0.0005788803100585938,0.065,0.4
1381,0.0023949146270751953,0.065,0.8
1382,0.0006573200225830078,0.065,1.2000000000000002
1383,0.002047300338745117,0.065,1.6
1384,0.0006546974182128906,0.067,2.0
1385,0.0012564659118652344,0.067,2.8000000000000003
1386,0.0011239051818847656,0.067,3.2
1387,0.002114534378051758,0.067,4.0
1388,0.0008375644683837891,0.067,4.800000000000001
1389,0.0022008419036865234,0.067,5.2
1390,0.001875162124633789,0.067,6.0
1391,0.0019550323486328125,0.067,6.800000000000001
1392,0.0006825923919677734,0.067,7.6000000000000005
1393,0.0019292831420898438,0.067,8.4
1394,0.000682830810546875,0.067,8.8
1395,0.0005202293395996094,0.067,9.600000000000001
1396,0.0023162364959716797,0.067,10.4
1397,0.0037031173706054688,0.067,11.200000000000001
1398,0.0004944801330566406,0.069,11.600000000000001
1399,0.0005958080291748047,0.071,12.4
1400,0.00043272972106933594,0.071,12.8
1401,0.0023043155670166016,0.071,13.600000000000001
1402,0.0004677772521972656,0.071,14.0
1403,0.0023174285888671875,0.071,14.4
1404,0.0007946491241455078,0.071,14.8
1405,0.001010894775390625,0.073,15.200000000000001
1406,0.0011522769927978516,0.073,15.600000000000001
1407,0.0018198490142822266,0.075,16.0
1408,0.0020062923431396484,0.078,16.0
1409,0.0006122589111328125,0.082,16.400000000000002
1410,0.002165079116821289,0.082,16.400000000000002
1411,0.0005533695220947266,0.082,16.400000000000002
1412,0.0013494491577148438,0.082,16.400000000000002
1413,0.0008902549743652344,0.082,16.400000000000002
1414,0.0017271041870117188,0.082,16.400000000000002
1415,0.0007238388061523438,0.082,16.0
1416,0.0021278858184814453,0.082,16.0
1417,0.0015730857849121094,0.082,15.600000000000001
1418,0.00092315673828125,0.082,15.200000000000001
1419,0.000537872314453125,0.084,15.200000000000001
1420,0.0010056495666503906,0.084,14.8
1421,0.0005154609680175781,0.084,14.4
1422,0.0003566741943359375,0.088,14.0
1423,0.0005247592926025391,0.088,13.600000000000001
1424,0.0005829334259033203,0.088,13.200000000000001
1425,0.0021080970764160156,0.088,12.8
1426,0.0006272792816162109,0.088,12.4
1427,0.0020630359649658203,0.088,11.600000000000001
1428,0.0011970996856689453,0.088,11.200000000000001
1429,0.0007343292236328125,0.093,10.8
1430,0.001104593276977539,0.093,10.4
1431,0.00048661231994628906,0.093,10.0
1432,0.0021915435791015625,0.093,9.600000000000001
1433,0.0009081363677978516,0.093,9.200000000000001
1434,0.0023157596588134766,0.093,8.8
1435,0.0006825923919677734,0.093,8.4
1436,0.0020356178283691406,0.093,8.0
1437,0.0005991458892822266,0.093,8.0
1438,0.0023565292358398438,0.093,7.6000000000000005
1439,0.0018677711486816406,0.093,7.6000000000000005
1440,0.0005030632019042969,0.095,7.2
1441,0.0006251335144042969,0.095,7.2
1442,0.0014777183532714844,0.095,7.2
1443,0.0004975795745849609,0.095,7.2
1444,0.0014157295227050781,0.097,7.2
1445,0.0008835792541503906,0.097,7.2
1446,0.0005474090576171875,0.097,7.6000000000000005
1447,0.0020797252655029297,0.097,7.6000000000000005
1448,0.0004911422729492188,0.099,8.0
1449,0.0012443065643310547,0.099,8.0
1450,0.0006680488586425781,0.099,8.4
1451,0.0018982887268066406,0.099,8.8
1452,0.0006439685821533203,0.099,9.200000000000001
1453,0.0022809505462646484,0.099,9.600000000000001
1454,0.0018067359924316406,0.099,10.0
1455,0.0005645751953125,0.101,10.4
1456,0.0026488304138183594,0.101,11.200000000000001
1457,0.0013539791107177734,0.101,11.600000000000001
1458,0.0007967948913574219,0.103,12.0
1459,0.0005936622619628906,0.103,12.8
1460,0.0024738311767578125,0.103,13.200000000000001
1461,0.0007741451263427734,0.103,14.0
1462,0.002409696578979492,0.103,14.4
1463,0.0005509853363037109,0.106,15.200000000000001
1464,0.000537872314453125,0.106,15.600000000000001
1465,0.0010259151458740234,0.106,16.400000000000002
1466,0.0007810592651367188,0.106,16.8
1467,0.0006349086761474609,0.108,17.2
1468,0.0009603500366210938,0.108,18.0
1469,0.0009603500366210938,0.112,18.0
1470,0.00041294097900390625,0.112,18.400000000000002
1471,0.0009539127349853516,0.112,18.8
1472,0.0016064643859863281,0.112,19.6
1473,0.0004642009735107422,0.114,20.0
1474,0.0010766983032226562,0.114,20.400000000000002
1475,0.0005130767822265625,0.114,20.8
1476,0.0020961761474609375,0.114,20.8
1477,0.0009493827819824219,0.114,21.200000000000003
1478,0.00046563148498535156,0.119,21.6
1479,0.001096963882446289,0.119,21.6
1480,0.0008907318115234375,0.121,22.0
1481,0.000896453857421875,0.121,22.0
1482,0.0007116794586181641,0.121,22.0
1483,0.0016324520111083984,0.121,22.400000000000002
1484,0.0015690326690673828,0.121,22.0
1485,0.0004887580871582031,0.123,22.0
1486,0.0017714500427246094,0.123,22.0
1487,0.0004589557647705078,0.125,22.0
1488,0.0005049705505371094,0.125,21.6
1489,0.002031564712524414,0.125,21.6
1490,0.0020020008087158203,0.125,21.200000000000003
1491,0.002365589141845703,0.125,20.8
1492,0.0019245147705078125,0.125,20.8
1493,0.0005719661712646484,0.125,20.400000000000002
1494,0.0007708072662353516,0.127,20.0
1495,0.0006010532379150391,0.127,20.0
1496,0.00048232078552246094,0.127,19.6
1497,0.0018467903137207031,0.127,19.200000000000003
1498,0.000579833984375,0.127,19.200000000000003
1499,0.002353668212890625,0.127,18.8
1500,0.0031464099884033203,0.127,18.400000000000002
1501,0.0005934238433837891,0.127,18.400000000000002
1502,0.002308368682861328,0.127,18.0
1503,0.0006177425384521484,0.127,18.0
1504,0.002396106719970703,0.127,17.6
1505,0.0006306171417236328,0.127,17.6
1506,0.0026900768280029297,0.127,17.6
1507,0.0005881786346435547,0.127,17.2
1508,0.002231121063232422,0.127,17.2
1509,0.0005774497985839844,0.127,17.2
1510,0.0023651123046875,0.127,17.2
1511,0.000579833984375,0.127,17.2
1512,0.0023632049560546875,0.127,17.2
1513,0.0007922649383544922,0.127,17.2
1514,0.002409696578979492,0.127,17.2
1515,0.0006442070007324219,0.127,17.2
1516,0.0021729469299316406,0.127,17.6
1517,0.0005888938903808594,0.127,17.6
1518,0.0022590160369873047,0.127,17.6
1519,0.0011472702026367188,0.127,18.0
1520,0.0008454322814941406,0.131,18.0
1521,0.0013599395751953125,0.131,18.400000000000002
1522,0.0005731582641601562,0.134,18.400000000000002
1523,0.0005266666412353516,0.134,18.8
1524,0.0005190372467041016,0.134,18.8
1525,0.0007922649383544922,0.136,19.200000000000003
1526,0.0009598731994628906,0.136,19.6
1527,0.0011668205261230469,0.136,19.6
1528,0.0018885135650634766,0.136,20.0
1529,0.0005280971527099609,0.138,20.0
1530,0.0010225772857666016,0.138,20.400000000000002
1531,0.00047206878662109375,0.14,20.8
1532,0.001010894775390625,0.14,21.200000000000003
1533,0.0006959438323974609,0.14,21.200000000000003
1534,0.002154827117919922,0.14,21.6
1535,0.0005972385406494141,0.14,22.0
1536,0.0019211769104003906,0.14,22.400000000000002
1537,0.0008614063262939453,0.14,22.400000000000002
1538,0.0006392002105712891,0.142,22.8
1539,0.001070261001586914,0.142,23.200000000000003
1540,0.0008950233459472656,0.142,23.200000000000003
1541,0.0007035732269287109,0.142,23.6
1542,0.0018341541290283203,0.142,24.0
1543,0.0005965232849121094,0.147,24.0
1544,0.0008666515350341797,0.147,24.400000000000002
1545,0.0008559226989746094,0.147,24.8
1546,0.0009093284606933594,0.149,24.8
1547,0.00033164024353027344,0.149,25.200000000000003
1548,0.0012886524200439453,0.149,25.200000000000003
1549,0.0005471706390380859,0.151,25.6
1550,0.0004603862762451172,0.151,25.6
1551,0.0011000633239746094,0.151,26.0
1552,0.002018451690673828,0.151,26.0
1553,0.0004558563232421875,0.153,26.0
1554,0.0032346248626708984,0.153,26.400000000000002
1555,0.0019960403442382812,0.153,26.400000000000002
1556,0.0007145404815673828,0.153,26.8
1557,0.002393960952758789,0.153,26.8
1558,0.0007221698760986328,0.153,26.8
1559,0.002104043960571289,0.153,27.200000000000003
1560,0.0019516944885253906,0.153,27.200000000000003
1561,0.0006279945373535156,0.153,27.200000000000003
1562,0.0021162033081054688,0.153,27.6
1563,0.0005035400390625,0.155,27.6
1564,0.0011186599731445312,0.155,27.6
1565,0.00041675567626953125,0.157,27.6
1566,0.0015077590942382812,0.157,27.6
1567,0.0010104179382324219,0.157,27.6
1568,0.0007109642028808594,0.159,28.0
1569,0.0009758472442626953,0.159,28.0
1570,0.0009744167327880859,0.159,28.0
1571,0.0005409717559814453,0.159,28.0
1572,0.0017609596252441406,0.162,28.0
1573,0.0012373924255371094,0.162,28.0
1574,0.0019919872283935547,0.162,28.0
1575,0.0011668205261230469,0.162,28.0
1576,0.0006046295166015625,0.164,28.0
1577,0.0005941390991210938,0.164,28.0
1578,0.0011980533599853516,0.164,28.0
1579,0.0035126209259033203,0.166,28.0
1580,0.0010488033294677734,0.166,28.0
1581,0.0010576248168945312,0.166,28.0
1582,0.0017559528350830078,0.166,28.0
1583,0.00048041343688964844,0.168,28.0
1584,0.0004832744598388672,0.17,28.400000000000002
1585,0.0004887580871582031,0.17,28.400000000000002
1586,0.0006589889526367188,0.172,28.400000000000002
1587,0.0007219314575195312,0.172,28.400000000000002
1588,0.0006222724914550781,0.175,28.8
1589,0.0009367465972900391,0.175,28.8
1590,0.0008575916290283203,0.175,28.8
1591,0.0005269050598144531,0.175,29.200000000000003
1592,0.002094268798828125,0.175,29.200000000000003
1593,0.0007131099700927734,0.175,29.6
1594,0.0007083415985107422,0.177,29.6
1595,0.0004811286926269531,0.177,30.0
1596,0.0019714832305908203,0.177,30.400000000000002
1597,0.001371622085571289,0.177,30.400000000000002
1598,0.0018093585968017578,0.177,30.8
1599,0.0018553733825683594,0.177,31.200000000000003
1600,0.0006089210510253906,0.177,31.6
1601,0.0019464492797851562,0.177,32.0
1602,0.00047588348388671875,0.179,32.4
1603,0.0007932186126708984,0.179,32.4
1604,0.0007970333099365234,0.179,32.800000000000004
1605,0.0022754669189453125,0.181,33.2
1606,0.002158641815185547,0.181,33.6
1607,0.0009145736694335938,0.185,34.0
1608,0.0012145042419433594,0.185,34.4
1609,0.0015797615051269531,0.185,34.800000000000004
1610,0.0017724037170410156,0.185,35.2
1611,0.0008931159973144531,0.185,35.6
1612,0.0019466876983642578,0.185,36.0
1613,0.0016295909881591797,0.185,36.4
1614,0.0007810592651367188,0.185,36.800000000000004
1615,0.0009114742279052734,0.188,37.2
1616,0.0012087821960449219,0.188,37.6
1617,0.0022115707397460938,0.188,37.6
1618,0.0005800724029541016,0.188,38.0
1619,0.0005800724029541016,0.19,38.0
1620,0.0010073184967041016,0.19,38.400000000000006
1621,0.0009021759033203125,0.19,38.800000000000004
1622,0.0004546642303466797,0.192,39.2
1623,0.0009765625,0.192,39.2
1624,0.00039887428283691406,0.196,39.6
1625,0.0008788108825683594,0.196,39.6
1626,0.0007236003875732422,0.196,40.0
1627,0.002088785171508789,0.196,40.400000000000006
1628,0.0006678104400634766,0.198,40.400000000000006
1629,0.0008962154388427734,0.198,40.400000000000006
1630,0.0005326271057128906,0.198,40.800000000000004
1631,0.0007872581481933594,0.2,40.800000000000004
1632,0.0008521080017089844,0.2,41.2
1633,0.0005280971527099609,0.2,41.2
1634,0.0005097389221191406,0.203,41.2
1635,0.00048351287841796875,0.203,41.6
1636,0.001058340072631836,0.203,41.6
1637,0.0023975372314453125,0.203,41.6
1638,0.0006759166717529297,0.203,42.0
1639,0.0004649162292480469,0.205,42.0
1640,0.001220703125,0.205,42.0
1641,0.0019991397857666016,0.205,42.400000000000006
1642,0.0006048679351806641,0.205,42.400000000000006
1643,0.0023567676544189453,0.205,42.400000000000006
1644,0.0005550384521484375,0.207,42.800000000000004
1645,0.0009996891021728516,0.207,42.800000000000004
1646,0.0022504329681396484,0.207,43.2
1647,0.0014007091522216797,0.207,43.2
1648,0.0016415119171142578,0.207,43.2
1649,0.0005147457122802734,0.209,43.6
1650,0.0009980201721191406,0.209,43.6
1651,0.0005555152893066406,0.209,44.0
1652,0.0008397102355957031,0.209,44.0
1653,0.0008213520050048828,0.211,44.400000000000006
1654,0.0010342597961425781,0.211,44.400000000000006
1655,0.0008525848388671875,0.211,44.800000000000004
1656,0.002749919891357422,0.213,44.800000000000004
1657,0.0005650520324707031,0.213,45.2
1658,0.0009021759033203125,0.213,45.2
1659,0.0020990371704101562,0.213,45.6
1660,0.001163482666015625,0.213,45.6
1661,0.0013887882232666016,0.216,46.0
1662,0.0006573200225830078,0.216,46.0
1663,0.0020813941955566406,0.216,46.400000000000006
1664,0.0020780563354492188,0.216,46.400000000000006
1665,0.001664876937866211,0.216,46.800000000000004
1666,0.0013570785522460938,0.216,46.800000000000004
1667,0.001344919204711914,0.216,47.2
1668,0.0006690025329589844,0.218,47.2
1669,0.000545501708984375,0.218,47.6
1670,0.0018918514251708984,0.218,47.6
1671,0.0016779899597167969,0.218,48.0
1672,0.0004994869232177734,0.22,48.400000000000006
1673,0.0012450218200683594,0.22,48.400000000000006
1674,0.0005207061767578125,0.222,48.800000000000004
1675,0.0009112358093261719,0.222,48.800000000000004
1676,0.000507354736328125,0.222,49.2
1677,0.0005431175231933594,0.222,49.6
1678,0.0013957023620605469,0.222,49.6
1679,0.0004837512969970703,0.222,50.0
1680,0.0021436214447021484,0.222,50.0
1681,0.0007772445678710938,0.222,50.400000000000006
1682,0.002142190933227539,0.222,50.800000000000004
1683,0.0006277561187744141,0.222,50.800000000000004
1684,0.0022711753845214844,0.222,51.2
1685,0.0005762577056884766,0.222,51.6
1686,0.002536773681640625,0.222,51.6
1687,0.0020830631256103516,0.222,52.0
1688,0.0021212100982666016,0.222,52.400000000000006
1689,0.0008215904235839844,0.224,52.400000000000006
1690,0.0011129379272460938,0.224,52.800000000000004
1691,0.002106189727783203,0.224,52.800000000000004
1692,0.001895904541015625,0.224,53.2
1693,0.0005507469177246094,0.226,53.2
1694,0.0013577938079833984,0.226,53.6
1695,0.00074005126953125,0.228,54.0
1696,0.0005519390106201172,0.228,54.0
1697,0.001322031021118164,0.228,54.400000000000006
1698,0.0005254745483398438,0.231,54.400000000000006
1699,0.0015342235565185547,0.231,54.400000000000006
1700,0.0004951953887939453,0.231,54.800000000000004
1701,0.002195596694946289,0.231,54.800000000000004
1702,0.00044083595275878906,0.235,55.2
1703,0.0005893707275390625,0.235,55.2
1704,0.0008449554443359375,0.237,55.2
1705,0.001035928726196289,0.237,55.6
1706,0.0009033679962158203,0.237,55.6
1707,0.0006504058837890625,0.239,56.0
1708,0.001004934310913086,0.239,56.0
1709,0.000576019287109375,0.239,56.0
1710,0.0018093585968017578,0.239,56.400000000000006
1711,0.0013818740844726562,0.239,56.400000000000006
1712,0.0004558563232421875,0.241,56.800000000000004
1713,0.0017435550689697266,0.241,56.800000000000004
1714,0.0007500648498535156,0.241,57.2
1715,0.0023546218872070312,0.241,57.2
1716,0.0020596981048583984,0.241,57.6
1717,0.0007326602935791016,0.241,57.6
1718,0.002315044403076172,0.241,58.0
1719,0.0006902217864990234,0.241,58.400000000000006
1720,0.0017914772033691406,0.241,58.400000000000006
1721,0.0006308555603027344,0.241,58.800000000000004
1722,0.0021703243255615234,0.241,59.2
1723,0.0018534660339355469,0.241,59.2
1724,0.0018796920776367188,0.241,59.6
1725,0.0020225048065185547,0.241,60.0
1726,0.00061798095703125,0.241,60.400000000000006
1727,0.0020599365234375,0.241,60.400000000000006
1728,0.0006392002105712891,0.241,60.800000000000004
1729,0.0023355484008789062,0.241,61.2
1730,0.0006628036499023438,0.241,61.2
1731,0.002178192138671875,0.241,61.6
1732,0.0006136894226074219,0.241,62.0
1733,0.002064228057861328,0.241,62.0
1734,0.001918792724609375,0.241,62.400000000000006
1735,0.0030393600463867188,0.241,62.800000000000004
1736,0.0008063316345214844,0.239,62.800000000000004
1737,0.0005507469177246094,0.233,63.2
1738,0.0003638267517089844,0.226,63.2
1739,0.0006892681121826172,0.216,63.6
1740,0.0003254413604736328,0.209,63.6
1741,0.0001537799835205078,0.205,64.0
1742,0.0006139278411865234,0.2,64.0
1743,0.0005383491516113281,0.196,64.4
1744,0.0007677078247070312,0.194,64.4
1745,0.0004589557647705078,0.19,64.4
1746,0.0004448890686035156,0.188,64.4
1747,0.0006887912750244141,0.188,64.0
1748,0.00046563148498535156,0.183,64.0
1749,0.00045371055603027344,0.181,63.6
1750,0.0006611347198486328,0.181,63.2
1751,0.0004737377166748047,0.177,62.800000000000004
1752,0.0004646778106689453,0.177,62.0
1753,0.001148223876953125,0.177,61.6
1754,0.0004649162292480469,0.172,60.400000000000006
1755,0.0004918575286865234,0.168,59.6
1756,0.000476837158203125,0.162,58.400000000000006
1757,0.0006306171417236328,0.159,57.2
1758,0.0006306171417236328,0.157,57.2
1759,0.00040841102600097656,0.155,56.0
1760,0.0004878044128417969,0.147,54.800000000000004
1761,0.0007393360137939453,0.142,53.2
1762,0.00046515464782714844,0.134,51.6
1763,0.0005350112915039062,0.131,49.6
1764,0.000499725341796875,0.127,48.0
1765,0.00047135353088378906,0.125,46.0
1766,0.001638174057006836,0.121,43.6
1767,0.0004978179931640625,0.112,41.6
1768,0.000453948974609375,0.106,39.2
1769,0.0006465911865234375,0.103,36.800000000000004
1770,0.0004432201385498047,0.101,34.4
1771,0.0004565715789794922,0.101,32.0
1772,0.0006878376007080078,0.099,29.200000000000003
1773,0.0009682178497314453,0.099,26.8
1774,0.0004923343658447266,0.095,24.0
1775,0.00045490264892578125,0.093,21.200000000000003
1776,0.0004563331604003906,0.088,18.400000000000002
1777,0.000997304916381836,0.084,15.600000000000001
1778,0.0004696846008300781,0.078,12.8
1779,0.0005052089691162109,0.073,10.0
1780,0.0005104541778564453,0.069,7.6000000000000005
1781,0.00045752525329589844,0.067,4.800000000000001
1782,0.0005071163177490234,0.063,2.4000000000000004
1783,0.00016379356384277344,0.06,0.0
1784,0.0005414485931396484,0.056,-2.4000000000000004
1785,0.00042724609375,0.05,-4.800000000000001
1786,0.0006113052368164062,0.043,-6.800000000000001
1787,0.0005333423614501953,0.039,-8.8
1788,0.0004534721374511719,0.034,-10.4
1789,0.00045800209045410156,0.034,-12.0
1790,0.00047469139099121094,0.034,-13.600000000000001
1791,0.0004878044128417969,0.032,-14.8
1792,0.00044989585876464844,0.03,-16.0
1793,0.0006871223449707031,0.028,-16.8
1794,0.0004954338073730469,0.024,-17.6
1795,0.000453948974609375,0.022,-18.400000000000002
1796,0.0004048347473144531,0.017,-18.8
1797,0.00047087669372558594,0.015,-19.200000000000003
1798,0.0004780292510986328,0.015,-19.200000000000003
1799,0.0006468296051025391,0.013,-19.200000000000003
1800,0.0004658699035644531,0.011,-18.8
1801,0.0007126331329345703,0.011,-18.400000000000002
1802,0.0005075931549072266,0.006,-18.0
1803,0.0004487037658691406,0.004,-17.2
1804,0.00046133995056152344,0.0,-16.400000000000002
1805,0.0004773139953613281,0.0,-15.200000000000001
1806,0.0009007453918457031,0.0,-14.4
1807,0.0004906654357910156,0.0,-13.200000000000001
1808,0.0010094642639160156,0.0,-12.0
1809,0.0006048679351806641,0.0,-10.4
1810,0.002579927444458008,0.0,-8.8
1811,0.0019042491912841797,0.0,-7.6000000000000005
1812,0.0006461143493652344,0.0,-6.0
1813,0.0023064613342285156,0.0,-4.4
1814,0.0007593631744384766,0.0,-2.4000000000000004
1815,0.0013949871063232422,0.0,-0.8
1816,0.0006361007690429688,0.0,0.8
1817,0.002437114715576172,0.0,2.4000000000000004
1818,0.0006172657012939453,0.0,4.0
1819,0.0018515586853027344,0.0,5.6000000000000005
1820,0.002229928970336914,0.0,7.2
1821,0.0019207000732421875,0.0,8.8
1822,0.002141237258911133,0.0,10.0
1823,0.0007729530334472656,0.0,11.600000000000001
1824,0.002048969268798828,0.0,12.8
1825,0.0006382465362548828,0.0,14.0
1826,0.002089262008666992,0.0,14.8
1827,0.0005822181701660156,0.0,15.600000000000001
1828,0.0020821094512939453,0.0,16.400000000000002
1829,0.0006580352783203125,0.0,17.2
1830,0.0016605854034423828,0.0,17.6
1831,0.000637054443359375,0.0,18.0
1832,0.002084493637084961,0.0,18.400000000000002
1833,0.0005908012390136719,0.0,18.400000000000002
1834,0.002223491668701172,0.0,18.0
1835,0.002167940139770508,0.0,18.0
1836,0.000682830810546875,0.0,17.6
1837,0.002215147018432617,0.0,17.2
1838,0.0006232261657714844,0.0,16.400000000000002
1839,0.0026340484619140625,0.0,15.600000000000001
1840,0.0020236968994140625,0.0,14.8
1841,0.0005817413330078125,0.0,13.600000000000001
1842,0.0020666122436523438,0.0,12.4
1843,0.00058746337890625,0.0,11.200000000000001
1844,0.0015289783477783203,0.0,10.0
1845,0.0006067752838134766,0.0,8.8
1846,0.0020301342010498047,0.0,7.2
1847,0.0005826950073242188,0.0,5.6000000000000005
1848,0.0024275779724121094,0.0,4.0
1849,0.0005788803100585938,0.0,2.4000000000000004
1850,0.0022199153900146484,0.0,0.8
1851,0.0015802383422851562,0.0,-0.8
1852,0.0021195411682128906,0.0,-2.4000000000000004
1853,0.0011591911315917969,0.0,-4.0
1854,0.0022797584533691406,0.0,-5.6000000000000005
1855,0.0005819797515869141,0.0,-6.800000000000001
1856,0.0022089481353759766,0.0,-8.4
1857,0.0006778240203857422,0.0,-9.600000000000001
1858,0.0019838809967041016,0.0,-11.200000000000001
1859,0.0006122589111328125,0.0,-12.4
1860,0.0019259452819824219,0.0,-13.200000000000001
1861,0.0005929470062255859,0.0,-14.4
1862,0.001966238021850586,0.0,-15.200000000000001
1863,0.0005867481231689453,0.0,-16.0
1864,0.0020716190338134766,0.0,-16.400000000000002
1865,0.0007266998291015625,0.0,-17.2
1866,0.0019423961639404297,0.0,-17.2
1867,0.0006766319274902344,0.0,-17.6
1868,0.0020470619201660156,0.0,-17.6
1869,0.0006232261657714844,0.002,-17.6
1870,0.0010848045349121094,0.002,-17.2
1871,0.0004737377166748047,0.002,-16.8
1872,0.0006234645843505859,0.004,-16.400000000000002
1873,0.0010592937469482422,0.004,-16.0
1874,0.0005452632904052734,0.004,-15.200000000000001
1875,0.0006837844848632812,0.006,-14.4
1876,0.0005269050598144531,0.009,-13.200000000000001
1877,0.0005345344543457031,0.011,-12.0
1878,0.00047135353088378906,0.015,-10.8
1879,0.0005986690521240234,0.017,-9.600000000000001
1880,0.0004825592041015625,0.017,-8.4
1881,0.0011134147644042969,0.017,-6.800000000000001
1882,0.0004799365997314453,0.019,-5.6000000000000005
1883,0.00037670135498046875,0.022,-4.0
1884,0.0006060600280761719,0.026,-2.4000000000000004
1885,0.0005354881286621094,0.03,-0.8
1886,0.00046372413635253906,0.034,0.8
1887,0.00046253204345703125,0.037,2.4000000000000004
1888,0.0005238056182861328,0.039,4.0
1889,0.0005540847778320312,0.041,5.2
1890,0.00043392181396484375,0.043,6.800000000000001
1891,0.00043010711669921875,0.043,8.4
1892,0.0009763240814208984,0.047,9.600000000000001
1893,0.0006728172302246094,0.047,11.200000000000001
1894,0.0011327266693115234,0.047,12.4
1895,0.0005304813385009766,0.047,13.600000000000001
1896,0.0007994174957275391,0.05,14.8
1897,0.001192331314086914,0.052,15.600000000000001
1898,0.001363992691040039,0.052,16.8
1899,0.002107381820678711,0.052,17.6
1900,0.0005533695220947266,0.054,18.0
1901,0.0005533695220947266,0.056,18.0
1902,0.0006506443023681641,0.058,18.8
1903,0.0005500316619873047,0.063,19.200000000000003
1904,0.0007512569427490234,0.063,19.6
1905,0.0007507801055908203,0.063,20.0
1906,0.0004146099090576172,0.065,20.400000000000002
1907,0.0005452632904052734,0.069,20.400000000000002
1908,0.0006823539733886719,0.071,20.400000000000002
1909,0.0007314682006835938,0.075,20.0
1910,0.0005288124084472656,0.078,20.0
1911,0.0004687309265136719,0.082,19.6
1912,0.0004937648773193359,0.084,19.200000000000003
1913,0.00048089027404785156,0.086,18.8
1914,0.0004887580871582031,0.088,18.0
1915,0.0005044937133789062,0.088,17.2
1916,0.00047469139099121094,0.091,16.8
1917,0.0005602836608886719,0.091,16.0
1918,0.0008134841918945312,0.093,15.200000000000001
1919,0.000774383544921875,0.095,14.4
1920,0.0009810924530029297,0.095,13.200000000000001
1921,0.0005750656127929688,0.097,12.4
1922,0.00048065185546875,0.097,11.600000000000001
1923,0.0006003379821777344,0.097,10.8
1924,0.0038518905639648438,0.097,10.0
1925,0.0006608963012695312,0.101,9.200000000000001
1926,0.0004870891571044922,0.101,8.4
1927,0.0010921955108642578,0.101,7.6000000000000005
1928,0.0006730556488037109,0.101,6.800000000000001
1929,0.0016736984252929688,0.101,6.4
1930,0.0007650852203369141,0.101,6.0
1931,0.00091552734375,0.103,5.2
1932,0.0006411075592041016,0.106,4.800000000000001
1933,0.0008924007415771484,0.106,4.800000000000001
1934,0.0007343292236328125,0.11,4.4
1935,0.0004382133483886719,0.11,4.4
1936,0.0011227130889892578,0.11,4.0
1937,0.0004906654357910156,0.11,4.4
1938,0.0005705356597900391,0.114,4.4
1939,0.0005545616149902344,0.114,4.4
1940,0.0004687309265136719,0.114,4.800000000000001
1941,0.0010762214660644531,0.114,5.2
1942,0.0007524490356445312,0.114,5.6000000000000005
1943,0.0017735958099365234,0.114,6.4
1944,0.000759124755859375,0.114,6.800000000000001
1945,0.0017898082733154297,0.114,7.6000000000000005
1946,0.0006067752838134766,0.114,8.4
1947,0.0008749961853027344,0.116,9.200000000000001
1948,0.0004870891571044922,0.116,10.4
1949,0.0021369457244873047,0.116,11.200000000000001
1950,0.0007390975952148438,0.116,12.4
1951,0.002073049545288086,0.119,13.200000000000001
1952,0.0005328655242919922,0.119,14.4
1953,0.00238800048828125,0.119,15.600000000000001
1954,0.00057220458984375,0.123,16.8
1955,0.0008904933929443359,0.123,18.0
1956,0.0009710788726806641,0.123,18.8
1957,0.0011470317840576172,0.123,20.0
1958,0.0011661052703857422,0.125,21.200000000000003
1959,0.002167940139770508,0.125,22.400000000000002
1960,0.0012066364288330078,0.125,23.200000000000003
1961,0.0015044212341308594,0.125,24.400000000000002
1962,0.0009381771087646484,0.125,25.200000000000003
1963,0.0005071163177490234,0.125,26.0
1964,0.0005526542663574219,0.125,26.8
1965,0.0017168521881103516,0.125,27.6
1966,0.0009846687316894531,0.125,28.400000000000002
1967,0.0022459030151367188,0.125,29.200000000000003
1968,0.0012252330780029297,0.125,29.6
1969,0.0018463134765625,0.125,30.400000000000002
1970,0.0010662078857421875,0.125,30.8
1971,0.0014164447784423828,0.125,31.200000000000003
1972,0.0009164810180664062,0.125,31.200000000000003
1973,0.0017256736755371094,0.125,31.6
1974,0.0016922950744628906,0.125,31.6
1975,0.0006353855133056641,0.125,31.6
1976,0.0017249584197998047,0.125,31.6
1977,0.001720428466796875,0.125,31.200000000000003
1978,0.0006537437438964844,0.125,30.8
1979,0.002395153045654297,0.125,30.8
1980,0.0006527900695800781,0.125,30.0
1981,0.0022857189178466797,0.125,29.6
1982,0.0006248950958251953,0.125,29.200000000000003
1983,0.002184152603149414,0.125,28.400000000000002
1984,0.0014200210571289062,0.125,27.6
1985,0.0006327629089355469,0.125,27.200000000000003
1986,0.002103567123413086,0.125,26.400000000000002
1987,0.0005970001220703125,0.125,25.200000000000003
1988,0.002057790756225586,0.125,24.400000000000002
1989,0.0005795955657958984,0.125,23.6
1990,0.0025055408477783203,0.125,22.400000000000002
1991,0.0016524791717529297,0.125,21.6
1992,0.0005552768707275391,0.125,20.8
1993,0.0021834373474121094,0.125,19.6
1994,0.0005898475646972656,0.125,18.8
1995,0.0022995471954345703,0.125,17.6
1996,0.0005712509155273438,0.125,16.8
1997,0.002295255661010742,0.125,16.0
1998,0.0004811286926269531,0.123,14.8
1999,0.0006110668182373047,0.123,14.0
2000,0.0005271434783935547,0.123,13.200000000000001
2001,0.0017707347869873047,0.123,12.4
2002,0.0008091926574707031,0.119,12.0
2003,0.00047206878662109375,0.116,11.200000000000001
2004,0.0004673004150390625,0.112,10.8
2005,0.0010094642639160156,0.11,10.4
2006,0.0005095005035400391,0.106,10.0
2007,0.0005092620849609375,0.099,9.600000000000001
2008,0.0004532337188720703,0.095,9.200000000000001
2009,0.000438690185546875,0.093,9.200000000000001
2010,0.0010001659393310547,0.093,9.200000000000001
2011,0.0004546642303466797,0.088,8.8
2012,0.0004870891571044922,0.088,8.8
2013,0.0004630088806152344,0.088,9.200000000000001
2014,0.0010144710540771484,0.086,9.200000000000001
2015,0.0005669593811035156,0.086,9.200000000000001
2016,0.0014007091522216797,0.086,9.600000000000001
2017,0.0005049705505371094,0.082,9.600000000000001
2018,0.0019593238830566406,0.082,10.0
2019,0.0004036426544189453,0.078,10.0
2020,0.0009930133819580078,0.075,10.4
2021,0.0011839866638183594,0.075,10.4
2022,0.0008571147918701172,0.071,10.8
2023,0.0011019706726074219,0.071,11.200000000000001
2024,0.001550436019897461,0.071,11.200000000000001
2025,0.00035119056701660156,0.069,11.600000000000001
2026,0.0017731189727783203,0.069,12.0
2027,0.0005681514739990234,0.067,12.0
2028,0.0008158683776855469,0.065,12.4
2029,0.0008490085601806641,0.063,12.4
2030,0.0005943775177001953,0.06,12.4
2031,0.0007121562957763672,0.056,12.8
2032,0.0006215572357177734,0.054,12.8
2033,0.00052642822265625,0.052,12.8
2034,0.0004532337188720703,0.052,12.8
2035,0.0009503364562988281,0.05,12.8
2036,0.0009405612945556641,0.05,12.8
2037,0.0005195140838623047,0.05,12.8
2038,0.001537322998046875,0.05,12.4
2039,0.0006771087646484375,0.05,12.4
2040,0.0005228519439697266,0.047,12.0
2041,0.0011038780212402344,0.045,11.600000000000001
2042,0.0009016990661621094,0.045,11.600000000000001
2043,0.0009663105010986328,0.045,11.200000000000001
2044,0.0007846355438232422,0.043,10.4
2045,0.0007202625274658203,0.041,10.0
2046,0.0007662773132324219,0.041,9.600000000000001
2047,0.0013492107391357422,0.041,9.200000000000001
2048,0.0005819797515869141,0.041,8.4
2049,0.0008707046508789062,0.039,8.0
2050,0.0006153583526611328,0.037,7.2
2051,0.0009100437164306641,0.037,6.800000000000001
2052,0.0009100437164306641,0.032,6.800000000000001
2053,0.0005133152008056641,0.032,6.0
2054,0.0005805492401123047,0.032,5.2
2055,0.0007328987121582031,0.03,4.800000000000001
2056,0.0007152557373046875,0.028,4.0
2057,0.0007240772247314453,0.028,3.2
2058,0.0006594657897949219,0.028,2.4000000000000004
2059,0.000982046127319336,0.028,2.0
2060,0.0008294582366943359,0.028,1.2000000000000002
2061,0.001968860626220703,0.028,0.8
2062,0.0006442070007324219,0.028,0.0
2063,0.001968860626220703,0.028,-0.8
2064,0.0007431507110595703,0.028,-1.2000000000000002
2065,0.0022063255310058594,0.028,-1.6
2066,0.0006830692291259766,0.028,-2.4000000000000004
2067,0.0015385150909423828,0.028,-2.8000000000000003
2068,0.0009887218475341797,0.028,-3.2
2069,0.0003294944763183594,0.026,-3.6
2070,0.0019693374633789062,0.026,-4.0
2071,0.0008635520935058594,0.026,-4.0
2072,0.001096487045288086,0.024,-4.4
2073,0.0006146430969238281,0.024,-4.4
2074,0.0005049705505371094,0.022,-4.800000000000001
2075,0.0019407272338867188,0.022,-4.800000000000001
2076,0.0007138252258300781,0.022,-4.800000000000001
2077,0.0014657974243164062,0.022,-4.800000000000001
2078,0.0022373199462890625,0.022,-4.800000000000001
2079,0.0006284713745117188,0.019,-4.800000000000001
2080,0.0010771751403808594,0.019,-4.4
2081,0.0008893013000488281,0.019,-4.4
2082,0.0007271766662597656,0.019,-4.0
2083,0.0024042129516601562,0.019,-3.6
2084,0.0022461414337158203,0.019,-3.6
2085,0.0021872520446777344,0.019,-3.2
2086,0.002081155776977539,0.019,-2.8000000000000003
2087,0.001811981201171875,0.019,-2.4000000000000004
2088,0.0033648014068603516,0.019,-1.6
2089,0.00047278404235839844,0.017,-1.2000000000000002
2090,0.0013279914855957031,0.017,-0.8
2091,0.0005142688751220703,0.017,-0.4
2092,0.0020880699157714844,0.017,0.4
2093,0.002254009246826172,0.017,0.8
2094,0.0021288394927978516,0.017,1.2000000000000002
2095,0.002246379852294922,0.017,2.0
2096,0.0017206668853759766,0.017,2.4000000000000004
2097,0.001992940902709961,0.017,2.8000000000000003
2098,0.0006582736968994141,0.017,3.6
2099,0.0021767616271972656,0.017,4.0
2100,0.0019066333770751953,0.017,4.4
2101,0.0018923282623291016,0.017,4.800000000000001
2102,0.002023935317993164,0.017,5.2
2103,0.0021572113037109375,0.017,5.2
2104,0.002307415008544922,0.017,5.6000000000000005
2105,0.001997709274291992,0.017,6.0
2106,0.0006256103515625,0.017,6.0
2107,0.0020189285278320312,0.017,6.4
2108,0.0006003379821777344,0.017,6.4
2109,0.0017437934875488281,0.017,6.4
2110,0.0005919933319091797,0.017,6.4
2111,0.002309560775756836,0.017,6.4
2112,0.0005879402160644531,0.017,6.4
2113,0.002001523971557617,0.017,6.0
2114,0.0019218921661376953,0.017,6.0
2115,0.0006542205810546875,0.017,5.6000000000000005
2116,0.0025687217712402344,0.017,5.6000000000000005
2117,0.0006487369537353516,0.017,5.2
2118,0.0007078647613525391,0.019,4.800000000000001
2119,0.0005016326904296875,0.019,4.4
2120,0.0006291866302490234,0.024,4.0
2121,0.0006747245788574219,0.028,3.6
2122,0.0004925727844238281,0.032,3.2
2123,0.00046372413635253906,0.037,2.8000000000000003
2124,0.0003654956817626953,0.037,2.4000000000000004
2125,0.0003266334533691406,0.037,1.6
2126,0.0005173683166503906,0.037,1.2000000000000002
2127,0.0014848709106445312,0.037,0.8
2128,0.0005919933319091797,0.039,0.4
2129,0.0021615028381347656,0.039,0.0
2130,0.0005490779876708984,0.039,-0.8
2131,0.0009753704071044922,0.039,-1.2000000000000002
2132,0.0005311965942382812,0.041,-1.6
2133,0.001081228256225586,0.041,-1.6
2134,0.0009093284606933594,0.041,-2.0
2135,0.0006623268127441406,0.043,-2.4000000000000004
2136,0.0005135536193847656,0.045,-2.4000000000000004
2137,0.0006313323974609375,0.047,-2.8000000000000003
2138,0.0005013942718505859,0.052,-2.8000000000000003
2139,0.0008141994476318359,0.052,-2.8000000000000003
2140,0.0005846023559570312,0.052,-2.8000000000000003
2141,0.0006155967712402344,0.054,-2.8000000000000003
2142,0.0005240440368652344,0.056,-2.8000000000000003
2143,0.0005519390106201172,0.056,-2.4000000000000004
2144,0.0005142688751220703,0.056,-2.4000000000000004
2145,0.0008604526519775391,0.058,-2.0
2146,0.000522613525390625,0.06,-1.6
2147,0.0005483627319335938,0.06,-1.2000000000000002
2148,0.0010595321655273438,0.06,-0.8
2149,0.0005011558532714844,0.06,0.0
2150,0.0019850730895996094,0.06,0.4
2151,0.001522064208984375,0.06,1.2000000000000002
2152,0.0012695789337158203,0.06,1.6
2153,0.0005297660827636719,0.065,2.4000000000000004
2154,0.001985788345336914,0.065,3.2
2155,0.0022873878479003906,0.065,4.0
2156,0.0009136199951171875,0.065,4.800000000000001
2157,0.0003368854522705078,0.065,5.6000000000000005
2158,0.0005826950073242188,0.065,6.4
2159,0.0007388591766357422,0.067,7.2
2160,0.0005373954772949219,0.069,8.0
2161,0.0005023479461669922,0.069,8.8
2162,0.0003523826599121094,0.071,9.600000000000001
2163,0.0006003379821777344,0.071,10.4
2164,0.0005524158477783203,0.071,11.200000000000001
2165,0.0004780292510986328,0.073,11.600000000000001
2166,0.0010869503021240234,0.073,12.4
2167,0.0004932880401611328,0.075,13.200000000000001
2168,0.0010695457458496094,0.075,13.600000000000001
2169,0.0005204677581787109,0.075,14.4
2170,0.002245187759399414,0.075,14.8
2171,0.0005633831024169922,0.075,15.200000000000001
2172,0.0009057521820068359,0.078,15.600000000000001
2173,0.0010714530944824219,0.078,16.0
2174,0.0005509853363037109,0.08,16.400000000000002
2175,0.0005004405975341797,0.08,16.400000000000002
2176,0.0018777847290039062,0.08,16.8
2177,0.0009768009185791016,0.08,16.8
2178,0.0016987323760986328,0.082,16.8
2179,0.0014274120330810547,0.084,16.8
2180,0.0008890628814697266,0.084,16.8
2181,0.0008349418640136719,0.086,16.8
2182,0.0009276866912841797,0.086,16.8
2183,0.0005865097045898438,0.088,16.400000000000002
2184,0.0005540847778320312,0.088,16.400000000000002
2185,0.0010867118835449219,0.088,16.0
2186,0.0006437301635742188,0.088,15.600000000000001
2187,0.00047969818115234375,0.091,15.200000000000001
2188,0.0009324550628662109,0.091,15.200000000000001
2189,0.0005669593811035156,0.093,14.8
2190,0.000885009765625,0.093,14.0
2191,0.0009243488311767578,0.093,13.600000000000001
2192,0.0005128383636474609,0.093,13.200000000000001
2193,0.002058744430541992,0.093,12.8
2194,0.0008957386016845703,0.093,12.4
2195,0.002529144287109375,0.093,12.0
2196,0.00047326087951660156,0.095,11.600000000000001
2197,0.0004863739013671875,0.095,11.200000000000001
2198,0.002338886260986328,0.095,10.8
2199,0.0012767314910888672,0.095,10.4
2200,0.00048661231994628906,0.097,10.0
2201,0.0006415843963623047,0.099,9.600000000000001
2202,0.0009744167327880859,0.099,9.200000000000001
2203,0.0009744167327880859,0.099,9.200000000000001
2204,0.0021352767944335938,0.099,9.200000000000001
2205,0.0006802082061767578,0.099,8.8
2206,0.0017940998077392578,0.099,8.8
2207,0.0006210803985595703,0.099,8.4
2208,0.00047659873962402344,0.101,8.4
2209,0.0010383129119873047,0.101,8.4
2210,0.0011487007141113281,0.101,8.4
2211,0.0005099773406982422,0.103,8.4
2212,0.0003476142883300781,0.106,8.4
2213,0.0002777576446533203,0.106,8.4
2214,0.0005176067352294922,0.106,8.4
2215,0.0007891654968261719,0.11,8.8
2216,0.0005402565002441406,0.11,8.8
2217,0.0004673004150390625,0.114,9.200000000000001
2218,0.0011780261993408203,0.114,9.600000000000001
2219,0.0012874603271484375,0.114,10.0
2220,0.000797271728515625,0.119,10.4
2221,0.0004718303680419922,0.119,10.8
2222,0.0004813671112060547,0.119,11.200000000000001
2223,0.00046253204345703125,0.123,12.0
2224,0.0005533695220947266,0.123,12.4
2225,0.0004444122314453125,0.125,13.200000000000001
2226,0.0005044937133789062,0.127,13.600000000000001
2227,0.00051116943359375,0.127,14.4
2228,0.0009398460388183594,0.127,14.8
2229,0.0004954338073730469,0.129,15.600000000000001
2230,0.0007038116455078125,0.134,16.400000000000002
2231,0.0004923343658447266,0.136,17.2
2232,0.0004811286926269531,0.138,18.0
2233,0.00047087669372558594,0.138,18.8
2234,0.0008537769317626953,0.14,19.6
2235,0.0008845329284667969,0.14,20.400000000000002
2236,0.0005407333374023438,0.14,21.200000000000003
2237,0.0005600452423095703,0.144,22.0
2238,0.0010449886322021484,0.144,22.400000000000002
2239,0.0009152889251708984,0.144,23.200000000000003
2240,0.000896453857421875,0.144,24.0
2241,0.0008335113525390625,0.144,24.8
2242,0.002298116683959961,0.144,25.6
2243,0.0019974708557128906,0.144,26.0
2244,0.0003867149353027344,0.149,26.8
2245,0.00047087669372558594,0.149,27.200000000000003
2246,0.000774383544921875,0.149,28.0
2247,0.00033092498779296875,0.153,28.400000000000002
2248,0.0007045269012451172,0.153,28.8
2249,0.0005006790161132812,0.157,29.6
2250,0.0009200572967529297,0.157,30.0
2251,0.0008752346038818359,0.157,30.400000000000002
2252,0.0006971359252929688,0.157,30.8
2253,0.0014042854309082031,0.157,30.8
2254,0.0006632804870605469,0.157,31.200000000000003
2255,0.0016531944274902344,0.157,31.6
2256,0.002051115036010742,0.157,31.6
2257,0.0006186962127685547,0.157,32.0
2258,0.000453948974609375,0.157,32.0
2259,0.0005543231964111328,0.159,32.0
2260,0.0009300708770751953,0.159,32.0
2261,0.0022745132446289062,0.159,32.0
2262,0.0017774105072021484,0.159,32.0
2263,0.0005421638488769531,0.162,32.0
2264,0.0008938312530517578,0.162,32.0
2265,0.0009291172027587891,0.162,31.6
2266,0.0007843971252441406,0.164,31.6
2267,0.0015454292297363281,0.164,31.200000000000003
2268,0.0021440982818603516,0.164,31.200000000000003
2269,0.0008547306060791016,0.164,30.8
2270,0.0007879734039306641,0.166,30.8
2271,0.0005366802215576172,0.166,30.400000000000002
2272,0.0010654926300048828,0.166,30.0
2273,0.0018503665924072266,0.166,30.0
2274,0.0010895729064941406,0.166,29.6
2275,0.0014374256134033203,0.166,29.200000000000003
2276,0.0006473064422607422,0.166,28.8
2277,0.0020008087158203125,0.166,28.8
2278,0.0006499290466308594,0.166,28.400000000000002
2279,0.0020940303802490234,0.166,28.0
2280,0.0006647109985351562,0.166,28.0
2281,0.0032982826232910156,0.166,27.6
2282,0.0013725757598876953,0.166,27.6
2283,0.0006825923919677734,0.166,27.200000000000003
2284,0.0020728111267089844,0.166,27.200000000000003
2285,0.002007007598876953,0.166,26.8
2286,0.0025131702423095703,0.166,26.8
2287,0.00030612945556640625,0.168,26.8
2288,0.0007379055023193359,0.168,26.400000000000002
2289,0.0015172958374023438,0.168,26.400000000000002
2290,0.0009453296661376953,0.168,26.400000000000002
2291,0.0024614334106445312,0.168,26.400000000000002
2292,0.0004932880401611328,0.17,26.400000000000002
2293,0.0024733543395996094,0.17,26.8
2294,0.002167940139770508,0.17,26.8
2295,0.0006644725799560547,0.17,26.8
2296,0.002374410629272461,0.17,26.8
2297,0.0010776519775390625,0.17,27.200000000000003
2298,0.0005970001220703125,0.172,27.200000000000003
2299,0.0005335807800292969,0.172,27.6
2300,0.0015091896057128906,0.172,27.6
2301,0.0004899501800537109,0.175,28.0
2302,0.0005459785461425781,0.175,28.400000000000002
2303,0.00041794776916503906,0.177,28.400000000000002
2304,0.0006895065307617188,0.179,28.8
2305,0.0004756450653076172,0.179,29.200000000000003
2306,0.0015575885772705078,0.179,29.6
2307,0.0004961490631103516,0.179,29.6
2308,0.0022013187408447266,0.179,30.0
2309,0.001888275146484375,0.179,30.400000000000002
2310,0.0006952285766601562,0.179,30.8
2311,0.001971721649169922,0.179,31.200000000000003
2312,0.0005819797515869141,0.179,31.6
2313,0.002247333526611328,0.179,32.0
2314,0.002197742462158203,0.179,32.4
2315,0.0019028186798095703,0.179,33.2
2316,0.000762939453125,0.179,33.6
2317,0.0005102157592773438,0.179,34.0
2318,0.0016837120056152344,0.179,34.4
2319,0.0008127689361572266,0.179,34.800000000000004
2320,0.001976490020751953,0.179,35.2
2321,0.0006215572357177734,0.179,35.6
2322,0.0018939971923828125,0.179,36.0
2323,0.0006415843963623047,0.179,36.4
2324,0.0016734600067138672,0.179,36.800000000000004
2325,0.0008082389831542969,0.181,37.2
2326,0.0004858970642089844,0.181,37.2
2327,0.0012173652648925781,0.181,37.6
2328,0.0005123615264892578,0.181,38.0
2329,0.0018088817596435547,0.181,38.0
2330,0.001527547836303711,0.183,38.400000000000006
2331,0.0019211769104003906,0.183,38.800000000000004
2332,0.0018172264099121094,0.183,38.800000000000004
2333,0.0011985301971435547,0.183,38.800000000000004
2334,0.0019259452819824219,0.183,39.2
2335,0.0008642673492431641,0.183,39.2
2336,0.0010330677032470703,0.183,39.2
2337,0.00046372413635253906,0.185,39.2
2338,0.002604961395263672,0.185,39.2
2339,0.002085447311401367,0.185,39.2
2340,0.002079010009765625,0.185,39.2
2341,0.0019006729125976562,0.185,39.2
2342,0.0019099712371826172,0.185,38.800000000000004
2343,0.0023796558380126953,0.185,38.800000000000004
2344,0.0008640289306640625,0.185,38.800000000000004
2345,0.0019190311431884766,0.185,38.400000000000006
2346,0.0020017623901367188,0.185,38.400000000000006
2347,0.0006818771362304688,0.185,38.400000000000006
2348,0.002258777618408203,0.185,38.0
2349,0.0018591880798339844,0.185,38.0
2350,0.0018582344055175781,0.185,37.6
2351,0.0006566047668457031,0.185,37.2
2352,0.002227306365966797,0.185,37.2
2353,0.002162933349609375,0.185,36.800000000000004
2354,0.0005941390991210938,0.185,36.800000000000004
2355,0.002252340316772461,0.185,36.4
2356,0.002252340316772461,0.188,36.4
2357,0.0005135536193847656,0.188,36.0
2358,0.0024471282958984375,0.188,36.0
2359,0.0022809505462646484,0.188,35.6
2360,0.0023419857025146484,0.188,35.2
2361,0.0019385814666748047,0.188,35.2
2362,0.0020194053649902344,0.188,34.800000000000004
2363,0.0012514591217041016,0.188,34.800000000000004
2364,0.0008337497711181641,0.19,34.4
2365,0.0008716583251953125,0.19,34.4
2366,0.0020368099212646484,0.19,34.4
2367,0.0010423660278320312,0.19,34.0
2368,0.0006582736968994141,0.192,34.0
2369,0.000629425048828125,0.192,34.0
2370,0.0005559921264648438,0.192,34.0
2371,0.002248048782348633,0.192,34.0
2372,0.0008890628814697266,0.192,34.0
2373,0.0031719207763671875,0.192,34.0
2374,0.00043773651123046875,0.194,34.0
2375,0.0016541481018066406,0.194,34.0
2376,0.0008668899536132812,0.196,34.4
2377,0.0012564659118652344,0.196,34.4
2378,0.00051116943359375,0.196,34.4
2379,0.000713348388671875,0.198,34.800000000000004
2380,0.0009868144989013672,0.198,34.800000000000004
2381,0.002517223358154297,0.198,35.2
2382,0.0007154941558837891,0.198,35.6
2383,0.0022361278533935547,0.198,35.6
2384,0.0007262229919433594,0.198,36.0
2385,0.0019974708557128906,0.198,36.4
2386,0.0007107257843017578,0.198,36.800000000000004
2387,0.0020651817321777344,0.198,37.2
2388,0.0006499290466308594,0.198,37.6
2389,0.002067089080810547,0.198,38.0
2390,0.0005934238433837891,0.198,38.400000000000006
2391,0.002054929733276367,0.198,38.800000000000004
2392,0.0006041526794433594,0.198,39.2
2393,0.002115488052368164,0.198,39.6
2394,0.0006136894226074219,0.198,40.0
2395,0.0022008419036865234,0.198,40.400000000000006
2396,0.001978158950805664,0.198,40.800000000000004
2397,0.0006024837493896484,0.198,41.2
2398,0.0020034313201904297,0.198,41.6
2399,0.0010521411895751953,0.2,42.0
2400,0.0008482933044433594,0.2,42.400000000000006
2401,0.0009136199951171875,0.2,42.800000000000004
2402,0.0016994476318359375,0.2,43.2
2403,0.0018451213836669922,0.2,43.6
2404,0.0023908615112304688,0.2,44.0
2405,0.0008182525634765625,0.2,44.400000000000006
2406,0.0016970634460449219,0.2,44.400000000000006
2407,0.0006601810455322266,0.2,44.800000000000004
2408,0.0018131732940673828,0.2,45.2
2409,0.0020668506622314453,0.2,45.2
2410,0.0019099712371826172,0.2,45.6
2411,0.0018260478973388672,0.2,45.6
2412,0.0006270408630371094,0.2,45.6
2413,0.0007250308990478516,0.203,46.0
2414,0.0011560916900634766,0.203,46.0
2415,0.0013155937194824219,0.203,46.0
2416,0.0005092620849609375,0.205,46.0
2417,0.0005557537078857422,0.205,46.0
2418,0.0027463436126708984,0.205,46.0
2419,0.00096893310546875,0.205,46.0
2420,0.0024874210357666016,0.205,46.0
2421,0.00054931640625,0.207,46.0
2422,0.0004639625549316406,0.207,46.0
2423,0.002308368682861328,0.207,46.0
2424,0.0004811286926269531,0.209,45.6
2425,0.0009081363677978516,0.209,45.6
2426,0.0006213188171386719,0.211,45.6
2427,0.0009002685546875,0.211,45.6
2428,0.0005166530609130859,0.211,45.2
2429,0.00214385986328125,0.211,45.2
2430,0.0009462833404541016,0.211,45.2
2431,0.0007510185241699219,0.213,44.800000000000004
2432,0.0011487007141113281,0.213,44.800000000000004
2433,0.0015587806701660156,0.216,44.800000000000004
2434,0.0006477832794189453,0.216,44.800000000000004
2435,0.0016794204711914062,0.216,44.400000000000006
2436,0.0006573200225830078,0.216,44.400000000000006
2437,0.0021638870239257812,0.216,44.400000000000006
2438,0.0006368160247802734,0.216,44.400000000000006
2439,0.0022530555725097656,0.216,44.400000000000006
2440,0.0006008148193359375,0.216,44.400000000000006
2441,0.0022401809692382812,0.216,44.400000000000006
2442,0.0006139278411865234,0.216,44.400000000000006
2443,0.0005023479461669922,0.218,44.400000000000006
2444,0.0016536712646484375,0.218,44.800000000000004
2445,0.0011212825775146484,0.218,44.800000000000004
2446,0.00044608116149902344,0.22,44.800000000000004
2447,0.0008456707000732422,0.22,45.2
2448,0.0008378028869628906,0.22,45.2
2449,0.0017325878143310547,0.22,45.2
2450,0.0005559921264648438,0.222,45.6
2451,0.0006618499755859375,0.222,45.6
2452,0.0005509853363037109,0.222,46.0
2453,0.0022318363189697266,0.222,46.0
2454,0.0020074844360351562,0.222,46.400000000000006
2455,0.0019021034240722656,0.222,46.800000000000004
2456,0.0009508132934570312,0.222,46.800000000000004
2457,0.002134084701538086,0.222,47.2
2458,0.0013082027435302734,0.222,47.6
2459,0.0007348060607910156,0.222,48.0
2460,0.0021827220916748047,0.222,48.400000000000006
2461,0.0018842220306396484,0.222,48.400000000000006
2462,0.0016798973083496094,0.222,48.800000000000004
2463,0.0018711090087890625,0.222,49.2
2464,0.0006439685821533203,0.222,49.6
2465,0.002387523651123047,0.222,50.0
2466,0.002234935760498047,0.222,50.400000000000006
2467,0.0019664764404296875,0.222,50.800000000000004
2468,0.0007691383361816406,0.222,51.2
2469,0.0019061565399169922,0.222,51.6
2470,0.0006620883941650391,0.222,51.6
2471,0.0023374557495117188,0.222,52.0
2472,0.0006029605865478516,0.222,52.400000000000006
2473,0.0015413761138916016,0.222,52.800000000000004
2474,0.0006282329559326172,0.222,53.2
2475,0.002021312713623047,0.222,53.6
2476,0.0006024837493896484,0.222,53.6
2477,0.002548694610595703,0.222,54.0
2478,0.0005910396575927734,0.222,54.400000000000006
2479,0.002023458480834961,0.222,54.400000000000006
2480,0.000591278076171875,0.222,54.800000000000004
2481,0.0019898414611816406,0.222,55.2
2482,0.0009667873382568359,0.224,55.2
2483,0.0005407333374023438,0.224,55.2
2484,0.0018944740295410156,0.224,55.6
2485,0.00048732757568359375,0.226,55.6
2486,0.0005204677581787109,0.226,55.6
2487,0.0015997886657714844,0.226,56.0
2488,0.0007767677307128906,0.226,56.0
2489,0.002039194107055664,0.226,56.0
2490,0.0006554126739501953,0.226,56.0
2491,0.0017833709716796875,0.226,56.0
2492,0.0005619525909423828,0.228,56.0
2493,0.0007586479187011719,0.228,56.0
2494,0.0016934871673583984,0.228,56.0
2495,0.0019712448120117188,0.228,55.6
2496,0.0019712448120117188,0.231,55.6
2497,0.0005013942718505859,0.231,55.6
2498,0.002054929733276367,0.231,55.6
2499,0.0006821155548095703,0.231,55.6
2500,0.002069711685180664,0.231,55.2
2501,0.0008494853973388672,0.231,55.2
2502,0.001252889633178711,0.233,55.2
2503,0.0004742145538330078,0.233,54.800000000000004
2504,0.0018711090087890625,0.233,54.800000000000004
2505,0.0008766651153564453,0.233,54.800000000000004
2506,0.0020360946655273438,0.233,54.400000000000006
2507,0.0007557868957519531,0.233,54.400000000000006
2508,0.00045108795166015625,0.235,54.400000000000006
2509,0.0010111331939697266,0.235,54.0
2510,0.002038240432739258,0.235,54.0
2511,0.0020704269409179688,0.235,54.0
2512,0.0004799365997314453,0.237,54.0
2513,0.0005388259887695312,0.237,53.6
2514,0.0022270679473876953,0.237,53.6
2515,0.00064849853515625,0.237,53.6
2516,0.0024373531341552734,0.237,53.6
2517,0.002098560333251953,0.237,53.6
2518,0.0008568763732910156,0.237,53.6
2519,0.0021820068359375,0.237,53.6
2520,0.002033710479736328,0.237,53.6
2521,0.0007581710815429688,0.237,53.6
2522,0.0008046627044677734,0.239,53.6
2523,0.0004754066467285156,0.239,54.0
2524,0.0016467571258544922,0.239,54.0
2525,0.0006570816040039062,0.239,54.0
2526,0.0020461082458496094,0.239,54.0
2527,0.0005974769592285156,0.239,54.400000000000006
2528,0.0017268657684326172,0.239,54.400000000000006
2529,0.000858306884765625,0.239,54.800000000000004
2530,0.001745462417602539,0.239,54.800000000000004
2531,0.0007088184356689453,0.239,55.2
2532,0.002275705337524414,0.239,55.2
2533,0.0021593570709228516,0.239,55.6
2534,0.0006918907165527344,0.239,55.6
2535,0.0017821788787841797,0.239,56.0
2536,0.0007863044738769531,0.239,56.0
2537,0.000896453857421875,0.241,56.400000000000006
2538,0.0011105537414550781,0.241,56.400000000000006
2539,0.0022284984588623047,0.241,56.800000000000004
2540,0.0005166530609130859,0.244,57.2
2541,0.0010972023010253906,0.244,57.2
2542,0.0004851818084716797,0.246,57.6
2543,0.0010950565338134766,0.246,57.6
2544,0.0015194416046142578,0.246,58.0
2545,0.002660512924194336,0.246,58.400000000000006
2546,0.0006215572357177734,0.248,58.400000000000006
2547,0.0012187957763671875,0.248,58.800000000000004
2548,0.0004966259002685547,0.248,58.800000000000004
2549,0.0015151500701904297,0.248,59.2
2550,0.0008897781372070312,0.25,59.6
2551,0.0004715919494628906,0.25,59.6
2552,0.0010502338409423828,0.25,60.0
2553,0.0006036758422851562,0.25,60.400000000000006
2554,0.0009846687316894531,0.25,60.400000000000006
2555,0.0018496513366699219,0.25,60.800000000000004
2556,0.0019099712371826172,0.25,61.2
2557,0.0021369457244873047,0.25,61.2
2558,0.002115964889526367,0.25,61.6
2559,0.0005953311920166016,0.25,62.0
2560,0.0005571842193603516,0.25,62.0
2561,0.002424001693725586,0.25,62.400000000000006
2562,0.001664876937866211,0.25,62.800000000000004
2563,0.002098560333251953,0.25,63.2
2564,0.0006568431854248047,0.25,63.2
2565,0.0002853870391845703,0.25,63.6
2566,0.0012583732604980469,0.25,64.0
2567,0.002292633056640625,0.25,64.0
2568,0.0015604496002197266,0.25,64.4
2569,0.0008273124694824219,0.25,64.8
2570,0.0017914772033691406,0.25,64.8
2571,0.0013480186462402344,0.25,65.2
2572,0.0005116462707519531,0.25,65.60000000000001
2573,0.0008552074432373047,0.25,65.60000000000001
2574,0.0005061626434326172,0.25,66.0
2575,0.0016286373138427734,0.25,66.0
2576,0.0006554126739501953,0.25,66.4
2577,0.0015254020690917969,0.25,66.8
2578,0.0006160736083984375,0.25,66.8
2579,0.001617431640625,0.25,67.2
2580,0.0006341934204101562,0.25,67.2
2581,0.0014069080352783203,0.25,67.60000000000001
2582,0.0014452934265136719,0.25,67.60000000000001
2583,0.0006668567657470703,0.25,67.60000000000001
2584,0.002156496047973633,0.25,68.0
2585,0.0006384849548339844,0.25,68.0
2586,0.0030546188354492188,0.25,68.0
2587,0.0004673004150390625,0.25,68.0
2588,0.00042128562927246094,0.25,68.0
2589,0.0005881786346435547,0.246,68.0
2590,0.0002715587615966797,0.241,68.0
2591,0.0004763603210449219,0.235,68.0
2592,0.0004696846008300781,0.226,68.0
2593,0.0004994869232177734,0.222,68.0
2594,0.0005705356597900391,0.218,68.0
2595,0.00046324729919433594,0.211,68.0
2596,0.0004696846008300781,0.211,67.60000000000001
2597,0.00044417381286621094,0.205,67.60000000000001
2598,0.0005266666412353516,0.203,67.60000000000001
2599,0.0004436969757080078,0.198,67.2
2600,0.0004482269287109375,0.194,66.8
2601,0.00048613548278808594,0.19,66.4
2602,0.0003752708435058594,0.181,66.0
2603,0.0006549358367919922,0.179,65.2
2604,0.0005435943603515625,0.175,64.8
2605,0.0006990432739257812,0.172,64.0
2606,0.0010039806365966797,0.17,63.2
2607,0.000774383544921875,0.168,62.0
2608,0.0006315708160400391,0.168,61.2
2609,0.0005412101745605469,0.168,59.6
2610,0.0007832050323486328,0.168,58.400000000000006
2611,0.0020322799682617188,0.168,56.800000000000004
2612,0.001435995101928711,0.168,55.2
2613,0.0014967918395996094,0.168,53.6
2614,0.002053499221801758,0.168,51.6
2615,0.0005047321319580078,0.166,49.6
2616,0.0014812946319580078,0.166,47.6
2617,0.001421213150024414,0.166,45.6
2618,0.00040030479431152344,0.162,43.2
2619,0.0005290508270263672,0.162,40.800000000000004
2620,0.0007045269012451172,0.157,38.400000000000006
2621,0.0005180835723876953,0.155,36.0
2622,0.0004825592041015625,0.151,33.6
2623,0.0004603862762451172,0.147,31.200000000000003
2624,0.00046443939208984375,0.147,28.8
2625,0.0004544258117675781,0.147,26.0
2626,0.0004603862762451172,0.144,23.6
2627,0.00045418739318847656,0.144,21.200000000000003
2628,0.0010576248168945312,0.144,18.8
2629,0.0006120204925537109,0.142,16.400000000000002
2630,0.0005414485931396484,0.138,14.4
2631,0.0004925727844238281,0.138,12.0
2632,0.00046443939208984375,0.134,10.0
2633,0.0005271434783935547,0.129,8.0
2634,0.0005521774291992188,0.125,6.4
2635,0.000453948974609375,0.121,4.4
2636,0.00043845176696777344,0.119,3.2
2637,0.0004360675811767578,0.116,1.6
2638,0.0004417896270751953,0.114,0.4
2639,0.0004749298095703125,0.114,-0.8
2640,0.00044226646423339844,0.114,-1.6
2641,0.0016412734985351562,0.114,-2.4000000000000004
2642,0.00045752525329589844,0.112,-2.8000000000000003
2643,0.0007691383361816406,0.112,-3.2
2644,0.0006890296936035156,0.11,-3.2
2645,0.0006890296936035156,0.106,-3.2
2646,0.0005662441253662109,0.099,-3.6
2647,0.00051116943359375,0.091,-3.2
2648,0.0007996559143066406,0.088,-3.2
2649,0.0004482269287109375,0.08,-2.4000000000000004
2650,0.0004982948303222656,0.08,-2.0
2651,0.00047326087951660156,0.075,-1.2000000000000002
2652,0.000446319580078125,0.071,-0.4
2653,0.0006875991821289062,0.069,0.8
2654,0.0006291866302490234,0.067,1.6
2655,0.0005123615264892578,0.065,2.8000000000000003
2656,0.0007810592651367188,0.065,4.0
2657,0.0004608631134033203,0.06,5.2
2658,0.0005865097045898438,0.06,6.800000000000001
2659,0.0005855560302734375,0.06,8.0
2660,0.0006101131439208984,0.06,9.200000000000001
2661,0.0006418228149414062,0.058,10.8
2662,0.0011477470397949219,0.058,12.0
2663,0.0008094310760498047,0.054,13.200000000000001
2664,0.0004987716674804688,0.052,14.4
2665,0.0006897449493408203,0.052,15.600000000000001
2666,0.00058746337890625,0.052,16.400000000000002
2667,0.0022759437561035156,0.052,17.6
2668,0.0005168914794921875,0.05,18.400000000000002
2669,0.001058340072631836,0.05,19.200000000000003
2670,0.0007424354553222656,0.05,20.0
2671,0.002299785614013672,0.05,20.400000000000002
2672,0.0014371871948242188,0.05,20.8
2673,0.0020034313201904297,0.05,21.200000000000003
2674,0.0017304420471191406,0.05,21.200000000000003
2675,0.0006740093231201172,0.05,21.200000000000003
2676,0.0016663074493408203,0.05,21.200000000000003
2677,0.0005965232849121094,0.05,21.200000000000003
2678,0.0008132457733154297,0.047,20.8
2679,0.0004696846008300781,0.045,20.400000000000002
2680,0.0004875659942626953,0.045,20.0
2681,0.0016617774963378906,0.045,19.200000000000003
2682,0.0008237361907958984,0.045,18.400000000000002
2683,0.0006821155548095703,0.045,17.6
2684,0.001232147216796875,0.043,16.8
2685,0.0007538795471191406,0.043,15.600000000000001
2686,0.0012164115905761719,0.043,14.4
2687,0.0006000995635986328,0.039,13.200000000000001
2688,0.0006427764892578125,0.037,12.0
2689,0.0004911422729492188,0.037,10.8
2690,0.0004980564117431641,0.034,9.200000000000001
2691,0.0007104873657226562,0.034,8.0
2692,0.0005872249603271484,0.03,6.4
2693,0.0003333091735839844,0.03,4.800000000000001
2694,0.0005316734313964844,0.03,3.6
2695,0.0007617473602294922,0.03,2.0
2696,0.0004944801330566406,0.03,0.8
2697,0.0017466545104980469,0.03,-0.8
2698,0.0006983280181884766,0.03,-2.0
2699,0.0015556812286376953,0.03,-3.6
2700,0.0006382465362548828,0.03,-4.800000000000001
2701,0.0016124248504638672,0.03,-6.0
2702,0.0006163120269775391,0.03,-7.2
2703,0.0012502670288085938,0.03,-8.4
2704,0.0005779266357421875,0.03,-9.200000000000001
2705,0.0016078948974609375,0.03,-10.4
2706,0.0005793571472167969,0.03,-11.200000000000001
2707,0.0013179779052734375,0.03,-11.600000000000001
2708,0.0013380050659179688,0.03,-12.4
2709,0.0021109580993652344,0.03,-12.8
2710,0.001607656478881836,0.03,-13.200000000000001
2711,0.0020482540130615234,0.03,-13.200000000000001
2712,0.0014095306396484375,0.03,-13.200000000000001
2713,0.0011620521545410156,0.03,-13.200000000000001
2714,0.0006144046783447266,0.03,-13.200000000000001
2715,0.0014505386352539062,0.03,-12.8
2716,0.001112222671508789,0.032,-12.4
2717,0.0007691383361816406,0.037,-12.0
2718,0.0008974075317382812,0.041,-11.200000000000001
2719,0.0005826950073242188,0.047,-10.4
2720,0.0014157295227050781,0.05,-9.600000000000001
2721,0.0006542205810546875,0.054,-8.8
2722,0.0005733966827392578,0.056,-7.6000000000000005
2723,0.0005080699920654297,0.06,-6.800000000000001
2724,0.0007030963897705078,0.063,-5.6000000000000005
2725,0.00048160552978515625,0.071,-4.0
2726,0.0004830360412597656,0.075,-2.8000000000000003
2727,0.00045680999755859375,0.08,-1.6
2728,0.00047898292541503906,0.084,0.0
2729,0.000568389892578125,0.086,1.6
2730,0.0004420280456542969,0.093,3.2
2731,0.00042939186096191406,0.095,4.4
2732,0.00043463706970214844,0.095,6.0
2733,0.0005309581756591797,0.095,7.6000000000000005
2734,0.0009074211120605469,0.097,9.200000000000001
2735,0.0007987022399902344,0.099,10.8
2736,0.0004930496215820312,0.099,12.4
2737,0.0005242824554443359,0.099,14.0
2738,0.0010843276977539062,0.099,15.600000000000001
2739,0.0022313594818115234,0.099,17.2
2740,0.0006794929504394531,0.099,18.8
2741,0.0025539398193359375,0.099,20.0
2742,0.00058746337890625,0.099,21.6
2743,0.0022840499877929688,0.099,22.8
2744,0.000560760498046875,0.099,24.0
2745,0.0021524429321289062,0.099,25.200000000000003
2746,0.0005490779876708984,0.099,26.400000000000002
2747,0.0017082691192626953,0.099,27.200000000000003
2748,0.0006587505340576172,0.099,28.0
2749,0.002213001251220703,0.099,28.8
2750,0.0005958080291748047,0.099,29.6
2751,0.0016326904296875,0.099,30.0
2752,0.0005371570587158203,0.099,30.400000000000002
2753,0.0006241798400878906,0.095,30.8
2754,0.0005009174346923828,0.095,30.8
2755,0.00040912628173828125,0.093,30.8
2756,0.0005488395690917969,0.091,30.8
2757,0.0005381107330322266,0.084,30.400000000000002
2758,0.0005698204040527344,0.078,30.0
2759,0.0007061958312988281,0.075,29.6
2760,0.00036787986755371094,0.073,29.200000000000003
2761,0.0008914470672607422,0.073,28.400000000000002
2762,0.00042057037353515625,0.069,27.6
2763,0.0004830360412597656,0.067,26.8
2764,0.0008673667907714844,0.065,25.6
2765,0.0005719661712646484,0.058,24.400000000000002
2766,0.0005991458892822266,0.058,23.200000000000003
2767,0.0005044937133789062,0.054,22.0
2768,0.0004818439483642578,0.052,20.400000000000002
2769,0.0006585121154785156,0.047,18.8
2770,0.0008044242858886719,0.047,17.2
2771,0.00055694580078125,0.045,15.600000000000001
2772,0.0009684562683105469,0.043,14.0
2773,0.0008187294006347656,0.041,12.0
2774,0.0004470348358154297,0.041,10.4
2775,0.0009884834289550781,0.037,8.4
2776,0.0004761219024658203,0.037,6.4
2777,0.0008497238159179688,0.037,4.4
2778,0.0005633831024169922,0.034,2.8000000000000003
2779,0.0009751319885253906,0.034,0.8
2780,0.0005104541778564453,0.034,-1.2000000000000002
2781,0.0021834373474121094,0.034,-2.8000000000000003
2782,0.0011715888977050781,0.032,-4.4
2783,0.0008022785186767578,0.03,-6.4
2784,0.0005979537963867188,0.028,-8.0
2785,0.0007386207580566406,0.026,-9.200000000000001
2786,0.0005097389221191406,0.026,-10.8
2787,0.0008032321929931641,0.026,-12.0
2788,0.0008244514465332031,0.026,-13.200000000000001
2789,0.002366304397583008,0.026,-14.4
2790,0.0007202625274658203,0.026,-15.200000000000001
2791,0.001607656478881836,0.026,-16.0
2792,0.0007028579711914062,0.026,-16.8
2793,0.002158641815185547,0.026,-17.2
2794,0.0011146068572998047,0.026,-17.6
2795,0.000885009765625,0.026,-18.0
2796,0.0013241767883300781,0.026,-18.0
2797,0.0007884502410888672,0.026,-17.6
2798,0.0014042854309082031,0.026,-17.6
2799,0.0005903244018554688,0.026,-17.2
2800,0.0011265277862548828,0.026,-16.400000000000002
2801,0.0006642341613769531,0.026,-16.0
2802,0.002184152603149414,0.026,-14.8
2803,0.0006227493286132812,0.026,-14.0
2804,0.00171661376953125,0.026,-12.8
2805,0.00171661376953125,0.026,-12.8
2806,0.002111673355102539,0.026,-11.600000000000001
2807,0.00058746337890625,0.026,-10.4
2808,0.002235889434814453,0.026,-9.200000000000001
2809,0.0007796287536621094,0.026,-7.6000000000000005
2810,0.0007140636444091797,0.028,-6.0
2811,0.0026776790618896484,0.028,-4.4
2812,0.0005247592926025391,0.032,-2.8000000000000003
2813,0.0005602836608886719,0.041,-1.2000000000000002
2814,0.0006475448608398438,0.047,0.8
2815,0.0005879402160644531,0.05,2.4000000000000004
2816,0.0007834434509277344,0.05,4.0
2817,0.0011167526245117188,0.05,5.6000000000000005
2818,0.0005981922149658203,0.054,7.2
2819,0.0005817413330078125,0.054,8.8
2820,0.0006399154663085938,0.054,10.4
2821,0.0010495185852050781,0.056,12.0
2822,0.0005333423614501953,0.056,13.200000000000001
2823,0.0005123615264892578,0.058,14.8
2824,0.0005910396575927734,0.063,16.0
2825,0.0006318092346191406,0.065,17.2
2826,0.0010142326354980469,0.065,18.400000000000002
2827,0.0006692409515380859,0.067,19.200000000000003
2828,0.0005459785461425781,0.071,20.0
2829,0.0006153583526611328,0.075,20.8
2830,0.0004894733428955078,0.078,21.6
2831,0.0006070137023925781,0.08,22.0
2832,0.0005040168762207031,0.08,22.400000000000002
2833,0.0003237724304199219,0.082,22.8
2834,0.0007350444793701172,0.086,22.8
2835,0.0002868175506591797,0.093,23.200000000000003
2836,0.0005748271942138672,0.095,23.200000000000003
2837,0.00046181678771972656,0.099,22.8
2838,0.00048041343688964844,0.099,22.8
2839,0.0007376670837402344,0.099,22.400000000000002
2840,0.0005810260772705078,0.101,22.0
2841,0.0017375946044921875,0.106,21.6
2842,0.0009295940399169922,0.106,20.8
2843,0.0005164146423339844,0.112,20.400000000000002
2844,0.0005655288696289062,0.112,19.6
2845,0.0005040168762207031,0.114,18.8
2846,0.00045609474182128906,0.119,18.400000000000002
2847,0.0004596710205078125,0.121,17.6
2848,0.0006401538848876953,0.121,16.8
2849,0.00047469139099121094,0.123,16.0
2850,0.0004611015319824219,0.125,15.200000000000001
2851,0.0004639625549316406,0.129,14.4
2852,0.0005006790161132812,0.131,13.600000000000001
2853,0.0004367828369140625,0.131,13.200000000000001
2854,0.0007193088531494141,0.134,12.4
2855,0.0005698204040527344,0.134,12.0
2856,0.0010409355163574219,0.134,11.200000000000001
2857,0.0004978179931640625,0.134,10.8
2858,0.0017080307006835938,0.134,10.4
2859,0.0004379749298095703,0.136,10.0
2860,0.0008654594421386719,0.136,10.0
2861,0.0005483627319335938,0.136,9.600000000000001
2862,0.0022068023681640625,0.136,9.600000000000001
2863,0.0004730224609375,0.138,9.600000000000001
2864,0.0006504058837890625,0.14,10.0
2865,0.0005543231964111328,0.14,10.0
2866,0.0012638568878173828,0.14,10.4
2867,0.0008542537689208984,0.14,10.8
2868,0.0016164779663085938,0.14,11.200000000000001
2869,0.0008001327514648438,0.14,11.600000000000001
2870,0.0017037391662597656,0.14,12.4
2871,0.0006270408630371094,0.142,13.200000000000001
2872,0.0015649795532226562,0.142,14.0
2873,0.0015022754669189453,0.142,14.8
2874,0.0015749931335449219,0.142,15.600000000000001
2875,0.001623392105102539,0.142,16.400000000000002
2876,0.0013382434844970703,0.142,17.6
2877,0.0015501976013183594,0.142,18.400000000000002
2878,0.0007917881011962891,0.142,19.6
2879,0.0015833377838134766,0.142,20.400000000000002
2880,0.0006976127624511719,0.142,21.6
2881,0.0015728473663330078,0.142,22.8
2882,0.000659942626953125,0.142,24.0
2883,0.001535177230834961,0.142,24.8
2884,0.0006115436553955078,0.142,26.0
2885,0.0016298294067382812,0.142,27.200000000000003
2886,0.0005896091461181641,0.142,28.0
2887,0.0022072792053222656,0.142,29.200000000000003
2888,0.0005762577056884766,0.142,30.0
2889,0.0016291141510009766,0.142,30.8
2890,0.0015788078308105469,0.142,31.6
2891,0.00036334991455078125,0.144,32.4
2892,0.0008432865142822266,0.144,33.2
2893,0.0005309581756591797,0.147,34.0
2894,0.0005478858947753906,0.147,34.4
2895,0.0014765262603759766,0.147,34.800000000000004
2896,0.0014805793762207031,0.147,35.2
2897,0.0008630752563476562,0.147,35.6
2898,0.0011029243469238281,0.147,36.0
2899,0.0006465911865234375,0.147,36.0
2900,0.0022394657135009766,0.147,36.0
2901,0.0005903244018554688,0.147,36.4
2902,0.0024194717407226562,0.147,36.0
2903,0.0005660057067871094,0.147,36.0
2904,0.0006239414215087891,0.149,35.6
2905,0.0005092620849609375,0.149,35.6
2906,0.0022940635681152344,0.149,35.2
2907,0.001516103744506836,0.149,34.800000000000004
2908,0.0004956722259521484,0.151,34.4
2909,0.0007233619689941406,0.151,33.6
2910,0.0011792182922363281,0.151,33.2
2911,0.0004582405090332031,0.153,32.4
2912,0.0009999275207519531,0.153,31.6
2913,0.0005199909210205078,0.153,31.200000000000003
2914,0.0009756088256835938,0.153,30.400000000000002
2915,0.0006742477416992188,0.153,29.6
2916,0.0009562969207763672,0.153,28.8
2917,0.0006544589996337891,0.155,28.0
2918,0.0008962154388427734,0.155,27.200000000000003
2919,0.0021750926971435547,0.155,26.400000000000002
2920,0.0007686614990234375,0.155,25.6
2921,0.002225637435913086,0.155,24.8
2922,0.001417398452758789,0.155,24.0
2923,0.0019905567169189453,0.155,23.200000000000003
2924,0.0006935596466064453,0.155,22.8
2925,0.0011768341064453125,0.157,22.0
2926,0.001657247543334961,0.157,21.200000000000003
2927,0.0002765655517578125,0.159,20.8
2928,0.000598907470703125,0.159,20.400000000000002
2929,0.0028705596923828125,0.159,20.0
2930,0.0005035400390625,0.162,19.6
2931,0.0005235671997070312,0.162,19.200000000000003
2932,0.001216888427734375,0.162,18.8
2933,0.0007765293121337891,0.162,18.8
2934,0.002414703369140625,0.162,18.8
2935,0.0006759166717529297,0.162,18.8
2936,0.002430438995361328,0.162,18.8
2937,0.0006155967712402344,0.162,18.8
2938,0.0021491050720214844,0.162,18.8
2939,0.0006234645843505859,0.162,19.200000000000003
2940,0.0017673969268798828,0.162,19.6
2941,0.0015540122985839844,0.162,20.0
2942,0.0015540122985839844,0.164,20.0
2943,0.0013234615325927734,0.164,20.400000000000002
2944,0.0005254745483398438,0.164,21.200000000000003
2945,0.0020439624786376953,0.164,21.6
2946,0.0006456375122070312,0.164,22.400000000000002
2947,0.0021119117736816406,0.164,22.8
2948,0.0006735324859619141,0.164,23.6
2949,0.0005803108215332031,0.166,24.400000000000002
2950,0.0012392997741699219,0.166,25.200000000000003
2951,0.0005662441253662109,0.166,26.0
2952,0.0017430782318115234,0.166,27.200000000000003
2953,0.0008025169372558594,0.166,28.0
2954,0.0015552043914794922,0.166,28.8
2955,0.0015437602996826172,0.166,29.6
2956,0.0006458759307861328,0.166,30.8
2957,0.001661062240600586,0.166,31.6
2958,0.0016129016876220703,0.166,32.4
2959,0.0006437301635742188,0.166,33.2
2960,0.002070188522338867,0.166,34.0
2961,0.0005905628204345703,0.166,34.800000000000004
2962,0.002310037612915039,0.166,35.6
2963,0.0006177425384521484,0.166,36.4
2964,0.0016100406646728516,0.166,37.2
2965,0.0005884170532226562,0.166,38.0
2966,0.002275705337524414,0.166,38.400000000000006
2967,0.0009162425994873047,0.166,39.2
2968,0.0021469593048095703,0.166,39.6
2969,0.0008642673492431641,0.166,40.0
2970,0.0007710456848144531,0.164,40.400000000000006
2971,0.0008637905120849609,0.164,40.800000000000004
2972,0.0008113384246826172,0.164,40.800000000000004
2973,0.001413106918334961,0.164,41.2
2974,0.0009260177612304688,0.164,41.2
2975,0.001748800277709961,0.164,41.2
2976,0.001894235610961914,0.164,41.2
2977,0.0005705356597900391,0.162,41.2
2978,0.001127481460571289,0.162,40.800000000000004
2979,0.0006990432739257812,0.162,40.400000000000006
2980,0.0005123615264892578,0.159,40.400000000000006
2981,0.0006983280181884766,0.159,40.0
2982,0.0004992485046386719,0.159,39.6
2983,0.0003800392150878906,0.155,38.800000000000004
2984,0.0004994869232177734,0.155,38.400000000000006
2985,0.0004932880401611328,0.153,38.0
2986,0.0006215572357177734,0.151,37.2
2987,0.0006573200225830078,0.151,36.4
2988,0.0011627674102783203,0.151,35.6
2989,0.0005376338958740234,0.149,34.800000000000004
2990,0.0012271404266357422,0.149,34.0
2991,0.0004734992980957031,0.147,33.2
2992,0.0004825592041015625,0.147,32.4
2993,0.0007975101470947266,0.147,31.6
2994,0.0009732246398925781,0.142,30.400000000000002
2995,0.0004191398620605469,0.142,29.6
2996,0.000270843505859375,0.14,28.400000000000002
2997,0.0005431175231933594,0.138,27.6
2998,0.0006172657012939453,0.138,26.400000000000002
2999,0.0007688999176025391,0.136,25.6
3000,0.0008881092071533203,0.136,24.400000000000002
3001,0.0005152225494384766,0.136,23.6
3002,0.0009829998016357422,0.134,22.400000000000002
3003,0.0004930496215820312,0.131,21.6
3004,0.0004975795745849609,0.129,20.400000000000002
3005,0.0005500316619873047,0.125,19.6
3006,0.0004646778106689453,0.123,18.8
3007,0.0005598068237304688,0.123,17.6
3008,0.0007059574127197266,0.121,16.8
3009,0.000492095947265625,0.119,16.0
3010,0.0010504722595214844,0.119,15.200000000000001
3011,0.00044727325439453125,0.114,14.4
3012,0.0006747245788574219,0.114,14.0
3013,0.0005943775177001953,0.112,13.200000000000001
3014,0.0006139278411865234,0.108,12.8
3015,0.0006721019744873047,0.097,12.0
3016,0.0003421306610107422,0.084,11.600000000000001
3017,0.0005691051483154297,0.075,11.200000000000001
3018,0.0003337860107421875,0.071,10.8
3019,0.0005676746368408203,0.067,10.4
3020,0.0007770061492919922,0.065,10.4
3021,0.0008156299591064453,0.063,10.0
3022,0.0004985332489013672,0.058,10.0
3023,0.0004730224609375,0.054,9.600000000000001
3024,0.0006625652313232422,0.052,9.600000000000001
3025,0.0005247592926025391,0.05,9.200000000000001
3026,0.0005056858062744141,0.05,9.200000000000001
3027,0.0004763603210449219,0.045,8.8
3028,0.0003509521484375,0.045,8.8
3029,0.00026488304138183594,0.043,8.4
3030,0.00028824806213378906,0.043,8.4
3031,0.0005383491516113281,0.041,8.0
3032,0.0004863739013671875,0.039,8.0
3033,0.0004115104675292969,0.039,7.6000000000000005
3034,0.0004885196685791016,0.039,7.2
3035,0.0011119842529296875,0.039,6.800000000000001
3036,0.0006074905395507812,0.034,6.800000000000001
3037,0.0005364418029785156,0.032,6.4
3038,0.0008256435394287109,0.03,6.0
3039,0.0005002021789550781,0.03,5.6000000000000005
3040,0.0005161762237548828,0.026,5.2
3041,0.0008695125579833984,0.019,4.800000000000001
3042,0.0010149478912353516,0.013,4.4
3043,0.0004782676696777344,0.011,4.0
3044,0.00046753883361816406,0.006,3.6
3045,0.000431060791015625,0.006,3.2
3046,0.0002067089080810547,0.006,2.8000000000000003
3047,0.00047850608825683594,0.006,2.0
3048,0.0015299320220947266,0.006,1.6
3049,0.0006413459777832031,0.006,1.2000000000000002
3050,0.0018978118896484375,0.006,0.8
3051,0.0006566047668457031,0.006,0.0
3052,0.002247333526611328,0.006,-0.4
3053,0.002224445343017578,0.006,-0.8
3054,0.0006895065307617188,0.006,-1.2000000000000002
3055,0.002194643020629883,0.006,-2.0
3056,0.0005943775177001953,0.006,-2.4000000000000004
3057,0.0005972385406494141,0.006,-2.8000000000000003
3058,0.0014979839324951172,0.006,-3.2
3059,0.000896453857421875,0.006,-3.6
3060,0.0020678043365478516,0.006,-4.0
3061,0.0006437301635742188,0.006,-4.4
3062,0.0017800331115722656,0.006,-4.4
3063,0.0006482601165771484,0.006,-4.800000000000001
3064,0.0012614727020263672,0.006,-4.800000000000001
3065,0.0006494522094726562,0.006,-5.2
3066,0.002463102340698242,0.006,-5.2
3067,0.0007188320159912109,0.006,-5.2
3068,0.0017850399017333984,0.006,-5.2
3069,0.0006554126739501953,0.006,-5.2
3070,0.0016362667083740234,0.006,-5.2
3071,0.0006132125854492188,0.006,-5.2
3072,0.0013208389282226562,0.006,-5.2
3073,0.0006067752838134766,0.006,-4.800000000000001
3074,0.002370595932006836,0.006,-4.800000000000001
3075,0.001522064208984375,0.006,-4.4
3076,0.0005729198455810547,0.006,-4.0
3077,0.0017113685607910156,0.006,-4.0
3078,0.0005922317504882812,0.006,-3.6
3079,0.0016300678253173828,0.006,-3.2
3080,0.0016694068908691406,0.006,-2.8000000000000003
3081,0.0006487369537353516,0.006,-2.4000000000000004
3082,0.0021245479583740234,0.006,-1.6
3083,0.0004937648773193359,0.009,-1.2000000000000002
3084,0.0008664131164550781,0.009,-0.8
3085,0.0008161067962646484,0.011,-0.4
3086,0.0008554458618164062,0.013,0.0
3087,0.0004963874816894531,0.013,0.4
3088,0.0004963874816894531,0.015,0.4
3089,0.0017313957214355469,0.015,1.2000000000000002
3090,0.0005025863647460938,0.017,1.6
3091,0.00046825408935546875,0.017,2.0
3092,0.0011005401611328125,0.017,2.4000000000000004
3093,0.0006320476531982422,0.022,2.8000000000000003
3094,0.0007545948028564453,0.022,3.2
3095,0.0004611015319824219,0.026,3.6
3096,0.0005588531494140625,0.028,4.0
3097,0.00046253204345703125,0.028,4.4
3098,0.0005576610565185547,0.032,4.4
3099,0.00047135353088378906,0.032,4.800000000000001
3100,0.00026106834411621094,0.037,5.2
3101,0.0004611015319824219,0.041,5.2
3102,0.0003540515899658203,0.045,5.6000000000000005
3103,0.0005016326904296875,0.05,5.6000000000000005
3104,0.00044918060302734375,0.052,5.6000000000000005
3105,0.00036072731018066406,0.052,5.6000000000000005
3106,0.00046515464782714844,0.054,5.6000000000000005
3107,0.0003502368927001953,0.056,6.0
3108,0.00034165382385253906,0.058,6.0
3109,0.0005338191986083984,0.058,6.0
3110,0.0007846355438232422,0.058,6.0
3111,0.0005295276641845703,0.063,6.0
3112,0.0004787445068359375,0.063,6.0
3113,0.0008296966552734375,0.063,6.0
3114,0.0008952617645263672,0.063,6.0
3115,0.0004897117614746094,0.063,6.0
3116,0.002391815185546875,0.063,6.0
3117,0.0010271072387695312,0.063,6.0
3118,0.001547098159790039,0.065,6.0
3119,0.0014994144439697266,0.065,6.0
3120,0.0018184185028076172,0.065,6.0
3121,0.0010187625885009766,0.065,6.0
3122,0.0016891956329345703,0.065,6.0
3123,0.0006999969482421875,0.065,6.4
3124,0.001680612564086914,0.065,6.4
3125,0.0015273094177246094,0.065,6.4
3126,0.0006821155548095703,0.065,6.4
3127,0.0017414093017578125,0.067,6.800000000000001
3128,0.0012919902801513672,0.067,6.800000000000001
3129,0.001847982406616211,0.067,6.800000000000001
3130,0.0013210773468017578,0.067,7.2
3131,0.0009479522705078125,0.067,7.2
3132,0.001926422119140625,0.067,7.2
3133,0.000997781753540039,0.067,7.6000000000000005
3134,0.0009007453918457031,0.069,7.6000000000000005
3135,0.0005557537078857422,0.071,8.0
3136,0.0010495185852050781,0.071,8.0
3137,0.0008139610290527344,0.071,8.4
3138,0.0010056495666503906,0.073,8.4
3139,0.0008287429809570312,0.073,8.4
3140,0.0015070438385009766,0.075,8.8
3141,0.0006577968597412109,0.078,8.8
3142,0.0004801750183105469,0.078,9.200000000000001
3143,0.0005652904510498047,0.078,9.200000000000001
3144,0.000293731689453125,0.08,9.200000000000001
3145,0.0006318092346191406,0.08,9.600000000000001
3146,0.0012803077697753906,0.082,9.600000000000001
3147,0.0005354881286621094,0.084,10.0
3148,0.0004830360412597656,0.088,10.0
3149,0.0004451274871826172,0.095,10.0
3150,0.000423431396484375,0.097,10.4
3151,0.0004203319549560547,0.101,10.4
3152,0.00042819976806640625,0.101,10.8
3153,0.0004572868347167969,0.101,10.8
3154,0.0007784366607666016,0.101,10.8
3155,0.00047206878662109375,0.101,11.200000000000001
3156,0.0012886524200439453,0.101,11.200000000000001
3157,0.0005083084106445312,0.101,11.600000000000001
3158,0.0006704330444335938,0.101,12.0
3159,0.0005998611450195312,0.101,12.0
3160,0.0018873214721679688,0.101,12.4
3161,0.0014443397521972656,0.101,12.8
3162,0.001556396484375,0.101,12.8
3163,0.0010499954223632812,0.101,13.200000000000001
3164,0.0017600059509277344,0.101,13.600000000000001
3165,0.000751495361328125,0.101,14.0
3166,0.001190185546875,0.103,14.0
3167,0.0005135536193847656,0.106,14.4
3168,0.0006327629089355469,0.108,14.8
3169,0.0005617141723632812,0.108,15.200000000000001
3170,0.0006778240203857422,0.108,15.600000000000001
3171,0.0012555122375488281,0.108,16.0
3172,0.0009608268737792969,0.108,16.0
3173,0.0003368854522705078,0.11,16.400000000000002
3174,0.0006115436553955078,0.11,16.8
3175,0.0022423267364501953,0.11,16.8
3176,0.0005366802215576172,0.11,17.2
3177,0.001384735107421875,0.112,17.6
3178,0.0014851093292236328,0.112,17.6
3179,0.0015153884887695312,0.112,18.0
3180,0.0008165836334228516,0.114,18.0
3181,0.0018095970153808594,0.114,18.400000000000002
3182,0.001142740249633789,0.114,18.400000000000002
3183,0.0007493495941162109,0.116,18.400000000000002
3184,0.0008800029754638672,0.116,18.8
3185,0.0005598068237304688,0.121,18.8
3186,0.0005664825439453125,0.121,18.8
3187,0.0004591941833496094,0.123,19.200000000000003
3188,0.0009243488311767578,0.123,19.200000000000003
3189,0.0004851818084716797,0.123,19.200000000000003
3190,0.002315998077392578,0.123,19.200000000000003
3191,0.0005445480346679688,0.125,19.200000000000003
3192,0.0005486011505126953,0.125,19.200000000000003
3193,0.0005614757537841797,0.125,19.200000000000003
3194,0.001905202865600586,0.125,19.200000000000003
3195,0.00046944618225097656,0.129,19.200000000000003
3196,0.0011680126190185547,0.129,19.200000000000003
3197,0.0004911422729492188,0.129,19.6
3198,0.00135040283203125,0.129,19.6
3199,0.0006678104400634766,0.129,19.6
3200,0.0017306804656982422,0.129,19.6
3201,0.00023436546325683594,0.134,19.6
3202,0.0003294944763183594,0.136,19.6
3203,0.0005052089691162109,0.138,19.6
3204,0.0004673004150390625,0.14,19.6
3205,0.0004596710205078125,0.142,19.6
3206,0.00043320655822753906,0.142,19.6
3207,0.000560760498046875,0.142,19.6
3208,0.0005328655242919922,0.149,19.6
3209,0.0004520416259765625,0.149,20.0
3210,0.0004761219024658203,0.149,20.0
3211,0.0009860992431640625,0.149,20.0
3212,0.0005691051483154297,0.149,20.400000000000002
3213,0.002094745635986328,0.149,20.400000000000002
3214,0.0005793571472167969,0.149,20.400000000000002
3215,0.001706838607788086,0.149,20.8
3216,0.000720977783203125,0.149,21.200000000000003
3217,0.0016961097717285156,0.149,21.200000000000003
3218,0.0011141300201416016,0.149,21.6
3219,0.0014674663543701172,0.149,22.0
3220,0.0015010833740234375,0.149,22.400000000000002
3221,0.0006110668182373047,0.151,22.8
3222,0.0016183853149414062,0.151,23.200000000000003
3223,0.0011246204376220703,0.151,23.6
3224,0.0016248226165771484,0.151,24.0
3225,0.0020532608032226562,0.151,24.400000000000002
3226,0.001005411148071289,0.151,24.8
3227,0.002177715301513672,0.151,25.200000000000003
3228,0.0006785392761230469,0.151,25.6
3229,0.002740621566772461,0.153,26.0
3230,0.0004513263702392578,0.153,26.400000000000002
3231,0.0011408329010009766,0.153,26.8
3232,0.0012493133544921875,0.153,27.6
3233,0.0021047592163085938,0.153,28.0
3234,0.0006773471832275391,0.153,28.0
3235,0.0022771358489990234,0.153,28.400000000000002
3236,0.0006616115570068359,0.153,28.8
3237,0.0008130073547363281,0.153,29.200000000000003
3238,0.0004904270172119141,0.155,29.6
3239,0.0009937286376953125,0.155,29.6
3240,0.0007331371307373047,0.155,30.0
3241,0.0022416114807128906,0.155,30.0
3242,0.0006630420684814453,0.155,30.400000000000002
3243,0.0020160675048828125,0.155,30.400000000000002
3244,0.0004878044128417969,0.155,30.8
3245,0.002543210983276367,0.155,30.8
3246,0.0009412765502929688,0.155,30.8
3247,0.0009412765502929688,0.157,30.8
3248,0.001310586929321289,0.157,30.8
3249,0.0016186237335205078,0.157,30.8
3250,0.0014874935150146484,0.157,30.8
3251,0.0008172988891601562,0.157,30.8
3252,0.0016257762908935547,0.157,30.8
3253,0.0006823539733886719,0.157,30.400000000000002
3254,0.0016257762908935547,0.157,30.400000000000002
3255,0.0015208721160888672,0.157,30.400000000000002
3256,0.0012259483337402344,0.157,30.0
3257,0.0015323162078857422,0.157,30.0
3258,0.0017290115356445312,0.157,29.6
3259,0.0009512901306152344,0.157,29.6
3260,0.002106189727783203,0.157,29.200000000000003
3261,0.0006635189056396484,0.157,29.200000000000003
3262,0.001983165740966797,0.157,28.8
3263,0.00045752525329589844,0.159,28.400000000000002
3264,0.0011763572692871094,0.159,28.400000000000002
3265,0.0016872882843017578,0.159,28.0
3266,0.0016393661499023438,0.159,27.6
3267,0.0014638900756835938,0.159,27.6
3268,0.0046842098236083984,0.162,27.200000000000003
3269,0.0005211830139160156,0.162,27.200000000000003
3270,0.0010347366333007812,0.162,26.8
3271,0.0012922286987304688,0.162,26.400000000000002
3272,0.002148151397705078,0.162,26.400000000000002
3273,0.0005738735198974609,0.164,26.0
3274,0.0005688667297363281,0.164,26.0
3275,0.00045299530029296875,0.166,25.6
3276,0.0005207061767578125,0.166,25.6
3277,0.0025777816772460938,0.166,25.6
3278,0.0004096031188964844,0.168,25.200000000000003
3279,0.0006148815155029297,0.168,25.200000000000003
3280,0.0009980201721191406,0.168,25.200000000000003
3281,0.0007081031799316406,0.168,25.200000000000003
3282,0.002261638641357422,0.168,25.200000000000003
3283,0.0006520748138427734,0.168,25.200000000000003
3284,0.0022821426391601562,0.168,25.200000000000003
3285,0.0014562606811523438,0.168,25.6
3286,0.00046896934509277344,0.17,25.6
3287,0.0006425380706787109,0.17,25.6
3288,0.001615762710571289,0.17,26.0
3289,0.0007712841033935547,0.17,26.400000000000002
3290,0.002377033233642578,0.17,26.400000000000002
3291,0.0012059211730957031,0.172,26.8
3292,0.0015845298767089844,0.172,27.200000000000003
3293,0.0010695457458496094,0.172,27.6
3294,0.0029299259185791016,0.175,28.0
3295,0.0006976127624511719,0.175,28.400000000000002
3296,0.0005083084106445312,0.179,28.8
3297,0.0006008148193359375,0.181,29.200000000000003
3298,0.002358675003051758,0.183,29.6
3299,0.0009758472442626953,0.183,30.0
3300,0.0005176067352294922,0.185,30.400000000000002
3301,0.0009589195251464844,0.188,31.200000000000003
3302,0.0005507469177246094,0.19,31.6
3303,0.0007236003875732422,0.19,32.0
3304,0.0005364418029785156,0.192,32.800000000000004
3305,0.0005471706390380859,0.198,33.2
3306,0.0005481243133544922,0.2,33.6
3307,0.00041031837463378906,0.203,34.4
3308,0.0003941059112548828,0.205,34.800000000000004
3309,0.0006530284881591797,0.205,35.6
3310,0.00063323974609375,0.205,36.0
3311,0.0008308887481689453,0.205,36.800000000000004
3312,0.0010836124420166016,0.205,37.2
3313,0.0007033348083496094,0.207,38.0
3314,0.0008602142333984375,0.207,38.800000000000004
3315,0.000606536865234375,0.207,39.6
3316,0.0023534297943115234,0.207,40.0
3317,0.0006985664367675781,0.207,40.800000000000004
3318,0.0022110939025878906,0.207,41.6
3319,0.0007860660552978516,0.207,42.400000000000006
3320,0.001623392105102539,0.207,43.2
3321,0.000644683837890625,0.207,44.0
3322,0.00147247314453125,0.207,44.800000000000004
3323,0.0015904903411865234,0.207,45.2
3324,0.0017082691192626953,0.207,46.0
3325,0.0017561912536621094,0.207,46.800000000000004
3326,0.0007486343383789062,0.207,47.6
3327,0.0015797615051269531,0.207,48.0
3328,0.0007054805755615234,0.207,48.800000000000004
3329,0.0017981529235839844,0.207,49.6
3330,0.002000570297241211,0.207,50.0
3331,0.0021719932556152344,0.207,50.800000000000004
3332,0.0024175643920898438,0.207,51.2
3333,0.0017697811126708984,0.207,51.6
3334,0.0006489753723144531,0.207,52.0
3335,0.0016710758209228516,0.207,52.400000000000006
3336,0.00061798095703125,0.207,52.800000000000004
3337,0.0012118816375732422,0.207,53.2
3338,0.0006480216979980469,0.207,53.2
3339,0.0013849735260009766,0.207,53.6
3340,0.0005733966827392578,0.207,53.6
3341,0.00162506103515625,0.207,54.0
3342,0.0005733966827392578,0.207,54.0
3343,0.0016448497772216797,0.207,54.0
3344,0.0005991458892822266,0.207,54.0
3345,0.0017001628875732422,0.207,54.0
3346,0.0011067390441894531,0.207,53.6
3347,0.00046443939208984375,0.209,53.6
3348,0.0029926300048828125,0.209,53.2
3349,0.0005602836608886719,0.211,53.2
3350,0.0006310939788818359,0.211,52.800000000000004
3351,0.0005850791931152344,0.211,52.400000000000006
3352,0.0015876293182373047,0.211,52.0
3353,0.0006873607635498047,0.211,51.6
3354,0.00180816650390625,0.211,51.2
3355,0.0006215572357177734,0.211,50.800000000000004
3356,0.0016770362854003906,0.211,50.400000000000006
3357,0.0006740093231201172,0.211,49.6
3358,0.0016620159149169922,0.211,49.2
3359,0.0016109943389892578,0.211,48.800000000000004
3360,0.0006670951843261719,0.211,48.0
3361,0.0017960071563720703,0.211,47.6
3362,0.0015685558319091797,0.211,47.2
3363,0.0006315708160400391,0.211,46.400000000000006
3364,0.002103567123413086,0.211,46.0
3365,0.0016295909881591797,0.211,45.6
3366,0.0010297298431396484,0.211,44.800000000000004
3367,0.0008800029754638672,0.211,44.400000000000006
3368,0.0021440982818603516,0.211,44.0
3369,0.0021202564239501953,0.211,43.2
3370,0.0007331371307373047,0.211,42.800000000000004
3371,0.002234220504760742,0.211,42.400000000000006
3372,0.0010943412780761719,0.211,42.0
3373,0.0016477108001708984,0.211,41.6
3374,0.0015990734100341797,0.211,41.2
3375,0.0007832050323486328,0.211,40.800000000000004
3376,0.002444028854370117,0.211,40.400000000000006
3377,0.0013189315795898438,0.211,40.400000000000006
3378,0.00047516822814941406,0.213,40.0
3379,0.0005068778991699219,0.213,40.0
3380,0.002318143844604492,0.213,39.6
3381,0.0009815692901611328,0.213,39.6
3382,0.0018489360809326172,0.213,39.6
3383,0.0009670257568359375,0.213,39.2
3384,0.0019147396087646484,0.213,39.2
3385,0.0014371871948242188,0.213,39.2
3386,0.00075531005859375,0.213,39.2
3387,0.0017099380493164062,0.213,39.6
3388,0.0008966922760009766,0.213,39.6
3389,0.001127004623413086,0.216,39.6
3390,0.001550912857055664,0.216,40.0
3391,0.0017614364624023438,0.216,40.0
3392,0.0009968280792236328,0.216,40.400000000000006
3393,0.0017538070678710938,0.216,40.800000000000004
3394,0.0006663799285888672,0.218,41.2
3395,0.0009012222290039062,0.218,41.6
3396,0.001669168472290039,0.218,42.0
3397,0.0008122920989990234,0.218,42.400000000000006
3398,0.0015354156494140625,0.218,42.800000000000004
3399,0.0015354156494140625,0.218,42.800000000000004
3400,0.0017125606536865234,0.218,43.2
3401,0.0015137195587158203,0.218,43.6
3402,0.00023293495178222656,0.218,44.400000000000006
3403,0.001081705093383789,0.218,44.800000000000004
3404,0.0008451938629150391,0.218,45.2
3405,0.0008769035339355469,0.218,46.0
3406,0.0017175674438476562,0.218,46.400000000000006
3407,0.0012362003326416016,0.218,47.2
3408,0.0013434886932373047,0.218,47.6
3409,0.002162933349609375,0.218,48.400000000000006
3410,0.0019674301147460938,0.218,48.800000000000004
3411,0.0019741058349609375,0.218,49.6
3412,0.0018544197082519531,0.218,50.0
3413,0.002439737319946289,0.218,50.800000000000004
3414,0.001865386962890625,0.218,51.2
3415,0.002198457717895508,0.218,51.6
3416,0.0019009113311767578,0.218,52.400000000000006
3417,0.0022301673889160156,0.218,52.800000000000004
3418,0.002003908157348633,0.218,53.2
3419,0.002165555953979492,0.218,54.0
3420,0.0013706684112548828,0.218,54.400000000000006
3421,0.0013685226440429688,0.218,54.800000000000004
3422,0.0017397403717041016,0.218,55.2
3423,0.0018205642700195312,0.218,55.2
3424,0.0017681121826171875,0.218,55.6
3425,0.0018842220306396484,0.218,56.0
3426,0.0018434524536132812,0.218,56.0
3427,0.0020203590393066406,0.218,56.400000000000006
3428,0.0017766952514648438,0.218,56.400000000000006
3429,0.0022666454315185547,0.218,56.400000000000006
3430,0.0016863346099853516,0.218,56.800000000000004
3431,0.00164794921875,0.218,56.800000000000004
3432,0.0020263195037841797,0.218,56.800000000000004
3433,0.001981496810913086,0.218,56.400000000000006
3434,0.00188446044921875,0.218,56.400000000000006
3435,0.0017843246459960938,0.218,56.400000000000006
3436,0.0017452239990234375,0.218,56.0
3437,0.0011799335479736328,0.218,56.0
3438,0.0012018680572509766,0.218,55.6
3439,0.0013775825500488281,0.218,55.6
3440,0.0008645057678222656,0.218,55.2
3441,0.0018074512481689453,0.218,54.800000000000004
3442,0.0006263256072998047,0.218,54.400000000000006
3443,0.001903533935546875,0.218,54.0
3444,0.0018854141235351562,0.218,53.6
3445,0.001149892807006836,0.218,53.2
3446,0.0006124973297119141,0.218,52.800000000000004
3447,0.0024595260620117188,0.218,52.400000000000006
3448,0.0006368160247802734,0.218,52.0
3449,0.0017256736755371094,0.218,51.6
3450,0.0019233226776123047,0.218,51.2
3451,0.0015747547149658203,0.218,50.400000000000006
3452,0.0019769668579101562,0.218,50.0
3453,0.0011870861053466797,0.218,49.6
3454,0.001779317855834961,0.218,49.2
3455,0.001821756362915039,0.218,48.400000000000006
3456,0.001394510269165039,0.218,48.0
3457,0.0010900497436523438,0.218,47.6
3458,0.0010917186737060547,0.218,47.2
3459,0.0019545555114746094,0.218,46.400000000000006
3460,0.0017080307006835938,0.218,46.0
3461,0.0007746219635009766,0.218,45.6
3462,0.002208709716796875,0.218,45.2
3463,0.001241445541381836,0.218,44.800000000000004
3464,0.001842498779296875,0.218,44.400000000000006
3465,0.000766754150390625,0.218,44.0
3466,0.0019004344940185547,0.218,43.6
3467,0.0019528865814208984,0.218,43.6
3468,0.0018651485443115234,0.218,43.2
3469,0.0014407634735107422,0.218,42.800000000000004
3470,0.0019321441650390625,0.218,42.800000000000004
3471,0.0007925033569335938,0.218,42.800000000000004
3472,0.0019614696502685547,0.218,42.400000000000006
3473,0.002188444137573242,0.218,42.400000000000006
3474,0.001486063003540039,0.218,42.400000000000006
3475,0.0007803440093994141,0.213,42.400000000000006
3476,0.0006382465362548828,0.213,42.400000000000006
3477,0.0005424022674560547,0.209,42.400000000000006
3478,0.00025534629821777344,0.207,42.400000000000006
3479,0.00025463104248046875,0.203,42.400000000000006
3480,0.0003600120544433594,0.196,42.800000000000004
3481,0.0005018711090087891,0.192,42.800000000000004
3482,0.0005042552947998047,0.183,42.800000000000004
3483,0.0004611015319824219,0.177,43.2
3484,0.0004878044128417969,0.168,43.2
3485,0.0002620220184326172,0.164,43.6
3486,0.00048160552978515625,0.159,43.6
3487,0.0004963874816894531,0.155,44.0
3488,0.0005345344543457031,0.153,44.0
3489,0.000583648681640625,0.147,44.0
3490,0.0004527568817138672,0.14,44.0
3491,0.0004858970642089844,0.136,43.6
3492,0.0004870891571044922,0.131,43.6
3493,0.0006422996520996094,0.129,43.2
3494,0.0004658699035644531,0.123,42.800000000000004
3495,0.0004620552062988281,0.121,42.400000000000006
3496,0.0005221366882324219,0.116,41.6
3497,0.0004916191101074219,0.112,40.800000000000004
3498,0.0006372928619384766,0.112,39.6
3499,0.0005354881286621094,0.11,38.800000000000004
3500,0.0004875659942626953,0.106,37.6
3501,0.00034999847412109375,0.101,36.4
3502,0.0005123615264892578,0.097,34.800000000000004
3503,0.0009284019470214844,0.095,33.2
3504,0.0005130767822265625,0.091,31.6
3505,0.0005936622619628906,0.088,29.6
3506,0.0008416175842285156,0.084,28.0
3507,0.0005829334259033203,0.084,26.0
3508,0.0008928775787353516,0.08,24.0
3509,0.0009829998016357422,0.078,22.0
3510,0.0009067058563232422,0.071,19.6
3511,0.00045108795166015625,0.065,17.6
3512,0.0005662441253662109,0.06,15.200000000000001
3513,0.0003345012664794922,0.058,12.8
3514,0.0007805824279785156,0.058,10.8
3515,0.0005304813385009766,0.054,8.4
3516,0.0004355907440185547,0.05,6.0
3517,0.0003559589385986328,0.045,4.0
3518,0.0005133152008056641,0.039,1.6
3519,0.0006761550903320312,0.037,-0.4
3520,0.00040984153747558594,0.034,-2.4000000000000004
3521,0.0005748271942138672,0.034,-4.4
3522,0.0007455348968505859,0.032,-6.4
3523,0.0009233951568603516,0.032,-8.4
3524,0.0005564689636230469,0.028,-10.0
3525,0.0004870891571044922,0.028,-11.600000000000001
3526,0.0004870891571044922,0.026,-11.600000000000001
3527,0.0003497600555419922,0.022,-12.8
3528,0.0006768703460693359,0.019,-14.4
3529,0.0005488395690917969,0.017,-15.600000000000001
3530,0.0009572505950927734,0.013,-16.400000000000002
3531,0.0004601478576660156,0.009,-17.2
3532,0.00043392181396484375,0.004,-18.0
3533,0.0005729198455810547,0.004,-18.8
3534,0.0008292198181152344,0.004,-19.200000000000003
3535,0.0007941722869873047,0.004,-19.200000000000003
3536,0.001749277114868164,0.004,-19.200000000000003
3537,0.0007555484771728516,0.004,-19.200000000000003
3538,0.0013401508331298828,0.004,-19.200000000000003
3539,0.0020236968994140625,0.004,-18.8
3540,0.0007646083831787109,0.004,-18.0
3541,0.0018596649169921875,0.004,-17.6
3542,0.0006821155548095703,0.004,-16.8
3543,0.0006017684936523438,0.004,-15.600000000000001
3544,0.0005826950073242188,0.004,-14.8
3545,0.0018312931060791016,0.004,-13.600000000000001
3546,0.0007145404815673828,0.004,-12.0
3547,0.002013683319091797,0.004,-10.8
3548,0.0006558895111083984,0.004,-9.200000000000001
3549,0.0023882389068603516,0.004,-7.6000000000000005
3550,0.0015799999237060547,0.004,-6.0
3551,0.00063323974609375,0.004,-4.4
3552,0.0018665790557861328,0.004,-2.8000000000000003
3553,0.0006284713745117188,0.004,-1.2000000000000002
3554,0.002160310745239258,0.004,0.4
3555,0.0005745887756347656,0.004,2.4000000000000004
3556,0.0022563934326171875,0.004,4.0
3557,0.0004634857177734375,0.004,5.6000000000000005
3558,0.0007891654968261719,0.004,7.2
3559,0.0012018680572509766,0.004,8.8
3560,0.0009446144104003906,0.004,10.0
3561,0.0009531974792480469,0.004,11.600000000000001
3562,0.0005345344543457031,0.004,12.8
3563,0.000514984130859375,0.004,14.0
3564,0.0004379749298095703,0.004,15.200000000000001
3565,0.00031113624572753906,0.004,16.0
3566,0.0005795955657958984,0.004,16.8
3567,0.0005040168762207031,0.004,17.6
3568,0.0005102157592773438,0.004,18.0
3569,0.0003001689910888672,0.004,18.400000000000002
3570,0.0010542869567871094,0.004,18.400000000000002
3571,0.0007414817810058594,0.004,18.8
3572,0.0005154609680175781,0.004,18.400000000000002
3573,0.0019817352294921875,0.004,18.400000000000002
3574,0.0007307529449462891,0.004,18.0
3575,0.001985311508178711,0.004,17.6
3576,0.0006725788116455078,0.004,16.8
3577,0.0016436576843261719,0.004,16.0
3578,0.0005421638488769531,0.004,15.200000000000001
3579,0.0006639957427978516,0.004,14.0
3580,0.0006561279296875,0.004,13.200000000000001
3581,0.0005633831024169922,0.004,11.600000000000001
3582,0.000492095947265625,0.004,10.4
3583,0.0005142688751220703,0.004,9.200000000000001
3584,0.0005586147308349609,0.004,7.6000000000000005
3585,0.0005295276641845703,0.004,6.0
3586,0.00037670135498046875,0.004,4.4
3587,0.0005974769592285156,0.004,2.8000000000000003
3588,0.0006396770477294922,0.004,1.2000000000000002
3589,0.0009489059448242188,0.004,-0.4
3590,0.0016493797302246094,0.004,-2.0
3591,0.0012557506561279297,0.004,-3.6
3592,0.001992464065551758,0.004,-5.2
3593,0.0007786750793457031,0.004,-6.800000000000001
3594,0.0005717277526855469,0.004,-8.4
3595,0.0004048347473144531,0.004,-9.600000000000001
3596,0.00047779083251953125,0.004,-11.200000000000001
3597,0.00047898292541503906,0.004,-12.4
3598,0.0004897117614746094,0.004,-13.200000000000001
3599,0.0016334056854248047,0.004,-14.4
3600,0.0008349418640136719,0.004,-15.200000000000001
3601,0.0014758110046386719,0.004,-16.0
3602,0.0006582736968994141,0.004,-16.8
3603,0.0018725395202636719,0.004,-17.2
3604,0.0006008148193359375,0.004,-17.6
3605,0.002003192901611328,0.004,-18.0
3606,0.0018324851989746094,0.004,-18.0
3607,0.0017964839935302734,0.004,-18.0
3608,0.0005981922149658203,0.004,-17.6
3609,0.0019159317016601562,0.004,-17.2
3610,0.0006051063537597656,0.004,-16.8
3611,0.0018358230590820312,0.004,-16.400000000000002
3612,0.0012636184692382812,0.004,-15.600000000000001
3613,0.0012476444244384766,0.004,-14.8
3614,0.001840829849243164,0.004,-13.600000000000001
3615,0.0007047653198242188,0.004,-12.8
3616,0.0021126270294189453,0.004,-11.600000000000001
3617,0.0006268024444580078,0.004,-10.0
3618,0.0020546913146972656,0.004,-8.8
3619,0.001615762710571289,0.004,-7.2
3620,0.0013175010681152344,0.004,-6.0
3621,0.0008451938629150391,0.004,-4.4
3622,0.0017271041870117188,0.004,-2.8000000000000003
3623,0.0007207393646240234,0.004,-1.2000000000000002
3624,0.0017511844635009766,0.004,0.4
3625,0.0006091594696044922,0.004,2.0
3626,0.0020394325256347656,0.004,3.6
3627,0.0019578933715820312,0.004,4.800000000000001
3628,0.0016644001007080078,0.004,6.4
3629,0.0006506443023681641,0.004,8.0
3630,0.001943826675415039,0.004,9.200000000000001
3631,0.0018739700317382812,0.004,10.4
3632,0.0018956661224365234,0.004,11.600000000000001
3633,0.0018439292907714844,0.004,12.8
3634,0.0018858909606933594,0.004,14.0
3635,0.0006518363952636719,0.004,14.8
3636,0.0015745162963867188,0.004,15.600000000000001
3637,0.0006349086761474609,0.004,16.0
3638,0.002596139907836914,0.004,16.8
3639,0.001676797866821289,0.004,17.2
3640,0.0006566047668457031,0.004,17.2
3641,0.002078533172607422,0.004,17.2
3642,0.0006284713745117188,0.004,17.2
3643,0.0017828941345214844,0.004,16.8
3644,0.0006155967712402344,0.004,16.400000000000002
3645,0.0018405914306640625,0.004,15.600000000000001
3646,0.0005743503570556641,0.004,15.200000000000001
3647,0.0018227100372314453,0.004,14.4
3648,0.0006113052368164062,0.004,13.200000000000001
3649,0.0021767616271972656,0.004,12.4
3650,0.0005893707275390625,0.004,11.200000000000001
3651,0.0020554065704345703,0.004,10.0
3652,0.0005707740783691406,0.004,8.4
3653,0.0020694732666015625,0.004,7.2
3654,0.0018033981323242188,0.004,6.0
3655,0.0005595684051513672,0.004,4.4
3656,0.0012450218200683594,0.004,2.8000000000000003
3657,0.0006425380706787109,0.004,1.2000000000000002
3658,0.002164125442504883,0.004,0.0
3659,0.002056121826171875,0.004,-1.6
3660,0.0006222724914550781,0.004,-3.2
3661,0.002110004425048828,0.004,-4.800000000000001
3662,0.0019783973693847656,0.004,-6.0
3663,0.0006494522094726562,0.004,-7.6000000000000005
3664,0.0014853477478027344,0.004,-8.8
3665,0.0007755756378173828,0.004,-10.0
3666,0.0012629032135009766,0.004,-11.200000000000001
3667,0.0005691051483154297,0.004,-12.4
3668,0.001260519027709961,0.004,-13.200000000000001
3669,0.00092315673828125,0.004,-14.0
3670,0.0008161067962646484,0.004,-14.8
3671,0.0006706714630126953,0.004,-15.600000000000001
3672,0.0009496212005615234,0.004,-16.0
3673,0.0007612705230712891,0.004,-16.400000000000002
3674,0.0005640983581542969,0.004,-16.400000000000002
3675,0.0020461082458496094,0.004,-16.8
3676,0.0007500648498535156,0.004,-16.8
3677,0.002408742904663086,0.004,-16.400000000000002
3678,0.0006604194641113281,0.004,-16.0
3679,0.0019931793212890625,0.004,-15.600000000000001
3680,0.001519918441772461,0.004,-15.200000000000001
3681,0.0015492439270019531,0.004,-14.4
3682,0.0019648075103759766,0.004,-13.600000000000001
3683,0.0022470951080322266,0.004,-12.8
3684,0.0008423328399658203,0.004,-12.0
3685,0.0004696846008300781,0.004,-10.8
3686,0.0014505386352539062,0.004,-9.600000000000001
3687,0.0005748271942138672,0.0,-8.4
3688,0.0005953311920166016,0.0,-7.2
3689,0.0005953311920166016,0.0,-7.2
3690,0.0006079673767089844,0.0,-5.6000000000000005
3691,0.0006554126739501953,0.0,-4.4
3692,0.0011718273162841797,0.0,-2.8000000000000003
3693,0.0007927417755126953,0.0,-1.2000000000000002
3694,0.0005180835723876953,0.0,0.0
3695,0.0019407272338867188,0.0,1.6
3696,0.000978708267211914,0.0,3.2
3697,0.0013415813446044922,0.0,4.4
3698,0.0020303726196289062,0.0,6.0
3699,0.0012407302856445312,0.0,7.2
3700,0.00042176246643066406,0.0,8.4
3701,0.0006272792816162109,0.0,9.600000000000001
3702,0.0005984306335449219,0.0,10.8
3703,0.00047326087951660156,0.0,12.0
3704,0.0007114410400390625,0.0,12.8
3705,0.0005054473876953125,0.0,13.600000000000001
3706,0.0019347667694091797,0.0,14.4
3707,0.002096414566040039,0.0,14.8
3708,0.0017805099487304688,0.0,15.200000000000001
3709,0.00093841552734375,0.0,15.600000000000001
3710,0.001861572265625,0.0,16.0
3711,0.0007746219635009766,0.0,16.0
3712,0.0009033679962158203,0.0,16.0
3713,0.0016872882843017578,0.0,16.0
3714,0.002054929733276367,0.0,15.600000000000001
3715,0.0008733272552490234,0.0,15.200000000000001
3716,0.0022013187408447266,0.0,14.8
3717,0.0012862682342529297,0.0,14.0
3718,0.0007519721984863281,0.0,13.200000000000001
3719,0.0017468929290771484,0.0,12.4
3720,0.0010771751403808594,0.0,11.600000000000001
3721,0.0014002323150634766,0.0,10.4
3722,0.0017521381378173828,0.0,9.200000000000001
3723,0.0007061958312988281,0.0,8.0
3724,0.0020759105682373047,0.0,6.800000000000001
3725,0.0006620883941650391,0.0,5.6000000000000005
3726,0.0020830631256103516,0.0,4.0
3727,0.002004384994506836,0.0,2.8000000000000003
3728,0.0004324913024902344,0.0,1.2000000000000002
3729,0.0005161762237548828,0.0,0.0
3730,0.0002582073211669922,0.0,-1.6
3731,0.0006930828094482422,0.0,-2.8000000000000003
3732,0.0004258155822753906,0.0,-4.4
3733,0.0005738735198974609,0.0,-5.6000000000000005
3734,0.0006532669067382812,0.0,-6.800000000000001
3735,0.0005929470062255859,0.0,-8.0
3736,0.0018990039825439453,0.0,-9.200000000000001
3737,0.0007450580596923828,0.0,-10.4
3738,0.0020160675048828125,0.0,-11.600000000000001
3739,0.002104043960571289,0.0,-12.4
3740,0.0017211437225341797,0.0,-13.200000000000001
3741,0.0019452571868896484,0.0,-14.0
3742,0.0014183521270751953,0.0,-14.4
3743,0.0017206668853759766,0.0,-14.8
3744,0.0006742477416992188,0.0,-15.200000000000001
3745,0.0018575191497802734,0.0,-15.600000000000001
3746,0.0006701946258544922,0.0,-15.600000000000001
3747,0.0010788440704345703,0.0,-15.600000000000001
3748,0.0018012523651123047,0.0,-15.200000000000001
3749,0.0006101131439208984,0.0,-15.200000000000001
3750,0.0012192726135253906,0.0,-14.8
3751,0.0005924701690673828,0.0,-14.0
3752,0.0012350082397460938,0.0,-13.600000000000001
3753,0.0006334781646728516,0.0,-12.8
3754,0.0019447803497314453,0.0,-12.0
3755,0.0005853176116943359,0.0,-11.200000000000001
3756,0.0019354820251464844,0.0,-10.0
3757,0.0005626678466796875,0.0,-8.8
3758,0.0018284320831298828,0.0,-7.6000000000000005
3759,0.001837015151977539,0.0,-6.4
3760,0.0006163120269775391,0.0,-5.2
3761,0.0018298625946044922,0.0,-4.0
3762,0.0006327629089355469,0.0,-2.8000000000000003
3763,0.0019059181213378906,0.0,-1.2000000000000002
3764,0.0005626678466796875,0.0,0.0
3765,0.002240896224975586,0.0,1.6
3766,0.0006110668182373047,0.0,2.8000000000000003
3767,0.0020301342010498047,0.0,4.0
3768,0.0018944740295410156,0.0,5.6000000000000005
3769,0.0005781650543212891,0.0,6.800000000000001
3770,0.0018773078918457031,0.0,8.0
3771,0.0019168853759765625,0.0,9.200000000000001
3772,0.0009050369262695312,0.0,10.0
3773,0.0015368461608886719,0.0,11.200000000000001
3774,0.000484466552734375,0.0,12.0
3775,0.0021162033081054688,0.0,12.8
3776,0.001901388168334961,0.0,13.200000000000001
3777,0.0006301403045654297,0.0,14.0
3778,0.0016505718231201172,0.0,14.4
3779,0.0006492137908935547,0.0,14.8
3780,0.0018494129180908203,0.0,14.8
3781,0.002318143844604492,0.0,14.8
3782,0.0006465911865234375,0.0,14.8
3783,0.001873016357421875,0.0,14.8
3784,0.0006318092346191406,0.0,14.4
3785,0.002034425735473633,0.0,14.0
3786,0.0019474029541015625,0.0,13.600000000000001
3787,0.0019674301147460938,0.0,13.200000000000001
3788,0.001253366470336914,0.0,12.4
3789,0.0018992424011230469,0.0,11.600000000000001
3790,0.0006494522094726562,0.0,10.8
3791,0.0019855499267578125,0.0,9.600000000000001
3792,0.0006093978881835938,0.0,8.8
3793,0.0023539066314697266,0.0,7.6000000000000005
3794,0.0016632080078125,0.0,6.4
3795,0.0006389617919921875,0.0,5.2
3796,0.0017573833465576172,0.0,3.6
3797,0.0006048679351806641,0.0,2.4000000000000004
3798,0.0020852088928222656,0.0,1.2000000000000002
3799,0.000598907470703125,0.0,0.0
3800,0.0019524097442626953,0.0,-1.6
3801,0.0005848407745361328,0.0,-2.8000000000000003
3802,0.002042531967163086,0.0,-4.0
3803,0.001943826675415039,0.0,-5.2
3804,0.0012345314025878906,0.0,-6.4
3805,0.002193450927734375,0.0,-7.6000000000000005
3806,0.0011849403381347656,0.0,-8.8
3807,0.0005900859832763672,0.0,-9.600000000000001
3808,0.002644777297973633,0.0,-10.8
3809,0.0006442070007324219,0.0,-11.600000000000001
3810,0.0022020339965820312,0.0,-12.4
3811,0.0006084442138671875,0.0,-12.8
3812,0.0021402835845947266,0.0,-13.600000000000001
3813,0.0005934238433837891,0.0,-14.0
3814,0.0022916793823242188,0.0,-14.0
3815,0.0005931854248046875,0.0,-14.4
3816,0.001931905746459961,0.0,-14.4
3817,0.0005745887756347656,0.0,-14.4
3818,0.0004906654357910156,0.0,-14.4
3819,0.0012595653533935547,0.0,-14.0
3820,0.0016937255859375,0.0,-13.600000000000001
3821,0.000743865966796875,0.0,-13.200000000000001
3822,0.002012014389038086,0.0,-12.4
3823,0.0008068084716796875,0.0,-12.0
3824,0.0019404888153076172,0.0,-11.200000000000001
3825,0.0018169879913330078,0.0,-10.4
3826,0.0016760826110839844,0.0,-9.200000000000001
3827,0.0022270679473876953,0.0,-8.4
3828,0.0017979145050048828,0.0,-7.2
3829,0.0006511211395263672,0.0,-6.0
3830,0.001901388168334961,0.0,-4.800000000000001
3831,0.0006151199340820312,0.0,-3.6
3832,0.0016431808471679688,0.0,-2.4000000000000004
3833,0.000637054443359375,0.0,-1.2000000000000002
3834,0.0015604496002197266,0.0,0.0
3835,0.00226593017578125,0.0,1.6
3836,0.0011646747589111328,0.0,2.8000000000000003
3837,0.001959085464477539,0.0,4.0
3838,0.0019741058349609375,0.0,5.2
3839,0.0019066333770751953,0.0,6.4
3840,0.0022199153900146484,0.0,7.6000000000000005
3841,0.0022199153900146484,0.0,7.6000000000000005
3842,0.002066373825073242,0.0,8.4
3843,0.0006878376007080078,0.0,9.600000000000001
3844,0.0017592906951904297,0.0,10.4
3845,0.002012014389038086,0.0,11.200000000000001
3846,0.0006468296051025391,0.0,12.0
3847,0.002009153366088867,0.0,12.4
3848,0.0006155967712402344,0.0,12.8
3849,0.0019426345825195312,0.0,13.200000000000001
3850,0.0014660358428955078,0.0,13.600000000000001
3851,0.0006060600280761719,0.0,14.0
3852,0.0012328624725341797,0.0,14.0
3853,0.0006473064422607422,0.0,14.0
3854,0.0020236968994140625,0.0,13.600000000000001
3855,0.0006072521209716797,0.0,13.600000000000001
3856,0.0012462139129638672,0.0,13.200000000000001
3857,0.0005741119384765625,0.0,12.8
3858,0.0026810169219970703,0.0,12.0
3859,0.0005881786346435547,0.0,11.600000000000001
3860,0.0014791488647460938,0.0,10.8
3861,0.001566171646118164,0.0,10.0
3862,0.001489877700805664,0.0,8.8
3863,0.0018796920776367188,0.0,8.0
3864,0.0006361007690429688,0.0,6.800000000000001
3865,0.0016150474548339844,0.0,5.6000000000000005
3866,0.0006330013275146484,0.0,4.800000000000001
3867,0.001550436019897461,0.0,3.6
3868,0.0013451576232910156,0.0,2.4000000000000004
3869,0.0025212764739990234,0.0,1.2000000000000002
3870,0.001943349838256836,0.0,-0.4
3871,0.0016295909881591797,0.0,-1.6
3872,0.002226114273071289,0.0,-2.8000000000000003
3873,0.0015745162963867188,0.0,-4.0
3874,0.0011501312255859375,0.0,-5.2
3875,0.002131938934326172,0.0,-6.0
3876,0.0006873607635498047,0.0,-7.2
3877,0.0019328594207763672,0.0,-8.0
3878,0.0018982887268066406,0.0,-9.200000000000001
3879,0.0019195079803466797,0.0,-10.0
3880,0.0006499290466308594,0.0,-10.8
3881,0.0021677017211914062,0.0,-11.600000000000001
3882,0.0018684864044189453,0.0,-12.0
3883,0.0018610954284667969,0.0,-12.4
3884,0.0014612674713134766,0.0,-12.8
3885,0.001979351043701172,0.0,-13.200000000000001
3886,0.0014133453369140625,0.0,-13.200000000000001
3887,0.0006456375122070312,0.0,-13.600000000000001
3888,0.0016283988952636719,0.0,-13.600000000000001
3889,0.0006136894226074219,0.0,-13.200000000000001
3890,0.002240419387817383,0.0,-13.200000000000001
3891,0.0014529228210449219,0.0,-12.8
3892,0.0005872249603271484,0.0,-12.4
3893,0.0012116432189941406,0.0,-11.600000000000001
3894,0.0005795955657958984,0.0,-11.200000000000001
3895,0.0019443035125732422,0.0,-10.4
3896,0.0006258487701416016,0.0,-9.600000000000001
3897,0.0019161701202392578,0.0,-8.4
3898,0.001340627670288086,0.0,-7.6000000000000005
3899,0.00063323974609375,0.0,-6.4
3900,0.002073049545288086,0.0,-5.6000000000000005
3901,0.0005578994750976562,0.0,-4.4
3902,0.0016281604766845703,0.0,-3.2
3903,0.0006234645843505859,0.0,-2.0
3904,0.0018162727355957031,0.0,-0.8
3905,0.0005970001220703125,0.0,0.4
3906,0.001222848892211914,0.0,1.6
3907,0.000568389892578125,0.0,2.8000000000000003
3908,0.001867055892944336,0.0,4.0
3909,0.0005543231964111328,0.0,4.800000000000001
3910,0.0020432472229003906,0.0,6.0
3911,0.0006074905395507812,0.0,7.2
3912,0.002097606658935547,0.0,8.0
3913,0.0006735324859619141,0.0,8.8
3914,0.002389192581176758,0.0,9.600000000000001
3915,0.0006315708160400391,0.0,10.4
3916,0.002048015594482422,0.0,11.200000000000001
3917,0.0015652179718017578,0.0,11.600000000000001
3918,0.00171661376953125,0.0,12.0
3919,0.0007920265197753906,0.0,12.4
3920,0.0020020008087158203,0.0,12.8
3921,0.0007152557373046875,0.0,12.8
3922,0.0016865730285644531,0.0,12.8
3923,0.0006649494171142578,0.0,12.8
3924,0.0015132427215576172,0.0,12.8
3925,0.001833200454711914,0.0,12.4
3926,0.0006163120269775391,0.0,12.4
3927,0.0017549991607666016,0.0,11.600000000000001
3928,0.0006406307220458984,0.0,11.200000000000001
3929,0.0013704299926757812,0.0,10.4
3930,0.001375436782836914,0.0,10.0
3931,0.0006227493286132812,0.0,9.200000000000001
3932,0.002009153366088867,0.0,8.4
3933,0.0019669532775878906,0.0,7.2
3934,0.0006730556488037109,0.0,6.4
3935,0.001516580581665039,0.0,5.2
3936,0.0006303787231445312,0.0,4.0
3937,0.002038240432739258,0.0,3.2
3938,0.0006239414215087891,0.0,2.0
3939,0.0020415782928466797,0.0,0.8
3940,0.0005924701690673828,0.0,-0.4
3941,0.0015952587127685547,0.0,-1.6
3942,0.001535654067993164,0.0,-2.8000000000000003
3943,0.0005736351013183594,0.0,-3.6
3944,0.0022008419036865234,0.0,-4.800000000000001
3945,0.0014941692352294922,0.0,-6.0
3946,0.0011272430419921875,0.0,-6.800000000000001
3947,0.0005815029144287109,0.0,-7.6000000000000005
3948,0.0023469924926757812,0.0,-8.8
3949,0.0005710124969482422,0.0,-9.200000000000001
3950,0.0019047260284423828,0.0,-10.0
3951,0.0005674362182617188,0.0,-10.8
3952,0.0012421607971191406,0.0,-11.200000000000001
3953,0.0005843639373779297,0.0,-11.600000000000001
3954,0.0016760826110839844,0.0,-12.0
3955,0.0005948543548583984,0.0,-12.4
3956,0.002441883087158203,0.0,-12.4
3957,0.0005896091461181641,0.0,-12.4
3958,0.0019316673278808594,0.0,-12.4
3959,0.0017535686492919922,0.0,-12.4
3960,0.0006597042083740234,0.0,-12.0
3961,0.0017771720886230469,0.0,-11.600000000000001
3962,0.0005891323089599609,0.0,-11.200000000000001
3963,0.001293182373046875,0.0,-10.8
3964,0.0006306171417236328,0.0,-10.0
3965,0.0012364387512207031,0.0,-9.600000000000001
3966,0.0005624294281005859,0.0,-8.8
3967,0.0024793148040771484,0.0,-8.0
3968,0.0018935203552246094,0.0,-6.800000000000001
3969,0.0005660057067871094,0.0,-6.0
3970,0.001898050308227539,0.0,-4.800000000000001
3971,0.0019195079803466797,0.0,-4.0
3972,0.0007252693176269531,0.0,-2.8000000000000003
3973,0.0020530223846435547,0.0,-1.6
3974,0.001798391342163086,0.0,-0.8
3975,0.0006310939788818359,0.0,0.4
3976,0.0012199878692626953,0.0,1.6
3977,0.0005769729614257812,0.0,2.8000000000000003
3978,0.0020966529846191406,0.0,3.6
3979,0.0005953311920166016,0.0,4.800000000000001
3980,0.001566171646118164,0.0,5.6000000000000005
3981,0.0018641948699951172,0.0,6.800000000000001
3982,0.0006229877471923828,0.0,7.6000000000000005
3983,0.002119302749633789,0.0,8.4
3984,0.0006344318389892578,0.0,9.200000000000001
3985,0.0012235641479492188,0.0,10.0
3986,0.0007927417755126953,0.0,10.4
3987,0.00125885009765625,0.0,10.8
3988,0.0017981529235839844,0.0,11.200000000000001
3989,0.0006549358367919922,0.0,11.600000000000001
3990,0.0015139579772949219,0.0,12.0
3991,0.0015139579772949219,0.0,12.0
3992,0.0017800331115722656,0.0,12.0
3993,0.00151824951171875,0.0,12.0
3994,0.0005977153778076172,0.0,12.0
3995,0.002042055130004883,0.0,12.0
3996,0.001600027084350586,0.0,11.600000000000001
3997,0.0005595684051513672,0.0,11.200000000000001
3998,0.002034425735473633,0.0,10.8
3999,0.0006060600280761719,0.0,10.4
4000,0.0016846656799316406,0.0,9.600000000000001
4001,0.0005881786346435547,0.0,9.200000000000001
4002,0.0017344951629638672,0.0,8.4
4003,0.0006048679351806641,0.0,7.6000000000000005
4004,0.0012123584747314453,0.0,6.800000000000001
4005,0.0011415481567382812,0.0,5.6000000000000005
4006,0.0005896091461181641,0.0,4.800000000000001
4007,0.0017809867858886719,0.0,3.6
4008,0.0006194114685058594,0.0,2.8000000000000003
4009,0.0012280941009521484,0.0,1.6
4010,0.0005586147308349609,0.0,0.4
4011,0.0018804073333740234,0.0,-0.4
4012,0.0005857944488525391,0.0,-1.6
4013,0.0022361278533935547,0.0,-2.8000000000000003
4014,0.0014345645904541016,0.0,-3.6
4015,0.0011146068572998047,0.0,-4.800000000000001
4016,0.0005674362182617188,0.0,-5.6000000000000005
4017,0.002124786376953125,0.0,-6.4
4018,0.0007197856903076172,0.0,-7.2
4019,0.0021483898162841797,0.0,-8.0
4020,0.0016520023345947266,0.0,-8.8
4021,0.0015382766723632812,0.0,-9.600000000000001
4022,0.0008778572082519531,0.0,-10.0
4023,0.0018570423126220703,0.0,-10.4
4024,0.0021698474884033203,0.0,-10.8
4025,0.0007486343383789062,0.0,-11.200000000000001
4026,0.001786947250366211,0.0,-11.600000000000001
4027,0.0011420249938964844,0.0,-11.600000000000001
4028,0.0006921291351318359,0.0,-11.600000000000001
4029,0.0021326541900634766,0.0,-11.600000000000001
4030,0.0004696846008300781,0.0,-11.600000000000001
4031,0.0020818710327148438,0.0,-11.200000000000001
4032,0.0006239414215087891,0.0,-10.8
4033,0.0018551349639892578,0.0,-10.4
4034,0.0006072521209716797,0.0,-10.0
4035,0.0021097660064697266,0.0,-9.200000000000001
4036,0.0014412403106689453,0.0,-8.8
4037,0.0019335746765136719,0.0,-8.0
4038,0.0007126331329345703,0.0,-7.2
4039,0.0018193721771240234,0.0,-6.4
4040,0.0014796257019042969,0.0,-5.2
4041,0.0019791126251220703,0.0,-4.4
4042,0.0006144046783447266,0.0,-3.6
4043,0.001697540283203125,0.0,-2.4000000000000004
4044,0.0005724430084228516,0.0,-1.6
4045,0.0012943744659423828,0.0,-0.4
4046,0.0005893707275390625,0.0,0.8
4047,0.0012407302856445312,0.0,1.6
4048,0.0015492439270019531,0.0,2.8000000000000003
4049,0.0005991458892822266,0.0,3.6
4050,0.0020935535430908203,0.0,4.4
4051,0.0006787776947021484,0.0,5.6000000000000005
4052,0.0019812583923339844,0.0,6.4
4053,0.0006315708160400391,0.0,7.2
4054,0.0019087791442871094,0.0,8.0
4055,0.0005586147308349609,0.0,8.8
4056,0.00124359130859375,0.0,9.200000000000001
4057,0.0006337165832519531,0.0,9.600000000000001
4058,0.002096891403198242,0.0,10.4
4059,0.0005812644958496094,0.0,10.8
4060,0.0018587112426757812,0.0,10.8
4061,0.0005650520324707031,0.0,11.200000000000001
4062,0.0023272037506103516,0.0,11.200000000000001
4063,0.0018811225891113281,0.0,11.200000000000001
4064,0.0022563934326171875,0.0,11.200000000000001
4065,0.0018396377563476562,0.0,11.200000000000001
4066,0.0020720958709716797,0.0,10.8
4067,0.0005915164947509766,0.0,10.4
4068,0.001947164535522461,0.0,10.0
4069,0.001985788345336914,0.0,9.600000000000001
4070,0.0005810260772705078,0.0,8.8
4071,0.0015692710876464844,0.0,8.4
4072,0.0006933212280273438,0.0,7.6000000000000005
4073,0.001537322998046875,0.0,6.800000000000001
4074,0.0006396770477294922,0.0,6.0
4075,0.0018193721771240234,0.0,5.2
4076,0.0005884170532226562,0.0,4.0
4077,0.0020873546600341797,0.0,3.2
4078,0.0018990039825439453,0.0,2.4000000000000004
4079,0.0005946159362792969,0.0,1.2000000000000002
4080,0.002111673355102539,0.0,0.4
4081,0.0006322860717773438,0.0,-0.8
4082,0.001094818115234375,0.0,-1.6
4083,0.0015804767608642578,0.0,-2.8000000000000003
4084,0.0016429424285888672,0.0,-3.6
4085,0.0022382736206054688,0.0,-4.4
4086,0.0006544589996337891,0.0,-5.6000000000000005
4087,0.002141237258911133,0.0,-6.4
4088,0.0016827583312988281,0.0,-7.2
4089,0.0019576549530029297,0.0,-7.6000000000000005
4090,0.0016176700592041016,0.0,-8.4
4091,0.0007085800170898438,0.0,-8.8
4092,0.001978158950805664,0.0,-9.600000000000001
4093,0.0006165504455566406,0.0,-10.0
4094,0.00170135498046875,0.0,-10.4
4095,0.0006022453308105469,0.0,-10.4
4096,0.0018754005432128906,0.0,-10.8
4097,0.0020360946655273438,0.0,-10.8
4098,0.0006639957427978516,0.0,-10.8
4099,0.0017025470733642578,0.0,-10.8
4100,0.0005700588226318359,0.0,-10.4
4101,0.0018131732940673828,0.0,-10.4
4102,0.0005676746368408203,0.0,-10.0
4103,0.0020797252655029297,0.0,-9.600000000000001
4104,0.0006079673767089844,0.0,-9.200000000000001
4105,0.0017628669738769531,0.0,-8.4
4106,0.0018732547760009766,0.0,-8.0
4107,0.0005691051483154297,0.0,-7.2
4108,0.0012421607971191406,0.0,-6.4
4109,0.0005846023559570312,0.0,-5.6000000000000005
4110,0.0021147727966308594,0.0,-4.800000000000001
4111,0.0006444454193115234,0.0,-4.0
4112,0.0017406940460205078,0.0,-2.8000000000000003
4113,0.0006265640258789062,0.0,-2.0
4114,0.0020542144775390625,0.0,-1.2000000000000002
4115,0.0015232563018798828,0.0,0.0
4116,0.0005929470062255859,0.0,0.8
4117,0.0016314983367919922,0.0,1.6
4118,0.0007064342498779297,0.0,2.8000000000000003
4119,0.0020189285278320312,0.0,3.6
4120,0.0019409656524658203,0.0,4.4
4121,0.0008683204650878906,0.0,5.2
4122,0.0016276836395263672,0.0,6.0
4123,0.0006549358367919922,0.0,6.800000000000001
4124,0.0027740001678466797,0.0,7.6000000000000005
4125,0.0017161369323730469,0.0,8.0
4126,0.000982522964477539,0.0,8.8
4127,0.0004906654357910156,0.0,9.200000000000001
4128,0.0018970966339111328,0.0,9.600000000000001
4129,0.0016601085662841797,0.0,10.0
4130,0.0006368160247802734,0.0,10.0
4131,0.0010128021240234375,0.0,10.4
4132,0.002180337905883789,0.0,10.4
4133,0.0006551742553710938,0.0,10.4
4134,0.0018053054809570312,0.0,10.4
4135,0.0019931793212890625,0.0,10.0
4136,0.0012843608856201172,0.0,10.0
4137,0.0018520355224609375,0.0,9.600000000000001
4138,0.0019812583923339844,0.0,9.200000000000001
4139,0.001987457275390625,0.0,8.8
4140,0.001987457275390625,0.0,8.8
4141,0.0017223358154296875,0.0,8.0
4142,0.0006489753723144531,0.0,7.6000000000000005
4143,0.0016658306121826172,0.0,6.800000000000001
4144,0.0004906654357910156,0.0,6.0
4145,0.0011470317840576172,0.0,5.2
4146,0.0006744861602783203,0.0,4.4
4147,0.0018401145935058594,0.0,3.6
4148,0.0008423328399658203,0.0,2.8000000000000003
4149,0.0018799304962158203,0.0,2.0
4150,0.0007567405700683594,0.0,0.8
4151,0.002053976058959961,0.0,0.0
4152,0.000659942626953125,0.0,-0.8
4153,0.0018987655639648438,0.0,-2.0
4154,0.0005917549133300781,0.0,-2.8000000000000003
4155,0.0013804435729980469,0.0,-3.6
4156,0.0006139278411865234,0.0,-4.4
4157,0.0021691322326660156,0.0,-5.2
4158,0.000675201416015625,0.0,-6.0
4159,0.0019829273223876953,0.0,-6.800000000000001
4160,0.00037550926208496094,0.0,-7.2
4161,0.00045990943908691406,0.0,-8.0
4162,0.0005047321319580078,0.0,-8.4
4163,0.0005495548248291016,0.0,-8.8
4164,0.0026350021362304688,0.0,-9.200000000000001
4165,0.0008454322814941406,0.0,-9.600000000000001
4166,0.0008342266082763672,0.0,-10.0
4167,0.0006124973297119141,0.0,-10.0
4168,0.0002913475036621094,0.0,-10.0
4169,0.0004954338073730469,0.0,-10.0
4170,0.0003859996795654297,0.0,-10.0
4171,0.00046443939208984375,0.0,-9.600000000000001
4172,0.00037932395935058594,0.0,-9.600000000000001
4173,0.0006716251373291016,0.0,-9.200000000000001
4174,0.0005176067352294922,0.0,-8.8
4175,0.0011570453643798828,0.0,-8.4
4176,0.0005013942718505859,0.0,-7.6000000000000005
4177,0.0006699562072753906,0.0,-7.2
4178,0.0004906654357910156,0.0,-6.4
4179,0.0006227493286132812,0.0,-5.6000000000000005
4180,0.0008084774017333984,0.0,-4.800000000000001
4181,0.0004801750183105469,0.0,-4.0
4182,0.0004858970642089844,0.0,-3.2
4183,0.0006351470947265625,0.0,-2.4000000000000004
4184,0.0005147457122802734,0.0,-1.6
4185,0.0006160736083984375,0.0,-0.8
4186,0.000713348388671875,0.0,0.0
4187,0.0011930465698242188,0.0,1.2000000000000002
4188,0.0019347667694091797,0.0,2.0
4189,0.0017619132995605469,0.0,2.8000000000000003
4190,0.002753019332885742,0.0,3.6
4191,0.0006859302520751953,0.0,4.4
4192,0.0014102458953857422,0.0,5.2
4193,0.0006060600280761719,0.0,6.0
4194,0.0008244514465332031,0.0,6.4
4195,0.0009510517120361328,0.0,7.2
4196,0.00037217140197753906,0.0,7.6000000000000005
4197,0.0009133815765380859,0.0,8.4
4198,0.000568389892578125,0.0,8.8
4199,0.0008487701416015625,0.0,9.200000000000001
4200,0.0007047653198242188,0.0,9.200000000000001
4201,0.0005521774291992188,0.0,9.600000000000001
4202,0.0015659332275390625,0.0,9.600000000000001
4203,0.0005118846893310547,0.0,9.600000000000001
4204,0.0006976127624511719,0.0,9.600000000000001
4205,0.0004911422729492188,0.0,9.600000000000001
4206,0.0004794597625732422,0.0,9.200000000000001
4207,0.0011148452758789062,0.0,9.200000000000001
4208,0.0004410743713378906,0.0,8.8
4209,0.0005183219909667969,0.0,8.4
4210,0.0005536079406738281,0.0,8.0
4211,0.0005486011505126953,0.0,7.2
4212,0.000652313232421875,0.0,6.800000000000001
4213,0.0005171298980712891,0.0,6.0
4214,0.0009474754333496094,0.0,5.6000000000000005
4215,0.000537872314453125,0.0,4.800000000000001
4216,0.0007941722869873047,0.0,4.0
4217,0.0025489330291748047,0.0,3.2
4218,0.0005011558532714844,0.0,2.4000000000000004
4219,0.0010707378387451172,0.0,1.6
4220,0.0004918575286865234,0.0,0.4
4221,0.0009264945983886719,0.0,-0.4
4222,0.0009176731109619141,0.0,-1.2000000000000002
4223,0.0006024837493896484,0.0,-2.0
4224,0.0008106231689453125,0.0,-2.8000000000000003
4225,0.0005114078521728516,0.0,-3.6
4226,0.002496480941772461,0.0,-4.4
4227,0.0015249252319335938,0.0,-5.2
4228,0.0007081031799316406,0.0,-5.6000000000000005
4229,0.0023088455200195312,0.0,-6.4
4230,0.0007979869842529297,0.0,-7.2
4231,0.0018718242645263672,0.0,-7.6000000000000005
4232,0.0017597675323486328,0.0,-8.0
4233,0.0016317367553710938,0.0,-8.4
4234,0.0017790794372558594,0.0,-8.8
4235,0.0007281303405761719,0.0,-9.200000000000001
4236,0.001168966293334961,0.0,-9.200000000000001
4237,0.0006737709045410156,0.0,-9.200000000000001
4238,0.0015757083892822266,0.0,-9.200000000000001
4239,0.0015764236450195312,0.0,-9.200000000000001
4240,0.0006573200225830078,0.0,-9.200000000000001
4241,0.0022954940795898438,0.0,-8.8
4242,0.001972675323486328,0.0,-8.8
4243,0.0006499290466308594,0.0,-8.4
4244,0.0016148090362548828,0.0,-8.0
4245,0.0018415451049804688,0.0,-7.6000000000000005
4246,0.0006012916564941406,0.0,-6.800000000000001
4247,0.0023224353790283203,0.0,-6.4
4248,0.002485513687133789,0.0,-5.6000000000000005
4249,0.0007536411285400391,0.0,-5.2
4250,0.0016286373138427734,0.0,-4.4
4251,0.0005998611450195312,0.0,-3.6
4252,0.0023355484008789062,0.0,-2.8000000000000003
4253,0.0005955696105957031,0.0,-2.0
4254,0.0016601085662841797,0.0,-1.2000000000000002
4255,0.0005791187286376953,0.0,-0.4
4256,0.0023686885833740234,0.0,0.4
4257,0.0005769729614257812,0.0,1.2000000000000002
4258,0.00048089027404785156,0.0,2.0
4259,0.0023195743560791016,0.0,2.8000000000000003
4260,0.0006468296051025391,0.0,3.6
4261,0.0017447471618652344,0.0,4.4
4262,0.0006017684936523438,0.0,5.2
4263,0.0021216869354248047,0.0,5.6000000000000005
4264,0.0005807876586914062,0.0,6.4
4265,0.0019812583923339844,0.0,6.800000000000001
4266,0.0005679130554199219,0.0,7.2
4267,0.0012812614440917969,0.0,7.6000000000000005
4268,0.0005810260772705078,0.0,8.0
4269,0.002166271209716797,0.0,8.4
4270,0.0005576610565185547,0.0,8.8
4271,0.0017609596252441406,0.0,8.8
4272,0.0007495880126953125,0.0,8.8
4273,0.0013988018035888672,0.0,8.8
4274,0.0007238388061523438,0.0,8.8
4275,0.0017743110656738281,0.0,8.8
4276,0.0006613731384277344,0.0,8.4
4277,0.0016748905181884766,0.0,8.4
4278,0.0006165504455566406,0.0,8.0
4279,0.0016701221466064453,0.0,7.6000000000000005
4280,0.0006597042083740234,0.0,7.2
4281,0.0015420913696289062,0.0,6.800000000000001
4282,0.002206087112426758,0.0,6.0
4283,0.002156496047973633,0.0,5.6000000000000005
4284,0.0007083415985107422,0.0,4.800000000000001
4285,0.002005338668823242,0.0,4.0
4286,0.0007853507995605469,0.0,3.2
4287,0.0023469924926757812,0.0,2.8000000000000003
4288,0.0014476776123046875,0.0,2.0
4289,0.0007584095001220703,0.0,1.2000000000000002
4290,0.0018820762634277344,0.0,0.4
4291,0.0020515918731689453,0.0,-0.4
4292,0.0020439624786376953,0.0,-1.2000000000000002
4293,0.0019366741180419922,0.0,-2.0
4294,0.0019366741180419922,0.0,-2.0
4295,0.0019521713256835938,0.0,-2.8000000000000003
4296,0.001949310302734375,0.0,-3.6
4297,0.001963376998901367,0.0,-4.4
4298,0.001959085464477539,0.0,-4.800000000000001
4299,0.0019025802612304688,0.0,-5.6000000000000005
4300,0.002053499221801758,0.0,-6.0
4301,0.0021386146545410156,0.0,-6.800000000000001
4302,0.0006568431854248047,0.0,-7.2
4303,0.0021288394927978516,0.0,-7.6000000000000005
4304,0.0005896091461181641,0.0,-8.0
4305,0.0020406246185302734,0.0,-8.0
4306,0.0006096363067626953,0.0,-8.4
4307,0.0019054412841796875,0.0,-8.4
4308,0.0005939006805419922,0.0,-8.8
4309,0.002071857452392578,0.0,-8.8
4310,0.0005431175231933594,0.0,-8.4
4311,0.002026796340942383,0.0,-8.4
4312,0.0005640983581542969,0.0,-8.4
4313,0.002002716064453125,0.0,-8.0
4314,0.0005619525909423828,0.0,-7.6000000000000005
4315,0.0018894672393798828,0.0,-7.2
4316,0.0005693435668945312,0.0,-6.800000000000001
4317,0.001928091049194336,0.0,-6.4
4318,0.0005590915679931641,0.0,-5.6000000000000005
4319,0.0020079612731933594,0.0,-5.2
4320,0.0005414485931396484,0.0,-4.4
4321,0.002459287643432617,0.0,-4.0
4322,0.0006337165832519531,0.0,-3.2
4323,0.0016620159149169922,0.0,-2.4000000000000004
4324,0.0020368099212646484,0.0,-1.6
4325,0.0006375312805175781,0.0,-0.8
4326,0.001960277557373047,0.0,0.0
4327,0.0020732879638671875,0.0,0.8
4328,0.0020754337310791016,0.0,1.2000000000000002
4329,0.0020177364349365234,0.0,2.0
4330,0.000659942626953125,0.0,2.8000000000000003
4331,0.001996755599975586,0.0,3.6
4332,0.0006308555603027344,0.0,4.4
4333,0.002095460891723633,0.0,4.800000000000001
4334,0.001882314682006836,0.0,5.6000000000000005
4335,0.0023040771484375,0.0,6.0
4336,0.0020754337310791016,0.0,6.4
4337,0.0015866756439208984,0.0,6.800000000000001
4338,0.0021097660064697266,0.0,7.2
4339,0.0006649494171142578,0.0,7.6000000000000005
4340,0.0019164085388183594,0.0,8.0
4341,0.0019292831420898438,0.0,8.0
4342,0.002053499221801758,0.0,8.4
4343,0.0007355213165283203,0.0,8.4
4344,0.0024144649505615234,0.0,8.4
4345,0.0020296573638916016,0.0,8.0
4346,0.0021545886993408203,0.0,8.0
4347,0.001999378204345703,0.0,8.0
4348,0.0007123947143554688,0.0,7.6000000000000005
4349,0.0018889904022216797,0.0,7.2
4350,0.0006728172302246094,0.0,6.800000000000001
4351,0.00237274169921875,0.0,6.4
4352,0.0019614696502685547,0.0,6.0
4353,0.0006191730499267578,0.0,5.2
4354,0.0022830963134765625,0.0,4.800000000000001
4355,0.0006244182586669922,0.0,4.0
4356,0.001804351806640625,0.0,3.6
4357,0.0006053447723388672,0.0,2.8000000000000003
4358,0.001972675323486328,0.0,2.0
4359,0.00064849853515625,0.0,1.6
4360,0.0019278526306152344,0.0,0.8
4361,0.0005750656127929688,0.0,0.0
4362,0.0021338462829589844,0.0,-0.8
4363,0.0006535053253173828,0.0,-1.6
4364,0.0020122528076171875,0.0,-2.4000000000000004
4365,0.0006079673767089844,0.0,-2.8000000000000003
4366,0.002007007598876953,0.0,-3.6
4367,0.0005953311920166016,0.0,-4.4
4368,0.002238750457763672,0.0,-4.800000000000001
4369,0.0005943775177001953,0.0,-5.2
4370,0.0022199153900146484,0.0,-6.0
4371,0.0006589889526367188,0.0,-6.4
4372,0.0022919178009033203,0.0,-6.800000000000001
4373,0.0007045269012451172,0.0,-7.2
4374,0.002340078353881836,0.0,-7.6000000000000005
4375,0.0019521713256835938,0.0,-7.6000000000000005
4376,0.0006659030914306641,0.0,-8.0
4377,0.00177764892578125,0.0,-8.0
4378,0.0006909370422363281,0.0,-8.0
4379,0.0019388198852539062,0.0,-8.0
4380,0.0006258487701416016,0.0,-8.0
4381,0.0025370121002197266,0.0,-7.6000000000000005
4382,0.0019683837890625,0.0,-7.6000000000000005
4383,0.0006058216094970703,0.0,-7.2
4384,0.0019567012786865234,0.0,-6.800000000000001
4385,0.0006711483001708984,0.0,-6.4
4386,0.0021028518676757812,0.0,-6.0
4387,0.0006029605865478516,0.0,-5.6000000000000005
4388,0.002000093460083008,0.0,-5.2
4389,0.001916646957397461,0.0,-4.4
4390,0.0006668567657470703,0.0,-4.0
4391,0.0019598007202148438,0.0,-3.2
4392,0.0005877017974853516,0.0,-2.8000000000000003
4393,0.002029895782470703,0.0,-2.0
4394,0.0005695819854736328,0.0,-1.2000000000000002
4395,0.0020155906677246094,0.0,-0.4
4396,0.0019674301147460938,0.0,0.0
4397,0.0005705356597900391,0.0,0.8
4398,0.0019385814666748047,0.0,1.6
4399,0.0005879402160644531,0.0,2.4000000000000004
4400,0.0019292831420898438,0.0,2.8000000000000003
4401,0.0006127357482910156,0.0,3.6
4402,0.0018742084503173828,0.0,4.0
4403,0.0005822181701660156,0.0,4.800000000000001
4404,0.002235889434814453,0.0,5.2
4405,0.0020401477813720703,0.0,5.6000000000000005
4406,0.0005922317504882812,0.0,6.0
4407,0.002107858657836914,0.0,6.4
4408,0.0005953311920166016,0.0,6.800000000000001
4409,0.0018279552459716797,0.0,7.2
4410,0.0006453990936279297,0.0,7.2
4411,0.0023598670959472656,0.0,7.6000000000000005
4412,0.0006287097930908203,0.0,7.6000000000000005
4413,0.002054452896118164,0.0,7.6000000000000005
4414,0.0005650520324707031,0.0,7.6000000000000005
4415,0.002281665802001953,0.0,7.6000000000000005
4416,0.0005707740783691406,0.0,7.2
4417,0.0019180774688720703,0.0,7.2
4418,0.0005717277526855469,0.0,6.800000000000001
4419,0.0018787384033203125,0.0,6.4
4420,0.0005476474761962891,0.0,6.0
4421,0.001890420913696289,0.0,5.6000000000000005
4422,0.0018396377563476562,0.0,5.2
4423,0.0010097026824951172,0.0,4.800000000000001
4424,0.0020225048065185547,0.0,4.4
4425,0.0006308555603027344,0.0,3.6
4426,0.0019888877868652344,0.0,3.2
4427,0.0007002353668212891,0.0,2.4000000000000004
4428,0.002266407012939453,0.0,1.6
4429,0.0007946491241455078,0.0,1.2000000000000002
4430,0.002214670181274414,0.0,0.4
4431,0.0006518363952636719,0.0,-0.4
4432,0.002264738082885742,0.0,-0.8
4433,0.0020580291748046875,0.0,-1.6
4434,0.000759124755859375,0.0,-2.4000000000000004
4435,0.0020329952239990234,0.0,-2.8000000000000003
4436,0.0020329952239990234,0.0,-2.8000000000000003
4437,0.002076864242553711,0.0,-3.6
4438,0.0005838871002197266,0.0,-4.0
4439,0.0020313262939453125,0.0,-4.800000000000001
4440,0.002048015594482422,0.0,-5.2
4441,0.0006427764892578125,0.0,-5.6000000000000005
4442,0.001934051513671875,0.0,-6.0
4443,0.002023458480834961,0.0,-6.4
4444,0.0006055831909179688,0.0,-6.800000000000001
4445,0.002282381057739258,0.0,-6.800000000000001
4446,0.0006430149078369141,0.0,-7.2
4447,0.002017974853515625,0.0,-7.2
4448,0.002207040786743164,0.0,-7.2
4449,0.0020585060119628906,0.0,-7.2
4450,0.0021233558654785156,0.0,-7.2
4451,0.001955270767211914,0.0,-7.2
4452,0.0020716190338134766,0.0,-7.2
4453,0.0019638538360595703,0.0,-6.800000000000001
4454,0.0019490718841552734,0.0,-6.4
4455,0.0022547245025634766,0.0,-6.4
4456,0.0020325183868408203,0.0,-6.0
4457,0.0020868778228759766,0.0,-5.6000000000000005
4458,0.0006701946258544922,0.0,-4.800000000000001
4459,0.0020868778228759766,0.0,-4.4
4460,0.0006153583526611328,0.0,-4.0
4461,0.0023212432861328125,0.0,-3.2
4462,0.0006091594696044922,0.0,-2.8000000000000003
4463,0.00206756591796875,0.0,-2.0
4464,0.0020034313201904297,0.0,-1.6
4465,0.0006625652313232422,0.0,-0.8
4466,0.002032041549682617,0.0,-0.4
4467,0.0006146430969238281,0.0,0.4
4468,0.001999378204345703,0.0,1.2000000000000002
4469,0.0005974769592285156,0.0,1.6
4470,0.0021514892578125,0.0,2.4000000000000004
4471,0.0006194114685058594,0.0,2.8000000000000003
4472,0.0019905567169189453,0.0,3.6
4473,0.0007069110870361328,0.0,4.0
4474,0.0018837451934814453,0.0,4.4
4475,0.0006337165832519531,0.0,4.800000000000001
4476,0.0023479461669921875,0.0,5.6000000000000005
4477,0.002167224884033203,0.0,5.6000000000000005
4478,0.0006053447723388672,0.0,6.0
4479,0.0023431777954101562,0.0,6.4
4480,0.0020475387573242188,0.0,6.800000000000001
4481,0.0019435882568359375,0.0,6.800000000000001
4482,0.002208709716796875,0.0,6.800000000000001
4483,0.0019893646240234375,0.0,7.2
4484,0.0006554126739501953,0.0,7.2
4485,0.0019197463989257812,0.0,6.800000000000001
4486,0.0019812583923339844,0.0,6.800000000000001
4487,0.002103090286254883,0.0,6.800000000000001
4488,0.0019817352294921875,0.0,6.4
4489,0.0007081031799316406,0.0,6.4
4490,0.002074003219604492,0.0,6.0
4491,0.0006356239318847656,0.0,5.6000000000000005
4492,0.0023756027221679688,0.0,5.2
4493,0.0006105899810791016,0.0,4.800000000000001
4494,0.0021562576293945312,0.0,4.0
4495,0.002192258834838867,0.0,3.6
4496,0.0006115436553955078,0.0,3.2
4497,0.0021555423736572266,0.0,2.4000000000000004
4498,0.0005891323089599609,0.0,2.0
4499,0.0019431114196777344,0.0,1.2000000000000002
4500,0.0005645751953125,0.0,0.8
4501,0.002390623092651367,0.0,0.0
4502,0.002112865447998047,0.0,-0.4
4503,0.002029895782470703,0.0,-1.2000000000000002
4504,0.0006103515625,0.0,-1.6
4505,0.0022077560424804688,0.0,-2.4000000000000004
4506,0.0019769668579101562,0.0,-2.8000000000000003
4507,0.0019314289093017578,0.0,-3.6
4508,0.0006034374237060547,0.0,-4.0
4509,0.0020661354064941406,0.0,-4.4
4510,0.0005738735198974609,0.0,-4.800000000000001
4511,0.0023849010467529297,0.0,-5.2
4512,0.0006024837493896484,0.0,-5.6000000000000005
4513,0.0019683837890625,0.0,-6.0
4514,0.0005931854248046875,0.0,-6.4
4515,0.0018749237060546875,0.0,-6.4
4516,0.0005567073822021484,0.0,-6.4
4517,0.0020356178283691406,0.0,-6.800000000000001
4518,0.0005714893341064453,0.0,-6.800000000000001
4519,0.0021407604217529297,0.0,-6.800000000000001
4520,0.0005609989166259766,0.0,-6.800000000000001
4521,0.0018799304962158203,0.0,-6.4
4522,0.0006122589111328125,0.0,-6.4
4523,0.0020487308502197266,0.0,-6.0
4524,0.0007419586181640625,0.0,-6.0
4525,0.0021543502807617188,0.0,-5.6000000000000005
4526,0.0006413459777832031,0.0,-5.2
4527,0.0020766258239746094,0.0,-4.800000000000001
4528,0.001689910888671875,0.0,-4.4
4529,0.0006396770477294922,0.0,-4.0
4530,0.0019996166229248047,0.0,-3.6
4531,0.0021071434020996094,0.0,-2.8000000000000003
4532,0.0006506443023681641,0.0,-2.4000000000000004
4533,0.0016372203826904297,0.0,-1.6
4534,0.0022623538970947266,0.0,-1.2000000000000002
4535,0.000629425048828125,0.0,-0.4
4536,0.0021772384643554688,0.0,0.0
4537,0.0006022453308105469,0.0,0.8
4538,0.0020971298217773438,0.0,1.2000000000000002
4539,0.002200603485107422,0.0,1.6
4540,0.0006387233734130859,0.0,2.4000000000000004
4541,0.0025267601013183594,0.0,2.8000000000000003
4542,0.0005841255187988281,0.0,3.2
4543,0.0021681785583496094,0.0,4.0
4544,0.0005738735198974609,0.0,4.4
4545,0.002051830291748047,0.0,4.800000000000001
4546,0.001972198486328125,0.0,5.2
4547,0.0005712509155273438,0.0,5.6000000000000005
4548,0.0020020008087158203,0.0,5.6000000000000005
4549,0.0005764961242675781,0.0,6.0
4550,0.002421855926513672,0.0,6.0
4551,0.0024008750915527344,0.0,6.4
4552,0.0005862712860107422,0.0,6.4
4553,0.0022988319396972656,0.0,6.4
4554,0.0005671977996826172,0.0,6.4
4555,0.0025177001953125,0.0,6.4
4556,0.0005650520324707031,0.0,6.4
4557,0.0022001266479492188,0.0,6.0
4558,0.0006051063537597656,0.0,6.0
4559,0.0020859241485595703,0.0,5.6000000000000005
4560,0.0006163120269775391,0.0,5.2
4561,0.002068758010864258,0.0,4.800000000000001
4562,0.0005855560302734375,0.0,4.4
4563,0.0018877983093261719,0.0,4.0
4564,0.0005810260772705078,0.0,3.6
4565,0.002142190933227539,0.0,3.2
4566,0.0006091594696044922,0.0,2.8000000000000003
4567,0.0024421215057373047,0.0,2.0
4568,0.0005750656127929688,0.0,1.6
4569,0.002290487289428711,0.0,0.8
4570,0.0005564689636230469,0.0,0.4
4571,0.0006275177001953125,0.0,0.0
4572,0.0006639957427978516,0.0,-0.8
4573,0.0021102428436279297,0.0,-1.2000000000000002
4574,0.0006666183471679688,0.0,-2.0
4575,0.0018820762634277344,0.0,-2.4000000000000004
4576,0.0006515979766845703,0.0,-2.8000000000000003
4577,0.002048492431640625,0.0,-3.2
4578,0.0019669532775878906,0.0,-4.0
4579,0.0006377696990966797,0.0,-4.4
4580,0.0021309852600097656,0.0,-4.800000000000001
4581,0.0006532669067382812,0.0,-4.800000000000001
4582,0.002099275588989258,0.0,-5.2
4583,0.0008509159088134766,0.0,-5.6000000000000005
4584,0.0023059844970703125,0.0,-5.6000000000000005
4585,0.002103567123413086,0.0,-6.0
4586,0.0019404888153076172,0.0,-6.0
4587,0.002071857452392578,0.0,-6.0
4588,0.002071857452392578,0.0,-6.0
4589,0.0019233226776123047,0.0,-6.0
4590,0.0007710456848144531,0.0,-6.0
4591,0.0021390914916992188,0.0,-6.0
4592,0.0006682872772216797,0.0,-6.0
4593,0.0020737648010253906,0.0,-5.6000000000000005
4594,0.002373933792114258,0.0,-5.6000000000000005
4595,0.0018405914306640625,0.0,-5.2
4596,0.0006208419799804688,0.0,-4.800000000000001
4597,0.0023772716522216797,0.0,-4.800000000000001
4598,0.0006232261657714844,0.0,-4.4
4599,0.0021758079528808594,0.0,-4.0
4600,0.0006043910980224609,0.0,-3.2
4601,0.0019915103912353516,0.0,-2.8000000000000003
4602,0.002111673355102539,0.0,-2.4000000000000004
4603,0.0005998611450195312,0.0,-2.0
4604,0.00200653076171875,0.0,-1.2000000000000002
4605,0.000997304916381836,0.0,-0.8
4606,0.0019752979278564453,0.0,-0.4
4607,0.0006392002105712891,0.0,0.4
4608,0.002057313919067383,0.0,0.8
4609,0.001918792724609375,0.0,1.2000000000000002
4610,0.0006341934204101562,0.0,2.0
4611,0.002161741256713867,0.0,2.4000000000000004
4612,0.0006222724914550781,0.0,2.8000000000000003
4613,0.0023462772369384766,0.0,3.2
4614,0.0006301403045654297,0.0,3.6
4615,0.0025806427001953125,0.0,4.0
4616,0.0006279945373535156,0.0,4.4
4617,0.0023458003997802734,0.0,4.800000000000001
4618,0.0020673274993896484,0.0,5.2
4619,0.0005893707275390625,0.0,5.2
4620,0.002331972122192383,0.0,5.6000000000000005
4621,0.0006506443023681641,0.0,5.6000000000000005
4622,0.0023925304412841797,0.0,6.0
4623,0.0018529891967773438,0.0,6.0
4624,0.0008108615875244141,0.0,6.0
4625,0.0018458366394042969,0.0,6.0
4626,0.0020051002502441406,0.0,5.6000000000000005
4627,0.0007171630859375,0.0,5.6000000000000005
4628,0.0018429756164550781,0.0,5.6000000000000005
4629,0.001912832260131836,0.0,5.2
4630,0.002190113067626953,0.0,4.800000000000001
4631,0.0022513866424560547,0.0,4.800000000000001
4632,0.0020809173583984375,0.0,4.4
4633,0.0017316341400146484,0.0,4.0
4634,0.0007431507110595703,0.0,3.6
4635,0.0021009445190429688,0.0,3.2
4636,0.002174854278564453,0.0,2.8000000000000003
4637,0.00064849853515625,0.0,2.0
4638,0.002031564712524414,0.0,1.6
4639,0.0006287097930908203,0.0,1.2000000000000002
4640,0.0019192695617675781,0.0,0.8
4641,0.0018010139465332031,0.0,0.0
4642,0.0006344318389892578,0.0,-0.4
4643,0.002124786376953125,0.0,-0.8
4644,0.0020630359649658203,0.0,-1.6
4645,0.0021228790283203125,0.0,-2.0
4646,0.002393007278442383,0.0,-2.4000000000000004
4647,0.0019965171813964844,0.0,-2.8000000000000003
4648,0.0007116794586181641,0.0,-3.2
4649,0.0019698143005371094,0.0,-3.6
4650,0.0018906593322753906,0.0,-4.0
4651,0.0006766319274902344,0.0,-4.4
4652,0.0019047260284423828,0.0,-4.800000000000001
4653,0.0018830299377441406,0.0,-4.800000000000001
4654,0.0006291866302490234,0.0,-5.2
4655,0.0022902488708496094,0.0,-5.2
4656,0.00223541259765625,0.0,-5.6000000000000005
4657,0.0006420612335205078,0.0,-5.6000000000000005
4658,0.002121448516845703,0.0,-5.6000000000000005
4659,0.0006303787231445312,0.0,-5.6000000000000005
4660,0.002291440963745117,0.0,-5.6000000000000005
4661,0.0006232261657714844,0.0,-5.6000000000000005
4662,0.002453327178955078,0.0,-5.2
4663,0.002087831497192383,0.0,-5.2
4664,0.0006322860717773438,0.0,-4.800000000000001
4665,0.0019588470458984375,0.0,-4.800000000000001
4666,0.0008633136749267578,0.0,-4.4
4667,0.002157449722290039,0.0,-4.0
4668,0.0017726421356201172,0.0,-3.6
4669,0.0008156299591064453,0.0,-3.2
4670,0.0025131702423095703,0.0,-2.8000000000000003
4671,0.001985311508178711,0.0,-2.4000000000000004
4672,0.0006711483001708984,0.0,-2.0
4673,0.0018970966339111328,0.0,-1.6
4674,0.0007002353668212891,0.0,-1.2000000000000002
4675,0.002251148223876953,0.0,-0.4
4676,0.0020203590393066406,0.0,0.0
4677,0.0008063316345214844,0.0,0.4
4678,0.0018191337585449219,0.0,0.8
4679,0.0006277561187744141,0.0,1.6
4680,0.0014760494232177734,0.0,2.0
4681,0.0019273757934570312,0.0,2.4000000000000004
4682,0.0017430782318115234,0.0,2.8000000000000003
4683,0.0017075538635253906,0.0,3.2
4684,0.0007848739624023438,0.0,3.6
4685,0.0019450187683105469,0.0,4.0
4686,0.0015873908996582031,0.0,4.4
4687,0.0020766258239746094,0.0,4.4
4688,0.002216815948486328,0.0,4.800000000000001
4689,0.0019412040710449219,0.0,4.800000000000001
4690,0.0007069110870361328,0.0,5.2
4691,0.0022308826446533203,0.0,5.2
4692,0.0006656646728515625,0.0,5.2
4693,0.0019736289978027344,0.0,5.2
4694,0.0006582736968994141,0.0,5.2
4695,0.0018758773803710938,0.0,5.2
4696,0.0006449222564697266,0.0,5.2
4697,0.001970052719116211,0.0,5.2
4698,0.0020227432250976562,0.0,4.800000000000001
4699,0.0005977153778076172,0.0,4.800000000000001
4700,0.001888275146484375,0.0,4.4
4701,0.0005891323089599609,0.0,3.6
4702,0.0021347999572753906,0.0,3.6
4703,0.0024373531341552734,0.0,3.2
4704,0.0020751953125,0.0,2.8000000000000003
4705,0.0008070468902587891,0.0,2.0
4706,0.0020172595977783203,0.0,1.6
4707,0.001995563507080078,0.0,1.2000000000000002
4708,0.0006589889526367188,0.0,0.8
4709,0.0016601085662841797,0.0,0.4
4710,0.0018994808197021484,0.0,0.0
4711,0.0018849372863769531,0.0,-0.4
4712,0.0006148815155029297,0.0,-1.2000000000000002
4713,0.0019991397857666016,0.0,-1.6
4714,0.0019240379333496094,0.0,-2.0
4715,0.0006062984466552734,0.0,-2.4000000000000004
4716,0.002048969268798828,0.0,-2.8000000000000003
4717,0.0006351470947265625,0.0,-3.2
4718,0.0019500255584716797,0.0,-3.6
4719,0.0014774799346923828,0.0,-4.0
4720,0.0006418228149414062,0.0,-4.0
4721,0.002213716506958008,0.0,-4.4
4722,0.0020198822021484375,0.0,-4.800000000000001
4723,0.0007264614105224609,0.0,-4.800000000000001
4724,0.0020656585693359375,0.0,-4.800000000000001
4725,0.0007727146148681641,0.0,-5.2
4726,0.0022580623626708984,0.0,-5.2
4727,0.0006508827209472656,0.0,-5.2
4728,0.002127408981323242,0.0,-5.2
4729,0.0006287097930908203,0.0,-5.2
4730,0.0019192695617675781,0.0,-4.800000000000001
4731,0.0019192695617675781,0.0,-4.800000000000001
4732,0.002463817596435547,0.0,-4.800000000000001
4733,0.0020935535430908203,0.0,-4.4
4734,0.0006368160247802734,0.0,-4.4
4735,0.0022139549255371094,0.0,-4.0
4736,0.0006558895111083984,0.0,-4.0
4737,0.0021555423736572266,0.0,-3.6
4738,0.002235889434814453,0.0,-3.2
4739,0.0019729137420654297,0.0,-2.8000000000000003
4740,0.0006005764007568359,0.0,-2.4000000000000004
4741,0.0022983551025390625,0.0,-2.0
4742,0.0005791187286376953,0.0,-1.6
4743,0.001955270767211914,0.0,-1.2000000000000002
4744,0.000576019287109375,0.0,-0.8
4745,0.0020227432250976562,0.0,-0.4
4746,0.0024518966674804688,0.0,0.4
4747,0.0006225109100341797,0.0,0.8
4748,0.0005171298980712891,0.0,1.2000000000000002
4749,0.0005307197570800781,0.0,1.6
4750,0.0018992424011230469,0.0,2.0
4751,0.0019083023071289062,0.0,2.4000000000000004
4752,0.0006413459777832031,0.0,2.8000000000000003
4753,0.0018124580383300781,0.0,3.2
4754,0.001971006393432617,0.0,3.6
4755,0.00047016143798828125,0.0,3.6
