,Latency,PWM Value,Angle
0,0.0,0.0,0.0
1,0.0008118152618408203,0.0,0.0
2,0.00045561790466308594,0.0,0.0
3,0.00037217140197753906,0.0,0.0
4,0.0005161762237548828,0.0,0.0
5,0.0005147457122802734,0.0,0.0
6,0.0017018318176269531,0.0,0.0
7,0.0007243156433105469,0.0,0.0
8,0.001203775405883789,0.0,0.0
9,0.0009598731994628906,0.0,0.0
10,0.00255584716796875,0.0,0.0
11,0.0008089542388916016,0.0,0.0
12,0.0024640560150146484,0.0,0.0
13,0.0009279251098632812,0.0,0.0
14,0.0027191638946533203,0.0,0.0
15,0.0006985664367675781,0.0,0.0
16,0.0012891292572021484,0.0,0.0
17,0.0008549690246582031,0.0,0.0
18,0.002084016799926758,0.0,0.0
19,0.0004966259002685547,0.0,0.0
20,0.002635478973388672,0.0,0.0
21,0.0006167888641357422,0.0,0.0
22,0.0023336410522460938,0.0,0.0
23,0.000659942626953125,0.0,0.0
24,0.002936124801635742,0.0,0.0
25,0.0007238388061523438,0.0,0.0
26,0.002451181411743164,0.0,0.0
27,0.0006313323974609375,0.0,0.0
28,0.002393960952758789,0.0,0.0
29,0.0006840229034423828,0.0,0.0
30,0.0026657581329345703,0.0,0.0
31,0.0006365776062011719,0.0,0.0
32,0.0023202896118164062,0.0,0.0
33,0.0006198883056640625,0.0,0.0
34,0.0017991065979003906,0.0,0.0
35,0.0006623268127441406,0.0,0.0
36,0.0026412010192871094,0.0,0.0
37,0.0006008148193359375,0.0,0.0
38,0.0012781620025634766,0.0,0.0
39,0.0006129741668701172,0.0,0.0
40,0.001976490020751953,0.0,0.0
41,0.0006766319274902344,0.0,0.0
42,0.0024831295013427734,0.0,0.0
43,0.0006544589996337891,0.0,0.0
44,0.0026280879974365234,0.0,0.0
45,0.0006797313690185547,0.0,0.0
46,0.002323150634765625,0.0,0.0
47,0.0007328987121582031,0.0,0.0
48,0.002138853073120117,0.0,0.0
49,0.0006244182586669922,0.0,0.0
50,0.00226593017578125,0.0,0.0
51,0.0007073879241943359,0.0,0.0
52,0.002241849899291992,0.0,0.0
53,0.0006330013275146484,0.0,0.0
54,0.0026705265045166016,0.0,0.0
55,0.0006237030029296875,0.0,0.0
56,0.002272367477416992,0.0,0.0
57,0.0005774497985839844,0.0,0.0
58,0.002343416213989258,0.0,0.0
59,0.0006382465362548828,0.0,0.0
60,0.0005214214324951172,0.0,0.0
61,0.002510547637939453,0.0,0.0
62,0.0007052421569824219,0.0,0.0
63,0.0007052421569824219,0.0,0.0
64,0.0005352497100830078,0.0,0.0
65,0.0005733966827392578,0.0,0.0
66,0.002362966537475586,0.0,0.0
67,0.0004794597625732422,0.0,0.0
68,0.0013561248779296875,0.0,0.0
69,0.0006415843963623047,0.0,0.0
70,0.0027647018432617188,0.0,0.0
71,0.0006787776947021484,0.0,0.0
72,0.0023734569549560547,0.0,0.0
73,0.0006382465362548828,0.0,0.0
74,0.0005326271057128906,0.0,0.0
75,0.0007863044738769531,0.0,0.0
76,0.0022933483123779297,0.0,0.0
77,0.0007305145263671875,0.0,0.0
78,0.002823352813720703,0.0,0.0
79,0.0006635189056396484,0.0,0.0
80,0.0017709732055664062,0.0,0.0
81,0.00066375732421875,0.0,0.0
82,0.0021495819091796875,0.0,0.0
83,0.000576019287109375,0.0,0.0
84,0.0023317337036132812,0.0,0.0
85,0.0005977153778076172,0.0,0.0
86,0.0022003650665283203,0.0,0.0
87,0.0005919933319091797,0.0,0.0
88,0.0021920204162597656,0.0,0.0
89,0.0008685588836669922,0.0,0.0
90,0.002542734146118164,0.0,0.0
91,0.0006933212280273438,0.0,0.0
92,0.0022346973419189453,0.0,0.0
93,0.0006747245788574219,0.0,0.0
94,0.002202749252319336,0.0,0.0
95,0.0006587505340576172,0.0,0.0
96,0.002546072006225586,0.0,0.0
97,0.0004878044128417969,0.0,0.0
98,0.001180410385131836,0.0,0.0
99,0.0006499290466308594,0.0,0.0
100,0.0018715858459472656,0.0,0.0
101,0.0016336441040039062,0.0,0.0
102,0.0009849071502685547,0.0,0.0
103,0.002382040023803711,0.0,0.0
104,0.0007266998291015625,0.0,0.0
105,0.0027341842651367188,0.0,0.0
106,0.0005888938903808594,0.0,0.0
107,0.002438783645629883,0.0,0.0
108,0.0005860328674316406,0.0,0.0
109,0.002149343490600586,0.0,0.0
110,0.0006301403045654297,0.0,0.0
111,0.0028018951416015625,0.0,0.0
112,0.0023047924041748047,0.0,0.0
113,0.0007970333099365234,0.0,0.0
114,0.002199411392211914,0.0,0.0
115,0.0006537437438964844,0.0,0.0
116,0.002190113067626953,0.0,0.0
117,0.0005981922149658203,0.0,0.0
118,0.002095460891723633,0.0,0.0
119,0.0005862712860107422,0.0,0.0
120,0.002399444580078125,0.0,0.0
121,0.0005552768707275391,0.0,0.0
122,0.002465486526489258,0.0,0.0
123,0.0005955696105957031,0.0,0.0
124,0.0026378631591796875,0.0,0.0
125,0.0006549358367919922,0.0,0.0
126,0.002178192138671875,0.0,0.0
127,0.0011744499206542969,0.0,0.0
128,0.00044798851013183594,0.004,0.0
129,0.0005745887756347656,0.004,0.0
130,0.002267122268676758,0.004,0.0
131,0.0006570816040039062,0.004,0.0
132,0.0021409988403320312,0.006,0.0
133,0.0006160736083984375,0.009000000000000001,0.0
134,0.0026133060455322266,0.009000000000000001,0.0
135,0.0006191730499267578,0.009000000000000001,0.0
136,0.002505064010620117,0.009000000000000001,0.0
137,0.0006694793701171875,0.009000000000000001,0.0
138,0.0022606849670410156,0.009000000000000001,0.0
139,0.0008854866027832031,0.009000000000000001,0.0
140,0.0027704238891601562,0.011,0.0
141,0.0007064342498779297,0.013,0.0
142,0.0026280879974365234,0.013,0.0
143,0.000682830810546875,0.013,0.0
144,0.0025272369384765625,0.013,0.0
145,0.000667572021484375,0.015,0.0
146,0.0021500587463378906,0.015,0.0
147,0.0006711483001708984,0.017,0.0
148,0.0017693042755126953,0.017,0.0
149,0.0006282329559326172,0.017,0.0
150,0.002019643783569336,0.017,0.0
151,0.0008716583251953125,0.019,0.0
152,0.0027179718017578125,0.019,0.0
153,0.0007116794586181641,0.019,0.0
154,0.0024352073669433594,0.019,0.0
155,0.0006771087646484375,0.019,0.0
156,0.0023775100708007812,0.019,0.0
157,0.0004696846008300781,0.022,0.0
158,0.0007758140563964844,0.024,0.0
159,0.002803802490234375,0.024,0.0
160,0.0006692409515380859,0.026,0.0
161,0.0025713443756103516,0.026,0.0
162,0.002383708953857422,0.027999999999999997,0.0
163,0.0006480216979980469,0.027999999999999997,0.0
164,0.002683401107788086,0.027999999999999997,0.0
165,0.0007882118225097656,0.03,0.0
166,0.0024709701538085938,0.03,0.0
167,0.0008347034454345703,0.032,0.0
168,0.002458810806274414,0.032,0.0
169,0.0006151199340820312,0.034,0.0
170,0.00116729736328125,0.034,0.0
171,0.0006468296051025391,0.034,0.0
172,0.0009665489196777344,0.034,0.0
173,0.0008575916290283203,0.034,0.0
174,0.0028145313262939453,0.034,0.0
175,0.0007159709930419922,0.037000000000000005,0.0
176,0.0023899078369140625,0.039,0.0
177,0.0008518695831298828,0.039,0.0
178,0.0021979808807373047,0.039,0.0
179,0.0006821155548095703,0.039,0.0
180,0.002424001693725586,0.043,0.0
181,0.0006327629089355469,0.043,0.0
182,0.002143383026123047,0.043,0.0
183,0.0005915164947509766,0.043,0.4
184,0.0026068687438964844,0.043,0.4
185,0.0005908012390136719,0.043,0.4
186,0.0021054744720458984,0.043,0.8
187,0.0008256435394287109,0.045,0.8
188,0.0006632804870605469,0.045,0.8
189,0.0009427070617675781,0.045,1.2000000000000002
190,0.0020208358764648438,0.045,1.6
191,0.0007238388061523438,0.045,1.6
192,0.002160310745239258,0.045,2.0
193,0.0006546974182128906,0.045,2.4000000000000004
194,0.0021369457244873047,0.045,2.8000000000000003
195,0.0006401538848876953,0.047,2.8000000000000003
196,0.0027751922607421875,0.047,3.2
197,0.0006315708160400391,0.05,3.6
198,0.002386331558227539,0.05,4.0
199,0.0006673336029052734,0.05,4.4
200,0.0025894641876220703,0.05,4.800000000000001
201,0.0008375644683837891,0.052000000000000005,5.2
202,0.0020880699157714844,0.052000000000000005,5.6000000000000005
203,0.0006909370422363281,0.052000000000000005,6.0
204,0.0019023418426513672,0.052000000000000005,6.4
205,0.0006842613220214844,0.052000000000000005,6.800000000000001
206,0.0020987987518310547,0.052000000000000005,7.2
207,0.0006167888641357422,0.052000000000000005,7.2
208,0.0025076866149902344,0.052000000000000005,7.6000000000000005
209,0.0006060600280761719,0.052000000000000005,8.0
210,0.0025031566619873047,0.052000000000000005,8.4
211,0.0006647109985351562,0.054000000000000006,8.4
212,0.0021092891693115234,0.055999999999999994,8.8
213,0.0013701915740966797,0.055999999999999994,8.8
214,0.0006573200225830078,0.055999999999999994,9.200000000000001
215,0.0006091594696044922,0.055999999999999994,9.200000000000001
216,0.0020952224731445312,0.058,9.200000000000001
217,0.0010118484497070312,0.058,9.600000000000001
218,0.0011219978332519531,0.058,9.600000000000001
219,0.0011219978332519531,0.058,9.600000000000001
220,0.00131988525390625,0.06,9.600000000000001
221,0.000934600830078125,0.06,9.600000000000001
222,0.0009832382202148438,0.063,9.600000000000001
223,0.0008797645568847656,0.063,9.600000000000001
224,0.0005900859832763672,0.063,9.600000000000001
225,0.0018091201782226562,0.063,9.600000000000001
226,0.0006220340728759766,0.065,9.200000000000001
227,0.002154827117919922,0.065,9.200000000000001
228,0.0007884502410888672,0.067,9.200000000000001
229,0.002096891403198242,0.067,8.8
230,0.0006728172302246094,0.069,8.8
231,0.002637147903442383,0.069,8.8
232,0.0006580352783203125,0.069,8.4
233,0.0024881362915039062,0.069,8.4
234,0.0005943775177001953,0.069,8.0
235,0.0021762847900390625,0.069,8.0
236,0.0005977153778076172,0.069,8.0
237,0.0021810531616210938,0.069,7.6000000000000005
238,0.0005929470062255859,0.069,7.6000000000000005
239,0.0021522045135498047,0.071,7.6000000000000005
240,0.0007214546203613281,0.071,7.2
241,0.0026998519897460938,0.071,7.2
242,0.0006344318389892578,0.073,7.2
243,0.0022437572479248047,0.073,7.2
244,0.0006222724914550781,0.073,6.800000000000001
245,0.0021736621856689453,0.073,6.800000000000001
246,0.0011115074157714844,0.075,6.800000000000001
247,0.0005257129669189453,0.075,6.800000000000001
248,0.0010046958923339844,0.075,6.800000000000001
249,0.0011987686157226562,0.075,6.800000000000001
250,0.0006756782531738281,0.078,6.800000000000001
251,0.0022737979888916016,0.078,7.2
252,0.0009069442749023438,0.078,7.2
253,0.0021085739135742188,0.078,7.2
254,0.00075531005859375,0.078,7.2
255,0.0014128684997558594,0.078,7.6000000000000005
256,0.0006856918334960938,0.08,7.6000000000000005
257,0.0018095970153808594,0.08,8.0
258,0.0006201267242431641,0.08,8.0
259,0.0019893646240234375,0.08,8.4
260,0.0005052089691162109,0.08,8.8
261,0.0027298927307128906,0.08,8.8
262,0.0006647109985351562,0.08199999999999999,9.200000000000001
263,0.0026149749755859375,0.08199999999999999,9.600000000000001
264,0.002393484115600586,0.084,10.0
265,0.0008771419525146484,0.084,10.0
266,0.0005159378051757812,0.084,10.4
267,0.0005652904510498047,0.084,10.8
268,0.0018084049224853516,0.084,11.200000000000001
269,0.0009026527404785156,0.086,11.600000000000001
270,0.0018012523651123047,0.086,11.600000000000001
271,0.0008554458618164062,0.086,12.0
272,0.0009403228759765625,0.08800000000000001,12.4
273,0.0004677772521972656,0.08800000000000001,12.8
274,0.0009996891021728516,0.08800000000000001,12.8
275,0.0006422996520996094,0.08800000000000001,13.200000000000001
276,0.0012905597686767578,0.091,13.600000000000001
277,0.0008666515350341797,0.091,13.600000000000001
278,0.001256704330444336,0.091,14.0
279,0.0007503032684326172,0.091,14.0
280,0.002259969711303711,0.093,14.4
281,0.0007219314575195312,0.093,14.4
282,0.0023386478424072266,0.093,14.8
283,0.0006303787231445312,0.093,14.8
284,0.0017168521881103516,0.093,14.8
285,0.0006434917449951172,0.093,15.200000000000001
286,0.0026030540466308594,0.093,15.200000000000001
287,0.0006113052368164062,0.093,15.200000000000001
288,0.0021512508392333984,0.095,15.200000000000001
289,0.0006363391876220703,0.095,15.200000000000001
290,0.0013148784637451172,0.095,15.200000000000001
291,0.0007035732269287109,0.095,15.200000000000001
292,0.0021326541900634766,0.097,15.200000000000001
293,0.0006856918334960938,0.097,15.200000000000001
294,0.0027604103088378906,0.097,15.200000000000001
295,0.0006163120269775391,0.097,15.200000000000001
296,0.0022945404052734375,0.097,15.200000000000001
297,0.0006997585296630859,0.097,15.200000000000001
298,0.0026564598083496094,0.097,14.8
299,0.0005950927734375,0.097,14.8
300,0.0020792484283447266,0.099,14.8
301,0.0007233619689941406,0.101,14.8
302,0.00255584716796875,0.101,14.4
303,0.000530242919921875,0.101,14.4
304,0.0025713443756103516,0.103,14.4
305,0.0006487369537353516,0.103,14.0
306,0.002750396728515625,0.103,14.0
307,0.0006997585296630859,0.103,14.0
308,0.002591848373413086,0.103,13.600000000000001
309,0.0006463527679443359,0.103,13.600000000000001
310,0.0026748180389404297,0.106,13.600000000000001
311,0.0005338191986083984,0.106,13.600000000000001
312,0.0007052421569824219,0.106,13.600000000000001
313,0.0019783973693847656,0.106,13.600000000000001
314,0.0006539821624755859,0.108,13.200000000000001
315,0.001668691635131836,0.108,13.200000000000001
316,0.0003597736358642578,0.108,13.200000000000001
317,0.00046133995056152344,0.108,13.600000000000001
318,0.0005717277526855469,0.108,13.600000000000001
319,0.0004563331604003906,0.108,13.600000000000001
320,0.00045680999755859375,0.108,13.600000000000001
321,0.0004885196685791016,0.108,13.600000000000001
322,0.0007588863372802734,0.108,14.0
323,0.0012135505676269531,0.108,14.0
324,0.0005311965942382812,0.108,14.0
325,0.002404928207397461,0.11,14.4
326,0.0006747245788574219,0.11,14.4
327,0.0025758743286132812,0.11,14.8
328,0.000579833984375,0.11,14.8
329,0.00261688232421875,0.11,15.200000000000001
330,0.0006194114685058594,0.11,15.200000000000001
331,0.0014357566833496094,0.11,15.600000000000001
332,0.00032258033752441406,0.11,15.600000000000001
333,0.0001556873321533203,0.11,16.0
334,0.00016188621520996094,0.11,16.400000000000002
335,0.0005776882171630859,0.11,16.400000000000002
336,0.000186920166015625,0.11,16.8
337,0.0010612010955810547,0.112,16.8
338,0.0002601146697998047,0.112,17.2
339,0.001497507095336914,0.112,17.6
340,0.00036334991455078125,0.112,17.6
341,0.0016112327575683594,0.114,18.0
342,0.0009810924530029297,0.114,18.0
343,0.002927064895629883,0.114,18.400000000000002
344,0.0007076263427734375,0.114,18.400000000000002
345,0.0022954940795898438,0.116,18.8
346,0.0007126331329345703,0.116,18.8
347,0.0025873184204101562,0.116,18.8
348,0.0006511211395263672,0.119,19.200000000000003
349,0.002492666244506836,0.119,19.200000000000003
350,0.0006251335144042969,0.119,19.200000000000003
351,0.0022933483123779297,0.119,19.200000000000003
352,0.0006339550018310547,0.119,19.200000000000003
353,0.0021882057189941406,0.119,19.6
354,0.00046372413635253906,0.121,19.6
355,0.0013060569763183594,0.121,19.6
356,0.0006153583526611328,0.121,19.6
357,0.0021708011627197266,0.121,19.6
358,0.0006165504455566406,0.121,19.6
359,0.0021619796752929688,0.123,19.6
360,0.0006411075592041016,0.123,19.6
361,0.002563953399658203,0.123,19.6
362,0.0005877017974853516,0.123,19.6
363,0.002091646194458008,0.123,19.6
364,0.0005598068237304688,0.123,19.200000000000003
365,0.0022623538970947266,0.123,19.200000000000003
366,0.0006191730499267578,0.123,19.200000000000003
367,0.002697467803955078,0.125,19.200000000000003
368,0.0017924308776855469,0.125,19.200000000000003
369,0.0006260871887207031,0.125,19.200000000000003
370,0.002062559127807617,0.125,19.200000000000003
371,0.000484466552734375,0.125,19.200000000000003
372,0.002686738967895508,0.125,19.200000000000003
373,0.0005970001220703125,0.127,19.200000000000003
374,0.0011157989501953125,0.127,19.200000000000003
375,0.002030611038208008,0.129,19.200000000000003
376,0.002030611038208008,0.129,19.200000000000003
377,0.0021088123321533203,0.129,19.200000000000003
378,0.0006372928619384766,0.129,19.200000000000003
379,0.0017747879028320312,0.129,19.200000000000003
380,0.0006020069122314453,0.129,19.200000000000003
381,0.0023767948150634766,0.131,19.200000000000003
382,0.0008649826049804688,0.131,19.200000000000003
383,0.002147197723388672,0.131,19.200000000000003
384,0.0005922317504882812,0.131,19.200000000000003
385,0.0026390552520751953,0.131,19.200000000000003
386,0.0005970001220703125,0.131,19.200000000000003
387,0.002451181411743164,0.131,19.6
388,0.0006384849548339844,0.131,19.6
389,0.0022656917572021484,0.131,19.6
390,0.0005900859832763672,0.131,19.6
391,0.0019986629486083984,0.134,20.0
392,0.0007140636444091797,0.134,20.0
393,0.002630949020385742,0.134,20.0
394,0.0007381439208984375,0.134,20.400000000000002
395,0.0027475357055664062,0.134,20.400000000000002
396,0.0006325244903564453,0.134,20.400000000000002
397,0.0025658607482910156,0.136,20.8
398,0.0006134510040283203,0.136,20.8
399,0.0023698806762695312,0.136,20.8
400,0.0005786418914794922,0.136,21.200000000000003
401,0.0022840499877929688,0.136,21.200000000000003
402,0.0006031990051269531,0.138,21.6
403,0.0025298595428466797,0.138,21.6
404,0.0005946159362792969,0.138,21.6
405,0.00133514404296875,0.14,22.0
406,0.0019800662994384766,0.14,22.0
407,0.0006661415100097656,0.14,22.400000000000002
408,0.0005729198455810547,0.14,22.400000000000002
409,0.0006973743438720703,0.14,22.400000000000002
410,0.0026984214782714844,0.14,22.8
411,0.0006434917449951172,0.14,22.8
412,0.002267599105834961,0.142,22.8
413,0.0006349086761474609,0.142,23.200000000000003
414,0.0024416446685791016,0.142,23.200000000000003
415,0.002513408660888672,0.142,23.200000000000003
416,0.0006120204925537109,0.142,23.6
417,0.0023756027221679688,0.14400000000000002,23.6
418,0.0011165142059326172,0.14400000000000002,23.6
419,0.0006725788116455078,0.14400000000000002,23.6
420,0.0023298263549804688,0.14400000000000002,24.0
421,0.0006108283996582031,0.14400000000000002,24.0
422,0.002274036407470703,0.14400000000000002,24.0
423,0.0005674362182617188,0.14400000000000002,24.0
424,0.002168416976928711,0.147,24.400000000000002
425,0.0014605522155761719,0.147,24.400000000000002
426,0.0013928413391113281,0.147,24.400000000000002
427,0.0008013248443603516,0.147,24.400000000000002
428,0.0021419525146484375,0.147,24.400000000000002
429,0.0005846023559570312,0.149,24.8
430,0.0020990371704101562,0.149,24.8
431,0.0005908012390136719,0.149,24.8
432,0.0026993751525878906,0.149,24.8
433,0.0005583763122558594,0.149,24.8
434,0.0024085044860839844,0.151,24.8
435,0.0005693435668945312,0.151,25.200000000000003
436,0.002248525619506836,0.151,25.200000000000003
437,0.0006458759307861328,0.151,25.200000000000003
438,0.002573728561401367,0.151,25.200000000000003
439,0.0005650520324707031,0.151,25.200000000000003
440,0.0024268627166748047,0.151,25.200000000000003
441,0.0005548000335693359,0.153,25.6
442,0.0023202896118164062,0.153,25.6
443,0.0006244182586669922,0.153,25.6
444,0.003063201904296875,0.153,25.6
445,0.000591278076171875,0.153,25.6
446,0.002773761749267578,0.153,26.0
447,0.0006012916564941406,0.155,26.0
448,0.002460479736328125,0.155,26.0
449,0.0005812644958496094,0.155,26.0
450,0.0024881362915039062,0.157,26.400000000000002
451,0.0005972385406494141,0.157,26.400000000000002
452,0.000667572021484375,0.159,26.400000000000002
453,0.002795696258544922,0.159,26.400000000000002
454,0.0006651878356933594,0.159,26.8
455,0.002727508544921875,0.159,26.8
456,0.0009260177612304688,0.159,26.8
457,0.0019500255584716797,0.159,27.200000000000003
458,0.0007710456848144531,0.159,27.200000000000003
459,0.002160787582397461,0.159,27.200000000000003
460,0.00084686279296875,0.159,27.6
461,0.002083301544189453,0.159,27.6
462,0.002243518829345703,0.159,27.6
463,0.002232074737548828,0.159,28.0
464,0.0006778240203857422,0.159,28.0
465,0.002023458480834961,0.159,28.0
466,0.0006270408630371094,0.157,28.400000000000002
467,0.0017521381378173828,0.155,28.400000000000002
468,0.0005872249603271484,0.155,28.400000000000002
469,0.0025415420532226562,0.155,28.8
470,0.0007097721099853516,0.153,28.8
471,0.0024459362030029297,0.151,28.8
472,0.0006170272827148438,0.151,29.200000000000003
473,0.002222776412963867,0.149,29.200000000000003
474,0.0006315708160400391,0.149,29.200000000000003
475,0.0006418228149414062,0.147,29.200000000000003
476,0.0005004405975341797,0.14400000000000002,29.6
477,0.0028579235076904297,0.14400000000000002,29.6
478,0.0005786418914794922,0.14400000000000002,29.6
479,0.0024895668029785156,0.142,29.6
480,0.0006871223449707031,0.142,29.6
481,0.0026657581329345703,0.14,29.6
482,0.0006167888641357422,0.138,29.200000000000003
483,0.002581357955932617,0.138,29.200000000000003
484,0.0005812644958496094,0.138,29.200000000000003
485,0.002456188201904297,0.136,28.8
486,0.0005865097045898438,0.136,28.8
487,0.0025653839111328125,0.136,28.400000000000002
488,0.0005590915679931641,0.134,28.0
489,0.0020759105682373047,0.131,27.6
490,0.0005445480346679688,0.131,27.6
491,0.001772165298461914,0.129,27.200000000000003
492,0.0005819797515869141,0.129,26.8
493,0.0021677017211914062,0.127,26.0
494,0.0005934238433837891,0.127,25.6
495,0.0015082359313964844,0.125,25.200000000000003
496,0.0006597042083740234,0.123,24.8
497,0.0026319026947021484,0.123,24.0
498,0.0005974769592285156,0.123,23.6
499,0.002763509750366211,0.123,22.8
500,0.0006093978881835938,0.123,22.400000000000002
501,0.0022125244140625,0.121,21.6
502,0.0007722377777099609,0.119,21.200000000000003
503,0.0026733875274658203,0.119,20.400000000000002
504,0.0006411075592041016,0.116,20.0
505,0.0026502609252929688,0.114,19.200000000000003
506,0.00061798095703125,0.114,18.400000000000002
507,0.002630472183227539,0.112,18.0
508,0.0006244182586669922,0.112,17.2
509,0.002544879913330078,0.11,16.8
510,0.0007071495056152344,0.108,16.0
511,0.0022652149200439453,0.108,15.600000000000001
512,0.0006725788116455078,0.106,15.200000000000001
513,0.0024116039276123047,0.106,14.4
514,0.0006260871887207031,0.106,14.0
515,0.0022606849670410156,0.101,13.600000000000001
516,0.0006422996520996094,0.101,13.200000000000001
517,0.0024738311767578125,0.097,12.8
518,0.0006139278411865234,0.097,12.4
519,0.0014750957489013672,0.097,12.0
520,0.0014750957489013672,0.091,12.0
521,0.002019166946411133,0.091,11.600000000000001
522,0.002443552017211914,0.086,11.200000000000001
523,0.0006413459777832031,0.086,11.200000000000001
524,0.0025396347045898438,0.086,10.8
525,0.0005714893341064453,0.084,10.8
526,0.0027518272399902344,0.08199999999999999,10.4
527,0.001547098159790039,0.08199999999999999,10.4
528,0.0005834102630615234,0.08199999999999999,10.4
529,0.0022983551025390625,0.08199999999999999,10.0
530,0.0005521774291992188,0.08,10.0
531,0.0021810531616210938,0.08,10.0
532,0.0005548000335693359,0.08,10.0
533,0.001085519790649414,0.08,10.0
534,0.0005843639373779297,0.08,10.0
535,0.002262115478515625,0.078,10.0
536,0.0005896091461181641,0.075,10.0
537,0.002646207809448242,0.075,10.0
538,0.0006082057952880859,0.073,10.0
539,0.002261638641357422,0.071,10.0
540,0.0005521774291992188,0.071,10.0
541,0.0023305416107177734,0.071,10.0
542,0.0006375312805175781,0.069,10.0
543,0.0026693344116210938,0.069,10.0
544,0.0006518363952636719,0.069,10.4
545,0.000514984130859375,0.069,10.4
546,0.001905202865600586,0.069,10.4
547,0.0006079673767089844,0.067,10.4
548,0.002698183059692383,0.065,10.4
549,0.0005786418914794922,0.065,10.4
550,0.002240896224975586,0.065,10.4
551,0.0005662441253662109,0.065,10.0
552,0.002138376235961914,0.065,10.0
553,0.0005609989166259766,0.063,10.0
554,0.0026776790618896484,0.06,10.0
555,0.0005426406860351562,0.06,10.0
556,0.002460956573486328,0.058,9.600000000000001
557,0.0006859302520751953,0.058,9.600000000000001
558,0.002767324447631836,0.055999999999999994,9.600000000000001
559,0.0005648136138916016,0.055999999999999994,9.200000000000001
560,0.0026798248291015625,0.054000000000000006,9.200000000000001
561,0.0005831718444824219,0.052000000000000005,9.200000000000001
562,0.0023500919342041016,0.052000000000000005,8.8
563,0.0005643367767333984,0.05,8.8
564,0.002190828323364258,0.05,8.4
565,0.0006055831909179688,0.047,8.4
566,0.0021080970764160156,0.047,8.0
567,0.0007815361022949219,0.045,7.6000000000000005
568,0.0025947093963623047,0.045,7.6000000000000005
569,0.0006058216094970703,0.043,7.2
570,0.0018486976623535156,0.040999999999999995,6.800000000000001
571,0.0005936622619628906,0.040999999999999995,6.4
572,0.0007784366607666016,0.040999999999999995,6.4
573,0.002624988555908203,0.040999999999999995,6.0
574,0.0006623268127441406,0.040999999999999995,5.6000000000000005
575,0.0023140907287597656,0.039,5.2
576,0.0006692409515380859,0.037000000000000005,4.800000000000001
577,0.002646923065185547,0.037000000000000005,4.800000000000001
578,0.0006082057952880859,0.037000000000000005,4.4
579,0.002088785171508789,0.037000000000000005,4.0
580,0.0005936622619628906,0.037000000000000005,3.6
581,0.0017852783203125,0.034,3.2
582,0.0005686283111572266,0.032,2.8000000000000003
583,0.0023505687713623047,0.032,2.4000000000000004
584,0.0006344318389892578,0.03,2.4000000000000004
585,0.0005204677581787109,0.03,2.0
586,0.002335786819458008,0.03,1.6
587,0.0007739067077636719,0.027999999999999997,1.2000000000000002
588,0.0021772384643554688,0.026,1.2000000000000002
589,0.0005710124969482422,0.026,0.8
590,0.002809286117553711,0.024,0.4
591,0.0005471706390380859,0.022,0.4
592,0.002147674560546875,0.022,0.0
593,0.0005595684051513672,0.019,0.0
594,0.0022974014282226562,0.019,-0.4
595,0.0005450248718261719,0.019,-0.4
596,0.0025670528411865234,0.019,-0.4
597,0.0005266666412353516,0.017,-0.8
598,0.002653837203979492,0.017,-0.8
599,0.0006003379821777344,0.017,-0.8
600,0.00232696533203125,0.017,-0.8
601,0.0005602836608886719,0.017,-0.8
602,0.0022885799407958984,0.015,-0.8
603,0.0005445480346679688,0.015,-0.8
604,0.002460479736328125,0.015,-0.8
605,0.0005397796630859375,0.015,-0.8
606,0.0016973018646240234,0.015,-0.8
607,0.0007467269897460938,0.015,-0.8
608,0.002127408981323242,0.015,-0.8
609,0.0005846023559570312,0.015,-0.8
610,0.001073598861694336,0.015,-0.8
611,0.0007798671722412109,0.011,-0.8
612,0.0023207664489746094,0.011,-0.8
613,0.0006196498870849609,0.011,-0.4
614,0.0017464160919189453,0.011,-0.4
615,0.0005965232849121094,0.011,-0.4
616,0.0021784305572509766,0.011,-0.4
617,0.0005991458892822266,0.011,0.0
618,0.001781463623046875,0.011,0.0
619,0.0005600452423095703,0.011,0.0
620,0.0026493072509765625,0.006,0.0
621,0.0005517005920410156,0.006,0.4
622,0.0024569034576416016,0.006,0.4
623,0.0020024776458740234,0.006,0.4
624,0.000598907470703125,0.006,0.4
625,0.002165079116821289,0.006,0.4
626,0.0005726814270019531,0.006,0.8
627,0.0023076534271240234,0.006,0.8
628,0.0005543231964111328,0.006,0.8
629,0.002283811569213867,0.006,0.8
630,0.002360105514526367,0.006,0.8
631,0.0006053447723388672,0.006,0.8
632,0.002103567123413086,0.006,1.2000000000000002
633,0.0005860328674316406,0.006,1.2000000000000002
634,0.0017626285552978516,0.006,1.2000000000000002
635,0.0005750656127929688,0.006,1.2000000000000002
636,0.0014808177947998047,0.006,1.2000000000000002
637,0.0006139278411865234,0.006,1.2000000000000002
638,0.002476930618286133,0.006,1.2000000000000002
639,0.0005624294281005859,0.006,1.2000000000000002
640,0.0022084712982177734,0.006,1.2000000000000002
641,0.0005507469177246094,0.006,0.8
642,0.001775979995727539,0.006,0.8
643,0.0005738735198974609,0.009000000000000001,0.8
644,0.0022749900817871094,0.011,0.8
645,0.0006062984466552734,0.015,0.8
646,0.0026497840881347656,0.015,0.8
647,0.0007922649383544922,0.022,0.8
648,0.0012850761413574219,0.026,0.4
649,0.0006933212280273438,0.026,0.4
650,0.0023212432861328125,0.032,0.4
651,0.0006363391876220703,0.032,0.4
652,0.0014526844024658203,0.034,0.4
653,0.0006277561187744141,0.039,0.4
654,0.0025746822357177734,0.039,0.0
655,0.0005764961242675781,0.039,0.0
656,0.0027017593383789062,0.039,0.0
657,0.0006606578826904297,0.039,0.0
658,0.002172708511352539,0.040999999999999995,0.0
659,0.0005896091461181641,0.040999999999999995,0.0
660,0.0022797584533691406,0.040999999999999995,0.0
661,0.0007910728454589844,0.040999999999999995,0.4
662,0.0021584033966064453,0.043,0.4
663,0.0007047653198242188,0.043,0.4
664,0.0020821094512939453,0.043,0.8
665,0.0006628036499023438,0.043,0.8
666,0.002428770065307617,0.043,0.8
667,0.0006747245788574219,0.045,1.2000000000000002
668,0.0026581287384033203,0.045,1.6
669,0.0006825923919677734,0.045,1.6
670,0.0022110939025878906,0.045,2.0
671,0.0022110939025878906,0.045,2.0
672,0.0011222362518310547,0.045,2.4000000000000004
673,0.0005910396575927734,0.047,2.8000000000000003
674,0.0021712779998779297,0.047,3.2
675,0.0016739368438720703,0.047,3.2
676,0.0007688999176025391,0.05,3.6
677,0.0006055831909179688,0.05,4.0
678,0.002167224884033203,0.05,4.4
679,0.0020940303802490234,0.052000000000000005,4.800000000000001
680,0.0006191730499267578,0.052000000000000005,5.2
681,0.002668619155883789,0.052000000000000005,5.6000000000000005
682,0.0016853809356689453,0.052000000000000005,6.0
683,0.0024869441986083984,0.052000000000000005,6.4
684,0.00084686279296875,0.052000000000000005,6.800000000000001
685,0.002274751663208008,0.052000000000000005,7.2
686,0.0008392333984375,0.052000000000000005,7.2
687,0.0025970935821533203,0.052000000000000005,7.6000000000000005
688,0.0008111000061035156,0.052000000000000005,8.0
689,0.0024356842041015625,0.054000000000000006,8.4
690,0.0006449222564697266,0.054000000000000006,8.4
691,0.0021071434020996094,0.054000000000000006,8.8
692,0.0006339550018310547,0.054000000000000006,8.8
693,0.002142667770385742,0.054000000000000006,9.200000000000001
694,0.0006728172302246094,0.054000000000000006,9.200000000000001
695,0.0020122528076171875,0.054000000000000006,9.600000000000001
696,0.0006761550903320312,0.055999999999999994,9.600000000000001
697,0.003241300582885742,0.055999999999999994,9.600000000000001
698,0.00048089027404785156,0.058,9.600000000000001
699,0.0013308525085449219,0.058,9.600000000000001
700,0.0007114410400390625,0.058,9.600000000000001
701,0.001890420913696289,0.058,9.600000000000001
702,0.0007257461547851562,0.058,9.600000000000001
703,0.0021936893463134766,0.06,9.200000000000001
704,0.000629425048828125,0.06,9.200000000000001
705,0.002043008804321289,0.06,9.200000000000001
706,0.0006070137023925781,0.06,8.8
707,0.002726316452026367,0.063,8.8
708,0.0005979537963867188,0.063,8.4
709,0.0026628971099853516,0.063,8.4
710,0.0006518363952636719,0.063,8.0
711,0.002523183822631836,0.065,8.0
712,0.0006535053253173828,0.065,7.6000000000000005
713,0.0022284984588623047,0.065,7.6000000000000005
714,0.0006239414215087891,0.065,7.2
715,0.0023818016052246094,0.065,7.2
716,0.0005965232849121094,0.065,6.800000000000001
717,0.0021555423736572266,0.065,6.800000000000001
718,0.00057220458984375,0.065,6.4
719,0.002110719680786133,0.065,6.4
720,0.0005896091461181641,0.065,6.0
721,0.0018084049224853516,0.065,6.0
722,0.0005962848663330078,0.067,6.0
723,0.0024576187133789062,0.067,5.6000000000000005
724,0.0006928443908691406,0.069,5.6000000000000005
725,0.002119779586791992,0.069,5.6000000000000005
726,0.0007050037384033203,0.069,5.6000000000000005
727,0.002269744873046875,0.069,5.6000000000000005
728,0.0005691051483154297,0.071,5.6000000000000005
729,0.002074003219604492,0.071,5.6000000000000005
730,0.0024433135986328125,0.071,5.6000000000000005
731,0.0006046295166015625,0.071,5.6000000000000005
732,0.0020945072174072266,0.071,5.6000000000000005
733,0.0006372928619384766,0.071,5.6000000000000005
734,0.0025103092193603516,0.071,6.0
735,0.0005629062652587891,0.071,6.0
736,0.0023345947265625,0.073,6.4
737,0.0005278587341308594,0.075,6.4
738,0.002481698989868164,0.075,6.800000000000001
739,0.0006084442138671875,0.075,6.800000000000001
740,0.0021152496337890625,0.075,7.2
741,0.0005688667297363281,0.075,7.6000000000000005
742,0.002112150192260742,0.078,7.6000000000000005
743,0.0006096363067626953,0.078,8.0
744,0.0025260448455810547,0.078,8.4
745,0.0005855560302734375,0.08,8.4
746,0.002524852752685547,0.08,8.8
747,0.0006422996520996094,0.08,9.200000000000001
748,0.002427339553833008,0.08,9.600000000000001
749,0.0005810260772705078,0.08199999999999999,10.0
750,0.002710103988647461,0.08199999999999999,10.4
751,0.0005855560302734375,0.08199999999999999,10.4
752,0.0025627613067626953,0.084,10.8
753,0.0006201267242431641,0.084,11.200000000000001
754,0.0022025108337402344,0.084,11.600000000000001
755,0.0005970001220703125,0.084,12.0
756,0.0020673274993896484,0.084,12.4
757,0.0007121562957763672,0.084,12.4
758,0.002817392349243164,0.084,12.8
759,0.0006253719329833984,0.084,13.200000000000001
760,0.0026082992553710938,0.084,13.200000000000001
761,0.0006654262542724609,0.086,13.600000000000001
762,0.003132343292236328,0.086,14.0
763,0.0006444454193115234,0.086,14.0
764,0.002736330032348633,0.086,14.4
765,0.0005822181701660156,0.086,14.4
766,0.002519845962524414,0.086,14.4
767,0.000560760498046875,0.08800000000000001,14.8
768,0.0026578903198242188,0.091,14.8
769,0.0005853176116943359,0.091,14.8
770,0.0023398399353027344,0.091,14.8
771,0.0005571842193603516,0.091,14.8
772,0.0031244754791259766,0.095,14.8
773,0.0006275177001953125,0.095,14.8
774,0.003040790557861328,0.095,14.8
775,0.0004687309265136719,0.095,14.8
776,0.0030448436737060547,0.095,14.8
777,0.0005834102630615234,0.095,14.8
778,0.002541065216064453,0.095,14.4
779,0.0006132125854492188,0.095,14.4
780,0.0023903846740722656,0.097,14.4
781,0.0005767345428466797,0.097,14.0
782,0.002744913101196289,0.099,14.0
783,0.002220630645751953,0.099,14.0
784,0.0005764961242675781,0.099,13.600000000000001
785,0.0022618770599365234,0.101,13.600000000000001
786,0.0005533695220947266,0.101,13.600000000000001
787,0.0023758411407470703,0.101,13.200000000000001
788,0.0005464553833007812,0.101,13.200000000000001
789,0.0022406578063964844,0.103,13.200000000000001
790,0.0005857944488525391,0.103,13.200000000000001
791,0.0018181800842285156,0.103,12.8
792,0.0007736682891845703,0.103,12.8
793,0.002658843994140625,0.106,12.8
794,0.0005676746368408203,0.106,12.8
795,0.002271890640258789,0.106,12.8
796,0.0005805492401123047,0.108,12.8
797,0.0024628639221191406,0.11,12.8
798,0.000583648681640625,0.11,12.8
799,0.0023696422576904297,0.11,12.8
800,0.000579833984375,0.11,12.8
801,0.0021505355834960938,0.11,13.200000000000001
802,0.0006163120269775391,0.11,13.200000000000001
803,0.0021495819091796875,0.11,13.200000000000001
804,0.0005674362182617188,0.11,13.600000000000001
805,0.0025725364685058594,0.11,13.600000000000001
806,0.0006234645843505859,0.11,14.0
807,0.002880096435546875,0.11,14.4
808,0.0006468296051025391,0.11,14.4
809,0.0026273727416992188,0.11,14.8
810,0.0006041526794433594,0.11,15.200000000000001
811,0.0026903152465820312,0.112,15.200000000000001
812,0.0006091594696044922,0.112,15.600000000000001
813,0.0024344921112060547,0.112,16.0
814,0.0006685256958007812,0.112,16.400000000000002
815,0.002727508544921875,0.114,16.8
816,0.0006146430969238281,0.114,17.2
817,0.0009245872497558594,0.114,17.2
818,0.0009245872497558594,0.114,17.2
819,0.0021305084228515625,0.116,17.6
820,0.0007047653198242188,0.116,18.0
821,0.0025086402893066406,0.119,18.400000000000002
822,0.0007691383361816406,0.119,18.400000000000002
823,0.0012137889862060547,0.119,18.8
824,0.0007071495056152344,0.119,19.200000000000003
825,0.00217437744140625,0.123,19.200000000000003
826,0.0007152557373046875,0.123,19.6
827,0.0012249946594238281,0.123,19.6
828,0.0006253719329833984,0.123,20.0
829,0.002642393112182617,0.123,20.0
830,0.0005857944488525391,0.123,20.400000000000002
831,0.0018537044525146484,0.123,20.400000000000002
832,0.0026481151580810547,0.125,20.8
833,0.0005886554718017578,0.125,20.8
834,0.0024123191833496094,0.125,20.8
835,0.0005846023559570312,0.125,21.200000000000003
836,0.0017497539520263672,0.125,21.200000000000003
837,0.0006754398345947266,0.129,21.200000000000003
838,0.002234220504760742,0.129,21.200000000000003
839,0.00047469139099121094,0.129,21.200000000000003
840,0.0021953582763671875,0.129,21.6
841,0.0005867481231689453,0.129,21.6
842,0.002361297607421875,0.131,21.6
843,0.0006306171417236328,0.131,21.6
844,0.002125978469848633,0.131,21.6
845,0.0005664825439453125,0.131,21.6
846,0.0023114681243896484,0.131,21.6
847,0.0007216930389404297,0.134,21.6
848,0.0021393299102783203,0.134,21.6
849,0.0005829334259033203,0.134,21.200000000000003
850,0.0024881362915039062,0.134,21.200000000000003
851,0.0005917549133300781,0.134,21.200000000000003
852,0.0013802051544189453,0.136,21.200000000000003
853,0.0005869865417480469,0.136,21.200000000000003
854,0.0021898746490478516,0.136,21.200000000000003
855,0.0005517005920410156,0.136,21.200000000000003
856,0.001787424087524414,0.136,21.200000000000003
857,0.0005810260772705078,0.136,21.200000000000003
858,0.0024046897888183594,0.136,21.200000000000003
859,0.0005559921264648438,0.138,21.200000000000003
860,0.0020875930786132812,0.138,21.200000000000003
861,0.0006010532379150391,0.138,21.200000000000003
862,0.002487659454345703,0.138,21.200000000000003
863,0.000614166259765625,0.14,21.200000000000003
864,0.002193450927734375,0.14,21.200000000000003
865,0.0006322860717773438,0.14,21.200000000000003
866,0.0028841495513916016,0.14,21.200000000000003
867,0.000667572021484375,0.14,21.200000000000003
868,0.002246856689453125,0.14,21.200000000000003
869,0.0005972385406494141,0.142,21.200000000000003
870,0.002412080764770508,0.142,21.6
871,0.0005679130554199219,0.142,21.6
872,0.0021944046020507812,0.142,21.6
873,0.0005934238433837891,0.142,21.6
874,0.0026845932006835938,0.142,22.0
875,0.0005397796630859375,0.142,22.0
876,0.0023691654205322266,0.14400000000000002,22.0
877,0.0006208419799804688,0.14400000000000002,22.400000000000002
878,0.00046515464782714844,0.14400000000000002,22.400000000000002
879,0.002645254135131836,0.14400000000000002,22.400000000000002
880,0.0006256103515625,0.14400000000000002,22.8
881,0.002179384231567383,0.14400000000000002,22.8
882,0.0007839202880859375,0.14400000000000002,23.200000000000003
883,0.002611875534057617,0.147,23.200000000000003
884,0.002635478973388672,0.147,23.6
885,0.0005695819854736328,0.147,23.6
886,0.002497434616088867,0.149,23.6
887,0.0005764961242675781,0.149,24.0
888,0.002547740936279297,0.149,24.0
889,0.0005598068237304688,0.149,24.400000000000002
890,0.0012700557708740234,0.149,24.400000000000002
891,0.0007009506225585938,0.151,24.8
892,0.0021238327026367188,0.151,24.8
893,0.0006771087646484375,0.151,25.200000000000003
894,0.0021495819091796875,0.153,25.200000000000003
895,0.0006206035614013672,0.153,25.6
896,0.0026197433471679688,0.153,25.6
897,0.0006289482116699219,0.155,26.0
898,0.0026772022247314453,0.155,26.0
899,0.0006229877471923828,0.155,26.400000000000002
900,0.0021932125091552734,0.155,26.400000000000002
901,0.0006098747253417969,0.155,26.400000000000002
902,0.002206087112426758,0.157,26.8
903,0.000476837158203125,0.157,26.8
904,0.002352476119995117,0.157,27.200000000000003
905,0.0005998611450195312,0.157,27.200000000000003
906,0.002783536911010742,0.159,27.6
907,0.0005867481231689453,0.159,27.6
908,0.0027055740356445312,0.159,27.6
909,0.000652313232421875,0.159,28.0
910,0.002198457717895508,0.159,28.0
911,0.0006625652313232422,0.159,28.400000000000002
912,0.0021507740020751953,0.159,28.400000000000002
913,0.0005950927734375,0.159,28.400000000000002
914,0.002313852310180664,0.159,28.8
915,0.0005896091461181641,0.162,28.8
916,0.0026504993438720703,0.162,28.8
917,0.0005843639373779297,0.162,29.200000000000003
918,0.002159595489501953,0.162,29.200000000000003
919,0.0005657672882080078,0.16399999999999998,29.200000000000003
920,0.002413511276245117,0.16399999999999998,29.6
921,0.0006146430969238281,0.166,29.6
922,0.002140045166015625,0.168,29.6
923,0.0006103515625,0.168,29.6
924,0.002266407012939453,0.168,30.0
925,0.0005879402160644531,0.17,30.0
926,0.0024652481079101562,0.172,30.0
927,0.0005567073822021484,0.172,30.0
928,0.0029244422912597656,0.175,30.0
929,0.0006067752838134766,0.177,30.400000000000002
930,0.0022737979888916016,0.177,30.400000000000002
931,0.0006067752838134766,0.177,30.400000000000002
932,0.0026082992553710938,0.177,30.400000000000002
933,0.0005686283111572266,0.177,30.8
934,0.0023148059844970703,0.177,30.8
935,0.0006003379821777344,0.177,30.8
936,0.0004899501800537109,0.179,30.8
937,0.002341747283935547,0.179,31.200000000000003
938,0.0006520748138427734,0.181,31.200000000000003
939,0.001104593276977539,0.183,31.6
940,0.0011379718780517578,0.183,31.6
941,0.0016405582427978516,0.183,32.0
942,0.0007975101470947266,0.183,32.0
943,0.0020873546600341797,0.183,32.4
944,0.0007326602935791016,0.185,32.800000000000004
945,0.0020303726196289062,0.185,32.800000000000004
946,0.0006923675537109375,0.185,33.2
947,0.0023550987243652344,0.188,33.6
948,0.00067138671875,0.19,34.0
949,0.0005917549133300781,0.19,34.4
950,0.0023391246795654297,0.19,34.4
951,0.0006382465362548828,0.19,34.800000000000004
952,0.0025870800018310547,0.192,35.2
953,0.0006046295166015625,0.192,35.6
954,0.0021703243255615234,0.194,36.0
955,0.00078582763671875,0.194,36.4
956,0.002016782760620117,0.194,36.800000000000004
957,0.0007472038269042969,0.194,37.2
958,0.0020720958709716797,0.194,37.6
959,0.0005793571472167969,0.196,38.0
960,0.00255584716796875,0.196,38.400000000000006
961,0.0006883144378662109,0.196,38.800000000000004
962,0.002125263214111328,0.196,39.2
963,0.0006406307220458984,0.196,39.6
964,0.0018084049224853516,0.196,40.0
965,0.0006012916564941406,0.196,40.400000000000006
966,0.001729726791381836,0.196,40.800000000000004
967,0.0006809234619140625,0.196,41.2
968,0.0021817684173583984,0.196,41.6
969,0.0006139278411865234,0.196,41.6
970,0.0026264190673828125,0.196,42.0
971,0.0026264190673828125,0.196,42.0
972,0.0020771026611328125,0.196,42.400000000000006
973,0.000629425048828125,0.196,42.800000000000004
974,0.0024390220642089844,0.198,43.2
975,0.0006031990051269531,0.2,43.2
976,0.0025119781494140625,0.2,43.6
977,0.0006010532379150391,0.2,43.6
978,0.0021851062774658203,0.2,44.0
979,0.0005810260772705078,0.2,44.0
980,0.002660036087036133,0.2,44.0
981,0.0006167888641357422,0.2,44.400000000000006
982,0.002214670181274414,0.2,44.400000000000006
983,0.0005671977996826172,0.2,44.400000000000006
984,0.002240419387817383,0.2,44.400000000000006
985,0.0005624294281005859,0.2,44.800000000000004
986,0.001817941665649414,0.2,44.800000000000004
987,0.0005769729614257812,0.2,44.800000000000004
988,0.002300262451171875,0.2,44.800000000000004
989,0.0006229877471923828,0.2,44.800000000000004
990,0.002094745635986328,0.2,44.800000000000004
991,0.000667572021484375,0.2,44.400000000000006
992,0.0018796920776367188,0.2,44.400000000000006
993,0.00061798095703125,0.2,44.400000000000006
994,0.0020682811737060547,0.2,44.400000000000006
995,0.0008046627044677734,0.2,44.400000000000006
996,0.0021126270294189453,0.2,44.0
997,0.0006906986236572266,0.2,44.0
998,0.0025386810302734375,0.2,44.0
999,0.0008792877197265625,0.2,44.0
1000,0.0027163028717041016,0.2,43.6
1001,0.0007674694061279297,0.2,43.6
1002,0.002167940139770508,0.2,43.2
1003,0.0006897449493408203,0.2,43.2
1004,0.00206756591796875,0.2,43.2
1005,0.0006923675537109375,0.2,42.800000000000004
1006,0.0005218982696533203,0.2,42.800000000000004
1007,0.0023005008697509766,0.2,42.800000000000004
1008,0.0006010532379150391,0.2,42.400000000000006
1009,0.001348733901977539,0.2,42.400000000000006
1010,0.0006031990051269531,0.2,42.0
1011,0.002551555633544922,0.198,42.0
1012,0.0007219314575195312,0.198,42.0
1013,0.0021817684173583984,0.198,41.6
1014,0.0005953311920166016,0.198,41.6
1015,0.002294301986694336,0.196,41.6
1016,0.0005946159362792969,0.196,41.2
1017,0.002282857894897461,0.196,41.2
1018,0.0006079673767089844,0.196,41.2
1019,0.0027794837951660156,0.196,40.800000000000004
1020,0.000579833984375,0.196,40.800000000000004
1021,0.0022430419921875,0.194,40.800000000000004
1022,0.0007750988006591797,0.192,40.800000000000004
1023,0.001397848129272461,0.192,40.400000000000006
1024,0.0006020069122314453,0.192,40.400000000000006
1025,0.0024728775024414062,0.192,40.400000000000006
1026,0.0005717277526855469,0.192,40.400000000000006
1027,0.0022249221801757812,0.192,40.0
1028,0.0005598068237304688,0.192,40.0
1029,0.002115488052368164,0.192,40.0
1030,0.0006093978881835938,0.192,40.0
1031,0.0013549327850341797,0.192,39.6
1032,0.00229644775390625,0.192,39.6
1033,0.000614166259765625,0.192,39.6
1034,0.002300739288330078,0.192,39.2
1035,0.0005941390991210938,0.192,39.2
1036,0.0025861263275146484,0.192,39.2
1037,0.000591278076171875,0.192,38.800000000000004
1038,0.0024728775024414062,0.19,38.800000000000004
1039,0.00055694580078125,0.19,38.400000000000006
1040,0.002212047576904297,0.19,38.400000000000006
1041,0.0006072521209716797,0.19,38.400000000000006
1042,0.002788543701171875,0.19,38.400000000000006
1043,0.0005614757537841797,0.19,38.0
1044,0.001982450485229492,0.188,38.0
1045,0.0005922317504882812,0.188,38.0
1046,0.0021991729736328125,0.185,37.6
1047,0.0006399154663085938,0.183,37.6
1048,0.002357959747314453,0.183,37.6
1049,0.0007016658782958984,0.183,37.6
1050,0.002511262893676758,0.183,37.2
1051,0.0006568431854248047,0.183,37.2
1052,0.0026297569274902344,0.181,37.2
1053,0.0005967617034912109,0.181,37.2
1054,0.0025894641876220703,0.179,36.800000000000004
1055,0.0005950927734375,0.179,36.800000000000004
1056,0.0013117790222167969,0.177,36.800000000000004
1057,0.0007100105285644531,0.177,36.800000000000004
1058,0.0026161670684814453,0.177,36.4
1059,0.0007483959197998047,0.177,36.4
1060,0.0027840137481689453,0.177,36.4
1061,0.0006692409515380859,0.177,36.0
1062,0.0026121139526367188,0.172,36.0
1063,0.0006873607635498047,0.172,35.6
1064,0.00035262107849121094,0.172,35.6
1065,0.000484466552734375,0.172,35.2
1066,0.0005767345428466797,0.172,35.2
1067,0.0020525455474853516,0.172,34.800000000000004
1068,0.0006070137023925781,0.17,34.4
1069,0.0011069774627685547,0.17,34.4
1070,0.0006258487701416016,0.17,34.0
1071,0.0020706653594970703,0.168,33.6
1072,0.0005943775177001953,0.168,33.6
1073,0.002198934555053711,0.168,33.2
1074,0.0005853176116943359,0.166,32.800000000000004
1075,0.0021576881408691406,0.166,32.4
1076,0.0006642341613769531,0.166,32.0
1077,0.0022253990173339844,0.16399999999999998,31.6
1078,0.0020406246185302734,0.16399999999999998,31.6
1079,0.0005772113800048828,0.16399999999999998,31.200000000000003
1080,0.002034902572631836,0.16399999999999998,30.8
1081,0.0006105899810791016,0.16399999999999998,30.400000000000002
1082,0.0010776519775390625,0.162,30.0
1083,0.0005705356597900391,0.162,29.6
1084,0.0025026798248291016,0.162,29.200000000000003
1085,0.0005981922149658203,0.162,28.8
1086,0.002106904983520508,0.162,28.400000000000002
1087,0.0006690025329589844,0.162,28.0
1088,0.002478361129760742,0.157,28.0
1089,0.0005552768707275391,0.157,27.6
1090,0.002104520797729492,0.157,27.200000000000003
1091,0.00054931640625,0.157,26.8
1092,0.0017576217651367188,0.157,26.400000000000002
1093,0.0005888938903808594,0.155,26.400000000000002
1094,0.0021026134490966797,0.155,26.0
1095,0.0007927417755126953,0.153,25.6
1096,0.0025873184204101562,0.151,25.6
1097,0.0008351802825927734,0.151,25.200000000000003
1098,0.0022895336151123047,0.151,25.200000000000003
1099,0.0007071495056152344,0.151,24.8
1100,0.002058267593383789,0.151,24.8
1101,0.0006978511810302734,0.151,24.8
1102,0.002674579620361328,0.151,24.400000000000002
1103,0.0006291866302490234,0.151,24.400000000000002
1104,0.002100706100463867,0.151,24.400000000000002
1105,0.0006127357482910156,0.149,24.400000000000002
1106,0.002294778823852539,0.149,24.400000000000002
1107,0.0006258487701416016,0.149,24.0
1108,0.0014824867248535156,0.147,24.0
1109,0.0006084442138671875,0.14400000000000002,24.0
1110,0.0026051998138427734,0.14400000000000002,24.0
1111,0.0006935596466064453,0.14400000000000002,24.0
1112,0.002288341522216797,0.142,24.0
1113,0.0006158351898193359,0.14,24.0
1114,0.0017330646514892578,0.14,24.0
1115,0.0006151199340820312,0.14,24.0
1116,0.0017862319946289062,0.14,24.0
1117,0.0006866455078125,0.14,24.0
1118,0.0028870105743408203,0.136,24.0
1119,0.0028870105743408203,0.136,24.0
1120,0.002445220947265625,0.136,24.0
1121,0.0005810260772705078,0.136,24.0
1122,0.002698659896850586,0.136,24.0
1123,0.0006606578826904297,0.136,24.0
1124,0.0023050308227539062,0.134,24.0
1125,0.0006170272827148438,0.131,24.0
1126,0.00176239013671875,0.131,24.0
1127,0.000659942626953125,0.131,23.6
1128,0.002657175064086914,0.129,23.6
1129,0.0005669593811035156,0.129,23.6
1130,0.0021505355834960938,0.129,23.6
1131,0.0006124973297119141,0.127,23.200000000000003
1132,0.0026581287384033203,0.127,23.200000000000003
1133,0.000606536865234375,0.123,22.8
1134,0.0018019676208496094,0.123,22.8
1135,0.0006015300750732422,0.123,22.400000000000002
1136,0.0025424957275390625,0.123,22.400000000000002
1137,0.002115011215209961,0.121,22.0
1138,0.0005855560302734375,0.119,22.0
1139,0.002111673355102539,0.119,21.6
1140,0.0006856918334960938,0.116,21.200000000000003
1141,0.0026273727416992188,0.116,21.200000000000003
1142,0.0008022785186767578,0.114,20.8
1143,0.002132415771484375,0.114,20.400000000000002
1144,0.0006425380706787109,0.112,20.0
1145,0.002012014389038086,0.112,19.6
1146,0.0007648468017578125,0.11,19.200000000000003
1147,0.0026967525482177734,0.11,18.8
1148,0.0006639957427978516,0.11,18.400000000000002
1149,0.0021660327911376953,0.11,18.400000000000002
1150,0.0006344318389892578,0.11,18.0
1151,0.0019068717956542969,0.11,17.6
1152,0.0007183551788330078,0.11,17.2
1153,0.0017366409301757812,0.106,16.8
1154,0.0006399154663085938,0.106,16.400000000000002
1155,0.0024526119232177734,0.103,16.0
1156,0.0006282329559326172,0.103,15.600000000000001
1157,0.0021424293518066406,0.103,15.200000000000001
1158,0.0005772113800048828,0.099,14.8
1159,0.0011816024780273438,0.099,14.4
1160,0.0006811618804931641,0.099,14.0
1161,0.0016064643859863281,0.099,13.600000000000001
1162,0.0006916522979736328,0.095,13.600000000000001
1163,0.00200653076171875,0.095,13.200000000000001
1164,0.0006110668182373047,0.095,12.8
1165,0.002432107925415039,0.095,12.4
1166,0.0006654262542724609,0.095,12.4
1167,0.002324342727661133,0.095,12.0
1168,0.000621795654296875,0.095,12.0
1169,0.0021021366119384766,0.095,11.600000000000001
1170,0.0005905628204345703,0.093,11.600000000000001
1171,0.0029549598693847656,0.091,11.200000000000001
1172,0.000698089599609375,0.08800000000000001,11.200000000000001
1173,0.0023012161254882812,0.08800000000000001,10.8
1174,0.0006651878356933594,0.086,10.8
1175,0.0024013519287109375,0.084,10.8
1176,0.0006055831909179688,0.084,10.8
1177,0.002202749252319336,0.08,10.4
1178,0.0005645751953125,0.08,10.4
1179,0.0025255680084228516,0.08,10.4
1180,0.0005695819854736328,0.08,10.4
1181,0.002023935317993164,0.08,10.4
1182,0.0006663799285888672,0.08,10.4
1183,0.0026993751525878906,0.08,10.4
1184,0.0007069110870361328,0.08,10.4
1185,0.001033782958984375,0.08,10.4
1186,0.0010840892791748047,0.08,10.4
1187,0.0023343563079833984,0.08,10.4
1188,0.0006635189056396484,0.08,10.4
1189,0.0021047592163085938,0.078,10.4
1190,0.0014774799346923828,0.075,10.4
1191,0.0006709098815917969,0.073,10.8
1192,0.0025413036346435547,0.073,10.8
1193,0.0006308555603027344,0.073,10.8
1194,0.0020313262939453125,0.069,10.8
1195,0.0005855560302734375,0.069,10.8
1196,0.0023169517517089844,0.069,10.8
1197,0.00047016143798828125,0.067,10.8
1198,0.0024755001068115234,0.067,10.8
1199,0.0006611347198486328,0.067,10.8
1200,0.002513408660888672,0.067,10.8
1201,0.0006437301635742188,0.067,10.8
1202,0.0022504329681396484,0.06,10.8
1203,0.0006511211395263672,0.06,10.4
1204,0.002498626708984375,0.06,10.4
1205,0.0006558895111083984,0.06,10.4
1206,0.0021827220916748047,0.06,10.4
1207,0.0008118152618408203,0.06,10.0
1208,0.00238037109375,0.058,10.0
1209,0.0006747245788574219,0.058,9.600000000000001
1210,0.0021119117736816406,0.055999999999999994,9.600000000000001
1211,0.0008606910705566406,0.054000000000000006,9.200000000000001
1212,0.0023992061614990234,0.054000000000000006,9.200000000000001
1213,0.0007178783416748047,0.054000000000000006,8.8
1214,0.0019583702087402344,0.054000000000000006,8.8
1215,0.0006279945373535156,0.054000000000000006,8.4
1216,0.0017247200012207031,0.054000000000000006,8.0
1217,0.0006229877471923828,0.052000000000000005,8.0
1218,0.002048015594482422,0.05,7.6000000000000005
1219,0.0005736351013183594,0.05,7.2
1220,0.0024633407592773438,0.05,6.800000000000001
1221,0.0005869865417480469,0.05,6.4
1222,0.0019369125366210938,0.05,6.4
1223,0.0007326602935791016,0.05,6.0
1224,0.002615213394165039,0.047,5.6000000000000005
1225,0.0007157325744628906,0.047,5.2
1226,0.002283334732055664,0.047,4.800000000000001
1227,0.0007336139678955078,0.047,4.4
1228,0.001615762710571289,0.045,4.4
1229,0.0006101131439208984,0.045,4.0
1230,0.002269744873046875,0.045,3.6
1231,0.0005743503570556641,0.043,3.2
1232,0.0019466876983642578,0.043,3.2
1233,0.0006549358367919922,0.043,2.8000000000000003
1234,0.0017209053039550781,0.040999999999999995,2.8000000000000003
1235,0.0007939338684082031,0.040999999999999995,2.4000000000000004
1236,0.002551555633544922,0.039,2.4000000000000004
1237,0.0007994174957275391,0.039,2.0
1238,0.0021080970764160156,0.039,2.0
1239,0.0006377696990966797,0.039,1.6
1240,0.002481222152709961,0.034,1.6
1241,0.0006194114685058594,0.034,1.6
1242,0.002256155014038086,0.034,1.6
1243,0.0006113052368164062,0.034,1.6
1244,0.001953601837158203,0.034,1.6
1245,0.0006601810455322266,0.034,1.6
1246,0.0022292137145996094,0.034,1.6
1247,0.0006916522979736328,0.032,1.6
1248,0.0019330978393554688,0.032,1.6
1249,0.0008218288421630859,0.032,1.6
1250,0.0020732879638671875,0.03,1.6
1251,0.0007266998291015625,0.03,1.6
1252,0.0007758140563964844,0.027999999999999997,1.6
1253,0.0007994174957275391,0.027999999999999997,2.0
1254,0.0020859241485595703,0.027999999999999997,2.0
1255,0.0006198883056640625,0.027999999999999997,2.0
1256,0.0021965503692626953,0.027999999999999997,2.0
1257,0.0005979537963867188,0.027999999999999997,2.4000000000000004
1258,0.0020263195037841797,0.026,2.4000000000000004
1259,0.0007500648498535156,0.026,2.4000000000000004
1260,0.0022308826446533203,0.026,2.4000000000000004
1261,0.0009131431579589844,0.026,2.8000000000000003
1262,0.0020897388458251953,0.026,2.8000000000000003
1263,0.0007529258728027344,0.026,2.8000000000000003
1264,0.0019807815551757812,0.026,2.8000000000000003
1265,0.0006868839263916016,0.026,2.8000000000000003
1266,0.0022385120391845703,0.026,2.8000000000000003
1267,0.0006265640258789062,0.026,3.2
1268,0.0020966529846191406,0.022,3.2
1269,0.0007219314575195312,0.022,3.2
1270,0.0017313957214355469,0.022,3.2
1271,0.0017313957214355469,0.022,3.2
1272,0.002255678176879883,0.019,3.2
1273,0.0008058547973632812,0.019,3.2
1274,0.0009849071502685547,0.019,3.2
1275,0.0006577968597412109,0.019,3.2
1276,0.002412557601928711,0.017,3.2
1277,0.0008704662322998047,0.017,3.2
1278,0.0023376941680908203,0.017,2.8000000000000003
1279,0.0007040500640869141,0.015,2.8000000000000003
1280,0.002050161361694336,0.013,2.8000000000000003
1281,0.0006361007690429688,0.013,2.8000000000000003
1282,0.0021104812622070312,0.013,2.8000000000000003
1283,0.0006017684936523438,0.013,2.4000000000000004
1284,0.0025129318237304688,0.011,2.4000000000000004
1285,0.0006377696990966797,0.011,2.0
1286,0.002089262008666992,0.011,2.0
1287,0.0005786418914794922,0.011,2.0
1288,0.002891063690185547,0.011,1.6
1289,0.0007076263427734375,0.009000000000000001,1.6
1290,0.002111196517944336,0.009000000000000001,1.2000000000000002
1291,0.0006492137908935547,0.009000000000000001,0.8
1292,0.0018017292022705078,0.006,0.8
1293,0.0009255409240722656,0.006,0.4
1294,0.0020661354064941406,0.006,0.4
1295,0.0008816719055175781,0.006,0.0
1296,0.002434968948364258,0.006,-0.4
1297,0.0008029937744140625,0.004,-0.4
1298,0.001285552978515625,0.004,-0.8
1299,0.0007936954498291016,0.004,-0.8
1300,0.0025339126586914062,0.004,-1.2000000000000002
1301,0.0006968975067138672,0.004,-1.2000000000000002
1302,0.0020797252655029297,0.004,-1.6
1303,0.0007364749908447266,0.0,-1.6
1304,0.0024073123931884766,0.0,-2.0
1305,0.0006997585296630859,0.0,-2.0
1306,0.002164125442504883,0.0,-2.0
1307,0.0006194114685058594,0.0,-2.0
1308,0.002546072006225586,0.0,-2.4000000000000004
1309,0.0005922317504882812,0.0,-2.4000000000000004
1310,0.0009016990661621094,0.0,-2.4000000000000004
1311,0.0008590221405029297,0.0,-2.4000000000000004
1312,0.0021588802337646484,0.0,-2.4000000000000004
1313,0.0006883144378662109,0.0,-2.4000000000000004
1314,0.002501249313354492,0.0,-2.4000000000000004
1315,0.0006256103515625,0.0,-2.4000000000000004
1316,0.002330303192138672,0.0,-2.4000000000000004
1317,0.0006101131439208984,0.0,-2.0
1318,0.0020248889923095703,0.0,-2.0
1319,0.0005936622619628906,0.0,-2.0
1320,0.002591848373413086,0.0,-1.6
1321,0.000629425048828125,0.0,-1.6
1322,0.0017054080963134766,0.0,-1.6
1323,0.0006046295166015625,0.0,-1.2000000000000002
1324,0.001108407974243164,0.0,-1.2000000000000002
1325,0.0007121562957763672,0.0,-0.8
1326,0.002413511276245117,0.0,-0.8
1327,0.0006477832794189453,0.0,-0.4
1328,0.0024771690368652344,0.0,-0.4
1329,0.0005974769592285156,0.0,0.0
1330,0.002415180206298828,0.0,0.0
1331,0.0008802413940429688,0.0,0.4
1332,0.001889944076538086,0.002,0.8
1333,0.0007147789001464844,0.002,0.8
1334,0.0018186569213867188,0.004,1.2000000000000002
1335,0.0006287097930908203,0.009000000000000001,1.2000000000000002
1336,0.002705097198486328,0.009000000000000001,1.2000000000000002
1337,0.0007033348083496094,0.013,1.6
1338,0.0023581981658935547,0.013,1.6
1339,0.0006139278411865234,0.013,2.0
1340,0.0021746158599853516,0.017,2.0
1341,0.0006427764892578125,0.017,2.0
1342,0.002152681350708008,0.017,2.0
1343,0.0006723403930664062,0.019,2.4000000000000004
1344,0.0024137496948242188,0.019,2.4000000000000004
1345,0.0006265640258789062,0.019,2.4000000000000004
1346,0.002344846725463867,0.019,2.4000000000000004
1347,0.0006101131439208984,0.019,2.4000000000000004
1348,0.0024347305297851562,0.019,2.4000000000000004
1349,0.0007572174072265625,0.019,2.4000000000000004
1350,0.002210855484008789,0.019,2.4000000000000004
1351,0.0006091594696044922,0.019,2.4000000000000004
1352,0.0024063587188720703,0.024,2.4000000000000004
1353,0.000621795654296875,0.024,2.0
1354,0.002061128616333008,0.024,2.0
1355,0.0006706714630126953,0.024,2.0
1356,0.0023179054260253906,0.024,2.0
1357,0.0006468296051025391,0.024,2.0
1358,0.0022149085998535156,0.026,1.6
1359,0.0005974769592285156,0.026,1.6
1360,0.0016412734985351562,0.026,1.6
1361,0.0006270408630371094,0.027999999999999997,1.6
1362,0.0019571781158447266,0.027999999999999997,1.2000000000000002
1363,0.0007030963897705078,0.027999999999999997,1.2000000000000002
1364,0.0024046897888183594,0.027999999999999997,1.2000000000000002
1365,0.0006308555603027344,0.027999999999999997,1.2000000000000002
1366,0.0016360282897949219,0.027999999999999997,1.2000000000000002
1367,0.0007214546203613281,0.03,1.2000000000000002
1368,0.0020058155059814453,0.03,0.8
1369,0.0005924701690673828,0.03,0.8
1370,0.0017919540405273438,0.03,0.8
1371,0.0005881786346435547,0.032,0.8
1372,0.0024225711822509766,0.032,0.8
1373,0.0006451606750488281,0.032,0.8
1374,0.003335714340209961,0.032,0.8
1375,0.0007104873657226562,0.037000000000000005,0.8
1376,0.0016679763793945312,0.037000000000000005,1.2000000000000002
1377,0.0006453990936279297,0.039,1.2000000000000002
1378,0.002099275588989258,0.039,1.2000000000000002
1379,0.0006654262542724609,0.040999999999999995,1.2000000000000002
1380,0.0023355484008789062,0.040999999999999995,1.2000000000000002
1381,0.0006074905395507812,0.043,1.2000000000000002
1382,0.001825571060180664,0.043,1.6
1383,0.0005786418914794922,0.045,1.6
1384,0.0022323131561279297,0.047,1.6
1385,0.0005719661712646484,0.047,2.0
1386,0.001806497573852539,0.05,2.0
1387,0.0007598400115966797,0.05,2.4000000000000004
1388,0.002700328826904297,0.05,2.4000000000000004
1389,0.0006678104400634766,0.052000000000000005,2.8000000000000003
1390,0.0014569759368896484,0.054000000000000006,3.2
1391,0.0006093978881835938,0.054000000000000006,3.2
1392,0.0020952224731445312,0.054000000000000006,3.6
1393,0.0006074905395507812,0.054000000000000006,4.0
1394,0.002117633819580078,0.054000000000000006,4.0
1395,0.0006339550018310547,0.054000000000000006,4.4
1396,0.002176046371459961,0.054000000000000006,4.800000000000001
1397,0.0007846355438232422,0.054000000000000006,5.2
1398,0.0016734600067138672,0.054000000000000006,5.6000000000000005
1399,0.0004949569702148438,0.054000000000000006,6.0
1400,0.0015461444854736328,0.055999999999999994,6.0
1401,0.0010838508605957031,0.055999999999999994,6.4
1402,0.002305269241333008,0.055999999999999994,6.800000000000001
1403,0.0007414817810058594,0.06,7.2
1404,0.0019233226776123047,0.06,7.6000000000000005
1405,0.000644683837890625,0.063,8.0
1406,0.002379179000854492,0.065,8.0
1407,0.0005261898040771484,0.067,8.4
1408,0.0011124610900878906,0.069,8.8
1409,0.0007443428039550781,0.069,8.8
1410,0.0024421215057373047,0.073,9.200000000000001
1411,0.0006878376007080078,0.073,9.200000000000001
1412,0.002422809600830078,0.08,9.600000000000001
1413,0.0008351802825927734,0.08,9.600000000000001
1414,0.0023162364959716797,0.08,10.0
1415,0.0007262229919433594,0.08,10.0
1416,0.0025625228881835938,0.08,10.4
1417,0.0008711814880371094,0.08800000000000001,10.4
1418,0.001708984375,0.08800000000000001,10.4
1419,0.001708984375,0.08800000000000001,10.4
1420,0.001965761184692383,0.08800000000000001,10.8
1421,0.0008139610290527344,0.08800000000000001,10.8
1422,0.0023193359375,0.08800000000000001,10.8
1423,0.0005788803100585938,0.08800000000000001,11.200000000000001
1424,0.0020453929901123047,0.08800000000000001,11.200000000000001
1425,0.0008025169372558594,0.08800000000000001,11.200000000000001
1426,0.002031564712524414,0.08800000000000001,11.600000000000001
1427,0.0009558200836181641,0.08800000000000001,11.600000000000001
1428,0.0024242401123046875,0.08800000000000001,11.600000000000001
1429,0.0006158351898193359,0.08800000000000001,12.0
1430,0.001999378204345703,0.08800000000000001,12.0
1431,0.00061798095703125,0.08800000000000001,12.0
1432,0.0023910999298095703,0.08800000000000001,12.4
1433,0.0005931854248046875,0.08800000000000001,12.4
1434,0.0016062259674072266,0.08800000000000001,12.4
1435,0.0005962848663330078,0.08800000000000001,12.8
1436,0.0020928382873535156,0.08800000000000001,12.8
1437,0.0006208419799804688,0.08800000000000001,12.8
1438,0.0022554397583007812,0.08800000000000001,13.200000000000001
1439,0.0007483959197998047,0.08800000000000001,13.200000000000001
1440,0.0021309852600097656,0.08800000000000001,13.200000000000001
1441,0.0006587505340576172,0.08800000000000001,13.200000000000001
1442,0.0021021366119384766,0.08800000000000001,13.200000000000001
1443,0.0007936954498291016,0.08800000000000001,13.600000000000001
1444,0.002110004425048828,0.08800000000000001,13.600000000000001
1445,0.0006744861602783203,0.08800000000000001,13.600000000000001
1446,0.0020647048950195312,0.08800000000000001,13.600000000000001
1447,0.0007474422454833984,0.08800000000000001,13.600000000000001
1448,0.0024514198303222656,0.08800000000000001,13.600000000000001
1449,0.0006020069122314453,0.093,13.600000000000001
1450,0.0019898414611816406,0.093,13.600000000000001
1451,0.0007698535919189453,0.093,13.600000000000001
1452,0.0024726390838623047,0.093,13.600000000000001
1453,0.0007033348083496094,0.097,13.200000000000001
1454,0.002189159393310547,0.097,13.200000000000001
1455,0.0006062984466552734,0.097,13.200000000000001
1456,0.0021791458129882812,0.097,13.200000000000001
1457,0.0006191730499267578,0.099,13.200000000000001
1458,0.0020830631256103516,0.099,12.8
1459,0.0005972385406494141,0.099,12.8
1460,0.002511262893676758,0.099,12.8
1461,0.0006511211395263672,0.099,12.8
1462,0.0025887489318847656,0.099,12.8
1463,0.0007381439208984375,0.099,12.8
1464,0.0023238658905029297,0.099,12.8
1465,0.0006434917449951172,0.099,12.8
1466,0.0017499923706054688,0.101,12.8
1467,0.0006461143493652344,0.101,12.8
1468,0.002010345458984375,0.101,12.8
1469,0.0005950927734375,0.103,12.8
1470,0.0017666816711425781,0.103,12.8
1471,0.0005943775177001953,0.103,12.8
1472,0.0021615028381347656,0.103,12.8
1473,0.0005979537963867188,0.106,12.8
1474,0.0019567012786865234,0.106,12.8
1475,0.0006241798400878906,0.106,13.200000000000001
1476,0.0022628307342529297,0.108,13.200000000000001
1477,0.0007660388946533203,0.11,13.200000000000001
1478,0.002587556838989258,0.11,13.600000000000001
1479,0.0006270408630371094,0.11,13.600000000000001
1480,0.0022611618041992188,0.11,13.600000000000001
1481,0.0006563663482666016,0.112,14.0
1482,0.0024423599243164062,0.112,14.0
1483,0.0006005764007568359,0.112,14.4
1484,0.001994609832763672,0.112,14.4
1485,0.0005679130554199219,0.112,14.8
1486,0.0020914077758789062,0.116,14.8
1487,0.0007076263427734375,0.116,15.200000000000001
1488,0.002098560333251953,0.116,15.600000000000001
1489,0.0007386207580566406,0.116,15.600000000000001
1490,0.0025091171264648438,0.116,16.0
1491,0.0006341934204101562,0.119,16.400000000000002
1492,0.0021622180938720703,0.119,16.400000000000002
1493,0.0006918907165527344,0.119,16.8
1494,0.002254486083984375,0.119,17.2
1495,0.0006558895111083984,0.121,17.6
1496,0.002031564712524414,0.121,17.6
1497,0.0008325576782226562,0.121,18.0
1498,0.0022361278533935547,0.121,18.400000000000002
1499,0.0006000995635986328,0.121,18.400000000000002
1500,0.0020275115966796875,0.121,18.8
1501,0.0008161067962646484,0.125,19.200000000000003
1502,0.001703023910522461,0.125,19.6
1503,0.000690460205078125,0.125,19.6
1504,0.0021305084228515625,0.125,20.0
1505,0.0007150173187255859,0.125,20.400000000000002
1506,0.0024585723876953125,0.125,20.400000000000002
1507,0.0007236003875732422,0.125,20.8
1508,0.0021457672119140625,0.125,20.8
1509,0.0006723403930664062,0.127,21.200000000000003
1510,0.0020890235900878906,0.127,21.200000000000003
1511,0.000484466552734375,0.127,21.6
1512,0.0032243728637695312,0.127,21.6
1513,0.0006978511810302734,0.127,22.0
1514,0.002087831497192383,0.129,22.0
1515,0.0007905960083007812,0.129,22.0
1516,0.002522706985473633,0.129,22.0
1517,0.0008115768432617188,0.129,22.400000000000002
1518,0.002103567123413086,0.129,22.400000000000002
1519,0.0006582736968994141,0.129,22.400000000000002
1520,0.001967906951904297,0.131,22.400000000000002
1521,0.0008242130279541016,0.131,22.400000000000002
1522,0.002105236053466797,0.131,22.400000000000002
1523,0.0006952285766601562,0.131,22.400000000000002
1524,0.0022635459899902344,0.134,22.400000000000002
1525,0.0004875659942626953,0.134,22.0
1526,0.002341747283935547,0.136,22.0
1527,0.0007770061492919922,0.136,22.0
1528,0.0020363330841064453,0.138,22.0
1529,0.0006434917449951172,0.138,21.6
1530,0.0025255680084228516,0.138,21.6
1531,0.0006265640258789062,0.138,21.6
1532,0.002167224884033203,0.138,21.6
1533,0.0006129741668701172,0.138,21.200000000000003
1534,0.0019919872283935547,0.138,21.200000000000003
1535,0.0007407665252685547,0.138,21.200000000000003
1536,0.0024595260620117188,0.138,21.200000000000003
1537,0.0006954669952392578,0.138,21.200000000000003
1538,0.0021140575408935547,0.138,20.8
1539,0.0007722377777099609,0.138,20.8
1540,0.0021915435791015625,0.14,20.8
1541,0.0007023811340332031,0.14,20.8
1542,0.0008335113525390625,0.142,20.8
1543,0.0006916522979736328,0.142,20.8
1544,0.0015633106231689453,0.14400000000000002,20.8
1545,0.0006723403930664062,0.14400000000000002,20.8
1546,0.0021123886108398438,0.14400000000000002,20.8
1547,0.0006151199340820312,0.14400000000000002,21.200000000000003
1548,0.002067089080810547,0.14400000000000002,21.200000000000003
1549,0.0006420612335205078,0.14400000000000002,21.200000000000003
1550,0.002282381057739258,0.14400000000000002,21.200000000000003
1551,0.0006563663482666016,0.14400000000000002,21.6
1552,0.0019609928131103516,0.14400000000000002,21.6
1553,0.0007989406585693359,0.14400000000000002,21.6
1554,0.0024039745330810547,0.14400000000000002,22.0
1555,0.0007090568542480469,0.147,22.0
1556,0.0020265579223632812,0.147,22.400000000000002
1557,0.000728607177734375,0.149,22.400000000000002
1558,0.0022678375244140625,0.149,22.8
1559,0.0005967617034912109,0.149,22.8
1560,0.0015974044799804688,0.151,23.200000000000003
1561,0.0006997585296630859,0.151,23.6
1562,0.002309083938598633,0.151,23.6
1563,0.0006809234619140625,0.151,24.0
1564,0.0021054744720458984,0.153,24.0
1565,0.0008141994476318359,0.153,24.400000000000002
1566,0.002213716506958008,0.153,24.8
1567,0.0019311904907226562,0.155,25.200000000000003
1568,0.0025746822357177734,0.155,25.200000000000003
1569,0.0025746822357177734,0.157,25.200000000000003
1570,0.0020034313201904297,0.159,25.6
1571,0.0006251335144042969,0.159,26.0
1572,0.002172708511352539,0.162,26.0
1573,0.0005710124969482422,0.162,26.400000000000002
1574,0.002220630645751953,0.162,26.8
1575,0.0004658699035644531,0.162,27.200000000000003
1576,0.00228118896484375,0.162,27.200000000000003
1577,0.0009617805480957031,0.162,27.6
1578,0.0020618438720703125,0.166,28.0
1579,0.0006256103515625,0.166,28.0
1580,0.002567768096923828,0.166,28.400000000000002
1581,0.0006024837493896484,0.166,28.8
1582,0.002186298370361328,0.166,28.8
1583,0.0006053447723388672,0.17,29.200000000000003
1584,0.002339601516723633,0.17,29.6
1585,0.0005671977996826172,0.17,30.0
1586,0.0022673606872558594,0.172,30.0
1587,0.0008008480072021484,0.172,30.400000000000002
1588,0.002026796340942383,0.172,30.8
1589,0.0005679130554199219,0.175,30.8
1590,0.002069711685180664,0.177,31.200000000000003
1591,0.0007371902465820312,0.177,31.6
1592,0.002520322799682617,0.177,31.6
1593,0.0006327629089355469,0.177,32.0
1594,0.0020384788513183594,0.179,32.4
1595,0.0005860328674316406,0.179,32.800000000000004
1596,0.0021293163299560547,0.179,32.800000000000004
1597,0.0006563663482666016,0.181,33.2
1598,0.002092123031616211,0.181,33.6
1599,0.0006146430969238281,0.181,33.6
1600,0.0022809505462646484,0.181,34.0
1601,0.0006327629089355469,0.181,34.4
1602,0.001981973648071289,0.183,34.4
1603,0.0007224082946777344,0.183,34.800000000000004
1604,0.002111673355102539,0.183,35.2
1605,0.0006241798400878906,0.183,35.2
1606,0.002271890640258789,0.183,35.6
1607,0.0006198883056640625,0.185,35.6
1608,0.0022802352905273438,0.185,36.0
1609,0.0006129741668701172,0.185,36.4
1610,0.0017979145050048828,0.185,36.4
1611,0.0007474422454833984,0.185,36.800000000000004
1612,0.0015120506286621094,0.185,36.800000000000004
1613,0.0006036758422851562,0.185,37.2
1614,0.0020935535430908203,0.185,37.2
1615,0.0007021427154541016,0.185,37.2
1616,0.0014345645904541016,0.19,37.6
1617,0.0006527900695800781,0.19,37.6
1618,0.0021212100982666016,0.19,37.6
1619,0.0006129741668701172,0.19,38.0
1620,0.002565622329711914,0.19,38.0
1621,0.0006573200225830078,0.19,38.0
1622,0.0013077259063720703,0.19,38.0
1623,0.0005660057067871094,0.192,38.400000000000006
1624,0.002646207809448242,0.192,38.400000000000006
1625,0.0006017684936523438,0.194,38.400000000000006
1626,0.001859903335571289,0.194,38.400000000000006
1627,0.0007259845733642578,0.194,38.400000000000006
1628,0.002218961715698242,0.194,38.400000000000006
1629,0.0006730556488037109,0.196,38.400000000000006
1630,0.0017359256744384766,0.196,38.400000000000006
1631,0.0006000995635986328,0.196,38.800000000000004
1632,0.002128124237060547,0.196,38.800000000000004
1633,0.0005934238433837891,0.198,38.800000000000004
1634,0.0020668506622314453,0.198,38.800000000000004
1635,0.0006113052368164062,0.2,38.800000000000004
1636,0.0017666816711425781,0.2,38.800000000000004
1637,0.0006163120269775391,0.203,38.800000000000004
1638,0.002007722854614258,0.203,38.800000000000004
1639,0.0005831718444824219,0.203,39.2
1640,0.0019855499267578125,0.203,39.2
1641,0.0006866455078125,0.203,39.2
1642,0.002385377883911133,0.203,39.2
1643,0.00063323974609375,0.203,39.6
1644,0.0019099712371826172,0.205,39.6
1645,0.0006167888641357422,0.207,39.6
1646,0.002007007598876953,0.207,40.0
1647,0.0006310939788818359,0.207,40.0
1648,0.001627206802368164,0.209,40.400000000000006
1649,0.0005626678466796875,0.209,40.400000000000006
1650,0.002592802047729492,0.209,40.800000000000004
1651,0.0006735324859619141,0.209,40.800000000000004
1652,0.0019631385803222656,0.209,41.2
1653,0.0007357597351074219,0.209,41.6
1654,0.0020313262939453125,0.209,41.6
1655,0.0006444454193115234,0.209,42.0
1656,0.0015573501586914062,0.209,42.400000000000006
1657,0.0006144046783447266,0.211,42.800000000000004
1658,0.0016438961029052734,0.211,43.2
1659,0.0006673336029052734,0.211,43.6
1660,0.0014243125915527344,0.211,44.0
1661,0.0006613731384277344,0.213,44.400000000000006
1662,0.001249074935913086,0.213,44.400000000000006
1663,0.0006241798400878906,0.213,44.800000000000004
1664,0.0023741722106933594,0.213,45.2
1665,0.0007300376892089844,0.213,45.6
1666,0.0022156238555908203,0.21600000000000005,46.0
1667,0.0006830692291259766,0.21600000000000005,46.400000000000006
1668,0.0018918514251708984,0.21600000000000005,46.800000000000004
1669,0.0006427764892578125,0.21600000000000005,47.2
1670,0.001641988754272461,0.21600000000000005,47.6
1671,0.0006325244903564453,0.21600000000000005,48.0
1672,0.0026137828826904297,0.21600000000000005,48.400000000000006
1673,0.0005996227264404297,0.218,48.800000000000004
1674,0.002218961715698242,0.218,48.800000000000004
1675,0.0006830692291259766,0.22,49.2
1676,0.0022907257080078125,0.22,49.6
1677,0.0008084774017333984,0.22,50.0
1678,0.0019643306732177734,0.222,50.400000000000006
1679,0.0007340908050537109,0.222,50.400000000000006
1680,0.0016696453094482422,0.222,50.800000000000004
1681,0.0006747245788574219,0.222,51.2
1682,0.0020601749420166016,0.222,51.2
1683,0.0006048679351806641,0.224,51.6
1684,0.002229928970336914,0.224,51.6
1685,0.0005774497985839844,0.224,52.0
1686,0.0022890567779541016,0.224,52.0
1687,0.0008981227874755859,0.224,52.400000000000006
1688,0.0016224384307861328,0.224,52.400000000000006
1689,0.000659942626953125,0.224,52.800000000000004
1690,0.0017185211181640625,0.224,52.800000000000004
1691,0.0008296966552734375,0.224,53.2
1692,0.002545595169067383,0.224,53.2
1693,0.0007228851318359375,0.224,53.2
1694,0.0020248889923095703,0.224,53.6
1695,0.0007212162017822266,0.224,53.6
1696,0.002379894256591797,0.224,53.6
1697,0.0006549358367919922,0.224,53.6
1698,0.002144336700439453,0.224,53.6
1699,0.0005998611450195312,0.224,54.0
1700,0.0016927719116210938,0.224,54.0
1701,0.0006237030029296875,0.224,54.0
1702,0.0020236968994140625,0.224,54.0
1703,0.0007255077362060547,0.226,54.0
1704,0.0018982887268066406,0.226,54.0
1705,0.0006682872772216797,0.226,54.0
1706,0.002528667449951172,0.228,54.0
1707,0.0007665157318115234,0.228,53.6
1708,0.002058267593383789,0.228,53.6
1709,0.0006196498870849609,0.228,53.6
1710,0.0019648075103759766,0.231,53.6
1711,0.0006160736083984375,0.231,53.6
1712,0.0007960796356201172,0.233,53.6
1713,0.0006525516510009766,0.233,53.6
1714,0.00263214111328125,0.233,53.2
1715,0.00263214111328125,0.233,53.2
1716,0.0021674633026123047,0.233,53.2
1717,0.0010061264038085938,0.233,53.2
1718,0.0018558502197265625,0.233,53.2
1719,0.0006992816925048828,0.233,53.2
1720,0.0016760826110839844,0.233,53.2
1721,0.0006854534149169922,0.233,53.2
1722,0.0022063255310058594,0.233,53.2
1723,0.0006234645843505859,0.233,53.2
1724,0.0016508102416992188,0.233,53.2
1725,0.0005941390991210938,0.233,53.2
1726,0.001931905746459961,0.233,53.2
1727,0.0005731582641601562,0.233,53.2
1728,0.002429485321044922,0.233,53.2
1729,0.0007419586181640625,0.233,53.2
1730,0.0021371841430664062,0.233,53.2
1731,0.0006735324859619141,0.233,53.2
1732,0.0023734569549560547,0.233,53.2
1733,0.0006420612335205078,0.233,53.2
1734,0.0025620460510253906,0.233,53.2
1735,0.0006058216094970703,0.233,53.2
1736,0.0024750232696533203,0.233,53.2
1737,0.0006809234619140625,0.233,53.2
1738,0.001977682113647461,0.233,53.6
1739,0.0005979537963867188,0.233,53.6
1740,0.0016484260559082031,0.233,53.6
1741,0.0007143020629882812,0.233,53.6
1742,0.0023877620697021484,0.233,53.6
1743,0.0007126331329345703,0.233,54.0
1744,0.002281665802001953,0.233,54.0
1745,0.0006279945373535156,0.233,54.0
1746,0.0016679763793945312,0.233,54.400000000000006
1747,0.00047588348388671875,0.233,54.400000000000006
1748,0.0023131370544433594,0.233,54.400000000000006
1749,0.0006160736083984375,0.233,54.400000000000006
1750,0.0018889904022216797,0.233,54.800000000000004
1751,0.0006074905395507812,0.231,54.800000000000004
1752,0.002604246139526367,0.226,54.800000000000004
1753,0.0005700588226318359,0.224,55.2
1754,0.0025262832641601562,0.222,55.2
1755,0.0007526874542236328,0.222,55.2
1756,0.002201080322265625,0.22,55.2
1757,0.0007424354553222656,0.22,55.6
1758,0.0018818378448486328,0.218,55.6
1759,0.0006346702575683594,0.21600000000000005,55.6
1760,0.002126455307006836,0.211,55.6
1761,0.0006594657897949219,0.211,55.6
1762,0.0010554790496826172,0.209,55.6
1763,0.0006146430969238281,0.209,55.6
1764,0.0019199848175048828,0.207,55.6
1765,0.0006041526794433594,0.2,55.6
1766,0.002771139144897461,0.2,55.2
1767,0.0005881786346435547,0.198,55.2
1768,0.0004911422729492188,0.196,54.800000000000004
1769,0.002901792526245117,0.192,54.400000000000006
1770,0.0005505084991455078,0.188,54.400000000000006
1771,0.002043008804321289,0.183,54.0
1772,0.0006284713745117188,0.181,53.6
1773,0.0025887489318847656,0.175,52.800000000000004
1774,0.0005846023559570312,0.172,52.400000000000006
1775,0.0021173954010009766,0.168,52.0
1776,0.0004749298095703125,0.162,51.2
1777,0.0020847320556640625,0.162,50.400000000000006
1778,0.0006220340728759766,0.157,49.6
1779,0.0017273426055908203,0.155,48.400000000000006
1780,0.0007863044738769531,0.153,47.6
1781,0.0016837120056152344,0.149,46.400000000000006
1782,0.0005271434783935547,0.147,45.2
1783,0.0006394386291503906,0.142,44.0
1784,0.0023169517517089844,0.142,42.400000000000006
1785,0.0006651878356933594,0.142,41.2
1786,0.0024347305297851562,0.142,39.6
1787,0.0006792545318603516,0.138,38.0
1788,0.0019559860229492188,0.138,36.4
1789,0.0005900859832763672,0.136,34.4
1790,0.00220489501953125,0.134,32.800000000000004
1791,0.0006079673767089844,0.134,30.8
1792,0.0011942386627197266,0.127,28.8
1793,0.0006122589111328125,0.125,26.8
1794,0.001672983169555664,0.119,24.8
1795,0.0005705356597900391,0.114,22.8
1796,0.002524852752685547,0.108,20.8
1797,0.0007050037384033203,0.101,18.8
1798,0.002170085906982422,0.095,16.8
1799,0.0005095005035400391,0.091,14.8
1800,0.0017087459564208984,0.08800000000000001,12.8
1801,0.00070953369140625,0.084,11.200000000000001
1802,0.0020704269409179688,0.084,9.200000000000001
1803,0.000637054443359375,0.08199999999999999,7.6000000000000005
1804,0.002508878707885742,0.075,5.6000000000000005
1805,0.0006120204925537109,0.075,4.0
1806,0.002325773239135742,0.071,2.4000000000000004
1807,0.0006167888641357422,0.069,0.8
1808,0.0019161701202392578,0.069,-0.4
1809,0.0006010532379150391,0.065,-1.6
1810,0.0021216869354248047,0.063,-2.8000000000000003
1811,0.0006053447723388672,0.06,-4.0
1812,0.0016379356384277344,0.058,-5.2
1813,0.0006802082061767578,0.054000000000000006,-6.0
1814,0.002182483673095703,0.052000000000000005,-6.800000000000001
1815,0.0005695819854736328,0.047,-7.2
1816,0.002321481704711914,0.045,-7.6000000000000005
1817,0.0007202625274658203,0.040999999999999995,-8.0
1818,0.0008203983306884766,0.037000000000000005,-8.4
1819,0.0013422966003417969,0.032,-8.4
1820,0.0007071495056152344,0.027999999999999997,-8.4
1821,0.002371549606323242,0.026,-8.4
1822,0.0007572174072265625,0.019,-8.4
1823,0.0013186931610107422,0.015,-8.0
1824,0.0006167888641357422,0.006,-7.6000000000000005
1825,0.0023355484008789062,0.002,-7.2
1826,0.0006129741668701172,0.0,-6.4
1827,0.0011181831359863281,0.0,-6.0
1828,0.0006015300750732422,0.0,-5.2
1829,0.0020830631256103516,0.0,-4.4
1830,0.0005667209625244141,0.0,-3.6
1831,0.002331256866455078,0.0,-3.2
1832,0.0006210803985595703,0.0,-2.4000000000000004
1833,0.0019011497497558594,0.0,-1.6
1834,0.0005981922149658203,0.0,-0.4
1835,0.0016772747039794922,0.0,0.4
1836,0.0006225109100341797,0.0,1.2000000000000002
1837,0.0020487308502197266,0.0,2.0
1838,0.0006623268127441406,0.0,2.8000000000000003
1839,0.0025663375854492188,0.0,3.6
1840,0.0005955696105957031,0.0,4.0
1841,0.002636432647705078,0.0,4.800000000000001
1842,0.0006177425384521484,0.0,5.6000000000000005
1843,0.0019073486328125,0.0,6.0
1844,0.0006191730499267578,0.0,6.800000000000001
1845,0.0024394989013671875,0.0,7.2
1846,0.0006234645843505859,0.0,7.6000000000000005
1847,0.002084016799926758,0.0,8.0
1848,0.0006129741668701172,0.0,8.4
1849,0.0016245841979980469,0.0,8.8
1850,0.0006008148193359375,0.0,8.8
1851,0.0019125938415527344,0.0,8.8
1852,0.0006308555603027344,0.0,8.8
1853,0.0016489028930664062,0.0,8.8
1854,0.0005981922149658203,0.0,8.8
1855,0.00238037109375,0.0,8.8
1856,0.0006489753723144531,0.0,8.4
1857,0.0019309520721435547,0.0,8.0
1858,0.000560760498046875,0.0,7.6000000000000005
1859,0.002164602279663086,0.0,7.2
1860,0.002164602279663086,0.0,7.2
1861,0.0016155242919921875,0.0,6.800000000000001
1862,0.0006866455078125,0.0,6.0
1863,0.0017669200897216797,0.0,5.6000000000000005
1864,0.0007009506225585938,0.0,4.800000000000001
1865,0.0016334056854248047,0.0,4.4
1866,0.0005729198455810547,0.0,3.6
1867,0.0019295215606689453,0.0,2.8000000000000003
1868,0.000774383544921875,0.0,2.0
1869,0.001409769058227539,0.0,1.2000000000000002
1870,0.0006580352783203125,0.0,0.4
1871,0.0016531944274902344,0.0,-0.4
1872,0.0006358623504638672,0.0,-1.2000000000000002
1873,0.0017871856689453125,0.0,-2.0
1874,0.0006339550018310547,0.0,-2.8000000000000003
1875,0.0024924278259277344,0.0,-3.6
1876,0.0005664825439453125,0.0,-4.0
1877,0.0023775100708007812,0.0,-4.800000000000001
1878,0.0005691051483154297,0.0,-5.6000000000000005
1879,0.0022470951080322266,0.0,-6.0
1880,0.0005924701690673828,0.0,-6.4
1881,0.0010056495666503906,0.0,-7.2
1882,0.0006616115570068359,0.0,-7.6000000000000005
1883,0.0024156570434570312,0.0,-8.0
1884,0.0005786418914794922,0.0,-8.0
1885,0.00240325927734375,0.0,-8.4
1886,0.0005834102630615234,0.0,-8.4
1887,0.0019288063049316406,0.0,-8.4
1888,0.0005686283111572266,0.0,-8.8
1889,0.0015263557434082031,0.0,-8.4
1890,0.0005640983581542969,0.0,-8.4
1891,0.002427339553833008,0.0,-8.4
1892,0.0005691051483154297,0.0,-8.0
1893,0.0022017955780029297,0.0,-7.6000000000000005
1894,0.0006644725799560547,0.0,-7.2
1895,0.0019104480743408203,0.0,-6.800000000000001
1896,0.0005936622619628906,0.0,-6.4
1897,0.0023949146270751953,0.0,-5.6000000000000005
1898,0.0006260871887207031,0.0,-5.2
1899,0.0025773048400878906,0.0,-4.4
1900,0.001796722412109375,0.0,-4.0
1901,0.000675201416015625,0.0,-3.2
1902,0.002465963363647461,0.0,-2.4000000000000004
1903,0.0006024837493896484,0.0,-1.6
1904,0.0023431777954101562,0.0,-1.2000000000000002
1905,0.0005879402160644531,0.0,-0.4
1906,0.0026662349700927734,0.0,0.4
1907,0.0006692409515380859,0.0,1.2000000000000002
1908,0.002290487289428711,0.0,2.0
1909,0.0006110668182373047,0.0,2.8000000000000003
1910,0.002138376235961914,0.0,3.6
1911,0.0006647109985351562,0.0,4.0
1912,0.0019121170043945312,0.0,4.800000000000001
1913,0.0005049705505371094,0.0,5.2
1914,0.0023796558380126953,0.0,6.0
1915,0.0006096363067626953,0.0,6.4
1916,0.0019330978393554688,0.0,6.800000000000001
1917,0.0005970001220703125,0.0,7.2
1918,0.002423524856567383,0.0,7.6000000000000005
1919,0.0009925365447998047,0.0,8.0
1920,0.0006153583526611328,0.0,8.0
1921,0.0020074844360351562,0.0,8.0
1922,0.0006074905395507812,0.0,8.4
1923,0.0013043880462646484,0.0,8.4
1924,0.0004565715789794922,0.0,8.4
1925,0.0006659030914306641,0.0,8.0
1926,0.0028150081634521484,0.0,8.0
1927,0.0010166168212890625,0.0,7.6000000000000005
1928,0.0005939006805419922,0.0,7.2
1929,0.0024929046630859375,0.0,6.800000000000001
1930,0.00055694580078125,0.0,6.4
1931,0.002254009246826172,0.0,6.0
1932,0.0006930828094482422,0.0,5.6000000000000005
1933,0.0018622875213623047,0.0,4.800000000000001
1934,0.0005407333374023438,0.0,4.4
1935,0.002297639846801758,0.0,3.6
1936,0.0005571842193603516,0.0,2.8000000000000003
1937,0.0020759105682373047,0.0,2.4000000000000004
1938,0.0005447864532470703,0.0,1.6
1939,0.001924753189086914,0.0,0.8
1940,0.0005404949188232422,0.0,0.0
1941,0.0022568702697753906,0.0,-0.4
1942,0.0005698204040527344,0.0,-1.2000000000000002
1943,0.0024213790893554688,0.0,-2.0
1944,0.0006036758422851562,0.0,-2.8000000000000003
1945,0.0013403892517089844,0.0,-3.2
1946,0.0005679130554199219,0.0,-4.0
1947,0.001313924789428711,0.0,-4.800000000000001
1948,0.002237081527709961,0.0,-5.2
1949,0.0006043910980224609,0.0,-5.6000000000000005
1950,0.0023920536041259766,0.0,-6.0
1951,0.0020322799682617188,0.0,-6.800000000000001
1952,0.0006184577941894531,0.0,-6.800000000000001
1953,0.0016040802001953125,0.0,-7.2
1954,0.0023512840270996094,0.0,-7.6000000000000005
1955,0.0005891323089599609,0.0,-7.6000000000000005
1956,0.002382993698120117,0.0,-8.0
1957,0.0006268024444580078,0.0,-8.0
1958,0.0022957324981689453,0.0,-8.0
1959,0.0005979537963867188,0.0,-8.0
1960,0.0019888877868652344,0.0,-7.6000000000000005
1961,0.000553131103515625,0.0,-7.6000000000000005
1962,0.0015549659729003906,0.0,-7.2
1963,0.0006144046783447266,0.0,-6.800000000000001
1964,0.002207040786743164,0.0,-6.4
1965,0.0006000995635986328,0.002,-6.0
1966,0.0019249916076660156,0.002,-5.6000000000000005
1967,0.002262592315673828,0.004,-5.2
1968,0.0006349086761474609,0.004,-4.4
1969,0.0020356178283691406,0.006,-4.0
1970,0.0005831718444824219,0.006,-3.2
1971,0.002389669418334961,0.009000000000000001,-2.8000000000000003
1972,0.0005662441253662109,0.011,-2.0
1973,0.0021560192108154297,0.011,-1.2000000000000002
1974,0.0017619132995605469,0.013,-0.8
1975,0.0005848407745361328,0.015,0.0
1976,0.0017554759979248047,0.015,0.8
1977,0.0005993843078613281,0.015,1.6
1978,0.0012962818145751953,0.015,2.0
1979,0.0006110668182373047,0.019,2.8000000000000003
1980,0.002271413803100586,0.019,3.2
1981,0.0005519390106201172,0.019,4.0
1982,0.002068042755126953,0.022,4.4
1983,0.0005223751068115234,0.022,5.2
1984,0.0012226104736328125,0.022,5.6000000000000005
1985,0.0020673274993896484,0.022,6.0
1986,0.0006041526794433594,0.024,6.4
1987,0.001961946487426758,0.024,6.800000000000001
1988,0.0005846023559570312,0.024,7.2
1989,0.002088308334350586,0.024,7.2
1990,0.0005755424499511719,0.024,7.6000000000000005
1991,0.0016417503356933594,0.024,7.6000000000000005
1992,0.0006074905395507812,0.024,7.6000000000000005
1993,0.0020301342010498047,0.024,7.6000000000000005
1994,0.0005600452423095703,0.026,7.6000000000000005
1995,0.0017178058624267578,0.026,7.6000000000000005
1996,0.0004856586456298828,0.026,7.2
1997,0.0019524097442626953,0.026,7.2
1998,0.0005936622619628906,0.026,6.800000000000001
1999,0.0016453266143798828,0.027999999999999997,6.4
2000,0.0005466938018798828,0.027999999999999997,6.0
2001,0.0026938915252685547,0.027999999999999997,5.6000000000000005
2002,0.0005719661712646484,0.03,5.2
2003,0.0022754669189453125,0.032,4.4
2004,0.0005793571472167969,0.034,4.0
2005,0.001880645751953125,0.039,3.2
2006,0.0022957324981689453,0.039,2.8000000000000003
2007,0.0022957324981689453,0.039,2.8000000000000003
2008,0.0020608901977539062,0.039,2.0
2009,0.0006589889526367188,0.043,1.6
2010,0.001859426498413086,0.045,0.8
2011,0.0006475448608398438,0.047,0.0
2012,0.0021326541900634766,0.05,-0.4
2013,0.0007078647613525391,0.054000000000000006,-1.2000000000000002
2014,0.0013616085052490234,0.055999999999999994,-1.6
2015,0.0005939006805419922,0.055999999999999994,-2.4000000000000004
2016,0.0016400814056396484,0.055999999999999994,-2.8000000000000003
2017,0.0006012916564941406,0.06,-3.2
2018,0.0020537376403808594,0.06,-4.0
2019,0.0005772113800048828,0.063,-4.4
2020,0.0016508102416992188,0.067,-4.800000000000001
2021,0.0006098747253417969,0.067,-5.2
2022,0.0021333694458007812,0.067,-5.6000000000000005
2023,0.0005934238433837891,0.067,-6.0
2024,0.002048492431640625,0.067,-6.0
2025,0.0006186962127685547,0.069,-6.4
2026,0.0026733875274658203,0.069,-6.4
2027,0.002649068832397461,0.069,-6.4
2028,0.0006144046783447266,0.069,-6.4
2029,0.0017290115356445312,0.069,-6.4
2030,0.0005893707275390625,0.071,-6.0
2031,0.0022444725036621094,0.071,-5.6000000000000005
2032,0.0005681514739990234,0.071,-5.2
2033,0.0020699501037597656,0.071,-4.800000000000001
2034,0.0006077289581298828,0.071,-4.0
2035,0.0005209445953369141,0.071,-3.6
2036,0.0025763511657714844,0.071,-2.4000000000000004
2037,0.0006165504455566406,0.071,-1.6
2038,0.0021626949310302734,0.071,-0.8
2039,0.0006380081176757812,0.071,0.4
2040,0.0019257068634033203,0.071,1.6
2041,0.0005595684051513672,0.071,2.8000000000000003
2042,0.0025887489318847656,0.071,4.0
2043,0.0005705356597900391,0.073,5.2
2044,0.0019538402557373047,0.075,6.4
2045,0.0019252300262451172,0.075,7.6000000000000005
2046,0.0008726119995117188,0.078,8.8
2047,0.0009968280792236328,0.078,10.4
2048,0.0008044242858886719,0.08,11.600000000000001
2049,0.002053499221801758,0.08,12.8
2050,0.0006785392761230469,0.08199999999999999,14.0
2051,0.0020983219146728516,0.08199999999999999,15.200000000000001
2052,0.0007016658782958984,0.08199999999999999,16.400000000000002
2053,0.0016319751739501953,0.08199999999999999,17.2
2054,0.0007579326629638672,0.08199999999999999,18.400000000000002
2055,0.0012879371643066406,0.086,19.200000000000003
2056,0.0007333755493164062,0.086,20.0
2057,0.001867055892944336,0.086,20.8
2058,0.0006248950958251953,0.086,21.6
2059,0.0025005340576171875,0.086,22.400000000000002
2060,0.0007026195526123047,0.086,22.8
2061,0.0010445117950439453,0.086,23.200000000000003
2062,0.0007300376892089844,0.086,23.6
2063,0.002205371856689453,0.091,23.6
2064,0.001207590103149414,0.091,24.0
2065,0.0004885196685791016,0.091,24.0
2066,0.0004913806915283203,0.091,24.0
2067,0.0005180835723876953,0.093,23.6
2068,0.0006096363067626953,0.095,23.6
2069,0.0012650489807128906,0.097,23.200000000000003
2070,0.0006041526794433594,0.097,22.8
2071,0.002324342727661133,0.097,22.400000000000002
2072,0.0005855560302734375,0.097,21.6
2073,0.0015003681182861328,0.099,21.200000000000003
2074,0.0007681846618652344,0.099,20.400000000000002
2075,0.0011420249938964844,0.101,19.6
2076,0.0007147789001464844,0.101,18.8
2077,0.002572298049926758,0.101,18.0
2078,0.0006301403045654297,0.103,17.2
2079,0.002227783203125,0.106,16.400000000000002
2080,0.0005886554718017578,0.106,15.200000000000001
2081,0.0016317367553710938,0.106,14.4
2082,0.0005867481231689453,0.106,13.600000000000001
2083,0.0021409988403320312,0.106,12.8
2084,0.0006792545318603516,0.108,12.0
2085,0.001322031021118164,0.108,10.8
2086,0.0007381439208984375,0.112,10.0
2087,0.002147197723388672,0.112,9.600000000000001
2088,0.0006344318389892578,0.112,8.8
2089,0.002559661865234375,0.112,8.0
2090,0.0006067752838134766,0.112,7.6000000000000005
2091,0.0017066001892089844,0.114,7.2
2092,0.0005898475646972656,0.114,6.4
2093,0.001984119415283203,0.114,6.4
2094,0.0006411075592041016,0.114,6.0
2095,0.0024709701538085938,0.114,6.0
2096,0.0006411075592041016,0.114,5.6000000000000005
2097,0.00225830078125,0.116,5.6000000000000005
2098,0.0006940364837646484,0.116,6.0
2099,0.0019412040710449219,0.119,6.4
2100,0.0005950927734375,0.119,6.800000000000001
2101,0.002766847610473633,0.119,7.2
2102,0.0006270408630371094,0.119,7.6000000000000005
2103,0.0020439624786376953,0.119,8.0
2104,0.0006115436553955078,0.121,8.8
2105,0.0023620128631591797,0.121,9.600000000000001
2106,0.0005674362182617188,0.123,10.4
2107,0.0021538734436035156,0.123,11.200000000000001
2108,0.0005767345428466797,0.123,12.0
2109,0.0018324851989746094,0.125,12.8
2110,0.0006554126739501953,0.125,13.600000000000001
2111,0.0024721622467041016,0.125,14.8
2112,0.0006363391876220703,0.125,15.600000000000001
2113,0.001960277557373047,0.125,16.8
2114,0.0006420612335205078,0.127,18.0
2115,0.0021071434020996094,0.127,18.8
2116,0.0005931854248046875,0.129,20.0
2117,0.001935720443725586,0.129,20.8
2118,0.0005700588226318359,0.129,22.0
2119,0.002687692642211914,0.129,22.8
2120,0.0005812644958496094,0.129,24.0
2121,0.0017497539520263672,0.129,24.8
2122,0.0005717277526855469,0.129,25.6
2123,0.002865314483642578,0.131,26.400000000000002
2124,0.0006375312805175781,0.131,27.200000000000003
2125,0.001445770263671875,0.131,28.0
2126,0.0005600452423095703,0.131,28.8
2127,0.0013096332550048828,0.131,29.200000000000003
2128,0.0012569427490234375,0.131,29.6
2129,0.0005691051483154297,0.131,30.400000000000002
2130,0.002269744873046875,0.131,30.400000000000002
2131,0.0006325244903564453,0.134,30.8
2132,0.0021200180053710938,0.134,31.200000000000003
2133,0.0005786418914794922,0.134,31.200000000000003
2134,0.0016078948974609375,0.134,31.200000000000003
2135,0.0022230148315429688,0.134,31.200000000000003
2136,0.000568389892578125,0.134,31.200000000000003
2137,0.0021495819091796875,0.134,31.200000000000003
2138,0.0005640983581542969,0.134,30.8
2139,0.002506732940673828,0.134,30.400000000000002
2140,0.0005600452423095703,0.134,30.0
2141,0.0021877288818359375,0.134,29.6
2142,0.0021975040435791016,0.134,29.200000000000003
2143,0.0006291866302490234,0.136,28.400000000000002
2144,0.002351999282836914,0.138,28.0
2145,0.0006334781646728516,0.138,27.200000000000003
2146,0.002106189727783203,0.138,26.8
2147,0.0005793571472167969,0.138,26.0
2148,0.0019545555114746094,0.138,25.200000000000003
2149,0.0009806156158447266,0.138,24.400000000000002
2150,0.0006458759307861328,0.138,23.6
2151,0.0024368762969970703,0.138,22.8
2152,0.0006687641143798828,0.14,22.0
2153,0.0024106502532958984,0.14,21.200000000000003
2154,0.0005924701690673828,0.142,20.400000000000002
2155,0.0017399787902832031,0.142,19.6
2156,0.0008399486541748047,0.142,18.8
2157,0.0021326541900634766,0.14400000000000002,18.0
2158,0.0007212162017822266,0.14400000000000002,17.6
2159,0.001972198486328125,0.14400000000000002,16.8
2160,0.0006814002990722656,0.14400000000000002,16.400000000000002
2161,0.0026502609252929688,0.14400000000000002,15.600000000000001
2162,0.0008606910705566406,0.14400000000000002,15.200000000000001
2163,0.00225830078125,0.147,14.8
2164,0.00225830078125,0.147,14.8
2165,0.0020923614501953125,0.147,14.4
2166,0.0005848407745361328,0.147,14.4
2167,0.0022161006927490234,0.147,14.0
2168,0.0005979537963867188,0.147,14.0
2169,0.0016710758209228516,0.149,14.0
2170,0.0005655288696289062,0.151,14.0
2171,0.0017375946044921875,0.151,14.4
2172,0.0005853176116943359,0.151,14.4
2173,0.001621246337890625,0.151,14.8
2174,0.0005698204040527344,0.153,15.200000000000001
2175,0.0025606155395507812,0.153,15.600000000000001
2176,0.0006124973297119141,0.153,16.0
2177,0.0022046566009521484,0.153,16.8
2178,0.0005931854248046875,0.157,17.2
2179,0.0022242069244384766,0.159,18.0
2180,0.002143383026123047,0.159,18.8
2181,0.0005671977996826172,0.159,19.6
2182,0.0020189285278320312,0.159,20.400000000000002
2183,0.0005712509155273438,0.159,21.200000000000003
2184,0.0018911361694335938,0.159,22.400000000000002
2185,0.0006003379821777344,0.159,23.200000000000003
2186,0.0024671554565429688,0.159,24.0
2187,0.0006062984466552734,0.162,25.200000000000003
2188,0.0005128383636474609,0.162,26.0
2189,0.001989126205444336,0.162,27.200000000000003
2190,0.0017189979553222656,0.162,28.0
2191,0.0005831718444824219,0.162,29.200000000000003
2192,0.0018987655639648438,0.162,30.0
2193,0.0005629062652587891,0.16399999999999998,31.200000000000003
2194,0.0016329288482666016,0.166,32.0
2195,0.0005559921264648438,0.166,32.800000000000004
2196,0.0016832351684570312,0.166,34.0
2197,0.0006308555603027344,0.166,34.800000000000004
2198,0.0024232864379882812,0.166,35.6
2199,0.001979827880859375,0.166,36.4
2200,0.0004851818084716797,0.166,36.800000000000004
2201,0.002569913864135742,0.166,37.6
2202,0.0007014274597167969,0.166,38.0
2203,0.0025246143341064453,0.168,38.400000000000006
2204,0.0012402534484863281,0.168,38.800000000000004
2205,0.0006034374237060547,0.168,39.2
2206,0.002109527587890625,0.168,39.6
2207,0.0006253719329833984,0.168,40.0
2208,0.002244710922241211,0.168,40.0
2209,0.0022084712982177734,0.17,40.0
2210,0.0006043910980224609,0.17,40.0
2211,0.0021715164184570312,0.17,40.0
2212,0.0005972385406494141,0.17,40.0
2213,0.0015065670013427734,0.172,40.0
2214,0.0005974769592285156,0.172,39.6
2215,0.0014197826385498047,0.172,39.2
2216,0.0006358623504638672,0.172,39.2
2217,0.0019986629486083984,0.172,38.800000000000004
2218,0.0005900859832763672,0.172,38.0
2219,0.001996755599975586,0.172,37.6
2220,0.0005745887756347656,0.172,37.2
2221,0.002450227737426758,0.172,36.800000000000004
2222,0.0006155967712402344,0.172,36.0
2223,0.002864360809326172,0.175,35.6
2224,0.0005927085876464844,0.175,34.800000000000004
2225,0.0004944801330566406,0.175,34.4
2226,0.001004934310913086,0.175,33.6
2227,0.0005891323089599609,0.175,32.800000000000004
2228,0.0020351409912109375,0.177,32.4
2229,0.0006959438323974609,0.177,31.6
2230,0.0016667842864990234,0.177,31.200000000000003
2231,0.0024023056030273438,0.177,30.400000000000002
2232,0.0005774497985839844,0.177,30.0
2233,0.0019259452819824219,0.177,29.200000000000003
2234,0.002166271209716797,0.177,28.8
2235,0.0005888938903808594,0.177,28.400000000000002
2236,0.0018951892852783203,0.177,28.0
2237,0.0007693767547607422,0.177,27.6
2238,0.002658367156982422,0.177,27.200000000000003
2239,0.0012748241424560547,0.177,26.8
2240,0.0005619525909423828,0.177,26.400000000000002
2241,0.001501321792602539,0.177,26.400000000000002
2242,0.0005643367767333984,0.177,26.0
2243,0.0018737316131591797,0.177,26.0
2244,0.0005905628204345703,0.177,26.0
2245,0.0022096633911132812,0.177,26.0
2246,0.0021626949310302734,0.177,26.0
2247,0.0006103515625,0.177,26.0
2248,0.0021522045135498047,0.177,26.400000000000002
2249,0.002138376235961914,0.177,26.400000000000002
2250,0.0005939006805419922,0.179,26.8
2251,0.0008237361907958984,0.179,26.8
2252,0.0023572444915771484,0.179,27.200000000000003
2253,0.0006136894226074219,0.179,27.6
2254,0.0018961429595947266,0.181,28.0
2255,0.0005707740783691406,0.181,28.8
2256,0.0016050338745117188,0.181,29.200000000000003
2257,0.0005679130554199219,0.181,29.6
2258,0.0026788711547851562,0.181,30.400000000000002
2259,0.0005755424499511719,0.181,30.8
2260,0.0019025802612304688,0.181,31.6
2261,0.0021021366119384766,0.181,32.0
2262,0.0006222724914550781,0.181,32.800000000000004
2263,0.0023169517517089844,0.181,33.2
2264,0.0005609989166259766,0.181,34.0
2265,0.001999378204345703,0.181,34.800000000000004
2266,0.0006546974182128906,0.181,35.2
2267,0.002160310745239258,0.181,36.0
2268,0.0005843639373779297,0.181,36.4
2269,0.002464771270751953,0.181,37.2
2270,0.0005695819854736328,0.181,37.6
2271,0.0021026134490966797,0.181,38.400000000000006
2272,0.0005853176116943359,0.181,38.800000000000004
2273,0.0018715858459472656,0.181,39.6
2274,0.0005612373352050781,0.181,40.0
2275,0.0024971961975097656,0.181,40.400000000000006
2276,0.0006008148193359375,0.181,40.800000000000004
2277,0.0023241043090820312,0.181,41.2
2278,0.0005986690521240234,0.181,41.6
2279,0.0020699501037597656,0.181,42.0
2280,0.0005753040313720703,0.181,42.400000000000006
2281,0.002504110336303711,0.181,42.400000000000006
2282,0.0007648468017578125,0.181,42.800000000000004
2283,0.002002239227294922,0.181,42.800000000000004
2284,0.0005970001220703125,0.181,42.800000000000004
2285,0.0017361640930175781,0.181,42.800000000000004
2286,0.0005707740783691406,0.181,42.800000000000004
2287,0.0014743804931640625,0.181,42.800000000000004
2288,0.0006067752838134766,0.181,42.800000000000004
2289,0.002334117889404297,0.181,42.400000000000006
2290,0.001033782958984375,0.181,42.400000000000006
2291,0.0006449222564697266,0.181,42.0
2292,0.002353191375732422,0.181,41.6
2293,0.0006480216979980469,0.181,41.6
2294,0.002146482467651367,0.181,41.2
2295,0.0005931854248046875,0.181,40.800000000000004
2296,0.0018622875213623047,0.181,40.400000000000006
2297,0.0006372928619384766,0.181,40.0
2298,0.002230405807495117,0.181,39.2
2299,0.0006325244903564453,0.181,38.800000000000004
2300,0.0023195743560791016,0.181,38.400000000000006
2301,0.0006251335144042969,0.181,38.0
2302,0.0027306079864501953,0.181,37.2
2303,0.0006985664367675781,0.181,36.800000000000004
2304,0.0024111270904541016,0.181,36.4
2305,0.0008764266967773438,0.181,35.6
2306,0.0017180442810058594,0.181,35.2
2307,0.0007309913635253906,0.181,34.4
2308,0.002620220184326172,0.181,34.0
2309,0.002620220184326172,0.181,34.0
2310,0.002576589584350586,0.181,33.6
2311,0.0006465911865234375,0.181,33.2
2312,0.0024819374084472656,0.181,32.4
2313,0.0018107891082763672,0.181,32.0
2314,0.0006575584411621094,0.181,31.6
2315,0.0020847320556640625,0.181,31.200000000000003
2316,0.0008137226104736328,0.181,30.8
2317,0.002164602279663086,0.181,30.400000000000002
2318,0.0007410049438476562,0.181,30.400000000000002
2319,0.0025107860565185547,0.181,30.0
2320,0.000644683837890625,0.181,29.6
2321,0.0024335384368896484,0.181,29.6
2322,0.0006189346313476562,0.181,29.6
2323,0.002080678939819336,0.181,29.200000000000003
2324,0.0006158351898193359,0.181,29.200000000000003
2325,0.0015447139739990234,0.181,29.200000000000003
2326,0.0006754398345947266,0.181,29.200000000000003
2327,0.002671480178833008,0.181,29.200000000000003
2328,0.0005171298980712891,0.181,29.200000000000003
2329,0.0015842914581298828,0.181,29.6
2330,0.0008194446563720703,0.181,29.6
2331,0.002069711685180664,0.181,30.0
2332,0.0006091594696044922,0.181,30.0
2333,0.0024216175079345703,0.181,30.400000000000002
2334,0.0006046295166015625,0.181,30.8
2335,0.0019528865814208984,0.181,30.8
2336,0.000484466552734375,0.181,31.200000000000003
2337,0.001985788345336914,0.181,31.6
2338,0.0006906986236572266,0.181,32.0
2339,0.0024476051330566406,0.181,32.4
2340,0.0006017684936523438,0.181,32.800000000000004
2341,0.0025930404663085938,0.181,33.2
2342,0.0007035732269287109,0.181,33.6
2343,0.0022499561309814453,0.181,34.0
2344,0.0006835460662841797,0.181,34.4
2345,0.0019447803497314453,0.181,35.2
2346,0.0006468296051025391,0.181,35.6
2347,0.0019207000732421875,0.181,36.0
2348,0.0006473064422607422,0.181,36.4
2349,0.0025048255920410156,0.181,36.800000000000004
2350,0.0006468296051025391,0.181,37.2
2351,0.0025246143341064453,0.181,37.6
2352,0.0006072521209716797,0.181,38.0
2353,0.0022041797637939453,0.181,38.400000000000006
2354,0.0007154941558837891,0.181,38.800000000000004
2355,0.0021889209747314453,0.181,38.800000000000004
2356,0.0006442070007324219,0.181,39.2
2357,0.0015556812286376953,0.181,39.6
2358,0.0006289482116699219,0.181,39.6
2359,0.002613544464111328,0.181,40.0
2360,0.0005943775177001953,0.181,40.0
2361,0.0021097660064697266,0.181,40.0
2362,0.0005905628204345703,0.181,40.400000000000006
2363,0.0018870830535888672,0.181,40.400000000000006
2364,0.0007240772247314453,0.181,40.400000000000006
2365,0.001951456069946289,0.181,40.400000000000006
2366,0.0005331039428710938,0.181,40.400000000000006
2367,0.00032591819763183594,0.181,40.400000000000006
2368,0.0006747245788574219,0.181,40.0
2369,0.001102447509765625,0.181,40.0
2370,0.0008203983306884766,0.181,40.0
2371,0.0021567344665527344,0.181,39.6
2372,0.0007383823394775391,0.181,39.2
2373,0.002300739288330078,0.181,39.2
2374,0.0006825923919677734,0.181,38.800000000000004
2375,0.0016226768493652344,0.181,38.400000000000006
2376,0.0006122589111328125,0.181,38.400000000000006
2377,0.0016379356384277344,0.181,38.0
2378,0.0005865097045898438,0.181,37.6
2379,0.001800537109375,0.181,37.2
2380,0.0008590221405029297,0.181,36.800000000000004
2381,0.0019457340240478516,0.181,36.4
2382,0.0008037090301513672,0.181,36.0
2383,0.0025556087493896484,0.179,35.6
2384,0.0006589889526367188,0.179,35.2
2385,0.0019230842590332031,0.179,34.800000000000004
2386,0.0007076263427734375,0.177,34.4
2387,0.0024204254150390625,0.177,34.0
2388,0.0007472038269042969,0.177,33.6
2389,0.002189159393310547,0.177,33.2
2390,0.0006959438323974609,0.177,32.800000000000004
2391,0.002457857131958008,0.177,32.800000000000004
2392,0.0008158683776855469,0.177,32.4
2393,0.0024344921112060547,0.175,32.0
2394,0.0005784034729003906,0.175,31.6
2395,0.0017600059509277344,0.172,31.6
2396,0.0005841255187988281,0.172,31.200000000000003
2397,0.0019683837890625,0.17,30.8
2398,0.0005724430084228516,0.17,30.8
2399,0.0024712085723876953,0.17,30.400000000000002
2400,0.0006182193756103516,0.168,30.400000000000002
2401,0.0022678375244140625,0.168,30.0
2402,0.0006649494171142578,0.168,30.0
2403,0.002267599105834961,0.168,29.6
2404,0.0006873607635498047,0.168,29.6
2405,0.0018835067749023438,0.166,29.6
2406,0.0007431507110595703,0.166,29.6
2407,0.0018963813781738281,0.166,29.200000000000003
2408,0.0006647109985351562,0.16399999999999998,29.200000000000003
2409,0.0019063949584960938,0.162,29.200000000000003
2410,0.00064849853515625,0.159,29.200000000000003
2411,0.0023992061614990234,0.159,29.200000000000003
2412,0.0006916522979736328,0.157,29.200000000000003
2413,0.002203226089477539,0.157,29.200000000000003
2414,0.0006678104400634766,0.157,29.200000000000003
2415,0.0013239383697509766,0.155,29.200000000000003
2416,0.00047087669372558594,0.155,29.200000000000003
2417,0.0022089481353759766,0.155,29.200000000000003
2418,0.0007030963897705078,0.153,29.200000000000003
2419,0.0020585060119628906,0.153,29.200000000000003
2420,0.0006122589111328125,0.153,29.200000000000003
2421,0.002205371856689453,0.153,29.200000000000003
2422,0.0006566047668457031,0.151,28.8
2423,0.0023956298828125,0.149,28.8
2424,0.0005691051483154297,0.149,28.8
2425,0.0015413761138916016,0.149,28.8
2426,0.0006186962127685547,0.147,28.8
2427,0.0017485618591308594,0.14400000000000002,28.400000000000002
2428,0.0005884170532226562,0.14400000000000002,28.400000000000002
2429,0.0018074512481689453,0.142,28.400000000000002
2430,0.0006475448608398438,0.14,28.0
2431,0.0015025138854980469,0.138,28.0
2432,0.0007731914520263672,0.136,28.0
2433,0.0021495819091796875,0.136,27.6
2434,0.0006110668182373047,0.136,27.200000000000003
2435,0.0016074180603027344,0.134,27.200000000000003
2436,0.0005846023559570312,0.131,26.8
2437,0.0019061565399169922,0.131,26.400000000000002
2438,0.0005924701690673828,0.129,26.400000000000002
2439,0.0016453266143798828,0.129,26.0
2440,0.0005774497985839844,0.127,25.6
2441,0.0025835037231445312,0.125,25.200000000000003
2442,0.000591278076171875,0.123,24.8
2443,0.0012238025665283203,0.123,24.0
2444,0.0005590915679931641,0.123,23.6
2445,0.002154827117919922,0.121,23.200000000000003
2446,0.0006544589996337891,0.116,22.8
2447,0.002047300338745117,0.116,22.0
2448,0.0007097721099853516,0.114,21.6
2449,0.002514362335205078,0.112,20.8
2450,0.0006363391876220703,0.11,20.400000000000002
2451,0.0021686553955078125,0.11,20.0
2452,0.0005934238433837891,0.108,19.200000000000003
2453,0.002479076385498047,0.103,18.8
2454,0.002479076385498047,0.103,18.8
2455,0.002156496047973633,0.103,18.0
2456,0.0006697177886962891,0.101,17.6
2457,0.001955747604370117,0.099,16.8
2458,0.0006661415100097656,0.097,16.400000000000002
2459,0.002440929412841797,0.093,15.600000000000001
2460,0.0006413459777832031,0.093,15.200000000000001
2461,0.001943349838256836,0.091,14.4
2462,0.00066375732421875,0.08800000000000001,14.0
2463,0.0016551017761230469,0.086,13.200000000000001
2464,0.0006513595581054688,0.086,12.8
2465,0.0024175643920898438,0.086,12.0
2466,0.0006265640258789062,0.084,11.600000000000001
2467,0.0026662349700927734,0.08199999999999999,11.200000000000001
2468,0.0006308555603027344,0.08199999999999999,10.8
2469,0.0005548000335693359,0.08199999999999999,10.4
2470,0.0020923614501953125,0.08199999999999999,9.600000000000001
2471,0.0005941390991210938,0.08199999999999999,9.200000000000001
2472,0.0017123222351074219,0.08199999999999999,8.8
2473,0.0005702972412109375,0.075,8.8
2474,0.0026526451110839844,0.073,8.4
2475,0.000606536865234375,0.071,8.0
2476,0.0020647048950195312,0.067,7.6000000000000005
2477,0.0006437301635742188,0.063,7.2
2478,0.002088785171508789,0.055999999999999994,7.2
2479,0.0006487369537353516,0.05,6.800000000000001
2480,0.0023376941680908203,0.047,6.800000000000001
2481,0.0006234645843505859,0.045,6.800000000000001
2482,0.0024483203887939453,0.043,6.4
2483,0.0006306171417236328,0.043,6.4
2484,0.0022895336151123047,0.043,6.4
2485,0.0006308555603027344,0.043,6.0
2486,0.0025866031646728516,0.039,6.0
2487,0.0006992816925048828,0.039,6.0
2488,0.002135753631591797,0.037000000000000005,6.0
2489,0.0020990371704101562,0.037000000000000005,5.6000000000000005
2490,0.0006072521209716797,0.037000000000000005,5.6000000000000005
2491,0.0018963813781738281,0.032,5.6000000000000005
2492,0.0005693435668945312,0.03,5.2
2493,0.0016732215881347656,0.03,5.2
2494,0.0007488727569580078,0.03,4.800000000000001
2495,0.002056121826171875,0.027999999999999997,4.800000000000001
2496,0.002226591110229492,0.026,4.800000000000001
2497,0.0007557868957519531,0.024,4.4
2498,0.0019071102142333984,0.022,4.4
2499,0.0006253719329833984,0.022,4.0
2500,0.002079010009765625,0.017,3.6
2501,0.0006077289581298828,0.017,3.6
2502,0.002009868621826172,0.013,3.2
2503,0.0006163120269775391,0.011,2.8000000000000003
2504,0.0016748905181884766,0.006,2.8000000000000003
2505,0.0025184154510498047,0.002,2.4000000000000004
2506,0.0006630420684814453,0.0,2.0
2507,0.0016090869903564453,0.0,2.0
2508,0.0014216899871826172,0.0,1.6
2509,0.0008156299591064453,0.0,1.2000000000000002
2510,0.002272367477416992,0.0,0.8
2511,0.0019702911376953125,0.0,0.4
2512,0.0009334087371826172,0.0,0.0
2513,0.0024535655975341797,0.0,0.0
2514,0.0006413459777832031,0.0,-0.4
2515,0.0023081302642822266,0.0,-0.8
2516,0.0006005764007568359,0.0,-1.2000000000000002
2517,0.001987934112548828,0.0,-1.6
2518,0.0005815029144287109,0.0,-1.6
2519,0.0020554065704345703,0.0,-2.0
2520,0.0009012222290039062,0.0,-2.4000000000000004
2521,0.0012307167053222656,0.0,-2.4000000000000004
2522,0.000949859619140625,0.0,-2.8000000000000003
2523,0.0019145011901855469,0.0,-2.8000000000000003
2524,0.0006377696990966797,0.0,-3.2
2525,0.00164794921875,0.0,-3.2
2526,0.00067138671875,0.0,-3.2
2527,0.002620220184326172,0.0,-3.6
2528,0.0006303787231445312,0.0,-3.6
2529,0.002428293228149414,0.0,-3.6
2530,0.0006330013275146484,0.0,-3.6
2531,0.00226593017578125,0.0,-3.6
2532,0.0010380744934082031,0.0,-3.6
2533,0.001959562301635742,0.0,-3.2
2534,0.0006759166717529297,0.0,-3.2
2535,0.0016560554504394531,0.0,-3.2
2536,0.0005939006805419922,0.0,-2.8000000000000003
2537,0.0016775131225585938,0.0,-2.8000000000000003
2538,0.0006177425384521484,0.0,-2.4000000000000004
2539,0.0016303062438964844,0.0,-2.4000000000000004
2540,0.0006070137023925781,0.0,-2.0
2541,0.0025463104248046875,0.0,-1.6
2542,0.0005705356597900391,0.0,-1.6
2543,0.001966238021850586,0.0,-1.2000000000000002
2544,0.0022263526916503906,0.0,-0.8
2545,0.0007836818695068359,0.0,-0.4
2546,0.0019159317016601562,0.0,-0.4
2547,0.002173185348510742,0.0,0.0
2548,0.0007593631744384766,0.0,0.4
2549,0.002408266067504883,0.0,0.8
2550,0.00070953369140625,0.0,1.2000000000000002
2551,0.0024995803833007812,0.0,1.2000000000000002
2552,0.0006551742553710938,0.0,1.6
2553,0.0016231536865234375,0.0,2.0
2554,0.0005843639373779297,0.0,2.0
2555,0.0015878677368164062,0.0,2.4000000000000004
2556,0.001947164535522461,0.0,2.4000000000000004
2557,0.0008544921875,0.0,2.8000000000000003
2558,0.0024383068084716797,0.0,2.8000000000000003
2559,0.0007228851318359375,0.0,3.2
2560,0.0021293163299560547,0.0,3.2
2561,0.0006177425384521484,0.0,3.2
2562,0.0016283988952636719,0.0,3.2
2563,0.0006539821624755859,0.0,3.6
2564,0.0005576610565185547,0.0,3.6
2565,0.002153635025024414,0.0,3.6
2566,0.0009946823120117188,0.0,3.2
2567,0.0009140968322753906,0.004,3.2
2568,0.001928091049194336,0.004,3.2
2569,0.0006854534149169922,0.004,3.2
2570,0.0025949478149414062,0.004,2.8000000000000003
2571,0.0007734298706054688,0.004,2.8000000000000003
2572,0.00231170654296875,0.006,2.4000000000000004
2573,0.0006930828094482422,0.009000000000000001,2.4000000000000004
2574,0.0021109580993652344,0.009000000000000001,2.0
2575,0.0006151199340820312,0.011,2.0
2576,0.0018646717071533203,0.013,1.6
2577,0.0005776882171630859,0.013,1.2000000000000002
2578,0.0016613006591796875,0.015,1.2000000000000002
2579,0.0006353855133056641,0.015,0.8
2580,0.0005602836608886719,0.017,0.4
2581,0.002261638641357422,0.019,0.4
2582,0.0008378028869628906,0.022,0.0
2583,0.0020761489868164062,0.022,-0.4
2584,0.0007793903350830078,0.024,-0.8
2585,0.002237081527709961,0.024,-0.8
2586,0.000640869140625,0.024,-1.2000000000000002
2587,0.0023660659790039062,0.026,-1.6
2588,0.0006229877471923828,0.026,-1.6
2589,0.0020399093627929688,0.026,-2.0
2590,0.0005979537963867188,0.027999999999999997,-2.0
2591,0.0015795230865478516,0.027999999999999997,-2.4000000000000004
2592,0.0005917549133300781,0.032,-2.4000000000000004
2593,0.0016515254974365234,0.032,-2.8000000000000003
2594,0.002053976058959961,0.032,-2.8000000000000003
2595,0.0007872581481933594,0.032,-2.8000000000000003
2596,0.0018877983093261719,0.034,-2.8000000000000003
2597,0.0007381439208984375,0.034,-3.2
2598,0.002447366714477539,0.034,-3.2
2599,0.0020134449005126953,0.037000000000000005,-3.2
2600,0.0006310939788818359,0.037000000000000005,-3.2
2601,0.0023539066314697266,0.039,-2.8000000000000003
2602,0.0021152496337890625,0.040999999999999995,-2.8000000000000003
2603,0.0021152496337890625,0.040999999999999995,-2.8000000000000003
2604,0.0021355152130126953,0.040999999999999995,-2.8000000000000003
2605,0.0020911693572998047,0.043,-2.8000000000000003
2606,0.0008215904235839844,0.043,-2.4000000000000004
2607,0.0019524097442626953,0.045,-2.4000000000000004
2608,0.0009005069732666016,0.045,-2.0
2609,0.0018243789672851562,0.047,-2.0
2610,0.0024302005767822266,0.047,-1.6
2611,0.0006976127624511719,0.047,-1.6
2612,0.0024504661560058594,0.047,-1.2000000000000002
2613,0.002183198928833008,0.05,-0.8
2614,0.0006654262542724609,0.052000000000000005,-0.4
2615,0.002458333969116211,0.054000000000000006,-0.4
2616,0.0006554126739501953,0.055999999999999994,0.4
2617,0.001134634017944336,0.055999999999999994,0.8
2618,0.0007073879241943359,0.055999999999999994,1.2000000000000002
2619,0.002023935317993164,0.055999999999999994,1.6
2620,0.0007534027099609375,0.055999999999999994,2.0
2621,0.0025701522827148438,0.058,2.8000000000000003
2622,0.0008723735809326172,0.058,3.2
2623,0.0018908977508544922,0.06,4.0
2624,0.0006175041198730469,0.06,4.4
2625,0.0024764537811279297,0.063,5.2
2626,0.0006361007690429688,0.063,5.6000000000000005
2627,0.002017974853515625,0.065,6.4
2628,0.0005915164947509766,0.065,7.2
2629,0.003061532974243164,0.065,7.6000000000000005
2630,0.0005965232849121094,0.067,8.4
2631,0.002379179000854492,0.067,8.8
2632,0.0007116794586181641,0.067,9.600000000000001
2633,0.00222015380859375,0.069,10.0
2634,0.0007505416870117188,0.069,10.8
2635,0.001962900161743164,0.069,11.200000000000001
2636,0.0006346702575683594,0.069,11.600000000000001
2637,0.0022482872009277344,0.069,12.4
2638,0.0006427764892578125,0.069,12.8
2639,0.0019228458404541016,0.069,13.200000000000001
2640,0.0006105899810791016,0.073,13.600000000000001
2641,0.002459287643432617,0.073,13.600000000000001
2642,0.0007116794586181641,0.073,14.0
2643,0.0021317005157470703,0.073,14.4
2644,0.0005936622619628906,0.073,14.4
2645,0.0016236305236816406,0.073,14.8
2646,0.0007672309875488281,0.073,14.8
2647,0.002368927001953125,0.073,14.8
2648,0.002173185348510742,0.073,14.8
2649,0.0006654262542724609,0.073,14.8
2650,0.002232789993286133,0.073,14.8
2651,0.0012900829315185547,0.073,14.8
2652,0.0006592273712158203,0.073,14.4
2653,0.002146482467651367,0.073,14.4
2654,0.0006263256072998047,0.073,14.0
2655,0.0016226768493652344,0.073,14.0
2656,0.0005624294281005859,0.073,13.600000000000001
2657,0.0016124248504638672,0.073,13.200000000000001
2658,0.0022704601287841797,0.073,12.8
2659,0.0017178058624267578,0.073,12.8
2660,0.002177715301513672,0.073,12.4
2661,0.0007798671722412109,0.073,12.0
2662,0.0020139217376708984,0.073,11.600000000000001
2663,0.0007424354553222656,0.073,10.8
2664,0.0022127628326416016,0.073,10.4
2665,0.0006189346313476562,0.073,10.0
2666,0.002267122268676758,0.073,9.600000000000001
2667,0.0006201267242431641,0.073,9.200000000000001
2668,0.0024213790893554688,0.073,8.8
2669,0.0005936622619628906,0.073,8.4
2670,0.00202178955078125,0.073,8.0
2671,0.0007450580596923828,0.073,7.6000000000000005
2672,0.0024518966674804688,0.073,7.2
2673,0.0007045269012451172,0.073,6.800000000000001
2674,0.0016176700592041016,0.073,6.4
2675,0.0006203651428222656,0.073,6.4
2676,0.0019497871398925781,0.073,6.0
2677,0.0006346702575683594,0.073,5.6000000000000005
2678,0.002434968948364258,0.073,5.6000000000000005
2679,0.0005831718444824219,0.073,5.2
2680,0.0013637542724609375,0.073,5.2
2681,0.00060272216796875,0.073,5.2
2682,0.0023071765899658203,0.073,4.800000000000001
2683,0.0007040500640869141,0.073,4.800000000000001
2684,0.002543926239013672,0.073,4.800000000000001
2685,0.0006530284881591797,0.073,4.800000000000001
2686,0.002041339874267578,0.073,5.2
2687,0.0005877017974853516,0.073,5.2
2688,0.002516508102416992,0.073,5.2
2689,0.0006320476531982422,0.073,5.6000000000000005
2690,0.0019562244415283203,0.073,5.6000000000000005
2691,0.0005917549133300781,0.073,6.0
2692,0.0020503997802734375,0.073,6.4
2693,0.0006918907165527344,0.073,6.4
2694,0.002437591552734375,0.073,6.800000000000001
2695,0.0006258487701416016,0.073,7.2
2696,0.002256155014038086,0.073,7.6000000000000005
2697,0.0008828639984130859,0.073,8.0
2698,0.0018978118896484375,0.073,8.4
2699,0.0014531612396240234,0.073,8.8
2700,0.0019259452819824219,0.073,9.200000000000001
2701,0.0008180141448974609,0.073,9.600000000000001
2702,0.002508401870727539,0.073,10.0
2703,0.0017313957214355469,0.073,10.4
2704,0.0008068084716796875,0.073,10.8
2705,0.0023505687713623047,0.073,11.200000000000001
2706,0.0006701946258544922,0.073,11.600000000000001
2707,0.002012014389038086,0.073,12.0
2708,0.0006127357482910156,0.073,12.4
2709,0.002176523208618164,0.073,12.8
2710,0.0009055137634277344,0.073,13.200000000000001
2711,0.0021238327026367188,0.073,13.200000000000001
2712,0.001627206802368164,0.073,13.600000000000001
2713,0.0007383823394775391,0.073,13.600000000000001
2714,0.00193023681640625,0.073,14.0
2715,0.0006971359252929688,0.073,14.0
2716,0.0019774436950683594,0.073,14.4
2717,0.0006051063537597656,0.073,14.4
2718,0.0014541149139404297,0.073,14.4
2719,0.0016777515411376953,0.073,14.4
2720,0.0006170272827148438,0.071,14.4
2721,0.003000020980834961,0.071,14.4
2722,0.0007803440093994141,0.071,14.0
2723,0.0023598670959472656,0.071,14.0
2724,0.0007255077362060547,0.071,13.600000000000001
2725,0.0019719600677490234,0.071,13.600000000000001
2726,0.0006513595581054688,0.069,13.200000000000001
2727,0.0030558109283447266,0.069,13.200000000000001
2728,0.0006382465362548828,0.069,12.8
2729,0.002309560775756836,0.069,12.4
2730,0.0006499290466308594,0.069,12.0
2731,0.0018515586853027344,0.067,11.600000000000001
2732,0.0005900859832763672,0.067,11.200000000000001
2733,0.001931905746459961,0.067,10.8
2734,0.0007331371307373047,0.067,10.4
2735,0.0024580955505371094,0.067,10.0
2736,0.00069427490234375,0.067,9.600000000000001
2737,0.0023043155670166016,0.067,9.200000000000001
2738,0.0006213188171386719,0.067,8.8
2739,0.0023953914642333984,0.067,8.4
2740,0.0006165504455566406,0.067,8.0
2741,0.0017116069793701172,0.067,7.6000000000000005
2742,0.0006113052368164062,0.067,7.2
2743,0.002427816390991211,0.065,6.800000000000001
2744,0.0006866455078125,0.063,6.4
2745,0.0016918182373046875,0.063,6.0
2746,0.0007898807525634766,0.063,5.6000000000000005
2747,0.0020661354064941406,0.06,5.2
2748,0.0007169246673583984,0.06,4.800000000000001
2749,0.002511262893676758,0.06,4.800000000000001
2750,0.002511262893676758,0.06,4.800000000000001
2751,0.0023598670959472656,0.06,4.4
2752,0.0009028911590576172,0.06,4.0
2753,0.0017635822296142578,0.06,4.0
2754,0.00066375732421875,0.06,4.0
2755,0.0025544166564941406,0.06,3.6
2756,0.0006310939788818359,0.06,3.6
2757,0.0019109249114990234,0.06,3.6
2758,0.0018684864044189453,0.06,3.6
2759,0.0007598400115966797,0.06,3.6
2760,0.0016374588012695312,0.06,3.6
2761,0.0007193088531494141,0.058,3.6
2762,0.0010030269622802734,0.055999999999999994,3.6
2763,0.0017371177673339844,0.055999999999999994,3.6
2764,0.0007183551788330078,0.055999999999999994,4.0
2765,0.0024001598358154297,0.055999999999999994,4.0
2766,0.0009744167327880859,0.054000000000000006,4.4
2767,0.0006842613220214844,0.054000000000000006,4.4
2768,0.001425027847290039,0.054000000000000006,4.800000000000001
2769,0.0006062984466552734,0.054000000000000006,5.2
2770,0.002047300338745117,0.054000000000000006,5.2
2771,0.0005664825439453125,0.054000000000000006,5.6000000000000005
2772,0.002836942672729492,0.052000000000000005,6.0
2773,0.000797271728515625,0.05,6.0
2774,0.0026733875274658203,0.05,6.4
2775,0.000644683837890625,0.047,6.800000000000001
2776,0.002454519271850586,0.047,6.800000000000001
2777,0.0006995201110839844,0.047,7.2
2778,0.002260923385620117,0.047,7.6000000000000005
2779,0.0005903244018554688,0.045,7.6000000000000005
2780,0.002075672149658203,0.045,8.0
2781,0.0005896091461181641,0.045,8.0
2782,0.0017216205596923828,0.043,8.4
2783,0.0005950927734375,0.043,8.4
2784,0.0024585723876953125,0.043,8.8
2785,0.0007245540618896484,0.043,8.8
2786,0.0021715164184570312,0.040999999999999995,8.8
2787,0.0006859302520751953,0.040999999999999995,8.8
2788,0.0025207996368408203,0.039,8.8
2789,0.0006201267242431641,0.039,8.8
2790,0.0016837120056152344,0.037000000000000005,8.8
2791,0.0005927085876464844,0.037000000000000005,8.4
2792,0.002314329147338867,0.034,8.4
2793,0.0006144046783447266,0.034,8.4
2794,0.0015482902526855469,0.032,8.0
2795,0.0005857944488525391,0.032,7.6000000000000005
2796,0.0016207695007324219,0.027999999999999997,7.6000000000000005
2797,0.0006740093231201172,0.027999999999999997,7.2
2798,0.002122640609741211,0.024,6.800000000000001
2799,0.0006697177886962891,0.022,6.4
2800,0.0025298595428466797,0.022,6.0
2801,0.0006005764007568359,0.022,5.6000000000000005
2802,0.002701282501220703,0.019,5.2
2803,0.0005896091461181641,0.017,4.800000000000001
2804,0.0015802383422851562,0.015,4.0
2805,0.0024378299713134766,0.013,3.6
2806,0.000659942626953125,0.013,3.2
2807,0.0024869441986083984,0.009000000000000001,2.4000000000000004
2808,0.0006101131439208984,0.006,2.0
2809,0.0018181800842285156,0.004,1.6
2810,0.0007085800170898438,0.004,0.8
2811,0.0021233558654785156,0.002,0.4
2812,0.0025038719177246094,0.002,-0.4
2813,0.0007395744323730469,0.002,-0.8
2814,0.0024483203887939453,0.0,-1.6
2815,0.0006730556488037109,0.0,-2.0
2816,0.002420663833618164,0.0,-2.4000000000000004
2817,0.00096893310546875,0.0,-3.2
2818,0.0009589195251464844,0.0,-3.6
2819,0.0019032955169677734,0.0,-4.0
2820,0.0005605220794677734,0.0,-4.4
2821,0.001760721206665039,0.0,-4.800000000000001
2822,0.0014660358428955078,0.0,-5.2
2823,0.0014715194702148438,0.0,-5.2
2824,0.0010700225830078125,0.0,-5.6000000000000005
2825,0.0026235580444335938,0.0,-6.0
2826,0.0007216930389404297,0.0,-6.0
2827,0.0025353431701660156,0.0,-6.0
2828,0.0009136199951171875,0.0,-6.0
2829,0.002069711685180664,0.0,-6.0
2830,0.0007426738739013672,0.0,-6.0
2831,0.0019698143005371094,0.0,-6.0
2832,0.0007328987121582031,0.0,-6.0
2833,0.0016977787017822266,0.0,-5.6000000000000005
2834,0.0006835460662841797,0.0,-5.6000000000000005
2835,0.002669811248779297,0.0,-5.2
2836,0.0008952617645263672,0.0,-4.800000000000001
2837,0.002045869827270508,0.0,-4.4
2838,0.0007579326629638672,0.0,-4.0
2839,0.0025348663330078125,0.0,-3.6
2840,0.0006837844848632812,0.0,-3.2
2841,0.0026760101318359375,0.0,-2.8000000000000003
2842,0.0006158351898193359,0.0,-2.4000000000000004
2843,0.0023698806762695312,0.0,-1.6
2844,0.0006184577941894531,0.0,-1.2000000000000002
2845,0.002056598663330078,0.0,-0.8
2846,0.0006315708160400391,0.0,0.0
2847,0.0025877952575683594,0.0,0.4
2848,0.0007886886596679688,0.0,1.2000000000000002
2849,0.001917123794555664,0.0,1.6
2850,0.00069427490234375,0.0,2.0
2851,0.0020453929901123047,0.0,2.4000000000000004
2852,0.0006737709045410156,0.0,3.2
2853,0.0025835037231445312,0.0,3.6
2854,0.0006017684936523438,0.0,4.0
2855,0.0025506019592285156,0.0,4.4
2856,0.0005822181701660156,0.0,4.800000000000001
2857,0.0023756027221679688,0.002,4.800000000000001
2858,0.0005781650543212891,0.004,5.2
2859,0.0018894672393798828,0.006,5.6000000000000005
2860,0.0016658306121826172,0.006,5.6000000000000005
2861,0.0017428398132324219,0.009000000000000001,6.0
2862,0.0008215904235839844,0.009000000000000001,6.0
2863,0.0019276142120361328,0.011,6.0
2864,0.0007588863372802734,0.013,6.0
2865,0.0025861263275146484,0.015,6.0
2866,0.0006911754608154297,0.017,6.0
2867,0.001972675323486328,0.019,5.6000000000000005
2868,0.0006880760192871094,0.019,5.6000000000000005
2869,0.0018584728240966797,0.019,5.2
2870,0.0006556510925292969,0.022,4.800000000000001
2871,0.0020062923431396484,0.022,4.800000000000001
2872,0.0006337165832519531,0.024,4.4
2873,0.0024559497833251953,0.027999999999999997,4.0
2874,0.0008184909820556641,0.027999999999999997,3.6
2875,0.0024881362915039062,0.03,3.2
2876,0.0007064342498779297,0.032,2.4000000000000004
2877,0.00154876708984375,0.034,2.0
2878,0.0006289482116699219,0.039,1.6
2879,0.001649618148803711,0.043,1.2000000000000002
2880,0.0006525516510009766,0.045,0.4
2881,0.0021376609802246094,0.045,0.0
2882,0.0007169246673583984,0.05,-0.4
2883,0.0026035308837890625,0.054000000000000006,-1.2000000000000002
2884,0.0006108283996582031,0.054000000000000006,-1.6
2885,0.0019283294677734375,0.055999999999999994,-2.0
2886,0.0007581710815429688,0.06,-2.4000000000000004
2887,0.001990795135498047,0.065,-2.8000000000000003
2888,0.0007290840148925781,0.067,-3.2
2889,0.0015108585357666016,0.069,-3.6
2890,0.0006737709045410156,0.071,-4.0
2891,0.0025634765625,0.075,-4.0
2892,0.0006499290466308594,0.08,-4.4
2893,0.0025582313537597656,0.08199999999999999,-4.800000000000001
2894,0.0006422996520996094,0.086,-4.800000000000001
2895,0.0011844635009765625,0.08800000000000001,-4.800000000000001
2896,0.0006597042083740234,0.08800000000000001,-5.2
2897,0.0020303726196289062,0.091,-5.2
2898,0.0008249282836914062,0.093,-5.2
2899,0.002042531967163086,0.095,-5.2
2900,0.002042531967163086,0.095,-5.2
2901,0.0027642250061035156,0.095,-4.800000000000001
2902,0.0009512901306152344,0.099,-4.800000000000001
2903,0.0020759105682373047,0.099,-4.4
2904,0.0006234645843505859,0.099,-4.0
2905,0.001981019973754883,0.101,-3.6
2906,0.0005810260772705078,0.101,-2.8000000000000003
2907,0.0015707015991210938,0.101,-2.4000000000000004
2908,0.0006783008575439453,0.103,-1.6
2909,0.0016179084777832031,0.103,-0.4
2910,0.0006024837493896484,0.106,0.4
2911,0.0019326210021972656,0.108,1.6
2912,0.0024628639221191406,0.108,2.8000000000000003
2913,0.0008139610290527344,0.108,4.4
2914,0.0024046897888183594,0.108,5.6000000000000005
2915,0.0017406940460205078,0.108,7.2
2916,0.0007038116455078125,0.108,8.8
2917,0.002338886260986328,0.11,10.0
2918,0.0006570816040039062,0.11,12.0
2919,0.001085519790649414,0.112,13.600000000000001
2920,0.001865386962890625,0.112,15.200000000000001
2921,0.000598907470703125,0.112,16.8
2922,0.0021185874938964844,0.112,18.400000000000002
2923,0.0006721019744873047,0.112,20.0
2924,0.0028488636016845703,0.112,21.6
2925,0.0007989406585693359,0.112,23.200000000000003
2926,0.0014374256134033203,0.114,24.400000000000002
2927,0.0008938312530517578,0.114,26.0
2928,0.0025026798248291016,0.114,27.200000000000003
2929,0.0006430149078369141,0.114,28.400000000000002
2930,0.001996755599975586,0.116,29.6
2931,0.0006089210510253906,0.116,30.8
2932,0.0026226043701171875,0.116,31.6
2933,0.0005807876586914062,0.116,32.800000000000004
2934,0.001977205276489258,0.116,33.2
2935,0.0006110668182373047,0.116,34.0
2936,0.0020220279693603516,0.116,34.4
2937,0.0007598400115966797,0.116,34.800000000000004
2938,0.002413511276245117,0.116,35.2
2939,0.0007104873657226562,0.116,35.2
2940,0.0016834735870361328,0.116,35.2
2941,0.0006265640258789062,0.116,35.2
2942,0.0016660690307617188,0.116,34.800000000000004
2943,0.0006377696990966797,0.116,34.800000000000004
2944,0.0016515254974365234,0.116,34.0
2945,0.0006098747253417969,0.116,33.6
2946,0.0027396678924560547,0.116,32.800000000000004
2947,0.0006940364837646484,0.116,32.0
2948,0.0021142959594726562,0.116,31.200000000000003
2949,0.000762939453125,0.116,30.0
2950,0.0021376609802246094,0.116,29.200000000000003
2951,0.0006864070892333984,0.116,28.0
2952,0.0021104812622070312,0.116,26.8
2953,0.0006546974182128906,0.116,25.6
2954,0.0015761852264404297,0.116,24.0
2955,0.0006120204925537109,0.116,22.8
2956,0.0016474723815917969,0.116,21.6
2957,0.0005853176116943359,0.116,20.0
2958,0.001623392105102539,0.119,18.8
2959,0.0005736351013183594,0.121,17.2
2960,0.00267791748046875,0.121,16.0
2961,0.0007109642028808594,0.121,14.4
2962,0.0018765926361083984,0.123,13.200000000000001
2963,0.0006434917449951172,0.123,12.0
2964,0.002018451690673828,0.125,10.8
2965,0.0014352798461914062,0.125,9.600000000000001
2966,0.0007045269012451172,0.127,8.4
2967,0.0019783973693847656,0.127,7.6000000000000005
2968,0.0006673336029052734,0.127,6.800000000000001
2969,0.002124786376953125,0.129,6.0
2970,0.0006420612335205078,0.129,5.2
2971,0.002025604248046875,0.129,4.800000000000001
2972,0.00058746337890625,0.129,4.4
2973,0.0025222301483154297,0.129,4.0
2974,0.0007359981536865234,0.129,3.6
2975,0.002446413040161133,0.129,3.6
2976,0.0007100105285644531,0.131,4.0
2977,0.002190828323364258,0.131,4.0
2978,0.0006306171417236328,0.131,4.4
2979,0.0025398731231689453,0.131,4.800000000000001
2980,0.0006511211395263672,0.131,5.6000000000000005
2981,0.00125885009765625,0.136,6.0
2982,0.0005908012390136719,0.138,7.2
2983,0.0016224384307861328,0.14,8.0
2984,0.0005822181701660156,0.142,8.8
2985,0.0025968551635742188,0.142,10.0
2986,0.0005915164947509766,0.147,11.200000000000001
2987,0.002028226852416992,0.149,12.4
2988,0.0007584095001220703,0.149,13.600000000000001
2989,0.0021011829376220703,0.149,15.200000000000001
2990,0.0006818771362304688,0.149,16.400000000000002
2991,0.002429962158203125,0.149,18.0
2992,0.0006601810455322266,0.149,19.6
2993,0.0023641586303710938,0.149,21.200000000000003
2994,0.0006201267242431641,0.149,22.400000000000002
2995,0.0019481182098388672,0.149,24.0
2996,0.0006201267242431641,0.149,25.6
2997,0.001682281494140625,0.149,27.200000000000003
2998,0.0006117820739746094,0.149,28.8
2999,0.002205371856689453,0.149,30.0
3000,0.0007579326629638672,0.149,31.6
3001,0.0011181831359863281,0.149,32.800000000000004
3002,0.0006921291351318359,0.149,34.4
3003,0.0025184154510498047,0.151,35.6
3004,0.0006401538848876953,0.151,36.800000000000004
3005,0.002674579620361328,0.151,37.6
3006,0.0006399154663085938,0.151,38.800000000000004
3007,0.0023119449615478516,0.151,39.6
3008,0.0006964206695556641,0.151,40.400000000000006
3009,0.0022270679473876953,0.151,41.2
3010,0.0006973743438720703,0.151,41.6
3011,0.002463817596435547,0.153,42.0
3012,0.002043485641479492,0.155,42.400000000000006
3013,0.0008072853088378906,0.155,42.800000000000004
3014,0.002534627914428711,0.155,42.800000000000004
3015,0.0007140636444091797,0.155,42.800000000000004
3016,0.001001596450805664,0.155,42.800000000000004
3017,0.0008244514465332031,0.155,42.800000000000004
3018,0.002574920654296875,0.155,42.400000000000006
3019,0.0007052421569824219,0.155,42.0
3020,0.0015861988067626953,0.155,41.6
3021,0.0006244182586669922,0.157,40.800000000000004
3022,0.002527475357055664,0.157,40.400000000000006
3023,0.00066375732421875,0.159,39.6
3024,0.0029916763305664062,0.162,38.800000000000004
3025,0.0006260871887207031,0.162,38.0
3026,0.0024034976959228516,0.162,36.800000000000004
3027,0.0006945133209228516,0.162,36.0
3028,0.002123117446899414,0.162,34.800000000000004
3029,0.0006656646728515625,0.162,33.6
3030,0.0020418167114257812,0.162,32.4
3031,0.0007524490356445312,0.162,31.6
3032,0.002685070037841797,0.162,30.400000000000002
3033,0.0006146430969238281,0.16399999999999998,29.200000000000003
3034,0.0019249916076660156,0.16399999999999998,28.0
3035,0.0007812976837158203,0.16399999999999998,26.8
3036,0.0024881362915039062,0.16399999999999998,25.6
3037,0.0007319450378417969,0.16399999999999998,24.8
3038,0.002572298049926758,0.16399999999999998,23.6
3039,0.0006837844848632812,0.16399999999999998,22.8
3040,0.002338886260986328,0.16399999999999998,21.6
3041,0.0006661415100097656,0.16399999999999998,20.8
3042,0.002006053924560547,0.16399999999999998,20.0
3043,0.0006196498870849609,0.16399999999999998,19.6
3044,0.0025696754455566406,0.16399999999999998,18.8
3045,0.0007970333099365234,0.166,18.400000000000002
3046,0.0019626617431640625,0.168,18.0
3047,0.0019626617431640625,0.168,18.0
3048,0.002317667007446289,0.168,17.6
3049,0.0007135868072509766,0.168,17.2
3050,0.0008246898651123047,0.168,17.2
3051,0.00099945068359375,0.168,17.2
3052,0.0019516944885253906,0.17,17.2
3053,0.0007331371307373047,0.17,17.2
3054,0.0024945735931396484,0.17,17.6
3055,0.0006458759307861328,0.17,18.0
3056,0.002435445785522461,0.17,18.400000000000002
3057,0.0007054805755615234,0.172,18.8
3058,0.0019571781158447266,0.172,19.6
3059,0.0006296634674072266,0.172,20.0
3060,0.002351999282836914,0.172,20.8
3061,0.0006031990051269531,0.172,22.0
3062,0.0016994476318359375,0.172,22.8
3063,0.0007216930389404297,0.175,24.0
3064,0.0025641918182373047,0.175,24.8
3065,0.0006968975067138672,0.175,26.0
3066,0.0010471343994140625,0.175,27.200000000000003
3067,0.0007398128509521484,0.175,28.400000000000002
3068,0.0006568431854248047,0.175,29.6
3069,0.0013146400451660156,0.175,30.8
3070,0.0007665157318115234,0.175,32.0
3071,0.0008244514465332031,0.175,33.2
3072,0.0019087791442871094,0.177,34.4
3073,0.00069427490234375,0.177,35.6
3074,0.002045869827270508,0.177,36.800000000000004
3075,0.0028672218322753906,0.177,38.0
3076,0.0007908344268798828,0.177,39.2
3077,0.0020837783813476562,0.179,40.400000000000006
3078,0.0007078647613525391,0.179,41.2
3079,0.0024652481079101562,0.181,42.0
3080,0.0006492137908935547,0.181,43.2
3081,0.001966238021850586,0.181,44.0
3082,0.0006155967712402344,0.181,44.800000000000004
3083,0.0016841888427734375,0.183,45.2
3084,0.0006096363067626953,0.183,46.0
3085,0.002496004104614258,0.183,46.400000000000006
3086,0.0006060600280761719,0.183,46.800000000000004
3087,0.002012014389038086,0.185,47.2
3088,0.0010917186737060547,0.185,47.6
3089,0.0018591880798339844,0.188,48.0
3090,0.0008046627044677734,0.188,48.0
3091,0.0016961097717285156,0.188,48.0
3092,0.0010895729064941406,0.19,48.0
3093,0.0022902488708496094,0.19,48.0
3094,0.0008111000061035156,0.19,48.0
3095,0.0021114349365234375,0.192,47.6
3096,0.0007274150848388672,0.192,47.6
3097,0.002581357955932617,0.194,47.2
3098,0.0006339550018310547,0.194,46.800000000000004
3099,0.002139568328857422,0.194,46.400000000000006
3100,0.0006554126739501953,0.196,46.0
3101,0.0020978450775146484,0.198,45.6
3102,0.0008373260498046875,0.198,44.800000000000004
3103,0.0016126632690429688,0.198,44.400000000000006
3104,0.0007038116455078125,0.198,43.6
3105,0.0015523433685302734,0.198,43.2
3106,0.0003643035888671875,0.198,42.400000000000006
3107,0.0017473697662353516,0.198,42.0
3108,0.0006361007690429688,0.198,41.2
3109,0.002588033676147461,0.2,40.800000000000004
3110,0.0006337165832519531,0.2,40.0
3111,0.0025796890258789062,0.2,39.2
3112,0.0005979537963867188,0.2,38.800000000000004
3113,0.001850128173828125,0.2,38.400000000000006
3114,0.0007967948913574219,0.2,37.6
3115,0.0019311904907226562,0.203,37.2
3116,0.0009367465972900391,0.205,36.800000000000004
3117,0.0022029876708984375,0.205,36.4
3118,0.0007221698760986328,0.205,36.0
3119,0.001971006393432617,0.205,35.6
3120,0.0006842613220214844,0.205,35.2
3121,0.0021822452545166016,0.207,34.800000000000004
3122,0.002488374710083008,0.207,34.800000000000004
3123,0.000621795654296875,0.209,34.800000000000004
3124,0.0019528865814208984,0.209,34.4
3125,0.0024886131286621094,0.209,34.4
3126,0.0008404254913330078,0.211,34.4
3127,0.0024406909942626953,0.211,34.800000000000004
3128,0.0007739067077636719,0.211,34.800000000000004
3129,0.001827239990234375,0.213,35.2
3130,0.0006678104400634766,0.213,35.6
3131,0.00222015380859375,0.21600000000000005,35.6
3132,0.000682830810546875,0.21600000000000005,36.0
3133,0.0021560192108154297,0.21600000000000005,36.800000000000004
3134,0.0005929470062255859,0.21600000000000005,37.2
3135,0.0016710758209228516,0.21600000000000005,37.6
3136,0.0006067752838134766,0.21600000000000005,38.400000000000006
3137,0.0026836395263671875,0.21600000000000005,39.2
3138,0.0005757808685302734,0.21600000000000005,40.0
3139,0.0025789737701416016,0.21600000000000005,40.400000000000006
3140,0.0007979869842529297,0.21600000000000005,41.2
3141,0.0024347305297851562,0.21600000000000005,42.400000000000006
3142,0.000644683837890625,0.21600000000000005,43.2
3143,0.0018465518951416016,0.21600000000000005,44.0
3144,0.0006697177886962891,0.22,44.800000000000004
3145,0.0016436576843261719,0.22,45.6
3146,0.0006258487701416016,0.22,46.800000000000004
3147,0.002595663070678711,0.22,47.6
3148,0.0006201267242431641,0.22,48.400000000000006
3149,0.0025739669799804688,0.22,49.6
3150,0.0006093978881835938,0.222,50.400000000000006
3151,0.002566814422607422,0.224,51.2
3152,0.0008082389831542969,0.224,52.400000000000006
3153,0.0019290447235107422,0.224,53.2
3154,0.0006804466247558594,0.224,54.0
3155,0.002552509307861328,0.224,54.800000000000004
3156,0.0005958080291748047,0.224,55.6
3157,0.0025169849395751953,0.224,56.400000000000006
3158,0.0006115436553955078,0.224,57.2
3159,0.001973867416381836,0.224,58.0
3160,0.0006680488586425781,0.224,59.2
3161,0.0022611618041992188,0.224,60.0
3162,0.0006849765777587891,0.224,60.400000000000006
3163,0.0016455650329589844,0.224,61.2
3164,0.0007901191711425781,0.224,61.6
3165,0.001975536346435547,0.224,62.0
3166,0.0007610321044921875,0.224,62.400000000000006
3167,0.0027611255645751953,0.224,62.800000000000004
3168,0.0007061958312988281,0.224,62.800000000000004
3169,0.0026819705963134766,0.224,63.2
3170,0.0006349086761474609,0.224,63.2
3171,0.0019364356994628906,0.224,63.6
3172,0.0006139278411865234,0.224,63.6
3173,0.00211334228515625,0.224,63.6
3174,0.0005693435668945312,0.224,63.6
3175,0.0028581619262695312,0.224,63.6
3176,0.0005655288696289062,0.224,63.2
3177,0.0024826526641845703,0.224,63.2
3178,0.0007729530334472656,0.224,63.2
3179,0.002458333969116211,0.224,62.800000000000004
3180,0.00067138671875,0.224,62.400000000000006
3181,0.002194643020629883,0.224,62.0
3182,0.0006344318389892578,0.224,61.6
3183,0.0015659332275390625,0.224,61.2
3184,0.0006144046783447266,0.224,60.800000000000004
3185,0.0027925968170166016,0.224,60.400000000000006
3186,0.0005824565887451172,0.224,60.0
3187,0.0021123886108398438,0.224,59.6
3188,0.0006501674652099609,0.224,58.800000000000004
3189,0.0030956268310546875,0.224,58.400000000000006
3190,0.0007688999176025391,0.224,57.6
3191,0.002873659133911133,0.224,57.2
3192,0.0007455348968505859,0.224,56.400000000000006
3193,0.0026328563690185547,0.224,56.0
3194,0.0026328563690185547,0.222,56.0
3195,0.002020597457885742,0.222,55.2
3196,0.0006735324859619141,0.222,54.800000000000004
3197,0.0020761489868164062,0.22,54.0
3198,0.000629425048828125,0.22,53.2
3199,0.0027267932891845703,0.22,52.800000000000004
3200,0.0006046295166015625,0.21600000000000005,52.0
3201,0.001211404800415039,0.21600000000000005,51.6
3202,0.0007421970367431641,0.21600000000000005,50.800000000000004
3203,0.0028715133666992188,0.21600000000000005,50.400000000000006
3204,0.0019979476928710938,0.209,49.6
3205,0.0006794929504394531,0.209,49.2
3206,0.002040386199951172,0.203,48.800000000000004
3207,0.0009233951568603516,0.198,48.0
3208,0.0017824172973632812,0.196,47.6
3209,0.0009009838104248047,0.192,47.2
3210,0.0020453929901123047,0.181,46.800000000000004
3211,0.001932382583618164,0.179,46.400000000000006
3212,0.0007104873657226562,0.175,46.0
3213,0.0016486644744873047,0.17,45.6
3214,0.0007388591766357422,0.168,44.800000000000004
3215,0.0024895668029785156,0.162,44.400000000000006
3216,0.002054929733276367,0.157,44.0
3217,0.0008654594421386719,0.153,43.6
3218,0.0020377635955810547,0.149,42.800000000000004
3219,0.001990079879760742,0.142,42.400000000000006
3220,0.0006775856018066406,0.138,41.6
3221,0.0026226043701171875,0.136,40.800000000000004
3222,0.0026192665100097656,0.131,40.0
3223,0.0006158351898193359,0.129,39.2
3224,0.002042055130004883,0.125,38.0
3225,0.000644683837890625,0.121,36.800000000000004
3226,0.002642393112182617,0.114,35.6
3227,0.0006110668182373047,0.11,34.4
3228,0.0021562576293945312,0.103,33.2
3229,0.0006847381591796875,0.101,32.0
3230,0.0022656917572021484,0.095,30.400000000000002
3231,0.0006721019744873047,0.091,28.8
3232,0.00176239013671875,0.08800000000000001,27.200000000000003
3233,0.0006120204925537109,0.084,25.6
3234,0.0027735233306884766,0.08,24.0
3235,0.000637054443359375,0.078,22.0
3236,0.0018413066864013672,0.071,20.400000000000002
3237,0.0005981922149658203,0.067,18.400000000000002
3238,0.002249479293823242,0.065,16.400000000000002
3239,0.0006287097930908203,0.058,14.8
3240,0.0027294158935546875,0.055999999999999994,12.8
3241,0.0007140636444091797,0.054000000000000006,10.8
3242,0.002511262893676758,0.052000000000000005,8.8
3243,0.0006291866302490234,0.047,6.800000000000001
3244,0.002574443817138672,0.045,5.2
3245,0.0006263256072998047,0.040999999999999995,3.2
3246,0.0022401809692382812,0.039,1.2000000000000002
3247,0.0006678104400634766,0.034,-0.4
3248,0.0025963783264160156,0.032,-2.0
3249,0.0006160736083984375,0.032,-3.6
3250,0.002826690673828125,0.027999999999999997,-5.2
3251,0.0006341934204101562,0.024,-6.800000000000001
3252,0.002586841583251953,0.022,-8.0
3253,0.0006656646728515625,0.017,-9.600000000000001
3254,0.00211334228515625,0.011,-10.8
3255,0.0005867481231689453,0.006,-11.600000000000001
3256,0.0016531944274902344,0.0,-12.8
3257,0.0006232261657714844,0.0,-13.600000000000001
3258,0.0016369819641113281,0.0,-14.0
3259,0.0005941390991210938,0.0,-14.8
3260,0.0027365684509277344,0.0,-15.200000000000001
3261,0.0017688274383544922,0.0,-15.600000000000001
3262,0.0006072521209716797,0.0,-15.600000000000001
3263,0.002872943878173828,0.0,-15.600000000000001
3264,0.0006322860717773438,0.0,-15.600000000000001
3265,0.002747058868408203,0.0,-15.600000000000001
3266,0.0013432502746582031,0.0,-15.200000000000001
3267,0.0006656646728515625,0.0,-14.8
3268,0.002972841262817383,0.0,-14.4
3269,0.0006330013275146484,0.0,-13.600000000000001
3270,0.0018243789672851562,0.0,-12.8
3271,0.0004699230194091797,0.0,-12.0
3272,0.0010557174682617188,0.0,-11.200000000000001
3273,0.0007250308990478516,0.0,-10.0
3274,0.0006206035614013672,0.0,-8.8
3275,0.0017075538635253906,0.0,-7.6000000000000005
3276,0.0024139881134033203,0.0,-6.4
3277,0.0006556510925292969,0.0,-5.2
3278,0.002935171127319336,0.0,-3.6
3279,0.0006494522094726562,0.0,-2.4000000000000004
3280,0.0025017261505126953,0.0,-1.2000000000000002
3281,0.0006995201110839844,0.0,0.4
3282,0.0022063255310058594,0.0,1.6
3283,0.0006694793701171875,0.0,3.2
3284,0.0024127960205078125,0.0,4.4
3285,0.0006177425384521484,0.0,5.6000000000000005
3286,0.0024361610412597656,0.0,6.800000000000001
3287,0.0006229877471923828,0.0,8.0
3288,0.0022127628326416016,0.0,9.200000000000001
3289,0.0006439685821533203,0.0,10.4
3290,0.0027370452880859375,0.0,11.200000000000001
3291,0.0006842613220214844,0.0,12.0
3292,0.0025882720947265625,0.0,12.8
3293,0.0007030963897705078,0.0,13.600000000000001
3294,0.0020666122436523438,0.0,14.0
3295,0.0006189346313476562,0.0,14.8
3296,0.0020160675048828125,0.0,14.8
3297,0.0006866455078125,0.0,15.200000000000001
3298,0.0026111602783203125,0.0,15.200000000000001
3299,0.00060272216796875,0.0,15.200000000000001
3300,0.0026772022247314453,0.0,15.200000000000001
3301,0.0006983280181884766,0.0,14.8
3302,0.0025620460510253906,0.0,14.4
3303,0.0006225109100341797,0.0,14.0
3304,0.0016319751739501953,0.0,13.200000000000001
3305,0.0007047653198242188,0.0,12.4
3306,0.0021805763244628906,0.0,11.600000000000001
3307,0.0006530284881591797,0.0,10.8
3308,0.002826690673828125,0.0,9.600000000000001
3309,0.0006403923034667969,0.0,8.8
3310,0.0022521018981933594,0.0,7.6000000000000005
3311,0.0004966259002685547,0.0,6.4
3312,0.0022292137145996094,0.0,5.2
3313,0.0018200874328613281,0.0,3.6
3314,0.0008609294891357422,0.0,2.4000000000000004
3315,0.001974344253540039,0.0,1.2000000000000002
3316,0.0005171298980712891,0.0,-0.4
3317,0.0003790855407714844,0.0,-1.6
3318,0.0003790855407714844,0.0,-1.6
3319,0.00046539306640625,0.0,-2.8000000000000003
3320,0.0012164115905761719,0.0,-4.4
3321,0.0006394386291503906,0.0,-5.6000000000000005
3322,0.0006165504455566406,0.0,-6.800000000000001
3323,0.0015897750854492188,0.0,-8.0
3324,0.0005574226379394531,0.0,-8.8
3325,0.0025877952575683594,0.0,-10.0
3326,0.0007176399230957031,0.0,-10.8
3327,0.0025739669799804688,0.0,-11.600000000000001
3328,0.0006902217864990234,0.0,-12.4
3329,0.0010921955108642578,0.0,-13.200000000000001
3330,0.0008146762847900391,0.0,-13.600000000000001
3331,0.0020210742950439453,0.0,-14.0
3332,0.0006775856018066406,0.0,-14.4
3333,0.0012896060943603516,0.0,-14.4
3334,0.0006618499755859375,0.0,-14.8
3335,0.0024623870849609375,0.0,-14.4
3336,0.0006098747253417969,0.0,-14.4
3337,0.002101421356201172,0.0,-14.0
3338,0.0005919933319091797,0.0,-13.600000000000001
3339,0.0027456283569335938,0.0,-13.200000000000001
3340,0.0007648468017578125,0.0,-12.8
3341,0.0018999576568603516,0.0,-12.0
3342,0.0009961128234863281,0.0,-11.200000000000001
3343,0.0025408267974853516,0.0,-10.4
3344,0.0008542537689208984,0.0,-9.200000000000001
3345,0.0018901824951171875,0.0,-8.4
3346,0.0006682872772216797,0.0,-7.2
3347,0.0018014907836914062,0.0,-6.0
3348,0.0006015300750732422,0.0,-4.800000000000001
3349,0.0007932186126708984,0.0,-3.6
3350,0.0008692741394042969,0.0,-2.4000000000000004
3351,0.0022127628326416016,0.0,-0.8
3352,0.0006902217864990234,0.0,0.4
3353,0.002641916275024414,0.0,1.6
3354,0.0006620883941650391,0.0,2.8000000000000003
3355,0.0020928382873535156,0.0,4.0
3356,0.0008206367492675781,0.0,5.2
3357,0.0018603801727294922,0.0,6.4
3358,0.0007147789001464844,0.0,7.6000000000000005
3359,0.0026824474334716797,0.0,8.8
3360,0.0007193088531494141,0.0,9.600000000000001
3361,0.0018825531005859375,0.0,10.4
3362,0.0008211135864257812,0.0,11.200000000000001
3363,0.0028862953186035156,0.0,12.0
3364,0.0006434917449951172,0.0,12.8
3365,0.0025217533111572266,0.0,13.200000000000001
3366,0.00061798095703125,0.0,13.600000000000001
3367,0.0021514892578125,0.0,14.0
3368,0.0007302761077880859,0.0,14.0
3369,0.0019221305847167969,0.0,14.0
3370,0.0006597042083740234,0.0,14.0
3371,0.002129793167114258,0.0,14.0
3372,0.0027506351470947266,0.0,13.600000000000001
3373,0.0007352828979492188,0.0,13.200000000000001
3374,0.002511262893676758,0.0,12.8
3375,0.0006797313690185547,0.0,12.4
3376,0.0019047260284423828,0.0,11.600000000000001
3377,0.0026149749755859375,0.0,10.8
3378,0.0006167888641357422,0.0,10.0
3379,0.0025119781494140625,0.0,8.8
3380,0.0007543563842773438,0.0,8.0
3381,0.0025484561920166016,0.0,6.800000000000001
3382,0.0006620883941650391,0.0,5.6000000000000005
3383,0.002124786376953125,0.0,4.800000000000001
3384,0.0006468296051025391,0.0,3.6
3385,0.0019307136535644531,0.0,2.0
3386,0.0006504058837890625,0.0,0.8
3387,0.0020003318786621094,0.0,-0.4
3388,0.0006947517395019531,0.0,-1.6
3389,0.0024726390838623047,0.0,-2.8000000000000003
3390,0.000652313232421875,0.0,-4.0
3391,0.0021872520446777344,0.0,-5.2
3392,0.0006508827209472656,0.0,-6.4
3393,0.002001047134399414,0.0,-7.2
3394,0.0008547306060791016,0.0,-8.4
3395,0.0027680397033691406,0.0,-9.200000000000001
3396,0.0007073879241943359,0.0,-10.0
3397,0.001989603042602539,0.0,-10.8
3398,0.0006990432739257812,0.0,-11.600000000000001
3399,0.0006995201110839844,0.0,-12.4
3400,0.0005609989166259766,0.0,-12.8
3401,0.0014081001281738281,0.0,-13.200000000000001
3402,0.0011034011840820312,0.0,-13.200000000000001
3403,0.0019769668579101562,0.0,-13.600000000000001
3404,0.0005342960357666016,0.0,-13.600000000000001
3405,0.0014371871948242188,0.0,-13.600000000000001
3406,0.0009052753448486328,0.0,-13.200000000000001
3407,0.00234222412109375,0.0,-13.200000000000001
3408,0.0007076263427734375,0.0,-12.8
3409,0.002607107162475586,0.0,-12.4
3410,0.0004773139953613281,0.0,-11.600000000000001
3411,0.001760244369506836,0.0,-11.200000000000001
3412,0.0006635189056396484,0.0,-10.4
3413,0.0016384124755859375,0.0,-9.600000000000001
3414,0.0007269382476806641,0.0,-8.4
3415,0.0020308494567871094,0.0,-7.6000000000000005
3416,0.0006620883941650391,0.0,-6.4
3417,0.001871347427368164,0.0,-5.6000000000000005
3418,0.0007836818695068359,0.0,-4.4
3419,0.002411365509033203,0.0,-3.2
3420,0.0007314682006835938,0.0,-2.0
3421,0.0018825531005859375,0.0,-0.8
3422,0.0005316734313964844,0.0,0.4
3423,0.0022482872009277344,0.0,1.6
3424,0.0026047229766845703,0.0,2.8000000000000003
3425,0.0006573200225830078,0.0,4.0
3426,0.002707242965698242,0.0,5.2
3427,0.0023987293243408203,0.0,6.0
3428,0.0006842613220214844,0.0,7.2
3429,0.0025205612182617188,0.0,8.0
3430,0.0023152828216552734,0.0,9.200000000000001
3431,0.0007264614105224609,0.0,10.0
3432,0.002424478530883789,0.0,10.4
3433,0.0007545948028564453,0.0,11.200000000000001
3434,0.0027723312377929688,0.0,12.0
3435,0.0006556510925292969,0.0,12.4
3436,0.0013208389282226562,0.0,12.8
3437,0.0007808208465576172,0.0,12.8
3438,0.0019783973693847656,0.0,13.200000000000001
3439,0.0006301403045654297,0.0,13.200000000000001
3440,0.001661539077758789,0.0,13.200000000000001
3441,0.00047206878662109375,0.0,12.8
3442,0.0017325878143310547,0.0,12.8
3443,0.0007569789886474609,0.0,12.4
3444,0.002513408660888672,0.0,12.0
3445,0.0006546974182128906,0.0,11.200000000000001
3446,0.0023949146270751953,0.0,10.8
3447,0.0006918907165527344,0.0,10.0
3448,0.0019459724426269531,0.0,9.200000000000001
3449,0.0006570816040039062,0.0,8.4
3450,0.0026493072509765625,0.0,7.2
3451,0.0006144046783447266,0.0,6.4
3452,0.0020551681518554688,0.0,5.2
3453,0.0005843639373779297,0.0,4.0
3454,0.001960277557373047,0.0,3.2
3455,0.0005812644958496094,0.0,2.0
3456,0.0026602745056152344,0.0,0.8
3457,0.0008678436279296875,0.0,-0.4
3458,0.0024099349975585938,0.0,-1.6
3459,0.0007114410400390625,0.0,-2.8000000000000003
3460,0.0020253658294677734,0.0,-4.0
3461,0.0006692409515380859,0.0,-4.800000000000001
3462,0.001651763916015625,0.0,-6.0
3463,0.0006325244903564453,0.0,-6.800000000000001
3464,0.0016283988952636719,0.0,-8.0
3465,0.002447366714477539,0.0,-8.8
3466,0.0006673336029052734,0.0,-9.600000000000001
3467,0.0019118785858154297,0.0,-10.4
3468,0.0007739067077636719,0.0,-10.8
3469,0.002591371536254883,0.0,-11.200000000000001
3470,0.0007345676422119141,0.0,-12.0
3471,0.0026640892028808594,0.0,-12.0
3472,0.0007030963897705078,0.0,-12.4
3473,0.0023746490478515625,0.0,-12.4
3474,0.0006270408630371094,0.0,-12.8
3475,0.0019752979278564453,0.0,-12.4
3476,0.0006308555603027344,0.0,-12.4
3477,0.0016736984252929688,0.0,-12.0
3478,0.0006210803985595703,0.0,-11.600000000000001
3479,0.0020194053649902344,0.0,-11.200000000000001
3480,0.0019922256469726562,0.0,-10.8
3481,0.0007345676422119141,0.0,-10.0
3482,0.0019142627716064453,0.0,-9.600000000000001
3483,0.0005433559417724609,0.0,-8.8
3484,0.0008356571197509766,0.0,-8.0
3485,0.0008356571197509766,0.0,-8.0
3486,0.0003523826599121094,0.0,-6.800000000000001
3487,0.00049591064453125,0.0,-6.0
3488,0.0004630088806152344,0.0,-4.800000000000001
3489,0.000579833984375,0.0,-4.0
3490,0.000316619873046875,0.0,-2.8000000000000003
3491,0.00014328956604003906,0.0,-1.6
3492,0.001020669937133789,0.0,-0.4
3493,0.002149820327758789,0.0,0.4
3494,0.0013184547424316406,0.0,1.6
3495,0.0022683143615722656,0.0,2.8000000000000003
3496,0.0007927417755126953,0.0,3.6
3497,0.002531766891479492,0.0,4.800000000000001
3498,0.0007679462432861328,0.0,6.0
3499,0.0020685195922851562,0.0,6.800000000000001
3500,0.0006613731384277344,0.0,7.6000000000000005
3501,0.0014805793762207031,0.0,8.4
3502,0.0006978511810302734,0.0,9.200000000000001
3503,0.0021545886993408203,0.0,10.0
3504,0.0006222724914550781,0.0,10.4
3505,0.0016548633575439453,0.0,11.200000000000001
3506,0.0008051395416259766,0.0,11.600000000000001
3507,0.0025794506072998047,0.0,11.600000000000001
3508,0.0007197856903076172,0.0,12.0
3509,0.0024781227111816406,0.0,12.0
3510,0.0006489753723144531,0.0,12.0
3511,0.002598285675048828,0.0,12.0
3512,0.0006699562072753906,0.0,12.0
3513,0.0024497509002685547,0.0,11.600000000000001
3514,0.0006759166717529297,0.0,11.200000000000001
3515,0.0021066665649414062,0.0,10.8
3516,0.0006566047668457031,0.0,10.4
3517,0.0015785694122314453,0.0,9.600000000000001
3518,0.000579833984375,0.0,9.200000000000001
3519,0.002583026885986328,0.0,8.4
3520,0.0008015632629394531,0.0,7.6000000000000005
3521,0.0023047924041748047,0.0,6.800000000000001
3522,0.0006427764892578125,0.0,5.6000000000000005
3523,0.0019366741180419922,0.0,4.800000000000001
3524,0.0019295215606689453,0.0,3.6
3525,0.0006275177001953125,0.0,2.8000000000000003
3526,0.002055644989013672,0.0,1.6
3527,0.0006389617919921875,0.0,0.4
3528,0.001649618148803711,0.0,-0.4
3529,0.0005891323089599609,0.0,-1.6
3530,0.0026617050170898438,0.0,-2.8000000000000003
3531,0.0025377273559570312,0.0,-3.6
3532,0.0021402835845947266,0.0,-4.800000000000001
3533,0.0006926059722900391,0.0,-5.6000000000000005
3534,0.0025949478149414062,0.0,-6.4
3535,0.0006990432739257812,0.0,-7.6000000000000005
3536,0.0022656917572021484,0.0,-8.4
3537,0.0006518363952636719,0.0,-8.8
3538,0.002323150634765625,0.0,-9.600000000000001
3539,0.0004711151123046875,0.0,-10.0
3540,0.0019795894622802734,0.0,-10.8
3541,0.0006067752838134766,0.0,-11.200000000000001
3542,0.0021092891693115234,0.0,-11.200000000000001
3543,0.0006923675537109375,0.0,-11.600000000000001
3544,0.0026557445526123047,0.0,-11.600000000000001
3545,0.0008094310760498047,0.0,-11.600000000000001
3546,0.0020759105682373047,0.0,-11.600000000000001
3547,0.0007114410400390625,0.0,-11.600000000000001
3548,0.0024564266204833984,0.0,-11.200000000000001
3549,0.0006153583526611328,0.0,-10.8
3550,0.0023589134216308594,0.0,-10.4
3551,0.0007150173187255859,0.0,-10.0
3552,0.002531766891479492,0.0,-9.200000000000001
3553,0.000640869140625,0.0,-8.8
3554,0.0018308162689208984,0.0,-8.0
3555,0.0006628036499023438,0.0,-7.2
3556,0.002428293228149414,0.0,-6.4
3557,0.0008213520050048828,0.0,-5.2
3558,0.0024709701538085938,0.0,-4.4
3559,0.0007390975952148438,0.0,-3.6
3560,0.002485990524291992,0.0,-2.4000000000000004
3561,0.0006957054138183594,0.0,-1.2000000000000002
3562,0.0021572113037109375,0.0,-0.4
3563,0.0006384849548339844,0.0,0.8
3564,0.0021514892578125,0.0,1.6
3565,0.0006730556488037109,0.0,2.8000000000000003
3566,0.0018475055694580078,0.0,3.6
3567,0.0006299018859863281,0.0,4.800000000000001
3568,0.0025331974029541016,0.0,5.6000000000000005
3569,0.0007615089416503906,0.0,6.4
3570,0.0020890235900878906,0.0,7.2
3571,0.0007398128509521484,0.0,8.0
3572,0.0018079280853271484,0.0,8.8
3573,0.0006861686706542969,0.0,9.200000000000001
3574,0.0021915435791015625,0.0,10.0
3575,0.0017609596252441406,0.0,10.4
3576,0.0006153583526611328,0.0,10.8
3577,0.0016412734985351562,0.0,10.8
3578,0.0006070137023925781,0.002,11.200000000000001
3579,0.0016307830810546875,0.002,11.200000000000001
3580,0.0005884170532226562,0.002,11.200000000000001
3581,0.002542734146118164,0.004,11.200000000000001
3582,0.0007030963897705078,0.004,11.200000000000001
3583,0.0021774768829345703,0.006,10.8
3584,0.0006785392761230469,0.006,10.4
3585,0.0019185543060302734,0.006,10.0
3586,0.0006124973297119141,0.006,9.600000000000001
3587,0.0018322467803955078,0.006,8.8
3588,0.0005879402160644531,0.009000000000000001,8.4
3589,0.0024051666259765625,0.009000000000000001,7.6000000000000005
3590,0.0005991458892822266,0.009000000000000001,6.800000000000001
3591,0.0021250247955322266,0.011,6.0
3592,0.000576019287109375,0.011,5.2
3593,0.001867532730102539,0.013,4.0
3594,0.0006132125854492188,0.015,3.2
3595,0.0025980472564697266,0.017,2.4000000000000004
3596,0.0007195472717285156,0.019,1.2000000000000002
3597,0.0024421215057373047,0.019,0.4
3598,0.0006198883056640625,0.022,-0.8
3599,0.0021467208862304688,0.026,-1.6
3600,0.0006132125854492188,0.026,-2.8000000000000003
3601,0.0024111270904541016,0.026,-3.6
3602,0.0006422996520996094,0.03,-4.4
3603,0.0020263195037841797,0.032,-5.6000000000000005
3604,0.0006806850433349609,0.032,-6.4
3605,0.0021047592163085938,0.032,-7.2
3606,0.0006701946258544922,0.034,-7.6000000000000005
3607,0.001837015151977539,0.034,-8.4
3608,0.0008149147033691406,0.037000000000000005,-8.8
3609,0.0025854110717773438,0.040999999999999995,-9.600000000000001
3610,0.0005519390106201172,0.040999999999999995,-10.0
3611,0.00069427490234375,0.040999999999999995,-10.4
3612,0.0011255741119384766,0.043,-10.4
3613,0.0006642341613769531,0.043,-10.8
3614,0.0020530223846435547,0.045,-10.8
3615,0.0007443428039550781,0.047,-10.8
3616,0.0020508766174316406,0.05,-10.8
3617,0.0007171630859375,0.052000000000000005,-10.4
3618,0.001961946487426758,0.052000000000000005,-10.4
3619,0.0006024837493896484,0.052000000000000005,-10.0
3620,0.0019490718841552734,0.054000000000000006,-9.600000000000001
3621,0.000858306884765625,0.055999999999999994,-9.200000000000001
3622,0.002011537551879883,0.06,-8.4
3623,0.0006153583526611328,0.06,-7.6000000000000005
3624,0.0017707347869873047,0.065,-7.2
3625,0.0006723403930664062,0.065,-6.4
3626,0.0016658306121826172,0.067,-5.6000000000000005
3627,0.0006685256958007812,0.067,-4.4
3628,0.0021064281463623047,0.067,-3.6
3629,0.0006418228149414062,0.067,-2.4000000000000004
3630,0.0018558502197265625,0.067,-1.2000000000000002
3631,0.0006487369537353516,0.067,0.0
3632,0.0025382041931152344,0.067,1.2000000000000002
3633,0.0018830299377441406,0.067,2.8000000000000003
3634,0.0008077621459960938,0.067,4.0
3635,0.002065420150756836,0.069,5.2
3636,0.0007765293121337891,0.069,6.800000000000001
3637,0.002695322036743164,0.069,8.0
3638,0.002695322036743164,0.071,8.0
3639,0.0023565292358398438,0.073,9.600000000000001
3640,0.0005977153778076172,0.073,10.8
3641,0.0025551319122314453,0.075,12.4
3642,0.0006482601165771484,0.075,13.600000000000001
3643,0.0025806427001953125,0.078,14.8
3644,0.0006098747253417969,0.08,16.0
3645,0.0022132396697998047,0.08,17.2
3646,0.0008656978607177734,0.08,18.400000000000002
3647,0.001978635787963867,0.08,19.200000000000003
3648,0.0007085800170898438,0.08,20.400000000000002
3649,0.002491474151611328,0.08,21.200000000000003
3650,0.0006358623504638672,0.08,22.0
3651,0.0021948814392089844,0.08,22.400000000000002
3652,0.000782012939453125,0.08,23.200000000000003
3653,0.0020394325256347656,0.08199999999999999,23.6
3654,0.0005958080291748047,0.08199999999999999,24.0
3655,0.0024912357330322266,0.08199999999999999,24.400000000000002
3656,0.0006060600280761719,0.08199999999999999,24.400000000000002
3657,0.0021123886108398438,0.08199999999999999,24.400000000000002
3658,0.0007684230804443359,0.08199999999999999,24.400000000000002
3659,0.0019714832305908203,0.084,24.400000000000002
3660,0.0007123947143554688,0.084,24.0
3661,0.001636505126953125,0.084,23.6
3662,0.0006976127624511719,0.084,23.200000000000003
3663,0.0016758441925048828,0.086,22.8
3664,0.0006656646728515625,0.086,22.0
3665,0.0016453266143798828,0.086,21.200000000000003
3666,0.0007085800170898438,0.08800000000000001,20.400000000000002
3667,0.0025110244750976562,0.08800000000000001,19.6
3668,0.0006148815155029297,0.08800000000000001,18.8
3669,0.0025489330291748047,0.08800000000000001,17.6
3670,0.0007617473602294922,0.08800000000000001,16.8
3671,0.002568960189819336,0.093,15.600000000000001
3672,0.0007035732269287109,0.093,14.8
3673,0.0020079612731933594,0.093,13.600000000000001
3674,0.0006783008575439453,0.093,12.4
3675,0.0018475055694580078,0.093,11.200000000000001
3676,0.0006604194641113281,0.093,10.4
3677,0.0016791820526123047,0.093,9.200000000000001
3678,0.0006389617919921875,0.093,8.0
3679,0.0025565624237060547,0.095,7.2
3680,0.0005979537963867188,0.095,6.4
3681,0.002336263656616211,0.095,5.2
3682,0.0006260871887207031,0.095,4.4
3683,0.001943349838256836,0.099,3.6
3684,0.002047300338745117,0.099,3.2
3685,0.0008003711700439453,0.099,2.4000000000000004
3686,0.002560138702392578,0.099,2.0
3687,0.0007305145263671875,0.101,1.6
3688,0.001961946487426758,0.103,1.2000000000000002
3689,0.0006783008575439453,0.103,0.8
3690,0.0022454261779785156,0.106,0.8
3691,0.000720977783203125,0.106,0.8
3692,0.0023872852325439453,0.108,0.8
3693,0.0006923675537109375,0.108,1.2000000000000002
3694,0.0020151138305664062,0.108,1.6
3695,0.0006415843963623047,0.11,2.0
3696,0.0025069713592529297,0.11,2.4000000000000004
3697,0.0007791519165039062,0.11,3.2
3698,0.0023910999298095703,0.11,3.6
3699,0.0007326602935791016,0.112,4.4
3700,0.0022776126861572266,0.112,5.6000000000000005
3701,0.0006392002105712891,0.114,6.4
3702,0.002157926559448242,0.114,7.6000000000000005
3703,0.0005960464477539062,0.116,8.8
3704,0.0015468597412109375,0.119,9.600000000000001
3705,0.0005700588226318359,0.119,11.200000000000001
3706,0.002571582794189453,0.119,12.4
3707,0.000606536865234375,0.121,13.600000000000001
3708,0.0025920867919921875,0.121,14.8
3709,0.0007448196411132812,0.123,16.400000000000002
3710,0.002733469009399414,0.123,17.6
3711,0.0006439685821533203,0.123,18.8
3712,0.002888917922973633,0.123,20.400000000000002
3713,0.0005955696105957031,0.125,21.6
3714,0.002018451690673828,0.127,22.8
3715,0.0006871223449707031,0.127,24.0
3716,0.0010616779327392578,0.127,25.200000000000003
3717,0.0008485317230224609,0.127,26.400000000000002
3718,0.0020074844360351562,0.127,27.6
3719,0.0007071495056152344,0.127,28.400000000000002
3720,0.0019752979278564453,0.129,29.6
3721,0.0007703304290771484,0.129,30.400000000000002
3722,0.002082347869873047,0.129,31.200000000000003
3723,0.0006704330444335938,0.129,32.0
3724,0.001211404800415039,0.131,32.4
3725,0.0006806850433349609,0.131,32.800000000000004
3726,0.0019488334655761719,0.131,33.2
3727,0.0006794929504394531,0.131,33.6
3728,0.002855062484741211,0.131,34.0
3729,0.0006010532379150391,0.131,34.0
3730,0.0018558502197265625,0.134,34.0
3731,0.0006291866302490234,0.134,34.0
3732,0.0025954246520996094,0.134,33.6
3733,0.0015332698822021484,0.136,33.6
3734,0.0007655620574951172,0.138,33.2
3735,0.002481222152709961,0.138,32.800000000000004
3736,0.0007617473602294922,0.138,32.0
3737,0.0026025772094726562,0.138,31.6
3738,0.0006465911865234375,0.138,30.8
3739,0.002063274383544922,0.142,30.0
3740,0.0007264614105224609,0.142,29.200000000000003
3741,0.0023326873779296875,0.142,28.400000000000002
3742,0.0006270408630371094,0.142,27.6
3743,0.0024437904357910156,0.142,26.8
3744,0.0006363391876220703,0.142,26.0
3745,0.002023935317993164,0.142,24.8
3746,0.0007977485656738281,0.142,24.0
3747,0.0019617080688476562,0.142,22.8
3748,0.0007214546203613281,0.142,22.0
3749,0.0022330284118652344,0.14400000000000002,21.200000000000003
3750,0.0006780624389648438,0.147,20.400000000000002
3751,0.002133607864379883,0.147,19.200000000000003
3752,0.0006506443023681641,0.147,18.400000000000002
3753,0.0024416446685791016,0.149,17.6
3754,0.0005965232849121094,0.149,17.2
3755,0.0021300315856933594,0.149,16.400000000000002
3756,0.0005781650543212891,0.149,15.600000000000001
3757,0.0016205310821533203,0.149,15.200000000000001
3758,0.0006060600280761719,0.149,14.8
3759,0.0022401809692382812,0.149,14.4
3760,0.0008172988891601562,0.149,14.0
3761,0.002497434616088867,0.149,14.0
3762,0.0007026195526123047,0.151,13.600000000000001
3763,0.0006840229034423828,0.151,13.600000000000001
3764,0.0006601810455322266,0.151,13.600000000000001
3765,0.0020720958709716797,0.151,14.0
3766,0.0006632804870605469,0.151,14.0
3767,0.002008676528930664,0.151,14.4
3768,0.0006139278411865234,0.151,14.8
3769,0.0024585723876953125,0.151,15.200000000000001
3770,0.0005784034729003906,0.151,15.600000000000001
3771,0.0020623207092285156,0.151,16.400000000000002
3772,0.0008487701416015625,0.151,17.2
3773,0.0018570423126220703,0.151,18.0
3774,0.0006635189056396484,0.151,18.8
3775,0.0027081966400146484,0.151,19.6
3776,0.0006644725799560547,0.151,20.400000000000002
3777,0.0025634765625,0.151,21.200000000000003
3778,0.0006461143493652344,0.153,22.400000000000002
3779,0.003165721893310547,0.153,23.200000000000003
3780,0.0008063316345214844,0.155,24.0
3781,0.002532482147216797,0.155,25.200000000000003
3782,0.0007040500640869141,0.155,26.0
3783,0.001987934112548828,0.155,27.200000000000003
3784,0.0026056766510009766,0.157,28.0
3785,0.001786947250366211,0.157,29.200000000000003
3786,0.0022895336151123047,0.157,30.0
3787,0.0022895336151123047,0.157,30.0
3788,0.0020406246185302734,0.157,30.8
3789,0.0006785392761230469,0.157,32.0
3790,0.0027785301208496094,0.162,32.800000000000004
3791,0.0006356239318847656,0.162,33.6
3792,0.002128124237060547,0.16399999999999998,34.4
3793,0.0006580352783203125,0.16399999999999998,34.800000000000004
3794,0.002315521240234375,0.16399999999999998,35.6
3795,0.0006024837493896484,0.166,36.0
3796,0.0026030540466308594,0.168,36.4
3797,0.0007965564727783203,0.168,37.2
3798,0.002631664276123047,0.168,37.2
3799,0.0007271766662597656,0.168,37.6
3800,0.002346515655517578,0.168,38.0
3801,0.0006322860717773438,0.168,38.0
3802,0.0020394325256347656,0.168,38.400000000000006
3803,0.0006067752838134766,0.168,38.400000000000006
3804,0.002645730972290039,0.172,38.400000000000006
3805,0.0005967617034912109,0.172,38.400000000000006
3806,0.0021822452545166016,0.172,38.400000000000006
3807,0.0006155967712402344,0.172,38.400000000000006
3808,0.0020415782928466797,0.172,38.0
3809,0.0007135868072509766,0.175,38.0
3810,0.003147125244140625,0.175,37.6
3811,0.0006489753723144531,0.175,37.2
3812,0.002454042434692383,0.177,37.2
3813,0.0006203651428222656,0.177,36.800000000000004
3814,0.0016493797302246094,0.179,36.4
3815,0.0006351470947265625,0.179,36.0
3816,0.0019533634185791016,0.181,35.6
3817,0.0009157657623291016,0.181,35.2
3818,0.0012769699096679688,0.181,34.800000000000004
3819,0.0007596015930175781,0.181,34.4
3820,0.0025734901428222656,0.181,34.0
3821,0.0006573200225830078,0.181,33.6
3822,0.0032236576080322266,0.181,33.2
3823,0.0009038448333740234,0.183,32.800000000000004
3824,0.0030641555786132812,0.183,32.4
3825,0.0007541179656982422,0.183,32.0
3826,0.0019958019256591797,0.183,31.6
3827,0.000682830810546875,0.183,31.200000000000003
3828,0.0022172927856445312,0.183,31.200000000000003
3829,0.0006971359252929688,0.183,30.8
3830,0.0019719600677490234,0.188,30.400000000000002
3831,0.0006511211395263672,0.188,30.400000000000002
3832,0.002003908157348633,0.188,30.400000000000002
3833,0.0006551742553710938,0.188,30.0
3834,0.0016145706176757812,0.188,30.0
3835,0.0007693767547607422,0.188,30.0
3836,0.0024518966674804688,0.188,30.0
3837,0.0011451244354248047,0.188,30.400000000000002
3838,0.0006997585296630859,0.188,30.400000000000002
3839,0.0008549690246582031,0.188,30.400000000000002
3840,0.0006866455078125,0.188,30.8
3841,0.002610445022583008,0.188,30.8
3842,0.0006351470947265625,0.188,31.200000000000003
3843,0.0021560192108154297,0.188,31.6
3844,0.0006525516510009766,0.188,32.0
3845,0.0023686885833740234,0.188,32.4
3846,0.0006628036499023438,0.188,32.800000000000004
3847,0.0021970272064208984,0.188,33.2
3848,0.0007655620574951172,0.188,33.6
3849,0.0022628307342529297,0.19,34.4
3850,0.0007083415985107422,0.19,34.800000000000004
3851,0.0024514198303222656,0.19,35.2
3852,0.0006780624389648438,0.19,35.6
3853,0.0022940635681152344,0.19,36.4
3854,0.0006046295166015625,0.19,36.800000000000004
3855,0.0020651817321777344,0.19,37.6
3856,0.0005996227264404297,0.192,38.0
3857,0.0015568733215332031,0.192,38.400000000000006
3858,0.0006575584411621094,0.192,39.2
3859,0.0019779205322265625,0.192,39.6
3860,0.0007700920104980469,0.192,40.0
3861,0.0027332305908203125,0.192,40.400000000000006
3862,0.000701904296875,0.192,40.800000000000004
3863,0.0019137859344482422,0.192,41.6
3864,0.0006177425384521484,0.194,42.0
3865,0.0016624927520751953,0.194,42.400000000000006
3866,0.0007116794586181641,0.194,42.800000000000004
3867,0.0017230510711669922,0.194,43.2
3868,0.0006206035614013672,0.194,43.2
3869,0.002486705780029297,0.194,43.6
3870,0.000598907470703125,0.196,44.0
3871,0.0020155906677246094,0.196,44.0
3872,0.0011632442474365234,0.196,44.400000000000006
3873,0.002554178237915039,0.196,44.400000000000006
3874,0.0008916854858398438,0.196,44.800000000000004
3875,0.0015954971313476562,0.196,44.800000000000004
3876,0.0007119178771972656,0.196,44.800000000000004
3877,0.0019860267639160156,0.196,44.800000000000004
3878,0.0006310939788818359,0.198,44.800000000000004
3879,0.002548694610595703,0.198,44.800000000000004
3880,0.0005872249603271484,0.198,44.800000000000004
3881,0.0019321441650390625,0.198,44.800000000000004
3882,0.0006263256072998047,0.198,44.800000000000004
3883,0.002134084701538086,0.198,44.400000000000006
3884,0.0006172657012939453,0.2,44.400000000000006
3885,0.0015916824340820312,0.2,44.0
3886,0.0007808208465576172,0.203,44.0
3887,0.002656698226928711,0.203,43.6
3888,0.0006778240203857422,0.203,43.6
3889,0.0019788742065429688,0.203,43.2
3890,0.0006086826324462891,0.203,43.2
3891,0.0025496482849121094,0.203,42.800000000000004
3892,0.0006775856018066406,0.203,42.800000000000004
3893,0.001911163330078125,0.203,42.400000000000006
3894,0.000640869140625,0.205,42.0
3895,0.0016281604766845703,0.205,42.0
3896,0.0006239414215087891,0.205,41.6
3897,0.0016617774963378906,0.205,41.6
3898,0.0007510185241699219,0.205,41.2
3899,0.0019724369049072266,0.205,41.2
3900,0.0006890296936035156,0.205,40.800000000000004
3901,0.0020024776458740234,0.205,40.800000000000004
3902,0.0007035732269287109,0.205,40.800000000000004
3903,0.002149343490600586,0.205,40.400000000000006
3904,0.0006165504455566406,0.207,40.400000000000006
3905,0.0018777847290039062,0.209,40.400000000000006
3906,0.0006072521209716797,0.209,40.400000000000006
3907,0.002652883529663086,0.209,40.400000000000006
3908,0.0006639957427978516,0.209,40.400000000000006
3909,0.002435445785522461,0.209,40.400000000000006
3910,0.0007593631744384766,0.209,40.400000000000006
3911,0.002626657485961914,0.209,40.400000000000006
3912,0.0007429122924804688,0.209,40.800000000000004
3913,0.0021250247955322266,0.209,40.800000000000004
3914,0.0006277561187744141,0.211,41.2
3915,0.0015439987182617188,0.211,41.2
3916,0.0006175041198730469,0.211,41.6
3917,0.0024404525756835938,0.211,41.6
3918,0.0006494522094726562,0.211,42.0
3919,0.001825094223022461,0.211,42.400000000000006
3920,0.0006291866302490234,0.211,42.400000000000006
3921,0.0019600391387939453,0.211,42.800000000000004
3922,0.0008418560028076172,0.211,43.2
3923,0.0026061534881591797,0.211,43.6
3924,0.0008230209350585938,0.211,44.0
3925,0.001312255859375,0.211,44.400000000000006
3926,0.0006477832794189453,0.211,44.800000000000004
3927,0.002114534378051758,0.211,45.2
3928,0.0006330013275146484,0.211,45.6
3929,0.002261638641357422,0.211,46.0
3930,0.0006768703460693359,0.211,46.400000000000006
3931,0.0022940635681152344,0.211,46.800000000000004
3932,0.0008282661437988281,0.211,47.2
3933,0.0022919178009033203,0.211,47.6
3934,0.0022919178009033203,0.211,47.6
3935,0.0021584033966064453,0.211,48.0
3936,0.0007236003875732422,0.211,48.400000000000006
3937,0.0020346641540527344,0.211,48.800000000000004
3938,0.0006787776947021484,0.211,49.2
3939,0.001645803451538086,0.211,49.6
3940,0.0006299018859863281,0.211,49.6
3941,0.002640962600708008,0.211,50.0
3942,0.0006477832794189453,0.213,50.400000000000006
3943,0.0019850730895996094,0.213,50.800000000000004
3944,0.0007183551788330078,0.213,51.2
3945,0.002682209014892578,0.213,51.6
3946,0.0006997585296630859,0.213,52.0
3947,0.0019643306732177734,0.213,52.400000000000006
3948,0.0007474422454833984,0.213,52.800000000000004
3949,0.002386808395385742,0.21600000000000005,52.800000000000004
3950,0.0006997585296630859,0.21600000000000005,53.2
3951,0.001982450485229492,0.21600000000000005,53.2
3952,0.0007312297821044922,0.21600000000000005,53.6
3953,0.0015690326690673828,0.21600000000000005,53.6
3954,0.0006017684936523438,0.21600000000000005,54.0
3955,0.0023736953735351562,0.218,54.0
3956,0.0005984306335449219,0.218,54.0
3957,0.0025489330291748047,0.218,54.0
3958,0.0024776458740234375,0.218,54.0
3959,0.0005927085876464844,0.218,54.0
3960,0.0021216869354248047,0.218,54.0
3961,0.0007588863372802734,0.218,54.0
3962,0.0022554397583007812,0.218,53.6
3963,0.0006527900695800781,0.218,53.6
3964,0.002557039260864258,0.22,53.6
3965,0.000690460205078125,0.22,53.2
3966,0.002366781234741211,0.22,53.2
3967,0.000667572021484375,0.22,53.2
3968,0.0021746158599853516,0.22,52.800000000000004
3969,0.0006568431854248047,0.22,52.400000000000006
3970,0.0024204254150390625,0.22,52.400000000000006
3971,0.0006272792816162109,0.22,52.0
3972,0.002342700958251953,0.22,52.0
3973,0.002416849136352539,0.22,51.6
3974,0.0007567405700683594,0.222,51.2
3975,0.0015838146209716797,0.222,51.2
3976,0.0008883476257324219,0.222,50.800000000000004
3977,0.002326488494873047,0.222,50.400000000000006
3978,0.0006542205810546875,0.222,50.400000000000006
3979,0.0016617774963378906,0.222,50.0
3980,0.0006194114685058594,0.222,49.6
3981,0.001932382583618164,0.222,49.6
3982,0.0006177425384521484,0.222,49.2
3983,0.0026769638061523438,0.224,49.2
3984,0.0021233558654785156,0.224,48.800000000000004
3985,0.0006487369537353516,0.224,48.800000000000004
3986,0.0018482208251953125,0.224,48.400000000000006
3987,0.0017719268798828125,0.224,48.400000000000006
3988,0.0007872581481933594,0.226,48.400000000000006
3989,0.0019519329071044922,0.226,48.0
3990,0.0006365776062011719,0.226,48.0
3991,0.0016520023345947266,0.228,48.0
3992,0.0006690025329589844,0.231,48.0
3993,0.002650737762451172,0.231,48.0
3994,0.0006797313690185547,0.231,48.0
3995,0.001836538314819336,0.231,48.0
3996,0.000690460205078125,0.231,48.0
3997,0.002652883529663086,0.231,48.0
3998,0.0006489753723144531,0.231,48.0
3999,0.001844644546508789,0.231,48.400000000000006
4000,0.0008146762847900391,0.231,48.400000000000006
4001,0.0020966529846191406,0.231,48.400000000000006
4002,0.0007216930389404297,0.231,48.800000000000004
4003,0.002561330795288086,0.231,49.2
4004,0.0006344318389892578,0.231,49.2
4005,0.0015883445739746094,0.231,49.6
4006,0.0024023056030273438,0.231,50.0
4007,0.0006237030029296875,0.231,50.400000000000006
4008,0.001986265182495117,0.231,50.800000000000004
4009,0.0018565654754638672,0.231,51.2
4010,0.0006458759307861328,0.231,51.6
4011,0.001939535140991211,0.231,52.0
4012,0.0014231204986572266,0.231,52.400000000000006
4013,0.0007333755493164062,0.231,52.800000000000004
4014,0.002587556838989258,0.231,53.2
4015,0.002401113510131836,0.231,53.6
4016,0.0006756782531738281,0.233,54.0
4017,0.0022580623626708984,0.235,54.400000000000006
4018,0.0019860267639160156,0.235,54.800000000000004
4019,0.0023713111877441406,0.235,55.6
4020,0.0006482601165771484,0.235,56.0
4021,0.0017647743225097656,0.235,56.400000000000006
4022,0.0006318092346191406,0.235,56.800000000000004
4023,0.0017926692962646484,0.235,57.2
4024,0.0006856918334960938,0.235,57.6
4025,0.0017743110656738281,0.235,58.0
4026,0.00249481201171875,0.235,58.400000000000006
4027,0.0007188320159912109,0.235,58.800000000000004
4028,0.002035856246948242,0.237,59.2
4029,0.00189208984375,0.237,59.2
4030,0.0007205009460449219,0.237,59.6
4031,0.0028235912322998047,0.237,60.0
4032,0.0015430450439453125,0.237,60.400000000000006
4033,0.0006296634674072266,0.237,60.800000000000004
4034,0.002043008804321289,0.237,60.800000000000004
4035,0.0006301403045654297,0.237,61.2
4036,0.0021352767944335938,0.237,61.6
4037,0.0007281303405761719,0.237,61.6
4038,0.002621173858642578,0.237,62.0
4039,0.0006785392761230469,0.237,62.0
4040,0.002208232879638672,0.237,62.400000000000006
4041,0.002483844757080078,0.237,62.400000000000006
4042,0.0007240772247314453,0.237,62.400000000000006
4043,0.0020346641540527344,0.237,62.800000000000004
4044,0.0007195472717285156,0.237,62.800000000000004
4045,0.002379179000854492,0.237,62.800000000000004
4046,0.0006356239318847656,0.237,62.800000000000004
4047,0.0022935867309570312,0.237,62.800000000000004
4048,0.0006234645843505859,0.237,62.800000000000004
4049,0.002096891403198242,0.237,62.800000000000004
4050,0.0007414817810058594,0.237,62.800000000000004
4051,0.002572298049926758,0.237,62.800000000000004
4052,0.0006816387176513672,0.237,62.800000000000004
4053,0.002343893051147461,0.237,62.800000000000004
4054,0.0006456375122070312,0.237,62.400000000000006
4055,0.0020029544830322266,0.237,62.400000000000006
4056,0.0006153583526611328,0.237,62.400000000000006
4057,0.0026311874389648438,0.237,62.400000000000006
4058,0.0006334781646728516,0.237,62.0
4059,0.002000570297241211,0.237,62.0
4060,0.0006432533264160156,0.237,61.6
4061,0.0024454593658447266,0.237,61.6
4062,0.0007376670837402344,0.237,61.2
4063,0.00263214111328125,0.237,61.2
4064,0.0007028579711914062,0.237,60.800000000000004
4065,0.0021011829376220703,0.237,60.800000000000004
4066,0.0006866455078125,0.237,60.400000000000006
4067,0.0022537708282470703,0.237,60.400000000000006
4068,0.0004086494445800781,0.237,60.0
4069,0.0004086494445800781,0.233,60.0
4070,0.001285552978515625,0.231,59.6
4071,0.0005748271942138672,0.228,59.6
4072,0.0017805099487304688,0.226,59.2
4073,0.0007126331329345703,0.224,58.800000000000004
4074,0.002142190933227539,0.222,58.800000000000004
4075,0.0009210109710693359,0.22,58.400000000000006
4076,0.0020432472229003906,0.218,58.0
4077,0.0009217262268066406,0.213,57.6
4078,0.002018451690673828,0.211,57.6
4079,0.0006358623504638672,0.207,57.2
4080,0.002601146697998047,0.203,56.800000000000004
4081,0.0006585121154785156,0.2,56.400000000000006
4082,0.0019867420196533203,0.196,56.0
4083,0.0019452571868896484,0.194,55.6
4084,0.0006127357482910156,0.192,55.2
4085,0.0016684532165527344,0.19,54.800000000000004
4086,0.0008013248443603516,0.19,54.0
4087,0.0021355152130126953,0.188,53.6
4088,0.0007805824279785156,0.183,52.800000000000004
4089,0.0018880367279052734,0.181,52.0
4090,0.0007212162017822266,0.177,51.2
4091,0.00252532958984375,0.172,50.400000000000006
4092,0.0018544197082519531,0.168,49.6
4093,0.0007557868957519531,0.16399999999999998,48.400000000000006
4094,0.0012829303741455078,0.16399999999999998,47.6
4095,0.0006656646728515625,0.162,46.400000000000006
4096,0.002461671829223633,0.159,45.2
4097,0.0007154941558837891,0.157,44.0
4098,0.0024404525756835938,0.153,42.800000000000004
4099,0.0006549358367919922,0.151,41.2
4100,0.002093791961669922,0.151,39.6
4101,0.0008490085601806641,0.151,38.400000000000006
4102,0.001867532730102539,0.149,36.800000000000004
4103,0.0007023811340332031,0.149,35.2
4104,0.0022003650665283203,0.147,33.2
4105,0.0006663799285888672,0.14400000000000002,31.6
4106,0.0021622180938720703,0.142,30.0
4107,0.0006916522979736328,0.138,28.0
4108,0.0019652843475341797,0.138,26.400000000000002
4109,0.0006203651428222656,0.138,24.400000000000002
4110,0.0018069744110107422,0.138,22.8
4111,0.0006058216094970703,0.136,20.8
4112,0.0020313262939453125,0.134,19.200000000000003
4113,0.0007872581481933594,0.131,17.6
4114,0.002660512924194336,0.129,16.0
4115,0.0006854534149169922,0.129,14.4
4116,0.0021660327911376953,0.125,12.8
4117,0.0007700920104980469,0.125,11.200000000000001
4118,0.002155780792236328,0.121,10.0
4119,0.0006690025329589844,0.116,8.8
4120,0.0025207996368408203,0.114,7.6000000000000005
4121,0.0006234645843505859,0.112,6.4
4122,0.002014636993408203,0.108,5.2
4123,0.0005931854248046875,0.103,4.4
4124,0.0017113685607910156,0.101,3.6
4125,0.0007379055023193359,0.097,3.2
4126,0.0011105537414550781,0.093,2.8000000000000003
4127,0.0006871223449707031,0.08800000000000001,2.0
4128,0.0024995803833007812,0.08199999999999999,2.0
4129,0.0006024837493896484,0.08,1.6
4130,0.0016927719116210938,0.075,1.6
4131,0.0006229877471923828,0.071,1.6
4132,0.002143383026123047,0.069,1.6
4133,0.0030510425567626953,0.067,2.0
4134,0.001504659652709961,0.06,2.4000000000000004
4135,0.0006425380706787109,0.055999999999999994,2.4000000000000004
4136,0.002518177032470703,0.054000000000000006,2.8000000000000003
4137,0.0008039474487304688,0.05,3.2
4138,0.0024766921997070312,0.045,4.0
4139,0.0008392333984375,0.043,4.4
4140,0.0022449493408203125,0.037000000000000005,4.800000000000001
4141,0.0007073879241943359,0.037000000000000005,5.6000000000000005
4142,0.0020728111267089844,0.03,6.0
4143,0.0024318695068359375,0.024,6.4
4144,0.0007212162017822266,0.024,7.2
4145,0.0023717880249023438,0.017,7.6000000000000005
4146,0.0006654262542724609,0.015,8.0
4147,0.0022475719451904297,0.013,8.4
4148,0.000614166259765625,0.013,8.8
4149,0.0022170543670654297,0.009000000000000001,9.200000000000001
4150,0.0007395744323730469,0.006,9.600000000000001
4151,0.002020597457885742,0.002,9.600000000000001
4152,0.0007433891296386719,0.0,10.0
4153,0.002227783203125,0.0,10.0
4154,0.0006780624389648438,0.0,10.0
4155,0.0021321773529052734,0.0,9.600000000000001
4156,0.0006427764892578125,0.0,9.600000000000001
4157,0.00217437744140625,0.0,9.200000000000001
4158,0.0006310939788818359,0.0,8.8
4159,0.002469301223754883,0.0,8.4
4160,0.0006196498870849609,0.0,8.0
4161,0.0021762847900390625,0.0,7.6000000000000005
4162,0.0006208419799804688,0.0,6.800000000000001
4163,0.002629995346069336,0.0,6.4
4164,0.0007989406585693359,0.0,5.6000000000000005
4165,0.0019071102142333984,0.0,4.800000000000001
4166,0.0006852149963378906,0.0,4.0
4167,0.0021550655364990234,0.0,3.2
4168,0.0006549358367919922,0.0,2.4000000000000004
4169,0.0020117759704589844,0.0,1.6
4170,0.0006501674652099609,0.0,0.4
4171,0.002171039581298828,0.0,-0.4
4172,0.002103090286254883,0.0,-1.2000000000000002
4173,0.0006110668182373047,0.0,-2.0
4174,0.0023651123046875,0.0,-2.8000000000000003
4175,0.001621246337890625,0.0,-3.6
4176,0.0010862350463867188,0.0,-4.4
4177,0.0008370876312255859,0.0,-5.2
4178,0.002200603485107422,0.0,-6.0
4179,0.0007276535034179688,0.0,-6.4
4180,0.002275705337524414,0.0,-7.2
4181,0.0006566047668457031,0.0,-7.6000000000000005
4182,0.002061128616333008,0.0,-8.0
4183,0.0021545886993408203,0.0,-8.4
4184,0.0006425380706787109,0.0,-8.8
4185,0.002435922622680664,0.0,-9.200000000000001
4186,0.0006489753723144531,0.0,-9.200000000000001
4187,0.002119302749633789,0.0,-9.600000000000001
4188,0.0007061958312988281,0.0,-9.600000000000001
4189,0.0024192333221435547,0.0,-9.200000000000001
4190,0.0007104873657226562,0.0,-9.200000000000001
4191,0.0015616416931152344,0.0,-9.200000000000001
4192,0.0006461143493652344,0.0,-8.8
4193,0.0021419525146484375,0.0,-8.4
4194,0.0022535324096679688,0.0,-8.0
4195,0.0006234645843505859,0.0,-7.6000000000000005
4196,0.002419710159301758,0.0,-7.2
4197,0.0006432533264160156,0.0,-6.4
4198,0.002108335494995117,0.0,-5.6000000000000005
4199,0.0005862712860107422,0.0,-5.2
4200,0.0023183822631835938,0.0,-4.4
4201,0.0007293224334716797,0.0,-3.6
4202,0.0025148391723632812,0.0,-2.8000000000000003
4203,0.0006372928619384766,0.0,-2.0
4204,0.002234935760498047,0.0,-1.2000000000000002
4205,0.0006418228149414062,0.0,-0.4
4206,0.0016460418701171875,0.0,0.4
4207,0.0006120204925537109,0.0,1.2000000000000002
4208,0.0021123886108398438,0.0,2.0
4209,0.0006256103515625,0.0,2.8000000000000003
4210,0.002165079116821289,0.0,3.6
4211,0.00072479248046875,0.0,4.4
4212,0.0025336742401123047,0.0,5.2
4213,0.0007517337799072266,0.0,5.6000000000000005
4214,0.0021514892578125,0.0,6.4
4215,0.0006659030914306641,0.0,6.800000000000001
4216,0.001981973648071289,0.0,7.6000000000000005
4217,0.0022029876708984375,0.0,8.0
4218,0.0006923675537109375,0.0,8.4
4219,0.0021140575408935547,0.0,8.4
4220,0.002025127410888672,0.0,8.8
4221,0.0009911060333251953,0.0,9.200000000000001
4222,0.0016777515411376953,0.0,9.200000000000001
4223,0.0007092952728271484,0.0,9.200000000000001
4224,0.002155303955078125,0.0,8.8
4225,0.0009276866912841797,0.0,8.8
4226,0.0026772022247314453,0.0,8.4
4227,0.0011060237884521484,0.0,8.0
4228,0.0023386478424072266,0.0,7.6000000000000005
4229,0.0023386478424072266,0.0,7.6000000000000005
4230,0.002506256103515625,0.0,7.2
4231,0.0019490718841552734,0.0,6.800000000000001
4232,0.0007152557373046875,0.0,6.0
4233,0.0025119781494140625,0.0,5.6000000000000005
4234,0.00064849853515625,0.0,4.800000000000001
4235,0.002117633819580078,0.0,4.0
4236,0.0006475448608398438,0.0,3.6
4237,0.0016639232635498047,0.0,2.8000000000000003
4238,0.0013725757598876953,0.0,2.0
4239,0.0007207393646240234,0.0,1.2000000000000002
4240,0.0026178359985351562,0.0,0.4
4241,0.002142667770385742,0.0,-0.4
4242,0.0007467269897460938,0.0,-1.2000000000000002
4243,0.0024411678314208984,0.0,-2.0
4244,0.000652313232421875,0.0,-2.8000000000000003
4245,0.0021486282348632812,0.0,-3.6
4246,0.0006277561187744141,0.0,-4.4
4247,0.0021567344665527344,0.0,-4.800000000000001
4248,0.0006263256072998047,0.0,-5.6000000000000005
4249,0.002073049545288086,0.0,-6.0
4250,0.0005970001220703125,0.0,-6.800000000000001
4251,0.002119302749633789,0.0,-7.2
4252,0.0008130073547363281,0.0,-7.6000000000000005
4253,0.0022499561309814453,0.0,-8.0
4254,0.0006766319274902344,0.0,-8.4
4255,0.0021805763244628906,0.0,-8.4
4256,0.0006222724914550781,0.0,-8.8
4257,0.0022966861724853516,0.0,-8.8
4258,0.0006616115570068359,0.0,-8.8
4259,0.002302885055541992,0.0,-8.8
4260,0.0006225109100341797,0.0,-8.4
4261,0.002120494842529297,0.0,-8.4
4262,0.0005943775177001953,0.0,-8.0
4263,0.0011949539184570312,0.0,-7.6000000000000005
4264,0.0008373260498046875,0.0,-7.2
4265,0.0023734569549560547,0.0,-6.800000000000001
4266,0.0007741451263427734,0.0,-6.4
4267,0.002115011215209961,0.0,-5.6000000000000005
4268,0.0022721290588378906,0.0,-5.2
4269,0.0007016658782958984,0.0,-4.4
4270,0.0016551017761230469,0.0,-4.0
4271,0.0006496906280517578,0.0,-3.2
4272,0.002126455307006836,0.0,-2.4000000000000004
4273,0.00070953369140625,0.0,-1.6
4274,0.0022284984588623047,0.0,-0.8
4275,0.0006480216979980469,0.0,0.0
4276,0.001712799072265625,0.0,0.8
4277,0.0007607936859130859,0.0,1.6
4278,0.002584695816040039,0.0,2.0
4279,0.0007216930389404297,0.0,2.8000000000000003
4280,0.0020792484283447266,0.0,3.6
4281,0.0019207000732421875,0.0,4.4
4282,0.0006697177886962891,0.0,4.800000000000001
4283,0.0016558170318603516,0.0,5.6000000000000005
4284,0.0006744861602783203,0.0,6.0
4285,0.0024161338806152344,0.0,6.4
4286,0.0006780624389648438,0.0,7.2
4287,0.0024242401123046875,0.0,7.6000000000000005
4288,0.000621795654296875,0.0,7.6000000000000005
4289,0.0023725032806396484,0.0,8.0
4290,0.0007317066192626953,0.0,8.0
4291,0.002051115036010742,0.0,8.4
4292,0.0006747245788574219,0.0,8.4
4293,0.0022516250610351562,0.0,8.4
4294,0.0009391307830810547,0.0,8.4
4295,0.0025157928466796875,0.0,8.0
4296,0.00080108642578125,0.0,8.0
4297,0.0022580623626708984,0.0,7.6000000000000005
4298,0.0007026195526123047,0.0,7.2
4299,0.002309083938598633,0.0,6.800000000000001
4300,0.0006475448608398438,0.0,6.4
4301,0.0022132396697998047,0.0,6.0
4302,0.0008087158203125,0.0,5.6000000000000005
4303,0.002246856689453125,0.0,4.800000000000001
4304,0.0007069110870361328,0.0,4.4
4305,0.00244903564453125,0.0,3.6
4306,0.0006678104400634766,0.0,2.8000000000000003
4307,0.0020160675048828125,0.0,2.0
4308,0.0006566047668457031,0.0,1.6
4309,0.0022361278533935547,0.0,0.8
4310,0.0006439685821533203,0.0,0.0
4311,0.002354860305786133,0.0,-0.8
4312,0.0006189346313476562,0.0,-1.6
4313,0.0022439956665039062,0.0,-2.0
4314,0.0005881786346435547,0.0,-2.8000000000000003
4315,0.0012867450714111328,0.0,-3.6
4316,0.0007882118225097656,0.0,-4.0
4317,0.0019495487213134766,0.0,-4.800000000000001
4318,0.0006494522094726562,0.0,-5.2
4319,0.0020596981048583984,0.0,-6.0
4320,0.0006394386291503906,0.0,-6.4
4321,0.0025153160095214844,0.0,-6.800000000000001
4322,0.0006194114685058594,0.0,-7.2
4323,0.0016856193542480469,0.0,-7.6000000000000005
4324,0.0021677017211914062,0.0,-7.6000000000000005
4325,0.0006074905395507812,0.0,-8.0
4326,0.002212047576904297,0.0,-8.0
4327,0.0006592273712158203,0.0,-8.0
4328,0.0024259090423583984,0.0,-8.0
4329,0.0006792545318603516,0.0,-8.0
4330,0.002111673355102539,0.0,-7.6000000000000005
4331,0.0023474693298339844,0.0,-7.6000000000000005
4332,0.0006906986236572266,0.0,-7.2
4333,0.001600027084350586,0.0,-6.800000000000001
4334,0.0018334388732910156,0.0,-6.4
4335,0.0007843971252441406,0.0,-6.0
4336,0.002371549606323242,0.0,-5.6000000000000005
4337,0.0006825923919677734,0.0,-5.2
4338,0.00212860107421875,0.0,-4.4
4339,0.0006430149078369141,0.0,-4.0
4340,0.0023179054260253906,0.0,-3.2
4341,0.0007274150848388672,0.0,-2.8000000000000003
4342,0.0024306774139404297,0.0,-2.0
4343,0.0007081031799316406,0.0,-1.2000000000000002
4344,0.002140045166015625,0.0,-0.4
4345,0.000667572021484375,0.0,0.0
4346,0.002233266830444336,0.0,0.8
4347,0.0006504058837890625,0.0,1.6
4348,0.002167224884033203,0.0,2.4000000000000004
4349,0.0006575584411621094,0.0,2.8000000000000003
4350,0.0022132396697998047,0.0,3.6
4351,0.0006175041198730469,0.0,4.0
4352,0.002028226852416992,0.0,4.800000000000001
4353,0.0006117820739746094,0.0,5.2
4354,0.0015377998352050781,0.0,5.6000000000000005
4355,0.0005943775177001953,0.0,6.4
4356,0.0017123222351074219,0.0,6.4
4357,0.0006093978881835938,0.0,6.800000000000001
4358,0.002447366714477539,0.0,7.2
4359,0.0004999637603759766,0.0,7.6000000000000005
4360,0.0021996498107910156,0.0,7.6000000000000005
4361,0.0006775856018066406,0.0,7.6000000000000005
4362,0.0018019676208496094,0.0,7.6000000000000005
4363,0.0006055831909179688,0.0,7.6000000000000005
4364,0.0022237300872802734,0.0,7.6000000000000005
4365,0.0006303787231445312,0.0,7.6000000000000005
4366,0.0017750263214111328,0.0,7.2
4367,0.0006346702575683594,0.0,6.800000000000001
4368,0.002086162567138672,0.0,6.800000000000001
4369,0.0006563663482666016,0.0,6.4
4370,0.0022051334381103516,0.0,6.0
4371,0.0006022453308105469,0.0,5.2
4372,0.0024971961975097656,0.0,4.800000000000001
4373,0.0006055831909179688,0.0,4.4
4374,0.0023148059844970703,0.0,3.6
4375,0.0019006729125976562,0.0,3.2
4376,0.0015091896057128906,0.0,2.4000000000000004
4377,0.0015091896057128906,0.0,2.4000000000000004
4378,0.0029036998748779297,0.0,1.6
4379,0.000659942626953125,0.0,1.2000000000000002
4380,0.0013959407806396484,0.0,0.4
4381,0.0006625652313232422,0.0,-0.4
4382,0.002203226089477539,0.0,-0.8
4383,0.0006039142608642578,0.0,-1.6
4384,0.0021910667419433594,0.0,-2.4000000000000004
4385,0.0005860328674316406,0.0,-2.8000000000000003
4386,0.0009963512420654297,0.0,-3.6
4387,0.0005860328674316406,0.0,-4.0
4388,0.0022079944610595703,0.0,-4.4
4389,0.000579833984375,0.0,-5.2
4390,0.0021691322326660156,0.0,-5.6000000000000005
4391,0.0007219314575195312,0.0,-6.0
4392,0.002515077590942383,0.0,-6.4
4393,0.0006098747253417969,0.0,-6.800000000000001
4394,0.0019106864929199219,0.0,-6.800000000000001
4395,0.0008254051208496094,0.0,-7.2
4396,0.0023686885833740234,0.0,-7.2
4397,0.0007348060607910156,0.0,-7.2
4398,0.0020694732666015625,0.0,-7.2
4399,0.0006616115570068359,0.0,-7.2
4400,0.0022630691528320312,0.0,-7.2
4401,0.0006480216979980469,0.0,-7.2
4402,0.0021462440490722656,0.0,-6.800000000000001
4403,0.00060272216796875,0.0,-6.4
4404,0.002488851547241211,0.0,-6.4
4405,0.0007648468017578125,0.0,-6.0
4406,0.002113819122314453,0.0,-5.6000000000000005
4407,0.0006949901580810547,0.0,-4.800000000000001
4408,0.002480030059814453,0.0,-4.4
4409,0.0006709098815917969,0.0,-4.0
4410,0.002064943313598633,0.0,-3.6
4411,0.0006208419799804688,0.0,-2.8000000000000003
4412,0.0017020702362060547,0.0,-2.0
4413,0.000667572021484375,0.0,-1.6
4414,0.0022687911987304688,0.0,-0.8
4415,0.0006506443023681641,0.0,-0.4
4416,0.0023190975189208984,0.0,0.4
4417,0.0009589195251464844,0.0,1.2000000000000002
4418,0.0026254653930664062,0.0,1.6
4419,0.0006568431854248047,0.0,2.4000000000000004
4420,0.002201557159423828,0.0,2.8000000000000003
4421,0.0006418228149414062,0.0,3.6
4422,0.002458333969116211,0.0,4.0
4423,0.0006577968597412109,0.0,4.4
4424,0.0029840469360351562,0.0,4.800000000000001
4425,0.0006277561187744141,0.0,5.6000000000000005
4426,0.002093076705932617,0.0,5.6000000000000005
4427,0.0005946159362792969,0.0,6.0
4428,0.0014591217041015625,0.0,6.4
4429,0.0006012916564941406,0.0,6.800000000000001
4430,0.002689838409423828,0.0,6.800000000000001
4431,0.0006670951843261719,0.0,6.800000000000001
4432,0.002346038818359375,0.0,7.2
4433,0.0006642341613769531,0.0,7.2
4434,0.0021033287048339844,0.0,7.2
4435,0.0006539821624755859,0.0,6.800000000000001
4436,0.0019137859344482422,0.0,6.800000000000001
4437,0.0006206035614013672,0.0,6.4
4438,0.0019123554229736328,0.0,6.4
4439,0.0005762577056884766,0.0,6.0
4440,0.001607656478881836,0.0,5.6000000000000005
4441,0.0005805492401123047,0.0,5.2
4442,0.001234292984008789,0.0,4.800000000000001
4443,0.0004754066467285156,0.0,4.4
4444,0.0008454322814941406,0.0,3.6
4445,0.0019297599792480469,0.0,3.2
4446,0.0006690025329589844,0.0,2.8000000000000003
4447,0.0019216537475585938,0.0,2.0
4448,0.0006513595581054688,0.0,1.6
4449,0.0015921592712402344,0.0,0.8
4450,0.0006206035614013672,0.0,0.0
4451,0.002412557601928711,0.0,-0.4
4452,0.0006821155548095703,0.0,-1.2000000000000002
4453,0.0015628337860107422,0.0,-1.6
4454,0.0006129741668701172,0.0,-2.4000000000000004
4455,0.0013692378997802734,0.0,-2.8000000000000003
4456,0.0007600784301757812,0.0,-3.2
4457,0.0015263557434082031,0.0,-4.0
4458,0.0006465911865234375,0.0,-4.4
4459,0.0020093917846679688,0.0,-4.800000000000001
4460,0.000598907470703125,0.0,-5.2
4461,0.00188446044921875,0.0,-5.6000000000000005
4462,0.000667572021484375,0.0,-6.0
4463,0.0022351741790771484,0.0,-6.0
4464,0.0006055831909179688,0.0,-6.4
4465,0.0016758441925048828,0.0,-6.4
4466,0.0007040500640869141,0.0,-6.800000000000001
4467,0.002543926239013672,0.0,-6.800000000000001
4468,0.0007665157318115234,0.0,-6.800000000000001
4469,0.002608060836791992,0.0,-6.800000000000001
4470,0.0006630420684814453,0.0,-6.4
4471,0.0021886825561523438,0.0,-6.4
4472,0.0007252693176269531,0.0,-6.0
4473,0.0020897388458251953,0.0,-6.0
4474,0.0006072521209716797,0.0,-5.6000000000000005
4475,0.0020008087158203125,0.0,-5.2
4476,0.0005953311920166016,0.0,-4.800000000000001
4477,0.0020101070404052734,0.0,-4.4
4478,0.0006134510040283203,0.0,-4.0
4479,0.002081155776977539,0.0,-3.6
4480,0.0006883144378662109,0.0,-2.8000000000000003
4481,0.0019381046295166016,0.0,-2.4000000000000004
4482,0.0006756782531738281,0.0,-1.6
4483,0.0020551681518554688,0.0,-1.2000000000000002
4484,0.0006337165832519531,0.0,-0.8
4485,0.0020906925201416016,0.0,0.0
4486,0.0006163120269775391,0.0,0.4
4487,0.0010311603546142578,0.0,1.2000000000000002
4488,0.0006070137023925781,0.0,1.6
4489,0.0018582344055175781,0.0,2.4000000000000004
4490,0.0006010532379150391,0.0,2.8000000000000003
4491,0.001787424087524414,0.0,3.2
4492,0.0006368160247802734,0.0,4.0
4493,0.001135110855102539,0.0,4.4
4494,0.0007016658782958984,0.0,4.800000000000001
4495,0.0024330615997314453,0.0,5.2
4496,0.0006659030914306641,0.0,5.6000000000000005
4497,0.0022020339965820312,0.0,5.6000000000000005
4498,0.0006399154663085938,0.0,6.0
4499,0.002122163772583008,0.0,6.0
4500,0.0006031990051269531,0.0,6.4
4501,0.0019085407257080078,0.0,6.4
4502,0.0006616115570068359,0.0,6.4
4503,0.0016181468963623047,0.0,6.4
4504,0.0006198883056640625,0.0,6.4
4505,0.0016071796417236328,0.0,6.4
4506,0.0007538795471191406,0.0,6.0
4507,0.0018274784088134766,0.0,6.0
4508,0.0006544589996337891,0.0,5.6000000000000005
4509,0.001954317092895508,0.0,5.2
4510,0.0012660026550292969,0.0,4.800000000000001
4511,0.0018804073333740234,0.0,4.4
4512,0.0006411075592041016,0.0,4.0
4513,0.0022830963134765625,0.0,3.6
4514,0.0006356239318847656,0.0,3.2
4515,0.002224445343017578,0.0,2.8000000000000003
4516,0.0006744861602783203,0.0,2.4000000000000004
4517,0.0024008750915527344,0.0,1.6
4518,0.0010135173797607422,0.0,1.2000000000000002
4519,0.0016930103302001953,0.0,0.4
4520,0.0007739067077636719,0.0,0.0
4521,0.002203702926635742,0.0,-0.4
4522,0.0008106231689453125,0.0,-1.2000000000000002
4523,0.0024652481079101562,0.0,-1.6
4524,0.0007135868072509766,0.0,-2.4000000000000004
4525,0.0025217533111572266,0.0,-2.8000000000000003
4526,0.0025217533111572266,0.0,-2.8000000000000003
4527,0.0020112991333007812,0.0,-3.2
4528,0.0006647109985351562,0.0,-3.6
4529,0.0025148391723632812,0.0,-4.0
4530,0.0005848407745361328,0.0,-4.4
4531,0.0015435218811035156,0.0,-4.800000000000001
4532,0.000713348388671875,0.0,-5.2
4533,0.002173900604248047,0.0,-5.6000000000000005
4534,0.0006396770477294922,0.0,-5.6000000000000005
4535,0.002077341079711914,0.0,-6.0
4536,0.00060272216796875,0.0,-6.0
4537,0.0027098655700683594,0.0,-6.0
4538,0.000804901123046875,0.0,-6.0
4539,0.0023009777069091797,0.0,-6.0
4540,0.0007085800170898438,0.0,-6.0
4541,0.002219676971435547,0.0,-6.0
4542,0.0006487369537353516,0.0,-5.6000000000000005
4543,0.0023572444915771484,0.0,-5.6000000000000005
4544,0.000732421875,0.0,-5.2
4545,0.002595186233520508,0.0,-4.800000000000001
4546,0.0006372928619384766,0.0,-4.800000000000001
4547,0.0020797252655029297,0.0,-4.4
4548,0.0006394386291503906,0.0,-4.0
4549,0.002200603485107422,0.0,-3.6
4550,0.0006172657012939453,0.0,-2.8000000000000003
4551,0.002366304397583008,0.0,-2.4000000000000004
4552,0.0006031990051269531,0.0,-2.0
4553,0.0020437240600585938,0.0,-1.6
4554,0.0005652904510498047,0.0,-0.8
4555,0.002306699752807617,0.0,-0.4
4556,0.0005695819854736328,0.0,0.0
4557,0.0014619827270507812,0.0,0.8
4558,0.0005900859832763672,0.0,1.2000000000000002
4559,0.002117156982421875,0.0,1.6
4560,0.0005815029144287109,0.0,2.4000000000000004
4561,0.0025517940521240234,0.0,2.8000000000000003
4562,0.0006730556488037109,0.0,3.2
4563,0.0022394657135009766,0.0,3.6
4564,0.0005917549133300781,0.0,4.0
4565,0.0019190311431884766,0.0,4.4
4566,0.0006024837493896484,0.0,4.800000000000001
4567,0.0021102428436279297,0.0,5.2
4568,0.0005776882171630859,0.0,5.2
4569,0.002347230911254883,0.0,5.6000000000000005
4570,0.0005960464477539062,0.0,5.6000000000000005
4571,0.0019104480743408203,0.0,5.6000000000000005
4572,0.0005972385406494141,0.0,6.0
4573,0.0020072460174560547,0.0,6.0
4574,0.0006222724914550781,0.0,6.0
4575,0.00197601318359375,0.0,5.6000000000000005
4576,0.0006072521209716797,0.0,5.6000000000000005
4577,0.002187490463256836,0.0,5.6000000000000005
4578,0.00049591064453125,0.0,5.2
4579,0.002041339874267578,0.0,5.2
4580,0.0005724430084228516,0.0,4.800000000000001
4581,0.0024137496948242188,0.0,4.4
4582,0.0006709098815917969,0.0,4.0
4583,0.0016586780548095703,0.0,3.6
4584,0.0006091594696044922,0.0,3.2
4585,0.0005934238433837891,0.0,2.8000000000000003
4586,0.0006256103515625,0.0,2.4000000000000004
4587,0.0006954669952392578,0.0,2.0
4588,0.002651691436767578,0.0,1.2000000000000002
4589,0.0006220340728759766,0.0,0.8
4590,0.001989126205444336,0.0,0.4
4591,0.0005884170532226562,0.0,-0.4
4592,0.0019459724426269531,0.0,-0.8
4593,0.0005822181701660156,0.0,-1.2000000000000002
4594,0.0016036033630371094,0.0,-1.6
4595,0.0004813671112060547,0.0,-2.4000000000000004
4596,0.0015015602111816406,0.0,-2.8000000000000003
4597,0.0007550716400146484,0.0,-3.2
4598,0.0017313957214355469,0.0,-3.6
4599,0.000640869140625,0.0,-4.0
4600,0.002361774444580078,0.0,-4.4
4601,0.0006108283996582031,0.0,-4.4
4602,0.0007729530334472656,0.0,-4.800000000000001
4603,0.0020682811737060547,0.0,-5.2
4604,0.0006010532379150391,0.0,-5.2
4605,0.002399921417236328,0.0,-5.2
4606,0.0005817413330078125,0.0,-5.6000000000000005
4607,0.0021791458129882812,0.0,-5.6000000000000005
4608,0.0006527900695800781,0.0,-5.6000000000000005
4609,0.0024459362030029297,0.0,-5.6000000000000005
4610,0.0006165504455566406,0.0,-5.6000000000000005
4611,0.0028328895568847656,0.0,-5.2
4612,0.0006451606750488281,0.0,-5.2
4613,0.0019443035125732422,0.0,-4.800000000000001
4614,0.0006108283996582031,0.0,-4.800000000000001
4615,0.0029573440551757812,0.0,-4.4
4616,0.0006349086761474609,0.0,-4.0
4617,0.002176523208618164,0.0,-3.6
4618,0.0006606578826904297,0.0,-3.2
4619,0.001691579818725586,0.0,-2.8000000000000003
4620,0.0006351470947265625,0.0,-2.4000000000000004
4621,0.0013964176177978516,0.0,-2.0
4622,0.0006275177001953125,0.0,-1.6
4623,0.0023033618927001953,0.0,-1.2000000000000002
4624,0.0006127357482910156,0.0,-0.8
4625,0.0024785995483398438,0.0,0.0
4626,0.0005996227264404297,0.0,0.4
4627,0.0021924972534179688,0.0,0.8
4628,0.0006098747253417969,0.0,1.2000000000000002
4629,0.002245187759399414,0.0,2.0
4630,0.0005793571472167969,0.0,2.4000000000000004
4631,0.0022923946380615234,0.0,2.8000000000000003
4632,0.0005960464477539062,0.0,3.2
4633,0.0011391639709472656,0.0,3.6
4634,0.0007081031799316406,0.0,4.0
4635,0.0005464553833007812,0.0,4.0
4636,0.0006251335144042969,0.0,4.4
4637,0.0005819797515869141,0.0,4.800000000000001
4638,0.0020554065704345703,0.0,4.800000000000001
4639,0.0006189346313476562,0.0,5.2
4640,0.0004894733428955078,0.0,5.2
4641,0.0006258487701416016,0.0,5.2
4642,0.0026221275329589844,0.0,5.2
4643,0.0006248950958251953,0.0,5.2
4644,0.002172231674194336,0.0,5.2
4645,0.0005738735198974609,0.0,5.2
4646,0.002056121826171875,0.0,5.2
4647,0.0008246898651123047,0.0,4.800000000000001
4648,0.0023021697998046875,0.0,4.800000000000001
4649,0.0006659030914306641,0.0,4.4
4650,0.0017244815826416016,0.0,4.0
4651,0.0007340908050537109,0.0,4.0
4652,0.0025475025177001953,0.0,3.6
4653,0.0006771087646484375,0.0,3.2
4654,0.0022363662719726562,0.0,2.8000000000000003
4655,0.0006196498870849609,0.0,2.4000000000000004
4656,0.0023343563079833984,0.0,2.0
4657,0.0008802413940429688,0.0,1.6
4658,0.002072572708129883,0.0,0.8
4659,0.0009217262268066406,0.0,0.4
4660,0.002498149871826172,0.0,0.0
4661,0.0007648468017578125,0.0,-0.4
4662,0.0020389556884765625,0.0,-0.8
4663,0.0007185935974121094,0.0,-1.2000000000000002
4664,0.002128124237060547,0.0,-1.6
4665,0.0007658004760742188,0.0,-2.4000000000000004
4666,0.0022068023681640625,0.0,-2.8000000000000003
4667,0.0006673336029052734,0.0,-2.8000000000000003
4668,0.0027358531951904297,0.0,-3.2
4669,0.0007162094116210938,0.0,-3.6
4670,0.0015642642974853516,0.0,-4.0
4671,0.0007481575012207031,0.0,-4.4
4672,0.0021932125091552734,0.0,-4.4
4673,0.0009024143218994141,0.0,-4.800000000000001
4674,0.002313852310180664,0.0,-4.800000000000001
4675,0.002313852310180664,0.0,-4.800000000000001
4676,0.0020732879638671875,0.0,-4.800000000000001
4677,0.0006592273712158203,0.0,-4.800000000000001
4678,0.002343893051147461,0.0,-5.2
4679,0.0006299018859863281,0.0,-5.2
4680,0.002305269241333008,0.0,-4.800000000000001
4681,0.0006072521209716797,0.0,-4.800000000000001
4682,0.002167224884033203,0.0,-4.800000000000001
4683,0.0005776882171630859,0.0,-4.4
4684,0.002496957778930664,0.0,-4.4
4685,0.0008282661437988281,0.0,-4.0
4686,0.002001047134399414,0.0,-4.0
4687,0.000705718994140625,0.0,-3.6
4688,0.0025353431701660156,0.0,-3.2
4689,0.00281524658203125,0.0,-2.8000000000000003
4690,0.0006422996520996094,0.0,-2.4000000000000004
4691,0.002381563186645508,0.0,-2.0
4692,0.0006239414215087891,0.0,-1.6
4693,0.001672506332397461,0.0,-1.2000000000000002
4694,0.0006735324859619141,0.0,-0.8
4695,0.0021369457244873047,0.0,-0.4
4696,0.0006768703460693359,0.0,0.0
4697,0.002121448516845703,0.0,0.4
4698,0.0008230209350585938,0.0,0.8
4699,0.0022935867309570312,0.0,1.6
4700,0.0006644725799560547,0.0,2.0
4701,0.0024352073669433594,0.0,2.4000000000000004
4702,0.0006630420684814453,0.0,2.4000000000000004
4703,0.002097606658935547,0.0,2.8000000000000003
4704,0.002355813980102539,0.0,3.2
4705,0.0006372928619384766,0.0,3.6
4706,0.002166271209716797,0.0,4.0
4707,0.0006842613220214844,0.0,4.0
4708,0.002173185348510742,0.0,4.4
4709,0.0007832050323486328,0.0,4.4
4710,0.0021584033966064453,0.0,4.800000000000001
4711,0.0007741451263427734,0.0,4.800000000000001
4712,0.0025730133056640625,0.0,4.800000000000001
4713,0.0006706714630126953,0.0,4.800000000000001
4714,0.002184152603149414,0.0,4.800000000000001
4715,0.0004799365997314453,0.0,4.800000000000001
4716,0.001909494400024414,0.0,4.800000000000001
4717,0.0006821155548095703,0.0,4.4
4718,0.0021195411682128906,0.0,4.4
4719,0.0006098747253417969,0.0,4.0
4720,0.002119302749633789,0.0,4.0
4721,0.0006091594696044922,0.0,3.6
4722,0.0025472640991210938,0.0,3.2
4723,0.0007746219635009766,0.0,2.8000000000000003
4724,0.0023148059844970703,0.0,2.8000000000000003
4725,0.0015277862548828125,0.0,2.4000000000000004
4726,0.00243377685546875,0.0,2.0
4727,0.001901865005493164,0.0,1.6
4728,0.0009343624114990234,0.0,1.2000000000000002
4729,0.0011782646179199219,0.0,0.8
4730,0.0007679462432861328,0.0,0.4
4731,0.002084970474243164,0.0,0.0
4732,0.0007321834564208984,0.0,-0.4
4733,0.0021491050720214844,0.0,-0.8
4734,0.0007605552673339844,0.0,-1.2000000000000002
4735,0.001528024673461914,0.0,-1.6
4736,0.0008177757263183594,0.0,-2.0
4737,0.002678394317626953,0.0,-2.4000000000000004
4738,0.001965045928955078,0.0,-2.8000000000000003
4739,0.0021560192108154297,0.0,-3.2
4740,0.0008494853973388672,0.0,-3.6
4741,0.002330303192138672,0.0,-3.6
4742,0.001653432846069336,0.0,-4.0
4743,0.0008509159088134766,0.0,-4.0
4744,0.002130746841430664,0.0,-4.4
4745,0.0006754398345947266,0.0,-4.4
4746,0.0022847652435302734,0.0,-4.4
4747,0.0007879734039306641,0.0,-4.4
4748,0.0022745132446289062,0.0,-4.4
4749,0.0007431507110595703,0.0,-4.4
4750,0.00206756591796875,0.0,-4.4
4751,0.002208232879638672,0.0,-4.4
4752,0.0006954669952392578,0.0,-4.0
4753,0.002192974090576172,0.0,-4.0
4754,0.002246856689453125,0.0,-3.6
4755,0.0006628036499023438,0.0,-3.6
4756,0.002513408660888672,0.0,-3.2
4757,0.0007171630859375,0.0,-3.2
4758,0.0015375614166259766,0.0,-2.8000000000000003
4759,0.0006275177001953125,0.0,-2.4000000000000004
4760,0.0024068355560302734,0.0,-2.0
4761,0.0007476806640625,0.0,-1.6
4762,0.002107381820678711,0.0,-1.2000000000000002
4763,0.0007417201995849609,0.0,-0.8
4764,0.001798391342163086,0.0,-0.4
4765,0.0010466575622558594,0.0,0.0
4766,0.0023925304412841797,0.0,0.4
4767,0.0008149147033691406,0.0,0.8
4768,0.0021293163299560547,0.0,1.2000000000000002
4769,0.0007472038269042969,0.0,1.6
4770,0.002288341522216797,0.0,2.0
4771,0.0007579326629638672,0.0,2.0
4772,0.0023000240325927734,0.0,2.4000000000000004
4773,0.0008046627044677734,0.0,2.8000000000000003
4774,0.0017855167388916016,0.0,3.2
4775,0.0007390975952148438,0.0,3.2
4776,0.002071857452392578,0.0,3.6
4777,0.0006875991821289062,0.0,3.6
4778,0.0022466182708740234,0.0,4.0
4779,0.0006725788116455078,0.0,4.0
4780,0.002286672592163086,0.0,4.0
4781,0.0006377696990966797,0.0,4.4
4782,0.002206087112426758,0.0,4.4
4783,0.0005991458892822266,0.0,4.4
4784,0.0021550655364990234,0.0,4.4
4785,0.002349853515625,0.0,4.0
4786,0.0006096363067626953,0.0,4.0
4787,0.0023200511932373047,0.0,4.0
4788,0.0021619796752929688,0.0,3.6
4789,0.0023865699768066406,0.0,3.6
4790,0.0008213520050048828,0.0,3.2
4791,0.0021224021911621094,0.0,3.2
4792,0.0024917125701904297,0.0,2.8000000000000003
4793,0.0007956027984619141,0.0,2.4000000000000004
4794,0.001978158950805664,0.0,2.4000000000000004
4795,0.0007150173187255859,0.0,2.0
4796,0.002103090286254883,0.0,1.6
4797,0.0006434917449951172,0.0,1.2000000000000002
4798,0.002298593521118164,0.0,0.8
4799,0.0006592273712158203,0.0,0.4
4800,0.0022826194763183594,0.0,0.0
4801,0.0006291866302490234,0.0,-0.4
4802,0.0023941993713378906,0.0,-0.8
4803,0.0005998611450195312,0.0,-1.2000000000000002
4804,0.002203702926635742,0.0,-1.6
4805,0.0005922317504882812,0.0,-1.6
4806,0.0017135143280029297,0.0,-2.0
4807,0.0005965232849121094,0.0,-2.4000000000000004
4808,0.001688241958618164,0.0,-2.8000000000000003
4809,0.0006260871887207031,0.0,-2.8000000000000003
4810,0.0021300315856933594,0.0,-3.2
4811,0.0008234977722167969,0.0,-3.2
4812,0.002121448516845703,0.0,-3.6
4813,0.0006601810455322266,0.0,-3.6
4814,0.0021750926971435547,0.0,-4.0
4815,0.00060272216796875,0.0,-4.0
4816,0.0025687217712402344,0.0,-4.0
4817,0.0007579326629638672,0.0,-4.0
4818,0.0013399124145507812,0.0,-4.0
4819,0.0006570816040039062,0.0,-4.0
4820,0.002412557601928711,0.0,-4.0
4821,0.002412557601928711,0.0,-4.0
4822,0.0019943714141845703,0.0,-3.6
4823,0.0008666515350341797,0.0,-3.6
4824,0.0012979507446289062,0.0,-3.6
4825,0.0007190704345703125,0.0,-3.2
4826,0.002132892608642578,0.0,-3.2
4827,0.0006613731384277344,0.0,-2.8000000000000003
4828,0.002054452896118164,0.0,-2.4000000000000004
4829,0.0006229877471923828,0.0,-2.4000000000000004
4830,0.0014119148254394531,0.0,-2.0
4831,0.0006463527679443359,0.0,-1.6
4832,0.0021872520446777344,0.0,-1.2000000000000002
4833,0.0006153583526611328,0.0,-0.8
4834,0.002427339553833008,0.0,-0.8
4835,0.0006053447723388672,0.0,-0.4
4836,0.002253293991088867,0.0,0.0
4837,0.0011949539184570312,0.0,0.4
4838,0.0005033016204833984,0.0,0.8
4839,0.002415895462036133,0.0,1.2000000000000002
4840,0.0021500587463378906,0.0,1.6
4841,0.0006661415100097656,0.0,1.6
4842,0.002268552780151367,0.0,2.0
4843,0.0005807876586914062,0.0,2.4000000000000004
4844,0.002088308334350586,0.0,2.8000000000000003
4845,0.0005776882171630859,0.0,2.8000000000000003
4846,0.0021066665649414062,0.0,3.2
4847,0.0006561279296875,0.0,3.2
4848,0.0016613006591796875,0.0,3.6
4849,0.002128124237060547,0.0,3.6
4850,0.000675201416015625,0.0,3.6
4851,0.002663135528564453,0.0,3.6
4852,0.0006501674652099609,0.0,3.6
4853,0.002197742462158203,0.0,3.6
4854,0.0005807876586914062,0.0,3.6
4855,0.001913309097290039,0.0,3.6
4856,0.002442598342895508,0.0,3.6
4857,0.0006437301635742188,0.0,3.6
4858,0.0019936561584472656,0.0,3.6
4859,0.0006020069122314453,0.0,3.2
4860,0.0021648406982421875,0.0,3.2
4861,0.00055694580078125,0.0,2.8000000000000003
4862,0.0029535293579101562,0.0,2.8000000000000003
4863,0.0007433891296386719,0.0,2.4000000000000004
4864,0.0023260116577148438,0.0,2.0
4865,0.0006875991821289062,0.0,2.0
4866,0.0023398399353027344,0.0,1.6
4867,0.0006678104400634766,0.0,1.2000000000000002
4868,0.0021355152130126953,0.0,0.8
4869,0.00063323974609375,0.0,0.4
4870,0.0023429393768310547,0.0,0.4
4871,0.0006201267242431641,0.0,0.0
4872,0.0022208690643310547,0.0,-0.4
4873,0.0005934238433837891,0.0,-0.8
4874,0.0020656585693359375,0.0,-1.2000000000000002
4875,0.0006809234619140625,0.0,-1.6
4876,0.002343893051147461,0.0,-1.6
4877,0.0006928443908691406,0.0,-2.0
4878,0.002405881881713867,0.0,-2.4000000000000004
4879,0.0006246566772460938,0.0,-2.4000000000000004
4880,0.002104043960571289,0.0,-2.8000000000000003
4881,0.0006501674652099609,0.0,-2.8000000000000003
4882,0.0022323131561279297,0.0,-3.2
4883,0.0006554126739501953,0.0,-3.2
4884,0.0021550655364990234,0.0,-3.2
4885,0.0006520748138427734,0.0,-3.6
4886,0.0023262500762939453,0.0,-3.6
4887,0.0005986690521240234,0.0,-3.6
4888,0.0012271404266357422,0.0,-3.6
4889,0.0007076263427734375,0.0,-3.6
4890,0.0022242069244384766,0.0,-3.6
4891,0.0006194114685058594,0.0,-3.2
4892,0.002275705337524414,0.0,-3.2
4893,0.0019347667694091797,0.0,-3.2
4894,0.0007159709930419922,0.0,-2.8000000000000003
4895,0.0016505718231201172,0.0,-2.8000000000000003
4896,0.0006589889526367188,0.0,-2.4000000000000004
4897,0.0023245811462402344,0.0,-2.4000000000000004
4898,0.0006883144378662109,0.0,-2.0
4899,0.0020852088928222656,0.0,-2.0
4900,0.0026731491088867188,0.0,-1.6
4901,0.0007414817810058594,0.0,-1.2000000000000002
4902,0.0015249252319335938,0.0,-0.8
4903,0.00067138671875,0.0,-0.8
4904,0.0017192363739013672,0.0,-0.4
4905,0.0006299018859863281,0.0,0.0
4906,0.0016696453094482422,0.0,0.4
4907,0.0005958080291748047,0.0,0.4
4908,0.0020542144775390625,0.0,0.8
4909,0.0006730556488037109,0.0,1.2000000000000002
4910,0.0020318031311035156,0.0,1.6
4911,0.0006656646728515625,0.0,1.6
4912,0.001641988754272461,0.0,2.0
4913,0.0007798671722412109,0.0,2.4000000000000004
4914,0.0022284984588623047,0.0,2.4000000000000004
4915,0.0007331371307373047,0.0,2.8000000000000003
4916,0.0023660659790039062,0.0,2.8000000000000003
4917,0.0009026527404785156,0.0,2.8000000000000003
4918,0.002146482467651367,0.0,3.2
4919,0.0007348060607910156,0.0,3.2
4920,0.0021157264709472656,0.0,3.2
4921,0.0007891654968261719,0.0,3.2
4922,0.002369403839111328,0.0,3.2
4923,0.00045108795166015625,0.0,3.2
4924,0.0004088878631591797,0.0,3.2
4925,0.0005614757537841797,0.0,3.2
4926,0.0024840831756591797,0.0,3.2
4927,0.0011527538299560547,0.0,3.2
4928,0.002164602279663086,0.0,2.8000000000000003
4929,0.0007326602935791016,0.0,2.8000000000000003
4930,0.0014004707336425781,0.0,2.4000000000000004
4931,0.0006477832794189453,0.0,2.4000000000000004
4932,0.002606630325317383,0.0,2.0
4933,0.000667572021484375,0.0,2.0
4934,0.0021514892578125,0.0,1.6
4935,0.0005950927734375,0.0,1.6
4936,0.002187967300415039,0.0,1.2000000000000002
4937,0.0006661415100097656,0.0,0.8
4938,0.0028159618377685547,0.0,0.4
4939,0.0007996559143066406,0.0,0.4
4940,0.0021643638610839844,0.0,0.0
4941,0.0007534027099609375,0.0,-0.4
4942,0.002187013626098633,0.0,-0.4
4943,0.0007233619689941406,0.0,-0.8
4944,0.002197742462158203,0.0,-1.2000000000000002
4945,0.002283334732055664,0.0,-1.2000000000000002
4946,0.0007510185241699219,0.0,-1.6
4947,0.0024704933166503906,0.0,-2.0
4948,0.0006549358367919922,0.0,-2.0
4949,0.002448558807373047,0.0,-2.4000000000000004
4950,0.0005848407745361328,0.0,-2.4000000000000004
4951,0.002864837646484375,0.0,-2.8000000000000003
4952,0.0009229183197021484,0.0,-2.8000000000000003
4953,0.0023550987243652344,0.0,-2.8000000000000003
4954,0.0007023811340332031,0.0,-2.8000000000000003
4955,0.002488851547241211,0.0,-3.2
4956,0.0006282329559326172,0.0,-3.2
4957,0.002313852310180664,0.0,-3.2
4958,0.0006592273712158203,0.0,-3.2
4959,0.002115011215209961,0.0,-3.2
4960,0.0006105899810791016,0.0,-2.8000000000000003
4961,0.002381563186645508,0.0,-2.8000000000000003
4962,0.0006546974182128906,0.0,-2.8000000000000003
4963,0.002085447311401367,0.0,-2.8000000000000003
4964,0.0007798671722412109,0.0,-2.4000000000000004
4965,0.0016617774963378906,0.0,-2.4000000000000004
4966,0.0007071495056152344,0.0,-2.0
4967,0.0026988983154296875,0.0,-2.0
4968,0.0006861686706542969,0.0,-1.6
4969,0.0021419525146484375,0.0,-1.6
4970,0.00067901611328125,0.0,-1.2000000000000002
4971,0.002286195755004883,0.0,-0.8
4972,0.002286195755004883,0.0,-0.8
4973,0.0021746158599853516,0.0,-0.8
4974,0.0006093978881835938,0.0,-0.4
4975,0.002190113067626953,0.0,0.0
4976,0.0005865097045898438,0.0,0.0
4977,0.0025167465209960938,0.0,0.4
4978,0.0021338462829589844,0.0,0.8
4979,0.0007691383361816406,0.0,0.8
4980,0.0016551017761230469,0.0,1.2000000000000002
4981,0.0006937980651855469,0.0,1.2000000000000002
4982,0.0016274452209472656,0.0,1.6
4983,0.0006628036499023438,0.0,2.0
4984,0.0020656585693359375,0.0,2.0
4985,0.0006084442138671875,0.0,2.4000000000000004
4986,0.0022492408752441406,0.0,2.4000000000000004
4987,0.0006606578826904297,0.0,2.4000000000000004
4988,0.002566814422607422,0.0,2.8000000000000003
4989,0.0007462501525878906,0.0,2.8000000000000003
4990,0.0015990734100341797,0.0,2.8000000000000003
4991,0.0006697177886962891,0.0,2.8000000000000003
4992,0.002050161361694336,0.0,2.8000000000000003
4993,0.0006959438323974609,0.0,2.8000000000000003
4994,0.0021500587463378906,0.0,2.8000000000000003
4995,0.0006015300750732422,0.0,2.8000000000000003
4996,0.0020570755004882812,0.0,2.8000000000000003
4997,0.00066375732421875,0.0,2.8000000000000003
4998,0.0005869865417480469,0.0,2.4000000000000004
4999,0.002248525619506836,0.0,2.4000000000000004
5000,0.0006427764892578125,0.0,2.4000000000000004
5001,0.002207040786743164,0.0,2.0
5002,0.0009362697601318359,0.0,2.0
5003,0.002074003219604492,0.0,1.6
5004,0.0020918846130371094,0.0,1.6
5005,0.0007531642913818359,0.0,1.2000000000000002
5006,0.002079010009765625,0.0,1.2000000000000002
5007,0.0007157325744628906,0.0,0.8
5008,0.0026192665100097656,0.0,0.8
5009,0.0006396770477294922,0.0,0.4
5010,0.0021753311157226562,0.0,0.0
5011,0.0006079673767089844,0.0,0.0
5012,0.002569437026977539,0.0,-0.4
5013,0.0006110668182373047,0.0,-0.8
5014,0.0022330284118652344,0.0,-0.8
5015,0.0008041858673095703,0.0,-1.2000000000000002
5016,0.002000570297241211,0.0,-1.2000000000000002
5017,0.000766754150390625,0.0,-1.6
5018,0.0028297901153564453,0.0,-1.6
5019,0.0006639957427978516,0.0,-2.0
5020,0.002442598342895508,0.0,-2.0
5021,0.00063323974609375,0.0,-2.4000000000000004
5022,0.002192974090576172,0.0,-2.4000000000000004
5023,0.0006375312805175781,0.0,-2.4000000000000004
5024,0.002171754837036133,0.0,-2.4000000000000004
5025,0.0006177425384521484,0.0,-2.4000000000000004
5026,0.0021317005157470703,0.0,-2.8000000000000003
5027,0.0007009506225585938,0.0,-2.8000000000000003
5028,0.002167224884033203,0.0,-2.8000000000000003
5029,0.0006608963012695312,0.0,-2.8000000000000003
5030,0.002737283706665039,0.0,-2.4000000000000004
5031,0.0006396770477294922,0.0,-2.4000000000000004
5032,0.0027313232421875,0.0,-2.4000000000000004
5033,0.0006093978881835938,0.0,-2.4000000000000004
5034,0.002140045166015625,0.0,-2.0
5035,0.0005841255187988281,0.0,-2.0
5036,0.0016837120056152344,0.0,-2.0
5037,0.0006389617919921875,0.0,-1.6
5038,0.0017347335815429688,0.0,-1.6
5039,0.0006356239318847656,0.0,-1.2000000000000002
5040,0.0022780895233154297,0.0,-1.2000000000000002
5041,0.0007228851318359375,0.0,-0.8
5042,0.0026624202728271484,0.0,-0.8
5043,0.0007138252258300781,0.0,-0.4
5044,0.0021677017211914062,0.0,-0.4
5045,0.000621795654296875,0.0,0.0
5046,0.002276182174682617,0.0,0.4
5047,0.0020377635955810547,0.0,0.4
5048,0.0006566047668457031,0.0,0.8
5049,0.002217531204223633,0.0,0.8
5050,0.0006022453308105469,0.0,1.2000000000000002
5051,0.0023577213287353516,0.0,1.2000000000000002
5052,0.0023093223571777344,0.0,1.6
5053,0.0020225048065185547,0.0,1.6
5054,0.0007033348083496094,0.0,2.0
5055,0.0021331310272216797,0.0,2.0
5056,0.0006585121154785156,0.0,2.0
5057,0.002531766891479492,0.0,2.4000000000000004
5058,0.000621795654296875,0.0,2.4000000000000004
5059,0.002503633499145508,0.0,2.4000000000000004
5060,0.0013267993927001953,0.0,2.4000000000000004
5061,0.0005965232849121094,0.0,2.4000000000000004
5062,0.0016794204711914062,0.0,2.4000000000000004
5063,0.0006244182586669922,0.0,2.4000000000000004
5064,0.00223541259765625,0.0,2.4000000000000004
5065,0.0007748603820800781,0.0,2.4000000000000004
5066,0.0022270679473876953,0.0,2.4000000000000004
5067,0.0007083415985107422,0.0,2.4000000000000004
5068,0.0021910667419433594,0.0,2.0
5069,0.0007228851318359375,0.0,2.0
5070,0.0005247592926025391,0.0,2.0
5071,0.0004940032958984375,0.0,1.6
5072,0.0011179447174072266,0.0,1.6
5073,0.0005612373352050781,0.0,1.2000000000000002
5074,0.002035379409790039,0.0,1.2000000000000002
5075,0.0007627010345458984,0.0,1.2000000000000002
5076,0.002428293228149414,0.0,0.8
5077,0.0008521080017089844,0.0,0.4
5078,0.002307415008544922,0.0,0.4
5079,0.0009071826934814453,0.0,0.0
5080,0.0020782947540283203,0.0,0.0
5081,0.0007207393646240234,0.0,-0.4
5082,0.002285003662109375,0.0,-0.4
5083,0.0006577968597412109,0.0,-0.8
5084,0.0020325183868408203,0.0,-0.8
5085,0.0006086826324462891,0.0,-1.2000000000000002
5086,0.002735614776611328,0.0,-1.2000000000000002
5087,0.0006356239318847656,0.0,-1.2000000000000002
